FileType=PCF,,,,,,,,,
NHL=14,,,,,,,,,
Date=7/16/2025,3:24 PM,,,,,,,,
Facility=APL,,,,,,,,,
Serial=1250069-2,,,,,,,,,
Customer=Carleton University,,,,,,,,,
NP=5,,,,,,,,,
Mach=0.059000,,,,,,,,,
Calibration=1:1,,,,,,,,,
CalPts=2074,,,,,,,,,
TstPts=302,,,,,,,,,
PortNumbering=AP Standard,,,,,,,,,
Units=Torr C m/s kg/m^3 deg mm,,,,,,,,,
Theta[deg],Phi[deg],P1[Torr],P2[Torr],P3[Torr],P4[Torr],P5[Torr],Pt[Torr],"Ps[Abs,Torr]",To[C]
0,0,1.643708,0.944884,1.014799,1.081604,0.92952,1.639848,706.63454,33.767038
2.293663,128.81651,1.636197,0.858254,1.073785,1.152487,0.835718,1.637201,706.63284,33.768285
2.292658,77.400017,1.637479,0.948515,0.981205,1.181903,0.816594,1.638577,706.63462,33.749617
2.286622,25.573789,1.641662,1.029348,0.916208,1.133815,0.87948,1.639605,706.63955,33.721239
2.292046,-25.855498,1.639903,1.036858,0.919645,1.04423,0.967639,1.637146,706.63257,33.75037
2.304858,-77.467765,1.646902,0.969378,0.994845,0.984528,1.02978,1.64196,706.62998,33.745151
2.303416,-128.62171,1.643047,0.882405,1.083894,0.995545,1.009186,1.63967,706.63311,33.781604
2.3,-180,1.636853,0.829489,1.116623,1.069166,0.918329,1.63665,706.62927,33.795313
4.6,-180,1.634608,0.709499,1.220092,1.051919,0.907942,1.64042,706.62789,33.779397
4.606553,-152.22899,1.638656,0.74498,1.198658,0.95759,1.014496,1.638895,706.62549,33.75751
4.61033,-124.54669,1.648457,0.827855,1.136895,0.900129,1.100693,1.645611,706.6218,33.783681
4.609377,-97.016987,1.651199,0.927593,1.042948,0.881705,1.138996,1.647563,706.62104,33.768051
4.60796,-69.330075,1.64723,1.026616,0.938491,0.901773,1.121064,1.640991,706.61935,33.756731
4.602614,-41.650414,1.647776,1.105288,0.865293,0.959145,1.061849,1.642834,706.61272,33.753485
4.598811,-13.970424,1.64269,1.147694,0.808552,1.042477,0.965116,1.639814,706.61225,33.761223
4.595809,13.819521,1.637986,1.136105,0.801637,1.14068,0.859327,1.639506,706.61033,33.770206
4.594316,41.534183,1.632576,1.077004,0.834446,1.222874,0.765947,1.640161,706.60677,33.751538
4.596266,69.275191,1.620551,0.979337,0.909308,1.265001,0.704954,1.632159,706.60987,33.794534
4.596971,97.035979,1.623884,0.876231,1.012474,1.272423,0.691681,1.639267,706.60784,33.782149
4.60004,124.63479,1.622115,0.782761,1.109903,1.22958,0.723715,1.636401,706.60748,33.787887
4.600742,152.36643,1.621757,0.720258,1.18321,1.145935,0.800321,1.633758,706.60463,33.823198
6.900451,161.05535,1.610397,0.589653,1.281975,1.123374,0.777799,1.636938,706.60694,33.846202
6.907277,142.16171,1.598893,0.629148,1.222278,1.214678,0.680818,1.632248,706.6106,33.817771
6.895864,123.25433,1.592753,0.696614,1.138291,1.285924,0.612612,1.630604,706.60598,33.869699
6.899241,104.29794,1.600661,0.792458,1.043152,1.341513,0.575754,1.638453,706.61008,33.892547
6.897863,85.311239,1.603021,0.898738,0.934458,1.361029,0.564965,1.638592,706.60755,33.884342
6.888262,66.305709,1.609692,1.011535,0.835951,1.347697,0.593497,1.641751,706.60919,33.913863
6.896693,47.395308,1.614729,1.109177,0.755362,1.299777,0.651054,1.639168,706.6039,33.912591
6.893561,28.36667,1.618569,1.184114,0.702455,1.222889,0.735259,1.63587,706.61563,33.902621
6.894043,9.452046,1.632219,1.237026,0.680092,1.136165,0.839369,1.642784,706.60252,33.896805
6.896107,-9.553996,1.63654,1.247929,0.685934,1.030644,0.950616,1.64034,706.61701,33.914616
6.899509,-28.457568,1.63891,1.220241,0.724629,0.935084,1.054115,1.639511,706.61977,33.896987
6.905899,-47.465172,1.640807,1.161051,0.786939,0.857614,1.142274,1.638463,706.62256,33.882083
6.89971,-66.347221,1.646107,1.076373,0.87266,0.798841,1.207281,1.643226,706.61773,33.903244
6.910321,-85.31967,1.642789,0.968951,0.972656,0.764666,1.233077,1.641011,706.61507,33.923547
6.911354,-104.27247,1.648452,0.8643,1.082101,0.762698,1.228204,1.647568,706.60882,33.911916
6.906321,-123.19774,1.647126,0.761571,1.181869,0.791549,1.182609,1.648288,706.60561,33.923002
6.914952,-142.08031,1.635974,0.672527,1.252514,0.843874,1.10114,1.643072,706.60398,33.908722
6.904519,-160.95772,1.629238,0.613302,1.297557,0.924215,1.000374,1.642054,706.60116,33.937853
6.9,-180,1.621504,0.583762,1.311028,1.021385,0.889022,1.643296,706.59809,33.927027
9.2,-180,1.591457,0.456504,1.386685,0.982457,0.862124,1.636784,706.59169,33.963064
9.208111,-166.13286,1.6084,0.481003,1.385036,0.890522,0.972974,1.644786,706.58746,33.929623
9.213822,-152.29732,1.608887,0.524487,1.347235,0.801732,1.072995,1.636769,706.57855,33.90919
9.206163,-138.43529,1.61984,0.59015,1.298153,0.73208,1.17034,1.640683,706.57851,33.91903
9.207091,-124.59693,1.623332,0.672557,1.217986,0.676769,1.238243,1.639704,706.57819,33.913058
9.205366,-110.83941,1.62676,0.764526,1.130298,0.643439,1.29106,1.637628,706.5811,33.875904
9.204404,-96.971746,1.629233,0.869158,1.027406,0.632272,1.315126,1.635681,706.57854,33.89021
9.202914,-83.10585,1.630356,0.977767,0.922183,0.643339,1.315891,1.635706,706.57933,33.933595
9.200976,-69.233769,1.635681,1.085513,0.825823,0.679134,1.295128,1.640688,706.5787,33.942345
9.200062,-55.467697,1.639262,1.179529,0.740654,0.731275,1.246116,1.645884,706.58328,33.905321
9.196868,-41.616971,1.632388,1.248709,0.666884,0.795458,1.169982,1.640022,706.58555,33.90423
9.202788,-27.739386,1.628215,1.300274,0.609984,0.874363,1.078569,1.638045,706.58429,33.885952
9.195985,-13.886121,1.62441,1.331061,0.57185,0.969596,0.976446,1.640251,706.59076,33.919887
9.1875,0,1.612782,1.328394,0.553536,1.063175,0.868447,1.634648,706.58979,33.907528
9.192993,13.811141,1.611694,1.309935,0.560405,1.16492,0.763543,1.642397,706.59304,33.921211
9.196976,27.671056,1.595446,1.25533,0.585346,1.248863,0.663596,1.635532,706.58696,33.940813
9.188571,41.5592,1.589127,1.186389,0.630414,1.325627,0.579028,1.638383,706.58622,33.925469
9.189767,55.423898,1.578175,1.096456,0.695193,1.382026,0.510767,1.636853,706.58878,33.89735
9.189289,69.206373,1.570376,0.994294,0.777998,1.415878,0.463995,1.634876,706.58565,33.923547
9.190505,83.096576,1.567152,0.889071,0.874254,1.431555,0.438875,1.636664,706.58947,33.933517
9.191997,96.981122,1.562259,0.782324,0.977763,1.422033,0.4389,1.63506,706.59233,33.900647
9.193684,110.86688,1.569566,0.687156,1.085682,1.397072,0.461904,1.643479,706.59249,33.887899
9.196805,124.64076,1.571136,0.603586,1.179862,1.345884,0.505288,1.643261,706.59234,33.924768
9.197874,138.49305,1.574677,0.534878,1.263178,1.271384,0.572526,1.643157,706.59362,33.896415
9.208017,152.36559,1.576476,0.485494,1.327227,1.18019,0.658038,1.638219,706.59118,33.898596
9.205123,166.20774,1.584284,0.461631,1.368535,1.084932,0.754249,1.637717,706.5946,33.869673
11.509134,168.81178,1.547506,0.329555,1.441266,1.040803,0.720352,1.637191,706.59469,33.884784
11.509367,157.53023,1.538814,0.348545,1.405571,1.140476,0.619531,1.63739,706.59571,33.900414
11.500396,146.3195,1.527374,0.383743,1.347697,1.230007,0.527249,1.633138,706.59952,33.878604
11.497629,135.06975,1.525501,0.439968,1.279715,1.315727,0.452963,1.637131,706.59939,33.882239
11.500503,123.76757,1.52724,0.511433,1.193964,1.389899,0.388835,1.643628,706.60203,33.883304
11.497164,112.5701,1.519074,0.591188,1.100043,1.437044,0.347979,1.637708,706.60062,33.908411
11.492051,101.3009,1.521994,0.689163,0.995819,1.475143,0.31897,1.639858,706.60348,33.881616
11.5,90,1.520777,0.792155,0.885425,1.4893,0.304287,1.63655,706.60427,33.899323
11.489655,78.760681,1.522605,0.897973,0.784997,1.488699,0.317221,1.635631,706.60782,33.854951
11.492455,67.487999,1.534552,1.009091,0.696067,1.476126,0.349926,1.641522,706.61607,33.854588
11.493657,56.284906,1.545668,1.11332,0.606656,1.441634,0.389873,1.643311,706.61834,33.871023
11.488873,44.975024,1.555211,1.206015,0.544142,1.387361,0.460131,1.643698,706.61901,33.897428
11.490062,33.715791,1.563496,1.285526,0.492691,1.31758,0.540377,1.64265,706.61274,33.844514
11.497851,22.494152,1.578855,1.351139,0.451547,1.238104,0.62651,1.646828,706.60797,33.870685
11.496881,11.200631,1.588631,1.393774,0.432418,1.144624,0.7328,1.646798,706.60668,33.84724
11.5,0,1.592123,1.40957,0.429761,1.043043,0.836806,1.639838,706.60561,33.886731
11.499316,-11.260904,1.603791,1.412833,0.446972,0.94543,0.9523,1.643415,706.60517,33.857444
11.50264,-22.550904,1.609727,1.393078,0.473562,0.848171,1.053444,1.641294,706.60308,33.839867
11.497005,-33.76691,1.617247,1.352302,0.522386,0.761422,1.153972,1.643117,706.60261,33.839841
11.497711,-45.018496,1.618365,1.289758,0.584323,0.686172,1.238729,1.639853,706.60208,33.836751
11.504057,-56.318997,1.624246,1.215159,0.659205,0.622169,1.311336,1.644026,706.59648,33.825742
11.504003,-67.511515,1.61907,1.117741,0.745606,0.568611,1.358799,1.637385,706.59276,33.809255
11.501916,-78.772654,1.621638,1.015817,0.84595,0.533016,1.392442,1.640683,706.58958,33.836881
11.5,-90,1.618643,0.90595,0.945063,0.513907,1.39809,1.639342,706.59233,33.805387
11.504309,-101.28887,1.617292,0.796536,1.055128,0.513206,1.38975,1.641597,706.59091,33.823977
11.508708,-112.54654,1.612295,0.693221,1.154757,0.529191,1.357343,1.640817,706.5919,33.845475
11.510896,-123.73345,1.611202,0.599274,1.249171,0.565174,1.309732,1.646207,706.59446,33.825145
11.506461,-135.02627,1.601402,0.512357,1.326655,0.613426,1.234045,1.643807,706.59361,33.858612
11.507332,-146.2684,1.593374,0.441891,1.38824,0.6782,1.14668,1.644562,706.59106,33.826339
11.51415,-157.47353,1.582347,0.387638,1.42925,0.756514,1.045412,1.643355,706.59079,33.829403
11.511566,-168.75157,1.567629,0.349116,1.450003,0.843636,0.93567,1.637032,706.59021,33.864506
11.5,-180,1.561916,0.330241,1.458627,0.944263,0.828475,1.641617,706.59437,33.829974
13.8,-180,1.520385,0.263401,1.50672,0.914151,0.814199,1.637772,706.59276,33.844125
13.805929,-170.48972,1.528521,0.278561,1.506079,0.819385,0.920698,1.635338,706.59277,33.801726
13.8115,-161.05844,1.545167,0.311345,1.491455,0.739243,1.023069,1.643201,706.60303,33.849551
13.805867,-151.55903,1.551619,0.354253,1.455169,0.659622,1.124193,1.637648,706.59582,33.879227
13.80517,-142.07903,1.551912,0.358127,1.40187,0.546333,1.200203,1.635517,706.59438,33.841788
13.806746,-132.62246,1.57047,0.432587,1.345258,0.488355,1.293002,1.645273,706.58593,33.863493
13.806367,-123.15839,1.575592,0.514503,1.267356,0.438632,1.365266,1.643162,706.60131,33.846747
13.810369,-113.67303,1.586078,0.61215,1.17479,0.406076,1.418079,1.645268,706.59054,33.832882
13.807949,-104.22624,1.585501,0.713895,1.069712,0.386053,1.446601,1.638269,706.58856,33.836284
13.808524,-94.771035,1.590106,0.821069,0.964008,0.380505,1.464682,1.637683,706.58051,33.842878
13.80752,-85.281169,1.595461,0.931741,0.862149,0.391329,1.469863,1.639039,706.58246,33.817642
13.804966,-75.824629,1.598674,1.042188,0.757294,0.416811,1.451454,1.640902,706.58787,33.841814
13.805477,-66.375163,1.596116,1.142647,0.661778,0.456341,1.415913,1.638502,706.59223,33.829507
13.799674,-56.885857,1.600309,1.241794,0.575595,0.508105,1.370601,1.645536,706.59679,33.883641
13.79842,-47.416615,1.59478,1.318241,0.498707,0.570459,1.300632,1.641845,706.59072,33.826807
13.795422,-37.953769,1.58336,1.377749,0.434559,0.639947,1.21581,1.635795,706.59378,33.837556
13.794951,-28.466501,1.575398,1.425371,0.380376,0.72149,1.118799,1.634206,706.59509,33.835063
13.799715,-18.959025,1.574896,1.465586,0.339723,0.816912,1.017844,1.642024,706.59677,33.829403
13.793611,-9.519197,1.561807,1.474378,0.312905,0.909278,0.906944,1.637539,706.60861,33.819771
13.8,0,1.553904,1.473961,0.299866,1.009101,0.798761,1.63738,706.60808,33.83483
13.791549,9.468975,1.548038,1.459406,0.303979,1.111234,0.693668,1.644965,706.60623,33.84994
13.795659,18.91088,1.531472,1.415029,0.319616,1.201644,0.589385,1.639396,706.60008,33.839867
13.788997,28.421726,1.521378,1.358863,0.381121,1.288666,0.520717,1.634086,706.60818,33.836751
13.787738,37.913605,1.517797,1.294681,0.448144,1.366275,0.46551,1.63739,706.61021,33.810839
13.789219,47.382151,1.5045,1.212974,0.501131,1.42621,0.396584,1.633838,706.61311,33.824055
13.789206,56.858033,1.50753,1.132688,0.566942,1.487218,0.339038,1.648069,706.62072,33.878215
13.794026,66.35476,1.48621,1.025985,0.638447,1.509844,0.292112,1.633898,706.6103,33.836154
13.792847,75.81216,1.4816,0.925641,0.722175,1.533196,0.259218,1.638478,706.61365,33.833661
13.795062,85.276981,1.479445,0.819251,0.815555,1.543071,0.235827,1.641801,706.61884,33.844125
13.796067,94.775269,1.46492,0.713338,0.907441,1.525074,0.232226,1.629596,706.61969,33.833661
13.795833,104.23875,1.473916,0.622273,1.015072,1.516212,0.247615,1.64105,706.60823,33.867518
13.798922,113.69347,1.468283,0.532996,1.106291,1.472053,0.274562,1.632899,706.63079,33.916953
13.795904,123.18624,1.481486,0.458238,1.211802,1.430368,0.323828,1.644607,706.63106,33.872529
13.797551,132.65693,1.479688,0.391115,1.291418,1.360219,0.378563,1.6388,706.62639,33.873567
13.797491,142.11919,1.481461,0.334354,1.361968,1.279888,0.446113,1.63355,706.62317,33.90745
13.799918,151.60378,1.492479,0.293845,1.423567,1.1954,0.525788,1.637896,706.62466,33.89021
13.807448,161.10654,1.501688,0.267166,1.466967,1.103972,0.613357,1.639506,706.62609,33.892806
13.803869,170.53989,1.504639,0.254172,1.490864,1.004904,0.707845,1.632114,706.62278,33.93048
16.105379,171.82886,1.449045,0.115038,1.541585,0.946891,0.654923,1.634424,706.62498,33.936322
16.102783,163.68102,1.436805,0.124063,1.517275,1.040728,0.559531,1.631613,706.62866,33.951666
16.096289,155.49577,1.429523,0.144916,1.478252,1.136155,0.465664,1.633306,706.62989,33.949875
16.10381,147.31083,1.426349,0.177278,1.432131,1.230772,0.383426,1.637886,706.63701,33.977837
16.099346,139.10556,1.422236,0.224532,1.368197,1.318305,0.30835,1.641085,706.63213,34.004995
16.10345,130.95451,1.415262,0.279227,1.293027,1.390843,0.245126,1.641443,706.62963,33.969243
16.092227,122.75421,1.413012,0.349017,1.206392,1.455482,0.193352,1.641036,706.63805,33.986587
16.093865,114.59378,1.408447,0.424381,1.107598,1.504182,0.146123,1.639769,706.63764,33.992481
16.097236,106.39079,1.411552,0.512466,1.010889,1.546349,0.11623,1.643797,706.64032,33.990144
16.093169,98.187691,1.409917,0.606104,0.910019,1.569005,0.099401,1.642724,706.64003,33.996739
16.1,90,1.413052,0.707323,0.808706,1.584776,0.092898,1.643415,706.63813,33.981628
16.091462,81.856982,1.408909,0.805144,0.708222,1.577196,0.099361,1.634618,706.63939,34.00915
16.093841,73.652598,1.417169,0.912924,0.618001,1.569993,0.12069,1.63812,706.64586,33.978227
16.088837,65.447508,1.427973,1.018584,0.533388,1.55001,0.155372,1.640251,706.64467,33.982044
16.085658,57.284167,1.440859,1.120771,0.463141,1.519451,0.205845,1.643187,706.64909,33.992533
16.095448,49.080117,1.448816,1.212174,0.396495,1.471189,0.260048,1.641001,706.64696,34.016731
16.090063,40.92464,1.460181,1.29631,0.345952,1.412843,0.330484,1.640742,706.644,33.959559
16.093417,32.714214,1.474358,1.371843,0.304818,1.341766,0.41002,1.642655,706.64484,33.950264
16.084996,24.523568,1.484834,1.431873,0.267986,1.261867,0.49217,1.642079,706.64221,33.97737
16.090827,16.332132,1.492538,1.473881,0.248151,1.171194,0.585142,1.637653,706.64484,33.976306
16.093016,8.177801,1.50364,1.50599,0.23852,1.082364,0.682864,1.639148,706.65036,33.980096
16.1,0,1.514067,1.524235,0.23845,0.989401,0.785985,1.638413,706.65447,33.991702
16.094799,-8.220683,1.53029,1.531417,0.249219,0.89923,0.891694,1.643961,706.65812,33.976098
16.094346,-16.373707,1.538749,1.519133,0.275104,0.809634,0.995978,1.641617,706.66956,33.954314
16.090188,-24.562994,1.532068,1.491669,0.244654,0.682308,1.077903,1.634166,706.67152,33.970568
16.100176,-32.750651,1.540503,1.452855,0.288247,0.598455,1.174621,1.633893,706.6705,33.981239
16.098254,-40.957366,1.558842,1.410116,0.350338,0.523588,1.278532,1.648109,706.66915,34.027999
16.104895,-49.108475,1.560267,1.338527,0.419319,0.453623,1.359882,1.64347,706.6663,33.980096
16.096177,-57.30758,1.567212,1.258594,0.489333,0.395268,1.418689,1.646077,706.65909,33.970801
16.100208,-65.465504,1.564013,1.163197,0.579013,0.344899,1.470325,1.641592,706.65784,34.021145
16.105836,-73.664783,1.563551,1.061437,0.665106,0.304922,1.496284,1.640708,706.66479,34.010292
16.103836,-81.863115,1.561683,0.953299,0.767273,0.276475,1.519377,1.639193,706.66677,33.983212
16.1,-90,1.570743,0.851792,0.883265,0.263684,1.541898,1.651437,706.67033,33.985938
16.105542,-98.181526,1.562229,0.737763,0.984478,0.258299,1.525894,1.647409,706.66906,33.990715
16.109229,-106.37858,1.561455,0.671166,1.096913,0.330569,1.496507,1.645218,706.66141,33.999465
16.105232,-114.57576,1.55532,0.574706,1.19233,0.349847,1.461672,1.645685,706.66478,33.999024
16.102741,-122.73078,1.543448,0.483378,1.277191,0.37674,1.408387,1.643554,706.65972,33.958806
16.112892,-130.92615,1.537646,0.400116,1.356822,0.416011,1.34418,1.647389,706.65525,33.97158
16.107532,-139.07284,1.528685,0.328408,1.42704,0.468615,1.268633,1.648352,706.6527,33.990923
16.110565,-147.27441,1.505344,0.262621,1.470434,0.525197,1.169366,1.632775,706.6582,33.982615
16.101477,-155.45637,1.504728,0.213653,1.520867,0.599885,1.081042,1.645417,706.6607,33.96566
16.1063,-163.63947,1.498415,0.174695,1.553671,0.682079,0.981125,1.649182,706.66804,34.02774
16.10716,-171.78602,1.482415,0.140763,1.562458,0.766911,0.868576,1.644697,706.67322,33.997726
16.1,-180,1.469455,0.127347,1.561022,0.858577,0.762877,1.642665,706.67033,33.984147
18.4,-180,1.400167,-0.029391,1.603234,0.783059,0.701044,1.645735,706.66518,33.992455
18.400232,-172.79992,1.413052,-0.011693,1.603468,0.689933,0.812068,1.645397,706.66264,34.01886
18.411979,-165.58435,1.420478,0.015553,1.587165,0.601311,0.913401,1.642486,706.6599,34.019224
18.409924,-158.39379,1.433711,0.052951,1.569576,0.518844,1.024242,1.643817,706.6691,33.985289
18.407908,-151.18706,1.447351,0.104035,1.529614,0.448865,1.119489,1.643102,706.66185,33.988223
18.410559,-143.98113,1.459491,0.15947,1.482683,0.383431,1.214191,1.643534,706.65811,33.994818
18.412981,-136.80188,1.47634,0.229574,1.428063,0.33261,1.301491,1.648348,706.64218,34.002555
18.411851,-129.59159,1.476101,0.302483,1.348104,0.281407,1.370457,1.637181,706.64705,34.019613
18.40976,-122.38167,1.486756,0.383714,1.273898,0.242623,1.439165,1.638721,706.64552,33.996739
18.410394,-115.18967,1.499378,0.477193,1.181372,0.217612,1.487129,1.643365,706.64916,34.048485
18.406858,-108.00131,1.502791,0.570628,1.091702,0.198518,1.525635,1.637881,706.65502,34.000997
18.406053,-100.82602,1.51657,0.672582,0.996236,0.188524,1.554625,1.645034,706.65287,34.014654
18.408961,-93.604132,1.514335,0.773189,0.894014,0.188474,1.560561,1.637002,706.66768,34.0287
18.40822,-86.435381,1.524806,0.880925,0.795075,0.195279,1.566705,1.644652,706.66698,34.061752
18.403825,-79.212935,1.527359,0.983296,0.700573,0.214711,1.558365,1.643008,706.66965,34.056403
18.403179,-72.036523,1.515,1.076994,0.608504,0.243532,1.528189,1.629904,706.66682,34.051782
18.405304,-64.846488,1.526773,1.180701,0.520647,0.284805,1.495191,1.641572,706.68294,34.058351
18.403318,-57.65226,1.520892,1.266258,0.445333,0.330469,1.449765,1.637325,706.68179,34.059415
18.404137,-50.439562,1.521667,1.348894,0.371673,0.386207,1.389606,1.644001,706.68277,34.049056
18.404098,-43.225969,1.523405,1.424119,0.309631,0.450658,1.324693,1.650603,706.67397,34.052068
18.400638,-36.042953,1.513346,1.478218,0.254753,0.519857,1.238148,1.646003,706.65829,34.053781
18.397095,-28.832801,1.502885,1.520062,0.210529,0.595549,1.145528,1.643028,706.64235,34.072683
18.398389,-21.621467,1.496199,1.552658,0.171461,0.678518,1.046684,1.647051,706.63018,34.037969
18.399914,-14.426004,1.483696,1.56828,0.141026,0.761551,0.945018,1.644339,706.62765,34.034698
18.387842,-7.205315,1.469421,1.57202,0.119235,0.849358,0.837556,1.639799,706.62717,34.038125
18.3875,0,1.451866,1.560034,0.109062,0.937607,0.729552,1.632273,706.63214,34.07328
18.386278,7.168005,1.44829,1.553298,0.106131,1.03506,0.627861,1.641483,706.64672,34.062219
18.396804,14.389606,1.437108,1.526937,0.109127,1.12625,0.527283,1.642352,706.65874,34.044356
18.393787,21.586523,1.424372,1.485917,0.128747,1.216103,0.43367,1.64269,706.6716,34.063751
18.39107,28.799867,1.411278,1.430119,0.152993,1.298565,0.342778,1.642094,706.67082,34.0644
18.393286,36.012558,1.399546,1.364884,0.18765,1.375191,0.261528,1.642814,706.67727,34.080056
18.395539,43.198583,1.38525,1.285387,0.229107,1.439969,0.185638,1.640599,706.68624,34.074215
18.394502,50.415623,1.377406,1.200332,0.286489,1.500978,0.12069,1.643807,706.68418,34.094051
18.392759,57.632147,1.368475,1.10571,0.348987,1.550273,0.06068,1.647419,706.67581,34.086236
18.39399,64.830511,1.354482,0.999827,0.422965,1.579387,0.015846,1.642908,706.66928,34.093791
18.391289,72.024928,1.343644,0.893602,0.501006,1.599315,-0.022735,1.639938,706.66996,34.070735
18.391546,79.205899,1.331851,0.783541,0.587879,1.605301,-0.050199,1.637474,706.68166,34.108045
18.395744,86.433044,1.33047,0.67896,0.683162,1.612369,-0.066378,1.640191,706.68818,34.098257
18.396486,93.606495,1.331593,0.578988,0.788091,1.612151,-0.064515,1.645685,706.68499,34.053314
18.393775,100.83308,1.323417,0.473413,0.886866,1.591487,-0.06156,1.639873,706.67587,34.103709
18.39497,108.01293,1.326949,0.38501,0.990961,1.568727,-0.037225,1.643385,706.67441,34.057961
18.399084,115.20566,1.330088,0.299891,1.092229,1.530941,-0.005539,1.644359,706.67785,34.123961
18.399205,122.40179,1.333222,0.224914,1.188773,1.477254,0.039634,1.641453,706.67383,34.134658
18.40222,129.61553,1.340738,0.158621,1.281329,1.416663,0.095238,1.643321,706.68341,34.093973
18.404426,136.82927,1.339526,0.098665,1.358019,1.337901,0.156539,1.638006,706.67554,34.101243
18.403211,144.01152,1.343619,0.052201,1.423582,1.25377,0.228078,1.635279,706.67774,34.105968
18.401887,151.21998,1.359902,0.014738,1.491898,1.1711,0.311832,1.645357,706.67403,34.097893
18.405325,158.42871,1.366602,-0.013898,1.535789,1.076209,0.396663,1.643961,706.67872,34.095505
18.408871,165.62073,1.371778,-0.027693,1.563203,0.975418,0.491151,1.640007,706.68377,34.110226
18.39867,172.8372,1.384077,-0.034185,1.584761,0.878148,0.592737,1.639521,706.68403,34.092415
20.709862,173.60176,1.299291,-0.193377,1.609076,0.795269,0.516122,1.638438,706.67771,34.090883
20.702825,167.16212,1.284061,-0.185966,1.585869,0.890244,0.415241,1.63043,706.69306,34.106384
20.70911,160.72776,1.280514,-0.174407,1.568131,0.993648,0.321225,1.639054,706.68808,34.094752
20.699368,154.31756,1.271017,-0.151726,1.528099,1.091464,0.229787,1.639302,706.69037,34.094362
20.705593,147.88277,1.265036,-0.119722,1.480046,1.18691,0.147146,1.643807,706.68303,34.080342
20.701025,141.45594,1.260491,-0.080728,1.417209,1.277092,0.067848,1.646291,706.68392,34.071125
20.69375,135.01955,1.253477,-0.028751,1.344508,1.357075,0.004704,1.643599,706.67901,34.091714
20.6966,128.59866,1.240259,0.02803,1.253125,1.421148,-0.058048,1.635189,706.67885,34.133334
20.701389,122.17472,1.236266,0.094538,1.159973,1.482177,-0.108645,1.634211,706.67635,34.100178
20.700267,115.72295,1.238247,0.171471,1.065475,1.53941,-0.152277,1.641254,706.68277,34.099555
20.698326,109.31167,1.241104,0.255215,0.970987,1.585312,-0.183258,1.648238,706.68222,34.120326
20.689506,102.86698,1.232704,0.343682,0.864752,1.603319,-0.204494,1.638011,706.67513,34.079407
20.694971,96.449517,1.236524,0.440833,0.76175,1.622473,-0.217597,1.641736,706.66529,34.062998
20.6875,90,1.24549,0.546,0.662051,1.63732,-0.221194,1.648357,706.65856,34.112199
20.69366,83.58566,1.245132,0.650909,0.561463,1.635139,-0.213445,1.644458,706.64862,34.102515
20.686898,77.167619,1.246155,0.754617,0.463568,1.624857,-0.197773,1.638686,706.6513,34.080602
20.694436,70.721946,1.255082,0.863694,0.376774,1.613591,-0.165694,1.640549,706.65902,34.071281
20.695134,64.309301,1.261266,0.966929,0.296021,1.58871,-0.129865,1.637057,706.67144,34.099399
20.695052,57.855764,1.269263,1.068932,0.220637,1.553631,-0.087057,1.634141,706.68262,34.093194
20.689123,51.429691,1.280013,1.16346,0.155928,1.509387,-0.036068,1.632929,706.68816,34.105397
20.685209,45.006285,1.298203,1.260928,0.102739,1.462039,0.027737,1.639769,706.69362,34.1149
20.691511,38.566995,1.310234,1.344707,0.051983,1.396063,0.095635,1.640454,706.70643,34.13619
20.695215,32.136939,1.320645,1.415754,0.016745,1.320879,0.177218,1.637494,706.69811,34.176485
20.688252,25.698615,1.336888,1.479514,-0.011157,1.243026,0.264141,1.639982,706.69352,34.193518
20.697402,19.284622,1.348025,1.527657,-0.031751,1.155259,0.35616,1.638562,706.68686,34.168151
20.690681,12.846259,1.360845,1.562984,-0.043757,1.064208,0.453633,1.639332,706.68151,34.213665
20.697451,6.402447,1.372697,1.585973,-0.051133,0.970436,0.554917,1.637717,706.68127,34.202994
20.6875,0,1.37839,1.592604,-0.046673,0.873365,0.657754,1.62972,706.6809,34.165736
20.698849,-6.435323,1.396372,1.602653,-0.036505,0.782205,0.765858,1.637678,706.6774,34.215613
20.693463,-12.878522,1.410156,1.600691,-0.014822,0.694572,0.873653,1.640122,706.67754,34.228802
20.701533,-19.315844,1.414373,1.579724,0.013407,0.603169,0.978701,1.632596,706.67374,34.214834
20.693676,-25.728433,1.432876,1.564718,0.048719,0.523856,1.084718,1.640469,706.67654,34.23306
20.701867,-32.164949,1.440685,1.527329,0.087007,0.44282,1.179589,1.639853,706.67479,34.28922
20.699306,-38.592861,1.437396,1.465983,0.135493,0.368419,1.255727,1.626268,706.68038,34.218443
20.694051,-45.029681,1.452114,1.415451,0.191713,0.304058,1.345203,1.636178,706.69565,34.25609
20.698898,-51.450318,1.456525,1.342044,0.260525,0.244838,1.417413,1.635249,706.70028,34.266372
20.705637,-57.87336,1.465874,1.267217,0.330564,0.19066,1.481918,1.64034,706.70391,34.263256
20.706399,-64.323637,1.460842,1.170901,0.406673,0.143475,1.520777,1.631796,706.71035,34.272577
20.706235,-70.732865,1.463634,1.077297,0.493764,0.104487,1.559155,1.636128,706.70318,34.267047
20.699085,-77.174967,1.462779,0.975786,0.584407,0.074013,1.580609,1.636322,706.70303,34.269851
20.706082,-83.589355,1.465352,0.87644,0.680534,0.052529,1.598118,1.643177,706.70902,34.265982
20.7,-90,1.460281,0.770045,0.779473,0.039882,1.601724,1.641155,706.71106,34.26915
20.707392,-96.445803,1.453222,0.6645,0.878958,0.035442,1.595197,1.63967,706.71115,34.232515
20.701693,-102.85962,1.447669,0.560947,0.980599,0.038213,1.580981,1.641413,706.7099,34.189675
20.710123,-109.30073,1.445215,0.460886,1.081351,0.047656,1.558718,1.646544,706.7051,34.256272
20.711529,-115.7086,1.429071,0.361545,1.169729,0.065231,1.513689,1.638497,706.70458,34.221455
20.711971,-122.15712,1.427978,0.271269,1.265066,0.090564,1.47095,1.648144,706.71026,34.248327
20.706371,-128.57803,1.409873,0.185121,1.340683,0.126686,1.400306,1.63958,706.70688,34.229945
20.702588,-134.99615,1.396858,0.108734,1.411681,0.170383,1.325622,1.638612,706.70276,34.191648
20.708817,-141.43008,1.382791,0.03943,1.471989,0.221715,1.239673,1.633386,706.70892,34.235761
20.712241,-147.85477,1.368093,-0.019685,1.521234,0.282629,1.14597,1.631593,706.70628,34.197386
20.704789,-154.28776,1.368232,-0.072383,1.57501,0.355455,1.055585,1.646092,706.71365,34.23615
20.713239,-160.69656,1.343842,-0.113433,1.588218,0.427336,0.943086,1.632045,706.71186,34.229555
20.705606,-167.12987,1.334608,-0.14735,1.607114,0.511721,0.838688,1.636858,706.71267,34.197101
20.711259,-173.56891,1.329656,-0.172892,1.622254,0.604127,0.735239,1.644885,706.70972,34.210186
20.7,-180,1.313919,-0.187163,1.618444,0.696946,0.623992,1.640633,706.71294,34.25487
23,-180,1.216287,-0.338223,1.625543,0.605677,0.542826,1.632512,706.71569,34.238487
23.012507,-174.1887,1.234746,-0.330857,1.636774,0.513559,0.651679,1.642983,706.71723,34.20624
23.009946,-168.38392,1.247228,-0.305971,1.628558,0.423839,0.760582,1.640261,706.72051,34.190817
23.01271,-162.57137,1.258594,-0.276803,1.616969,0.33871,0.868641,1.640445,706.70901,34.198555
23.010313,-156.76113,1.271697,-0.23845,1.595704,0.261488,0.97286,1.639824,706.70954,34.210576
23.014279,-150.96174,1.285119,-0.192021,1.56364,0.188554,1.076453,1.641056,706.70398,34.19897
23.009878,-145.15913,1.296489,-0.139894,1.516108,0.124336,1.169277,1.640305,706.70218,34.189208
23.007581,-139.35006,1.311773,-0.077659,1.463211,0.065976,1.263864,1.642958,706.70661,34.207019
23.013903,-133.54542,1.31988,-0.008737,1.393292,0.015289,1.342665,1.639203,706.70268,34.210965
23.005883,-127.73124,1.33437,0.068941,1.321678,-0.024563,1.418118,1.641711,706.69751,34.182249
23.006462,-121.95396,1.34725,0.151403,1.242852,-0.061272,1.485524,1.646991,706.69125,34.203228
23.00243,-116.13738,1.348452,0.244217,1.144515,-0.084588,1.526053,1.635587,706.68695,34.21434
23.007141,-110.31832,1.35414,0.336157,1.049505,-0.106514,1.563625,1.632805,706.68801,34.204085
23.011753,-104.52098,1.361908,0.436536,0.953626,-0.117501,1.592654,1.633133,706.68993,34.212783
23.001665,-98.72967,1.365684,0.536542,0.85125,-0.121351,1.603791,1.627624,706.70473,34.19897
23.001618,-92.912078,1.372682,0.641278,0.751095,-0.119692,1.612335,1.628602,706.72094,34.228101
23.001036,-87.119877,1.386318,0.750678,0.656746,-0.109797,1.623581,1.637906,706.72444,34.186559
22.999919,-81.302006,1.391866,0.858185,0.557529,-0.090459,1.616974,1.638035,706.72436,34.219092
23.008857,-75.510124,1.39052,0.960496,0.461854,-0.067227,1.601417,1.634529,706.7124,34.228387
23.003112,-69.711956,1.393366,1.064313,0.372344,-0.035447,1.579764,1.637628,706.71098,34.235527
22.997287,-63.891778,1.397007,1.162998,0.289812,0.003343,1.549618,1.642262,706.71133,34.249859
23.00024,-58.073781,1.392353,1.253671,0.209019,0.047651,1.500456,1.63957,706.71302,34.221195
22.998633,-52.294819,1.384604,1.332701,0.137177,0.097255,1.440198,1.636103,706.70705,34.283793
23.005675,-46.478648,1.389134,1.417175,0.071405,0.15637,1.378877,1.646659,706.6954,34.254818
22.998442,-40.671768,1.372856,1.470354,0.013422,0.21944,1.290414,1.635085,706.68738,34.229945
22.999909,-34.860171,1.353404,1.510008,-0.036361,0.287373,1.192722,1.623019,706.6824,34.250845
23.003576,-29.054782,1.34882,1.555355,-0.082189,0.361545,1.103594,1.629303,706.69025,34.285663
22.998986,-23.252397,1.350593,1.597249,-0.118157,0.445467,1.014059,1.64185,706.69684,34.275667
23.000879,-17.438954,1.3351,1.612111,-0.149074,0.529206,0.907182,1.637464,706.6954,34.231892
22.997746,-11.623056,1.324604,1.62365,-0.175892,0.617663,0.79973,1.638542,706.69608,34.256531
23.000083,-5.814814,1.307983,1.618956,-0.192915,0.708292,0.687757,1.632397,706.69388,34.26754
23,0,1.29793,1.618698,-0.204335,0.802129,0.580379,1.636376,706.69487,34.265567
22.99882,5.785516,1.280196,1.601233,-0.204449,0.893607,0.474744,1.628533,706.694,34.280678
22.995231,11.594205,1.272845,1.588288,-0.202154,0.992237,0.374206,1.637807,706.69515,34.27777
22.997136,17.410856,1.260392,1.557818,-0.193963,1.084833,0.273693,1.639242,706.69361,34.325647
22.994054,23.225333,1.250303,1.515929,-0.174387,1.176668,0.182906,1.641115,706.68985,34.281275
22.997508,29.029037,1.23102,1.45427,-0.151284,1.254848,0.093822,1.634936,706.69024,34.316352
22.992766,34.835999,1.216491,1.384852,-0.1184,1.332085,0.012383,1.631484,706.69044,34.284001
22.990298,40.649423,1.206561,1.312782,-0.07904,1.406405,-0.061406,1.636426,706.69904,34.295269
22.996612,46.458366,1.187631,1.21891,-0.030688,1.462884,-0.130084,1.628548,706.70972,34.292699
22.988745,52.2768,1.182524,1.132588,0.02579,1.523589,-0.190213,1.638259,706.72034,34.329152
22.989632,58.058201,1.169262,1.031653,0.09039,1.563516,-0.241227,1.634841,706.72097,34.347716
22.986064,63.878811,1.162601,0.931547,0.163156,1.602772,-0.28477,1.641483,706.72894,34.326789
22.991387,69.701741,1.151226,0.821397,0.244282,1.620665,-0.31895,1.63659,706.72292,34.306667
22.996755,75.502755,1.142081,0.713512,0.329794,1.631975,-0.348282,1.636799,706.71134,34.309939
22.987563,81.29755,1.137734,0.608648,0.421346,1.639208,-0.367908,1.6374,706.70831,34.317884
22.988552,87.118397,1.132648,0.500465,0.518064,1.640564,-0.37965,1.637866,706.7065,34.316352
22.989134,92.913575,1.129081,0.398054,0.61893,1.636292,-0.380142,1.638885,706.70807,34.345379
22.98931,98.734142,1.127477,0.299429,0.722602,1.628717,-0.373993,1.638939,706.71142,34.343717
22.999652,104.52837,1.126831,0.204474,0.82328,1.611902,-0.360819,1.640186,706.71008,34.366851
22.995419,110.32855,1.12695,0.117775,0.925685,1.582804,-0.337195,1.637534,706.70767,34.364748
22.991209,116.15036,1.13224,0.039023,1.030918,1.541625,-0.298058,1.636734,706.70233,34.349897
22.995857,121.96955,1.131545,-0.03423,1.125406,1.483995,-0.256158,1.631354,706.69384,34.378301
22.995998,127.74926,1.136497,-0.10258,1.219287,1.42389,-0.209148,1.63204,706.68862,34.372978
23.004844,133.56571,1.145712,-0.159838,1.309369,1.357204,-0.15191,1.637583,706.68208,34.361399
22.99944,139.3724,1.149874,-0.210077,1.38364,1.275453,-0.088612,1.635438,706.68438,34.400007
23.002738,145.18329,1.158398,-0.251221,1.453928,1.190268,-0.015235,1.636739,706.68729,34.365838
23.008214,150.98747,1.16266,-0.283429,1.506501,1.094812,0.063398,1.630937,706.68499,34.371447
23.005384,156.78818,1.171706,-0.310764,1.551426,0.99861,0.150027,1.630525,706.68517,34.396891
23.008969,162.59946,1.184437,-0.334989,1.592585,0.90289,0.23993,1.636332,706.67524,34.404446
23.007432,168.41275,1.191813,-0.345436,1.608083,0.800365,0.333599,1.63351,706.67109,34.405044
23.011245,174.21798,1.200963,-0.344859,1.615956,0.700692,0.436312,1.627366,706.67425,34.407432
25.305526,174.64842,1.099153,-0.497052,1.628135,0.606701,0.349881,1.629874,706.67768,34.41317
25.309077,169.2842,1.087664,-0.492954,1.616378,0.706797,0.248037,1.627117,706.68107,34.442224
25.309238,163.89144,1.081514,-0.490222,1.606761,0.810017,0.150415,1.637335,706.68022,34.410288
25.305959,158.51453,1.07235,-0.473711,1.575954,0.91134,0.056488,1.638418,706.67645,34.430228
25.29859,153.15197,1.056926,-0.444722,1.524796,1.005416,-0.028393,1.628021,706.68277,34.456945
25.306212,147.77846,1.051442,-0.413647,1.47488,1.102764,-0.108322,1.631275,706.68153,34.425815
25.306303,142.41492,1.044458,-0.373948,1.407101,1.194749,-0.185861,1.631205,706.6756,34.436018
25.304471,137.02911,1.040321,-0.332794,1.340658,1.283301,-0.250829,1.636103,706.67185,34.448507
25.297362,131.65541,1.037852,-0.279818,1.261445,1.364839,-0.311832,1.640186,706.659,34.449182
25.303279,126.28031,1.029467,-0.219937,1.168601,1.432066,-0.366994,1.636252,706.664,34.447286
25.30233,120.92322,1.020839,-0.154826,1.069613,1.488912,-0.413671,1.630868,706.6623,34.452427
25.299252,115.52801,1.019224,-0.080142,0.969964,1.541084,-0.449426,1.632705,706.66123,34.467824
25.298249,110.1745,1.019364,-0.002186,0.871308,1.585561,-0.482111,1.638363,706.6669,34.469719
25.300216,104.78837,1.013636,0.084171,0.763826,1.607854,-0.504141,1.631354,706.66627,34.469356
25.299504,99.424021,1.014203,0.1785,0.658435,1.628468,-0.521164,1.633078,706.66523,34.463696
25.292529,94.040281,1.013487,0.274746,0.553565,1.636461,-0.529916,1.630689,706.66614,34.499941
25.293344,88.683355,1.018787,0.37819,0.452501,1.642635,-0.529802,1.633356,706.66928,34.468966
25.289427,83.286687,1.021708,0.483462,0.350815,1.644235,-0.52697,1.636302,706.67186,34.500356
25.291177,77.930731,1.027614,0.592047,0.255543,1.642183,-0.511204,1.636411,706.67489,34.497163
25.290164,72.544404,1.034444,0.699614,0.167159,1.633262,-0.487073,1.635904,706.67796,34.496903
25.294131,67.182376,1.041408,0.80811,0.083033,1.615236,-0.456609,1.633316,706.67915,34.509236
25.2964,61.798289,1.053871,0.917688,0.004401,1.5933,-0.42217,1.636804,706.68051,34.504978
25.288531,56.431212,1.063637,1.019667,-0.065082,1.553338,-0.375528,1.634439,706.68113,34.513442
25.287411,51.055288,1.075439,1.121799,-0.12676,1.506208,-0.321439,1.63356,706.6812,34.494904
25.294552,45.66042,1.087177,1.214295,-0.178932,1.447564,-0.261518,1.631354,706.68374,34.496695
25.284752,40.294684,1.09961,1.302008,-0.228903,1.381281,-0.195577,1.630798,706.68312,34.51892
25.288076,34.932023,1.115506,1.383908,-0.267702,1.310651,-0.12233,1.635214,706.68481,34.539068
25.284515,29.546354,1.128515,1.454206,-0.30304,1.232789,-0.043956,1.6374,706.68588,34.536056
25.289153,24.173417,1.13836,1.507569,-0.326004,1.142652,0.041984,1.631315,706.69186,34.536368
25.299442,18.802726,1.154459,1.55602,-0.344134,1.053842,0.136064,1.633977,706.68871,34.551479
25.288131,13.431244,1.167896,1.590896,-0.357849,0.961554,0.231615,1.634221,706.69093,34.570536
25.291728,8.053704,1.181471,1.614421,-0.360655,0.866013,0.33723,1.633222,706.69043,34.570458
25.291958,2.673212,1.193437,1.624778,-0.357874,0.769891,0.442924,1.631195,706.68748,34.550674
25.292544,-2.699636,1.204977,1.629561,-0.354516,0.672328,0.549994,1.630093,706.67936,34.614596
25.293482,-8.079895,1.215487,1.627063,-0.340026,0.579619,0.656681,1.628285,706.67075,34.595903
25.291037,-13.456975,1.228293,1.623034,-0.316864,0.487456,0.769235,1.627882,706.6693,34.563863
25.303474,-18.827755,1.248982,1.623903,-0.293503,0.403722,0.881308,1.637628,706.66069,34.605924
25.294274,-24.197549,1.260481,1.604302,-0.262283,0.317177,0.989167,1.637444,706.64138,34.626618
25.290681,-29.569369,1.266879,1.568488,-0.225322,0.235678,1.085791,1.63208,706.65677,34.624073
25.295236,-34.953708,1.279943,1.531174,-0.180944,0.161065,1.185992,1.638001,706.6528,34.654113
25.292838,-40.314861,1.281686,1.469704,-0.12915,0.091885,1.268508,1.628235,706.65252,34.666134
25.303494,-45.6789,1.289495,1.408214,-0.073834,0.029267,1.349425,1.629497,706.65499,34.664031
25.297134,-51.071913,1.297776,1.336138,-0.008891,-0.030499,1.424953,1.633053,706.64899,34.683192
25.298947,-56.445835,1.303756,1.255698,0.061137,-0.081543,1.486533,1.634235,706.65089,34.669302
25.307417,-61.810782,1.304571,1.163887,0.135841,-0.128524,1.535098,1.631712,706.65435,34.664187
25.305653,-67.192629,1.298938,1.061799,0.217672,-0.166807,1.565851,1.623675,706.65784,34.677766
25.302088,-72.552336,1.305048,0.966939,0.306875,-0.19903,1.598436,1.630187,706.66254,34.654762
25.3034,-77.93626,1.304486,0.863212,0.399872,-0.227939,1.618822,1.631916,706.66931,34.702146
25.301841,-83.289779,1.303493,0.759107,0.496009,-0.248568,1.627281,1.633803,706.6705,34.683945
25.305841,-88.683962,1.294676,0.648813,0.594352,-0.264995,1.627564,1.630043,706.66168,34.694876
25.304998,-94.038418,1.293444,0.543959,0.697836,-0.272476,1.629616,1.635696,706.65917,34.70804
25.311835,-99.419693,1.28264,0.437306,0.796958,-0.271721,1.616015,1.629333,706.65803,34.696486
25.312302,-104.78162,1.27277,0.333286,0.896289,-0.266664,1.598843,1.627892,706.65918,34.692461
25.309982,-110.16538,1.272497,0.235653,1.002743,-0.256039,1.583206,1.637246,706.66202,34.724604
25.310532,-115.51662,1.255623,0.137768,1.091936,-0.239165,1.536727,1.629437,706.66537,34.713388
25.313054,-120.90964,1.245952,0.047746,1.182644,-0.21342,1.483637,1.628712,706.66949,34.724163
25.313356,-126.26468,1.237254,-0.038079,1.272184,-0.183164,1.428485,1.633182,706.66803,34.707962
25.306703,-131.63784,1.229023,-0.115142,1.352734,-0.142944,1.358158,1.634514,706.67075,34.75049
25.312993,-137.00977,1.216004,-0.186507,1.422286,-0.096371,1.276193,1.632487,706.66837,34.737171
25.313929,-142.39398,1.20449,-0.250868,1.485832,-0.044586,1.190701,1.635363,706.66703,34.787774
25.312879,-147.7561,1.190745,-0.306596,1.535431,0.017256,1.09364,1.634643,706.66695,34.741585
25.304238,-153.12838,1.177587,-0.352946,1.575909,0.085467,0.994259,1.633247,706.66651,34.722294
25.31054,-158.48994,1.165159,-0.395581,1.607427,0.157558,0.892032,1.633873,706.67118,34.754463
25.312709,-163.86605,1.148593,-0.433014,1.621301,0.234908,0.781445,1.629502,706.67498,34.781257
25.311404,-169.25823,1.139448,-0.46017,1.631682,0.323386,0.673451,1.633823,706.68061,34.72193
25.306695,-174.6221,1.125038,-0.480839,1.632855,0.412221,0.564936,1.630972,706.68293,34.751944
25.3,-180,1.115307,-0.493426,1.63579,0.510752,0.455819,1.634658,706.68517,34.768042
27.6,-180,1.003692,-0.636186,1.637544,0.405177,0.36902,1.63201,706.68954,34.770274
27.610929,-175.06736,1.014828,-0.631363,1.63879,0.311504,0.471168,1.634116,706.69122,34.756773
27.605583,-170.12405,1.02365,-0.612522,1.630649,0.220523,0.576261,1.628627,706.70098,34.795174
27.603298,-165.19003,1.039913,-0.588257,1.629283,0.135458,0.687985,1.632452,706.70039,34.753684
27.60802,-160.26943,1.053469,-0.554723,1.615216,0.056359,0.794777,1.633838,706.6926,34.76181
27.61387,-155.33865,1.067611,-0.519187,1.593543,-0.019278,0.90152,1.635552,706.67736,34.749789
27.603971,-150.41488,1.07923,-0.47609,1.553646,-0.085899,1.000001,1.63206,706.67805,34.74792
27.613239,-145.47685,1.090913,-0.426591,1.50824,-0.149391,1.09741,1.630748,706.68472,34.765679
27.608019,-140.53316,1.101741,-0.366984,1.447803,-0.204235,1.186498,1.627783,706.6857,34.770352
27.602244,-135.61677,1.119425,-0.306129,1.389248,-0.253446,1.27808,1.63575,706.68311,34.772248
27.605094,-130.69934,1.133552,-0.236702,1.318822,-0.296195,1.361114,1.640425,706.68552,34.776064
27.61181,-125.75353,1.137352,-0.158084,1.229634,-0.333236,1.422807,1.630962,706.68365,34.75602
27.610981,-120.82297,1.146472,-0.075995,1.143596,-0.362419,1.482519,1.628866,706.68196,34.73377
27.611909,-115.88777,1.152904,0.009959,1.047235,-0.390449,1.531065,1.626834,706.68587,34.752204
27.606734,-110.97887,1.170821,0.10483,0.959567,-0.411555,1.5841,1.637524,706.69019,34.773909
27.609356,-106.02425,1.173186,0.202447,0.856665,-0.419871,1.602271,1.629561,706.68561,34.781569
27.605583,-101.11482,1.181715,0.300601,0.757895,-0.429428,1.622408,1.632537,706.68642,34.778661
27.612163,-96.185486,1.19227,0.404119,0.658743,-0.432656,1.635477,1.638472,706.69049,34.791253
27.605518,-91.240955,1.193254,0.509118,0.552691,-0.426805,1.631995,1.631245,706.68624,34.786606
27.611488,-86.303062,1.200079,0.615259,0.454036,-0.416533,1.633898,1.634474,706.69083,34.793979
27.602926,-81.395586,1.208548,0.724962,0.359245,-0.397061,1.63274,1.636217,706.6849,34.801716
27.607067,-76.46779,1.209263,0.829722,0.263699,-0.373988,1.621281,1.632855,706.6849,34.793616
27.602896,-71.50964,1.211022,0.935069,0.173085,-0.344651,1.60245,1.631717,706.68758,34.790111
27.609258,-66.584928,1.213163,1.035885,0.089074,-0.312999,1.577439,1.634121,706.68436,34.793174
27.601413,-61.672938,1.210421,1.130254,0.009199,-0.272277,1.534879,1.628935,706.6948,34.805585
27.602659,-56.729985,1.211191,1.224443,-0.06609,-0.226683,1.487968,1.634146,706.69413,34.791435
27.602888,-51.801452,1.204152,1.306051,-0.137425,-0.178003,1.422832,1.630396,706.68908,34.767704
27.600959,-46.880393,1.19755,1.379726,-0.19826,-0.123601,1.354567,1.629402,706.68811,34.770742
27.604574,-41.93801,1.193885,1.451563,-0.258354,-0.064431,1.278279,1.635865,706.68837,34.81797
27.596091,-37.001422,1.186041,1.510823,-0.308524,0.002613,1.191058,1.634802,706.68686,34.809687
27.596502,-32.073134,1.175848,1.555593,-0.352743,0.072393,1.097544,1.634076,706.68445,34.778453
27.601016,-27.137032,1.166063,1.594716,-0.393524,0.148954,0.998426,1.636212,706.68472,34.820904
27.599467,-22.20308,1.153188,1.617029,-0.425305,0.229375,0.893567,1.635552,706.68089,34.789981
27.593622,-17.280862,1.139314,1.624827,-0.448179,0.314698,0.786402,1.62967,706.67871,34.805196
27.590168,-12.345241,1.126975,1.634086,-0.474923,0.401968,0.675806,1.630421,706.67732,34.814958
27.60055,-7.420044,1.112764,1.637688,-0.494301,0.491524,0.566018,1.631628,706.6793,34.808701
27.590741,-2.488859,1.097911,1.632601,-0.503669,0.584219,0.459157,1.628399,706.68258,34.839909
27.590201,2.464962,1.08827,1.632512,-0.513246,0.681205,0.350537,1.631717,706.68517,34.849048
27.598938,7.396333,1.071669,1.619428,-0.511363,0.774377,0.247381,1.628106,706.68695,34.793045
27.587498,12.321872,1.061273,1.600289,-0.507106,0.869411,0.147583,1.630038,706.69442,34.828433
27.589911,17.258022,1.050215,1.572397,-0.498677,0.96441,0.050259,1.631732,706.70205,34.846556
27.594746,22.180938,1.035035,1.527344,-0.482568,1.055516,-0.043613,1.630207,706.7038,34.834249
27.595316,27.11575,1.018489,1.468392,-0.462003,1.138311,-0.130337,1.625463,706.70947,34.846634
27.589867,32.052865,1.007934,1.409257,-0.436685,1.226252,-0.21183,1.631697,706.71506,34.8666
27.588569,36.982319,0.99557,1.33663,-0.402942,1.305102,-0.285317,1.631955,706.71534,34.840454
27.596222,41.920221,0.983932,1.256855,-0.363234,1.380829,-0.355529,1.6365,706.72145,34.820306
27.591836,46.864045,0.965702,1.159635,-0.31357,1.436338,-0.413299,1.625836,706.72351,34.838092
27.593065,51.786662,0.954113,1.065554,-0.262546,1.497655,-0.474287,1.631161,706.72267,34.84936
27.592209,56.716865,0.945192,0.967326,-0.198578,1.545326,-0.523171,1.632144,706.71935,34.866781
27.59041,61.661588,0.940279,0.866237,-0.130615,1.59331,-0.56877,1.641989,706.71044,34.821812
27.597788,66.575426,0.92426,0.757776,-0.057685,1.613596,-0.602205,1.634593,706.70714,34.819528
27.591042,71.502054,0.914499,0.648088,0.021096,1.628786,-0.631989,1.632194,706.70159,34.824409
27.594914,76.462194,0.909075,0.540243,0.109365,1.641428,-0.655415,1.636848,706.71204,34.859408
27.590567,81.392007,0.898971,0.431002,0.19979,1.63886,-0.670168,1.630684,706.71151,34.854864
27.599014,86.30152,0.89315,0.325701,0.296086,1.635592,-0.678443,1.6252,706.70696,34.85097
27.593021,91.241473,0.891173,0.224035,0.396549,1.638537,-0.684136,1.629536,706.70521,34.857486
27.599736,96.188063,0.889573,0.12373,0.498279,1.634961,-0.683823,1.631821,706.70616,34.832691
27.593317,101.11943,0.891188,0.03041,0.602175,1.625175,-0.675974,1.634509,706.71044,34.875687
27.597342,106.03086,0.888699,-0.0555,0.703781,1.59943,-0.655286,1.628558,706.71017,34.86634
27.595062,110.98743,0.893577,-0.138533,0.812227,1.572407,-0.631835,1.631712,706.71948,34.870287
27.600663,115.89821,0.898683,-0.215064,0.918279,1.527702,-0.595658,1.630833,706.72233,34.881347
27.600247,120.83522,0.906387,-0.287865,1.022672,1.480443,-0.560008,1.636962,706.7252,34.893135
27.601667,125.7675,0.908275,-0.351183,1.114979,1.414875,-0.514279,1.632333,706.72444,34.909414
27.595619,130.71493,0.913178,-0.410393,1.206243,1.344433,-0.46408,1.631439,706.72998,34.886566
27.593502,135.63387,0.91968,-0.462957,1.294145,1.266959,-0.405202,1.631543,706.72698,34.881892
27.600075,140.55162,0.926003,-0.507379,1.368341,1.183731,-0.342758,1.631727,706.73138,34.906662
27.606156,145.49655,0.933017,-0.546288,1.438743,1.09434,-0.27189,1.63202,706.72605,34.904377
27.597802,150.43567,0.941193,-0.576018,1.498733,1.00096,-0.196958,1.631528,706.71952,34.902274
27.608657,155.36037,0.951729,-0.605419,1.550343,0.905523,-0.119324,1.636659,706.71514,34.89934
27.603803,160.29193,0.960993,-0.628606,1.590856,0.80732,-0.033147,1.640137,706.70937,34.888072
27.600106,165.21314,0.968762,-0.640289,1.612608,0.702256,0.062886,1.63347,706.70838,34.90635
27.603441,170.1476,0.975805,-0.644934,1.623839,0.601078,0.157622,1.628558,706.71294,34.914814
27.609857,175.09117,0.9933,-0.647259,1.639918,0.506853,0.259035,1.637116,706.70794,34.907466
29.903817,175.44949,0.867692,-0.794186,1.634623,0.392878,0.162073,1.630455,706.70556,34.927381
29.901853,170.89441,0.861419,-0.797594,1.635229,0.491489,0.063795,1.637246,706.70937,34.946957
29.903525,166.3344,0.848076,-0.792433,1.617267,0.590025,-0.032407,1.635527,706.70866,34.94675
29.899494,161.78885,0.840213,-0.781962,1.594661,0.69105,-0.122205,1.636222,706.70883,34.924109
29.900039,157.22392,0.825167,-0.760533,1.548967,0.785146,-0.208294,1.625642,706.71264,34.947217
29.901071,152.67405,0.818034,-0.740366,1.507222,0.885783,-0.289638,1.630202,706.70682,34.96521
29.899309,148.10397,0.804136,-0.708207,1.440814,0.974777,-0.36303,1.618206,706.7056,34.962094
29.899246,143.54739,0.800395,-0.674196,1.381658,1.069712,-0.433406,1.623352,706.7107,34.93922
29.896196,139.0095,0.796441,-0.639922,1.315951,1.161577,-0.50203,1.631811,706.71169,34.965547
29.892269,134.44656,0.791534,-0.594978,1.236579,1.244864,-0.558856,1.629566,706.71496,34.970974
29.890582,129.88744,0.784798,-0.544157,1.148657,1.321932,-0.613744,1.629253,706.71478,34.98058
29.891646,125.3302,0.781505,-0.489125,1.060125,1.394797,-0.661758,1.633118,706.71249,34.996963
29.895335,120.77497,0.77544,-0.426095,0.962428,1.456088,-0.703449,1.631409,706.70981,34.97061
29.900883,116.22315,0.768386,-0.3584,0.858999,1.505106,-0.739596,1.628841,706.70804,34.990706
29.891274,111.66114,0.765714,-0.284348,0.758496,1.551356,-0.770199,1.630376,706.71026,34.997327
29.893423,107.0962,0.764705,-0.203898,0.655216,1.587548,-0.792999,1.629993,706.71328,35.008958
29.894116,102.54039,0.76168,-0.119275,0.551072,1.610194,-0.810439,1.626938,706.71391,35.0047
29.891243,97.995769,0.760726,-0.029098,0.448045,1.624599,-0.821591,1.625195,706.71621,34.993069
29.894563,93.437508,0.761765,0.065275,0.348535,1.63119,-0.825093,1.624127,706.72174,34.960147
29.892304,88.871269,0.765947,0.164616,0.247883,1.639848,-0.829573,1.629437,706.72351,35.011243
29.896479,84.325277,0.768883,0.265333,0.150425,1.641125,-0.827015,1.6298,706.72597,35.028899
29.896537,79.751911,0.770149,0.368027,0.055514,1.634474,-0.814994,1.624653,706.72664,35.025627
29.890303,75.202152,0.775519,0.473582,-0.031786,1.627664,-0.795249,1.623898,706.7343,35.046138
29.895229,70.635523,0.786527,0.582758,-0.114084,1.6184,-0.771555,1.626551,706.73385,35.041647
29.89776,66.074604,0.794752,0.690822,-0.192935,1.599375,-0.744573,1.627048,706.7366,35.042659
29.898409,61.520979,0.805089,0.797693,-0.264255,1.569447,-0.708093,1.626864,706.73079,35.060678
29.886897,56.964,0.81859,0.90449,-0.333986,1.535009,-0.672289,1.631156,706.72377,35.053876
29.891439,52.405483,0.829528,1.005773,-0.393638,1.485067,-0.624012,1.630535,706.71663,35.088511
29.894866,47.857167,0.844574,1.105859,-0.447295,1.432096,-0.5719,1.632785,706.71053,35.067455
29.887168,43.300524,0.854141,1.194113,-0.492264,1.364829,-0.512615,1.630406,706.69955,35.102713
29.893492,38.743403,0.868298,1.281662,-0.533209,1.294924,-0.44882,1.631056,706.68865,35.108815
29.894546,34.181941,0.87862,1.355272,-0.567941,1.214752,-0.379834,1.626327,706.68115,35.106893
29.894303,29.621344,0.893105,1.425952,-0.594809,1.134004,-0.304063,1.626789,706.68454,35.104635
29.89386,25.064523,0.908201,1.487526,-0.619,1.048705,-0.221447,1.628607,706.69052,35.112502
29.891835,20.510277,0.919978,1.535441,-0.630921,0.959463,-0.13441,1.625632,706.69506,35.106893
29.896897,15.943876,0.93489,1.579153,-0.648937,0.86648,-0.041631,1.628751,706.69845,35.10814
29.896122,11.385099,0.945455,1.605728,-0.657248,0.772186,0.054377,1.626427,706.70527,35.10679
29.896128,6.831885,0.96213,1.629874,-0.663189,0.680897,0.153027,1.63359,706.7124,35.125172
29.888175,2.262826,0.973605,1.638577,-0.659498,0.585083,0.258016,1.632507,706.71606,35.14493
29.888671,-2.284557,0.986346,1.636987,-0.649325,0.49217,0.364277,1.628369,706.72377,35.131247
29.897618,-6.853471,0.996286,1.633937,-0.634512,0.400578,0.469708,1.625414,706.72614,35.116136
29.898591,-11.406411,1.013691,1.642138,-0.62506,0.310401,0.581988,1.633272,706.73058,35.129819
29.900333,-15.964778,1.027947,1.638224,-0.607431,0.223871,0.687866,1.634489,706.73473,35.150305
29.896217,-20.530641,1.038165,1.624052,-0.580672,0.140967,0.794509,1.631652,706.7341,35.17227
29.899158,-25.084215,1.045208,1.596976,-0.552175,0.058798,0.89239,1.624435,706.72656,35.148409
29.900483,-29.640242,1.056792,1.566998,-0.519182,-0.017544,0.995183,1.626705,706.72377,35.147734
29.90157,-34.199924,1.067686,1.525387,-0.47919,-0.089411,1.093317,1.627649,706.72207,35.167233
29.901316,-38.760357,1.077302,1.475247,-0.436879,-0.1572,1.183856,1.629879,706.73216,35.156146
29.895742,-43.316348,1.084376,1.409882,-0.383808,-0.216659,1.264008,1.624509,706.72639,35.165026
29.904136,-47.871751,1.095547,1.345427,-0.32884,-0.276152,1.349276,1.630614,706.72351,35.158483
29.901344,-52.418745,1.101756,1.266536,-0.265914,-0.325735,1.418754,1.630962,706.72334,35.165831
29.897376,-56.975853,1.102993,1.179534,-0.199348,-0.374986,1.477597,1.629526,706.71927,35.138725
29.909397,-61.531342,1.107603,1.091439,-0.126681,-0.41838,1.532023,1.632427,706.71124,35.177073
29.909186,-66.083417,1.11022,0.996266,-0.048496,-0.456475,1.573575,1.633734,706.70669,35.137401
29.907022,-70.642729,1.108392,0.894948,0.036674,-0.487222,1.601575,1.630346,706.70318,35.180552
29.902389,-75.207704,1.11026,0.794658,0.124088,-0.517076,1.626546,1.635601,706.70369,35.145631
29.908838,-79.755777,1.097936,0.683594,0.214935,-0.53687,1.625349,1.62363,706.70598,35.214409
29.908918,-84.327426,1.0958,0.579544,0.309766,-0.555523,1.631488,1.626288,706.70464,35.196442
29.904801,-88.871697,1.091365,0.471421,0.411888,-0.566823,1.632815,1.628106,706.70829,35.168168
29.90704,-93.436205,1.090237,0.368484,0.512247,-0.576042,1.637772,1.633639,706.70794,35.171673
29.903622,-97.992745,1.085632,0.270464,0.609601,-0.579793,1.635095,1.633873,706.70373,35.191509
29.906318,-102.53567,1.078291,0.167184,0.711237,-0.573981,1.624961,1.633952,706.70478,35.184187
29.905371,-107.08981,1.066205,0.066671,0.809019,-0.558955,1.59557,1.625895,706.70735,35.161988
29.902892,-111.65312,1.054393,-0.026352,0.902881,-0.548067,1.561479,1.622572,706.70813,35.175515
29.912097,-116.21355,1.04728,-0.114894,1.000692,-0.537054,1.527573,1.627753,706.71018,35.172036
29.906075,-120.76385,1.04046,-0.201245,1.093774,-0.509625,1.47634,1.629591,706.70857,35.19922
29.901844,-125.31763,1.030182,-0.27871,1.179137,-0.480039,1.415416,1.629521,706.70716,35.189068
29.900174,-129.8735,1.02141,-0.353026,1.2645,-0.447434,1.349833,1.633153,706.70569,35.188264
29.901194,-134.43134,1.012077,-0.420467,1.342024,-0.410661,1.274091,1.635244,706.70652,35.187329
29.904397,-138.9931,0.99488,-0.480422,1.405119,-0.361728,1.183558,1.626164,706.70219,35.220069
29.906675,-143.5299,0.986222,-0.54146,1.472133,-0.312582,1.09667,1.633446,706.7004,35.197688
29.905916,-148.08552,0.971131,-0.59083,1.518617,-0.254549,0.997299,1.628165,706.70398,35.171335
29.906811,-152.65474,0.960357,-0.636718,1.562786,-0.192537,0.899095,1.630853,706.70689,35.189847
29.90488,-157.20388,0.944417,-0.674822,1.591407,-0.124366,0.795373,1.628637,706.70838,35.179773
29.903403,-161.7682,0.932108,-0.709186,1.614376,-0.049698,0.689769,1.628131,706.7116,35.208256
29.90648,-166.31329,0.916675,-0.735994,1.62293,0.029401,0.581506,1.625091,706.71169,35.181357
29.903834,-170.87295,0.904614,-0.757985,1.631846,0.114715,0.479041,1.625021,706.71311,35.201531
29.904811,-175.42782,0.893607,-0.775748,1.635815,0.204856,0.371911,1.630376,706.71417,35.227053
29.9,-180,0.879713,-0.785101,1.632974,0.296433,0.266093,1.627217,706.71533,35.179592
32.2,-180,0.751462,-0.939494,1.635889,0.180218,0.158169,1.630783,706.7149,35.200337
32.201253,-175.70548,0.76476,-0.932153,1.640251,0.088179,0.263311,1.635393,706.7099,35.196598
32.202168,-171.42832,0.776408,-0.915075,1.636883,-0.000566,0.370103,1.631066,706.70159,35.204958
32.202575,-167.12648,0.789899,-0.892568,1.626417,-0.083744,0.475286,1.631051,706.69701,35.211086
32.204524,-162.84375,0.80198,-0.868502,1.612528,-0.167353,0.581407,1.631826,706.69083,35.211163
32.212748,-158.57164,0.816355,-0.837282,1.593548,-0.24073,0.689813,1.6328,706.68959,35.246188
32.209122,-154.28502,0.825142,-0.795065,1.551604,-0.305568,0.788096,1.622195,706.68542,35.204439
32.20878,-149.99106,0.839672,-0.755168,1.513023,-0.369115,0.889379,1.624221,706.68935,35.204595
32.205642,-145.71029,0.8521,-0.709201,1.463743,-0.42682,0.987727,1.623496,706.70301,35.246266
32.203233,-141.43214,0.862223,-0.654744,1.401647,-0.477044,1.079622,1.619944,706.70554,35.213708
32.204895,-137.15111,0.876355,-0.59841,1.340018,-0.525793,1.171775,1.623784,706.69929,35.220069
32.213325,-132.86588,0.889374,-0.537427,1.27134,-0.568333,1.259716,1.627261,706.7068,35.244864
32.213497,-128.57139,0.89692,-0.468645,1.185574,-0.602806,1.329775,1.622667,706.71689,35.191405
32.212857,-124.28608,0.911161,-0.398273,1.107116,-0.638452,1.403698,1.629124,706.72512,35.209216
32.209603,-120.01224,0.921816,-0.319164,1.020044,-0.666859,1.467871,1.631215,706.73688,35.244475
32.207744,-115.72233,0.931885,-0.234898,0.926053,-0.689262,1.522029,1.633297,706.73874,35.254341
32.211557,-111.44386,0.938764,-0.145651,0.828361,-0.70557,1.561812,1.630286,706.739,35.224431
32.21195,-107.13845,0.947333,-0.052728,0.729745,-0.716592,1.595227,1.631449,706.74256,35.235959
32.202796,-102.86103,0.9538,0.04249,0.630921,-0.726099,1.617486,1.630644,706.73634,35.215551
32.202869,-98.58438,0.959582,0.141578,0.527229,-0.729452,1.628071,1.630033,706.74508,35.251849
32.210105,-94.294419,0.963889,0.243407,0.428077,-0.727192,1.631643,1.625836,706.73937,35.217369
32.2,-90,0.97282,0.348287,0.327707,-0.723422,1.635899,1.629879,706.73705,35.271217
32.209315,-85.728985,0.979849,0.457498,0.231531,-0.708187,1.636818,1.630381,706.73121,35.247149
32.201287,-81.438888,0.98273,0.560952,0.138061,-0.690802,1.629397,1.625503,706.73059,35.207996
32.200427,-77.161998,0.98802,0.669368,0.04256,-0.671757,1.621673,1.630391,706.73315,35.247201
32.208796,-72.884243,0.992754,0.77468,-0.046712,-0.649305,1.611207,1.633758,706.72823,35.263532
32.207617,-68.578393,0.992739,0.876633,-0.131613,-0.620097,1.580176,1.631548,706.73423,35.23209
32.203028,-64.299386,0.99265,0.975274,-0.20573,-0.584735,1.545365,1.629551,706.73322,35.235959
32.204116,-60.008836,0.993385,1.073015,-0.282654,-0.54826,1.500769,1.632889,706.73333,35.263454
32.206613,-55.734239,0.991711,1.166192,-0.354332,-0.50649,1.447649,1.636118,706.72778,35.254471
32.206507,-51.448054,0.981801,1.243453,-0.414183,-0.456236,1.375355,1.627867,706.72368,35.261896
32.205606,-47.152564,0.97435,1.318857,-0.470746,-0.402694,1.299534,1.622925,706.73038,35.253796
32.196473,-42.866227,0.969194,1.394722,-0.525773,-0.348913,1.223803,1.628677,706.73237,35.25216
32.194137,-38.583948,0.965036,1.459824,-0.57485,-0.287726,1.139304,1.631921,706.72937,35.262286
32.19591,-34.304428,0.953433,1.512417,-0.615513,-0.222853,1.047031,1.630068,706.72479,35.28207
32.198456,-30.022167,0.944611,1.558325,-0.655152,-0.153147,0.951416,1.630798,706.72504,35.277553
32.198259,-25.726587,0.929033,1.586728,-0.683858,-0.078776,0.847699,1.624291,706.727,35.273762
32.201409,-21.438232,0.920877,1.618186,-0.718221,-0.00076,0.74422,1.631404,706.73133,35.287497
32.192781,-17.16429,0.909254,1.633252,-0.740872,0.082715,0.63947,1.632209,706.72704,35.274281
32.190507,-12.879637,0.897784,1.642744,-0.76167,0.168292,0.533905,1.634012,706.72922,35.262182
32.189861,-8.575794,0.882053,1.63966,-0.777491,0.256615,0.422493,1.629223,706.72418,35.265402
32.188802,-4.29659,0.872868,1.643281,-0.788975,0.348689,0.319218,1.632974,706.71389,35.290197
32.2,0,0.857231,1.639714,-0.801135,0.438761,0.208318,1.63053,706.70885,35.282823
32.187868,4.276787,0.841341,1.630565,-0.802531,0.531411,0.105351,1.627376,706.70146,35.289029
32.188,8.556158,0.827144,1.615906,-0.804081,0.625174,0.002568,1.627097,706.70302,35.27493
32.187723,12.860278,0.817374,1.594174,-0.801712,0.722409,-0.096053,1.630212,706.70826,35.258755
32.189094,17.145317,0.802099,1.556567,-0.790471,0.814448,-0.190019,1.626506,706.71369,35.283628
32.196843,21.419754,0.791032,1.516953,-0.781996,0.908513,-0.282192,1.630892,706.71576,35.288795
32.192835,25.708701,0.775256,1.459953,-0.7602,0.995913,-0.362836,1.627296,706.7222,35.295234
32.192204,30.004976,0.765088,1.399461,-0.742377,1.084579,-0.446525,1.629839,706.72012,35.287081
32.188867,34.288025,0.750236,1.326243,-0.716597,1.167354,-0.521233,1.628662,706.71442,35.284225
32.186342,38.568424,0.736849,1.24698,-0.682482,1.24624,-0.588014,1.630982,706.71202,35.304892
32.18797,42.851672,0.721073,1.157867,-0.646374,1.316582,-0.65314,1.626725,706.70008,35.287081
32.196443,47.139064,0.708888,1.06627,-0.600978,1.383213,-0.707348,1.628215,706.69667,35.348693
32.196733,51.435683,0.698293,0.969855,-0.552219,1.446581,-0.762395,1.631151,706.69364,35.311098
32.196283,55.723062,0.684637,0.866301,-0.495339,1.494098,-0.80576,1.628101,706.69767,35.291755
32.19329,59.998912,0.676342,0.763578,-0.432329,1.542887,-0.84754,1.632348,706.70247,35.308034
32.191765,64.290776,0.665508,0.655956,-0.362225,1.577573,-0.880781,1.630763,706.70196,35.295623
32.195981,68.571142,0.655186,0.54754,-0.288804,1.602152,-0.910947,1.628722,706.69785,35.347291
32.19685,72.878401,0.645197,0.43737,-0.204166,1.617704,-0.929222,1.625185,706.69347,35.30645
32.18824,77.157586,0.637617,0.330489,-0.120372,1.629348,-0.951058,1.626457,706.69949,35.346902
32.188926,81.435932,0.631577,0.226404,-0.032566,1.633406,-0.963919,1.625215,706.70929,35.328935
32.19685,85.727507,0.627911,0.121897,0.061202,1.638045,-0.975334,1.62967,706.71496,35.304918
32.2,90,0.624727,0.022611,0.154364,1.634841,-0.979898,1.628121,706.72068,35.365699
32.19764,94.295906,0.618379,-0.074355,0.253928,1.616626,-0.970376,1.615558,706.71954,35.341319
32.190509,98.587344,0.621791,-0.168823,0.35459,1.618896,-0.976675,1.630659,706.72102,35.368685
32.19061,102.86545,0.624881,-0.256054,0.460165,1.602037,-0.963447,1.633312,706.71383,35.357599
32.200005,107.1443,0.625109,-0.33944,0.564633,1.572745,-0.944397,1.633843,706.70598,35.363778
32.199923,111.45112,0.623897,-0.410011,0.663348,1.517852,-0.907907,1.613383,706.70667,35.383536
32.196483,115.73095,0.632511,-0.48299,0.770875,1.479892,-0.882381,1.623024,706.71079,35.394155
32.19878,120.02216,0.636609,-0.54985,0.875436,1.425763,-0.843457,1.621728,706.71857,35.426169
32.20253,124.29726,0.641362,-0.610784,0.971966,1.364452,-0.807042,1.622552,706.71579,35.418873
32.203725,128.58376,0.651307,-0.670501,1.071327,1.304332,-0.769563,1.633267,706.70329,35.4095
32.204164,132.87938,0.651103,-0.714252,1.149706,1.21737,-0.715077,1.618951,706.69887,35.4095
32.196396,137.16566,0.656855,-0.756614,1.232813,1.134769,-0.657109,1.616,706.69753,35.423442
32.195441,141.44766,0.663382,-0.797822,1.309891,1.050032,-0.599731,1.618822,706.70219,35.468749
32.198602,145.72669,0.676019,-0.84219,1.394727,0.967058,-0.537769,1.633147,706.71786,35.462959
32.20253,150.00825,0.684344,-0.872923,1.458304,0.873206,-0.469012,1.635755,706.71815,35.449718
32.2037,154.3029,0.689709,-0.893522,1.508622,0.773706,-0.387946,1.630589,706.71462,35.477681
32.208184,158.59011,0.697393,-0.911161,1.547675,0.674027,-0.308524,1.62673,706.7157,35.459636
32.200838,162.86272,0.706255,-0.928735,1.582859,0.573991,-0.225684,1.629621,706.70856,35.462102
32.199792,167.14583,0.717039,-0.937945,1.607934,0.472996,-0.132607,1.628285,706.70409,35.487365
32.200307,171.44795,0.726234,-0.944849,1.625796,0.373933,-0.039003,1.62966,706.69913,35.480588
32.200319,175.72528,0.738244,-0.948947,1.63734,0.276738,0.05542,1.635129,706.69946,35.49396
34.510457,175.95742,0.599861,-1.093456,1.630063,0.151289,-0.051759,1.631955,706.69768,35.463712
34.501738,171.92827,0.585346,-1.089775,1.612017,0.245663,-0.148761,1.625349,706.70652,35.485288
34.498538,167.87732,0.580086,-1.090013,1.60549,0.347716,-0.242245,1.635393,706.70513,35.528439
34.506462,163.83064,0.571025,-1.083223,1.579108,0.44954,-0.333524,1.634404,706.69692,35.483496
34.50515,159.78406,0.560713,-1.067363,1.540284,0.548141,-0.418559,1.631796,706.69297,35.502476
34.505884,155.75701,0.553138,-1.053693,1.502448,0.649737,-0.50121,1.635005,706.69167,35.513692
34.499585,151.69451,0.539866,-1.023198,1.439458,0.744156,-0.573504,1.622781,706.69718,35.547419
34.498095,147.65495,0.535638,-1.001551,1.384321,0.843035,-0.64628,1.629144,706.70167,35.503359
34.501528,143.60319,0.527179,-0.969606,1.312434,0.934785,-0.71315,1.625607,706.69285,35.505721
34.49912,139.56432,0.519455,-0.935834,1.236926,1.024475,-0.775385,1.625205,706.69794,35.511381
34.50018,135.52204,0.514622,-0.895176,1.158751,1.11178,-0.826454,1.625995,706.69718,35.521325
34.506271,131.47859,0.509833,-0.858776,1.075564,1.199135,-0.888103,1.636128,706.69946,35.512186
34.501139,127.43093,0.50352,-0.806093,0.982,1.270997,-0.929913,1.633222,706.69258,35.534229
34.500854,123.38917,0.496278,-0.745899,0.881874,1.33588,-0.966358,1.625374,706.68947,35.522961
34.49824,119.3403,0.493958,-0.686436,0.781559,1.403291,-1.007909,1.631439,706.68596,35.544693
34.492458,115.28994,0.491752,-0.620584,0.686058,1.459913,-1.033938,1.632835,706.68367,35.554066
34.497264,111.25839,0.487704,-0.551921,0.580155,1.510247,-1.067378,1.636327,706.67194,35.538513
34.499674,107.19201,0.484987,-0.476612,0.475435,1.550452,-1.092184,1.63663,706.66911,35.548873
34.49655,103.16716,0.478971,-0.392441,0.366139,1.570182,-1.102059,1.622751,706.66896,35.53075
34.489502,99.121073,0.47839,-0.306457,0.26738,1.592684,-1.109724,1.621748,706.6684,35.547185
34.491819,95.059313,0.481679,-0.219366,0.165495,1.6206,-1.128187,1.634136,706.67679,35.554689
34.4917,91.015423,0.482508,-0.124674,0.066294,1.630361,-1.128912,1.632189,706.68376,35.521845
34.499769,86.97558,0.485265,-0.027722,-0.029988,1.634737,-1.128237,1.63196,706.6854,35.528803
34.491664,82.9242,0.48599,0.075026,-0.126914,1.629884,-1.121109,1.62741,706.68686,35.534229
34.49136,78.893605,0.491772,0.179155,-0.214448,1.631374,-1.111875,1.633595,706.68713,35.511381
34.490233,74.846503,0.498811,0.28549,-0.300993,1.619378,-1.096218,1.632298,706.68144,35.522338
34.490535,70.791177,0.505164,0.391989,-0.382894,1.598476,-1.076284,1.631126,706.68083,35.560193
34.489704,66.757064,0.5141,0.502586,-0.462197,1.579064,-1.056767,1.636257,706.67635,35.516886
34.496188,62.710808,0.523588,0.610431,-0.533741,1.541496,-1.024435,1.631975,706.66741,35.512524
34.490674,58.64354,0.528714,0.711307,-0.592653,1.487968,-0.97895,1.619562,706.66113,35.485444
34.491046,54.59894,0.544316,0.821839,-0.6562,1.447644,-0.945589,1.628677,706.66441,35.492739
34.492498,50.554626,0.558766,0.924324,-0.707244,1.394827,-0.898177,1.631608,706.6643,35.452496
34.495328,46.516076,0.567499,1.019855,-0.756097,1.3275,-0.848648,1.627013,706.66327,35.483341
34.490204,42.473894,0.580508,1.11173,-0.798324,1.256453,-0.79284,1.625135,706.66783,35.467788
34.49384,38.42631,0.597645,1.205687,-0.833333,1.18855,-0.730694,1.63285,706.67373,35.400568
34.488375,34.374948,0.607853,1.282749,-0.862958,1.103659,-0.663556,1.626044,706.68356,35.445148
34.494921,30.331663,0.622745,1.358163,-0.888451,1.021311,-0.592012,1.62905,706.67804,35.398336
34.492213,26.288296,0.641516,1.43761,-0.916784,0.944561,-0.519222,1.643961,706.6694,35.388859
34.491834,22.237033,0.655425,1.493154,-0.932202,0.850883,-0.435393,1.6403,706.65478,35.390131
34.496916,18.197589,0.668394,1.543597,-0.94623,0.7587,-0.347611,1.642531,706.62856,35.392208
34.487038,14.157168,0.680077,1.577007,-0.951068,0.663064,-0.252915,1.636436,706.62085,35.356041
34.496073,10.105258,0.690509,1.601585,-0.952906,0.565358,-0.156673,1.630127,706.6209,35.355677
34.494816,6.061342,0.701894,1.619607,-0.953641,0.469176,-0.057849,1.62825,706.63265,35.342306
34.499458,2.019679,0.71316,1.626928,-0.946439,0.376203,0.045103,1.624326,706.63346,35.302608
34.499901,-2.037855,0.726889,1.634826,-0.947308,0.279848,0.145418,1.627435,706.63828,35.272412
34.496138,-6.07943,0.741429,1.638636,-0.935769,0.191564,0.25369,1.630877,706.6448,35.32504
34.498268,-10.123165,0.759112,1.646172,-0.924434,0.102013,0.365146,1.639555,706.6432,35.297467
34.490097,-14.17481,0.774252,1.642829,-0.903328,0.017599,0.478147,1.639396,706.6443,35.28664
34.500822,-18.214867,0.788002,1.635,-0.889931,-0.067818,0.583548,1.643037,706.63953,35.262675
34.496566,-22.25387,0.795314,1.60165,-0.857008,-0.144757,0.685939,1.628453,706.63755,35.243462
34.49775,-26.304604,0.808283,1.578855,-0.837769,-0.223722,0.78831,1.635785,706.63535,35.231
34.501235,-30.34736,0.822425,1.545783,-0.804608,-0.298862,0.896791,1.641349,706.63355,35.240996
34.495434,-34.389962,0.82927,1.49004,-0.766926,-0.365931,0.987732,1.632224,706.64741,35.214643
34.50161,-38.440558,0.838927,1.433894,-0.720789,-0.429865,1.087326,1.633023,706.64931,35.222925
34.498646,-42.48731,0.849944,1.374118,-0.679571,-0.491375,1.178918,1.638065,706.6527,35.184213
34.504398,-46.528591,0.858234,1.304089,-0.62962,-0.547277,1.263352,1.639814,706.64925,35.166636
34.502152,-50.566181,0.858299,1.215949,-0.563103,-0.594382,1.33664,1.628836,706.64476,35.11676
34.501235,-54.609476,0.86189,1.130745,-0.500862,-0.639226,1.403584,1.627068,706.64793,35.145008
34.501349,-58.653004,0.871969,1.04726,-0.438175,-0.686669,1.475928,1.639188,706.6432,35.140672
34.507297,-62.719145,0.874264,0.952857,-0.369612,-0.724411,1.521696,1.63891,706.6345,35.115565
34.50119,-66.764242,0.869292,0.850272,-0.295877,-0.754661,1.555186,1.631464,706.61435,35.129664
34.502339,-70.797161,0.868045,0.748378,-0.213504,-0.781266,1.586067,1.628846,706.61185,35.07823
34.502298,-74.851258,0.865065,0.642569,-0.135051,-0.808765,1.6054,1.630987,706.60587,35.044996
34.503626,-78.897108,0.864011,0.538341,-0.032243,-0.832087,1.637166,1.634667,706.60638,35.086875
34.504069,-82.92644,0.859879,0.43289,0.053145,-0.850982,1.639133,1.636908,706.60975,35.059094
34.512251,-86.976539,0.851464,0.324692,0.149083,-0.858299,1.633595,1.627256,706.60783,35.048086
34.504198,-91.0151,0.846621,0.21955,0.245891,-0.868403,1.633922,1.629432,706.61585,35.077113
34.504271,-95.057709,0.836021,0.115693,0.343513,-0.867747,1.622527,1.620868,706.6171,35.044996
34.501844,-99.11819,0.835812,0.015364,0.443505,-0.878849,1.62814,1.634672,706.6252,35.050474
34.508721,-103.16302,0.831799,-0.082556,0.544664,-0.876271,1.61607,1.639228,706.6284,35.029106
34.511616,-107.18664,0.82322,-0.176349,0.645152,-0.866088,1.590618,1.63576,706.62752,34.993874
34.508914,-111.2518,0.812789,-0.269292,0.743415,-0.855483,1.55156,1.633972,706.61883,35.015943
34.50376,-115.28217,0.808626,-0.362722,0.846497,-0.850933,1.521001,1.646043,706.62177,35.008984
34.509137,-119.33139,0.796213,-0.44053,0.937438,-0.821978,1.458075,1.634494,706.61284,35.009322
34.511292,-123.37916,0.779364,-0.51339,1.017983,-0.787222,1.379498,1.619686,706.61589,34.972272
34.511066,-127.41988,0.778465,-0.591933,1.116067,-0.76779,1.327112,1.637231,706.61622,34.964405
34.515637,-131.46655,0.770959,-0.666616,1.205285,-0.739859,1.254977,1.647493,706.61735,34.940077
34.508939,-135.50907,0.757393,-0.72673,1.278075,-0.697855,1.168725,1.641498,706.6185,34.932911
34.507228,-139.55048,0.742566,-0.778564,1.344334,-0.64935,1.077108,1.63202,706.61618,34.931119
34.508946,-143.58856,0.735522,-0.840362,1.41931,-0.608424,0.989162,1.645168,706.61414,34.892641
34.504784,-147.63959,0.720829,-0.883722,1.470926,-0.551747,0.887353,1.6404,706.61009,34.923953
34.505514,-151.6785,0.701447,-0.916372,1.505448,-0.486328,0.778534,1.624698,706.61294,34.852839
34.511019,-155.74043,0.693117,-0.967366,1.562364,-0.430819,0.682839,1.640191,706.61813,34.876881
34.509472,-159.767,0.678329,-0.99413,1.584309,-0.359051,0.571989,1.632109,706.62674,34.900171
34.509944,-163.81317,0.665374,-1.026353,1.611361,-0.287467,0.470378,1.635795,706.62386,34.845881
34.501165,-167.85954,0.655365,-1.056345,1.633103,-0.209262,0.363214,1.643633,706.62171,34.845102
34.503495,-171.91027,0.641268,-1.074252,1.639724,-0.125002,0.257063,1.642079,706.61502,34.836586
34.51134,-175.93928,0.6265,-1.082627,1.638189,-0.035332,0.152436,1.635085,706.61424,34.813712
34.5,-180,0.612949,-1.08825,1.634325,0.056389,0.048918,1.630952,706.60214,34.803508
36.8,-180,0.469797,-1.23407,1.626298,-0.070342,-0.070526,1.637246,706.60965,34.844323
36.808261,-176.16873,0.47768,-1.224836,1.621768,-0.16182,0.028641,1.632596,706.59978,34.819372
36.807177,-172.33457,0.492567,-1.214767,1.61992,-0.249249,0.133471,1.636212,706.60323,34.788916
36.80647,-168.49636,0.505507,-1.198479,1.612851,-0.330524,0.239324,1.636923,706.60517,34.799587
36.809796,-164.67571,0.522833,-1.180637,1.601506,-0.409514,0.346037,1.644259,706.59693,34.802963
36.814751,-160.84313,0.532584,-1.145349,1.569298,-0.478048,0.451507,1.631747,706.60858,34.780037
36.807768,-157.0169,0.549199,-1.121034,1.545226,-0.548648,0.558726,1.643678,706.60084,34.767159
36.807218,-153.18963,0.559536,-1.08225,1.502701,-0.609974,0.664366,1.636704,706.6029,34.748102
36.803687,-149.35548,0.576087,-1.048388,1.4604,-0.672378,0.769548,1.643494,706.59932,34.741273
36.805824,-145.53442,0.586752,-0.999961,1.400027,-0.72377,0.867354,1.636813,706.60071,34.752905
36.80659,-141.71081,0.600586,-0.95232,1.338969,-0.771217,0.964167,1.636704,706.59705,34.758565
36.808658,-137.88416,0.613391,-0.901743,1.269874,-0.818392,1.056752,1.639729,706.59874,34.712064
36.805888,-134.04059,0.623838,-0.843094,1.192067,-0.858175,1.141644,1.638636,706.58663,34.750594
36.814426,-130.21723,0.632103,-0.780884,1.112158,-0.893617,1.224632,1.636833,706.58912,34.744363
36.808402,-126.39682,0.642589,-0.715549,1.026154,-0.924141,1.298223,1.63736,706.59542,34.719126
36.806987,-122.56404,0.650815,-0.641929,0.936231,-0.949563,1.36856,1.635139,706.59994,34.718814
36.809976,-118.72782,0.657595,-0.563833,0.839408,-0.969482,1.425455,1.629934,706.59636,34.709883
36.804553,-114.90457,0.664952,-0.481778,0.744826,-0.98645,1.479728,1.627202,706.59569,34.728499
36.806797,-111.06861,0.675741,-0.401641,0.648942,-1.008714,1.530901,1.637315,706.60091,34.737093
36.804251,-107.23609,0.683863,-0.310769,0.552676,-1.018648,1.572427,1.634817,706.60352,34.688982
36.806829,-103.41106,0.689793,-0.215034,0.449923,-1.018708,1.593305,1.629074,706.59165,34.707962
36.810519,-99.583609,0.69643,-0.121286,0.34939,-1.029144,1.616611,1.634717,706.59292,34.722683
36.800766,-95.74458,0.703136,-0.022119,0.251633,-1.02901,1.632149,1.635721,706.58464,34.712246
36.802931,-91.91989,0.709767,0.07897,0.147275,-1.025483,1.632144,1.636341,706.5781,34.723254
36.802597,-88.100969,0.714113,0.182856,0.048327,-1.014575,1.626034,1.63055,706.58297,34.743766
36.799765,-84.27622,0.722756,0.289718,-0.041149,-1.006185,1.632343,1.636128,706.58417,34.734081
36.808846,-80.437066,0.727341,0.397041,-0.128931,-0.987717,1.628965,1.634414,706.58237,34.718425
36.804486,-76.609437,0.729328,0.50121,-0.230001,-0.966283,1.594919,1.629611,706.58294,34.744467
36.80124,-72.784157,0.733511,0.607088,-0.311549,-0.945048,1.576928,1.632785,706.57837,34.733536
36.803115,-68.95133,0.737634,0.711406,-0.398238,-0.923117,1.545773,1.635716,706.58117,34.741818
36.800199,-65.114994,0.735224,0.809838,-0.459147,-0.889285,1.515865,1.629571,706.57828,34.750958
36.804955,-61.291281,0.740708,0.91512,-0.54299,-0.860271,1.465596,1.639868,706.57872,34.749789
36.801298,-57.454535,0.73592,1.005877,-0.598619,-0.820647,1.416474,1.634961,706.57096,34.707598
36.80205,-53.62115,0.731583,1.099034,-0.666184,-0.778912,1.349361,1.636178,706.56508,34.691838
36.80742,-49.800044,0.728285,1.185425,-0.729517,-0.735517,1.274976,1.639987,706.55957,34.720736
36.798236,-45.975906,0.722255,1.264038,-0.774088,-0.686803,1.206829,1.639223,706.55569,34.707468
36.800371,-42.13146,0.713423,1.334161,-0.820319,-0.631467,1.120245,1.636227,706.55361,34.714712
36.797689,-38.303839,0.704119,1.396267,-0.858393,-0.569217,1.027306,1.630768,706.5579,34.696719
36.796335,-34.479164,0.694319,1.454697,-0.896657,-0.505616,0.933792,1.631682,706.56295,34.697524
36.793639,-30.656932,0.684732,1.506933,-0.944839,-0.441861,0.824223,1.633118,706.56784,34.690592
36.796648,-26.821508,0.671156,1.546339,-0.962473,-0.369229,0.731896,1.629462,706.56464,34.692072
36.796722,-22.992868,0.662434,1.58643,-1.001625,-0.296617,0.624022,1.63817,706.56775,34.676598
36.803284,-19.165173,0.646886,1.610055,-1.02375,-0.220156,0.515953,1.6366,706.56579,34.668834
36.79797,-15.331047,0.634537,1.624092,-1.048189,-0.137564,0.402132,1.634399,706.565,34.660163
36.794355,-11.508782,0.621672,1.63426,-1.051706,-0.054635,0.308156,1.634891,706.56525,34.648323
36.79485,-7.668894,0.610451,1.640703,-1.065942,0.034329,0.204807,1.637449,706.56319,34.648687
36.795804,-3.833013,0.595872,1.636471,-1.087798,0.124028,0.083396,1.634603,706.56761,34.597954
36.7875,0,0.584089,1.632681,-1.084316,0.216077,-0.007277,1.635974,706.56475,34.652867
36.794971,3.816338,0.570514,1.62672,-1.11022,0.308539,-0.131251,1.641234,706.56552,34.630876
36.793183,7.65233,0.558503,1.606592,-1.104389,0.40173,-0.2218,1.639272,706.55921,34.624463
36.791863,11.492404,0.547018,1.583519,-1.111065,0.498414,-0.328308,1.642436,706.55806,34.616933
36.794667,15.314929,0.533165,1.545068,-1.085662,0.59239,-0.399142,1.639113,706.56051,34.584556
36.799182,19.14939,0.518183,1.502488,-1.094787,0.684593,-0.506307,1.639431,706.55489,34.570328
36.791841,22.977482,0.505318,1.446034,-1.075375,0.777521,-0.589414,1.633987,706.54262,34.561916
36.79101,26.806592,0.492368,1.38604,-1.055883,0.867638,-0.663129,1.637747,706.5445,34.573158
36.787267,30.642552,0.481212,1.323496,-1.040087,0.960178,-0.742665,1.645198,706.55139,34.564564
36.78926,34.465386,0.469534,1.244044,-1.022453,1.044717,-0.818615,1.640986,706.55157,34.569835
36.789943,38.290722,0.454324,1.161821,-0.981756,1.124934,-0.871125,1.641204,706.53972,34.563863
36.791987,42.119065,0.438731,1.066389,-0.954873,1.19453,-0.938998,1.631871,706.54449,34.549921
36.789249,45.96429,0.4253,0.975423,-0.91897,1.270639,-0.994368,1.63816,706.5422,34.522529
36.797873,49.789259,0.412082,0.874299,-0.872908,1.331965,-1.042645,1.633068,706.53777,34.503446
36.791987,53.611238,0.401278,0.773751,-0.821323,1.394986,-1.086223,1.635611,706.53291,34.515441
36.790761,57.445543,0.389635,0.666393,-0.764045,1.446069,-1.124099,1.633212,706.53954,34.504017
36.793992,61.283254,0.379109,0.55963,-0.698387,1.49298,-1.155328,1.634091,706.5464,34.481714
36.78886,65.107961,0.36834,0.451393,-0.62647,1.530235,-1.179345,1.634111,706.54781,34.498097
36.791449,68.945327,0.362747,0.345441,-0.554067,1.565394,-1.206343,1.63957,706.53847,34.48213
36.7893,72.77921,0.35319,0.235758,-0.475867,1.591894,-1.227662,1.640643,706.54244,34.504978
36.792326,76.605567,0.344358,0.127267,-0.401869,1.606225,-1.253313,1.63877,706.53927,34.499941
36.79652,80.43429,0.339753,0.022556,-0.316243,1.618146,-1.264743,1.638805,706.53212,34.494203
36.787327,84.274553,0.335288,-0.080624,-0.227244,1.620451,-1.274971,1.637077,706.53542,34.474756
36.790104,88.100415,0.331353,-0.181142,-0.130158,1.617575,-1.276203,1.636416,706.52973,34.443002
36.790438,91.92045,0.327817,-0.278849,-0.03499,1.611992,-1.280912,1.638736,706.52746,34.482337
36.788329,95.746253,0.32656,-0.370411,0.064644,1.598466,-1.275045,1.63877,706.52652,34.454998
36.798193,99.586391,0.326803,-0.457756,0.16637,1.578393,-1.267743,1.638184,706.52831,34.457724
36.794669,103.41493,0.327052,-0.539751,0.273003,1.548634,-1.246195,1.63576,706.52533,34.445729
36.792313,107.24105,0.33186,-0.618264,0.362722,1.519168,-1.249762,1.640524,706.52235,34.431578
36.795133,111.07462,0.34024,-0.691582,0.489264,1.482107,-1.211141,1.645665,706.5148,34.448792
36.793216,114.9116,0.341566,-0.758412,0.590825,1.427819,-1.18246,1.638895,706.51134,34.435629
36.799015,118.73586,0.345456,-0.822092,0.68507,1.367278,-1.161125,1.636073,706.50769,34.424179
36.796453,122.57304,0.353527,-0.88775,0.794951,1.314789,-1.13154,1.648144,706.50174,34.44495
36.798341,126.40673,0.35623,-0.936584,0.884477,1.238143,-1.09211,1.639272,706.50183,34.419064
36.804882,130.22802,0.360005,-0.983713,0.980038,1.157504,-1.040042,1.633813,706.50156,34.432929
36.796903,134.05221,0.367808,-1.02982,1.063727,1.080794,-1.005674,1.637712,706.49909,34.44025
36.800276,137.89656,0.369358,-1.060592,1.154807,0.985278,-0.926997,1.622974,706.49442,34.416675
36.798845,141.72393,0.380301,-1.102819,1.235535,0.903899,-0.889235,1.636113,706.50225,34.418597
36.798751,145.54819,0.384484,-1.12925,1.306891,0.807936,-0.817205,1.627818,706.50686,34.409276
36.797317,149.36986,0.391989,-1.159123,1.368947,0.712832,-0.758675,1.63128,706.5139,34.428671
36.801582,153.20454,0.399773,-1.180617,1.435091,0.614276,-0.675989,1.629715,706.51942,34.411041
36.802888,157.03228,0.408684,-1.205786,1.490189,0.518059,-0.609423,1.63731,706.51941,34.412002
36.810651,160.85891,0.416235,-1.22426,1.532908,0.416716,-0.5316,1.640191,706.51533,34.399228
36.806494,164.69182,0.426656,-1.234318,1.576297,0.317867,-0.43821,1.64114,706.50552,34.390971
36.803978,168.51273,0.436675,-1.239996,1.593081,0.217081,-0.360606,1.639829,706.50645,34.373212
36.805511,172.35112,0.44732,-1.247094,1.611301,0.119071,-0.27412,1.644364,706.50426,34.374043
36.807427,176.18539,0.45639,-1.245758,1.617396,0.021171,-0.181887,1.641075,706.49844,34.349248
39.106126,176.36517,0.303681,-1.388533,1.598898,-0.114352,-0.300854,1.645789,706.48837,34.341355
39.109537,172.744,0.293344,-1.38675,1.590677,-0.020048,-0.38575,1.641403,706.48363,34.3446
39.110029,169.10267,0.28329,-1.379041,1.559627,0.077773,-0.479722,1.636719,706.48554,34.352
39.099286,165.46842,0.275129,-1.369772,1.541476,0.175713,-0.550575,1.63435,706.4848,34.3392
39.099417,161.82369,0.264916,-1.36246,1.500441,0.273777,-0.642386,1.635224,706.48027,34.346158
39.10801,158.19779,0.257604,-1.347861,1.456565,0.376407,-0.72602,1.636049,706.48285,34.357011
39.098775,154.54967,0.251454,-1.333138,1.411497,0.476269,-0.795324,1.638512,706.48333,34.337071
39.100336,150.92581,0.243556,-1.312176,1.351363,0.575958,-0.868477,1.63736,706.48153,34.310328
39.101687,147.28645,0.237531,-1.289396,1.295292,0.67435,-0.92648,1.639188,706.48096,34.329931
39.10135,143.64174,0.22928,-1.260158,1.219913,0.766722,-0.99023,1.635517,706.48429,34.324868
39.102699,140.01819,0.2241,-1.234646,1.150088,0.862248,-1.049306,1.643802,706.48392,34.323206
39.096645,136.37773,0.218601,-1.19527,1.06694,0.949518,-1.093734,1.639829,706.48748,34.317676
39.092566,132.73944,0.211835,-1.158473,0.972169,1.034693,-1.153789,1.64116,706.48347,34.304331
39.099,129.10059,0.205706,-1.114721,0.887407,1.113717,-1.188222,1.639888,706.48119,34.318273
39.098594,125.46295,0.200525,-1.063945,0.781897,1.188788,-1.236807,1.638572,706.48105,34.301449
39.099877,121.82515,0.194996,-1.008227,0.688383,1.255345,-1.258971,1.635765,706.47647,34.264035
39.100849,118.19669,0.189095,-0.953681,0.577816,1.316746,-1.301501,1.635706,706.47613,34.285117
39.094163,114.56841,0.186373,-0.89389,0.47922,1.379512,-1.330013,1.641582,706.47241,34.260556
39.09733,110.91853,0.181883,-0.829633,0.374092,1.429424,-1.356539,1.641835,706.47224,34.286727
39.089752,107.28815,0.178485,-0.755724,0.26882,1.469997,-1.373636,1.63959,706.47216,34.22335
39.101556,103.65466,0.174541,-0.682805,0.16486,1.505215,-1.390629,1.638234,706.46983,34.23023
39.091259,100.00206,0.174615,-0.603233,0.067058,1.53941,-1.401731,1.641766,706.46717,34.315936
39.098572,96.370335,0.173334,-0.518322,-0.044875,1.562304,-1.421814,1.642382,706.46423,34.241836
39.094482,92.736112,0.17623,-0.425965,-0.129795,1.574081,-1.40799,1.637876,706.4686,34.257103
39.090899,89.107904,0.177735,-0.334855,-0.228669,1.584016,-1.411268,1.63816,706.46635,34.279925
39.0882,85.457198,0.1807,-0.235932,-0.314236,1.588502,-1.399695,1.636943,706.4653,34.260322
39.097772,81.83691,0.180238,-0.140103,-0.417834,1.584463,-1.409152,1.636496,706.46265,34.226855
39.098044,78.195671,0.184212,-0.036857,-0.499541,1.57206,-1.392353,1.632293,706.4598,34.266372
39.088848,74.561871,0.19295,0.068603,-0.580394,1.56147,-1.380342,1.638274,706.45778,34.242563
39.088462,70.910874,0.199348,0.177293,-0.660958,1.540488,-1.364318,1.6396,706.45864,34.24194
39.095162,67.27452,0.20734,0.284512,-0.732472,1.514509,-1.344399,1.642158,706.45685,34.216937
39.090176,63.632766,0.215476,0.390891,-0.808159,1.47325,-1.324947,1.638453,706.45319,34.250482
39.097136,60.008762,0.227105,0.500862,-0.8665,1.43299,-1.29106,1.638989,706.45372,34.227868
39.089124,56.372035,0.237864,0.608628,-0.922566,1.380104,-1.25147,1.636312,706.44878,34.190817
39.095384,52.730523,0.248717,0.712752,-0.974425,1.325145,-1.213327,1.637524,706.45065,34.206318
39.090886,49.093102,0.26049,0.813802,-1.021206,1.262721,-1.170002,1.636416,706.44811,34.198555
39.092686,45.460289,0.272183,0.913878,-1.069245,1.197699,-1.129926,1.64194,706.45006,34.232982
39.091802,41.829181,0.28866,1.010576,-1.104165,1.127164,-1.07603,1.643271,706.45152,34.207824
39.088843,38.178541,0.299424,1.096595,-1.129434,1.044761,-1.013467,1.637275,706.44998,34.162543
39.090415,34.550785,0.312895,1.178143,-1.156675,0.961256,-0.951689,1.634807,706.44718,34.186949
39.088456,30.909223,0.326158,1.257396,-1.176872,0.878228,-0.883801,1.63585,706.44955,34.206396
39.088074,27.265806,0.339937,1.328151,-1.194734,0.789964,-0.810007,1.635194,706.45265,34.18617
39.090806,23.630424,0.350736,1.390823,-1.20903,0.697528,-0.731862,1.633744,706.45186,34.183833
39.090634,19.995127,0.366909,1.453734,-1.227384,0.610352,-0.654998,1.642754,706.45014,34.169891
39.097009,16.353903,0.37978,1.501435,-1.234736,0.515446,-0.566172,1.6403,706.44709,34.16719
39.097431,12.727454,0.393142,1.546409,-1.242634,0.423363,-0.478326,1.646455,706.44244,34.186378
39.094382,9.087065,0.405148,1.574499,-1.244501,0.326033,-0.386058,1.642024,706.43841,34.15208
39.097584,5.449019,0.416697,1.597184,-1.240041,0.232931,-0.286906,1.640196,706.43699,34.178095
39.098376,1.815797,0.428409,1.607313,-1.23327,0.13974,-0.189646,1.634166,706.43647,34.163685
39.098774,-1.831171,0.440197,1.616974,-1.223962,0.047552,-0.085601,1.634578,706.43724,34.185002
39.098772,-5.464332,0.455486,1.624852,-1.216074,-0.040086,0.01826,1.637717,706.43684,34.155169
39.096358,-9.102256,0.469231,1.622508,-1.209258,-0.127337,0.118177,1.636401,706.43758,34.164101
39.100187,-12.742458,0.481937,1.617342,-1.193075,-0.212292,0.228098,1.638497,706.44527,34.155585
39.100531,-16.368663,0.495632,1.602618,-1.176176,-0.290636,0.332774,1.63575,706.44784,34.137955
39.09491,-20.009585,0.508512,1.580355,-1.156938,-0.371117,0.440217,1.635611,706.4495,34.159843
39.095818,-23.644518,0.522137,1.555946,-1.141286,-0.447052,0.542752,1.639799,706.44751,34.171059
39.093802,-27.279482,0.532882,1.517072,-1.112078,-0.519892,0.651704,1.639138,706.4475,34.13619
39.094878,-30.922422,0.544838,1.472505,-1.081589,-0.588351,0.755774,1.63965,706.44811,34.119365
39.097505,-34.563455,0.552959,1.411894,-1.042953,-0.648187,0.84986,1.630127,706.44748,34.121884
39.09657,-38.190634,0.564628,1.35868,-1.013373,-0.712077,0.947258,1.638115,706.44698,34.128063
39.100139,-41.840643,0.575228,1.294388,-0.979536,-0.772891,1.039561,1.643325,706.44554,34.134632
39.101596,-45.471078,0.582286,1.220619,-0.930658,-0.825599,1.130393,1.64197,706.43836,34.110875
39.100334,-49.103175,0.587586,1.141062,-0.883339,-0.873891,1.207768,1.640961,706.43729,34.109473
39.105332,-52.739836,0.593413,1.055555,-0.824934,-0.912895,1.281433,1.638428,706.43082,34.143564
39.099533,-56.380554,0.592971,0.957357,-0.759902,-0.948217,1.341061,1.628324,706.42515,34.121339
39.107963,-60.016449,0.594968,0.866192,-0.701144,-0.988974,1.404304,1.632705,706.42678,34.088547
39.101376,-63.639597,0.597943,0.770254,-0.632943,-1.023278,1.460757,1.634672,706.42441,34.098491
39.106692,-67.280461,0.597173,0.668553,-0.561478,-1.059087,1.513262,1.639069,706.42507,34.104462
39.100275,-70.915905,0.597312,0.567841,-0.48377,-1.082572,1.550919,1.639481,706.42486,34.094596
39.100897,-74.565965,0.591759,0.459455,-0.396072,-1.096456,1.570267,1.627907,706.41927,34.078473
39.11028,-78.198816,0.589221,0.356801,-0.315016,-1.121784,1.596991,1.634558,706.42057,34.096128
39.110145,-81.839093,0.586603,0.25208,-0.229881,-1.138802,1.610238,1.637017,706.42444,34.114173
39.10066,-85.458416,0.582331,0.147896,-0.137217,-1.150793,1.620615,1.637876,706.42836,34.105605
39.103397,-89.108143,0.573534,0.042749,-0.043712,-1.157628,1.618434,1.632944,706.42967,34.100542
39.106968,-92.735378,0.564533,-0.056622,0.049554,-1.156173,1.603135,1.623451,706.43428,34.088157
39.110995,-96.368629,0.560688,-0.158467,0.146828,-1.168979,1.606304,1.634181,706.4401,34.104462
39.103569,-99.999388,0.554569,-0.254802,0.249761,-1.167041,1.590379,1.631369,706.4335,34.088443
39.113702,-103.65103,0.549423,-0.351963,0.349057,-1.169595,1.571508,1.636888,706.43013,34.117288
39.101688,-107.28358,0.541311,-0.440718,0.448706,-1.157648,1.535217,1.630997,706.42359,34.126895
39.109006,-110.91304,0.532891,-0.53014,0.539687,-1.152269,1.491674,1.635204,706.42402,34.121001
39.105531,-114.56202,0.526722,-0.617574,0.650696,-1.146084,1.46186,1.643519,706.42934,34.116847
39.111866,-118.18943,0.514642,-0.692357,0.738324,-1.122038,1.392909,1.631369,706.43079,34.138137
39.110498,-121.81704,0.510305,-0.770785,0.833011,-1.107484,1.334996,1.642461,706.42679,34.123104
39.108776,-125.45403,0.500783,-0.840303,0.934319,-1.081763,1.275964,1.638835,706.42299,34.142395
39.108701,-129.09089,0.488812,-0.902652,1.010442,-1.048313,1.185634,1.633197,706.4183,34.139669
39.101747,-132.729,0.479831,-0.963899,1.094424,-1.017928,1.108373,1.636083,706.4204,34.150548
39.10527,-136.3666,0.469598,-1.022707,1.174438,-0.982099,1.022101,1.639242,706.4211,34.100853
39.110732,-140.00641,0.457319,-1.075931,1.248227,-0.943801,0.930424,1.64108,706.419,34.134502
39.108762,-143.62935,0.443892,-1.119256,1.308659,-0.895499,0.831212,1.634007,706.42308,34.141253
39.108444,-147.27351,0.431042,-1.159615,1.370288,-0.843377,0.732944,1.6312,706.41744,34.135878
39.106411,-150.91237,0.420472,-1.208945,1.436264,-0.796352,0.639723,1.642958,706.42002,34.109084
39.104148,-154.53578,0.405898,-1.236593,1.479822,-0.732343,0.537943,1.636029,706.41767,34.102515
39.112654,-158.18351,0.392297,-1.271777,1.51506,-0.673436,0.426626,1.63879,706.41451,34.134269
39.103318,-161.80908,0.377758,-1.296996,1.543463,-0.604589,0.320758,1.634533,706.40952,34.104592
39.102424,-165.45353,0.364306,-1.321946,1.564788,-0.533458,0.212183,1.632705,706.40686,34.125752
39.112394,-169.08758,0.352638,-1.351323,1.595962,-0.463051,0.112042,1.644016,706.40784,34.135826
39.111118,-172.72874,0.339127,-1.36247,1.602926,-0.380853,0.009637,1.639521,706.4053,34.110642
39.10692,-176.34982,0.326118,-1.371227,1.605385,-0.294138,-0.093663,1.635636,706.40641,34.131179
39.1,-180,0.313223,-1.371714,1.593946,-0.20433,-0.196074,1.629427,706.41207,34.089092
41.4,-180,0.156693,-1.511051,1.565498,-0.342038,-0.321622,1.637032,706.41126,34.107137
41.404758,-176.53565,0.169107,-1.508548,1.56744,-0.430173,-0.22939,1.641229,706.41072,34.09592
41.405797,-173.06784,0.18298,-1.489483,1.559378,-0.509823,-0.122111,1.636928,706.40784,34.088287
41.41086,-169.6102,0.192766,-1.477676,1.554242,-0.589693,-0.014937,1.637161,706.40865,34.080056
41.404345,-166.14237,0.206043,-1.461915,1.532371,-0.664346,0.081339,1.638646,706.40863,34.11046
41.411461,-162.69536,0.218596,-1.44446,1.508563,-0.735994,0.182176,1.639541,706.40529,34.091117
41.405292,-159.2323,0.234044,-1.414358,1.478004,-0.799074,0.291605,1.637191,706.39967,34.096933
41.4132,-155.76928,0.245548,-1.385925,1.436333,-0.860013,0.392446,1.636953,706.39714,34.08582
41.409741,-152.30578,0.2575,-1.359911,1.400474,-0.920748,0.502839,1.640837,706.38786,34.095167
41.409752,-148.84599,0.273226,-1.318693,1.340246,-0.969393,0.600213,1.637613,706.38433,34.084782
41.406911,-145.37693,0.284204,-1.276992,1.280326,-1.015251,0.699897,1.631672,706.38422,34.053314
41.405467,-141.92407,0.296965,-1.241879,1.22038,-1.064457,0.79811,1.639491,706.38441,34.094362
41.40412,-138.46679,0.306338,-1.19378,1.14225,-1.10493,0.884338,1.636967,706.38969,34.050198
41.412154,-135.00078,0.317505,-1.140988,1.070348,-1.13988,0.980395,1.635954,706.39343,34.07058
41.404381,-131.53827,0.331189,-1.085682,0.981796,-1.172823,1.057458,1.639635,706.3949,34.043448
41.40441,-128.08276,0.339947,-1.029174,0.908861,-1.204281,1.150187,1.639595,706.39065,34.062998
41.414149,-124.62031,0.348088,-0.96593,0.812714,-1.231869,1.217459,1.638304,706.38557,34.027973
41.405982,-121.16022,0.359617,-0.89543,0.723611,-1.252484,1.289719,1.639401,706.38299,34.002165
41.410105,-117.6892,0.3675,-0.819122,0.627638,-1.268285,1.350767,1.636217,706.38289,34.031738
41.402873,-114.23211,0.37585,-0.743987,0.531535,-1.284826,1.40803,1.637817,706.38849,34.042461
41.400301,-110.76924,0.383654,-0.663879,0.434628,-1.295843,1.455895,1.636471,706.38584,34.01146
41.400975,-107.31275,0.388721,-0.580528,0.337866,-1.307834,1.503168,1.640097,706.3841,34.013408
41.412303,-103.85264,0.394771,-0.492453,0.23541,-1.313224,1.531527,1.638905,706.38189,33.98599
41.406815,-100.38898,0.400116,-0.401968,0.138717,-1.315713,1.560446,1.639441,706.37284,34.002581
41.408102,-96.926469,0.405018,-0.303005,0.039023,-1.304675,1.567654,1.627763,706.38461,33.985886
41.402421,-93.478972,0.410805,-0.208403,-0.056861,-1.307914,1.586917,1.633982,706.39069,33.974592
41.4,-90,0.418033,-0.109385,-0.151537,-1.30703,1.597184,1.638433,706.4051,34.015589
41.401853,-86.539909,0.427217,-0.006388,-0.250983,-1.306617,1.599236,1.649107,706.41045,33.983965
41.406969,-83.092353,0.434196,0.099942,-0.333152,-1.291085,1.595039,1.646519,706.40568,34.001386
41.405113,-79.629742,0.43588,0.202641,-0.416706,-1.26516,1.570142,1.633659,706.38734,33.980875
41.410031,-76.165948,0.438394,0.304982,-0.501369,-1.246394,1.544928,1.628742,706.37585,33.947019
41.398131,-72.705657,0.446888,0.414233,-0.586484,-1.23709,1.530166,1.644642,706.37182,34.006268
41.396882,-69.248942,0.448969,0.518804,-0.665573,-1.213476,1.491013,1.642729,706.36493,33.958001
41.398876,-65.785795,0.449009,0.617728,-0.734882,-1.188445,1.449075,1.640112,706.35313,33.956833
41.405529,-62.328391,0.450196,0.719716,-0.806202,-1.161115,1.40043,1.643971,706.34333,33.98747
41.40082,-58.856991,0.447335,0.813827,-0.866614,-1.124596,1.338656,1.639118,706.33459,33.952393
41.408403,-55.396474,0.443634,0.902871,-0.922491,-1.085687,1.271161,1.633744,706.33493,33.962259
41.398077,-51.933539,0.440515,0.993618,-0.978691,-1.0473,1.200223,1.635726,706.34173,33.971217
41.397464,-48.477479,0.436605,1.079721,-1.033108,-1.009821,1.127765,1.639531,706.34298,33.96901
41.404655,-45.014338,0.428787,1.157807,-1.079592,-0.960536,1.040057,1.63576,706.34426,33.939411
41.396043,-41.547636,0.42301,1.23487,-1.115471,-0.909045,0.960655,1.637857,706.3456,33.991313
41.396823,-38.089589,0.415549,1.29944,-1.151638,-0.851231,0.864771,1.634737,706.34217,33.947694
41.397715,-34.635874,0.408118,1.369071,-1.196999,-0.800942,0.771545,1.645571,706.34219,33.946707
41.400021,-31.165872,0.395004,1.414984,-1.21665,-0.732835,0.669671,1.635507,706.33851,33.93048
41.3995,-27.705055,0.385537,1.468343,-1.254188,-0.6706,0.565462,1.642759,706.33248,33.954522
41.402482,-24.240446,0.371549,1.5006,-1.273759,-0.597437,0.456499,1.632591,706.33138,33.92726
41.394137,-20.776225,0.359006,1.529818,-1.277291,-0.523508,0.367043,1.629586,706.32554,33.929337
41.399917,-17.311888,0.347408,1.575199,-1.321072,-0.456966,0.256163,1.650354,706.33909,33.898441
41.39247,-13.863532,0.333152,1.573272,-1.31529,-0.371906,0.151915,1.630311,706.33146,33.923547
41.398717,-10.394289,0.321106,1.587786,-1.334573,-0.29165,0.043643,1.635244,706.3428,33.912617
41.393458,-6.935188,0.311201,1.601188,-1.34642,-0.206178,-0.054715,1.64344,706.35542,33.907268
41.392298,-3.465869,0.295514,1.596861,-1.361809,-0.120839,-0.165232,1.642392,706.36195,33.921211
41.3875,0,0.281422,1.583554,-1.358267,-0.032069,-0.256407,1.636019,706.36362,33.913525
41.391544,3.451713,0.268636,1.570237,-1.379607,0.056881,-0.370173,1.637469,706.37102,33.919861
41.39195,6.92111,0.257604,1.551818,-1.367452,0.150713,-0.448805,1.640777,706.37039,33.896493
41.396463,10.380342,0.24447,1.520926,-1.375946,0.241644,-0.549959,1.640122,706.36959,33.916953
41.389477,13.849762,0.231868,1.484913,-1.367978,0.336216,-0.634021,1.639039,706.36896,33.914616
41.396199,17.29835,0.218645,1.44223,-1.372504,0.428385,-0.728767,1.641006,706.36625,33.881071
41.389704,20.762964,0.204936,1.39129,-1.362961,0.521213,-0.810072,1.643499,706.36536,33.872243
41.397351,24.227517,0.19369,1.33586,-1.351676,0.614166,-0.888103,1.64571,706.36226,33.846851
41.39369,27.6925,0.182007,1.2682,-1.331747,0.703722,-0.954521,1.642839,706.36598,33.869673
41.393553,31.153737,0.168193,1.194555,-1.317227,0.791732,-1.027187,1.642158,706.36391,33.902984
41.390612,34.624205,0.15419,1.115362,-1.297353,0.877711,-1.093645,1.643191,706.36009,33.840334
41.389113,38.078426,0.140579,1.0291,-1.27588,0.957322,-1.15883,1.641691,706.36361,33.828235
41.387753,41.537021,0.128837,0.941039,-1.255156,1.036898,-1.219769,1.643321,706.36273,33.882473
41.395815,45.004314,0.114387,0.844823,-1.213485,1.110687,-1.259632,1.643301,706.35365,33.853108
41.388106,48.468076,0.102982,0.747911,-1.185023,1.182445,-1.317938,1.645928,706.35455,33.828676
41.388236,51.924794,0.09186,0.645818,-1.130298,1.244819,-1.345884,1.642953,706.35481,33.838698
41.398114,55.388423,0.078737,0.54071,-1.087674,1.303905,-1.389288,1.644811,706.34755,33.84049
41.390122,58.849656,0.068107,0.435413,-1.029363,1.359087,-1.419236,1.647349,706.34589,33.849162
41.394459,62.321805,0.0584,0.326679,-0.967778,1.403187,-1.443278,1.642223,706.3419,33.843943
41.387476,65.779978,0.049365,0.220225,-0.906844,1.44368,-1.471755,1.644483,706.33823,33.820861
41.385193,69.243916,0.042485,0.11233,-0.835574,1.474373,-1.490099,1.6396,706.33356,33.824756
41.386196,72.701441,0.033748,0.006487,-0.76472,1.492345,-1.507018,1.628856,706.3327,33.82003
41.397894,76.162557,0.026168,-0.099718,-0.683922,1.514499,-1.518661,1.632084,706.3331,33.784097
41.392818,79.62719,0.02125,-0.20358,-0.595032,1.532272,-1.52193,1.635438,706.33318,33.806244
41.39456,83.090647,0.016645,-0.304868,-0.514319,1.543771,-1.536916,1.640266,706.33427,33.801285
41.389376,86.539053,0.013456,-0.403305,-0.428484,1.546667,-1.546756,1.642655,706.33603,33.811982
41.3875,90,0.010392,-0.497728,-0.34097,1.545092,-1.555355,1.647116,706.33434,33.796092
41.389944,93.479833,0.007019,-0.588128,-0.245817,1.528874,-1.55227,1.644031,706.32848,33.823977
41.395693,96.928179,0.007123,-0.672075,-0.156038,1.506059,-1.552846,1.639699,706.32191,33.830182
41.39452,100.39154,0.007098,-0.751418,-0.062901,1.478123,-1.549707,1.635596,706.32373,33.78137
41.400166,103.85603,0.008266,-0.829002,0.050393,1.447306,-1.523892,1.63729,706.32317,33.811177
41.389042,107.31697,0.011748,-0.905732,0.154319,1.415391,-1.514409,1.644706,706.32348,33.789497
41.388614,110.77427,0.019899,-0.970719,0.260778,1.372057,-1.493169,1.644215,706.32581,33.80131
41.391475,114.23793,0.026202,-1.0268,0.367098,1.319284,-1.459009,1.642456,706.32002,33.807308
41.399037,117.69578,0.030827,-1.077387,0.468188,1.255256,-1.424074,1.63588,706.31184,33.763066
41.395286,121.16756,0.037627,-1.136259,0.560609,1.201475,-1.415143,1.647245,706.30968,33.792613
41.403863,124.62836,0.040563,-1.185619,0.666432,1.130338,-1.373676,1.643345,706.30609,33.77571
41.394571,128.0915,0.046583,-1.235699,0.762689,1.057388,-1.344264,1.645948,706.30687,33.774023
41.395026,131.54767,0.051064,-1.278483,0.849447,0.975959,-1.309235,1.640007,706.3014,33.772257
41.403316,135.01081,0.054576,-1.323352,0.946826,0.891759,-1.265568,1.639982,706.29583,33.796559
41.395833,138.4774,0.060363,-1.353618,1.021256,0.803778,-1.222725,1.6366,706.29463,33.762365
41.397759,141.93523,0.066219,-1.384952,1.104021,0.711267,-1.165591,1.634161,706.2917,33.770907
41.39981,145.3886,0.073253,-1.414249,1.18319,0.620917,-1.109669,1.639059,706.28743,33.800843
41.403287,148.85812,0.079457,-1.436741,1.255221,0.523995,-1.043505,1.636967,706.28489,33.78015
41.403932,152.31833,0.084916,-1.458741,1.322582,0.425613,-0.972313,1.636227,706.28427,33.792613
41.408071,155.7822,0.09411,-1.471899,1.368421,0.32727,-0.907818,1.632214,706.27863,33.791444
41.400861,159.24556,0.100563,-1.490546,1.42919,0.228024,-0.82848,1.638567,706.27896,33.792768
41.407744,162.7089,0.10781,-1.500973,1.466634,0.129756,-0.755779,1.637767,706.27897,33.810657
41.401352,166.15614,0.116111,-1.507172,1.496517,0.03118,-0.679765,1.635398,706.27629,33.805776
41.408607,169.62414,0.126224,-1.506273,1.520911,-0.062772,-0.591227,1.631677,706.28014,33.784824
41.40429,173.08191,0.136238,-1.516764,1.553805,-0.158273,-0.502382,1.640122,706.27598,33.811618
41.404004,176.5498,0.146356,-1.517335,1.564341,-0.251534,-0.415773,1.643182,706.27569,33.772465
43.703291,176.69894,-0.017316,-1.642347,1.513575,-0.393643,-0.536905,1.638994,706.27684,33.752681
43.710989,173.40844,-0.026058,-1.644771,1.496989,-0.304843,-0.631721,1.639699,706.27396,33.777476
43.710833,170.09591,-0.033549,-1.644259,1.483627,-0.209381,-0.713194,1.64186,706.27525,33.753096
43.705093,166.7995,-0.042639,-1.63734,1.450758,-0.115763,-0.796541,1.638363,706.27595,33.745722
43.702505,163.49844,-0.05017,-1.635716,1.415729,-0.020957,-0.879569,1.640276,706.27971,33.720563
43.70935,160.1908,-0.058311,-1.625264,1.377148,0.079348,-0.951908,1.63887,706.27909,33.774023
43.698641,156.88561,-0.06531,-1.614058,1.319349,0.175738,-1.033362,1.63809,706.28259,33.731001
43.697057,153.59123,-0.072915,-1.599449,1.272765,0.271125,-1.091191,1.637628,706.28431,33.737284
43.703982,150.28416,-0.077942,-1.579113,1.212959,0.369641,-1.152428,1.637837,706.28839,33.740685
43.701832,146.9755,-0.085239,-1.560079,1.144842,0.465714,-1.216247,1.638592,706.29048,33.708542
43.7013,143.67805,-0.090772,-1.534269,1.071883,0.559278,-1.271379,1.638969,706.29098,33.751149
43.701086,140.37308,-0.098079,-1.515428,1.000542,0.653358,-1.326367,1.645377,706.29195,33.696677
43.693366,137.07636,-0.103931,-1.478223,0.912383,0.740266,-1.368584,1.641458,706.29097,33.701948
43.693684,133.776,-0.106216,-1.430849,0.828232,0.828719,-1.398175,1.643539,706.29306,33.705037
43.694448,130.46701,-0.111188,-1.389368,0.737599,0.908364,-1.429707,1.639292,706.29227,33.694392
43.700655,127.17488,-0.116438,-1.346768,0.636902,0.982357,-1.467508,1.634667,706.29428,33.694989
43.691775,123.86214,-0.121217,-1.300821,0.543641,1.052749,-1.491177,1.63203,706.2945,33.691874
43.698641,120.55664,-0.126736,-1.257883,0.444747,1.124978,-1.528556,1.638353,706.29458,33.715604
43.702945,117.26147,-0.131027,-1.204147,0.344224,1.185455,-1.551113,1.634057,706.2929,33.696547
43.693554,113.95309,-0.134783,-1.148831,0.240939,1.240979,-1.575676,1.632835,706.28809,33.728145
43.695923,110.64891,-0.140873,-1.09284,0.14422,1.289346,-1.594572,1.630659,706.28602,33.721706
43.69312,107.34913,-0.146024,-1.038642,0.038367,1.345298,-1.632348,1.642168,706.28073,33.724276
43.692685,104.04376,-0.148934,-0.972274,-0.064143,1.385647,-1.652888,1.642918,706.291,33.758263
43.693522,100.74533,-0.151547,-0.902284,-0.165525,1.421312,-1.671535,1.644627,706.28258,33.742633
43.692438,97.448167,-0.150598,-0.821337,-0.254693,1.442741,-1.664332,1.638716,706.27599,33.783681
43.699955,94.145147,-0.149431,-0.729656,-0.351198,1.448394,-1.654785,1.622373,706.27092,33.772257
43.69052,90.832428,-0.148254,-0.652027,-0.444643,1.483379,-1.674098,1.645824,706.26052,33.766831
43.688918,87.538484,-0.147156,-0.561652,-0.537407,1.485614,-1.672826,1.639987,706.25557,33.773607
43.695708,84.222817,-0.145467,-0.462619,-0.62202,1.472028,-1.655123,1.622731,706.25615,33.763066
43.697212,80.933275,-0.140982,-0.362225,-0.6933,1.446824,-1.622403,1.603403,706.26431,33.772465
43.697073,77.62749,-0.135036,-0.262407,-0.770125,1.432007,-1.609473,1.600358,706.27444,33.75037
43.696959,74.317603,-0.131991,-0.165048,-0.859432,1.434153,-1.625106,1.623541,706.2887,33.786433
43.697653,71.015893,-0.128211,-0.06611,-0.937741,1.424238,-1.624365,1.638582,706.3011,33.775555
43.690938,67.712331,-0.12077,0.039808,-1.010254,1.397852,-1.615255,1.645044,706.30446,33.796871
43.693363,64.406261,-0.113508,0.145125,-1.07456,1.360031,-1.594447,1.644885,706.30239,33.803829
43.694806,61.104999,-0.104383,0.252299,-1.13227,1.316915,-1.56749,1.645367,706.29647,33.787809
43.690442,57.796669,-0.093658,0.358942,-1.196155,1.270371,-1.550427,1.647995,706.29023,33.780202
43.692569,54.499435,-0.083222,0.464566,-1.238372,1.216034,-1.511722,1.65017,706.28698,33.788562
43.687554,51.19346,-0.071708,0.56803,-1.283534,1.151822,-1.475689,1.645615,706.27864,33.791626
43.687074,47.897084,-0.060432,0.669269,-1.325096,1.086084,-1.436194,1.647121,706.27104,33.763533
43.689249,44.597148,-0.046146,0.765545,-1.356216,1.013,-1.390704,1.641617,706.2678,33.752005
43.694772,41.279812,-0.034592,0.860137,-1.382215,0.938114,-1.337921,1.643475,706.2643,33.754394
43.689262,37.981125,-0.022204,0.941854,-1.404816,0.853863,-1.283594,1.631801,706.26884,33.733312
43.688482,34.679894,-0.007595,1.031598,-1.427397,0.778008,-1.227687,1.638939,706.27743,33.771686
43.691732,31.382344,0.002866,1.110295,-1.447048,0.692496,-1.166142,1.640097,706.28396,33.745359
43.690824,28.080669,0.019079,1.185083,-1.461562,0.607734,-1.101006,1.637886,706.28762,33.77423
43.694526,24.764604,0.030077,1.250899,-1.469321,0.517235,-1.027396,1.636098,706.29154,33.734506
43.688659,21.474721,0.041695,1.314466,-1.484725,0.426775,-0.956756,1.638607,706.29297,33.771842
43.694967,18.165548,0.053269,1.368078,-1.49536,0.335923,-0.881894,1.638905,706.29002,33.772517
43.690308,14.856029,0.066145,1.416275,-1.498131,0.243224,-0.797152,1.639714,706.29209,33.749773
43.687872,11.561168,0.077366,1.454265,-1.507525,0.150961,-0.720566,1.637017,706.29223,33.756186
43.689842,8.25784,0.089834,1.494873,-1.51735,0.061277,-0.638685,1.646137,706.29011,33.76587
43.691313,4.950156,0.103404,1.523897,-1.50524,-0.029615,-0.532827,1.648601,706.28818,33.767272
43.697667,1.648921,0.115693,1.542018,-1.504981,-0.118684,-0.443758,1.647881,706.28828,33.752681
43.698028,-1.661997,0.126845,1.54841,-1.48995,-0.207549,-0.342649,1.639446,706.29056,33.71898
43.692393,-4.963191,0.141786,1.554952,-1.477775,-0.290711,-0.241684,1.638607,706.28777,33.723887
43.691638,-8.270789,0.154955,1.555683,-1.468785,-0.374564,-0.138756,1.641095,706.29177,33.748812
43.690378,-11.573988,0.168128,1.548366,-1.460256,-0.456445,-0.037622,1.640683,706.29498,33.720174
43.693514,-14.868676,0.181793,1.531994,-1.445975,-0.532484,0.065966,1.637708,706.29569,33.726275
43.698865,-18.177977,0.19215,1.508533,-1.434371,-0.607664,0.165987,1.636888,706.29672,33.738634
43.693237,-21.486897,0.204613,1.478749,-1.42015,-0.680361,0.267077,1.634871,706.30195,33.742633
43.699763,-24.776482,0.21713,1.45052,-1.393734,-0.752262,0.384946,1.64184,706.29839,33.699221
43.696709,-28.092211,0.22787,1.400772,-1.380466,-0.814388,0.466752,1.633729,706.29793,33.71467
43.698242,-31.393512,0.238485,1.352793,-1.345159,-0.877195,0.580732,1.635174,706.29854,33.728482
43.695595,-34.690653,0.249636,1.303091,-1.324425,-0.93934,0.677703,1.641408,706.30085,33.706829
43.696955,-37.991437,0.258717,1.239837,-1.296067,-0.996757,0.771501,1.641403,706.30011,33.713969
43.70302,-41.289642,0.266853,1.173901,-1.26519,-1.051368,0.865139,1.643574,706.30316,33.6791
43.698026,-44.606464,0.27562,1.095289,-1.213197,-1.096357,0.960029,1.637931,706.30213,33.713579
43.696349,-47.905856,0.279703,1.014232,-1.178521,-1.140208,1.030664,1.635204,706.30206,33.7128
43.697296,-51.201659,0.285605,0.933355,-1.135648,-1.184909,1.115217,1.639769,706.30418,33.710464
43.702746,-54.50703,0.290746,0.848404,-1.084376,-1.222362,1.191008,1.643892,706.30154,33.698001
43.70102,-57.803641,0.293696,0.755501,-1.028141,-1.257675,1.260029,1.642908,706.29838,33.719395
43.70575,-61.111319,0.294744,0.65997,-0.966422,-1.286003,1.31845,1.639774,706.30317,33.695898
43.704636,-64.411911,0.294258,0.560291,-0.904207,-1.317759,1.375519,1.642004,706.30155,33.706206
43.702505,-67.717292,0.294049,0.46103,-0.834913,-1.339883,1.42242,1.641065,706.2984,33.678788
43.709473,-71.020147,0.291739,0.359682,-0.762495,-1.36318,1.463961,1.642516,706.2978,33.665936
43.708994,-74.321138,0.2886,0.254648,-0.685343,-1.383705,1.499055,1.642739,706.29318,33.674816
43.709282,-77.630293,0.285222,0.151135,-0.607823,-1.398959,1.519128,1.640658,706.29028,33.664742
43.709555,-80.935336,0.279703,0.047209,-0.520021,-1.408964,1.535252,1.634836,706.28306,33.655836
43.708145,-84.224134,0.276077,-0.053036,-0.4336,-1.422067,1.551838,1.639143,706.28056,33.648488
43.701406,-87.539046,0.270752,-0.154329,-0.346524,-1.431003,1.556378,1.638845,706.27598,33.682293
43.703019,-90.832238,0.264697,-0.254236,-0.258995,-1.440754,1.556373,1.642948,706.26911,33.64841
43.712423,-94.144202,0.259387,-0.348744,-0.160985,-1.43908,1.548097,1.636719,706.2665,33.673102
43.704833,-97.446472,0.252532,-0.446903,-0.070774,-1.448195,1.534343,1.642302,706.26776,33.650046
43.705803,-100.74289,0.245504,-0.537253,0.028676,-1.44291,1.509397,1.635989,706.26857,33.650436
43.704812,-104.04059,0.241108,-0.625348,0.127267,-1.442697,1.487084,1.638805,706.26723,33.657783
43.705052,-107.34523,0.233855,-0.717536,0.223394,-1.447808,1.456987,1.64949,706.26378,33.617046
43.70762,-110.6443,0.224373,-0.793625,0.317788,-1.429702,1.401761,1.633158,706.27648,33.622551
43.704978,-113.94778,0.217106,-0.877905,0.415261,-1.429593,1.358789,1.645248,706.27299,33.659653
43.714057,-117.25548,0.209203,-0.950204,0.513385,-1.411517,1.30082,1.640007,706.27136,33.636104
43.709406,-120.54999,0.202835,-1.024644,0.609805,-1.402138,1.243279,1.648427,706.26861,33.585552
43.702155,-123.85485,0.194221,-1.091737,0.702699,-1.381325,1.173007,1.648318,706.26537,33.620214
43.710615,-127.16698,0.183263,-1.149194,0.790183,-1.35255,1.095075,1.642238,706.26566,33.62603
43.703958,-130.45852,0.173403,-1.20369,0.871532,-1.321763,1.008376,1.63657,706.26279,33.562107
43.702711,-133.76695,0.164134,-1.252027,0.951873,-1.287473,0.923251,1.632755,706.26422,33.596198
43.70188,-137.06678,0.155864,-1.312841,1.038105,-1.266134,0.842637,1.645884,706.27179,33.606583
43.709059,-140.36301,0.141379,-1.354403,1.112813,-1.225521,0.752014,1.639928,706.27433,33.610945
43.708705,-143.66751,0.13134,-1.402014,1.180622,-1.189513,0.652295,1.644602,706.27519,33.609361
43.708646,-146.96454,0.11778,-1.437312,1.239365,-1.14516,0.553893,1.640231,706.27341,33.573272
43.71018,-150.27281,0.105928,-1.470628,1.298541,-1.095915,0.455014,1.641706,706.27536,33.612866
43.702618,-153.57952,0.092292,-1.50515,1.349182,-1.046291,0.352594,1.641095,706.27614,33.59734
43.70355,-156.87358,0.078766,-1.532719,1.391995,-0.991437,0.247669,1.641438,706.28088,33.553955
43.713587,-160.1785,0.065141,-1.56285,1.43234,-0.935188,0.145075,1.643981,706.27764,33.600066
43.706057,-163.4859,0.053095,-1.589465,1.466132,-0.872049,0.039957,1.648203,706.27768,33.584592
43.707949,-166.78677,0.040657,-1.604963,1.490065,-0.803023,-0.059349,1.646177,706.27373,33.585682
43.712984,-170.08303,0.029108,-1.618355,1.503307,-0.729194,-0.163126,1.642724,706.26923,33.536533
43.712425,-173.39545,0.016953,-1.626665,1.514101,-0.64938,-0.259735,1.640345,706.26317,33.57605
43.704012,-176.68588,0.003884,-1.630222,1.512686,-0.566798,-0.357457,1.633913,706.25788,33.576569
43.7,-180,-0.004947,-1.641989,1.522357,-0.482672,-0.449545,1.643236,706.25424,33.548528
46,-180,-0.171744,-1.764374,1.459441,-0.625954,-0.582545,1.645923,706.25823,33.56325
46.004456,-176.80855,-0.159743,-1.7596,1.463286,-0.709136,-0.489905,1.648333,706.25544,33.514308
46.003511,-173.62243,-0.148219,-1.740372,1.451886,-0.783079,-0.393807,1.64639,706.25367,33.543128
46.006002,-170.43783,-0.133725,-1.710727,1.432821,-0.848513,-0.291665,1.638105,706.25312,33.545465
46.006839,-167.25125,-0.1238,-1.717661,1.424804,-0.929957,-0.194405,1.645794,706.25194,33.53456
46.010761,-164.06629,-0.114307,-1.717994,1.400797,-1.005202,-0.103151,1.648491,706.25179,33.553981
46.007712,-160.88386,-0.099147,-1.691046,1.370785,-1.06326,0.002901,1.644721,706.25057,33.516229
46.005124,-157.69127,-0.086878,-1.665241,1.332979,-1.120612,0.106782,1.643832,706.25092,33.528822
46.010192,-154.51314,-0.070103,-1.613144,1.284816,-1.156148,0.213062,1.640286,706.2511,33.524538
46.005169,-151.32696,-0.058172,-1.588785,1.238769,-1.207247,0.315677,1.644408,706.2478,33.546996
46.003194,-148.14178,-0.047691,-1.567425,1.179529,-1.260084,0.408873,1.642203,706.25075,33.532664
46.005265,-144.96102,-0.035829,-1.53337,1.119325,-1.302728,0.510613,1.644657,706.25435,33.53173
46.010246,-141.76798,-0.021305,-1.49685,1.053072,-1.34111,0.608062,1.645337,706.24833,33.523941
46.002511,-138.58774,-0.010069,-1.446223,0.978523,-1.368023,0.700712,1.640534,706.24852,33.526485
46.004456,-135.40035,-0.000979,-1.407955,0.901296,-1.407145,0.792805,1.643152,706.24376,33.551254
46.005821,-132.2248,0.008747,-1.362186,0.823215,-1.438271,0.88015,1.645774,706.23958,33.515009
46.009671,-129.02555,0.016392,-1.311535,0.734584,-1.467419,0.959508,1.636654,706.23627,33.53147
46.001587,-125.84313,0.023138,-1.255504,0.644045,-1.490288,1.033505,1.634116,706.23842,33.542764
46.007885,-122.66706,0.032456,-1.194292,0.554951,-1.508692,1.108184,1.632234,706.23797,33.541804
46.000989,-119.46863,0.042898,-1.131764,0.471784,-1.531015,1.192022,1.646182,706.23743,33.550501
46.010729,-116.27951,0.050403,-1.059047,0.37523,-1.537383,1.249121,1.645784,706.24029,33.526044
46.007529,-113.1071,0.055688,-0.991239,0.273683,-1.556308,1.298978,1.639774,706.24196,33.55476
46.004531,-109.91937,0.063328,-0.916675,0.176111,-1.56966,1.351229,1.641726,706.24597,33.542816
46.00111,-106.72863,0.071643,-0.834724,0.080068,-1.573456,1.394275,1.640241,706.24258,33.524927
46.007804,-103.54429,0.076074,-0.75261,-0.021379,-1.576669,1.42243,1.63809,706.23904,33.546685
46.008693,-100.36527,0.082929,-0.660924,-0.109196,-1.568856,1.452721,1.631121,706.23851,33.562808
46.012097,-97.166924,0.085999,-0.578173,-0.210241,-1.582173,1.480627,1.641448,706.24846,33.553202
46.007253,-93.997798,0.091999,-0.485056,-0.304341,-1.576342,1.491962,1.638934,706.25716,33.531496
46.002786,-90.799319,0.096678,-0.392332,-0.395412,-1.577042,1.506029,1.643807,706.25997,33.541959
46.012218,-87.619504,0.103449,-0.29084,-0.488668,-1.568498,1.501614,1.642327,706.26494,33.526849
46.010216,-84.436077,0.111933,-0.187352,-0.571165,-1.550586,1.491952,1.636282,706.2644,33.523499
46.010657,-81.244408,0.118545,-0.087827,-0.656721,-1.550333,1.488569,1.645377,706.2636,33.557927
46.001938,-78.055029,0.123681,0.015165,-0.739461,-1.539738,1.472838,1.64797,706.26315,33.505558
46.008388,-74.885328,0.12766,0.118023,-0.810375,-1.508742,1.433055,1.632666,706.25286,33.533729
46.001027,-71.688035,0.128429,0.217334,-0.879956,-1.489553,1.399287,1.629348,706.24956,33.499665
46.003338,-68.499242,0.132811,0.319919,-0.956214,-1.476871,1.363885,1.637315,706.2526,33.503248
46.003642,-65.327808,0.134713,0.423065,-1.025752,-1.45962,1.322995,1.644399,706.25501,33.528043
46.003131,-62.131066,0.134172,0.522122,-1.090704,-1.437372,1.269527,1.644647,706.26047,33.516411
45.995888,-58.953435,0.133054,0.617281,-1.141132,-1.401354,1.206422,1.638532,706.2619,33.503455
46.007792,-55.765271,0.130223,0.711049,-1.200213,-1.37309,1.138857,1.63887,706.26084,33.491616
46.004858,-52.575046,0.127088,0.80045,-1.249469,-1.337136,1.063985,1.636192,706.26028,33.472091
45.998959,-49.399682,0.124192,0.890606,-1.297309,-1.302738,0.989644,1.641085,706.25764,33.524564
46.001533,-46.197655,0.117576,0.972249,-1.341542,-1.261991,0.905513,1.641835,706.25695,33.551254
45.994495,-43.023375,0.1108,1.048328,-1.375474,-1.217842,0.822346,1.640921,706.25294,33.514438
45.999683,-39.843927,0.103628,1.124193,-1.415088,-1.17255,0.731409,1.644433,706.25696,33.530977
46.003024,-36.651106,0.09486,1.189533,-1.442543,-1.117085,0.633484,1.643097,706.25294,33.506727
45.997816,-33.464472,0.086456,1.252951,-1.470662,-1.062485,0.53762,1.644865,706.25024,33.535391
45.992746,-30.276476,0.077241,1.310656,-1.499731,-1.005788,0.437291,1.647935,706.2386,33.513296
46.002634,-27.091092,0.062777,1.355098,-1.522282,-0.944819,0.334115,1.645526,706.2335,33.512724
45.993415,-23.909167,0.053692,1.394077,-1.534775,-0.875208,0.232087,1.640191,706.22585,33.512309
45.999416,-20.709995,0.040414,1.429255,-1.553606,-0.807946,0.128628,1.641224,706.22169,33.505558
45.992351,-17.536984,0.028025,1.45433,-1.562811,-0.735955,0.028934,1.639103,706.22518,33.517943
45.99501,-14.345317,0.016938,1.480433,-1.581895,-0.662771,-0.077107,1.642883,706.22408,33.476116
45.996781,-11.152651,0.002499,1.490586,-1.589803,-0.586474,-0.178117,1.640658,706.23252,33.481931
45.995852,-7.975399,-0.010769,1.497386,-1.598232,-0.506992,-0.280245,1.639625,706.22992,33.511997
45.993987,-4.786496,-0.022845,1.497779,-1.607159,-0.423805,-0.379179,1.64041,706.22938,33.521344
45.997957,-1.594146,-0.033996,1.491878,-1.611048,-0.337786,-0.475226,1.638582,706.23486,33.526849
45.997611,1.582079,-0.046698,1.479211,-1.620064,-0.255736,-0.568487,1.638716,706.23761,33.492758
45.992946,4.774464,-0.060586,1.459188,-1.6236,-0.166941,-0.661942,1.639396,706.24092,33.487358
45.994119,7.963442,-0.072383,1.443481,-1.637951,-0.077351,-0.756782,1.650866,706.24171,33.501145
45.994365,11.140806,-0.085606,1.400827,-1.632571,0.013074,-0.841683,1.642287,706.24066,33.459057
45.991915,14.333619,-0.096539,1.354756,-1.621261,0.104348,-0.918319,1.635313,706.24388,33.496653
45.988585,17.52547,-0.108436,1.31153,-1.621395,0.195816,-1.001531,1.639158,706.24822,33.491772
45.994997,20.698703,-0.120492,1.252514,-1.607784,0.284994,-1.071808,1.633163,706.25221,33.484943
45.98835,23.898128,-0.131201,1.194714,-1.601352,0.376764,-1.146114,1.636645,706.25238,33.480296
45.996942,27.080345,-0.143003,1.132086,-1.597284,0.467005,-1.21957,1.642367,706.25447,33.462173
45.986445,30.266047,-0.156981,1.065569,-1.593384,0.557976,-1.290881,1.652818,706.25262,33.485774
45.990924,33.4544,-0.169574,0.982173,-1.573058,0.640364,-1.34799,1.646092,706.24784,33.458668
45.995563,36.641421,-0.181813,0.89544,-1.551545,0.725325,-1.400718,1.644682,706.23717,33.450308
45.991675,39.834657,-0.193556,0.804285,-1.5257,0.803599,-1.448637,1.640127,706.23499,33.416451
45.985967,43.014546,-0.207842,0.714873,-1.505125,0.882564,-1.500104,1.645958,706.23653,33.461784
45.992512,46.189298,-0.21878,0.617812,-1.469932,0.952216,-1.538516,1.639729,706.2377,33.48123
45.989468,49.391824,-0.231039,0.517915,-1.439199,1.022175,-1.580753,1.642739,706.23744,33.409493
45.994931,52.567709,-0.243139,0.414099,-1.398319,1.08443,-1.614585,1.639933,706.23779,33.449762
45.997458,55.75848,-0.255115,0.309785,-1.353499,1.14224,-1.645332,1.638726,706.24172,33.443505
45.985179,58.947206,-0.264593,0.205323,-1.307064,1.197342,-1.673745,1.639461,706.24059,33.452489
45.992081,62.125422,-0.277349,0.09948,-1.262433,1.25147,-1.708953,1.647439,706.23743,33.421748
45.992284,65.322768,-0.284944,-0.006065,-1.201514,1.287051,-1.725226,1.638567,706.24009,33.420346
45.991708,68.494817,-0.293691,-0.109921,-1.140089,1.326,-1.742368,1.641269,706.23655,33.433665
45.98916,71.684242,-0.298669,-0.213072,-1.074565,1.359743,-1.759938,1.644016,706.24124,33.449373
45.996321,74.882181,-0.305384,-0.315627,-1.002306,1.37915,-1.768253,1.638428,706.24073,33.445115
45.989709,78.05253,-0.311603,-0.416354,-0.931442,1.39812,-1.782395,1.640236,706.24219,33.407935
45.998303,81.242571,-0.319059,-0.515436,-0.857162,1.414909,-1.796507,1.64645,706.24354,33.461784
45.997775,84.434907,-0.322303,-0.61127,-0.772593,1.419286,-1.800039,1.645804,706.24522,33.431796
45.999729,87.619003,-0.325219,-0.703523,-0.68729,1.415178,-1.802398,1.642427,706.24044,33.409856
45.990287,90.799487,-0.3251,-0.7906,-0.597362,1.407349,-1.801718,1.642734,706.23806,33.421514
45.994783,93.99864,-0.328994,-0.881308,-0.510812,1.395582,-1.811359,1.647632,706.23583,33.412816
45.999694,97.16843,-0.327633,-0.954029,-0.41237,1.368063,-1.793502,1.63735,706.23327,33.391266
45.996397,100.36744,-0.324126,-1.027033,-0.312801,1.340837,-1.781714,1.637871,706.22821,33.391214
45.995652,103.54712,-0.32423,-1.104722,-0.218685,1.317824,-1.785897,1.650543,706.23292,33.395914
45.989139,106.73211,-0.316263,-1.165591,-0.114193,1.277767,-1.763733,1.644488,706.22703,33.41414
45.992779,109.92348,-0.310694,-1.22575,-0.00686,1.230404,-1.740873,1.644289,706.22902,33.405365
45.996032,113.11183,-0.305017,-1.27819,0.082924,1.176782,-1.725877,1.641607,706.23022,33.370755
45.999521,116.28486,-0.300353,-1.329348,0.199015,1.119365,-1.684504,1.638959,706.23398,33.420709
45.990107,119.47457,-0.29396,-1.37684,0.296582,1.057726,-1.662956,1.638656,706.23556,33.389345
45.997362,122.67358,-0.289573,-1.422922,0.384797,0.989962,-1.648924,1.638274,706.236,33.405754
45.991455,125.8502,-0.28406,-1.46803,0.498677,0.919054,-1.605221,1.640112,706.23671,33.391682
45.999961,129.03315,-0.279311,-1.504445,0.583767,0.843819,-1.584404,1.640996,706.23015,33.410427
45.996565,132.23291,-0.274632,-1.539951,0.673933,0.762639,-1.5515,1.64339,706.22087,33.396589
45.99568,135.40895,-0.268005,-1.566874,0.762336,0.67664,-1.504962,1.637156,706.22332,33.39594
45.994243,138.59679,-0.260783,-1.596792,0.84599,0.592161,-1.467781,1.638438,706.22433,33.421903
46.002511,141.77746,-0.255548,-1.62293,0.9386,0.502278,-1.407886,1.63877,706.23188,33.37587
45.998089,144.9709,-0.251077,-1.656375,1.024242,0.412762,-1.361342,1.648184,706.22795,33.389423
45.996597,148.15204,-0.248116,-1.694777,1.078499,0.313779,-1.339228,1.642575,706.22298,33.401366
45.999173,151.33755,-0.241455,-1.712868,1.154852,0.217046,-1.269,1.64113,706.22467,33.388177
46.004814,154.52403,-0.235698,-1.733114,1.206551,0.120477,-1.222958,1.64566,706.22138,33.402535
46.000381,157.70244,-0.226062,-1.727755,1.263322,0.023654,-1.127238,1.629651,706.21476,33.365251
46.00362,160.89527,-0.218506,-1.740575,1.31228,-0.070555,-1.074858,1.64571,706.21306,33.401366
46.00733,164.0779,-0.213698,-1.745135,1.344195,-0.168535,-1.005113,1.641522,706.21118,33.384853
46.004081,167.26302,-0.207424,-1.757961,1.377819,-0.263709,-0.927732,1.637121,706.21001,33.363407
46.003927,170.44973,-0.198051,-1.759317,1.41479,-0.354625,-0.832906,1.635199,706.20178,33.361849
46.002124,173.63442,-0.190625,-1.769217,1.440009,-0.449625,-0.759187,1.645745,706.20433,33.392201
46.003762,176.8206,-0.182111,-1.765814,1.447475,-0.539433,-0.676829,1.642809,706.20644,33.3915
48.304564,176.93265,-0.346474,-1.874046,1.377203,-0.683112,-0.803296,1.649182,706.20368,33.371586
48.3055,173.85705,-0.356657,-1.873699,1.36473,-0.595524,-0.883657,1.64569,706.20301,33.35876
48.300068,170.77511,-0.363815,-1.87277,1.336456,-0.505556,-0.976098,1.648015,706.18609,33.384698
48.305915,167.69968,-0.369219,-1.863228,1.310547,-0.412767,-1.043564,1.641026,706.19059,33.353723
48.302988,164.62367,-0.376158,-1.848977,1.274221,-0.32054,-1.11406,1.640027,706.19083,33.375792
48.307976,161.54779,-0.382844,-1.843865,1.235545,-0.226201,-1.182758,1.638264,706.18842,33.377324
48.308272,158.47567,-0.390519,-1.834343,1.191088,-0.129949,-1.242316,1.63437,706.18643,33.369976
48.298405,155.39027,-0.397051,-1.824622,1.126608,-0.033137,-1.320908,1.637315,706.18511,33.376155
48.2979,152.3167,-0.406027,-1.824622,1.089457,0.062513,-1.372548,1.646365,706.19287,33.396147
48.30373,149.23712,-0.40703,-1.788142,1.013423,0.158775,-1.416911,1.63586,706.18924,33.391838
48.294755,146.16239,-0.409832,-1.755517,0.943602,0.252776,-1.451191,1.627738,706.18233,33.383919
48.299865,143.08101,-0.411689,-1.726478,0.85747,0.344874,-1.505011,1.621037,706.18734,33.404066
48.294906,140.00647,-0.421028,-1.709147,0.775161,0.432711,-1.556477,1.622085,706.18626,33.381582
48.300477,136.94297,-0.428842,-1.694394,0.705286,0.519525,-1.594616,1.630411,706.19798,33.373845
48.301452,133.85192,-0.436521,-1.681902,0.623306,0.607123,-1.644011,1.638492,706.2258,33.374598
48.301191,130.77886,-0.441031,-1.650935,0.527855,0.690514,-1.686601,1.639019,706.22056,33.323086
48.292549,127.69798,-0.449764,-1.62138,0.441309,0.769558,-1.713692,1.642287,706.21046,33.380362
48.298669,124.62185,-0.455342,-1.586177,0.33641,0.848126,-1.757007,1.65101,706.20434,33.385087
48.301008,121.5547,-0.461333,-1.550601,0.237412,0.921781,-1.790968,1.653171,706.20233,33.414919
48.29802,118.47107,-0.460448,-1.489021,0.139233,0.979248,-1.792906,1.637996,706.18931,33.336197
48.292207,115.39823,-0.464119,-1.437232,0.037553,1.035468,-1.809208,1.631911,706.18036,33.33007
48.29967,112.32339,-0.473145,-1.39955,-0.049797,1.10117,-1.83031,1.646534,706.19079,33.353905
48.289398,109.23559,-0.476826,-1.343003,-0.166603,1.150331,-1.865687,1.644597,706.19174,33.327006
48.300799,106.16833,-0.482265,-1.284205,-0.261926,1.193264,-1.87573,1.643052,706.19256,33.338223
48.300596,103.09263,-0.486954,-1.22188,-0.365871,1.230623,-1.892202,1.642302,706.194,33.326902
48.298606,100.00089,-0.486169,-1.148816,-0.451954,1.263377,-1.888308,1.639978,706.19698,33.345181
48.296798,96.938943,-0.487679,-1.080834,-0.54679,1.289093,-1.900482,1.640256,706.19816,33.333549
48.28939,93.852515,-0.488062,-1.001899,-0.635158,1.306155,-1.895684,1.636322,706.20096,33.314673
48.290072,90.770248,-0.487585,-0.923132,-0.732403,1.325712,-1.909851,1.641905,706.19858,33.34692
48.297816,87.706037,-0.489413,-0.842006,-0.826573,1.336714,-1.920938,1.646703,706.19825,33.352087
48.288113,84.621414,-0.488534,-0.751676,-0.894963,1.33812,-1.899876,1.646927,706.19884,33.338015
48.298429,81.548348,-0.487336,-0.658658,-0.981786,1.330744,-1.900145,1.644836,706.19414,33.31148
48.294058,78.462587,-0.478778,-0.560251,-1.048104,1.315082,-1.879982,1.638686,706.19302,33.302574
48.286495,75.39418,-0.473756,-0.463553,-1.131873,1.296946,-1.886137,1.637787,706.19595,33.331031
48.294404,72.309598,-0.469946,-0.364883,-1.203586,1.278001,-1.881954,1.643619,706.1985,33.300264
48.292872,69.232207,-0.466186,-0.265492,-1.27202,1.25305,-1.876267,1.651695,706.20321,33.340455
48.297318,66.161731,-0.455963,-0.161293,-1.326164,1.210798,-1.853075,1.641865,706.19911,33.329343
48.289534,63.085655,-0.449143,-0.05695,-1.37145,1.172192,-1.822908,1.64793,706.20011,33.338612
48.287022,60.004746,-0.438637,0.048968,-1.419971,1.12467,-1.798881,1.643817,706.20122,33.313505
48.291397,56.932202,-0.429582,0.152849,-1.481153,1.070452,-1.791058,1.645288,706.19867,33.303353
48.288226,53.852963,-0.417019,0.257395,-1.514772,1.012454,-1.752258,1.642595,706.19757,33.331576
48.295906,50.770382,-0.403399,0.358847,-1.550218,0.945902,-1.716479,1.63583,706.1897,33.304184
48.291103,47.697213,-0.393559,0.462763,-1.586207,0.884497,-1.684167,1.645039,706.18555,33.332381
48.289008,44.614904,-0.381518,0.558369,-1.612096,0.813469,-1.644791,1.64257,706.18287,33.33277
48.292358,41.534893,-0.370376,0.655514,-1.645695,0.742372,-1.609702,1.648159,706.18457,33.333939
48.294387,38.459348,-0.35693,0.742238,-1.660115,0.659284,-1.556904,1.638025,706.1708,33.326591
48.288579,35.387955,-0.348366,0.833969,-1.690276,0.580508,-1.518751,1.649738,706.17992,33.309143
48.293574,32.303926,-0.335297,0.91215,-1.70042,0.494266,-1.459526,1.646142,706.18242,33.310701
48.292009,29.237639,-0.322959,0.997006,-1.723736,0.411133,-1.41031,1.651959,706.18296,33.353697
48.289921,26.151203,-0.306865,1.062023,-1.708824,0.32349,-1.324415,1.639764,706.17035,33.316906
48.28849,23.07661,-0.29467,1.127586,-1.728569,0.230795,-1.271345,1.636029,706.16457,33.327967
48.294243,20.003624,-0.285321,1.183637,-1.726478,0.138672,-1.192111,1.633431,706.17089,33.330667
48.288155,16.924966,-0.274329,1.242738,-1.740208,0.049941,-1.124675,1.640072,706.1686,33.356034
48.296187,13.838313,-0.262214,1.290181,-1.736805,-0.039202,-1.039094,1.639272,706.16894,33.339391
48.294261,10.764878,-0.250416,1.332408,-1.745091,-0.12911,-0.965538,1.643628,706.1686,33.325422
48.287348,7.689911,-0.23776,1.362082,-1.733974,-0.216718,-0.873777,1.639377,706.16701,33.382517
48.294786,4.606685,-0.224422,1.388021,-1.726925,-0.305007,-0.78067,1.637131,706.16809,33.35123
48.29815,1.537668,-0.21342,1.416981,-1.747683,-0.391363,-0.713761,1.646659,706.16046,33.428862
48.298487,-1.548802,-0.199854,1.424521,-1.723498,-0.47155,-0.610471,1.639526,706.16303,33.367795
48.295791,-4.617787,-0.190153,1.434232,-1.729672,-0.556248,-0.526732,1.643405,706.16119,33.417619
48.289022,-7.700952,-0.174923,1.434376,-1.704448,-0.635883,-0.408863,1.642123,706.15942,33.403132
48.296597,-10.77582,-0.161715,1.4285,-1.698557,-0.713795,-0.310431,1.64336,706.15951,33.443765
48.299178,-13.849127,-0.150444,1.413742,-1.694101,-0.790227,-0.214607,1.644468,706.15747,33.426914
48.291795,-16.935624,-0.137097,1.394529,-1.68057,-0.861687,-0.107115,1.645233,706.16027,33.426914
48.29852,-20.01409,-0.126462,1.363731,-1.673109,-0.930832,-0.013933,1.641503,706.15985,33.454436
48.29339,-23.086859,-0.114501,1.326223,-1.652038,-0.993862,0.087424,1.637002,706.15994,33.436235
48.295431,-26.161202,-0.104512,1.287781,-1.646251,-1.060448,0.185221,1.641835,706.1607,33.446673
48.298115,-29.247358,-0.090534,1.234497,-1.620526,-1.112903,0.279132,1.630992,706.16693,33.441194
48.300255,-32.31334,-0.081101,1.181203,-1.587647,-1.168666,0.390608,1.633361,706.16879,33.474246
48.295819,-35.397037,-0.071335,1.124665,-1.573893,-1.226023,0.483392,1.636446,706.17028,33.482425
48.302162,-38.468069,-0.064421,1.066305,-1.550114,-1.28654,0.592767,1.64485,706.16896,33.480348
48.300647,-41.54323,-0.055967,0.996549,-1.521274,-1.337012,0.686535,1.647816,706.16904,33.458668
48.297787,-44.622834,-0.046534,0.921081,-1.487656,-1.372896,0.768853,1.6441,706.16832,33.457733
48.300349,-47.704709,-0.041482,0.838226,-1.453277,-1.410081,0.845205,1.638726,706.16984,33.459447
48.305589,-50.777425,-0.037732,0.751194,-1.414472,-1.447564,0.921508,1.637613,706.16859,33.492577
48.29832,-53.859533,-0.034026,0.665911,-1.368743,-1.487859,1.006195,1.6442,706.17205,33.457422
48.301873,-56.938279,-0.029342,0.573926,-1.309866,-1.515274,1.087709,1.643455,706.17063,33.459862
48.297848,-60.010314,-0.028294,0.480496,-1.268613,-1.541729,1.137958,1.641756,706.1644,33.485878
48.30068,-63.090696,-0.02812,0.382402,-1.215443,-1.567778,1.195931,1.642292,706.16556,33.464484
48.308752,-66.166231,-0.030872,0.283434,-1.149189,-1.594149,1.258499,1.645059,706.16385,33.417386
48.30456,-69.236156,-0.031051,0.179404,-1.072921,-1.613323,1.313388,1.64192,706.16129,33.461368
48.306313,-72.312982,-0.034985,0.080838,-1.022771,-1.631012,1.336635,1.643261,706.15984,33.425227
48.298591,-75.396989,-0.03803,-0.020853,-0.948227,-1.65024,1.380536,1.647632,706.15781,33.452099
48.306305,-78.464815,-0.041745,-0.122583,-0.864891,-1.665048,1.413121,1.650006,706.15535,33.445504
48.310793,-81.549985,-0.046583,-0.22333,-0.787451,-1.671416,1.42009,1.64345,706.15187,33.449217
48.300558,-84.622458,-0.05092,-0.32198,-0.69861,-1.675414,1.433999,1.639456,706.14834,33.438338
48.310306,-87.706482,-0.05619,-0.416453,-0.605017,-1.672419,1.43918,1.630704,706.14694,33.415101
48.302571,-90.770098,-0.062737,-0.515511,-0.538743,-1.690545,1.431753,1.642387,706.14633,33.404845
48.301862,-93.851767,-0.067823,-0.609055,-0.436869,-1.693833,1.434371,1.640743,706.14864,33.461784
48.309207,-96.937597,-0.07286,-0.69642,-0.343613,-1.6928,1.41705,1.638756,706.14932,33.429615
48.310916,-99.998954,-0.078598,-0.785364,-0.248638,-1.692656,1.395254,1.637141,706.15429,33.415127
48.312771,-103.0901,-0.087424,-0.879668,-0.171332,-1.70945,1.363587,1.651621,706.14606,33.450853
48.312805,-106.16523,-0.091458,-0.95311,-0.076318,-1.692725,1.314714,1.639456,706.15302,33.426914
48.3012,-109.23193,-0.099326,-1.027212,0.02513,-1.681484,1.2735,1.631856,706.14113,33.432237
48.311234,-112.31916,-0.108446,-1.107101,0.127237,-1.67833,1.236876,1.646271,706.14651,33.44862
48.303499,-115.39345,-0.114079,-1.175575,0.22019,-1.666866,1.178476,1.648651,706.1612,33.464562
48.309008,-118.46576,-0.120204,-1.236812,0.315965,-1.646773,1.115516,1.642675,706.16561,33.436988
48.311661,-121.54888,-0.128131,-1.296623,0.401695,-1.628195,1.037728,1.637335,706.16672,33.435872
48.308956,-124.61553,-0.136998,-1.368122,0.501265,-1.630063,0.977852,1.638179,706.17383,33.427278
48.30244,-127.69117,-0.143773,-1.425261,0.580225,-1.611803,0.890209,1.641488,706.17517,33.462381
48.310657,-130.77158,-0.156395,-1.481402,0.681498,-1.593101,0.824462,1.642556,706.17786,33.433431
48.310467,-133.84421,-0.164224,-1.525382,0.767204,-1.564341,0.740003,1.645963,706.17348,33.429615
48.309012,-136.93484,-0.171913,-1.549573,0.843303,-1.516575,0.649265,1.642878,706.17116,33.466665
48.30294,-139.99794,-0.182409,-1.590265,0.916501,-1.488401,0.556739,1.643738,706.17062,33.416191
48.307375,-143.07211,-0.19057,-1.62206,0.980668,-1.44905,0.456112,1.64409,706.16288,33.411414
48.301716,-146.15314,-0.203585,-1.661044,1.043847,-1.416718,0.353219,1.647692,706.15812,33.41993
48.310124,-149.22755,-0.212809,-1.685026,1.11865,-1.372335,0.27567,1.645546,706.15687,33.4198
48.303708,-152.30683,-0.223965,-1.713742,1.174462,-1.330098,0.17626,1.647175,706.15413,33.411959
48.303612,-155.38014,-0.234307,-1.73306,1.211772,-1.278423,0.064128,1.643107,706.15583,33.393084
48.31286,-158.46532,-0.249756,-1.759073,1.262066,-1.230459,-0.026287,1.643037,706.15542,33.416841
48.311934,-161.53723,-0.264583,-1.789066,1.294179,-1.180771,-0.136005,1.646266,706.1578,33.405235
48.306304,-164.61293,-0.275004,-1.803953,1.315062,-1.119236,-0.244868,1.645521,706.16486,33.420346
48.30858,-167.6888,-0.287701,-1.8241,1.34573,-1.057801,-0.336162,1.642352,706.16771,33.421903
48.302073,-170.76412,-0.299071,-1.837,1.362758,-0.989187,-0.439546,1.646038,706.16516,33.409856
48.306839,-173.84598,-0.311594,-1.847496,1.372742,-0.917405,-0.535986,1.646529,706.16728,33.405183
48.305234,-176.92153,-0.323028,-1.854758,1.381852,-0.843457,-0.627012,1.647116,706.16503,33.430991
48.3,-180,-0.332168,-1.855767,1.387261,-0.75942,-0.700831,1.641478,706.16789,33.389734
50.6,-180,-0.498647,-1.951482,1.288457,-0.899523,-0.846695,1.640668,706.16629,33.415283
50.606892,-177.0178,-0.495105,-1.962425,1.290946,-0.985551,-0.770224,1.651154,706.16627,33.424396
50.612402,-174.04644,-0.479508,-1.942739,1.282705,-1.052933,-0.668682,1.641304,706.1628,33.426213
50.612464,-171.0752,-0.469951,-1.938726,1.272437,-1.124268,-0.581,1.64411,706.16429,33.411025
50.602643,-168.09414,-0.459142,-1.938269,1.264833,-1.193259,-0.484952,1.652863,706.16557,33.384308
50.609032,-165.12321,-0.448323,-1.91907,1.244114,-1.252678,-0.381672,1.647424,706.16607,33.428862
50.612236,-162.14733,-0.433729,-1.892748,1.193547,-1.302092,-0.297938,1.637996,706.16077,33.432341
50.611206,-159.17428,-0.421917,-1.879222,1.176062,-1.35708,-0.182364,1.639024,706.16796,33.38005
50.610148,-156.19704,-0.411103,-1.857347,1.132211,-1.405968,-0.084757,1.637613,706.17062,33.405598
50.606935,-153.22235,-0.400761,-1.844943,1.090416,-1.457464,0.011693,1.648745,706.17437,33.381997
50.608258,-150.24198,-0.386148,-1.816272,1.031171,-1.497193,0.108044,1.64719,706.17803,33.414789
50.607932,-147.26897,-0.375135,-1.787675,0.961271,-1.533037,0.192036,1.643241,706.1741,33.364238
50.610351,-144.30078,-0.36155,-1.754657,0.910838,-1.566879,0.307794,1.641135,706.17169,33.377246
50.612422,-141.32488,-0.353036,-1.726876,0.843313,-1.602956,0.398854,1.645178,706.17249,33.387424
50.612198,-138.34997,-0.34091,-1.689045,0.767785,-1.630937,0.492314,1.649063,706.17222,33.419177
50.614692,-135.37827,-0.332282,-1.649982,0.681508,-1.657497,0.572332,1.645233,706.17419,33.359305
50.609603,-132.40683,-0.320723,-1.609295,0.602607,-1.682741,0.659741,1.641016,706.17642,33.375403
50.606352,-129.41837,-0.313312,-1.558842,0.529191,-1.696396,0.754994,1.640911,706.1716,33.390124
50.613938,-126.45387,-0.305767,-1.516888,0.442333,-1.723314,0.836105,1.647463,706.16409,33.365562
50.611976,-123.48204,-0.298281,-1.457146,0.344437,-1.731222,0.899682,1.642595,706.16272,33.399029
50.608382,-120.50844,-0.29157,-1.405357,0.249726,-1.750425,0.968797,1.643961,706.1639,33.355177
50.607357,-117.52502,-0.281442,-1.336476,0.163563,-1.751841,1.038254,1.633361,706.16052,33.380439
50.607122,-114.54451,-0.28175,-1.295505,0.072334,-1.792717,1.114661,1.649699,706.16001,33.393992
50.60484,-111.57947,-0.268567,-1.213083,-0.023158,-1.783965,1.158195,1.636277,706.15805,33.365718
50.603416,-108.60732,-0.265353,-1.14896,-0.129199,-1.801529,1.198787,1.643872,706.15951,33.34583
50.61136,-105.62216,-0.260073,-1.072951,-0.224576,-1.804499,1.239797,1.641557,706.16171,33.318828
50.605565,-102.65846,-0.256829,-0.998183,-0.320629,-1.812889,1.279531,1.647314,706.16629,33.35541
50.603151,-99.675478,-0.249825,-0.91428,-0.412594,-1.811598,1.310606,1.647741,706.16937,33.345752
50.605352,-96.702667,-0.243944,-0.828843,-0.491618,-1.806397,1.339615,1.644329,706.17065,33.367276
50.609317,-93.721116,-0.238962,-0.739188,-0.58559,-1.802999,1.347508,1.643872,706.17607,33.359513
50.60237,-90.744095,-0.233701,-0.648605,-0.675264,-1.798762,1.351969,1.642789,706.17392,33.39285
50.608526,-87.78389,-0.227179,-0.556576,-0.758332,-1.792722,1.35259,1.641607,706.17777,33.361071
50.603227,-84.804763,-0.217384,-0.45714,-0.840804,-1.786339,1.350245,1.643773,706.17857,33.326435
50.600178,-81.819723,-0.213435,-0.359498,-0.92504,-1.77551,1.333292,1.641195,706.18358,33.321943
50.610473,-78.860024,-0.207196,-0.260316,-0.988363,-1.764647,1.325836,1.638085,706.18233,33.336665
50.603462,-75.868798,-0.207126,-0.164765,-1.078936,-1.76494,1.296529,1.648059,706.18296,33.334354
50.601588,-72.894669,-0.20054,-0.062568,-1.140233,-1.747127,1.270878,1.646495,706.18493,33.349517
50.606653,-69.935308,-0.19892,0.033942,-1.20681,-1.728033,1.223346,1.640713,706.18251,33.34583
50.604617,-66.949505,-0.195344,0.136422,-1.269601,-1.70874,1.177344,1.641542,706.17821,33.34596
50.602901,-63.984739,-0.195577,0.233155,-1.322115,-1.69349,1.133353,1.644428,706.17741,33.336275
50.602186,-61.002867,-0.194917,0.327986,-1.369315,-1.667452,1.077878,1.639431,706.1733,33.353723
50.600869,-58.031873,-0.195384,0.423775,-1.416757,-1.637613,1.013428,1.639814,706.17089,33.373066
50.599331,-55.048642,-0.197818,0.515109,-1.466525,-1.61459,0.947129,1.640509,706.17651,33.368782
50.595153,-52.080209,-0.198026,0.605643,-1.522859,-1.580971,0.85746,1.642362,706.1775,33.368886
50.600763,-49.109825,-0.201856,0.693002,-1.552364,-1.548723,0.790545,1.643524,706.18072,33.365329
50.606398,-46.12278,-0.209928,0.777784,-1.593916,-1.519089,0.707725,1.647995,706.17679,33.354086
50.602368,-43.157893,-0.218516,0.856208,-1.638095,-1.484049,0.613103,1.650334,706.17124,33.380206
50.602864,-40.177649,-0.224502,0.924965,-1.643425,-1.433239,0.534238,1.64111,706.1657,33.384698
50.596259,-37.197897,-0.229539,0.990365,-1.664595,-1.381072,0.438707,1.634002,706.16864,33.387813
50.600264,-34.223696,-0.239091,1.052659,-1.684827,-1.334429,0.344263,1.635631,706.17241,33.365718
50.602056,-31.247364,-0.249418,1.1134,-1.728077,-1.287195,0.230269,1.639833,706.17768,33.397472
50.603067,-28.275482,-0.260485,1.163818,-1.729752,-1.230106,0.141513,1.636053,706.18412,33.387709
50.597509,-25.303224,-0.271681,1.213491,-1.754121,-1.176325,0.041268,1.642198,706.18367,33.381686
50.595474,-22.32272,-0.282937,1.254545,-1.771373,-1.117155,-0.060079,1.64341,706.17115,33.385996
50.600689,-19.343907,-0.295564,1.289103,-1.794763,-1.053424,-0.172499,1.644995,706.1703,33.393499
50.5985,-16.370474,-0.308097,1.315817,-1.805682,-0.986341,-0.273008,1.645461,706.17054,33.409726
50.598653,-13.395558,-0.318851,1.333356,-1.804862,-0.914708,-0.366557,1.641582,706.16328,33.420138
50.598304,-10.416205,-0.334085,1.349942,-1.816421,-0.845429,-0.466528,1.645322,706.16589,33.423046
50.596746,-7.444306,-0.343975,1.355297,-1.818592,-0.766086,-0.558826,1.643599,706.16756,33.362602
50.598606,-4.463885,-0.356498,1.354631,-1.825357,-0.689038,-0.654769,1.643355,706.16245,33.412219
50.598563,-1.489545,-0.36825,1.342839,-1.828675,-0.60673,-0.746952,1.638726,706.15832,33.421099
50.59824,1.47928,-0.381374,1.331583,-1.839906,-0.527805,-0.837342,1.641408,706.16114,33.375013
50.597634,4.453648,-0.393733,1.315246,-1.847501,-0.444662,-0.925457,1.647165,706.16778,33.400016
50.595127,7.434124,-0.405749,1.285998,-1.84777,-0.359657,-1.009101,1.643902,706.16486,33.381374
50.596046,10.406105,-0.420516,1.255186,-1.859468,-0.275278,-1.096903,1.648695,706.16103,33.428368
50.595758,13.385568,-0.42983,1.215368,-1.859219,-0.186939,-1.173658,1.647548,706.15764,33.367665
50.594978,16.360621,-0.438885,1.16729,-1.847606,-0.097518,-1.238501,1.645099,706.15569,33.398251
50.59655,19.334218,-0.449441,1.107687,-1.835778,-0.009478,-1.307015,1.637757,706.15959,33.387813
50.590727,22.313219,-0.462386,1.053087,-1.836767,0.080078,-1.379011,1.643072,706.1619,33.392435
50.592167,25.29394,-0.473547,0.990255,-1.833409,0.1686,-1.44364,1.645705,706.16241,33.413361
50.597147,28.266439,-0.48522,0.91886,-1.823753,0.256149,-1.502895,1.645347,706.17151,33.406793
50.595572,31.238585,-0.500286,0.843521,-1.822143,0.343409,-1.56819,1.652018,706.17205,33.403911
50.593234,34.215204,-0.506535,0.76093,-1.795861,0.426855,-1.607184,1.644076,706.16703,33.381063
50.588702,37.189716,-0.519008,0.677678,-1.786274,0.512059,-1.661685,1.650061,706.16225,33.40887
50.594801,40.169803,-0.535052,0.583265,-1.770146,0.588242,-1.70648,1.649048,706.15058,33.404066
50.593819,43.150402,-0.543308,0.490953,-1.742055,0.664709,-1.74063,1.643917,706.13486,33.435067
50.597388,46.115664,-0.553704,0.393589,-1.709823,0.732214,-1.76865,1.636794,706.14322,33.445764
50.591314,49.103102,-0.565547,0.295306,-1.686104,0.799879,-1.808478,1.636421,706.14696,33.350997
50.585293,52.073896,-0.573961,0.196933,-1.643405,0.862536,-1.824791,1.631995,706.15591,33.368444
50.589086,55.042758,-0.586071,0.098054,-1.618921,0.927841,-1.865085,1.641041,706.16914,33.388021
50.590265,58.026435,-0.595266,-0.005469,-1.574151,0.980003,-1.884383,1.635671,706.1766,33.395161
50.591254,60.997889,-0.604674,-0.10777,-1.521602,1.025568,-1.894581,1.630927,706.1834,33.415101
50.591668,63.980235,-0.617922,-0.213037,-1.486627,1.080551,-1.93054,1.643609,706.18457,33.396693
50.593115,66.945485,-0.621548,-0.312552,-1.429185,1.116931,-1.939312,1.636679,706.1809,33.430056
50.594912,69.931786,-0.630643,-0.414133,-1.376244,1.154315,-1.957437,1.642173,706.17652,33.412816
50.589641,72.891648,-0.631413,-0.508606,-1.307596,1.17935,-1.958128,1.633724,706.17741,33.419177
50.59134,75.866291,-0.642887,-0.610679,-1.246299,1.205617,-1.97381,1.640862,706.17777,33.419645
50.598209,78.85804,-0.644626,-0.703354,-1.171164,1.219774,-1.973477,1.636913,706.17383,33.428187
50.587806,81.818262,-0.653552,-0.80189,-1.109197,1.234547,-1.994916,1.644379,706.17714,33.419177
50.590779,84.803833,-0.655489,-0.892405,-1.024003,1.239787,-1.991707,1.644468,706.18,33.365718
50.596036,87.783493,-0.657273,-0.978438,-0.943533,1.236459,-1.994081,1.64267,706.1818,33.404066
50.589871,90.744228,-0.660477,-1.064432,-0.864617,1.2333,-2.004075,1.649853,706.18323,33.351334
50.596843,93.721782,-0.660501,-1.140928,-0.778733,1.215577,-1.999078,1.645685,706.17258,33.367406
50.592938,96.703865,-0.65912,-1.214405,-0.687687,1.19613,-1.993018,1.646117,706.17411,33.391266
50.590828,99.677204,-0.658872,-1.284225,-0.598862,1.1695,-1.990609,1.644781,706.1671,33.361434
50.593369,102.66071,-0.659274,-1.350027,-0.511746,1.139582,-1.991617,1.648208,706.16864,33.363407
50.599322,105.62492,-0.650929,-1.404895,-0.413587,1.104876,-1.977694,1.648348,706.17178,33.341079
50.591569,108.61059,-0.644546,-1.457688,-0.309746,1.058392,-1.955386,1.6442,706.1766,33.333186
50.593216,111.58325,-0.638566,-1.511921,-0.210231,1.011833,-1.944334,1.64647,706.18376,33.3504
50.595751,114.54877,-0.63562,-1.563064,-0.10862,0.956408,-1.92823,1.649063,706.18207,33.30447
50.596272,117.52976,-0.629495,-1.603592,-0.010834,0.897069,-1.905981,1.645809,706.17383,33.327344
50.597612,120.51365,-0.621468,-1.639029,0.085636,0.829762,-1.882451,1.639928,706.17777,33.327526
50.601551,123.4877,-0.619864,-1.677913,0.180268,0.75638,-1.857709,1.636615,706.17965,33.318075
50.603884,126.45997,-0.61584,-1.721307,0.279122,0.687856,-1.841163,1.645362,706.18161,33.333939
50.596696,129.42489,-0.607605,-1.747917,0.370277,0.610724,-1.812223,1.640102,706.18679,33.365095
50.600374,132.41375,-0.603954,-1.782216,0.46397,0.531491,-1.783289,1.643127,706.18564,33.361304
50.605912,135.38557,-0.601624,-1.813987,0.552537,0.447186,-1.754841,1.644801,706.18412,33.341312
50.603891,138.35764,-0.595092,-1.837413,0.638203,0.360586,-1.717487,1.645735,706.1834,33.338223
50.604612,141.3329,-0.589335,-1.861435,0.724798,0.272739,-1.67452,1.647622,706.17517,33.329784
50.603057,144.30911,-0.584174,-1.873957,0.790545,0.181108,-1.634623,1.639948,706.17178,33.344402
50.601174,147.27761,-0.57643,-1.890548,0.86877,0.089213,-1.582675,1.640201,706.17071,33.318828
50.602055,150.25089,-0.573663,-1.91072,0.93561,-0.003959,-1.542032,1.645099,706.16123,33.320048
50.601304,153.23151,-0.565517,-1.923104,1.004039,-0.096594,-1.483404,1.647155,706.16599,33.33155
50.605104,156.20643,-0.561682,-1.940216,1.065023,-0.192309,-1.429975,1.65023,706.16659,33.316361
50.606762,159.18388,-0.554738,-1.946052,1.113285,-0.287015,-1.368177,1.646296,706.15779,33.32737
50.608405,162.1571,-0.548181,-1.950687,1.153833,-0.381369,-1.309563,1.646524,706.16365,33.331472
50.605823,165.13313,-0.541336,-1.955113,1.206894,-0.475907,-1.222437,1.649137,706.16324,33.288242
50.600065,168.10418,-0.532757,-1.953667,1.233633,-0.563873,-1.14983,1.642739,706.16658,33.286685
50.610526,171.08534,-0.529459,-1.961396,1.257307,-0.651168,-1.084515,1.642804,706.16714,33.319243
50.611107,174.05665,-0.520751,-1.965127,1.280872,-0.73961,-1.006682,1.646375,706.16943,33.313401
50.606243,177.02805,-0.51036,-1.961734,1.293116,-0.822872,-0.923852,1.646236,706.1703,33.290787
52.905144,165.6047,-0.701775,-2.034093,1.104548,-0.625914,-1.337847,1.644622,706.17124,33.30878
52.905873,162.72872,-0.71154,-2.03371,1.062525,-0.540377,-1.410737,1.645253,706.16537,33.304911
52.90293,159.85317,-0.716349,-2.02998,1.026313,-0.446903,-1.46112,1.642148,706.16186,33.246493
52.900096,156.9716,-0.722001,-2.023403,0.972994,-0.358092,-1.523514,1.640633,706.15669,33.269029
52.900275,154.08213,-0.725965,-2.009987,0.91659,-0.25815,-1.577673,1.643872,706.16015,33.276351
52.902106,151.21373,-0.736337,-2.009386,0.850058,-0.167462,-1.64486,1.647821,706.15865,33.254334
52.902646,148.32513,-0.74191,-1.998929,0.788404,-0.076784,-1.689358,1.65097,706.14792,33.263681
52.896753,145.44933,-0.742993,-1.974878,0.718201,0.014509,-1.718878,1.643345,706.1457,33.2898
52.901376,142.57127,-0.748278,-1.96169,0.643106,0.103553,-1.762903,1.64272,706.14596,33.269263
52.897993,139.69624,-0.755595,-1.951452,0.573911,0.186552,-1.79302,1.647086,706.14579,33.256074
52.898663,136.81966,-0.75868,-1.925016,0.48074,0.274826,-1.832247,1.641627,706.14369,33.250855
52.902145,133.93288,-0.767005,-1.903493,0.396291,0.362195,-1.868434,1.64499,706.13973,33.285542
52.896128,131.05377,-0.770199,-1.870783,0.296493,0.44574,-1.902276,1.642089,706.13895,33.2743
52.899109,128.1613,-0.776229,-1.841098,0.200321,0.52026,-1.926402,1.638656,706.1367,33.250336
52.893552,125.29384,-0.782136,-1.815939,0.123467,0.597819,-1.939953,1.64563,706.13484,33.235536
52.895332,122.41826,-0.785031,-1.785092,0.0205,0.665702,-1.970805,1.64347,706.13378,33.267134
52.89825,119.53299,-0.790133,-1.746541,-0.078717,0.732979,-1.989879,1.642262,706.13385,33.256074
52.900242,116.65065,-0.79291,-1.704364,-0.168068,0.795463,-1.996232,1.64118,706.13299,33.264693
52.895002,113.76855,-0.800713,-1.668122,-0.260947,0.851539,-2.010806,1.644528,706.13164,33.2588
52.891467,110.89517,-0.803699,-1.618723,-0.355643,0.906532,-2.020135,1.642834,706.13181,33.291332
52.893856,108.00976,-0.805045,-1.56442,-0.454562,0.952916,-2.030029,1.636635,706.13128,33.240184
52.889351,105.12829,-0.810389,-1.518319,-0.552786,0.996246,-2.052015,1.640951,706.13378,33.276403
52.898633,102.24324,-0.813454,-1.461001,-0.634428,1.033486,-2.046884,1.641666,706.13843,33.278506
52.896122,99.372168,-0.817036,-1.401811,-0.736451,1.066459,-2.06871,1.644503,706.14006,33.253763
52.890125,96.494269,-0.822311,-1.343062,-0.831808,1.097266,-2.086771,1.651338,706.14095,33.283984
52.892145,93.605877,-0.817721,-1.263928,-0.905434,1.112014,-2.069286,1.642287,706.13651,33.232291
52.889683,90.721032,-0.818362,-1.191386,-0.984722,1.127984,-2.069117,1.644627,706.13367,33.251426
52.894369,87.852548,-0.81641,-1.111586,-1.068699,1.132752,-2.072823,1.641209,706.13267,33.261604
52.894075,84.966427,-0.821536,-1.036079,-1.14747,1.137277,-2.070468,1.647573,706.13385,33.23307
52.888844,82.090795,-0.818243,-0.948451,-1.22262,1.131674,-2.067816,1.644046,706.13531,33.237484
52.893044,79.208702,-0.814845,-0.857062,-1.292232,1.12098,-2.062988,1.644597,706.13283,33.254516
52.894927,76.332012,-0.81334,-0.76774,-1.372439,1.106366,-2.074561,1.648015,706.13058,33.249037
52.898829,73.442589,-0.807653,-0.671121,-1.431202,1.084207,-2.060727,1.647255,706.12746,33.244675
52.8918,70.565867,-0.802452,-0.574517,-1.500575,1.058605,-2.063852,1.649952,706.1294,33.235173
52.891432,67.686653,-0.795279,-0.476562,-1.550258,1.024048,-2.049625,1.646962,706.12366,33.236912
52.890676,64.799528,-0.78676,-0.375895,-1.604715,0.980435,-2.036989,1.641935,706.12613,33.238262
52.891386,61.917364,-0.782285,-0.277329,-1.658441,0.93556,-2.028683,1.642213,706.1279,33.218348
52.8944,59.053098,-0.774411,-0.173075,-1.68971,0.886662,-1.993604,1.645124,706.1242,33.250284
52.892668,56.165467,-0.762803,-0.071127,-1.733065,0.830522,-1.980615,1.642039,706.12395,33.242495
52.89553,53.286812,-0.75261,0.029615,-1.765153,0.774461,-1.954974,1.643092,706.12177,33.217362
52.890148,50.404003,-0.742099,0.130034,-1.794351,0.711664,-1.929352,1.6442,706.12182,33.256852
52.894979,47.521161,-0.72911,0.226424,-1.819371,0.641084,-1.897428,1.638011,706.12147,33.283439
52.894366,44.63823,-0.717635,0.3228,-1.845649,0.570608,-1.867202,1.634762,706.12897,33.254152
52.891254,41.766385,-0.708575,0.416821,-1.8637,0.499526,-1.831109,1.641666,706.13059,33.278169
52.894029,38.883927,-0.698293,0.507081,-1.886321,0.422945,-1.798991,1.642243,706.1304,33.23847
52.891175,36.007262,-0.690012,0.596319,-1.905177,0.342828,-1.759987,1.645382,706.12812,33.281128
52.894759,33.114446,-0.678041,0.680212,-1.927708,0.261146,-1.725013,1.646986,706.12068,33.260332
52.891313,30.237873,-0.664043,0.757254,-1.925781,0.178063,-1.663577,1.642864,706.1212,33.271963
52.893523,27.354208,-0.653095,0.830418,-1.933689,0.093365,-1.611093,1.641955,706.11313,33.236341
52.893467,24.479748,-0.642559,0.904008,-1.937881,0.008638,-1.549618,1.649058,706.11305,33.285153
52.895672,21.599128,-0.629938,0.965945,-1.951685,-0.077907,-1.501062,1.644503,706.10866,33.300264
52.889446,18.720745,-0.619566,1.020645,-1.944885,-0.164641,-1.42695,1.639704,706.10736,33.302938
52.887263,15.840956,-0.608062,1.075857,-1.954546,-0.250416,-1.366558,1.64344,706.10769,33.290943
52.888662,12.961497,-0.597993,1.119047,-1.947622,-0.336047,-1.290076,1.640837,706.10394,33.285932
52.891041,10.079166,-0.590656,1.160872,-1.955783,-0.426601,-1.220802,1.647468,706.10333,33.293669
52.892272,7.194545,-0.575377,1.191103,-1.946683,-0.507668,-1.139582,1.641875,706.10155,33.282037
52.889756,4.321306,-0.562318,1.211767,-1.93276,-0.585947,-1.052501,1.634295,706.10333,33.280116
52.898841,1.437697,-0.550416,1.231919,-1.922597,-0.666979,-0.963482,1.633927,706.10674,33.27874
52.899156,-1.447148,-0.541266,1.257148,-1.937394,-0.749764,-0.890025,1.645983,706.11218,33.302938
52.890699,-4.330736,-0.526677,1.262885,-1.925816,-0.825267,-0.796625,1.641627,706.11165,33.272898
52.893839,-7.203926,-0.515427,1.258549,-1.916676,-0.901013,-0.701352,1.639252,706.11885,33.30556
52.89323,-10.088476,-0.502695,1.257004,-1.910799,-0.975453,-0.603591,1.641344,706.12822,33.298394
52.891467,-12.970713,-0.490203,1.244551,-1.908564,-1.044001,-0.512357,1.639968,706.1319,33.313661
52.890676,-15.850055,-0.48154,1.225993,-1.906831,-1.116286,-0.419086,1.642998,706.13342,33.302341
52.893459,-18.729701,-0.46933,1.19836,-1.893657,-1.179281,-0.31746,1.639878,706.13443,33.29141
52.900275,-21.607918,-0.456877,1.1657,-1.886172,-1.241253,-0.222505,1.640107,706.13756,33.277961
52.898647,-24.488353,-0.44577,1.12779,-1.871329,-1.299728,-0.117462,1.640792,706.14137,33.28157
52.899267,-27.362606,-0.434931,1.084942,-1.864216,-1.355068,-0.025169,1.642213,706.14127,33.288606
52.897608,-30.246042,-0.425558,1.033873,-1.849925,-1.408422,0.073158,1.642665,706.1399,33.327759
52.901589,-33.122365,-0.414665,0.976262,-1.82949,-1.456744,0.172499,1.641085,706.13884,33.302185
52.898524,-36.014911,-0.405182,0.918398,-1.812452,-1.504579,0.270588,1.647021,706.13395,33.325812
52.901876,-38.891286,-0.39723,0.84821,-1.786115,-1.546106,0.365966,1.642153,706.12603,33.283933
52.899581,-41.773437,-0.390578,0.777094,-1.7558,-1.588675,0.46395,1.644965,706.12318,33.296759
52.903149,-44.644956,-0.383152,0.704094,-1.73001,-1.625885,0.553615,1.647086,706.11919,33.292111
52.904199,-47.527545,-0.376908,0.621071,-1.697916,-1.660199,0.636132,1.642228,706.11168,33.278402
52.899781,-50.410029,-0.374266,0.538544,-1.670884,-1.69664,0.716726,1.646887,706.10717,33.28453
52.905551,-53.292463,-0.366681,0.451666,-1.616572,-1.713573,0.79514,1.638472,706.09775,33.280116
52.903051,-56.170731,-0.365245,0.362682,-1.581637,-1.742473,0.86348,1.63963,706.10052,33.279129
52.905121,-59.057959,-0.362881,0.26885,-1.535232,-1.764299,0.930429,1.63807,706.10249,33.268484
52.902415,-61.921814,-0.363452,0.175211,-1.489131,-1.788048,0.993315,1.639545,706.1035,33.293825
52.901986,-64.803553,-0.366775,0.080728,-1.446318,-1.817861,1.054716,1.647682,706.11479,33.29829
52.902996,-67.690243,-0.362603,-0.014882,-1.37463,-1.818721,1.100812,1.635681,706.10745,33.286321
52.903588,-70.569012,-0.364277,-0.112405,-1.307849,-1.832739,1.150709,1.633853,706.1006,33.317296
52.91081,-73.445282,-0.371941,-0.213763,-1.25692,-1.859537,1.189692,1.643147,706.10931,33.294422
52.907073,-76.334245,-0.374673,-0.309592,-1.191113,-1.866928,1.214047,1.640325,706.1183,33.277519
52.905323,-79.210471,-0.381046,-0.40781,-1.120244,-1.879764,1.243528,1.642362,706.11962,33.310701
52.901225,-82.092096,-0.387206,-0.503952,-1.05186,-1.895774,1.266864,1.648849,706.1318,33.280635
52.906527,-84.967256,-0.391378,-0.597725,-0.972765,-1.895118,1.273088,1.64334,706.13603,33.292578
52.90686,-87.852902,-0.396062,-0.688547,-0.889985,-1.89624,1.27809,1.639858,706.13181,33.291981
52.902182,-90.720913,-0.399569,-0.772847,-0.806123,-1.889693,1.263695,1.632601,706.13351,33.307793
52.90462,-93.605283,-0.402719,-0.860619,-0.727669,-1.895386,1.256304,1.635929,706.13711,33.283907
52.902544,-96.4932,-0.412201,-0.954357,-0.650373,-1.912836,1.242196,1.647756,706.1397,33.277
52.908455,-99.370629,-0.415177,-1.037266,-0.546557,-1.91373,1.23564,1.645834,706.14429,33.315738
52.910848,-102.24124,-0.420745,-1.116151,-0.468883,-1.912349,1.190442,1.643216,706.13486,33.297537
52.901418,-105.12582,-0.426656,-1.195131,-0.360323,-1.912295,1.171184,1.643797,706.12431,33.305119
52.905744,-108.00684,-0.439278,-1.274752,-0.278452,-1.918146,1.123195,1.649232,706.11106,33.293669
52.903145,-110.8918,-0.443137,-1.337166,-0.188275,-1.904824,1.069807,1.642496,706.09948,33.280791
52.906441,-113.76474,-0.448179,-1.401344,-0.08741,-1.898247,1.02454,1.645178,706.0932,33.286295
52.911414,-116.64641,-0.451602,-1.455164,0.006592,-1.876108,0.959324,1.638726,706.08714,33.272976
52.909126,-119.52833,-0.458948,-1.512542,0.094528,-1.865538,0.889802,1.638701,706.08776,33.294837
52.905884,-122.41319,-0.463161,-1.561186,0.1922,-1.846602,0.827527,1.633038,706.09204,33.318075
52.903755,-125.28838,-0.469395,-1.607953,0.278268,-1.82948,0.749118,1.632621,706.09463,33.32968
52.908938,-128.15546,-0.479538,-1.661933,0.352628,-1.821239,0.662598,1.638408,706.09892,33.300809
52.905555,-131.04757,-0.487729,-1.707786,0.445711,-1.805657,0.590512,1.63887,706.10385,33.306443
52.911148,-133.92632,-0.498145,-1.751319,0.522291,-1.788629,0.498965,1.641771,706.10334,33.323891
52.907217,-136.81276,-0.507911,-1.791386,0.603959,-1.769395,0.411039,1.643355,706.09916,33.280583
52.906079,-139.68903,-0.515044,-1.812795,0.672711,-1.732449,0.318349,1.634081,706.09837,33.303042
52.908974,-142.56377,-0.530835,-1.853686,0.756345,-1.715664,0.237571,1.643286,706.10505,33.290579
52.903843,-145.44155,-0.539384,-1.878453,0.810221,-1.684539,0.134326,1.643032,706.10418,33.323501
52.909211,-148.31709,-0.548757,-1.899628,0.881735,-1.648516,0.049136,1.642799,706.09908,33.306832
52.908126,-151.20544,-0.560857,-1.924633,0.933782,-1.611505,-0.053607,1.642228,706.09874,33.319243
52.90574,-154.07363,-0.570688,-1.94118,0.991825,-1.563302,-0.145731,1.638895,706.10193,33.319113
52.904986,-156.9629,-0.583036,-1.962385,1.03129,-1.521185,-0.254087,1.641686,706.10674,33.298005
52.907236,-159.84429,-0.592529,-1.976,1.080109,-1.471502,-0.34026,1.637777,706.10607,33.267939
52.909585,-162.71969,-0.603134,-1.991975,1.115709,-1.422023,-0.435031,1.641165,706.10123,33.270925
52.908252,-165.59555,-0.61511,-2.003931,1.132156,-1.369792,-0.539831,1.641026,706.08846,33.291722
55.208457,-157.67867,-0.753072,-2.053798,0.936738,-1.633937,-0.40707,1.646748,706.08026,33.281726
55.210043,-154.88108,-0.741503,-2.035911,0.876981,-1.672851,-0.326262,1.645307,706.06887,33.294058
55.203664,-152.0909,-0.727386,-2.007493,0.832842,-1.714562,-0.207131,1.637663,706.06818,33.292293
55.206331,-149.30811,-0.717084,-1.992864,0.775579,-1.748856,-0.117288,1.637419,706.0665,33.272534
55.203834,-146.5112,-0.705331,-1.973278,0.716945,-1.78091,-0.023505,1.637265,706.0689,33.312259
55.201462,-143.7197,-0.700056,-1.962375,0.662339,-1.81422,0.071097,1.642104,706.07128,33.276611
55.209053,-140.93012,-0.689863,-1.93432,0.588938,-1.833901,0.153917,1.63729,706.07323,33.293253
55.206607,-138.14806,-0.678115,-1.90849,0.515501,-1.854505,0.238877,1.640062,706.07776,33.280324
55.207569,-135.35196,-0.675041,-1.884349,0.442005,-1.885889,0.329357,1.64638,706.07337,33.271029
55.209023,-132.55375,-0.662553,-1.842107,0.37129,-1.896375,0.427068,1.640509,706.07225,33.2743
55.206459,-129.76543,-0.653746,-1.801728,0.283831,-1.908356,0.499874,1.637246,706.06995,33.317062
55.209099,-126.97444,-0.644074,-1.754141,0.200619,-1.918449,0.581397,1.631926,706.07018,33.282037
55.213451,-124.19371,-0.642058,-1.722991,0.105327,-1.945754,0.646861,1.64266,706.07315,33.271574
55.206645,-121.40722,-0.632794,-1.668927,0.022447,-1.949351,0.721376,1.636282,706.07939,33.307637
55.203706,-118.60354,-0.625561,-1.616666,-0.068812,-1.960468,0.791469,1.636868,706.0765,33.306729
55.210067,-115.82507,-0.620341,-1.562215,-0.154095,-1.970904,0.861856,1.637534,706.07535,33.292501
55.209406,-113.02636,-0.616198,-1.508339,-0.244376,-1.984435,0.926634,1.642933,706.07854,33.268874
55.203453,-110.23436,-0.610252,-1.447738,-0.342197,-1.988945,0.969085,1.643475,706.07748,33.292111
55.211088,-107.44118,-0.607009,-1.386998,-0.437976,-1.996937,1.012504,1.64647,706.07499,33.288658
55.204954,-104.65042,-0.60304,-1.320417,-0.523081,-2.001165,1.057905,1.645178,706.07877,33.291332
55.207491,-101.87003,-0.596229,-1.244029,-0.605002,-1.997807,1.098215,1.642551,706.07528,33.283984
55.201059,-99.069727,-0.590736,-1.164458,-0.695506,-1.994339,1.121844,1.640847,706.07493,33.275468
55.21228,-96.29011,-0.587189,-1.087058,-0.781574,-1.994876,1.145821,1.639585,706.07837,33.254464
55.212677,-93.501363,-0.584636,-1.003905,-0.872133,-1.995472,1.160261,1.6427,706.08128,33.279908
55.202005,-90.700227,-0.581541,-0.919069,-0.962185,-1.998279,1.16642,1.645486,706.081,33.250465
55.205292,-87.914492,-0.575501,-0.832251,-1.040311,-1.996202,1.172481,1.646957,706.0763,33.261318
55.209762,-85.127439,-0.566272,-0.738448,-1.117249,-1.989417,1.1658,1.644667,706.07353,33.246597
55.203801,-82.335924,-0.559377,-0.648307,-1.182827,-1.983565,1.159764,1.642416,706.0701,33.254542
55.201394,-79.538401,-0.554971,-0.555711,-1.262453,-1.982348,1.140153,1.645824,706.07803,33.263058
55.202987,-76.748286,-0.547083,-0.458938,-1.317113,-1.964049,1.116519,1.636804,706.07905,33.249531
55.210219,-73.963973,-0.541341,-0.361117,-1.379254,-1.947692,1.082339,1.634146,706.07897,33.247376
55.201616,-71.178502,-0.540829,-0.268209,-1.451027,-1.940971,1.039198,1.637936,706.0788,33.265758
55.207148,-68.380005,-0.537789,-0.169971,-1.514082,-1.931911,0.997488,1.643693,706.07359,33.224424
55.202263,-65.590502,-0.539056,-0.078588,-1.567425,-1.923983,0.954347,1.645834,706.06454,33.244779
55.205838,-62.796596,-0.538857,0.016328,-1.616289,-1.906324,0.898345,1.645163,706.05551,33.265394
55.20833,-60.007747,-0.53773,0.108272,-1.654869,-1.883554,0.838574,1.641115,706.05509,33.245325
55.204647,-57.217692,-0.534352,0.197703,-1.689765,-1.849677,0.760607,1.629939,706.0517,33.246467
55.201725,-54.424537,-0.541391,0.288948,-1.731778,-1.845152,0.712082,1.644309,706.04498,33.275053
55.201911,-51.641136,-0.540337,0.374018,-1.766957,-1.809,0.622884,1.634861,706.05169,33.261033
55.198601,-48.841649,-0.546263,0.457011,-1.797823,-1.784764,0.549323,1.635596,706.04274,33.236341
55.199459,-46.057874,-0.552478,0.539846,-1.830593,-1.75652,0.461333,1.637255,706.04257,33.276611
55.200987,-43.263591,-0.557942,0.615269,-1.849016,-1.724163,0.387886,1.637052,706.0415,33.27739
55.200634,-40.483903,-0.561583,0.687171,-1.879436,-1.680948,0.280399,1.632194,706.04444,33.235536
55.19925,-37.691658,-0.570976,0.759957,-1.910288,-1.652669,0.193928,1.640295,706.0448,33.252205
55.201984,-34.898392,-0.580056,0.825748,-1.92292,-1.610318,0.102878,1.639848,706.05305,33.284322
55.19877,-32.100489,-0.588967,0.886339,-1.939908,-1.569566,0.013933,1.644418,706.05398,33.262279
55.199934,-29.314399,-0.60216,0.943255,-1.956638,-1.526455,-0.081235,1.649182,706.05868,33.224112
55.198601,-26.514937,-0.608717,0.988755,-1.966026,-1.468233,-0.183452,1.641796,706.06353,33.207444
55.199542,-23.733914,-0.618125,1.029681,-1.977068,-1.412764,-0.287631,1.638929,706.06465,33.258955
55.197496,-20.941577,-0.627494,1.065694,-1.974048,-1.35638,-0.372418,1.637221,706.06491,33.22889
55.198783,-18.147047,-0.643697,1.102407,-2.002834,-1.305679,-0.482995,1.645591,706.05668,33.232187
55.191458,-15.35454,-0.652762,1.12322,-2.000658,-1.23942,-0.571964,1.640365,706.05468,33.225878
55.190017,-12.565369,-0.662205,1.141609,-2.010275,-1.174388,-0.670391,1.640315,706.05218,33.228656
55.191877,-9.77618,-0.67366,1.154275,-2.006514,-1.106912,-0.754512,1.640286,706.04854,33.218348
55.194881,-6.986518,-0.686495,1.156386,-2.009524,-1.033967,-0.850212,1.639103,706.05017,33.254516
55.194685,-4.189981,-0.695854,1.152646,-1.999659,-0.950875,-0.937974,1.634891,706.04848,33.254542
55.199582,-1.39946,-0.70772,1.141748,-2.005943,-0.875441,-1.031931,1.633724,706.05179,33.248258
55.199277,1.390775,-0.715524,1.127745,-1.993455,-0.794122,-1.097643,1.632089,706.05909,33.249479
55.193773,4.181315,-0.729929,1.109441,-2.009698,-0.724897,-1.178923,1.634345,706.06516,33.244286
55.193361,6.977893,-0.74196,1.088285,-2.024183,-0.650895,-1.25691,1.638274,706.07228,33.272197
55.189756,9.767616,-0.754309,1.056802,-2.029915,-0.567663,-1.335244,1.639565,706.06828,33.269653
55.187298,12.556886,-0.765649,1.017864,-2.032985,-0.486706,-1.406361,1.641503,706.06104,33.27565
55.188149,15.346159,-0.777392,0.975021,-2.05116,-0.405411,-1.491694,1.643624,706.05831,33.294552
55.194891,18.13879,-0.788836,0.924846,-2.040222,-0.326014,-1.541719,1.645769,706.05534,33.315738
55.193029,20.933462,-0.796759,0.866589,-2.026562,-0.241217,-1.588998,1.638621,706.04246,33.301017
55.194512,23.72596,-0.809942,0.806853,-2.038817,-0.157036,-1.661858,1.644061,706.04348,33.309143
55.193021,26.507162,-0.820304,0.738145,-2.027769,-0.074033,-1.707155,1.641016,706.03918,33.307222
55.193815,29.306823,-0.829777,0.667118,-2.024491,0.009299,-1.75963,1.640916,706.03786,33.301718
55.192128,32.093128,-0.846104,0.589211,-2.020393,0.091512,-1.807182,1.647632,706.04025,33.312493
55.194833,34.891266,-0.853143,0.507528,-2.005819,0.173056,-1.847501,1.641671,706.03823,33.302886
55.191608,37.684781,-0.86045,0.423387,-1.998025,0.254306,-1.891904,1.639799,706.04459,33.29868
55.192519,40.477294,-0.868293,0.332436,-1.970482,0.328989,-1.91449,1.631563,706.04718,33.302185
55.192421,43.257263,-0.879827,0.241743,-1.956578,0.403275,-1.950583,1.632338,706.05587,33.286165
55.190459,46.051844,-0.890457,0.148716,-1.925259,0.473895,-1.968624,1.634807,706.06055,33.316517
55.18919,48.835929,-0.902533,0.05461,-1.907988,0.544629,-1.999391,1.641443,706.07129,33.291722
55.19211,51.635744,-0.913595,-0.040434,-1.88796,0.609378,-2.029766,1.643807,706.07515,33.296836
55.191559,54.419481,-0.923689,-0.140073,-1.873927,0.669234,-2.066286,1.643067,706.08032,33.294422
55.194138,57.212987,-0.929639,-0.236761,-1.831909,0.72524,-2.071551,1.638646,706.07186,33.338975
55.197504,60.003404,-0.94099,-0.337731,-1.796755,0.777273,-2.091242,1.640226,706.06695,33.286529
55.194721,62.792624,-0.951744,-0.440316,-1.760926,0.827755,-2.115204,1.643013,706.06081,33.311091
55.190881,65.586911,-0.950919,-0.535594,-1.703788,0.865353,-2.114146,1.632581,706.06094,33.310312
55.195528,68.376804,-0.963953,-0.63634,-1.661834,0.908061,-2.130389,1.642749,706.05743,33.316647
55.189785,71.175699,-0.96979,-0.730376,-1.59931,0.941139,-2.124597,1.64418,706.04647,33.326591
55.198205,73.961574,-0.976297,-0.823265,-1.553969,0.968384,-2.144297,1.644433,706.04626,33.313843
55.19082,76.746294,-0.978155,-0.914092,-1.487626,0.990717,-2.142772,1.644856,706.04933,33.305119
55.189102,79.536823,-0.982134,-1.005222,-1.414055,1.005763,-2.140443,1.643912,706.04294,33.324254
55.191413,82.334766,-0.98651,-1.099004,-1.346445,1.012812,-2.147451,1.643852,706.03954,33.263447
55.197308,85.126701,-0.987692,-1.186583,-1.26895,1.015062,-2.148509,1.642978,706.03847,33.312389
55.1928,87.914176,-0.989505,-1.266472,-1.189345,1.014232,-2.140229,1.642367,706.03764,33.290475
55.189506,90.700333,-0.98416,-1.331802,-1.116221,1.001288,-2.138545,1.634603,706.03722,33.291566
55.2002,93.501893,-0.990851,-1.409654,-1.045934,0.988442,-2.150457,1.641498,706.03841,33.335886
55.199855,96.291062,-0.988676,-1.479047,-0.954943,0.967118,-2.139588,1.641517,706.03918,33.297512
55.188716,99.071097,-0.984677,-1.535605,-0.867687,0.942644,-2.12789,1.640514,706.0423,33.294032
55.195258,101.87182,-0.983212,-1.589614,-0.778142,0.911871,-2.115889,1.638681,706.0438,33.315738
55.19286,104.65262,-0.984429,-1.642203,-0.700279,0.880011,-2.124453,1.642412,706.04078,33.325812
55.199163,107.44378,-0.97591,-1.683734,-0.619188,0.841515,-2.12489,1.643157,706.03989,33.313895
55.191725,110.23737,-0.970128,-1.729389,-0.522122,0.794191,-2.111523,1.641766,706.0407,33.273547
55.197902,113.02975,-0.96529,-1.783056,-0.400394,0.735706,-2.071437,1.641791,706.04043,33.319061
55.198815,115.82886,-0.958658,-1.812169,-0.315895,0.679308,-2.064801,1.638045,706.04177,33.319243
55.192732,118.6077,-0.951962,-1.840329,-0.227209,0.618066,-2.050564,1.634081,706.04449,33.313972
55.195977,121.41175,-0.954516,-1.878184,-0.138876,0.562318,-2.051751,1.64417,706.04986,33.354476
55.203112,124.19859,-0.946051,-1.896384,-0.057953,0.495463,-2.042716,1.638875,706.05153,33.312259
55.199113,126.97967,-0.943334,-1.924489,0.03878,0.430267,-2.022261,1.646316,706.05053,33.304522
55.196851,129.77099,-0.931279,-1.939486,0.123487,0.350726,-1.997285,1.634821,706.04699,33.320775
55.199815,132.55962,-0.93176,-1.967526,0.210579,0.271547,-1.979939,1.63805,706.04399,33.309559
55.198785,135.35814,-0.928522,-2.004279,0.313585,0.186497,-1.944324,1.641468,706.04502,33.320256
55.198267,138.15453,-0.921379,-2.027327,0.389784,0.093897,-1.916656,1.638726,706.04659,33.31984
55.201176,140.93687,-0.917301,-2.04673,0.467661,0.006582,-1.888298,1.639441,706.04302,33.310779
55.194066,143.7267,-0.912641,-2.059173,0.547466,-0.078563,-1.850496,1.641041,706.04112,33.282427
55.196938,146.51845,-0.904401,-2.060047,0.613506,-0.166295,-1.807947,1.631886,706.04114,33.297148
55.199951,149.31558,-0.899622,-2.073687,0.690176,-0.25137,-1.764026,1.637901,706.03991,33.337002
55.197814,152.09858,-0.895976,-2.081958,0.744613,-0.342048,-1.730407,1.639486,706.03954,33.314206
55.204738,154.88895,-0.891635,-2.08471,0.801404,-0.422016,-1.691146,1.641428,706.03928,33.279545
55.20371,157.6867,-0.884899,-2.096785,0.868576,-0.520647,-1.621708,1.638969,706.03587,33.300393
57.504577,155.65288,-1.049123,-2.146527,0.692352,-0.587497,-1.785301,1.639719,706.03089,33.281752
57.501081,152.94675,-1.049778,-2.125908,0.638958,-0.483606,-1.827319,1.639759,706.03084,33.267082
57.497149,150.2348,-1.055704,-2.124378,0.576872,-0.402818,-1.866586,1.63815,706.03064,33.26986
57.503321,147.52921,-1.059554,-2.115969,0.498781,-0.316129,-1.912752,1.63508,706.03162,33.269081
57.497986,144.8172,-1.067328,-2.134482,0.449719,-0.251961,-1.926918,1.638348,706.03272,33.274014
57.497939,142.10714,-1.074739,-2.130632,0.381394,-0.169544,-1.959469,1.642471,706.03329,33.261136
57.49696,139.41081,-1.077282,-2.117171,0.309582,-0.085944,-1.979577,1.640589,706.03737,33.235926
57.500423,136.69687,-1.080834,-2.076677,0.213092,0.014206,-2.018262,1.636913,706.03873,33.266147
57.502092,133.99618,-1.090088,-2.055417,0.114486,0.097846,-2.058845,1.639168,706.03893,33.263058
57.493604,131.28885,-1.090207,-2.032563,0.02888,0.175758,-2.079549,1.637171,706.04185,33.254516
57.504562,128.58496,-1.097077,-2.014795,-0.049817,0.252483,-2.088967,1.64032,706.04079,33.253867
57.497382,125.86684,-1.10048,-1.985836,-0.150196,0.324568,-2.111528,1.636908,706.03811,33.265394
57.497778,123.16451,-1.10649,-1.962266,-0.241495,0.39344,-2.130111,1.638711,706.03509,33.286243
57.493431,120.46317,-1.111085,-1.937613,-0.326505,0.460583,-2.137437,1.641637,706.03378,33.2615
57.499611,117.75344,-1.11026,-1.899072,-0.412246,0.523945,-2.135441,1.636585,706.03411,33.236627
57.489026,115.04144,-1.121168,-1.873763,-0.511358,0.581427,-2.156874,1.641801,706.03041,33.231668
57.4961,112.34383,-1.120721,-1.859502,-0.578104,0.625179,-2.146458,1.639029,706.02587,33.271003
57.499343,109.6341,-1.1263,-1.793631,-0.691989,0.682755,-2.164847,1.637986,706.02397,33.22393
57.497685,106.92481,-1.134019,-1.756813,-0.793779,0.730222,-2.186519,1.643465,706.01383,33.259501
57.49976,104.2118,-1.132012,-1.703733,-0.879927,0.767894,-2.186807,1.638616,706.02604,33.263629
57.492258,101.50996,-1.137238,-1.662102,-0.952355,0.801771,-2.181835,1.641006,706.02329,33.240599
57.495692,98.799393,-1.140799,-1.659022,-0.992669,0.822689,-2.178,1.641855,706.02238,33.222762
57.497366,96.094985,-1.147773,-1.604899,-1.090401,0.850446,-2.204595,1.646614,706.01982,33.200563
57.495621,93.394774,-1.145473,-1.541397,-1.154186,0.866321,-2.191939,1.641875,706.01409,33.223307
57.489339,90.681857,-1.14451,-1.47477,-1.223763,0.881223,-2.185019,1.641577,706.01294,33.227254
57.49108,87.984008,-1.146616,-1.405839,-1.314426,0.892489,-2.209265,1.645854,706.00778,33.222295
57.488658,85.269914,-1.143392,-1.32975,-1.366876,0.888818,-2.185794,1.638557,706.00774,33.23307
57.494443,82.568118,-1.147788,-1.258171,-1.452591,0.888123,-2.212384,1.644061,706.01197,33.233225
57.497486,79.86149,-1.144708,-1.167632,-1.510972,0.878615,-2.194705,1.642059,706.01418,33.243715
57.48752,77.146383,-1.13845,-1.079865,-1.583758,0.865974,-2.209468,1.641507,706.01534,33.244078
57.489737,74.438969,-1.139587,-0.99174,-1.637837,0.844947,-2.193935,1.642262,706.01436,33.216012
57.493936,71.736262,-1.131535,-0.883334,-1.716116,0.813862,-2.196648,1.6388,706.01623,33.229357
57.491074,69.034091,-1.121536,-0.789994,-1.758085,0.783243,-2.182431,1.635462,706.01543,33.243533
57.499261,66.319186,-1.122659,-0.709777,-1.796418,0.75263,-2.182481,1.643728,706.01596,33.24021
57.49437,63.61283,-1.119648,-0.623406,-1.834934,0.714511,-2.179257,1.645735,706.01693,33.236341
57.495548,60.902237,-1.10421,-0.51952,-1.881105,0.664719,-2.176451,1.637762,706.01914,33.216375
57.493675,58.196722,-1.094529,-0.403205,-1.931429,0.608081,-2.147655,1.63737,706.01922,33.237484
57.494473,55.494969,-1.088131,-0.307838,-1.96925,0.554007,-2.139717,1.640236,706.01773,33.243689
57.494155,52.791517,-1.081485,-0.230989,-1.960145,0.506371,-2.121929,1.643465,706.01703,33.262668
57.490767,50.080482,-1.070427,-0.132135,-1.991131,0.442149,-2.106506,1.639873,706.01781,33.238834
57.487961,47.374442,-1.059345,-0.024608,-2.028882,0.370739,-2.079891,1.641095,706.01215,33.234394
57.494059,44.672992,-1.05034,0.069661,-2.043401,0.29766,-2.042522,1.639327,706.01109,33.234783
57.492512,41.958968,-1.040604,0.157518,-2.056078,0.228972,-2.021138,1.640449,706.01168,33.246986
57.496998,39.250439,-1.030113,0.23233,-2.049521,0.166568,-2.005998,1.6381,706.01049,33.243715
57.495379,36.547155,-1.019309,0.338506,-2.080458,0.072115,-1.939138,1.641473,706.00467,33.219283
57.492135,33.841698,-1.008416,0.41925,-2.095528,-0.007709,-1.91148,1.639903,706.00812,33.221983
57.493611,31.12706,-0.998258,0.494971,-2.10062,-0.086888,-1.873386,1.63728,706.00494,33.216038
57.496327,28.424921,-0.993042,0.56648,-2.109745,-0.170458,-1.83698,1.640628,706.00652,33.228967
57.494851,25.71225,-0.979119,0.635263,-2.102785,-0.249458,-1.782504,1.637216,706.00481,33.230525
57.48969,23.012678,-0.969984,0.700309,-2.099532,-0.330648,-1.731182,1.638691,706.00343,33.244546
57.492841,20.297632,-0.958549,0.760101,-2.102234,-0.411163,-1.679309,1.638661,706.00123,33.235484
57.490755,17.594009,-0.949762,0.813151,-2.106163,-0.492815,-1.63056,1.637971,706.00046,33.230915
57.492706,14.890964,-0.93868,0.858503,-2.106327,-0.57261,-1.575994,1.63575,705.9975,33.240729
57.49452,12.174487,-0.930827,0.908936,-2.101469,-0.654332,-1.504971,1.644702,705.99782,33.211546
57.492662,9.468627,-0.920157,0.936907,-2.091092,-0.720894,-1.444241,1.637514,705.99775,33.225099
57.495885,6.765449,-0.911017,0.967217,-2.085003,-0.783417,-1.394111,1.638383,705.99953,33.217362
57.487326,4.059354,-0.895802,0.991755,-2.077636,-0.853645,-1.323079,1.635015,706.00089,33.20843
57.48734,1.347202,-0.885912,1.015504,-2.080805,-0.930469,-1.251595,1.636838,706.00173,33.215051
57.487634,-1.355167,-0.875436,1.031514,-2.065908,-1.0047,-1.161726,1.641761,706.00613,33.204795
57.488212,-4.067301,-0.863559,1.039625,-2.075848,-1.076418,-1.091062,1.640877,706.00488,33.187529
57.497358,-6.773358,-0.854216,1.044831,-2.076374,-1.15128,-1.00322,1.644249,706.00055,33.212896
57.494719,-9.476483,-0.842687,1.036322,-2.063802,-1.21736,-0.903467,1.639148,706.0003,33.189503
57.497157,-12.182272,-0.833309,1.025126,-2.076588,-1.283778,-0.828619,1.640077,705.9959,33.229668
57.495919,-14.898661,-0.824005,1.013905,-2.08767,-1.351199,-0.74271,1.64493,705.99725,33.208067
57.494534,-17.601602,-0.810305,0.98656,-2.07624,-1.404116,-0.648654,1.637683,705.99546,33.213078
57.497178,-20.305102,-0.803619,0.958047,-2.071809,-1.461994,-0.553913,1.641796,705.9992,33.225488
57.494578,-23.02001,-0.789388,0.921682,-2.053723,-1.511806,-0.449123,1.637032,705.99614,33.175898
57.500275,-25.719426,-0.781326,0.884169,-2.059938,-1.567371,-0.358445,1.640206,705.99552,33.225878
57.502278,-28.431925,-0.774516,0.835579,-2.062898,-1.624226,-0.269277,1.643445,705.99069,33.200693
57.500073,-31.133877,-0.764993,0.781942,-2.045691,-1.668336,-0.169171,1.639799,705.99114,33.204951
57.499097,-33.848313,-0.752759,0.722111,-2.023572,-1.70423,-0.07216,1.63355,705.99203,33.176287
57.502823,-36.553552,-0.743465,0.660372,-1.993714,-1.740411,0.035188,1.632502,705.99741,33.192203
57.504908,-39.256606,-0.737092,0.597173,-1.991995,-1.782872,0.116225,1.638497,705.99886,33.187919
57.50087,-41.96489,-0.731395,0.523399,-1.973368,-1.819997,0.203674,1.638517,705.99774,33.184232
57.502847,-44.678655,-0.723879,0.449297,-1.947682,-1.849722,0.291868,1.63732,705.99478,33.182467
57.497159,-47.379836,-0.719523,0.373148,-1.925438,-1.882019,0.378086,1.640693,705.9996,33.189684
57.500354,-50.085593,-0.714853,0.294516,-1.898958,-1.907486,0.459271,1.642844,705.99841,33.189684
57.504111,-52.796332,-0.71229,0.208184,-1.869487,-1.929884,0.53089,1.640837,705.99351,33.178987
57.504774,-55.49948,-0.710328,0.122995,-1.831511,-1.950309,0.611643,1.642665,705.98971,33.182259
57.504298,-58.200919,-0.710527,0.033922,-1.803362,-1.974123,0.67438,1.643122,705.98873,33.213857
57.50647,-60.90611,-0.70481,-0.052797,-1.755015,-1.979323,0.737167,1.63586,705.98676,33.171354
57.505568,-63.616369,-0.705624,-0.145775,-1.709356,-1.991553,0.795438,1.633883,705.98739,33.199135
57.510709,-66.322383,-0.706325,-0.238823,-1.656588,-2.006331,0.85594,1.636088,705.98873,33.165876
57.502747,-69.036941,-0.707333,-0.332734,-1.601903,-2.016032,0.904535,1.633744,705.99078,33.15575
57.505806,-71.738758,-0.710552,-0.426169,-1.556676,-2.030983,0.940985,1.638199,705.99149,33.163124
57.501779,-74.441106,-0.716607,-0.524288,-1.506809,-2.049342,0.974877,1.6411,705.99425,33.127709
57.499707,-77.148155,-0.718177,-0.613471,-1.441291,-2.052129,1.0025,1.638373,705.99239,33.161722
57.50979,-79.862892,-0.72303,-0.704129,-1.377411,-2.058224,1.028131,1.639277,705.99139,33.178234
57.506838,-82.569148,-0.731255,-0.794703,-1.315698,-2.068824,1.048467,1.643509,705.99123,33.171666
57.501115,-85.27057,-0.73362,-0.878556,-1.246349,-2.068407,1.055451,1.642163,705.9906,33.183271
57.503572,-87.984289,-0.737902,-0.961405,-1.177532,-2.06874,1.055337,1.64107,705.99229,33.126723
57.501838,-90.681762,-0.741707,-1.041538,-1.102804,-2.06868,1.048134,1.639317,705.99415,33.160008
57.508099,-93.394303,-0.745452,-1.123115,-1.026988,-2.070771,1.036784,1.640137,705.99113,33.161955
57.509795,-96.09414,-0.751204,-1.204718,-0.940443,-2.072122,1.023551,1.639228,705.98855,33.114753
57.508045,-98.798175,-0.756474,-1.281776,-0.847242,-2.07629,1.018668,1.641781,705.98996,33.101356
57.504507,-101.50837,-0.758432,-1.365092,-0.755262,-2.06951,0.975661,1.637946,705.9881,33.12532
57.511877,-104.20985,-0.768033,-1.444758,-0.668151,-2.076966,0.943975,1.644518,705.98551,33.124386
57.509644,-106.9225,-0.773348,-1.506039,-0.586956,-2.065431,0.892817,1.641135,705.98408,33.132824
57.511116,-109.63143,-0.782081,-1.567177,-0.505388,-2.071343,0.850222,1.643072,705.9789,33.139886
57.507662,-112.3408,-0.783467,-1.615285,-0.415177,-2.069718,0.807379,1.642883,705.97881,33.123217
57.500351,-115.03807,-0.786144,-1.662509,-0.334488,-2.063584,0.750434,1.641547,705.97558,33.143365
57.510673,-117.74973,-0.790148,-1.710742,-0.247212,-2.051483,0.683197,1.637544,705.97728,33.149934
57.504205,-120.45913,-0.799591,-1.77863,-0.137316,-2.038146,0.621379,1.643594,705.97325,33.144456
57.508242,-123.16016,-0.804712,-1.818617,-0.044139,-2.025941,0.558667,1.639923,705.97316,33.111196
57.507512,-125.86217,-0.8141,-1.8637,0.029834,-2.00953,0.466548,1.639804,705.96924,33.12127
57.514334,-128.58,-0.81935,-1.900358,0.1291,-1.993127,0.405366,1.643157,705.96602,33.101901
57.502997,-131.2836,-0.830209,-1.945685,0.198225,-1.991573,0.310873,1.653206,705.9583,33.136069
57.511085,-133.99065,-0.831401,-1.959116,0.275198,-1.954974,0.225818,1.636908,705.96901,33.12584
57.508996,-136.69108,-0.840005,-1.989606,0.354277,-1.940588,0.142939,1.639466,705.9618,33.13677
57.505094,-139.40477,-0.850649,-2.015475,0.419175,-1.933992,0.057804,1.638572,705.96214,33.083389
57.505617,-142.10086,-0.860718,-2.035191,0.479727,-1.928578,-0.024484,1.639054,705.96214,33.124178
57.505189,-144.81069,-0.868075,-2.045771,0.548742,-1.901163,-0.104745,1.637022,705.96826,33.133058
57.510032,-147.52249,-0.872446,-2.058596,0.614549,-1.855007,-0.20359,1.636093,705.96683,33.130565
57.503355,-150.22789,-0.883796,-2.078744,0.678225,-1.810008,-0.306288,1.636232,705.96787,33.147623
57.506767,-152.93966,-0.897983,-2.096224,0.732348,-1.786438,-0.394979,1.642421,705.96892,33.142586
57.509731,-155.64563,-0.905856,-2.105443,0.780188,-1.746789,-0.486437,1.639148,705.97271,33.086427
59.80619,-150.88801,-1.051269,-2.155533,0.555031,-1.907407,-0.470264,1.641001,705.98105,33.111741
59.80925,-148.23836,-1.037623,-2.109472,0.477158,-1.980217,-0.342882,1.636903,705.98551,33.11709
59.806585,-145.5912,-1.031111,-2.130761,0.434008,-1.9593,-0.294998,1.636376,705.98301,33.127475
59.804801,-142.94532,-1.020908,-2.117648,0.37972,-1.983004,-0.196104,1.636113,705.98784,33.125165
59.812229,-140.30127,-1.01833,-2.108483,0.316034,-2.011119,-0.106712,1.643291,705.99085,33.119738
59.810034,-137.64666,-1.010805,-2.091872,0.24447,-2.030576,-0.020684,1.646361,705.99664,33.135213
59.806853,-135.00043,-1.001596,-2.064234,0.167145,-2.041191,0.058674,1.643644,705.98971,33.120907
59.80867,-132.35213,-0.988795,-2.028539,0.084822,-2.050957,0.140197,1.63804,705.98641,33.125918
59.810519,-129.71472,-0.986043,-1.992343,-0.003015,-2.080567,0.229757,1.640782,705.99221,33.130435
59.807353,-127.06952,-0.978075,-1.952222,-0.089675,-2.098325,0.312135,1.642913,705.99185,33.135602
59.805638,-124.42463,-0.976541,-1.912364,-0.184197,-2.123817,0.394766,1.648889,705.9975,33.142197
59.808428,-121.77527,-0.968469,-1.871021,-0.256546,-2.124324,0.47687,1.646172,705.99541,33.136173
59.809536,-119.12063,-0.959562,-1.82726,-0.339152,-2.11955,0.540377,1.64031,705.98703,33.136381
59.806271,-116.47334,-0.954833,-1.783647,-0.438235,-2.126638,0.590274,1.641587,705.9873,33.148272
59.803895,-113.82881,-0.951436,-1.748076,-0.511726,-2.129068,0.650974,1.641676,705.98453,33.151492
59.809204,-111.18313,-0.947676,-1.714492,-0.585301,-2.128665,0.700493,1.644811,705.98024,33.139081
59.806638,-108.53785,-0.942619,-1.669622,-0.657635,-2.129361,0.753087,1.642546,705.97853,33.16707
59.804453,-105.88893,-0.939182,-1.609866,-0.747533,-2.130394,0.790947,1.641085,705.97273,33.133655
59.813601,-103.24765,-0.928552,-1.539489,-0.821536,-2.117678,0.824919,1.630242,705.97122,33.154659
59.805643,-100.60176,-0.926177,-1.465079,-0.912944,-2.125367,0.863857,1.632815,705.96807,33.152219
59.803392,-97.94639,-0.924235,-1.397857,-1.009638,-2.128665,0.875317,1.635129,705.96869,33.170082
59.80662,-95.29501,-0.922392,-1.32135,-1.098999,-2.132073,0.898579,1.636615,705.9738,33.142586
59.801888,-92.661382,-0.921473,-1.254764,-1.17719,-2.141749,0.917494,1.645288,705.97666,33.164292
59.8,-90,-0.916034,-1.171269,-1.256145,-2.141853,0.926435,1.645993,705.97952,33.141807
59.801596,-87.353077,-0.905508,-1.082607,-1.312196,-2.132167,0.939912,1.63891,705.97845,33.192956
59.806039,-84.719436,-0.897084,-0.997046,-1.380267,-2.125307,0.930966,1.633391,705.98229,33.192151
59.802517,-82.068038,-0.892509,-0.913933,-1.446869,-2.126733,0.920971,1.635999,705.9848,33.16855
59.804473,-79.412641,-0.890701,-0.831118,-1.510684,-2.129952,0.909522,1.640221,705.98712,33.154659
59.812132,-76.766706,-0.889747,-0.747369,-1.573768,-2.131531,0.886911,1.644776,705.98274,33.180701
59.802683,-74.125385,-0.881695,-0.653304,-1.64116,-2.119108,0.84074,1.642456,705.98551,33.199525
59.80456,-71.476407,-0.87785,-0.563922,-1.692586,-2.108647,0.802596,1.637802,705.9814,33.163124
59.806814,-68.831066,-0.878441,-0.471699,-1.731227,-2.108235,0.784291,1.644597,705.97854,33.185193
59.801185,-66.185309,-0.875401,-0.376278,-1.779708,-2.090169,0.728419,1.640007,705.97289,33.182103
59.803235,-63.540687,-0.876191,-0.28632,-1.830478,-2.080547,0.66759,1.639739,705.97325,33.175249
59.806165,-60.893299,-0.876698,-0.196735,-1.879819,-2.071049,0.603526,1.642809,705.97104,33.217362
59.804711,-58.238542,-0.876638,-0.104706,-1.913507,-2.053604,0.543377,1.640971,705.96275,33.22162
59.801566,-55.589043,-0.87871,-0.017748,-1.939943,-2.037461,0.479607,1.642392,705.95831,33.22393
59.802915,-52.943996,-0.880359,0.065176,-1.975727,-2.020969,0.400101,1.641478,705.95329,33.229928
59.805701,-50.298622,-0.879912,0.147857,-1.994027,-1.988463,0.319586,1.632492,705.95369,33.232836
59.803462,-47.661021,-0.887671,0.228664,-2.018148,-1.97676,0.251534,1.641701,705.94942,33.188698
59.801237,-45.012486,-0.891361,0.301853,-2.031952,-1.958659,0.177591,1.641776,705.94772,33.200693
59.803997,-42.366004,-0.898579,0.381106,-2.068814,-1.925771,0.075418,1.644319,705.9461,33.207262
59.805754,-39.711103,-0.906333,0.438935,-2.052879,-1.918414,0.019924,1.647185,705.94169,33.207262
59.797872,-37.066714,-0.910381,0.510852,-2.078322,-1.868543,-0.086774,1.641607,705.9374,33.206171
59.799187,-34.420455,-0.922258,0.585222,-2.112223,-1.81881,-0.195339,1.645491,705.93791,33.218115
59.801369,-31.77287,-0.928065,0.639768,-2.114638,-1.771512,-0.28856,1.638254,705.93793,33.221308
59.797812,-29.122724,-0.936862,0.692436,-2.120688,-1.730735,-0.38122,1.638795,705.93572,33.240963
59.794751,-26.479815,-0.944353,0.739163,-2.125183,-1.687192,-0.474357,1.638567,705.93917,33.22123
59.795222,-23.829918,-0.957223,0.782543,-2.134253,-1.64799,-0.567027,1.642431,705.94309,33.216323
59.795174,-21.18998,-0.960397,0.818203,-2.124269,-1.589907,-0.653632,1.63729,705.94044,33.184544
59.794906,-18.534983,-0.971226,0.84904,-2.126395,-1.539345,-0.744339,1.637226,705.94171,33.214454
59.796362,-15.888123,-0.98495,0.875516,-2.130036,-1.491078,-0.834327,1.643236,705.94256,33.200304
59.796213,-13.238374,-0.992168,0.888729,-2.120489,-1.439026,-0.909949,1.636019,705.9402,33.246026
59.799478,-10.590674,-1.001173,0.902091,-2.120439,-1.367964,-1.005435,1.636033,705.94208,33.20573
59.795054,-7.948343,-1.014227,0.913655,-2.125382,-1.310094,-1.091573,1.640911,705.94267,33.231694
59.792852,-5.29816,-1.021882,0.912765,-2.118472,-1.240746,-1.171725,1.636456,705.93978,33.201861
59.792433,-2.64817,-1.037102,0.910828,-2.12633,-1.177706,-1.25531,1.642998,705.9364,33.21557
59.7875,0,-1.045983,0.89919,-2.127498,-1.106063,-1.333928,1.640345,705.93572,33.219724
59.791857,2.6409,-1.059763,0.88322,-2.137184,-1.03817,-1.412421,1.643291,705.93184,33.207651
59.791698,5.290913,-1.062023,0.853595,-2.128839,-0.958827,-1.474139,1.631493,705.92669,33.239353
59.793327,7.941136,-1.080183,0.834645,-2.156368,-0.904068,-1.54312,1.645124,705.93061,33.186725
59.797182,10.583522,-1.088414,0.804752,-2.157093,-0.843795,-1.586346,1.645869,705.93631,33.209209
59.793351,13.231291,-1.096908,0.765902,-2.159726,-0.764536,-1.646842,1.644856,705.92523,33.22123
59.792941,15.881124,-1.102854,0.717655,-2.156974,-0.684573,-1.699555,1.6389,705.91563,33.213311
59.790933,18.528083,-1.114289,0.664868,-2.156393,-0.607466,-1.749253,1.638199,705.90744,33.200667
59.790656,21.183194,-1.126081,0.61129,-2.168334,-0.531292,-1.80897,1.642213,705.90769,33.212325
59.790173,23.823261,-1.127541,0.550446,-2.153884,-0.447767,-1.83932,1.634439,705.90861,33.198746
59.789178,26.473301,-1.137903,0.483884,-2.156472,-0.369408,-1.885446,1.632492,705.91185,33.20843
59.791729,29.116367,-1.152701,0.416344,-2.16665,-0.293915,-1.93351,1.637881,705.91877,33.195656
59.794788,31.766685,-1.161682,0.34326,-2.16746,-0.213519,-1.974207,1.638949,705.92568,33.199499
59.792122,34.414452,-1.177522,0.267712,-2.173997,-0.138235,-2.016474,1.646733,705.92893,33.216842
59.790338,37.060907,-1.179052,0.187769,-2.159448,-0.05931,-2.038131,1.638363,705.93017,33.232758
59.797768,39.705507,-1.187526,0.103916,-2.148942,0.015135,-2.062079,1.638855,705.93162,33.219283
59.795575,42.360629,-1.19995,0.017167,-2.144963,0.087633,-2.092354,1.642322,705.93505,33.231668
59.792397,45.007342,-1.209815,-0.070685,-2.134715,0.1579,-2.116858,1.641041,705.93608,33.227799
59.794222,47.656121,-1.217092,-0.162436,-2.117052,0.224288,-2.133647,1.638805,705.93514,33.201238
59.796084,50.293974,-1.231547,-0.276102,-2.079673,0.303725,-2.182113,1.643196,705.93393,33.229746
59.792939,52.939612,-1.236658,-0.362891,-2.061622,0.360958,-2.184686,1.639049,705.93204,33.230915
59.791253,55.584931,-1.244526,-0.447946,-2.048448,0.41015,-2.189455,1.636173,705.93362,33.215804
59.794083,58.234712,-1.25614,-0.55365,-2.015123,0.473125,-2.216571,1.642739,705.93538,33.212506
59.795244,60.88976,-1.263521,-0.669547,-1.959593,0.530731,-2.238661,1.640022,705.93505,33.199525
59.792045,63.537445,-1.262657,-0.722642,-1.960602,0.560962,-2.213929,1.63512,705.93789,33.233044
59.789749,66.182371,-1.275443,-0.810489,-1.938154,0.602001,-2.226163,1.642824,705.94166,33.203004
59.795157,68.828439,-1.275825,-0.894983,-1.889927,0.637821,-2.222507,1.638428,705.94588,33.213182
59.792708,71.474095,-1.283256,-0.984568,-1.84839,0.670957,-2.227793,1.641075,705.94503,33.22162
59.790659,74.123394,-1.291651,-1.07915,-1.804425,0.699172,-2.24561,1.644304,705.94924,33.222762
59.799964,76.765041,-1.293707,-1.189161,-1.71017,0.721644,-2.243628,1.63889,705.95075,33.282427
59.792186,79.411304,-1.299971,-1.275125,-1.656131,0.739134,-2.248625,1.642397,705.94586,33.24156
59.790137,82.067033,-1.301342,-1.357895,-1.589162,0.746495,-2.243444,1.640176,705.94209,33.245506
59.793592,84.718766,-1.303572,-1.446442,-1.511757,0.749739,-2.242371,1.639118,705.94291,33.248726
59.78911,87.352741,-1.30247,-1.517817,-1.44293,0.748209,-2.237126,1.638299,705.94208,33.2615
59.7875,90,-1.300299,-1.583246,-1.378181,0.742477,-2.240573,1.638835,705.94479,33.219672
59.789401,92.66172,-1.302708,-1.648437,-1.309811,0.729492,-2.240757,1.640042,705.9379,33.209209
59.794173,95.295682,-1.310785,-1.674739,-1.286942,0.720725,-2.259484,1.648576,705.9408,33.2615
59.791012,97.947395,-1.30389,-1.710384,-1.213808,0.698372,-2.246951,1.643157,705.93513,33.218504
59.793357,100.6031,-1.301322,-1.76041,-1.132315,0.671256,-2.2403,1.642695,705.93221,33.209988
59.801434,103.24932,-1.293856,-1.801266,-1.045402,0.637354,-2.230753,1.637504,705.92538,33.227773
59.792431,105.89092,-1.286728,-1.842539,-0.951242,0.603765,-2.220918,1.638721,705.92687,33.218894
59.794787,108.54017,-1.288874,-1.889311,-0.873166,0.561528,-2.230738,1.643604,705.92629,33.197058
59.797549,111.18576,-1.281587,-1.921221,-0.780134,0.514279,-2.218975,1.639277,705.92813,33.205107
59.79246,113.83175,-1.27739,-1.955659,-0.692814,0.461909,-2.214977,1.638721,705.92846,33.229357
59.795082,116.47659,-1.270952,-1.983541,-0.611161,0.405987,-2.214833,1.636158,705.93391,33.205341
59.798616,119.12417,-1.267684,-2.013359,-0.509272,0.344323,-2.196419,1.636654,705.94175,33.193709
59.797801,121.7791,-1.262955,-2.041226,-0.418311,0.28331,-2.189579,1.640837,705.94921,33.215492
59.795328,124.42874,-1.257069,-2.061964,-0.332426,0.216981,-2.181815,1.637444,705.95066,33.230915
59.79738,127.07391,-1.250924,-2.082598,-0.241679,0.147444,-2.165726,1.635254,705.9517,33.25545
59.800903,129.71937,-1.251465,-2.111662,-0.153127,0.073576,-2.159408,1.642466,705.95797,33.239431
59.799433,132.35703,-1.246826,-2.13013,-0.071504,-0.000944,-2.149081,1.64342,705.95956,33.229357
59.798014,135.00558,-1.237448,-2.135898,0.01599,-0.076323,-2.119416,1.63887,705.96087,33.224476
59.801613,137.65203,-1.231715,-2.158384,0.103752,-0.167264,-2.088485,1.634717,705.96369,33.219672
59.804246,140.30686,-1.233017,-2.186405,0.190958,-0.25752,-2.064448,1.641204,705.97062,33.255632
59.79727,142.95113,-1.223361,-2.175949,0.257549,-0.326918,-2.038792,1.635884,705.96962,33.196435
59.799522,145.5972,-1.223216,-2.191422,0.321742,-0.414575,-2.024044,1.637991,705.97298,33.245221
59.802671,148.24454,-1.215542,-2.189524,0.391448,-0.490873,-1.991935,1.639208,705.96342,33.209209
59.800109,150.89436,-1.209775,-2.187826,0.459013,-0.569833,-1.955187,1.63809,705.96413,33.220815
62.098888,148.93308,-1.357433,-2.23874,0.280155,-0.666502,-2.043878,1.631056,705.96252,33.243299
62.104033,146.34373,-1.377382,-2.254169,0.206972,-0.592146,-2.094634,1.642486,705.96715,33.198746
62.099621,143.74265,-1.370919,-2.239704,0.141464,-0.504727,-2.11039,1.63661,705.97728,33.234394
62.098259,141.16003,-1.383963,-2.244075,0.065638,-0.421589,-2.149667,1.646823,705.97961,33.18849
62.102166,138.56907,-1.381117,-2.228259,-0.0083,-0.340429,-2.160252,1.639595,705.98202,33.221049
62.096636,135.9874,-1.387545,-2.218628,-0.091229,-0.261156,-2.180275,1.63878,705.98408,33.180156
62.099204,133.38299,-1.39133,-2.203716,-0.175092,-0.180934,-2.19777,1.639521,705.98596,33.219283
62.097393,130.80383,-1.406306,-2.206831,-0.258021,-0.107597,-2.225662,1.649868,705.98933,33.228007
62.099116,128.21044,-1.398497,-2.172899,-0.339182,-0.033336,-2.21758,1.637305,705.98542,33.256074
62.091124,125.61961,-1.407647,-2.165418,-0.426303,0.038477,-2.235899,1.643042,705.97585,33.199291
62.099774,123.03258,-1.416434,-2.160054,-0.51263,0.104432,-2.253329,1.649485,705.97225,33.184024
62.093786,120.44282,-1.420254,-2.137547,-0.598738,0.167626,-2.255689,1.64576,705.96385,33.209261
62.091504,117.85584,-1.42399,-2.109854,-0.691164,0.230726,-2.263686,1.645457,705.96004,33.212714
62.096024,115.25428,-1.418997,-2.06947,-0.772534,0.286658,-2.252107,1.63587,705.95549,33.199914
62.09716,112.6679,-1.422023,-2.038191,-0.861185,0.338362,-2.25478,1.632656,705.95976,33.209209
62.099095,110.07911,-1.42774,-2.006902,-0.947507,0.389352,-2.259176,1.636197,705.96661,33.221776
62.098399,107.48685,-1.432429,-1.97528,-1.032721,0.43513,-2.264029,1.63815,705.97667,33.194955
62.093668,104.90382,-1.441827,-1.944771,-1.122231,0.476667,-2.276209,1.644875,705.97898,33.213857
62.092585,102.31305,-1.445394,-1.903999,-1.203486,0.510196,-2.277108,1.644582,705.98373,33.196772
62.09359,99.713655,-1.450753,-1.862458,-1.285859,0.541455,-2.28367,1.646321,705.98328,33.213831
62.096998,97.132838,-1.448573,-1.810038,-1.360175,0.564687,-2.281981,1.640464,705.98578,33.217751
62.099571,94.541292,-1.448409,-1.761378,-1.426796,0.58324,-2.2798,1.637335,705.98792,33.214246
62.088762,91.952161,-1.448662,-1.717159,-1.486354,0.600099,-2.283009,1.637613,705.99694,33.19023
62.088963,89.363451,-1.451285,-1.67604,-1.535163,0.608489,-2.282979,1.641428,705.99709,33.204562
62.087595,86.77442,-1.45581,-1.607735,-1.611962,0.613039,-2.288369,1.642536,705.9962,33.187529
62.097446,84.184476,-1.46114,-1.550904,-1.672657,0.611007,-2.296147,1.647294,705.98873,33.202251
62.094394,81.591361,-1.45129,-1.452422,-1.741459,0.602046,-2.283198,1.639252,705.98837,33.201446
62.0922,78.99431,-1.451474,-1.367685,-1.810728,0.592713,-2.286764,1.644597,705.98906,33.216868
62.091196,76.406358,-1.44372,-1.279829,-1.864127,0.572779,-2.277376,1.640107,705.98524,33.18714
62.094413,73.812509,-1.431689,-1.190984,-1.906334,0.547625,-2.266503,1.631985,705.98274,33.216557
62.090647,71.223905,-1.436209,-1.115034,-1.955977,0.523856,-2.272438,1.642133,705.97273,33.205964
62.094265,68.641487,-1.43234,-1.032477,-2.000762,0.492259,-2.276725,1.64422,705.9586,33.203004
62.098954,66.048329,-1.426155,-0.949052,-2.032593,0.457145,-2.277202,1.641344,705.95941,33.216946
62.095195,63.45453,-1.423995,-0.866197,-2.062834,0.416016,-2.275593,1.643768,705.96113,33.187322
62.095598,60.875643,-1.415918,-0.769538,-2.100173,0.368911,-2.269557,1.640916,705.9606,33.18984
62.089387,58.277086,-1.401254,-0.7162,-2.06567,0.338149,-2.278787,1.633922,705.95973,33.206275
62.097242,55.692373,-1.407588,-0.633345,-2.105473,0.288595,-2.291528,1.648586,705.96653,33.199914
62.097532,53.096719,-1.393033,-0.537655,-2.117022,0.231704,-2.27455,1.640474,705.96292,33.171484
62.094323,50.502621,-1.38594,-0.407388,-2.185744,0.147817,-2.233311,1.642759,705.96879,33.163124
62.090715,47.92273,-1.370229,-0.313715,-2.185024,0.085457,-2.202261,1.635899,705.97109,33.194228
62.095466,45.326562,-1.372335,-0.2278,-2.219159,0.020897,-2.209965,1.64872,705.97513,33.172419
62.091204,42.730897,-1.357666,-0.138513,-2.216373,-0.049698,-2.180126,1.640738,705.97411,33.172003
62.091173,40.152993,-1.345948,-0.055162,-2.217004,-0.118415,-2.153298,1.637752,705.9728,33.191787
62.094315,37.553602,-1.328742,0.028656,-2.209687,-0.190372,-2.118214,1.62823,705.96796,33.217959
62.095205,34.969976,-1.331295,0.106434,-2.22746,-0.266689,-2.107365,1.638597,705.97074,33.164655
62.092506,32.374396,-1.326387,0.183696,-2.234856,-0.343101,-2.084511,1.643028,705.97129,33.235173
62.087146,29.79021,-1.317039,0.259665,-2.235512,-0.419145,-2.053346,1.645069,705.97021,33.192151
62.089587,27.195486,-1.306414,0.327096,-2.231165,-0.494415,-2.013439,1.640569,705.96499,33.211546
62.094183,24.606391,-1.297021,0.39414,-2.225537,-0.573082,-1.970844,1.641398,705.96256,33.222399
62.092616,22.013867,-1.277315,0.451776,-2.202598,-0.644353,-1.913879,1.629755,705.95681,33.203393
62.092467,19.424556,-1.273555,0.508626,-2.207834,-0.723675,-1.876813,1.636297,705.95338,33.20264
62.094944,16.836372,-1.264679,0.561121,-2.204779,-0.798791,-1.830175,1.635661,705.95845,33.180675
62.08996,14.25029,-1.261922,0.612438,-2.213149,-0.877383,-1.78841,1.646097,705.95485,33.203627
62.091403,11.653621,-1.244675,0.649494,-2.190513,-0.945699,-1.719305,1.634727,705.95486,33.180156
62.096547,9.061142,-1.239748,0.685765,-2.198232,-1.021172,-1.672653,1.640678,705.95327,33.193319
62.09401,6.470528,-1.232058,0.715072,-2.196285,-1.074198,-1.633177,1.640335,705.95741,33.220815
62.097361,3.882879,-1.220057,0.740251,-2.185277,-1.143352,-1.564539,1.639893,705.95649,33.230499
62.089988,1.292024,-1.208792,0.759574,-2.176917,-1.21057,-1.494585,1.639486,705.9566,33.21274
62.090271,-1.298644,-1.196731,0.77467,-2.174945,-1.275328,-1.422822,1.639819,705.96156,33.198382
62.098208,-3.889483,-1.191386,0.783278,-2.180673,-1.346097,-1.351815,1.642998,705.96626,33.20573
62.095419,-6.477106,-1.173419,0.78368,-2.167624,-1.401602,-1.262448,1.634797,705.96817,33.196357
62.098516,-9.067679,-1.175888,0.780799,-2.197502,-1.486299,-1.194302,1.646177,705.9746,33.169666
62.093928,-11.660105,-1.161667,0.768475,-2.185034,-1.553179,-1.087967,1.642138,705.97361,33.203004
62.093038,-14.256707,-1.148891,0.747687,-2.177384,-1.609697,-1.000562,1.637871,705.97576,33.216193
62.098565,-16.842707,-1.138817,0.724247,-2.175909,-1.663587,-0.913823,1.637588,705.97379,33.190152
62.096625,-19.430799,-1.129647,0.694597,-2.182848,-1.717602,-0.833592,1.637156,705.97648,33.184024
62.097302,-22.020004,-1.12015,0.671474,-2.186663,-1.722961,-0.766389,1.63656,705.97666,33.181324
62.099388,-24.61241,-1.114328,0.635118,-2.189698,-1.767861,-0.679745,1.640951,705.97442,33.180545
62.0953,-27.201375,-1.107911,0.593254,-2.193319,-1.811901,-0.594466,1.643042,705.97406,33.17743
62.093357,-29.795956,-1.099456,0.544435,-2.185938,-1.850293,-0.496372,1.64264,705.97648,33.184414
62.0992,-32.379986,-1.089601,0.491519,-2.181795,-1.883007,-0.409901,1.640559,705.97916,33.176287
62.10237,-34.975399,-1.079706,0.433382,-2.172362,-1.912707,-0.319372,1.637246,705.98033,33.164655
62.101935,-37.558849,-1.07607,0.374112,-2.170117,-1.948889,-0.232822,1.642849,705.97791,33.182051
62.099234,-40.158052,-1.066518,0.309289,-2.158777,-1.973551,-0.142512,1.642243,705.97469,33.186517
62.099686,-42.735759,-1.061029,0.241291,-2.149577,-2.000539,-0.058097,1.643167,705.97388,33.188308
62.104355,-45.331215,-1.054463,0.164129,-2.126648,-2.028877,0.031011,1.639983,705.97552,33.181402
62.099993,-47.927166,-1.047295,0.086803,-2.105408,-2.053843,0.117193,1.639029,705.97649,33.19023
62.103969,-50.506831,-1.046962,-0.000874,-2.078684,-2.085842,0.202541,1.640286,705.9806,33.139886
62.107528,-53.100693,-1.048671,-0.082462,-2.0626,-2.108274,0.276077,1.645124,705.97854,33.158995
62.107567,-55.696103,-1.042039,-0.164795,-2.032026,-2.117603,0.346717,1.641046,705.97343,33.131734
62.10002,-58.280567,-1.038155,-0.250819,-1.996813,-2.130826,0.417307,1.638984,705.97595,33.157489
62.106518,-60.878864,-1.042919,-0.348833,-1.963488,-2.155906,0.484664,1.643226,705.98587,33.154218
62.106378,-63.457488,-1.033714,-0.429885,-1.914456,-2.147541,0.540144,1.633033,705.98783,33.149726
62.110378,-66.051015,-1.03738,-0.529047,-1.868245,-2.16282,0.595469,1.637742,705.98962,33.133655
62.105907,-68.643898,-1.044503,-0.624459,-1.83401,-2.180678,0.645411,1.644299,705.99045,33.173976
62.102482,-71.226035,-1.051527,-0.714188,-1.796353,-2.193965,0.686739,1.649877,705.99781,33.118959
62.106417,-73.814354,-1.040961,-0.792944,-1.723056,-2.16815,0.713935,1.628553,705.98327,33.117791
62.103345,-76.407914,-1.047667,-0.879902,-1.681271,-2.179923,0.745795,1.633575,705.98632,33.119349
62.10447,-78.995573,-1.059286,-0.962384,-1.644225,-2.193379,0.771858,1.643728,705.96621,33.133291
62.106759,-81.592329,-1.066245,-1.04879,-1.589525,-2.198898,0.788896,1.646107,705.95434,33.120725
62.109882,-84.185147,-1.071038,-1.124049,-1.538352,-2.199499,0.799144,1.646455,705.94878,33.158165
62.100075,-86.774792,-1.072558,-1.200372,-1.471522,-2.195525,0.805879,1.644155,705.94978,33.112365
62.101462,-89.363525,-1.076373,-1.273222,-1.404433,-2.192877,0.805159,1.643609,705.9515,33.141029
62.101254,-91.951935,-1.077208,-1.345645,-1.328235,-2.185526,0.795463,1.636967,705.94807,33.141807
62.112031,-94.540768,-1.076552,-1.409912,-1.25159,-2.177355,0.781286,1.632909,705.9465,33.141807
62.109401,-97.132017,-1.091136,-1.488753,-1.188689,-2.196459,0.77001,1.645884,705.96164,33.101512
62.105911,-99.712539,-1.085637,-1.542628,-1.101339,-2.180782,0.740529,1.63351,705.96155,33.142275
62.104798,-102.31164,-1.094817,-1.624569,-1.015166,-2.188029,0.711198,1.641542,705.97801,33.136926
62.105748,-104.90212,-1.096377,-1.683928,-0.928795,-2.175859,0.666432,1.634305,705.98364,33.141807
62.110321,-107.48487,-1.106699,-1.738206,-0.861419,-2.188312,0.631264,1.643266,705.98542,33.119349
62.110835,-110.07684,-1.109152,-1.772773,-0.788052,-2.190597,0.593026,1.642784,705.98801,33.165616
62.108695,-112.66535,-1.108099,-1.80672,-0.707984,-2.181557,0.541177,1.637052,705.9856,33.152634
62.10733,-115.25146,-1.128883,-1.87577,-0.633524,-2.209875,0.490342,1.657542,705.99405,33.111586
62.102556,-117.85275,-1.122445,-1.903557,-0.543099,-2.192465,0.428484,1.646818,705.99057,33.137394
62.104562,-120.43947,-1.130224,-1.947409,-0.455819,-2.195704,0.367952,1.647116,705.98721,33.140639
62.110254,-123.02898,-1.13163,-1.975961,-0.371673,-2.184055,0.297367,1.642829,705.98809,33.138406
62.101286,-125.61576,-1.141057,-2.016668,-0.290408,-2.187195,0.225724,1.648958,705.98995,33.160397
62.108938,-128.20634,-1.142811,-2.037784,-0.210295,-2.173043,0.148309,1.641721,705.98095,33.146143
62.106855,-130.7995,-1.15516,-2.08539,-0.124217,-2.173326,0.069507,1.650151,705.97156,33.154971
62.108289,-133.37844,-1.159402,-2.129594,-0.026659,-2.136176,-0.025492,1.646013,705.9644,33.111975
62.105322,-135.98264,-1.164597,-2.148678,0.048466,-2.116004,-0.110989,1.642749,705.96445,33.131889
62.110438,-138.56411,-1.171527,-2.164459,0.118088,-2.103193,-0.195607,1.642337,705.96543,33.124152
62.106098,-141.15488,-1.182182,-2.184468,0.187719,-2.095652,-0.280036,1.646048,705.96884,33.119349
62.107014,-143.73732,-1.189205,-2.194889,0.247277,-2.079693,-0.369125,1.642089,705.97316,33.128228
62.110961,-146.33822,-1.188828,-2.189018,0.308881,-2.038593,-0.453127,1.631215,705.9757,33.130202
62.105339,-148.92741,-1.199259,-2.201506,0.369761,-2.020815,-0.53989,1.634474,705.98149,33.141262
5.992527,128.63736,1.615916,0.718192,1.162993,1.259463,0.67591,1.642541,705.94791,33.159515
5.997668,77.214397,1.610035,0.950075,0.913963,1.328295,0.620738,1.636163,705.94588,33.113689
5.991658,25.635897,1.629849,1.169753,0.746475,1.205518,0.778261,1.640693,705.95069,33.159177
5.997077,-25.743172,1.649977,1.200158,0.767388,0.980038,1.029259,1.648377,705.96226,33.139497
6.009859,-77.240674,1.64649,1.013487,0.948018,0.823513,1.189647,1.64269,705.94788,33.162449
6.002295,-128.56313,1.645283,0.7693,1.18853,0.847833,1.135266,1.64571,705.9465,33.150713
6,-180,1.634305,0.640414,1.285452,1.042273,0.899751,1.647915,705.96,33.117402
12,-180,1.552315,0.304952,1.476762,0.934885,0.820985,1.64044,705.95924,33.137913
12.007561,-152.28094,1.589326,0.389774,1.439051,0.70629,1.104434,1.651397,705.95239,33.130955
12.004733,-124.62681,1.606458,0.575983,1.267664,0.545419,1.318385,1.644746,705.94041,33.120309
12.010084,-96.924392,1.615822,0.832961,1.016552,0.484838,1.417289,1.639829,705.92593,33.149934
12.007625,-69.260017,1.623307,1.110588,0.755372,0.542682,1.385597,1.643336,705.92453,33.182259
11.999074,-41.555009,1.608087,1.318971,0.544793,0.687757,1.218979,1.634295,705.9184,33.117402
11.991542,-13.858754,1.592555,1.42092,0.423591,0.910779,0.964997,1.635805,705.92166,33.116389
11.988554,13.801603,1.581001,1.402625,0.413825,1.171577,0.696778,1.649783,705.92889,33.159878
11.990786,41.510967,1.550715,1.243612,0.504469,1.383317,0.460453,1.646644,705.924,33.12127
11.995936,69.239185,1.525,0.995332,0.693002,1.499756,0.315771,1.643842,705.91697,33.117791
11.997675,96.931483,1.508185,0.716051,0.948351,1.501723,0.281492,1.638636,705.91813,33.163695
11.99445,124.66024,1.525367,0.535157,1.218597,1.397683,0.426388,1.641965,705.91164,33.145209
12.001752,152.33299,1.537204,0.394676,1.397628,1.199354,0.601386,1.640534,705.91217,33.144144
18.002286,161.08819,1.378683,0.009428,1.542842,1.044672,0.451314,1.635989,705.91743,33.130202
18.001355,142.15437,1.361759,0.092546,1.417423,1.286579,0.235028,1.642367,705.91319,33.171484
17.999895,123.18429,1.356906,0.243601,1.213823,1.481297,0.073417,1.652063,705.9179,33.173172
17.994805,104.25423,1.343892,0.455307,0.951734,1.584667,-0.017748,1.644066,705.90569,33.154582
17.99409,85.301448,1.33211,0.70477,0.67968,1.594855,-0.031587,1.622696,705.89891,33.160397
17.990515,66.322478,1.360105,0.982462,0.449128,1.578378,0.024956,1.637027,705.90649,33.13677
17.991138,47.368415,1.395919,1.24092,0.283623,1.482216,0.170945,1.644985,705.91443,33.152427
17.992096,28.423599,1.428674,1.437625,0.173806,1.30393,0.367759,1.645526,705.90897,33.164889
17.989504,9.444382,1.455418,1.543071,0.135483,1.075494,0.613337,1.63882,705.90761,33.093385
17.991559,-9.482351,1.484089,1.566124,0.151274,0.836388,0.87638,1.637986,705.90063,33.144144
17.998049,-28.457437,1.511002,1.515284,0.233165,0.616695,1.141107,1.640832,705.90469,33.161176
18.000336,-47.394471,1.525392,1.375961,0.371256,0.433223,1.358565,1.637141,705.90743,33.124386
18.001964,-66.337926,1.540657,1.167389,0.563619,0.301232,1.507356,1.644006,705.90972,33.121815
18.006548,-85.304598,1.536817,0.909149,0.799283,0.227671,1.563824,1.64424,705.90846,33.160086
18.00692,-104.24476,1.522357,0.64317,1.050836,0.220856,1.539807,1.641811,705.90413,33.138614
18.010357,-123.16325,1.497282,0.395407,1.284101,0.271994,1.428664,1.639143,705.89674,33.113611
18.009026,-142.12401,1.47025,0.203565,1.463867,0.391353,1.236911,1.638463,705.89512,33.140613
18.006341,-161.05181,1.44148,0.067188,1.571335,0.568189,0.990936,1.640643,705.8962,33.192956
18,-180,1.408998,0.001376,1.592038,0.795055,0.712643,1.638915,705.90299,33.138328
24,-180,1.177383,-0.407139,1.641299,0.566093,0.510956,1.638636,705.90567,33.146611
24.012725,-165.59301,1.210843,-0.359379,1.631906,0.331562,0.788126,1.63961,705.91586,33.170887
24.008824,-151.19557,1.243076,-0.256774,1.570103,0.135105,1.058421,1.63804,705.92111,33.138718
24.010251,-136.78441,1.276138,-0.105774,1.434913,-0.017703,1.296479,1.641349,705.91828,33.143988
24.014674,-122.41292,1.306647,0.093042,1.238829,-0.122454,1.482713,1.642983,705.90707,33.13716
24.001629,-108.0103,1.328697,0.332804,0.997627,-0.176905,1.592411,1.639883,705.89785,33.127242
24.00518,-93.627712,1.348531,0.602449,0.740187,-0.18523,1.634896,1.643316,705.89087,33.136667
24.00168,-79.222,1.361511,0.877513,0.484217,-0.144737,1.624152,1.640882,705.88464,33.190463
24.00293,-64.83056,1.363319,1.136453,0.256506,-0.064247,1.563998,1.641537,705.88915,33.155179
24.001276,-50.406613,1.354219,1.360264,0.064401,0.061714,1.422653,1.638934,705.89268,33.172003
23.996643,-36.035197,1.336014,1.52725,-0.085353,0.223861,1.220643,1.641527,705.90407,33.179844
23.994197,-21.617357,1.307387,1.609697,-0.190039,0.425131,0.962885,1.637544,705.91015,33.142846
23.989369,-7.217467,1.282263,1.64186,-0.2567,0.658395,0.686883,1.644965,705.90956,33.18688
23.987801,7.189598,1.24466,1.616671,-0.274234,0.89914,0.408943,1.639019,705.91338,33.176677
23.989595,21.591244,1.208026,1.534393,-0.247173,1.134451,0.157732,1.636014,705.90794,33.123607
23.989292,36.012483,1.177964,1.381201,-0.178922,1.349614,-0.062598,1.639615,705.90661,33.14687
23.991645,50.388713,1.143715,1.157643,-0.05472,1.512959,-0.232027,1.638517,705.89539,33.134927
23.991617,64.818616,1.109803,0.892842,0.116359,1.607834,-0.355365,1.633644,705.8936,33.169303
23.9894,79.216747,1.096089,0.619541,0.340275,1.650627,-0.430093,1.641801,705.89093,33.144144
23.992705,93.629489,1.08744,0.348252,0.596756,1.651223,-0.450454,1.646927,705.89265,33.17434
23.989742,108.01899,1.085876,0.106012,0.866724,1.606016,-0.410602,1.642302,705.89786,33.172419
24.004122,122.42797,1.093476,-0.09337,1.128555,1.490422,-0.316357,1.640986,705.90547,33.149337
24.001694,136.80486,1.106495,-0.246984,1.351571,1.307487,-0.175355,1.640718,705.90574,33.183661
24.002804,151.22017,1.128927,-0.345982,1.526068,1.082503,0.01819,1.643877,705.91007,33.166551
24.009618,165.62019,1.151061,-0.403195,1.618623,0.826563,0.248285,1.641522,705.91277,33.222762
30.011194,168.39986,0.848424,-0.801836,1.63124,0.543089,0.007282,1.638035,705.90694,33.192151
30.007472,156.78463,0.822236,-0.772564,1.557098,0.797191,-0.226514,1.63729,705.90715,33.18605
30.004665,145.17741,0.8057,-0.697552,1.421049,1.047146,-0.417059,1.639262,705.91929,33.171795
30.002468,133.57602,0.785175,-0.590239,1.221577,1.263074,-0.576812,1.632174,705.91309,33.170082
29.997883,121.94078,0.775176,-0.44954,0.992813,1.447371,-0.701288,1.639526,705.92076,33.197525
29.997532,110.34988,0.76475,-0.265636,0.734022,1.575646,-0.785151,1.641021,705.92408,33.178624
30.000451,98.72521,0.76241,-0.047378,0.463096,1.645302,-0.838157,1.644125,705.91585,33.166603
29.99431,87.098571,0.765738,0.201786,0.201742,1.655858,-0.844927,1.640638,705.91993,33.186517
29.995729,75.506754,0.777372,0.471257,-0.034995,1.65258,-0.814274,1.643306,705.91149,33.178079
29.985732,63.876466,0.802879,0.750956,-0.243323,1.611336,-0.749346,1.649028,705.92158,33.209235
29.993563,52.271168,0.82555,1.010969,-0.402937,1.490835,-0.629987,1.632472,705.91516,33.212974
29.988144,40.643186,0.858344,1.248833,-0.528734,1.333068,-0.487485,1.634643,705.91888,33.152271
29.989484,29.040828,0.893964,1.443223,-0.604962,1.134719,-0.299776,1.637062,705.92529,33.206509
29.991923,17.414036,0.928919,1.575934,-0.649931,0.906253,-0.077053,1.635577,705.93189,33.191398
29.994076,5.798542,0.962577,1.63967,-0.666899,0.664972,0.174253,1.636828,705.92703,33.15684
29.995341,-5.820086,0.995103,1.648387,-0.64855,0.426219,0.444702,1.634742,705.9281,33.191787
29.995666,-17.434699,1.031991,1.646202,-0.603109,0.197435,0.727411,1.642769,705.9227,33.206794
29.995553,-29.059761,1.064084,1.591909,-0.527552,-0.009388,0.993802,1.645119,705.92,33.21113
29.996287,-40.659618,1.085588,1.463559,-0.417685,-0.188131,1.23032,1.641662,705.91995,33.199836
30.00345,-52.284415,1.096704,1.271578,-0.26503,-0.326292,1.418595,1.630843,705.91247,33.212714
29.996955,-63.886001,1.106619,1.044816,-0.085313,-0.441935,1.560685,1.634966,705.91517,33.217362
30.007831,-75.512171,1.106227,0.786094,0.132269,-0.52332,1.631702,1.636227,705.91628,33.223541
30.006794,-87.099666,1.096044,0.517557,0.370729,-0.570171,1.645139,1.638636,705.92206,33.194488
30.012807,-98.721927,1.083342,0.251529,0.629043,-0.584422,1.64498,1.642491,705.92476,33.18888
30.009252,-110.34235,1.063622,-0.00231,0.883747,-0.56272,1.590518,1.642208,705.92245,33.209676
30.008491,-121.92933,1.037758,-0.227696,1.126245,-0.510439,1.472426,1.639883,705.92173,33.166603
30.011525,-133.5611,1.014674,-0.416443,1.341731,-0.42229,1.298655,1.645114,705.92341,33.216583
30.011804,-145.15964,0.978523,-0.568408,1.495797,-0.297581,1.061889,1.6396,705.91874,33.211935
30.012401,-156.76475,0.947199,-0.684041,1.601506,-0.136134,0.803753,1.64272,705.91705,33.244078
30.01371,-168.37866,0.912174,-0.759986,1.648651,0.06378,0.538947,1.64039,705.90854,33.213
30,-180,0.880349,-0.795999,1.651025,0.295961,0.265805,1.63885,705.90775,33.241612
36,-180,0.520439,-1.186806,1.642461,-0.024449,-0.027827,1.640807,705.91429,33.216557
36.006436,-169.98905,0.551484,-1.152616,1.628463,-0.248703,0.237034,1.635567,705.91838,33.222009
36.011698,-159.99714,0.586459,-1.091474,1.582029,-0.443793,0.509153,1.63884,705.9234,33.223541
36.005428,-149.98793,0.620395,-0.999241,1.4778,-0.608687,0.776711,1.636575,705.92578,33.189451
36.003839,-139.99729,0.652901,-0.883538,1.331806,-0.743798,1.030098,1.641016,705.93055,33.199369
36.001657,-130.00059,0.68427,-0.724843,1.141738,-0.840253,1.256026,1.637598,705.9317,33.209495
36.011733,-120.0073,0.707522,-0.540665,0.909343,-0.913799,1.430199,1.638259,705.93276,33.203393
36.003167,-110.00293,0.729358,-0.326058,0.655147,-0.957993,1.549086,1.638179,705.9353,33.202848
36.004146,-100.00628,0.746475,-0.086481,0.402589,-0.976357,1.623814,1.637658,705.93233,33.205522
36,-90,0.76551,0.174496,0.148304,-0.973212,1.649783,1.644225,705.9326,33.237873
36.002381,-80.014769,0.78138,0.450519,-0.087876,-0.936951,1.644215,1.643067,705.92423,33.225099
35.999638,-70.017472,0.789338,0.720536,-0.30911,-0.878586,1.589316,1.641999,705.92039,33.209625
36.006444,-60.011964,0.784788,0.97057,-0.50658,-0.791638,1.460619,1.635239,705.91909,33.243247
35.994637,-50.017003,0.776731,1.203094,-0.66989,-0.682442,1.293509,1.636381,705.92387,33.195267
35.995165,-40.018027,0.761442,1.399004,-0.79971,-0.548578,1.091504,1.644384,705.92406,33.182726
35.995256,-30.024427,0.732085,1.533484,-0.898638,-0.378816,0.836935,1.63816,705.92129,33.177533
36.000299,-20.011583,0.702614,1.619309,-0.965394,-0.186169,0.576127,1.639128,705.92059,33.207521
35.994224,-10.015486,0.66753,1.643167,-1.009702,0.031299,0.298917,1.634141,705.92801,33.178987
36,0,0.635104,1.643743,-1.053827,0.263838,0.012865,1.640554,705.93461,33.215726
35.992052,9.998538,0.601733,1.604605,-1.050414,0.506202,-0.23611,1.641801,705.93572,33.199914
35.996024,19.995415,0.567916,1.506735,-1.026079,0.745611,-0.463126,1.640862,705.93427,33.22162
35.989003,30.009525,0.535544,1.353807,-0.982278,0.980907,-0.6706,1.642705,705.93513,33.209365
35.987128,40.004845,0.498409,1.142721,-0.916267,1.184258,-0.850336,1.638219,705.93319,33.198434
35.98506,50.005942,0.46699,0.902741,-0.811835,1.362489,-0.987444,1.637678,705.92953,33.198746
35.995617,60.003364,0.433183,0.628616,-0.671176,1.491744,-1.094916,1.633267,705.93053,33.249479
35.98789,70.01159,0.410622,0.353185,-0.495369,1.582521,-1.172312,1.634404,705.9383,33.205341
35.990071,80.011785,0.393509,0.078419,-0.281387,1.628349,-1.215304,1.641393,705.93905,33.180961
36,90,0.383088,-0.180536,-0.044388,1.629755,-1.232545,1.641373,705.93624,33.222762
35.991836,100.00927,0.378806,-0.415271,0.21413,1.592997,-1.221294,1.640509,705.93589,33.203237
35.991421,110.00881,0.387459,-0.619725,0.486403,1.500461,-1.171994,1.635616,705.93105,33.197214
36.000909,120.0159,0.399127,-0.794395,0.755064,1.370234,-1.10195,1.639456,705.92641,33.234783
35.992082,130.01166,0.413845,-0.931184,1.004193,1.188917,-0.995988,1.635423,705.92823,33.213311
35.995805,140.01047,0.429115,-1.042069,1.221394,0.975597,-0.874219,1.64105,705.9297,33.218582
35.999177,150.00283,0.448939,-1.115332,1.406028,0.732681,-0.697145,1.63657,705.9361,33.201472
36.007424,160.01331,0.467944,-1.166088,1.536454,0.479041,-0.503222,1.637976,705.94276,33.203004
36.004265,170.00599,0.493223,-1.189856,1.620963,0.223513,-0.273216,1.642069,705.94972,33.216193
42.001575,171.22119,0.091329,-1.550447,1.53327,-0.140262,-0.58938,1.643768,705.94966,33.233615
42.006841,162.45744,0.070337,-1.535431,1.461483,0.108511,-0.79435,1.644483,705.94781,33.192151
42.002838,153.66574,0.049593,-1.500054,1.330257,0.361882,-0.985358,1.640137,705.94461,33.207677
41.998166,144.89272,0.034076,-1.44436,1.160842,0.61138,-1.151444,1.642993,705.94566,33.204562
41.997469,136.10208,0.018106,-1.363001,0.957133,0.843621,-1.276009,1.640166,705.9438,33.202173
41.998288,127.32885,0.007933,-1.251267,0.725573,1.054219,-1.368495,1.643678,705.94722,33.206898
41.996729,118.55117,-0.007853,-1.127765,0.46553,1.230439,-1.45892,1.643986,705.94827,33.221438
41.997775,109.76143,-0.021881,-0.977628,0.200083,1.367164,-1.524801,1.641239,705.95282,33.232083
41.988989,100.98678,-0.027991,-0.792125,-0.065543,1.461145,-1.564778,1.636938,705.95888,33.203783
41.996099,92.20482,-0.029262,-0.581641,-0.320594,1.51806,-1.587592,1.640221,705.96012,33.197214
41.988519,83.414814,-0.028741,-0.345302,-0.559551,1.534204,-1.589401,1.643042,705.95659,33.200511
41.997407,74.634046,-0.014822,-0.082318,-0.761819,1.498136,-1.551078,1.636818,705.9577,33.206665
41.989957,65.865625,0.006219,0.188737,-0.944879,1.430765,-1.511846,1.643549,705.96225,33.19293
41.993514,57.074622,0.031617,0.462748,-1.092562,1.310586,-1.435111,1.638701,705.9683,33.180545
41.987511,48.299111,0.060864,0.727008,-1.202915,1.153277,-1.327952,1.634826,705.97184,33.183271
41.992321,39.510918,0.096226,0.978498,-1.298779,0.976893,-1.21737,1.648651,705.97719,33.195215
41.987079,30.734222,0.128618,1.186831,-1.350518,0.760414,-1.053424,1.640767,705.98086,33.20882
41.988993,21.956765,0.161278,1.356946,-1.384028,0.53008,-0.864359,1.638472,705.97265,33.199914
41.991845,13.166918,0.193451,1.484938,-1.408054,0.292767,-0.659016,1.643117,705.97037,33.24252
41.988341,4.386009,0.226424,1.555424,-1.401622,0.055822,-0.419811,1.636868,705.96741,33.209599
41.989299,-4.399857,0.258871,1.59402,-1.390187,-0.172574,-0.164879,1.64342,705.972,33.229591
41.994694,-13.180439,0.293522,1.574732,-1.354437,-0.384141,0.098442,1.636833,705.96639,33.166914
41.993668,-21.969644,0.326818,1.520882,-1.316279,-0.581889,0.366611,1.640802,705.96476,33.201394
41.993468,-30.746159,0.356528,1.415903,-1.254034,-0.757999,0.633117,1.640325,705.95148,33.222451
42.000274,-39.521629,0.379665,1.25843,-1.1658,-0.906204,0.876807,1.632715,705.94923,33.20573
41.996844,-48.308349,0.400652,1.071098,-1.061819,-1.038433,1.106828,1.639928,705.96227,33.185972
42.004006,-57.082168,0.412415,0.846437,-0.931219,-1.142091,1.295287,1.644389,705.96364,33.20721
42.001365,-65.871301,0.414526,0.595812,-0.762664,-1.217127,1.435668,1.638497,705.95833,33.17743
42.00946,-74.637724,0.406906,0.330877,-0.575491,-1.282337,1.535585,1.643922,705.96318,33.210377
42.000936,-83.416406,0.396658,0.066413,-0.355589,-1.318022,1.583375,1.641816,705.9645,33.199914
42.00859,-92.204286,0.381434,-0.194773,-0.119324,-1.336853,1.585705,1.638984,705.96438,33.185764
42.00126,-100.98414,0.367808,-0.439904,0.130774,-1.340971,1.54772,1.638095,705.96986,33.202822
42.009539,-109.75674,0.34474,-0.672006,0.381404,-1.334176,1.460882,1.641185,705.97461,33.172496
42.007709,-118.54453,0.326436,-0.869883,0.629769,-1.296613,1.323019,1.637544,705.97004,33.187607
42.008228,-127.32043,0.303333,-1.042884,0.863798,-1.240508,1.143601,1.635691,705.97433,33.173587
42.006137,-136.09208,0.279112,-1.18465,1.075738,-1.159397,0.932416,1.636938,705.97532,33.193709
42.005356,-144.88136,0.250198,-1.308565,1.261837,-1.061069,0.691969,1.643291,705.97657,33.180675
42.008385,-153.65331,0.215943,-1.402745,1.403296,-0.932257,0.432358,1.643569,705.97527,33.196565
42.01061,-162.4442,0.180854,-1.468834,1.496204,-0.771982,0.166176,1.637325,705.97576,33.181454
42.003484,-171.20748,0.147449,-1.521458,1.550119,-0.590299,-0.099252,1.643092,705.97674,33.20155
42,-180,0.11616,-1.543016,1.559041,-0.375985,-0.353706,1.639714,705.97684,33.192047
48,-180,-0.308852,-1.840612,1.390893,-0.739655,-0.690002,1.639506,705.97648,33.186127
48.003184,-171.99999,-0.281407,-1.821319,1.380724,-0.936936,-0.45256,1.639898,705.978,33.198304
48.00991,-164.00134,-0.248757,-1.777686,1.326531,-1.10723,-0.196159,1.64197,705.98202,33.179766
48.00521,-156.00166,-0.216897,-1.723965,1.233981,-1.249444,0.063179,1.645248,705.98716,33.201835
48.011055,-148.00074,-0.18309,-1.651526,1.097832,-1.363851,0.321652,1.643117,705.98469,33.181506
48.00924,-140.0113,-0.156067,-1.570326,0.929098,-1.465303,0.570822,1.647265,705.98569,33.199291
48.005408,-132.00512,-0.13211,-1.475769,0.727207,-1.556741,0.797117,1.640887,705.98506,33.198149
48.00364,-124.00935,-0.108317,-1.334856,0.503798,-1.610909,1.008699,1.645645,705.97871,33.181324
48.001164,-115.99959,-0.086982,-1.161478,0.261319,-1.635358,1.17935,1.644443,705.97135,33.156918
48.009915,-108.01275,-0.074917,-0.985094,0.0106,-1.671356,1.309086,1.64038,705.97143,33.163201
48.012557,-100.0123,-0.056404,-0.767169,-0.233776,-1.670482,1.394722,1.633421,705.97242,33.139133
48.00489,-92.001657,-0.042058,-0.534635,-0.474029,-1.668068,1.439686,1.637509,705.97493,33.183193
48.006148,-84.007612,-0.024042,-0.28105,-0.697061,-1.654681,1.445215,1.643882,705.9763,33.185219
48.008875,-76.011705,-0.015006,-0.023068,-0.905821,-1.627207,1.392969,1.643003,705.97526,33.161176
48.009355,-68.005432,-0.006567,0.239771,-1.084996,-1.579367,1.296777,1.640221,705.97541,33.156139
48.002088,-60.001265,-0.004177,0.494365,-1.242082,-1.522759,1.160643,1.643951,705.97604,33.136952
48.005443,-52.007709,-0.012731,0.7336,-1.374679,-1.446109,0.976555,1.645238,705.9771,33.146455
48.007223,-44.010828,-0.025572,0.948575,-1.476946,-1.344086,0.762386,1.644697,705.97377,33.160397
47.995742,-36.0077,-0.045967,1.128858,-1.547849,-1.213183,0.521795,1.639809,705.97595,33.176677
47.999954,-28.01616,-0.073372,1.274827,-1.612379,-1.074158,0.26727,1.64349,705.98166,33.169692
47.995392,-20.00406,-0.103081,1.376731,-1.654959,-0.907386,0.001262,1.6403,705.98655,33.169692
47.999675,-12.01009,-0.135423,1.43156,-1.67993,-0.718733,-0.2613,1.639406,705.98852,33.175378
47.992842,-4.007825,-0.167403,1.442657,-1.70184,-0.514711,-0.515566,1.63961,705.98533,33.143054
47.991969,3.996594,-0.19901,1.407145,-1.718873,-0.298351,-0.754731,1.639754,705.98647,33.145702
47.997076,11.99908,-0.231307,1.326601,-1.724436,-0.069075,-0.9781,1.63887,705.99702,33.112754
47.991117,19.993481,-0.261478,1.197133,-1.706097,0.161363,-1.169505,1.631965,705.99405,33.149571
47.994083,28.006222,-0.292658,1.03362,-1.688836,0.39186,-1.346907,1.639431,705.99962,33.150427
47.988394,35.998593,-0.322402,0.829235,-1.653106,0.613193,-1.494972,1.638795,706.00217,33.156217
47.998538,44.002733,-0.355445,0.592698,-1.60006,0.815819,-1.616964,1.642148,706.00765,33.135005
47.995592,52.000781,-0.384593,0.338074,-1.514509,0.991681,-1.7087,1.641622,706.00603,33.136303
47.991262,59.995637,-0.41393,0.067198,-1.403698,1.136656,-1.783711,1.641204,706.00899,33.147727
47.997765,68.001217,-0.436476,-0.201101,-1.266472,1.249578,-1.837989,1.643499,706.01051,33.116623
47.996746,76.008984,-0.452327,-0.463464,-1.091181,1.318296,-1.865001,1.641676,706.01338,33.149571
47.993717,84.006437,-0.465033,-0.711342,-0.898375,1.350126,-1.887652,1.644289,706.01155,33.130955
47.992398,92.00205,-0.471228,-0.94095,-0.679894,1.336083,-1.897055,1.645193,706.01443,33.145988
48.000247,100.01425,-0.467244,-1.134068,-0.43743,1.278349,-1.877971,1.642203,706.01764,33.125372
47.998028,108.01623,-0.456187,-1.298819,-0.179528,1.182395,-1.842842,1.641428,706.02097,33.16141
47.989929,116.00452,-0.443197,-1.437416,0.082537,1.045954,-1.795225,1.640534,706.02052,33.131656
47.993279,124.01564,-0.433898,-1.560282,0.339068,0.876991,-1.73988,1.644841,706.018,33.135992
47.99612,132.01265,-0.417049,-1.647756,0.583553,0.675473,-1.65482,1.640171,706.02078,33.110911
48.001208,140.01993,-0.401348,-1.705064,0.804861,0.453097,-1.544402,1.637315,706.02512,33.128514
48.004432,148.01028,-0.386848,-1.767344,1.000518,0.21726,-1.428867,1.639188,706.02782,33.142197
48.000127,156.01194,-0.372045,-1.81279,1.16501,-0.031671,-1.282501,1.641507,706.03114,33.141029
48.006466,164.01215,-0.354422,-1.836394,1.288293,-0.28257,-1.108601,1.645024,706.0299,33.100759
48.001445,172.01114,-0.33334,-1.844417,1.35561,-0.516942,-0.912358,1.636441,706.03394,33.128878
53.996637,150.62122,-0.813136,-2.040024,0.781559,-0.219932,-1.691906,1.639789,706.03297,33.119583
53.997132,143.27934,-0.824586,-2.004513,0.600159,0.014564,-1.798663,1.636898,706.03451,33.118907
53.998032,135.92787,-0.840536,-1.963731,0.390305,0.238778,-1.893638,1.638671,706.0354,33.114416
53.994045,128.58519,-0.854325,-1.893702,0.156207,0.456182,-1.972334,1.644493,706.03664,33.106808
53.992152,121.23322,-0.866793,-1.823291,-0.076501,0.63709,-2.016066,1.6441,706.03169,33.142197
53.996625,113.89053,-0.874651,-1.717562,-0.32648,0.793312,-2.050127,1.637906,706.02652,33.122464
53.995748,106.53703,-0.889851,-1.606314,-0.569908,0.923192,-2.083527,1.642903,706.03203,33.151881
53.990422,99.192638,-0.898569,-1.464662,-0.804131,1.015961,-2.105373,1.644662,706.03227,33.133888
53.98904,91.839016,-0.897595,-1.285397,-1.020367,1.066409,-2.107177,1.638815,706.03113,33.120881
53.988524,84.495764,-0.898281,-1.083049,-1.225467,1.077605,-2.105647,1.637598,706.03469,33.141418
53.993465,77.152515,-0.892931,-0.857435,-1.412227,1.054915,-2.106049,1.642238,706.03174,33.117635
53.993919,69.809808,-0.878546,-0.614042,-1.563198,0.988407,-2.087208,1.639585,706.03699,33.114234
53.992916,62.462403,-0.862909,-0.359349,-1.696207,0.888908,-2.063455,1.640966,706.03603,33.112988
53.995309,55.111423,-0.836334,-0.096639,-1.794629,0.749381,-2.010637,1.635929,706.0367,33.137913
53.985725,47.762806,-0.810598,0.160007,-1.870033,0.590189,-1.947707,1.641135,706.03573,33.133863
53.99788,40.408263,-0.787093,0.39949,-1.928245,0.399306,-1.869308,1.641676,706.03902,33.120699
53.997665,33.062279,-0.75796,0.623053,-1.962504,0.195304,-1.763648,1.642471,706.03989,33.110236
53.991483,25.71447,-0.729219,0.817622,-1.981484,-0.021032,-1.633222,1.642729,706.04139,33.122828
53.99102,18.365135,-0.701884,0.976133,-1.994623,-0.241336,-1.484556,1.643142,706.04207,33.124645
53.992101,11.020991,-0.670297,1.094727,-1.993907,-0.456122,-1.309017,1.641642,706.04397,33.109664
53.999085,3.672054,-0.641844,1.174343,-1.985393,-0.667619,-1.107608,1.641766,706.04453,33.123529
53.999886,-3.681118,-0.610446,1.207654,-1.962971,-0.866386,-0.883697,1.637087,706.04739,33.116181
53.994492,-11.029907,-0.579231,1.201897,-1.953121,-1.059003,-0.641814,1.638751,706.04676,33.088374
53.994959,-18.373756,-0.550262,1.151956,-1.939679,-1.228795,-0.397314,1.640738,706.04369,33.127346
53.996907,-25.722654,-0.520568,1.058888,-1.910968,-1.381137,-0.137018,1.642869,706.04492,33.101901
54.004485,-33.069889,-0.496193,0.927081,-1.879212,-1.514136,0.112092,1.645134,706.04144,33.105796
54.005983,-40.415177,-0.471843,0.752948,-1.813371,-1.6184,0.357546,1.635358,706.03567,33.10307
53.994981,-47.768912,-0.455233,0.556208,-1.745448,-1.710503,0.583026,1.637593,706.03045,33.117402
54.005563,-55.116617,-0.448005,0.336201,-1.660825,-1.789742,0.785151,1.643887,706.0319,33.11548
54.004,-62.466602,-0.445139,0.09724,-1.545539,-1.846408,0.954749,1.645476,706.0287,33.110443
54.005651,-69.812942,-0.448189,-0.152133,-1.407985,-1.886539,1.082165,1.642049,706.02575,33.118933
54.005652,-77.154534,-0.458044,-0.404879,-1.234567,-1.921976,1.185629,1.644438,706.02593,33.093385
54.000966,-84.496635,-0.469673,-0.643617,-1.061859,-1.937131,1.216233,1.64566,706.01707,33.094943
54.001533,-91.838724,-0.482757,-0.876405,-0.854057,-1.946604,1.219104,1.646172,706.02187,33.089075
54.002762,-99.191187,-0.496218,-1.096605,-0.629898,-1.95175,1.171075,1.644791,706.01469,33.122516
54.007732,-106.53444,-0.512034,-1.292923,-0.390206,-1.944562,1.083104,1.640335,706.01328,33.084921
54.008054,-113.88685,-0.526702,-1.460087,-0.156336,-1.931478,0.952921,1.641696,706.01037,33.090607
54.00284,-121.22851,-0.540775,-1.605793,0.090494,-1.904074,0.798095,1.64261,706.00505,33.082948
54.003816,-128.57952,-0.561622,-1.732538,0.31739,-1.869536,0.600963,1.643927,706.0052,33.118155
54.006727,-135.92135,-0.582242,-1.830568,0.527323,-1.818343,0.381677,1.641353,706.0042,33.107328
54.004607,-143.27206,-0.60901,-1.909602,0.710482,-1.759675,0.145716,1.64409,706.00304,33.0527
54.00277,-150.61331,-0.63115,-1.954566,0.867901,-1.664859,-0.094259,1.637554,706.00046,33.049247
60.004311,-145.38877,-1.039437,-2.133816,0.426889,-1.961978,-0.291218,1.635601,705.99894,33.104446
60.006795,-138.46277,-1.018172,-2.093333,0.253695,-2.015197,-0.062275,1.638532,705.99809,33.078586
60.005261,-131.53665,-1.002212,-2.02847,0.051397,-2.068278,0.162301,1.641075,705.99719,33.107457
60.002591,-124.62121,-0.983495,-1.917858,-0.183169,-2.115189,0.379452,1.64183,705.99595,33.062774
60.006525,-117.69668,-0.969015,-1.812323,-0.401412,-2.120792,0.554112,1.638746,705.9914,33.056205
60.006983,-110.77139,-0.957988,-1.704066,-0.615031,-2.129773,0.699445,1.641021,705.99693,33.052025
60.011731,-103.84571,-0.949528,-1.570699,-0.824869,-2.135609,0.809257,1.643971,705.99234,33.081234
60.007326,-96.931936,-0.940473,-1.382577,-1.05178,-2.140159,0.887308,1.642968,705.98908,33.106782
60,-90,-0.928884,-1.178426,-1.263521,-2.139777,0.918677,1.643018,705.98551,33.067058
60.006569,-83.082471,-0.913729,-0.966094,-1.435002,-2.138823,0.915671,1.643817,705.98659,33.078508
60.010203,-76.168612,-0.900397,-0.739158,-1.590677,-2.129316,0.867389,1.642402,705.98015,33.088997
60.004655,-69.242788,-0.890194,-0.49666,-1.732414,-2.104241,0.768913,1.639342,705.97728,33.089439
60.003353,-62.317285,-0.891366,-0.255637,-1.858936,-2.082648,0.633057,1.644458,705.97657,33.074795
59.998513,-55.392439,-0.891257,-0.021121,-1.952257,-2.041112,0.460637,1.641905,705.97101,33.079832
60.0002,-48.476543,-0.898887,0.194316,-2.023508,-1.988722,0.261697,1.640777,705.96891,33.06672
60.000652,-41.549802,-0.915478,0.3865,-2.068159,-1.933788,0.049757,1.645715,705.96891,33.053713
59.996978,-34.622921,-0.929962,0.563733,-2.100098,-1.828079,-0.192279,1.638532,705.96709,33.071056
59.997759,-27.701551,-0.95463,0.707313,-2.128546,-1.715485,-0.446346,1.638929,705.9677,33.062385
59.994591,-20.777811,-0.978031,0.812426,-2.133622,-1.595466,-0.683733,1.641741,705.96816,33.051246
59.997103,-13.85523,-1.006637,0.876892,-2.134069,-1.47552,-0.905464,1.644026,705.96701,33.060048
59.991993,-6.92983,-1.033505,0.905856,-2.13635,-1.298233,-1.145369,1.645372,705.96513,33.048053
60,0,-1.060274,0.889315,-2.139176,-1.117383,-1.354805,1.642903,705.96349,33.061995
59.990486,6.922663,-1.088573,0.83152,-2.154739,-0.936479,-1.533067,1.640425,705.96266,33.027697
59.99411,13.848222,-1.109778,0.737842,-2.152548,-0.758094,-1.660289,1.636794,705.9618,33.054673
59.990157,20.771061,-1.126632,0.603998,-2.153288,-0.550506,-1.79376,1.628538,705.96063,33.055816
59.991948,27.695159,-1.161389,0.441821,-2.175,-0.347209,-1.925533,1.639004,705.97067,33.037667
59.989877,34.61698,-1.182887,0.248092,-2.167718,-0.141424,-2.01709,1.637539,705.97675,33.008172
59.992362,41.5444,-1.210788,0.029744,-2.156075,0.050801,-2.095136,1.640032,705.98569,33.06859
59.990842,48.471758,-1.236002,-0.207414,-2.120136,0.236642,-2.157222,1.641532,705.9898,33.046754
59.988225,55.388339,-1.256497,-0.449615,-2.063375,0.395124,-2.193141,1.636058,705.99568,33.040315
59.992284,62.313932,-1.280594,-0.73893,-1.943802,0.546969,-2.252813,1.641026,706.00224,33.047611
59.992967,69.24023,-1.292143,-0.923212,-1.89554,0.632744,-2.227698,1.639401,705.99996,33.067577
59.998065,76.166887,-1.3092,-1.150525,-1.778863,0.705068,-2.24487,1.645288,705.99666,33.064617
59.99416,83.081601,-1.318042,-1.416449,-1.57057,0.74343,-2.260507,1.646147,705.98962,33.046703
60,90,-1.321067,-1.599648,-1.402198,0.734792,-2.256851,1.646092,705.97997,33.0527
59.994918,96.932807,-1.315926,-1.700822,-1.256264,0.696072,-2.252669,1.64107,705.973,33.004278
59.999594,103.84744,-1.306205,-1.825024,-1.037176,0.622467,-2.239108,1.642029,705.96873,33.032656
59.995296,110.77395,-1.293047,-1.927937,-0.806803,0.514974,-2.227986,1.640887,705.967,33.019441
59.995458,117.70003,-1.283738,-2.012217,-0.575431,0.369428,-2.215285,1.639496,705.96441,33.010094
59.992304,124.62531,-1.270684,-2.076399,-0.338531,0.205482,-2.193677,1.641438,705.97066,33.038758
59.995905,131.54144,-1.255196,-2.123489,-0.108625,0.012652,-2.149692,1.635482,705.97276,33.042159
59.998506,138.46817,-1.247874,-2.177052,0.115981,-0.202154,-2.095662,1.639004,705.97531,33.01591
59.997211,145.39471,-1.234403,-2.199896,0.310347,-0.418614,-2.030303,1.640425,705.97639,33.042107
