Time (s),Voltage (V),Pressure
0.357608, 0.072641, 6.604489
0.381196, 0.070092, 6.372763
0.385035, 0.070092, 6.372763
0.388564, 0.070092, 6.372763
0.392388, 0.070092, 6.372763
0.395665, 0.070092, 6.372763
0.398358, 0.070092, 6.372763
0.401503, 0.070092, 6.372763
0.404807, 0.070092, 6.372763
0.410976, 0.070092, 6.372763
0.415884, 0.070092, 6.372763
0.419820, 0.070092, 6.372763
0.423043, 0.070092, 6.372763
0.426480, 0.070092, 6.372763
0.429291, 0.070092, 6.372763
0.431904, 0.070092, 6.372763
0.434526, 0.070092, 6.372763
0.436492, 0.070092, 6.372763
0.439446, 0.070092, 6.372763
0.442388, 0.070092, 6.372763
0.445186, 0.070092, 6.372763
0.447831, 0.070092, 6.372763
0.450225, 0.070092, 6.372763
0.452655, 0.070092, 6.372763
0.455057, 0.070092, 6.372763
0.457685, 0.070092, 6.372763
0.460269, 0.070092, 6.372763
0.462765, 0.070092, 6.372763
0.465218, 0.070092, 6.372763
0.468167, 0.072641, 6.604489
0.470573, 0.070092, 6.372763
0.472955, 0.070092, 6.372763
0.475258, 0.072641, 6.604489
0.477648, 0.070092, 6.372763
0.479940, 0.070092, 6.372763
0.482207, 0.070092, 6.372763
0.484581, 0.070092, 6.372763
0.486993, 0.070092, 6.372763
0.489303, 0.070092, 6.372763
0.491564, 0.070092, 6.372763
0.493859, 0.070092, 6.372763
0.496130, 0.070092, 6.372763
0.498427, 0.070092, 6.372763
0.500668, 0.070092, 6.372763
0.502919, 0.070092, 6.372763
0.505139, 0.070092, 6.372763
0.507459, 0.070092, 6.372763
0.509778, 0.072641, 6.604489
0.512109, 0.070092, 6.372763
0.514357, 0.070092, 6.372763
0.517525, 0.072641, 6.604489
0.519993, 0.070092, 6.372763
0.522307, 0.067543, 6.141037
0.525440, 0.070092, 6.372763
0.527866, 0.070092, 6.372763
0.530242, 0.070092, 6.372763
0.532682, 0.070092, 6.372763
0.535208, 0.070092, 6.372763
0.537586, 0.070092, 6.372763
0.539892, 0.070092, 6.372763
0.542025, 0.072641, 6.604489
0.544106, 0.070092, 6.372763
0.546306, 0.072641, 6.604489
0.548566, 0.070092, 6.372763
0.551145, 0.070092, 6.372763
0.553639, 0.070092, 6.372763
0.556007, 0.070092, 6.372763
0.558346, 0.070092, 6.372763
0.561046, 0.070092, 6.372763
0.563377, 0.070092, 6.372763
0.565643, 0.070092, 6.372763
0.568061, 0.070092, 6.372763
0.570378, 0.070092, 6.372763
0.572643, 0.070092, 6.372763
0.574890, 0.070092, 6.372763
0.577138, 0.070092, 6.372763
0.579405, 0.070092, 6.372763
0.581928, 0.070092, 6.372763
0.584541, 0.070092, 6.372763
0.586565, 0.070092, 6.372763
0.588564, 0.070092, 6.372763
0.591027, 0.070092, 6.372763
0.593309, 0.070092, 6.372763
0.595640, 0.070092, 6.372763
0.597973, 0.070092, 6.372763
0.600300, 0.070092, 6.372763
0.602859, 0.070092, 6.372763
0.605272, 0.070092, 6.372763
0.607649, 0.070092, 6.372763
0.609982, 0.070092, 6.372763
0.612340, 0.070092, 6.372763
0.614641, 0.070092, 6.372763
0.617546, 0.070092, 6.372763
0.620551, 0.070092, 6.372763
0.622547, 0.070092, 6.372763
0.624674, 0.070092, 6.372763
0.626900, 0.070092, 6.372763
0.629128, 0.070092, 6.372763
0.632756, 0.070092, 6.372763
0.637087, 0.070092, 6.372763
0.646828, 0.070092, 6.372763
0.649375, 0.070092, 6.372763
0.652493, 0.070092, 6.372763
0.654398, 0.070092, 6.372763
0.656385, 0.070092, 6.372763
0.658508, 0.070092, 6.372763
0.661055, 0.070092, 6.372763
0.663643, 0.070092, 6.372763
0.666101, 0.070092, 6.372763
0.668630, 0.070092, 6.372763
0.670992, 0.070092, 6.372763
0.673622, 0.070092, 6.372763
0.675959, 0.070092, 6.372763
0.678282, 0.067543, 6.141037
0.680620, 0.070092, 6.372763
0.683006, 0.070092, 6.372763
0.685719, 0.070092, 6.372763
0.688069, 0.070092, 6.372763
0.690418, 0.070092, 6.372763
0.693026, 0.070092, 6.372763
0.696253, 0.070092, 6.372763
0.699621, 0.070092, 6.372763
0.702982, 0.070092, 6.372763
0.706280, 0.070092, 6.372763
0.708924, 0.070092, 6.372763
0.711441, 0.070092, 6.372763
0.713999, 0.070092, 6.372763
0.716419, 0.070092, 6.372763
0.718818, 0.070092, 6.372763
0.721201, 0.070092, 6.372763
0.723741, 0.070092, 6.372763
0.726213, 0.070092, 6.372763
0.728606, 0.070092, 6.372763
0.731214, 0.067543, 6.141037
0.734003, 0.070092, 6.372763
0.736851, 0.070092, 6.372763
0.739837, 0.070092, 6.372763
0.743562, 0.070092, 6.372763
0.747149, 0.070092, 6.372763
0.750543, 0.070092, 6.372763
0.753941, 0.070092, 6.372763
0.757228, 0.070092, 6.372763
0.759993, 0.070092, 6.372763
0.762623, 0.070092, 6.372763
0.765253, 0.070092, 6.372763
0.767777, 0.070092, 6.372763
0.770263, 0.070092, 6.372763
0.772655, 0.070092, 6.372763
0.775197, 0.070092, 6.372763
0.777560, 0.070092, 6.372763
0.779909, 0.070092, 6.372763
0.782249, 0.070092, 6.372763
0.785693, 0.070092, 6.372763
0.787708, 0.070092, 6.372763
0.789663, 0.070092, 6.372763
0.791798, 0.072641, 6.604489
0.794097, 0.070092, 6.372763
0.796400, 0.070092, 6.372763
0.798728, 0.070092, 6.372763
0.801135, 0.070092, 6.372763
0.803563, 0.070092, 6.372763
0.805993, 0.070092, 6.372763
0.808322, 0.070092, 6.372763
0.810603, 0.070092, 6.372763
0.812847, 0.070092, 6.372763
0.815886, 0.070092, 6.372763
0.820024, 0.070092, 6.372763
0.825691, 0.070092, 6.372763
0.829017, 0.070092, 6.372763
0.831615, 0.070092, 6.372763
0.835156, 0.070092, 6.372763
0.838754, 0.070092, 6.372763
0.842539, 0.070092, 6.372763
0.846472, 0.070092, 6.372763
0.850504, 0.070092, 6.372763
0.858874, 0.070092, 6.372763
0.866508, 0.070092, 6.372763
0.872588, 0.070092, 6.372763
0.878013, 0.070092, 6.372763
0.882395, 0.070092, 6.372763
0.887687, 0.070092, 6.372763
0.892694, 0.070092, 6.372763
0.896791, 0.070092, 6.372763
0.901024, 0.070092, 6.372763
0.905450, 0.070092, 6.372763
0.910177, 0.070092, 6.372763
0.914984, 0.070092, 6.372763
0.920293, 0.070092, 6.372763
0.925851, 0.070092, 6.372763
0.930864, 0.070092, 6.372763
0.935039, 0.070092, 6.372763
0.939049, 0.070092, 6.372763
0.942644, 0.070092, 6.372763
0.946013, 0.070092, 6.372763
0.949266, 0.070092, 6.372763
0.952786, 0.070092, 6.372763
0.956013, 0.070092, 6.372763
0.959070, 0.070092, 6.372763
0.961958, 0.070092, 6.372763
0.964782, 0.070092, 6.372763
0.969078, 0.070092, 6.372763
0.973226, 0.070092, 6.372763
0.977105, 0.070092, 6.372763
0.980302, 0.070092, 6.372763
0.983660, 0.070092, 6.372763
0.986801, 0.070092, 6.372763
0.989649, 0.070092, 6.372763
0.992367, 0.070092, 6.372763
0.995122, 0.070092, 6.372763
0.997642, 0.070092, 6.372763
1.000250, 0.070092, 6.372763
1.002938, 0.070092, 6.372763
1.005862, 0.070092, 6.372763
1.008279, 0.070092, 6.372763
1.010659, 0.070092, 6.372763
1.013024, 0.070092, 6.372763
1.015917, 0.070092, 6.372763
1.018230, 0.070092, 6.372763
1.020548, 0.070092, 6.372763
1.022922, 0.070092, 6.372763
1.025680, 0.070092, 6.372763
1.027995, 0.070092, 6.372763
1.030225, 0.070092, 6.372763
1.033106, 0.070092, 6.372763
1.035837, 0.070092, 6.372763
1.038729, 0.070092, 6.372763
1.041601, 0.070092, 6.372763
1.044221, 0.070092, 6.372763
1.046832, 0.067543, 6.141037
1.049623, 0.070092, 6.372763
1.053171, 0.070092, 6.372763
1.056155, 0.070092, 6.372763
1.059471, 0.070092, 6.372763
1.062748, 0.070092, 6.372763
1.065629, 0.070092, 6.372763
1.068555, 0.070092, 6.372763
1.071118, 0.072641, 6.604489
1.073913, 0.070092, 6.372763
1.076599, 0.070092, 6.372763
1.079225, 0.070092, 6.372763
1.081809, 0.070092, 6.372763
1.084844, 0.070092, 6.372763
1.087571, 0.070092, 6.372763
1.090184, 0.070092, 6.372763
1.092779, 0.070092, 6.372763
1.095610, 0.070092, 6.372763
1.098386, 0.070092, 6.372763
1.100511, 0.070092, 6.372763
1.102740, 0.070092, 6.372763
1.105206, 0.070092, 6.372763
1.107673, 0.070092, 6.372763
1.110149, 0.070092, 6.372763
1.112857, 0.070092, 6.372763
1.115659, 0.070092, 6.372763
1.117883, 0.070092, 6.372763
1.119758, 0.070092, 6.372763
1.121722, 0.070092, 6.372763
1.123884, 0.070092, 6.372763
1.128238, 0.070092, 6.372763
1.131869, 0.070092, 6.372763
1.134837, 0.070092, 6.372763
1.137669, 0.072641, 6.604489
1.140167, 0.070092, 6.372763
1.142651, 0.070092, 6.372763
1.145260, 0.070092, 6.372763
1.147861, 0.070092, 6.372763
1.150588, 0.070092, 6.372763
1.153466, 0.070092, 6.372763
1.156628, 0.070092, 6.372763
1.159730, 0.070092, 6.372763
1.163073, 0.070092, 6.372763
1.166973, 0.070092, 6.372763
1.169447, 0.070092, 6.372763
1.172410, 0.070092, 6.372763
1.175524, 0.070092, 6.372763
1.178294, 0.070092, 6.372763
1.180899, 0.070092, 6.372763
1.183461, 0.070092, 6.372763
1.186078, 0.072641, 6.604489
1.188842, 0.070092, 6.372763
1.191663, 0.070092, 6.372763
1.194631, 0.070092, 6.372763
1.197530, 0.070092, 6.372763
1.200333, 0.070092, 6.372763
1.203742, 0.070092, 6.372763
1.207024, 0.070092, 6.372763
1.209118, 0.070092, 6.372763
1.211132, 0.070092, 6.372763
1.213319, 0.070092, 6.372763
1.215898, 0.070092, 6.372763
1.218756, 0.070092, 6.372763
1.221732, 0.070092, 6.372763
1.224822, 0.070092, 6.372763
1.227624, 0.070092, 6.372763
1.229617, 0.070092, 6.372763
1.231523, 0.070092, 6.372763
1.233608, 0.070092, 6.372763
1.235888, 0.070092, 6.372763
1.238273, 0.070092, 6.372763
1.240749, 0.070092, 6.372763
1.244100, 0.070092, 6.372763
1.247020, 0.070092, 6.372763
1.251261, 0.070092, 6.372763
1.256643, 0.070092, 6.372763
1.259107, 0.070092, 6.372763
1.264216, 0.070092, 6.372763
1.269491, 0.070092, 6.372763
1.273920, 0.070092, 6.372763
1.277611, 0.070092, 6.372763
1.282108, 0.070092, 6.372763
1.287248, 0.070092, 6.372763
1.292144, 0.070092, 6.372763
1.296760, 0.070092, 6.372763
1.301243, 0.070092, 6.372763
1.304821, 0.070092, 6.372763
1.308343, 0.070092, 6.372763
1.311896, 0.070092, 6.372763
1.315674, 0.070092, 6.372763
1.320197, 0.070092, 6.372763
1.324745, 0.070092, 6.372763
1.328689, 0.070092, 6.372763
1.332236, 0.070092, 6.372763
1.335720, 0.070092, 6.372763
1.338960, 0.070092, 6.372763
1.342154, 0.070092, 6.372763
1.345266, 0.070092, 6.372763
1.348353, 0.070092, 6.372763
1.352060, 0.070092, 6.372763
1.357581, 0.070092, 6.372763
1.361887, 0.072641, 6.604489
1.364803, 0.070092, 6.372763
1.367987, 0.070092, 6.372763
1.371402, 0.070092, 6.372763
1.374600, 0.070092, 6.372763
1.377604, 0.070092, 6.372763
1.380641, 0.070092, 6.372763
1.383793, 0.070092, 6.372763
1.387253, 0.070092, 6.372763
1.390066, 0.070092, 6.372763
1.393121, 0.070092, 6.372763
1.395659, 0.070092, 6.372763
1.398228, 0.070092, 6.372763
1.402093, 0.070092, 6.372763
1.405747, 0.070092, 6.372763
1.408880, 0.070092, 6.372763
1.411766, 0.070092, 6.372763
1.414603, 0.070092, 6.372763
1.417597, 0.070092, 6.372763
1.420373, 0.070092, 6.372763
1.423018, 0.070092, 6.372763
1.425606, 0.070092, 6.372763
1.428121, 0.070092, 6.372763
1.430806, 0.070092, 6.372763
1.433597, 0.070092, 6.372763
1.436536, 0.070092, 6.372763
1.439548, 0.070092, 6.372763
1.442802, 0.070092, 6.372763
1.445823, 0.070092, 6.372763
1.448723, 0.070092, 6.372763
1.451702, 0.070092, 6.372763
1.454284, 0.070092, 6.372763
1.456785, 0.070092, 6.372763
1.459377, 0.070092, 6.372763
1.462439, 0.070092, 6.372763
1.465316, 0.070092, 6.372763
1.467742, 0.070092, 6.372763
1.470551, 0.070092, 6.372763
1.473415, 0.070092, 6.372763
1.475819, 0.070092, 6.372763
1.478298, 0.070092, 6.372763
1.480525, 0.070092, 6.372763
1.485607, 0.070092, 6.372763
1.491265, 0.070092, 6.372763
1.495596, 0.070092, 6.372763
1.498792, 0.070092, 6.372763
1.502213, 0.070092, 6.372763
1.504992, 0.070092, 6.372763
1.508004, 0.070092, 6.372763
1.511646, 0.070092, 6.372763
1.515383, 0.067543, 6.141037
1.518280, 0.070092, 6.372763
1.520789, 0.070092, 6.372763
1.523209, 0.070092, 6.372763
1.525662, 0.070092, 6.372763
1.528008, 0.070092, 6.372763
1.530314, 0.070092, 6.372763
1.532647, 0.070092, 6.372763
1.535037, 0.070092, 6.372763
1.537374, 0.070092, 6.372763
1.539670, 0.070092, 6.372763
1.542022, 0.070092, 6.372763
1.544449, 0.070092, 6.372763
1.547080, 0.070092, 6.372763
1.550037, 0.070092, 6.372763
1.553279, 0.070092, 6.372763
1.556791, 0.070092, 6.372763
1.560094, 0.070092, 6.372763
1.563680, 0.070092, 6.372763
1.567111, 0.070092, 6.372763
1.570513, 0.070092, 6.372763
1.585204, 0.070092, 6.372763
1.588007, 0.070092, 6.372763
1.590158, 0.070092, 6.372763
1.592305, 0.070092, 6.372763
1.594461, 0.070092, 6.372763
1.596678, 0.070092, 6.372763
1.598844, 0.070092, 6.372763
1.601465, 0.070092, 6.372763
1.603947, 0.070092, 6.372763
1.606374, 0.070092, 6.372763
1.608710, 0.070092, 6.372763
1.611021, 0.070092, 6.372763
1.613305, 0.067543, 6.141037
1.615567, 0.070092, 6.372763
1.618522, 0.070092, 6.372763
1.621747, 0.067543, 6.141037
1.624055, 0.070092, 6.372763
1.626179, 0.070092, 6.372763
1.628268, 0.070092, 6.372763
1.630475, 0.067543, 6.141037
1.632770, 0.070092, 6.372763
1.635470, 0.070092, 6.372763
1.637982, 0.070092, 6.372763
1.640377, 0.070092, 6.372763
1.642837, 0.070092, 6.372763
1.646513, 0.070092, 6.372763
1.650358, 0.070092, 6.372763
1.654181, 0.070092, 6.372763
1.656943, 0.070092, 6.372763
1.659574, 0.070092, 6.372763
1.662119, 0.070092, 6.372763
1.665197, 0.070092, 6.372763
1.669064, 0.070092, 6.372763
1.672986, 0.070092, 6.372763
1.677086, 0.070092, 6.372763
1.681311, 0.070092, 6.372763
1.685378, 0.070092, 6.372763
1.688120, 0.070092, 6.372763
1.690712, 0.072641, 6.604489
1.693152, 0.070092, 6.372763
1.695717, 0.070092, 6.372763
1.698078, 0.070092, 6.372763
1.700373, 0.070092, 6.372763
1.702691, 0.070092, 6.372763
1.704936, 0.070092, 6.372763
1.707245, 0.072641, 6.604489
1.709483, 0.070092, 6.372763
1.711723, 0.067543, 6.141037
1.714008, 0.070092, 6.372763
1.717200, 0.070092, 6.372763
1.719379, 0.070092, 6.372763
1.721555, 0.070092, 6.372763
1.723772, 0.070092, 6.372763
1.726457, 0.070092, 6.372763
1.728835, 0.070092, 6.372763
1.731163, 0.070092, 6.372763
1.733604, 0.070092, 6.372763
1.736457, 0.070092, 6.372763
1.739066, 0.070092, 6.372763
1.741850, 0.070092, 6.372763
1.745656, 0.070092, 6.372763
1.748817, 0.070092, 6.372763
1.751593, 0.070092, 6.372763
1.754246, 0.070092, 6.372763
1.756795, 0.070092, 6.372763
1.759456, 0.070092, 6.372763
1.761877, 0.070092, 6.372763
1.764238, 0.070092, 6.372763
1.766536, 0.070092, 6.372763
1.769176, 0.070092, 6.372763
1.771262, 0.070092, 6.372763
1.773209, 0.070092, 6.372763
1.775368, 0.070092, 6.372763
1.777645, 0.070092, 6.372763
1.779918, 0.070092, 6.372763
1.782168, 0.070092, 6.372763
1.784468, 0.070092, 6.372763
1.786760, 0.072641, 6.604489
1.789203, 0.070092, 6.372763
1.791683, 0.070092, 6.372763
1.793976, 0.070092, 6.372763
1.796260, 0.070092, 6.372763
1.798616, 0.070092, 6.372763
1.801128, 0.070092, 6.372763
1.803472, 0.070092, 6.372763
1.805886, 0.070092, 6.372763
1.808241, 0.070092, 6.372763
1.811566, 0.070092, 6.372763
1.816304, 0.070092, 6.372763
1.820725, 0.070092, 6.372763
1.825458, 0.070092, 6.372763
1.827569, 0.072641, 6.604489
1.835694, 0.070092, 6.372763
1.839946, 0.070092, 6.372763
1.842032, 0.070092, 6.372763
1.843973, 0.070092, 6.372763
1.846130, 0.070092, 6.372763
1.848302, 0.070092, 6.372763
1.850713, 0.072641, 6.604489
1.853478, 0.070092, 6.372763
1.856555, 0.070092, 6.372763
1.858982, 0.070092, 6.372763
1.861319, 0.070092, 6.372763
1.863608, 0.070092, 6.372763
1.865874, 0.070092, 6.372763
1.868144, 0.070092, 6.372763
1.871135, 0.070092, 6.372763
1.873410, 0.070092, 6.372763
1.875654, 0.070092, 6.372763
1.877863, 0.070092, 6.372763
1.880614, 0.070092, 6.372763
1.883002, 0.072641, 6.604489
1.885389, 0.070092, 6.372763
1.887865, 0.070092, 6.372763
1.892445, 0.070092, 6.372763
1.898145, 0.070092, 6.372763
1.903953, 0.070092, 6.372763
1.908915, 0.067543, 6.141037
1.913966, 0.070092, 6.372763
1.919608, 0.072641, 6.604489
1.925348, 0.070092, 6.372763
1.930769, 0.070092, 6.372763
1.934610, 0.070092, 6.372763
1.939176, 0.070092, 6.372763
1.941982, 0.070092, 6.372763
1.945199, 0.070092, 6.372763
1.948563, 0.070092, 6.372763
1.953386, 0.070092, 6.372763
1.957831, 0.070092, 6.372763
1.962113, 0.070092, 6.372763
1.966173, 0.070092, 6.372763
1.970377, 0.070092, 6.372763
1.974446, 0.070092, 6.372763
1.978599, 0.070092, 6.372763
1.982434, 0.070092, 6.372763
1.986335, 0.070092, 6.372763
1.990188, 0.070092, 6.372763
1.994178, 0.070092, 6.372763
1.997907, 0.070092, 6.372763
2.002061, 0.070092, 6.372763
2.005983, 0.072641, 6.604489
2.010082, 0.070092, 6.372763
2.014367, 0.070092, 6.372763
2.019019, 0.070092, 6.372763
2.023154, 0.070092, 6.372763
2.026936, 0.070092, 6.372763
2.030255, 0.070092, 6.372763
2.033519, 0.070092, 6.372763
2.035775, 0.070092, 6.372763
2.038483, 0.070092, 6.372763
2.041168, 0.070092, 6.372763
2.044601, 0.070092, 6.372763
2.048217, 0.072641, 6.604489
2.051684, 0.070092, 6.372763
2.053619, 0.070092, 6.372763
2.055533, 0.070092, 6.372763
2.057593, 0.070092, 6.372763
2.059813, 0.070092, 6.372763
2.062237, 0.070092, 6.372763
2.068091, 0.070092, 6.372763
2.070835, 0.070092, 6.372763
2.073643, 0.070092, 6.372763
2.076083, 0.070092, 6.372763
2.078461, 0.070092, 6.372763
2.080978, 0.070092, 6.372763
2.083988, 0.070092, 6.372763
2.086218, 0.070092, 6.372763
2.088313, 0.070092, 6.372763
2.090735, 0.070092, 6.372763
2.093058, 0.070092, 6.372763
2.095557, 0.070092, 6.372763
2.097978, 0.070092, 6.372763
2.100380, 0.070092, 6.372763
2.102922, 0.070092, 6.372763
2.105810, 0.070092, 6.372763
2.108613, 0.070092, 6.372763
2.111278, 0.070092, 6.372763
2.113931, 0.070092, 6.372763
2.116549, 0.070092, 6.372763
2.119225, 0.070092, 6.372763
2.121998, 0.070092, 6.372763
2.124690, 0.070092, 6.372763
2.127365, 0.070092, 6.372763
2.130140, 0.070092, 6.372763
2.132936, 0.070092, 6.372763
2.136094, 0.070092, 6.372763
2.139265, 0.070092, 6.372763
2.142444, 0.070092, 6.372763
2.145507, 0.070092, 6.372763
2.148450, 0.070092, 6.372763
2.151297, 0.070092, 6.372763
2.154050, 0.070092, 6.372763
2.156676, 0.070092, 6.372763
2.159517, 0.070092, 6.372763
2.162477, 0.070092, 6.372763
2.165242, 0.070092, 6.372763
2.167982, 0.070092, 6.372763
2.170762, 0.070092, 6.372763
2.173505, 0.070092, 6.372763
2.178380, 0.070092, 6.372763
2.183830, 0.070092, 6.372763
2.189847, 0.070092, 6.372763
2.195694, 0.070092, 6.372763
2.200772, 0.070092, 6.372763
2.204408, 0.072641, 6.604489
2.207606, 0.070092, 6.372763
2.210683, 0.070092, 6.372763
2.213433, 0.070092, 6.372763
2.216092, 0.070092, 6.372763
2.218782, 0.070092, 6.372763
2.221638, 0.070092, 6.372763
2.224336, 0.070092, 6.372763
2.227198, 0.070092, 6.372763
2.230051, 0.070092, 6.372763
2.232930, 0.070092, 6.372763
2.236572, 0.070092, 6.372763
2.240208, 0.070092, 6.372763
2.243302, 0.070092, 6.372763
2.245756, 0.070092, 6.372763
2.249632, 0.070092, 6.372763
2.254004, 0.070092, 6.372763
2.259068, 0.070092, 6.372763
2.264900, 0.070092, 6.372763
2.271902, 0.070092, 6.372763
2.277813, 0.070092, 6.372763
2.284133, 0.070092, 6.372763
2.289178, 0.070092, 6.372763
2.294596, 0.070092, 6.372763
2.298557, 0.072641, 6.604489
2.302538, 0.070092, 6.372763
2.306233, 0.070092, 6.372763
2.309766, 0.070092, 6.372763
2.313372, 0.070092, 6.372763
2.316888, 0.070092, 6.372763
2.320191, 0.070092, 6.372763
2.323311, 0.070092, 6.372763
2.326181, 0.070092, 6.372763
2.328969, 0.070092, 6.372763
2.331874, 0.070092, 6.372763
2.334806, 0.070092, 6.372763
2.337639, 0.070092, 6.372763
2.340483, 0.072641, 6.604489
2.343453, 0.070092, 6.372763
2.346462, 0.070092, 6.372763
2.349413, 0.070092, 6.372763
2.352475, 0.070092, 6.372763
2.355391, 0.070092, 6.372763
2.358830, 0.070092, 6.372763
2.361681, 0.070092, 6.372763
2.365070, 0.070092, 6.372763
2.368281, 0.070092, 6.372763
2.371317, 0.070092, 6.372763
2.374436, 0.070092, 6.372763
2.377420, 0.070092, 6.372763
2.380250, 0.070092, 6.372763
2.383135, 0.070092, 6.372763
2.385928, 0.070092, 6.372763
2.388567, 0.070092, 6.372763
2.391189, 0.070092, 6.372763
2.393885, 0.072641, 6.604489
2.397433, 0.070092, 6.372763
2.399927, 0.072641, 6.604489
2.402174, 0.070092, 6.372763
2.404926, 0.070092, 6.372763
2.407281, 0.072641, 6.604489
2.409639, 0.070092, 6.372763
2.412018, 0.070092, 6.372763
2.414594, 0.070092, 6.372763
2.417364, 0.070092, 6.372763
2.420326, 0.070092, 6.372763
2.423338, 0.070092, 6.372763
2.426428, 0.070092, 6.372763
2.429117, 0.070092, 6.372763
2.431639, 0.072641, 6.604489
2.434453, 0.070092, 6.372763
2.437162, 0.070092, 6.372763
2.439509, 0.070092, 6.372763
2.441942, 0.070092, 6.372763
2.444392, 0.072641, 6.604489
2.446744, 0.070092, 6.372763
2.449155, 0.070092, 6.372763
2.451547, 0.070092, 6.372763
2.453817, 0.070092, 6.372763
2.456095, 0.070092, 6.372763
2.458319, 0.070092, 6.372763
2.460524, 0.070092, 6.372763
2.462712, 0.070092, 6.372763
2.465387, 0.070092, 6.372763
2.468115, 0.070092, 6.372763
2.469921, 0.070092, 6.372763
2.471670, 0.070092, 6.372763
2.473529, 0.070092, 6.372763
2.475565, 0.070092, 6.372763
2.477715, 0.070092, 6.372763
2.479921, 0.070092, 6.372763
2.482257, 0.070092, 6.372763
2.484759, 0.070092, 6.372763
2.487277, 0.070092, 6.372763
2.489764, 0.070092, 6.372763
2.492296, 0.070092, 6.372763
2.495308, 0.070092, 6.372763
2.497896, 0.070092, 6.372763
2.500350, 0.072641, 6.604489
2.502891, 0.070092, 6.372763
2.505264, 0.070092, 6.372763
2.507643, 0.070092, 6.372763
2.510027, 0.070092, 6.372763
2.512412, 0.070092, 6.372763
2.514819, 0.070092, 6.372763
2.517260, 0.070092, 6.372763
2.519714, 0.070092, 6.372763
2.522092, 0.070092, 6.372763
2.524467, 0.070092, 6.372763
2.526931, 0.070092, 6.372763
2.529505, 0.070092, 6.372763
2.531988, 0.070092, 6.372763
2.534463, 0.070092, 6.372763
2.536959, 0.070092, 6.372763
2.539474, 0.070092, 6.372763
2.541985, 0.070092, 6.372763
2.544455, 0.070092, 6.372763
2.547058, 0.070092, 6.372763
2.549532, 0.070092, 6.372763
2.552110, 0.072641, 6.604489
2.554688, 0.070092, 6.372763
2.557208, 0.070092, 6.372763
2.559593, 0.070092, 6.372763
2.561941, 0.070092, 6.372763
2.564258, 0.067543, 6.141037
2.566542, 0.070092, 6.372763
2.568933, 0.070092, 6.372763
2.571229, 0.070092, 6.372763
2.573484, 0.070092, 6.372763
2.575727, 0.070092, 6.372763
2.578083, 0.070092, 6.372763
2.580387, 0.070092, 6.372763
2.582658, 0.070092, 6.372763
2.584971, 0.070092, 6.372763
2.587225, 0.070092, 6.372763
2.589737, 0.070092, 6.372763
2.592157, 0.070092, 6.372763
2.594547, 0.070092, 6.372763
2.596937, 0.070092, 6.372763
2.599378, 0.070092, 6.372763
2.601816, 0.070092, 6.372763
2.604200, 0.070092, 6.372763
2.606533, 0.070092, 6.372763
2.608919, 0.070092, 6.372763
2.611330, 0.070092, 6.372763
2.613674, 0.070092, 6.372763
2.616019, 0.072641, 6.604489
2.618534, 0.070092, 6.372763
2.620973, 0.070092, 6.372763
2.623393, 0.070092, 6.372763
2.625904, 0.070092, 6.372763
2.628427, 0.070092, 6.372763
2.631239, 0.070092, 6.372763
2.633877, 0.070092, 6.372763
2.636565, 0.070092, 6.372763
2.639172, 0.070092, 6.372763
2.641765, 0.070092, 6.372763
2.644280, 0.070092, 6.372763
2.646783, 0.070092, 6.372763
2.649344, 0.070092, 6.372763
2.651949, 0.070092, 6.372763
2.654572, 0.070092, 6.372763
2.657356, 0.070092, 6.372763
2.660249, 0.070092, 6.372763
2.663087, 0.070092, 6.372763
2.665875, 0.070092, 6.372763
2.668646, 0.070092, 6.372763
2.671455, 0.070092, 6.372763
2.674139, 0.070092, 6.372763
2.676817, 0.070092, 6.372763
2.679629, 0.070092, 6.372763
2.682262, 0.070092, 6.372763
2.684859, 0.070092, 6.372763
2.687575, 0.070092, 6.372763
2.690254, 0.070092, 6.372763
2.692967, 0.070092, 6.372763
2.695690, 0.070092, 6.372763
2.698361, 0.070092, 6.372763
2.701052, 0.067543, 6.141037
2.703738, 0.070092, 6.372763
2.706312, 0.070092, 6.372763
2.708898, 0.070092, 6.372763
2.711386, 0.070092, 6.372763
2.713872, 0.070092, 6.372763
2.716276, 0.070092, 6.372763
2.718787, 0.070092, 6.372763
2.721368, 0.070092, 6.372763
2.723951, 0.072641, 6.604489
2.726502, 0.070092, 6.372763
2.729190, 0.070092, 6.372763
2.731874, 0.070092, 6.372763
2.734674, 0.070092, 6.372763
2.738190, 0.070092, 6.372763
2.741511, 0.070092, 6.372763
2.744588, 0.070092, 6.372763
2.747487, 0.070092, 6.372763
2.750949, 0.070092, 6.372763
2.753869, 0.070092, 6.372763
2.756781, 0.070092, 6.372763
2.760964, 0.070092, 6.372763
2.764440, 0.070092, 6.372763
2.768321, 0.072641, 6.604489
2.774972, 0.070092, 6.372763
2.779585, 0.070092, 6.372763
2.782440, 0.070092, 6.372763
2.785499, 0.070092, 6.372763
2.789398, 0.070092, 6.372763
2.792471, 0.070092, 6.372763
2.795525, 0.070092, 6.372763
2.800557, 0.070092, 6.372763
2.807502, 0.070092, 6.372763
2.814859, 0.072641, 6.604489
2.817326, 0.070092, 6.372763
2.820779, 0.070092, 6.372763
2.824038, 0.072641, 6.604489
2.828024, 0.070092, 6.372763
2.831774, 0.070092, 6.372763
2.834892, 0.070092, 6.372763
2.837882, 0.070092, 6.372763
2.840705, 0.070092, 6.372763
2.843951, 0.070092, 6.372763
2.845954, 0.070092, 6.372763
2.848067, 0.070092, 6.372763
2.850492, 0.070092, 6.372763
2.854314, 0.070092, 6.372763
2.857885, 0.070092, 6.372763
2.861574, 0.072641, 6.604489
2.865561, 0.070092, 6.372763
2.869699, 0.070092, 6.372763
2.873102, 0.070092, 6.372763
2.876130, 0.070092, 6.372763
2.878970, 0.072641, 6.604489
2.881023, 0.070092, 6.372763
2.884163, 0.070092, 6.372763
2.890330, 0.070092, 6.372763
2.894313, 0.070092, 6.372763
2.898266, 0.070092, 6.372763
2.908682, 0.070092, 6.372763
2.911954, 0.072641, 6.604489
2.914763, 0.070092, 6.372763
2.917349, 0.070092, 6.372763
2.919883, 0.072641, 6.604489
2.922254, 0.072641, 6.604489
2.927048, 0.070092, 6.372763
2.931174, 0.070092, 6.372763
2.933887, 0.070092, 6.372763
2.937067, 0.070092, 6.372763
2.939896, 0.070092, 6.372763
2.942139, 0.070092, 6.372763
2.944308, 0.070092, 6.372763
2.946205, 0.070092, 6.372763
2.948163, 0.070092, 6.372763
2.950581, 0.070092, 6.372763
2.953463, 0.070092, 6.372763
2.956392, 0.072641, 6.604489
2.958809, 0.070092, 6.372763
2.963662, 0.070092, 6.372763
2.967628, 0.070092, 6.372763
2.971243, 0.070092, 6.372763
2.974503, 0.070092, 6.372763
2.977819, 0.070092, 6.372763
2.980971, 0.070092, 6.372763
2.984498, 0.070092, 6.372763
2.987631, 0.070092, 6.372763
2.990729, 0.072641, 6.604489
2.993749, 0.070092, 6.372763
2.996967, 0.072641, 6.604489
3.000355, 0.070092, 6.372763
3.004212, 0.070092, 6.372763
3.007812, 0.070092, 6.372763
3.011947, 0.072641, 6.604489
3.016101, 0.070092, 6.372763
3.018955, 0.072641, 6.604489
3.020848, 0.070092, 6.372763
3.023040, 0.070092, 6.372763
3.025533, 0.072641, 6.604489
3.028185, 0.070092, 6.372763
3.030816, 0.072641, 6.604489
3.033738, 0.070092, 6.372763
3.036845, 0.070092, 6.372763
3.039776, 0.070092, 6.372763
3.042685, 0.070092, 6.372763
3.045454, 0.070092, 6.372763
3.048185, 0.070092, 6.372763
3.051126, 0.072641, 6.604489
3.053730, 0.070092, 6.372763
3.056248, 0.072641, 6.604489
3.058722, 0.070092, 6.372763
3.061103, 0.070092, 6.372763
3.063450, 0.070092, 6.372763
3.067019, 0.070092, 6.372763
3.069523, 0.070092, 6.372763
3.071471, 0.070092, 6.372763
3.074460, 0.070092, 6.372763
3.076402, 0.070092, 6.372763
3.078155, 0.070092, 6.372763
3.080337, 0.070092, 6.372763
3.082267, 0.070092, 6.372763
3.085336, 0.070092, 6.372763
3.087429, 0.070092, 6.372763
3.089528, 0.070092, 6.372763
3.091663, 0.070092, 6.372763
3.093808, 0.070092, 6.372763
3.096147, 0.070092, 6.372763
3.098290, 0.072641, 6.604489
3.100346, 0.070092, 6.372763
3.102792, 0.070092, 6.372763
3.105771, 0.070092, 6.372763
3.108744, 0.070092, 6.372763
3.111655, 0.070092, 6.372763
3.114318, 0.070092, 6.372763
3.116936, 0.070092, 6.372763
3.119488, 0.070092, 6.372763
3.121947, 0.072641, 6.604489
3.124184, 0.072641, 6.604489
3.126478, 0.070092, 6.372763
3.128793, 0.070092, 6.372763
3.131085, 0.070092, 6.372763
3.134058, 0.070092, 6.372763
3.136370, 0.070092, 6.372763
3.138413, 0.072641, 6.604489
3.140481, 0.070092, 6.372763
3.142599, 0.072641, 6.604489
3.144762, 0.070092, 6.372763
3.146975, 0.070092, 6.372763
3.149294, 0.072641, 6.604489
3.152609, 0.070092, 6.372763
3.154868, 0.070092, 6.372763
3.157220, 0.072641, 6.604489
3.159611, 0.072641, 6.604489
3.161946, 0.070092, 6.372763
3.164407, 0.072641, 6.604489
3.166814, 0.070092, 6.372763
3.169229, 0.072641, 6.604489
3.171674, 0.070092, 6.372763
3.174072, 0.072641, 6.604489
3.176383, 0.070092, 6.372763
3.178671, 0.072641, 6.604489
3.181008, 0.070092, 6.372763
3.183603, 0.070092, 6.372763
3.185830, 0.070092, 6.372763
3.188160, 0.070092, 6.372763
3.190404, 0.070092, 6.372763
3.192854, 0.070092, 6.372763
3.195807, 0.070092, 6.372763
3.199039, 0.070092, 6.372763
3.202401, 0.070092, 6.372763
3.205612, 0.072641, 6.604489
3.208751, 0.070092, 6.372763
3.211816, 0.070092, 6.372763
3.214731, 0.070092, 6.372763
3.217675, 0.070092, 6.372763
3.220594, 0.070092, 6.372763
3.223301, 0.070092, 6.372763
3.226034, 0.070092, 6.372763
3.228710, 0.072641, 6.604489
3.231416, 0.070092, 6.372763
3.234186, 0.070092, 6.372763
3.237018, 0.070092, 6.372763
3.239880, 0.072641, 6.604489
3.242790, 0.070092, 6.372763
3.245570, 0.070092, 6.372763
3.248216, 0.072641, 6.604489
3.250839, 0.070092, 6.372763
3.253475, 0.070092, 6.372763
3.256209, 0.072641, 6.604489
3.258980, 0.072641, 6.604489
3.261681, 0.070092, 6.372763
3.264372, 0.070092, 6.372763
3.267105, 0.070092, 6.372763
3.269862, 0.070092, 6.372763
3.272597, 0.070092, 6.372763
3.275185, 0.072641, 6.604489
3.277813, 0.070092, 6.372763
3.280451, 0.070092, 6.372763
3.282962, 0.070092, 6.372763
3.286238, 0.070092, 6.372763
3.291360, 0.070092, 6.372763
3.294052, 0.072641, 6.604489
3.298670, 0.072641, 6.604489
3.302792, 0.070092, 6.372763
3.305550, 0.072641, 6.604489
3.307818, 0.070092, 6.372763
3.311533, 0.070092, 6.372763
3.315888, 0.072641, 6.604489
3.320079, 0.070092, 6.372763
3.324043, 0.070092, 6.372763
3.327867, 0.070092, 6.372763
3.331593, 0.070092, 6.372763
3.335604, 0.072641, 6.604489
3.339233, 0.070092, 6.372763
3.342864, 0.070092, 6.372763
3.346409, 0.070092, 6.372763
3.349920, 0.072641, 6.604489
3.353537, 0.070092, 6.372763
3.358415, 0.070092, 6.372763
3.362112, 0.070092, 6.372763
3.364869, 0.072641, 6.604489
3.367919, 0.070092, 6.372763
3.370692, 0.072641, 6.604489
3.374031, 0.070092, 6.372763
3.380364, 0.072641, 6.604489
3.383315, 0.072641, 6.604489
3.385715, 0.072641, 6.604489
3.387945, 0.070092, 6.372763
3.390382, 0.070092, 6.372763
3.392917, 0.072641, 6.604489
3.395936, 0.070092, 6.372763
3.402547, 0.070092, 6.372763
3.407200, 0.070092, 6.372763
3.411395, 0.070092, 6.372763
3.414814, 0.070092, 6.372763
3.418387, 0.070092, 6.372763
3.422665, 0.070092, 6.372763
3.426093, 0.070092, 6.372763
3.429100, 0.070092, 6.372763
3.432239, 0.070092, 6.372763
3.436408, 0.070092, 6.372763
3.440412, 0.070092, 6.372763
3.443532, 0.070092, 6.372763
3.446591, 0.070092, 6.372763
3.449504, 0.070092, 6.372763
3.452834, 0.072641, 6.604489
3.455513, 0.070092, 6.372763
3.458061, 0.070092, 6.372763
3.460744, 0.072641, 6.604489
3.463191, 0.070092, 6.372763
3.465533, 0.070092, 6.372763
3.467933, 0.070092, 6.372763
3.470486, 0.070092, 6.372763
3.472819, 0.070092, 6.372763
3.475098, 0.072641, 6.604489
3.477417, 0.070092, 6.372763
3.479768, 0.070092, 6.372763
3.482320, 0.072641, 6.604489
3.484643, 0.070092, 6.372763
3.486927, 0.070092, 6.372763
3.489202, 0.070092, 6.372763
3.491732, 0.072641, 6.604489
3.494093, 0.070092, 6.372763
3.496423, 0.072641, 6.604489
3.498874, 0.070092, 6.372763
3.502018, 0.070092, 6.372763
3.505659, 0.070092, 6.372763
3.507823, 0.072641, 6.604489
3.509752, 0.070092, 6.372763
3.513255, 0.070092, 6.372763
3.515248, 0.070092, 6.372763
3.517368, 0.070092, 6.372763
3.519618, 0.070092, 6.372763
3.521970, 0.072641, 6.604489
3.524348, 0.070092, 6.372763
3.526710, 0.070092, 6.372763
3.529068, 0.070092, 6.372763
3.531433, 0.072641, 6.604489
3.533792, 0.070092, 6.372763
3.536150, 0.070092, 6.372763
3.538550, 0.070092, 6.372763
3.541463, 0.070092, 6.372763
3.546196, 0.072641, 6.604489
3.550533, 0.070092, 6.372763
3.554846, 0.070092, 6.372763
3.559078, 0.070092, 6.372763
3.563205, 0.070092, 6.372763
3.567929, 0.070092, 6.372763
3.571943, 0.070092, 6.372763
3.576697, 0.070092, 6.372763
3.581307, 0.070092, 6.372763
3.583827, 0.070092, 6.372763
3.585807, 0.070092, 6.372763
3.587906, 0.070092, 6.372763
3.590102, 0.070092, 6.372763
3.592432, 0.070092, 6.372763
3.594735, 0.070092, 6.372763
3.597070, 0.070092, 6.372763
3.599385, 0.070092, 6.372763
3.601894, 0.070092, 6.372763
3.604415, 0.070092, 6.372763
3.606806, 0.070092, 6.372763
3.609183, 0.072641, 6.604489
3.611541, 0.070092, 6.372763
3.613910, 0.070092, 6.372763
3.616222, 0.070092, 6.372763
3.618597, 0.070092, 6.372763
3.621038, 0.070092, 6.372763
3.623635, 0.070092, 6.372763
3.629867, 0.070092, 6.372763
3.634570, 0.070092, 6.372763
3.638073, 0.072641, 6.604489
3.641608, 0.070092, 6.372763
3.645208, 0.070092, 6.372763
3.647244, 0.070092, 6.372763
3.649333, 0.070092, 6.372763
3.651664, 0.070092, 6.372763
3.655295, 0.070092, 6.372763
3.659092, 0.070092, 6.372763
3.663268, 0.072641, 6.604489
3.668135, 0.070092, 6.372763
3.673139, 0.070092, 6.372763
3.677694, 0.072641, 6.604489
3.681275, 0.070092, 6.372763
3.685655, 0.072641, 6.604489
3.691369, 0.070092, 6.372763
3.696451, 0.070092, 6.372763
3.698955, 0.070092, 6.372763
3.701551, 0.072641, 6.604489
3.704249, 0.072641, 6.604489
3.708063, 0.070092, 6.372763
3.710643, 0.072641, 6.604489
3.713392, 0.070092, 6.372763
3.717040, 0.070092, 6.372763
3.723903, 0.070092, 6.372763
3.729837, 0.070092, 6.372763
3.736456, 0.070092, 6.372763
3.742482, 0.070092, 6.372763
3.747847, 0.070092, 6.372763
3.753943, 0.070092, 6.372763
3.760729, 0.070092, 6.372763
3.766903, 0.070092, 6.372763
3.773257, 0.070092, 6.372763
3.779583, 0.070092, 6.372763
3.784660, 0.070092, 6.372763
3.789281, 0.070092, 6.372763
3.793330, 0.070092, 6.372763
3.797462, 0.070092, 6.372763
3.801589, 0.072641, 6.604489
3.805194, 0.070092, 6.372763
3.809776, 0.070092, 6.372763
3.814460, 0.070092, 6.372763
3.819250, 0.070092, 6.372763
3.823826, 0.070092, 6.372763
3.827919, 0.070092, 6.372763
3.831717, 0.070092, 6.372763
3.835968, 0.072641, 6.604489
3.841509, 0.070092, 6.372763
3.844912, 0.070092, 6.372763
3.851733, 0.072641, 6.604489
3.856725, 0.070092, 6.372763
3.860772, 0.070092, 6.372763
3.863815, 0.070092, 6.372763
3.866293, 0.070092, 6.372763
3.868922, 0.070092, 6.372763
3.871342, 0.070092, 6.372763
3.873780, 0.070092, 6.372763
3.876296, 0.072641, 6.604489
3.878942, 0.070092, 6.372763
3.884032, 0.070092, 6.372763
3.888404, 0.070092, 6.372763
3.891893, 0.072641, 6.604489
3.894241, 0.070092, 6.372763
3.897492, 0.070092, 6.372763
3.901089, 0.070092, 6.372763
3.904946, 0.070092, 6.372763
3.907966, 0.070092, 6.372763
3.910237, 0.070092, 6.372763
3.912717, 0.070092, 6.372763
3.918261, 0.070092, 6.372763
3.924885, 0.070092, 6.372763
3.930318, 0.070092, 6.372763
3.934130, 0.070092, 6.372763
3.938134, 0.070092, 6.372763
3.941385, 0.072641, 6.604489
3.944527, 0.070092, 6.372763
3.948089, 0.072641, 6.604489
3.950662, 0.070092, 6.372763
3.953556, 0.070092, 6.372763
3.956657, 0.070092, 6.372763
3.961089, 0.070092, 6.372763
3.965437, 0.070092, 6.372763
3.967796, 0.070092, 6.372763
3.970503, 0.072641, 6.604489
3.973795, 0.070092, 6.372763
3.977913, 0.070092, 6.372763
3.981039, 0.070092, 6.372763
3.987435, 0.070092, 6.372763
4.000417, 0.070092, 6.372763
4.018756, 0.070092, 6.372763
4.024200, 0.070092, 6.372763
4.027446, 0.070092, 6.372763
4.030015, 0.070092, 6.372763
4.032204, 0.070092, 6.372763
4.034332, 0.070092, 6.372763
4.036527, 0.070092, 6.372763
4.038856, 0.072641, 6.604489
4.041261, 0.072641, 6.604489
4.043719, 0.070092, 6.372763
4.046202, 0.070092, 6.372763
4.048870, 0.070092, 6.372763
4.051590, 0.070092, 6.372763
4.054216, 0.070092, 6.372763
4.056829, 0.070092, 6.372763
4.059483, 0.072641, 6.604489
4.062112, 0.070092, 6.372763
4.064730, 0.070092, 6.372763
4.067396, 0.070092, 6.372763
4.070073, 0.070092, 6.372763
4.073154, 0.070092, 6.372763
4.075807, 0.070092, 6.372763
4.078417, 0.070092, 6.372763
4.081022, 0.070092, 6.372763
4.083651, 0.070092, 6.372763
4.086179, 0.070092, 6.372763
4.089754, 0.070092, 6.372763
4.092872, 0.070092, 6.372763
4.095184, 0.070092, 6.372763
4.097409, 0.072641, 6.604489
4.099281, 0.070092, 6.372763
4.101329, 0.070092, 6.372763
4.103546, 0.070092, 6.372763
4.105987, 0.070092, 6.372763
4.108498, 0.070092, 6.372763
4.110918, 0.070092, 6.372763
4.113275, 0.072641, 6.604489
4.115679, 0.070092, 6.372763
4.119667, 0.072641, 6.604489
4.121926, 0.070092, 6.372763
4.124187, 0.070092, 6.372763
4.126358, 0.070092, 6.372763
4.128793, 0.070092, 6.372763
4.131180, 0.072641, 6.604489
4.133641, 0.070092, 6.372763
4.136189, 0.070092, 6.372763
4.138689, 0.072641, 6.604489
4.141186, 0.070092, 6.372763
4.143678, 0.072641, 6.604489
4.146209, 0.072641, 6.604489
4.149695, 0.070092, 6.372763
4.153630, 0.070092, 6.372763
4.157183, 0.070092, 6.372763
4.160846, 0.070092, 6.372763
4.163185, 0.070092, 6.372763
4.165173, 0.070092, 6.372763
4.167373, 0.070092, 6.372763
4.169632, 0.070092, 6.372763
4.172168, 0.070092, 6.372763
4.174559, 0.070092, 6.372763
4.177254, 0.070092, 6.372763
4.179739, 0.072641, 6.604489
4.181821, 0.072641, 6.604489
4.184659, 0.070092, 6.372763
4.189842, 0.070092, 6.372763
4.193461, 0.070092, 6.372763
4.195722, 0.072641, 6.604489
4.199388, 0.070092, 6.372763
4.205722, 0.070092, 6.372763
4.211226, 0.070092, 6.372763
4.217099, 0.070092, 6.372763
4.223207, 0.070092, 6.372763
4.228829, 0.070092, 6.372763
4.235120, 0.070092, 6.372763
4.240580, 0.070092, 6.372763
4.243617, 0.070092, 6.372763
4.247534, 0.070092, 6.372763
4.251387, 0.070092, 6.372763
4.255149, 0.072641, 6.604489
4.258764, 0.070092, 6.372763
4.262549, 0.070092, 6.372763
4.266164, 0.070092, 6.372763
4.268779, 0.070092, 6.372763
4.271327, 0.070092, 6.372763
4.273851, 0.070092, 6.372763
4.276190, 0.072641, 6.604489
4.278827, 0.070092, 6.372763
4.281453, 0.070092, 6.372763
4.284355, 0.070092, 6.372763
4.288561, 0.072641, 6.604489
4.291393, 0.070092, 6.372763
4.294136, 0.070092, 6.372763
4.297204, 0.070092, 6.372763
4.301131, 0.070092, 6.372763
4.304765, 0.070092, 6.372763
4.308840, 0.070092, 6.372763
4.311868, 0.070092, 6.372763
4.315315, 0.070092, 6.372763
4.318351, 0.072641, 6.604489
4.321158, 0.072641, 6.604489
4.324967, 0.070092, 6.372763
4.329140, 0.070092, 6.372763
4.332345, 0.070092, 6.372763
4.335435, 0.072641, 6.604489
4.338632, 0.070092, 6.372763
4.341420, 0.070092, 6.372763
4.344045, 0.070092, 6.372763
4.347229, 0.070092, 6.372763
4.351038, 0.072641, 6.604489
4.353891, 0.070092, 6.372763
4.356690, 0.070092, 6.372763
4.359393, 0.070092, 6.372763
4.361941, 0.070092, 6.372763
4.364510, 0.070092, 6.372763
4.367089, 0.070092, 6.372763
4.370068, 0.070092, 6.372763
4.372382, 0.070092, 6.372763
4.374790, 0.070092, 6.372763
4.377649, 0.070092, 6.372763
4.381051, 0.070092, 6.372763
4.415886, 0.070092, 6.372763
4.420480, 0.070092, 6.372763
4.424738, 0.070092, 6.372763
4.428694, 0.070092, 6.372763
4.432288, 0.070092, 6.372763
4.435400, 0.070092, 6.372763
4.438688, 0.070092, 6.372763
4.442627, 0.070092, 6.372763
4.447316, 0.070092, 6.372763
4.454968, 0.070092, 6.372763
4.462710, 0.070092, 6.372763
4.466168, 0.070092, 6.372763
4.469197, 0.072641, 6.604489
4.471945, 0.072641, 6.604489
4.474770, 0.070092, 6.372763
4.477410, 0.070092, 6.372763
4.480114, 0.070092, 6.372763
4.483831, 0.070092, 6.372763
4.486730, 0.070092, 6.372763
4.489691, 0.070092, 6.372763
4.492822, 0.070092, 6.372763
4.496289, 0.070092, 6.372763
4.500211, 0.070092, 6.372763
4.504854, 0.070092, 6.372763
4.508180, 0.070092, 6.372763
4.511313, 0.070092, 6.372763
4.513948, 0.070092, 6.372763
4.516422, 0.070092, 6.372763
4.518877, 0.070092, 6.372763
4.521445, 0.072641, 6.604489
4.523967, 0.070092, 6.372763
4.526502, 0.070092, 6.372763
4.529007, 0.070092, 6.372763
4.531601, 0.070092, 6.372763
4.534146, 0.072641, 6.604489
4.536592, 0.072641, 6.604489
4.539016, 0.070092, 6.372763
4.544271, 0.070092, 6.372763
4.546808, 0.070092, 6.372763
4.549260, 0.072641, 6.604489
4.551679, 0.070092, 6.372763
4.553325, 0.070092, 6.372763
4.555158, 0.070092, 6.372763
4.557280, 0.070092, 6.372763
4.559547, 0.070092, 6.372763
4.562390, 0.070092, 6.372763
4.564752, 0.070092, 6.372763
4.566355, 0.070092, 6.372763
4.568103, 0.070092, 6.372763
4.570047, 0.070092, 6.372763
4.575557, 0.070092, 6.372763
4.579085, 0.070092, 6.372763
4.582144, 0.070092, 6.372763
4.585345, 0.070092, 6.372763
4.588729, 0.070092, 6.372763
4.592567, 0.070092, 6.372763
4.595816, 0.070092, 6.372763
4.598761, 0.070092, 6.372763
4.602384, 0.070092, 6.372763
4.605568, 0.070092, 6.372763
4.607851, 0.070092, 6.372763
4.609730, 0.070092, 6.372763
4.611811, 0.070092, 6.372763
4.614064, 0.070092, 6.372763
4.616576, 0.070092, 6.372763
4.619307, 0.070092, 6.372763
4.621458, 0.070092, 6.372763
4.623721, 0.070092, 6.372763
4.626060, 0.070092, 6.372763
4.628357, 0.070092, 6.372763
4.630673, 0.070092, 6.372763
4.633572, 0.070092, 6.372763
4.636122, 0.067543, 6.141037
4.638827, 0.070092, 6.372763
4.641361, 0.070092, 6.372763
4.643880, 0.070092, 6.372763
4.646336, 0.070092, 6.372763
4.648922, 0.070092, 6.372763
4.651488, 0.070092, 6.372763
4.654024, 0.072641, 6.604489
4.656482, 0.070092, 6.372763
4.659091, 0.070092, 6.372763
4.661638, 0.070092, 6.372763
4.664116, 0.070092, 6.372763
4.666583, 0.070092, 6.372763
4.669279, 0.070092, 6.372763
4.671861, 0.070092, 6.372763
4.674424, 0.070092, 6.372763
4.676920, 0.072641, 6.604489
4.680475, 0.070092, 6.372763
4.683974, 0.070092, 6.372763
4.687266, 0.070092, 6.372763
4.689988, 0.070092, 6.372763
4.692065, 0.070092, 6.372763
4.694551, 0.070092, 6.372763
4.696991, 0.070092, 6.372763
4.700171, 0.070092, 6.372763
4.703754, 0.070092, 6.372763
4.707059, 0.070092, 6.372763
4.710314, 0.072641, 6.604489
4.714036, 0.070092, 6.372763
4.717177, 0.070092, 6.372763
4.720341, 0.070092, 6.372763
4.723472, 0.070092, 6.372763
4.726331, 0.070092, 6.372763
4.729885, 0.070092, 6.372763
4.732413, 0.070092, 6.372763
4.734349, 0.070092, 6.372763
4.736347, 0.070092, 6.372763
4.738093, 0.070092, 6.372763
4.740193, 0.070092, 6.372763
4.742718, 0.070092, 6.372763
4.745824, 0.070092, 6.372763
4.749265, 0.070092, 6.372763
4.753849, 0.067543, 6.141037
4.757180, 0.070092, 6.372763
4.760143, 0.070092, 6.372763
4.762733, 0.070092, 6.372763
4.765441, 0.070092, 6.372763
4.769581, 0.070092, 6.372763
4.773589, 0.070092, 6.372763
4.784219, 0.070092, 6.372763
4.795710, 0.070092, 6.372763
4.799946, 0.070092, 6.372763
4.802916, 0.070092, 6.372763
4.805188, 0.070092, 6.372763
4.807327, 0.070092, 6.372763
4.810131, 0.070092, 6.372763
4.818068, 0.070092, 6.372763
4.829151, 0.070092, 6.372763
4.836694, 0.070092, 6.372763
4.839994, 0.070092, 6.372763
4.843063, 0.070092, 6.372763
4.845745, 0.070092, 6.372763
4.848200, 0.070092, 6.372763
4.851200, 0.070092, 6.372763
4.854128, 0.070092, 6.372763
4.860175, 0.070092, 6.372763
4.866492, 0.070092, 6.372763
4.872153, 0.070092, 6.372763
4.875454, 0.070092, 6.372763
4.878647, 0.070092, 6.372763
4.881799, 0.072641, 6.604489
4.883850, 0.070092, 6.372763
4.885976, 0.070092, 6.372763
4.888920, 0.070092, 6.372763
4.891882, 0.070092, 6.372763
4.894574, 0.070092, 6.372763
4.897143, 0.070092, 6.372763
4.900079, 0.070092, 6.372763
4.903828, 0.070092, 6.372763
4.907059, 0.070092, 6.372763
4.910166, 0.070092, 6.372763
4.913417, 0.070092, 6.372763
4.916611, 0.070092, 6.372763
4.920189, 0.072641, 6.604489
4.923614, 0.070092, 6.372763
4.926487, 0.070092, 6.372763
4.928747, 0.070092, 6.372763
4.931425, 0.070092, 6.372763
4.934544, 0.070092, 6.372763
4.937834, 0.070092, 6.372763
4.940801, 0.072641, 6.604489
4.943069, 0.070092, 6.372763
4.945247, 0.072641, 6.604489
4.947498, 0.070092, 6.372763
4.950098, 0.070092, 6.372763
4.953707, 0.070092, 6.372763
4.959444, 0.070092, 6.372763
4.963300, 0.070092, 6.372763
4.971266, 0.072641, 6.604489
4.982951, 0.070092, 6.372763
4.987573, 0.070092, 6.372763
4.990626, 0.070092, 6.372763
4.993584, 0.070092, 6.372763
4.996529, 0.070092, 6.372763
4.999402, 0.072641, 6.604489
5.002445, 0.072641, 6.604489
5.005378, 0.070092, 6.372763
5.007561, 0.070092, 6.372763
5.011293, 0.070092, 6.372763
5.013963, 0.070092, 6.372763
5.016491, 0.070092, 6.372763
5.019047, 0.070092, 6.372763
5.021593, 0.070092, 6.372763
5.024155, 0.070092, 6.372763
5.026609, 0.070092, 6.372763
5.028996, 0.070092, 6.372763
5.031401, 0.070092, 6.372763
5.033992, 0.070092, 6.372763
5.036570, 0.070092, 6.372763
5.039032, 0.070092, 6.372763
5.041458, 0.070092, 6.372763
5.043921, 0.070092, 6.372763
5.046389, 0.070092, 6.372763
5.048819, 0.070092, 6.372763
5.051749, 0.070092, 6.372763
5.055346, 0.070092, 6.372763
5.058329, 0.070092, 6.372763
5.061331, 0.070092, 6.372763
5.065269, 0.070092, 6.372763
5.069193, 0.070092, 6.372763
5.073130, 0.070092, 6.372763
5.077006, 0.070092, 6.372763
5.080356, 0.070092, 6.372763
5.082695, 0.070092, 6.372763
5.085158, 0.070092, 6.372763
5.087825, 0.070092, 6.372763
5.091546, 0.070092, 6.372763
5.095364, 0.070092, 6.372763
5.098103, 0.070092, 6.372763
5.100967, 0.070092, 6.372763
5.103904, 0.070092, 6.372763
5.106885, 0.070092, 6.372763
5.109797, 0.070092, 6.372763
5.112650, 0.070092, 6.372763
5.115504, 0.070092, 6.372763
5.118476, 0.070092, 6.372763
5.121463, 0.070092, 6.372763
5.124390, 0.070092, 6.372763
5.128189, 0.070092, 6.372763
5.131988, 0.070092, 6.372763
5.135449, 0.070092, 6.372763
5.137837, 0.070092, 6.372763
5.142867, 0.072641, 6.604489
5.147165, 0.070092, 6.372763
5.151014, 0.070092, 6.372763
5.153914, 0.070092, 6.372763
5.156968, 0.072641, 6.604489
5.159128, 0.070092, 6.372763
5.161098, 0.070092, 6.372763
5.163183, 0.070092, 6.372763
5.167453, 0.070092, 6.372763
5.171998, 0.070092, 6.372763
5.176342, 0.070092, 6.372763
5.180678, 0.070092, 6.372763
5.184599, 0.070092, 6.372763
5.188368, 0.070092, 6.372763
5.192273, 0.070092, 6.372763
5.194757, 0.070092, 6.372763
5.196955, 0.070092, 6.372763
5.199332, 0.070092, 6.372763
5.202199, 0.070092, 6.372763
5.206589, 0.070092, 6.372763
5.225377, 0.070092, 6.372763
5.234501, 0.070092, 6.372763
5.238558, 0.070092, 6.372763
5.241689, 0.070092, 6.372763
5.244467, 0.072641, 6.604489
5.247078, 0.070092, 6.372763
5.249685, 0.070092, 6.372763
5.252275, 0.070092, 6.372763
5.255035, 0.070092, 6.372763
5.258029, 0.070092, 6.372763
5.274900, 0.070092, 6.372763
5.283207, 0.070092, 6.372763
5.287265, 0.070092, 6.372763
5.289997, 0.070092, 6.372763
5.292632, 0.072641, 6.604489
5.296453, 0.070092, 6.372763
5.307491, 0.070092, 6.372763
5.321809, 0.070092, 6.372763
5.338557, 0.070092, 6.372763
5.343610, 0.070092, 6.372763
5.346562, 0.070092, 6.372763
5.351998, 0.070092, 6.372763
5.356353, 0.070092, 6.372763
5.358198, 0.070092, 6.372763
5.361724, 0.070092, 6.372763
5.365851, 0.070092, 6.372763
5.371467, 0.072641, 6.604489
5.373463, 0.070092, 6.372763
5.375606, 0.070092, 6.372763
5.379118, 0.070092, 6.372763
5.381890, 0.070092, 6.372763
5.385038, 0.070092, 6.372763
5.388591, 0.070092, 6.372763
5.392073, 0.070092, 6.372763
5.395017, 0.070092, 6.372763
5.397814, 0.070092, 6.372763
5.400573, 0.070092, 6.372763
5.403662, 0.070092, 6.372763
5.406922, 0.070092, 6.372763
5.410659, 0.070092, 6.372763
5.414363, 0.070092, 6.372763
5.418286, 0.070092, 6.372763
5.420654, 0.070092, 6.372763
5.422727, 0.070092, 6.372763
5.424858, 0.070092, 6.372763
5.427166, 0.070092, 6.372763
5.429510, 0.070092, 6.372763
5.434324, 0.070092, 6.372763
5.439319, 0.070092, 6.372763
5.443816, 0.070092, 6.372763
5.447793, 0.070092, 6.372763
5.451427, 0.070092, 6.372763
5.453843, 0.070092, 6.372763
5.455901, 0.070092, 6.372763
5.458015, 0.070092, 6.372763
5.460510, 0.070092, 6.372763
5.463271, 0.070092, 6.372763
5.465828, 0.070092, 6.372763
5.468714, 0.070092, 6.372763
5.471826, 0.070092, 6.372763
5.475087, 0.070092, 6.372763
5.478546, 0.070092, 6.372763
5.482120, 0.070092, 6.372763
5.488114, 0.070092, 6.372763
5.494165, 0.070092, 6.372763
5.498335, 0.070092, 6.372763
5.501623, 0.070092, 6.372763
5.503660, 0.070092, 6.372763
5.505577, 0.070092, 6.372763
5.507592, 0.070092, 6.372763
5.509855, 0.070092, 6.372763
5.512960, 0.072641, 6.604489
5.514670, 0.070092, 6.372763
5.516599, 0.070092, 6.372763
5.518796, 0.070092, 6.372763
5.521110, 0.070092, 6.372763
5.523466, 0.070092, 6.372763
5.525854, 0.070092, 6.372763
5.528251, 0.070092, 6.372763
5.530603, 0.070092, 6.372763
5.533252, 0.070092, 6.372763
5.537119, 0.070092, 6.372763
5.540866, 0.070092, 6.372763
5.543843, 0.070092, 6.372763
5.546380, 0.070092, 6.372763
5.548958, 0.070092, 6.372763
5.551637, 0.070092, 6.372763
5.555311, 0.070092, 6.372763
5.558723, 0.070092, 6.372763
5.562061, 0.070092, 6.372763
5.565260, 0.070092, 6.372763
5.568376, 0.070092, 6.372763
5.571262, 0.070092, 6.372763
5.574107, 0.070092, 6.372763
5.576770, 0.070092, 6.372763
5.579346, 0.070092, 6.372763
5.581881, 0.072641, 6.604489
5.584597, 0.070092, 6.372763
5.587165, 0.070092, 6.372763
5.589710, 0.070092, 6.372763
5.592354, 0.070092, 6.372763
5.594937, 0.070092, 6.372763
5.597457, 0.070092, 6.372763
5.599943, 0.070092, 6.372763
5.602627, 0.070092, 6.372763
5.605207, 0.070092, 6.372763
5.607809, 0.070092, 6.372763
5.610496, 0.070092, 6.372763
5.613422, 0.070092, 6.372763
5.616195, 0.070092, 6.372763
5.618881, 0.070092, 6.372763
5.621551, 0.070092, 6.372763
5.624316, 0.070092, 6.372763
5.627106, 0.070092, 6.372763
5.629995, 0.070092, 6.372763
5.632946, 0.070092, 6.372763
5.635583, 0.070092, 6.372763
5.637573, 0.070092, 6.372763
5.639612, 0.070092, 6.372763
5.641809, 0.070092, 6.372763
5.644151, 0.070092, 6.372763
5.646408, 0.070092, 6.372763
5.648602, 0.070092, 6.372763
5.650927, 0.070092, 6.372763
5.653233, 0.070092, 6.372763
5.655523, 0.070092, 6.372763
5.657760, 0.070092, 6.372763
5.660049, 0.070092, 6.372763
5.662275, 0.070092, 6.372763
5.664555, 0.070092, 6.372763
5.666779, 0.070092, 6.372763
5.669052, 0.070092, 6.372763
5.671392, 0.070092, 6.372763
5.673772, 0.070092, 6.372763
5.676128, 0.072641, 6.604489
5.678414, 0.070092, 6.372763
5.680638, 0.070092, 6.372763
5.682839, 0.070092, 6.372763
5.685239, 0.070092, 6.372763
5.687410, 0.070092, 6.372763
5.689570, 0.070092, 6.372763
5.691727, 0.070092, 6.372763
5.693978, 0.070092, 6.372763
5.696295, 0.070092, 6.372763
5.698599, 0.070092, 6.372763
5.701082, 0.072641, 6.604489
5.703953, 0.070092, 6.372763
5.708824, 0.070092, 6.372763
5.713393, 0.070092, 6.372763
5.717411, 0.072641, 6.604489
5.719865, 0.070092, 6.372763
5.721956, 0.070092, 6.372763
5.723998, 0.070092, 6.372763
5.726443, 0.072641, 6.604489
5.729468, 0.070092, 6.372763
5.733695, 0.070092, 6.372763
5.748856, 0.070092, 6.372763
5.756705, 0.070092, 6.372763
5.760737, 0.070092, 6.372763
5.763987, 0.070092, 6.372763
5.767210, 0.070092, 6.372763
5.769947, 0.070092, 6.372763
5.772676, 0.070092, 6.372763
5.775773, 0.070092, 6.372763
5.779185, 0.070092, 6.372763
5.781964, 0.072641, 6.604489
5.785781, 0.070092, 6.372763
5.791284, 0.070092, 6.372763
5.796133, 0.070092, 6.372763
5.802384, 0.070092, 6.372763
5.812254, 0.070092, 6.372763
5.816892, 0.070092, 6.372763
5.820899, 0.070092, 6.372763
5.823806, 0.070092, 6.372763
5.827611, 0.070092, 6.372763
5.841343, 0.070092, 6.372763
5.845641, 0.072641, 6.604489
5.850863, 0.070092, 6.372763
5.863465, 0.070092, 6.372763
5.869487, 0.070092, 6.372763
5.872668, 0.070092, 6.372763
5.875469, 0.072641, 6.604489
5.878694, 0.070092, 6.372763
5.880950, 0.070092, 6.372763
5.882974, 0.070092, 6.372763
5.887162, 0.070092, 6.372763
5.892737, 0.072641, 6.604489
5.897155, 0.070092, 6.372763
5.902844, 0.070092, 6.372763
5.910569, 0.070092, 6.372763
5.915063, 0.070092, 6.372763
5.918820, 0.072641, 6.604489
5.924972, 0.070092, 6.372763
5.934656, 0.070092, 6.372763
5.938203, 0.070092, 6.372763
5.941255, 0.070092, 6.372763
5.946785, 0.072641, 6.604489
5.953185, 0.070092, 6.372763
5.957905, 0.070092, 6.372763
5.962432, 0.070092, 6.372763
5.966556, 0.070092, 6.372763
5.970223, 0.070092, 6.372763
5.972883, 0.070092, 6.372763
5.975459, 0.070092, 6.372763
5.978089, 0.070092, 6.372763
5.980431, 0.067543, 6.141037
5.982995, 0.070092, 6.372763
5.987585, 0.070092, 6.372763
5.991996, 0.070092, 6.372763
5.995609, 0.070092, 6.372763
5.999340, 0.070092, 6.372763
6.002671, 0.070092, 6.372763
6.006419, 0.070092, 6.372763
6.010180, 0.072641, 6.604489
6.014249, 0.070092, 6.372763
6.018408, 0.070092, 6.372763
6.021869, 0.070092, 6.372763
6.025405, 0.070092, 6.372763
6.029011, 0.070092, 6.372763
6.031592, 0.070092, 6.372763
6.034207, 0.070092, 6.372763
6.036890, 0.072641, 6.604489
6.039522, 0.070092, 6.372763
6.042353, 0.070092, 6.372763
6.045175, 0.070092, 6.372763
6.048042, 0.070092, 6.372763
6.051062, 0.072641, 6.604489
6.053786, 0.070092, 6.372763
6.057880, 0.070092, 6.372763
6.062075, 0.070092, 6.372763
6.065938, 0.070092, 6.372763
6.069824, 0.070092, 6.372763
6.073321, 0.070092, 6.372763
6.076831, 0.070092, 6.372763
6.080041, 0.070092, 6.372763
6.083464, 0.070092, 6.372763
6.086761, 0.070092, 6.372763
6.089898, 0.070092, 6.372763
6.093471, 0.070092, 6.372763
6.096669, 0.070092, 6.372763
6.099842, 0.070092, 6.372763
6.103546, 0.070092, 6.372763
6.106050, 0.072641, 6.604489
6.108499, 0.070092, 6.372763
6.111084, 0.070092, 6.372763
6.113860, 0.070092, 6.372763
6.116429, 0.070092, 6.372763
6.118959, 0.070092, 6.372763
6.121482, 0.070092, 6.372763
6.124027, 0.070092, 6.372763
6.126460, 0.070092, 6.372763
6.128887, 0.070092, 6.372763
6.131598, 0.070092, 6.372763
6.134098, 0.070092, 6.372763
6.136419, 0.072641, 6.604489
6.138674, 0.070092, 6.372763
6.142555, 0.070092, 6.372763
6.145552, 0.070092, 6.372763
6.148523, 0.070092, 6.372763
6.152842, 0.070092, 6.372763
6.156640, 0.070092, 6.372763
6.164595, 0.070092, 6.372763
6.175003, 0.070092, 6.372763
6.178557, 0.070092, 6.372763
6.181185, 0.070092, 6.372763
6.183432, 0.070092, 6.372763
6.185446, 0.070092, 6.372763
6.187449, 0.072641, 6.604489
6.189533, 0.070092, 6.372763
6.191939, 0.070092, 6.372763
6.194220, 0.070092, 6.372763
6.196446, 0.070092, 6.372763
6.198693, 0.070092, 6.372763
6.201104, 0.072641, 6.604489
6.203495, 0.070092, 6.372763
6.205881, 0.070092, 6.372763
6.208366, 0.070092, 6.372763
6.210885, 0.070092, 6.372763
6.213371, 0.070092, 6.372763
6.216009, 0.072641, 6.604489
6.219833, 0.070092, 6.372763
6.222909, 0.070092, 6.372763
6.225239, 0.070092, 6.372763
6.227457, 0.070092, 6.372763
6.229666, 0.070092, 6.372763
6.232700, 0.070092, 6.372763
6.237858, 0.070092, 6.372763
6.240204, 0.070092, 6.372763
6.242763, 0.070092, 6.372763
6.244757, 0.070092, 6.372763
6.246785, 0.072641, 6.604489
6.249035, 0.070092, 6.372763
6.251529, 0.072641, 6.604489
6.254254, 0.070092, 6.372763
6.256814, 0.072641, 6.604489
6.259367, 0.070092, 6.372763
6.262052, 0.070092, 6.372763
6.264716, 0.072641, 6.604489
6.267525, 0.070092, 6.372763
6.269394, 0.070092, 6.372763
6.271536, 0.070092, 6.372763
6.274097, 0.070092, 6.372763
6.276931, 0.070092, 6.372763
6.279848, 0.070092, 6.372763
6.283092, 0.070092, 6.372763
6.286744, 0.070092, 6.372763
6.290639, 0.070092, 6.372763
6.294863, 0.070092, 6.372763
6.299430, 0.070092, 6.372763
6.304368, 0.070092, 6.372763
6.308006, 0.072641, 6.604489
6.310764, 0.070092, 6.372763
6.315382, 0.070092, 6.372763
6.319044, 0.072641, 6.604489
6.321320, 0.070092, 6.372763
6.323810, 0.072641, 6.604489
6.326509, 0.072641, 6.604489
6.329198, 0.070092, 6.372763
6.331902, 0.072641, 6.604489
6.334915, 0.072641, 6.604489
6.337558, 0.070092, 6.372763
6.340171, 0.070092, 6.372763
6.343067, 0.070092, 6.372763
6.346075, 0.070092, 6.372763
6.349077, 0.070092, 6.372763
6.352097, 0.070092, 6.372763
6.355119, 0.070092, 6.372763
6.358040, 0.070092, 6.372763
6.361002, 0.070092, 6.372763
6.363919, 0.070092, 6.372763
6.367870, 0.070092, 6.372763
6.370461, 0.070092, 6.372763
6.372655, 0.070092, 6.372763
6.374841, 0.072641, 6.604489
6.377374, 0.070092, 6.372763
6.379993, 0.070092, 6.372763
6.382732, 0.070092, 6.372763
6.385545, 0.070092, 6.372763
6.389221, 0.070092, 6.372763
6.394591, 0.072641, 6.604489
6.402301, 0.070092, 6.372763
6.409304, 0.070092, 6.372763
6.414976, 0.070092, 6.372763
6.420227, 0.070092, 6.372763
6.425261, 0.070092, 6.372763
6.429566, 0.070092, 6.372763
6.433389, 0.070092, 6.372763
6.437147, 0.070092, 6.372763
6.440504, 0.072641, 6.604489
6.443786, 0.070092, 6.372763
6.446684, 0.070092, 6.372763
6.449455, 0.072641, 6.604489
6.451994, 0.070092, 6.372763
6.454624, 0.072641, 6.604489
6.456858, 0.070092, 6.372763
6.458909, 0.070092, 6.372763
6.461480, 0.070092, 6.372763
6.463719, 0.070092, 6.372763
6.466078, 0.072641, 6.604489
6.468508, 0.072641, 6.604489
6.471010, 0.072641, 6.604489
6.474163, 0.072641, 6.604489
6.475924, 0.070092, 6.372763
6.478653, 0.070092, 6.372763
6.480187, 0.072641, 6.604489
6.481790, 0.070092, 6.372763
6.483662, 0.070092, 6.372763
6.485947, 0.072641, 6.604489
6.489616, 0.070092, 6.372763
6.491270, 0.072641, 6.604489
6.493164, 0.070092, 6.372763
6.495652, 0.072641, 6.604489
6.498732, 0.070092, 6.372763
6.501979, 0.070092, 6.372763
6.504692, 0.072641, 6.604489
6.506480, 0.070092, 6.372763
6.508207, 0.072641, 6.604489
6.509854, 0.070092, 6.372763
6.511699, 0.070092, 6.372763
6.513693, 0.070092, 6.372763
6.515820, 0.072641, 6.604489
6.517923, 0.072641, 6.604489
6.519871, 0.070092, 6.372763
6.521448, 0.070092, 6.372763
6.523161, 0.072641, 6.604489
6.525868, 0.070092, 6.372763
6.527850, 0.070092, 6.372763
6.529827, 0.070092, 6.372763
6.531832, 0.070092, 6.372763
6.533894, 0.070092, 6.372763
6.535569, 0.070092, 6.372763
6.537391, 0.070092, 6.372763
6.539125, 0.072641, 6.604489
6.540878, 0.072641, 6.604489
6.542877, 0.072641, 6.604489
6.545000, 0.072641, 6.604489
6.547280, 0.070092, 6.372763
6.549579, 0.070092, 6.372763
6.551904, 0.070092, 6.372763
6.554218, 0.070092, 6.372763
6.556692, 0.070092, 6.372763
6.558998, 0.070092, 6.372763
6.561234, 0.070092, 6.372763
6.563426, 0.070092, 6.372763
6.565685, 0.070092, 6.372763
6.568042, 0.072641, 6.604489
6.570298, 0.072641, 6.604489
6.572551, 0.070092, 6.372763
6.574812, 0.070092, 6.372763
6.577212, 0.072641, 6.604489
6.579477, 0.070092, 6.372763
6.581702, 0.070092, 6.372763
6.584104, 0.070092, 6.372763
6.586270, 0.072641, 6.604489
6.588510, 0.070092, 6.372763
6.590846, 0.072641, 6.604489
6.593143, 0.070092, 6.372763
6.595321, 0.070092, 6.372763
6.597428, 0.072641, 6.604489
6.599674, 0.070092, 6.372763
6.602658, 0.070092, 6.372763
6.604752, 0.070092, 6.372763
6.606819, 0.070092, 6.372763
6.609088, 0.072641, 6.604489
6.611150, 0.070092, 6.372763
6.613261, 0.070092, 6.372763
6.615379, 0.072641, 6.604489
6.617551, 0.070092, 6.372763
6.620032, 0.072641, 6.604489
6.622243, 0.070092, 6.372763
6.624441, 0.070092, 6.372763
6.626690, 0.070092, 6.372763
6.628819, 0.070092, 6.372763
6.631004, 0.072641, 6.604489
6.633294, 0.070092, 6.372763
6.635806, 0.070092, 6.372763
6.637423, 0.070092, 6.372763
6.639261, 0.070092, 6.372763
6.641447, 0.070092, 6.372763
6.643620, 0.070092, 6.372763
6.645824, 0.070092, 6.372763
6.648125, 0.070092, 6.372763
6.650612, 0.072641, 6.604489
6.653197, 0.070092, 6.372763
6.655784, 0.070092, 6.372763
6.658652, 0.072641, 6.604489
6.661579, 0.070092, 6.372763
6.664078, 0.070092, 6.372763
6.666554, 0.070092, 6.372763
6.669246, 0.070092, 6.372763
6.671704, 0.072641, 6.604489
6.674094, 0.070092, 6.372763
6.676464, 0.070092, 6.372763
6.679269, 0.070092, 6.372763
6.681769, 0.070092, 6.372763
6.684200, 0.072641, 6.604489
6.686998, 0.072641, 6.604489
6.689344, 0.070092, 6.372763
6.691618, 0.070092, 6.372763
6.693861, 0.072641, 6.604489
6.696071, 0.070092, 6.372763
6.698360, 0.070092, 6.372763
6.700802, 0.072641, 6.604489
6.703034, 0.072641, 6.604489
6.705192, 0.070092, 6.372763
6.707428, 0.070092, 6.372763
6.710549, 0.070092, 6.372763
6.714167, 0.072641, 6.604489
6.718035, 0.070092, 6.372763
6.721752, 0.070092, 6.372763
6.724497, 0.070092, 6.372763
6.726500, 0.070092, 6.372763
6.728651, 0.070092, 6.372763
6.733372, 0.070092, 6.372763
6.738226, 0.070092, 6.372763
6.741914, 0.070092, 6.372763
6.745014, 0.072641, 6.604489
6.747751, 0.072641, 6.604489
6.750944, 0.070092, 6.372763
6.753439, 0.070092, 6.372763
6.755726, 0.072641, 6.604489
6.757944, 0.070092, 6.372763
6.760186, 0.070092, 6.372763
6.762374, 0.070092, 6.372763
6.764530, 0.070092, 6.372763
6.766775, 0.070092, 6.372763
6.769064, 0.070092, 6.372763
6.771231, 0.072641, 6.604489
6.773375, 0.070092, 6.372763
6.775521, 0.070092, 6.372763
6.777668, 0.070092, 6.372763
6.779863, 0.070092, 6.372763
6.782246, 0.072641, 6.604489
6.784996, 0.070092, 6.372763
6.787409, 0.070092, 6.372763
6.790154, 0.070092, 6.372763
6.792964, 0.072641, 6.604489
6.796313, 0.070092, 6.372763
6.799036, 0.072641, 6.604489
6.801939, 0.072641, 6.604489
6.804430, 0.072641, 6.604489
6.806834, 0.070092, 6.372763
6.809340, 0.070092, 6.372763
6.813350, 0.070092, 6.372763
6.817710, 0.070092, 6.372763
6.819678, 0.070092, 6.372763
6.821353, 0.070092, 6.372763
6.823216, 0.070092, 6.372763
6.825224, 0.070092, 6.372763
6.827270, 0.072641, 6.604489
6.830222, 0.070092, 6.372763
6.834515, 0.072641, 6.604489
6.838710, 0.070092, 6.372763
6.843040, 0.070092, 6.372763
6.847674, 0.070092, 6.372763
6.852420, 0.070092, 6.372763
6.857159, 0.070092, 6.372763
6.861895, 0.070092, 6.372763
6.866654, 0.070092, 6.372763
6.871756, 0.070092, 6.372763
6.876782, 0.070092, 6.372763
6.881216, 0.070092, 6.372763
6.884270, 0.070092, 6.372763
6.886199, 0.070092, 6.372763
6.888090, 0.070092, 6.372763
6.890114, 0.070092, 6.372763
6.892303, 0.070092, 6.372763
6.894545, 0.072641, 6.604489
6.896970, 0.070092, 6.372763
6.899210, 0.070092, 6.372763
6.902874, 0.070092, 6.372763
6.907775, 0.070092, 6.372763
6.911634, 0.072641, 6.604489
6.915180, 0.072641, 6.604489
6.918712, 0.070092, 6.372763
6.922018, 0.070092, 6.372763
6.925230, 0.070092, 6.372763
6.928682, 0.070092, 6.372763
6.932074, 0.072641, 6.604489
6.935813, 0.070092, 6.372763
6.940078, 0.070092, 6.372763
6.943412, 0.070092, 6.372763
6.946524, 0.072641, 6.604489
6.948827, 0.070092, 6.372763
6.950821, 0.072641, 6.604489
6.952960, 0.070092, 6.372763
6.955263, 0.070092, 6.372763
6.957717, 0.070092, 6.372763
6.960000, 0.070092, 6.372763
6.961868, 0.070092, 6.372763
6.963875, 0.070092, 6.372763
6.966298, 0.072641, 6.604489
6.969870, 0.070092, 6.372763
6.973393, 0.072641, 6.604489
6.976679, 0.070092, 6.372763
6.980809, 0.070092, 6.372763
6.985141, 0.070092, 6.372763
6.988617, 0.070092, 6.372763
6.991931, 0.070092, 6.372763
6.995117, 0.070092, 6.372763
6.998142, 0.070092, 6.372763
7.000590, 0.070092, 6.372763
7.002380, 0.070092, 6.372763
7.004229, 0.070092, 6.372763
7.006274, 0.070092, 6.372763
7.008489, 0.070092, 6.372763
7.010604, 0.070092, 6.372763
7.013074, 0.070092, 6.372763
7.015211, 0.070092, 6.372763
7.017459, 0.070092, 6.372763
7.019747, 0.072641, 6.604489
7.022086, 0.070092, 6.372763
7.024515, 0.070092, 6.372763
7.027187, 0.070092, 6.372763
7.029779, 0.070092, 6.372763
7.032336, 0.072641, 6.604489
7.034859, 0.070092, 6.372763
7.037369, 0.070092, 6.372763
7.040022, 0.072641, 6.604489
7.042723, 0.070092, 6.372763
7.045487, 0.070092, 6.372763
7.048472, 0.070092, 6.372763
7.053217, 0.070092, 6.372763
7.058542, 0.070092, 6.372763
7.062897, 0.070092, 6.372763
7.067092, 0.070092, 6.372763
7.071336, 0.070092, 6.372763
7.075134, 0.070092, 6.372763
7.079056, 0.070092, 6.372763
7.083007, 0.070092, 6.372763
7.086489, 0.070092, 6.372763
7.090077, 0.070092, 6.372763
7.093369, 0.070092, 6.372763
7.096422, 0.070092, 6.372763
7.099250, 0.070092, 6.372763
7.102021, 0.070092, 6.372763
7.104810, 0.070092, 6.372763
7.107401, 0.070092, 6.372763
7.110641, 0.070092, 6.372763
7.112806, 0.070092, 6.372763
7.114705, 0.070092, 6.372763
7.117143, 0.072641, 6.604489
7.124389, 0.072641, 6.604489
7.129936, 0.070092, 6.372763
7.133613, 0.070092, 6.372763
7.138027, 0.070092, 6.372763
7.142460, 0.070092, 6.372763
7.146073, 0.072641, 6.604489
7.149558, 0.070092, 6.372763
7.152789, 0.070092, 6.372763
7.155884, 0.070092, 6.372763
7.158807, 0.070092, 6.372763
7.161572, 0.070092, 6.372763
7.164186, 0.070092, 6.372763
7.166675, 0.070092, 6.372763
7.169249, 0.070092, 6.372763
7.171594, 0.070092, 6.372763
7.173876, 0.070092, 6.372763
7.176134, 0.070092, 6.372763
7.178492, 0.070092, 6.372763
7.180891, 0.070092, 6.372763
7.183267, 0.070092, 6.372763
7.185608, 0.070092, 6.372763
7.187976, 0.070092, 6.372763
7.191205, 0.070092, 6.372763
7.195082, 0.070092, 6.372763
7.198572, 0.070092, 6.372763
7.202053, 0.070092, 6.372763
7.204376, 0.070092, 6.372763
7.206380, 0.070092, 6.372763
7.208397, 0.072641, 6.604489
7.210576, 0.070092, 6.372763
7.212939, 0.070092, 6.372763
7.215339, 0.070092, 6.372763
7.217848, 0.070092, 6.372763
7.221825, 0.070092, 6.372763
7.225294, 0.070092, 6.372763
7.228632, 0.070092, 6.372763
7.231925, 0.072641, 6.604489
7.234917, 0.072641, 6.604489
7.237797, 0.070092, 6.372763
7.241186, 0.070092, 6.372763
7.245095, 0.070092, 6.372763
7.248686, 0.070092, 6.372763
7.252739, 0.070092, 6.372763
7.258021, 0.070092, 6.372763
7.262921, 0.072641, 6.604489
7.267291, 0.070092, 6.372763
7.271292, 0.070092, 6.372763
7.275074, 0.072641, 6.604489
7.278548, 0.070092, 6.372763
7.281882, 0.070092, 6.372763
7.285005, 0.070092, 6.372763
7.288078, 0.070092, 6.372763
7.291513, 0.070092, 6.372763
7.295386, 0.070092, 6.372763
7.299233, 0.070092, 6.372763
7.302431, 0.070092, 6.372763
7.305392, 0.070092, 6.372763
7.308221, 0.070092, 6.372763
7.310999, 0.070092, 6.372763
7.314100, 0.070092, 6.372763
7.316618, 0.070092, 6.372763
7.319109, 0.070092, 6.372763
7.322144, 0.070092, 6.372763
7.324844, 0.070092, 6.372763
7.327187, 0.070092, 6.372763
7.329712, 0.072641, 6.604489
7.332262, 0.070092, 6.372763
7.334784, 0.070092, 6.372763
7.337244, 0.070092, 6.372763
7.339667, 0.070092, 6.372763
7.342125, 0.070092, 6.372763
7.344991, 0.070092, 6.372763
7.347405, 0.070092, 6.372763
7.349887, 0.070092, 6.372763
7.352543, 0.070092, 6.372763
7.355057, 0.070092, 6.372763
7.357498, 0.070092, 6.372763
7.360312, 0.070092, 6.372763
7.363866, 0.070092, 6.372763
7.367075, 0.070092, 6.372763
7.368794, 0.072641, 6.604489
7.370757, 0.072641, 6.604489
7.372971, 0.070092, 6.372763
7.375406, 0.070092, 6.372763
7.377797, 0.070092, 6.372763
7.380184, 0.070092, 6.372763
7.382604, 0.070092, 6.372763
7.385030, 0.070092, 6.372763
7.386978, 0.070092, 6.372763
7.388852, 0.070092, 6.372763
7.390845, 0.070092, 6.372763
7.393090, 0.072641, 6.604489
7.395536, 0.070092, 6.372763
7.398176, 0.070092, 6.372763
7.401642, 0.072641, 6.604489
7.404561, 0.070092, 6.372763
7.406362, 0.070092, 6.372763
7.408120, 0.072641, 6.604489
7.409967, 0.070092, 6.372763
7.412122, 0.070092, 6.372763
7.414363, 0.070092, 6.372763
7.416696, 0.070092, 6.372763
7.418712, 0.070092, 6.372763
7.421527, 0.070092, 6.372763
7.423764, 0.070092, 6.372763
7.425949, 0.070092, 6.372763
7.428108, 0.070092, 6.372763
7.430335, 0.070092, 6.372763
7.432687, 0.070092, 6.372763
7.435163, 0.070092, 6.372763
7.437684, 0.070092, 6.372763
7.440029, 0.070092, 6.372763
7.442572, 0.072641, 6.604489
7.444590, 0.070092, 6.372763
7.446472, 0.072641, 6.604489
7.448661, 0.070092, 6.372763
7.451653, 0.070092, 6.372763
7.454582, 0.070092, 6.372763
7.457422, 0.070092, 6.372763
7.460277, 0.070092, 6.372763
7.463418, 0.072641, 6.604489
7.466024, 0.070092, 6.372763
7.468600, 0.070092, 6.372763
7.471096, 0.070092, 6.372763
7.473515, 0.070092, 6.372763
7.475929, 0.070092, 6.372763
7.478272, 0.070092, 6.372763
7.480747, 0.070092, 6.372763
7.483694, 0.072641, 6.604489
7.486338, 0.070092, 6.372763
7.489062, 0.070092, 6.372763
7.491681, 0.070092, 6.372763
7.494124, 0.070092, 6.372763
7.496515, 0.070092, 6.372763
7.498877, 0.072641, 6.604489
7.501566, 0.070092, 6.372763
7.504543, 0.070092, 6.372763
7.507596, 0.070092, 6.372763
7.510643, 0.070092, 6.372763
7.513249, 0.070092, 6.372763
7.515765, 0.070092, 6.372763
7.518336, 0.070092, 6.372763
7.520823, 0.072641, 6.604489
7.523248, 0.070092, 6.372763
7.525647, 0.070092, 6.372763
7.528053, 0.070092, 6.372763
7.530459, 0.070092, 6.372763
7.533086, 0.072641, 6.604489
7.535561, 0.070092, 6.372763
7.537957, 0.070092, 6.372763
7.540373, 0.072641, 6.604489
7.543064, 0.070092, 6.372763
7.545496, 0.070092, 6.372763
7.547889, 0.070092, 6.372763
7.550759, 0.070092, 6.372763
7.553195, 0.070092, 6.372763
7.555514, 0.070092, 6.372763
7.557803, 0.070092, 6.372763
7.560076, 0.070092, 6.372763
7.562545, 0.070092, 6.372763
7.564873, 0.070092, 6.372763
7.567314, 0.070092, 6.372763
7.569599, 0.070092, 6.372763
7.572712, 0.070092, 6.372763
7.575323, 0.070092, 6.372763
7.577674, 0.072641, 6.604489
7.580009, 0.072641, 6.604489
7.582367, 0.070092, 6.372763
7.584796, 0.070092, 6.372763
7.587365, 0.070092, 6.372763
7.590090, 0.070092, 6.372763
7.592965, 0.070092, 6.372763
7.595816, 0.070092, 6.372763
7.598700, 0.070092, 6.372763
7.601689, 0.070092, 6.372763
7.604602, 0.070092, 6.372763
7.607510, 0.070092, 6.372763
7.610272, 0.070092, 6.372763
7.612979, 0.070092, 6.372763
7.615582, 0.072641, 6.604489
7.618112, 0.070092, 6.372763
7.620608, 0.070092, 6.372763
7.622951, 0.070092, 6.372763
7.625258, 0.070092, 6.372763
7.627525, 0.070092, 6.372763
7.629765, 0.070092, 6.372763
7.631982, 0.070092, 6.372763
7.634267, 0.070092, 6.372763
7.636492, 0.070092, 6.372763
7.638696, 0.070092, 6.372763
7.640882, 0.072641, 6.604489
7.643034, 0.070092, 6.372763
7.645773, 0.070092, 6.372763
7.648060, 0.070092, 6.372763
7.650317, 0.070092, 6.372763
7.652591, 0.070092, 6.372763
7.655141, 0.070092, 6.372763
7.658462, 0.070092, 6.372763
7.660160, 0.070092, 6.372763
7.661823, 0.070092, 6.372763
7.663776, 0.070092, 6.372763
7.666057, 0.070092, 6.372763
7.667715, 0.070092, 6.372763
7.669758, 0.070092, 6.372763
7.672544, 0.072641, 6.604489
7.675668, 0.070092, 6.372763
7.678789, 0.070092, 6.372763
7.681819, 0.070092, 6.372763
7.685151, 0.067543, 6.141037
7.686913, 0.070092, 6.372763
7.689199, 0.070092, 6.372763
7.691152, 0.070092, 6.372763
7.693097, 0.070092, 6.372763
7.695499, 0.070092, 6.372763
7.698038, 0.070092, 6.372763
7.700642, 0.070092, 6.372763
7.703230, 0.070092, 6.372763
7.706065, 0.070092, 6.372763
7.707654, 0.070092, 6.372763
7.709233, 0.070092, 6.372763
7.711044, 0.070092, 6.372763
7.712942, 0.070092, 6.372763
7.714944, 0.070092, 6.372763
7.717442, 0.070092, 6.372763
7.719684, 0.070092, 6.372763
7.721333, 0.070092, 6.372763
7.723248, 0.070092, 6.372763
7.725535, 0.070092, 6.372763
7.728065, 0.070092, 6.372763
7.730396, 0.070092, 6.372763
7.732757, 0.070092, 6.372763
7.735188, 0.070092, 6.372763
7.738255, 0.070092, 6.372763
7.740925, 0.070092, 6.372763
7.743689, 0.070092, 6.372763
7.746632, 0.070092, 6.372763
7.749275, 0.070092, 6.372763
7.751726, 0.070092, 6.372763
7.754104, 0.072641, 6.604489
7.756480, 0.070092, 6.372763
7.758753, 0.070092, 6.372763
7.761015, 0.070092, 6.372763
7.763203, 0.070092, 6.372763
7.765377, 0.070092, 6.372763
7.767626, 0.070092, 6.372763
7.769750, 0.070092, 6.372763
7.771868, 0.070092, 6.372763
7.773988, 0.070092, 6.372763
7.776151, 0.070092, 6.372763
7.778357, 0.070092, 6.372763
7.780539, 0.072641, 6.604489
7.782663, 0.070092, 6.372763
7.784883, 0.070092, 6.372763
7.787264, 0.070092, 6.372763
7.790514, 0.070092, 6.372763
7.793720, 0.070092, 6.372763
7.797121, 0.070092, 6.372763
7.799850, 0.070092, 6.372763
7.802683, 0.070092, 6.372763
7.805351, 0.070092, 6.372763
7.808045, 0.070092, 6.372763
7.810568, 0.070092, 6.372763
7.813845, 0.070092, 6.372763
7.817231, 0.070092, 6.372763
7.820219, 0.070092, 6.372763
7.824694, 0.070092, 6.372763
7.828618, 0.070092, 6.372763
7.832096, 0.070092, 6.372763
7.835365, 0.070092, 6.372763
7.838703, 0.070092, 6.372763
7.841483, 0.070092, 6.372763
7.844150, 0.070092, 6.372763
7.846705, 0.070092, 6.372763
7.849255, 0.070092, 6.372763
7.851688, 0.070092, 6.372763
7.853874, 0.070092, 6.372763
7.856006, 0.070092, 6.372763
7.858205, 0.070092, 6.372763
7.860275, 0.070092, 6.372763
7.862353, 0.070092, 6.372763
7.864432, 0.070092, 6.372763
7.866503, 0.070092, 6.372763
7.868711, 0.070092, 6.372763
7.870795, 0.070092, 6.372763
7.872903, 0.070092, 6.372763
7.875064, 0.070092, 6.372763
7.877458, 0.070092, 6.372763
7.880167, 0.070092, 6.372763
7.882836, 0.070092, 6.372763
7.885382, 0.070092, 6.372763
7.887802, 0.070092, 6.372763
7.890506, 0.070092, 6.372763
7.893260, 0.070092, 6.372763
7.895909, 0.070092, 6.372763
7.898490, 0.070092, 6.372763
7.900989, 0.070092, 6.372763
7.903392, 0.070092, 6.372763
7.905696, 0.070092, 6.372763
7.907971, 0.070092, 6.372763
7.910237, 0.070092, 6.372763
7.912387, 0.070092, 6.372763
7.914664, 0.070092, 6.372763
7.916894, 0.067543, 6.141037
7.919745, 0.072641, 6.604489
7.921901, 0.070092, 6.372763
7.923743, 0.067543, 6.141037
7.925680, 0.070092, 6.372763
7.927749, 0.070092, 6.372763
7.930743, 0.070092, 6.372763
7.933076, 0.070092, 6.372763
7.937868, 0.070092, 6.372763
7.942029, 0.070092, 6.372763
7.946056, 0.070092, 6.372763
7.948995, 0.070092, 6.372763
7.951575, 0.070092, 6.372763
7.953660, 0.070092, 6.372763
7.955895, 0.070092, 6.372763
7.958076, 0.070092, 6.372763
7.960786, 0.070092, 6.372763
7.963382, 0.070092, 6.372763
7.965239, 0.070092, 6.372763
7.967407, 0.070092, 6.372763
7.969613, 0.070092, 6.372763
7.971911, 0.070092, 6.372763
7.974095, 0.072641, 6.604489
7.976534, 0.070092, 6.372763
7.979148, 0.070092, 6.372763
7.981343, 0.070092, 6.372763
7.983591, 0.070092, 6.372763
7.985774, 0.070092, 6.372763
7.988418, 0.070092, 6.372763
7.990677, 0.070092, 6.372763
7.992984, 0.070092, 6.372763
7.995144, 0.070092, 6.372763
7.997291, 0.070092, 6.372763
7.999636, 0.072641, 6.604489
8.002740, 0.070092, 6.372763
8.004661, 0.070092, 6.372763
8.006501, 0.067543, 6.141037
8.009425, 0.070092, 6.372763
8.014052, 0.070092, 6.372763
8.018374, 0.070092, 6.372763
8.020716, 0.070092, 6.372763
8.022953, 0.070092, 6.372763
8.024821, 0.070092, 6.372763
8.026570, 0.067543, 6.141037
8.029721, 0.070092, 6.372763
8.032655, 0.070092, 6.372763
8.035737, 0.070092, 6.372763
8.037644, 0.070092, 6.372763
8.041009, 0.070092, 6.372763
8.042762, 0.070092, 6.372763
8.044540, 0.070092, 6.372763
8.046695, 0.070092, 6.372763
8.051018, 0.070092, 6.372763
8.056013, 0.070092, 6.372763
8.060009, 0.070092, 6.372763
8.063269, 0.070092, 6.372763
8.064986, 0.070092, 6.372763
8.067654, 0.070092, 6.372763
8.069400, 0.070092, 6.372763
8.071239, 0.070092, 6.372763
8.073087, 0.070092, 6.372763
8.075191, 0.070092, 6.372763
8.077580, 0.070092, 6.372763
8.080996, 0.070092, 6.372763
8.083355, 0.070092, 6.372763
8.086213, 0.067543, 6.141037
8.088153, 0.070092, 6.372763
8.091440, 0.070092, 6.372763
8.095604, 0.067543, 6.141037
8.099155, 0.070092, 6.372763
8.102382, 0.070092, 6.372763
8.104702, 0.070092, 6.372763
8.106715, 0.067543, 6.141037
8.108519, 0.070092, 6.372763
8.110692, 0.070092, 6.372763
8.113085, 0.070092, 6.372763
8.115375, 0.070092, 6.372763
8.117722, 0.070092, 6.372763
8.120177, 0.070092, 6.372763
8.122703, 0.070092, 6.372763
8.125083, 0.070092, 6.372763
8.127334, 0.070092, 6.372763
8.129623, 0.070092, 6.372763
8.133203, 0.070092, 6.372763
8.135558, 0.070092, 6.372763
8.137721, 0.070092, 6.372763
8.139970, 0.070092, 6.372763
8.144455, 0.070092, 6.372763
8.148897, 0.070092, 6.372763
8.153032, 0.067543, 6.141037
8.154922, 0.070092, 6.372763
8.156594, 0.070092, 6.372763
8.158252, 0.067543, 6.141037
8.160227, 0.067543, 6.141037
8.162491, 0.070092, 6.372763
8.164309, 0.067543, 6.141037
8.166057, 0.070092, 6.372763
8.168168, 0.070092, 6.372763
8.170545, 0.070092, 6.372763
8.172984, 0.070092, 6.372763
8.175456, 0.070092, 6.372763
8.177987, 0.070092, 6.372763
8.180387, 0.070092, 6.372763
8.182889, 0.070092, 6.372763
8.185596, 0.070092, 6.372763
8.188032, 0.070092, 6.372763
8.190378, 0.067543, 6.141037
8.192933, 0.070092, 6.372763
8.196409, 0.070092, 6.372763
8.198861, 0.070092, 6.372763
8.201181, 0.067543, 6.141037
8.203353, 0.070092, 6.372763
8.205544, 0.070092, 6.372763
8.207821, 0.070092, 6.372763
8.210157, 0.070092, 6.372763
8.212763, 0.070092, 6.372763
8.215417, 0.070092, 6.372763
8.218338, 0.070092, 6.372763
8.221111, 0.070092, 6.372763
8.224079, 0.070092, 6.372763
8.226622, 0.070092, 6.372763
8.229092, 0.070092, 6.372763
8.231528, 0.070092, 6.372763
8.233802, 0.067543, 6.141037
8.236169, 0.070092, 6.372763
8.238505, 0.070092, 6.372763
8.240708, 0.070092, 6.372763
8.242886, 0.067543, 6.141037
8.245562, 0.070092, 6.372763
8.247930, 0.070092, 6.372763
8.250249, 0.070092, 6.372763
8.252494, 0.070092, 6.372763
8.255605, 0.070092, 6.372763
8.257524, 0.070092, 6.372763
8.259472, 0.070092, 6.372763
8.261407, 0.067543, 6.141037
8.263582, 0.070092, 6.372763
8.265971, 0.070092, 6.372763
8.269429, 0.070092, 6.372763
8.271990, 0.070092, 6.372763
8.274179, 0.070092, 6.372763
8.276421, 0.070092, 6.372763
8.278414, 0.067543, 6.141037
8.280649, 0.070092, 6.372763
8.282793, 0.070092, 6.372763
8.285331, 0.070092, 6.372763
8.287624, 0.070092, 6.372763
8.289938, 0.070092, 6.372763
8.292154, 0.070092, 6.372763
8.294673, 0.070092, 6.372763
8.297099, 0.070092, 6.372763
8.299336, 0.070092, 6.372763
8.302883, 0.070092, 6.372763
8.304900, 0.070092, 6.372763
8.306887, 0.070092, 6.372763
8.309060, 0.070092, 6.372763
8.311323, 0.067543, 6.141037
8.313655, 0.070092, 6.372763
8.316301, 0.070092, 6.372763
8.320281, 0.070092, 6.372763
8.321956, 0.070092, 6.372763
8.323880, 0.070092, 6.372763
8.325864, 0.070092, 6.372763
8.329439, 0.070092, 6.372763
8.333501, 0.070092, 6.372763
8.337239, 0.070092, 6.372763
8.339024, 0.070092, 6.372763
8.340644, 0.070092, 6.372763
8.342443, 0.070092, 6.372763
8.344356, 0.070092, 6.372763
8.346466, 0.070092, 6.372763
8.348342, 0.070092, 6.372763
8.350319, 0.070092, 6.372763
8.352279, 0.070092, 6.372763
8.354403, 0.067543, 6.141037
8.356797, 0.070092, 6.372763
8.359576, 0.070092, 6.372763
8.362886, 0.070092, 6.372763
8.366640, 0.070092, 6.372763
8.368921, 0.070092, 6.372763
8.371290, 0.070092, 6.372763
8.373246, 0.070092, 6.372763
8.375136, 0.070092, 6.372763
8.377470, 0.067543, 6.141037
8.380022, 0.070092, 6.372763
8.382617, 0.067543, 6.141037
8.385755, 0.070092, 6.372763
8.388482, 0.067543, 6.141037
8.390372, 0.070092, 6.372763
8.391935, 0.070092, 6.372763
8.393615, 0.070092, 6.372763
8.395440, 0.070092, 6.372763
8.397642, 0.070092, 6.372763
8.400564, 0.067543, 6.141037
8.403113, 0.070092, 6.372763
8.405700, 0.070092, 6.372763
8.408227, 0.070092, 6.372763
8.409904, 0.070092, 6.372763
8.411678, 0.070092, 6.372763
8.413732, 0.070092, 6.372763
8.417092, 0.070092, 6.372763
8.421335, 0.070092, 6.372763
8.429099, 0.070092, 6.372763
8.434108, 0.070092, 6.372763
8.437108, 0.070092, 6.372763
8.439923, 0.067543, 6.141037
8.441894, 0.070092, 6.372763
8.443834, 0.070092, 6.372763
8.445815, 0.070092, 6.372763
8.447838, 0.070092, 6.372763
8.450423, 0.070092, 6.372763
8.452767, 0.067543, 6.141037
8.455415, 0.070092, 6.372763
8.458043, 0.070092, 6.372763
8.460963, 0.067543, 6.141037
8.463901, 0.070092, 6.372763
8.466776, 0.070092, 6.372763
8.469587, 0.070092, 6.372763
8.472309, 0.070092, 6.372763
8.475068, 0.070092, 6.372763
8.477899, 0.070092, 6.372763
8.480611, 0.070092, 6.372763
8.483329, 0.070092, 6.372763
8.485781, 0.070092, 6.372763
8.487476, 0.070092, 6.372763
8.489488, 0.067543, 6.141037
8.492170, 0.067543, 6.141037
8.494768, 0.070092, 6.372763
8.497396, 0.070092, 6.372763
8.500219, 0.067543, 6.141037
8.502969, 0.067543, 6.141037
8.505841, 0.067543, 6.141037
8.508969, 0.070092, 6.372763
8.513173, 0.070092, 6.372763
8.516924, 0.070092, 6.372763
8.522275, 0.067543, 6.141037
8.527746, 0.070092, 6.372763
8.532491, 0.067543, 6.141037
8.537930, 0.067543, 6.141037
8.540201, 0.070092, 6.372763
8.542073, 0.067543, 6.141037
8.544035, 0.070092, 6.372763
8.546150, 0.067543, 6.141037
8.548355, 0.070092, 6.372763
8.550780, 0.070092, 6.372763
8.553137, 0.070092, 6.372763
8.555460, 0.070092, 6.372763
8.557810, 0.070092, 6.372763
8.560141, 0.070092, 6.372763
8.563038, 0.070092, 6.372763
8.565466, 0.070092, 6.372763
8.567908, 0.067543, 6.141037
8.570878, 0.070092, 6.372763
8.573313, 0.070092, 6.372763
8.575671, 0.067543, 6.141037
8.578020, 0.070092, 6.372763
8.580377, 0.070092, 6.372763
8.582772, 0.070092, 6.372763
8.585030, 0.070092, 6.372763
8.586676, 0.070092, 6.372763
8.588564, 0.070092, 6.372763
8.590752, 0.070092, 6.372763
8.593788, 0.067543, 6.141037
8.597177, 0.070092, 6.372763
8.600413, 0.070092, 6.372763
8.602657, 0.070092, 6.372763
8.604817, 0.070092, 6.372763
8.606693, 0.070092, 6.372763
8.608564, 0.070092, 6.372763
8.610694, 0.067543, 6.141037
8.613447, 0.070092, 6.372763
8.617050, 0.070092, 6.372763
8.620272, 0.067543, 6.141037
8.623549, 0.070092, 6.372763
8.626518, 0.070092, 6.372763
8.629949, 0.067543, 6.141037
8.633538, 0.070092, 6.372763
8.635784, 0.070092, 6.372763
8.637787, 0.070092, 6.372763
8.639425, 0.067543, 6.141037
8.641169, 0.070092, 6.372763
8.643180, 0.067543, 6.141037
8.645278, 0.070092, 6.372763
8.646931, 0.070092, 6.372763
8.649135, 0.070092, 6.372763
8.652687, 0.070092, 6.372763
8.656439, 0.070092, 6.372763
8.659388, 0.070092, 6.372763
8.662215, 0.070092, 6.372763
8.665431, 0.070092, 6.372763
8.668185, 0.070092, 6.372763
8.671071, 0.070092, 6.372763
8.673820, 0.070092, 6.372763
8.675816, 0.070092, 6.372763
8.677524, 0.067543, 6.141037
8.679301, 0.070092, 6.372763
8.681351, 0.070092, 6.372763
8.683601, 0.070092, 6.372763
8.685927, 0.070092, 6.372763
8.688222, 0.070092, 6.372763
8.690670, 0.070092, 6.372763
8.693550, 0.070092, 6.372763
8.696290, 0.067543, 6.141037
8.700893, 0.070092, 6.372763
8.704746, 0.070092, 6.372763
8.706364, 0.067543, 6.141037
8.708152, 0.070092, 6.372763
8.710209, 0.070092, 6.372763
8.712428, 0.070092, 6.372763
8.715122, 0.070092, 6.372763
8.720046, 0.067543, 6.141037
8.724408, 0.070092, 6.372763
8.728610, 0.070092, 6.372763
8.731180, 0.070092, 6.372763
8.734125, 0.070092, 6.372763
8.737027, 0.070092, 6.372763
8.739536, 0.070092, 6.372763
8.741929, 0.070092, 6.372763
8.744321, 0.067543, 6.141037
8.746778, 0.070092, 6.372763
8.749500, 0.070092, 6.372763
8.752646, 0.070092, 6.372763
8.755775, 0.070092, 6.372763
8.758728, 0.070092, 6.372763
8.761027, 0.067543, 6.141037
8.763685, 0.070092, 6.372763
8.767312, 0.070092, 6.372763
8.770485, 0.070092, 6.372763
8.773362, 0.070092, 6.372763
8.776298, 0.070092, 6.372763
8.778993, 0.070092, 6.372763
8.781625, 0.070092, 6.372763
8.784583, 0.067543, 6.141037
8.787516, 0.067543, 6.141037
8.790380, 0.070092, 6.372763
8.793353, 0.067543, 6.141037
8.796637, 0.070092, 6.372763
8.800275, 0.070092, 6.372763
8.803638, 0.070092, 6.372763
8.806689, 0.070092, 6.372763
8.809627, 0.070092, 6.372763
8.813581, 0.070092, 6.372763
8.818971, 0.070092, 6.372763
8.823275, 0.070092, 6.372763
8.827066, 0.067543, 6.141037
8.830457, 0.070092, 6.372763
8.834128, 0.067543, 6.141037
8.837470, 0.067543, 6.141037
8.840647, 0.070092, 6.372763
8.843968, 0.070092, 6.372763
8.847265, 0.070092, 6.372763
8.850985, 0.070092, 6.372763
8.855393, 0.070092, 6.372763
8.858946, 0.067543, 6.141037
8.862244, 0.067543, 6.141037
8.865749, 0.070092, 6.372763
8.869828, 0.070092, 6.372763
8.873537, 0.067543, 6.141037
8.877163, 0.070092, 6.372763
8.880721, 0.070092, 6.372763
8.885024, 0.067543, 6.141037
8.888694, 0.067543, 6.141037
8.892154, 0.070092, 6.372763
8.895595, 0.070092, 6.372763
8.898466, 0.070092, 6.372763
8.905103, 0.070092, 6.372763
8.911454, 0.070092, 6.372763
8.915548, 0.070092, 6.372763
8.919583, 0.067543, 6.141037
8.923848, 0.070092, 6.372763
8.928022, 0.070092, 6.372763
8.931723, 0.070092, 6.372763
8.935244, 0.070092, 6.372763
8.938479, 0.070092, 6.372763
8.941506, 0.070092, 6.372763
8.944277, 0.070092, 6.372763
8.947046, 0.070092, 6.372763
8.949636, 0.067543, 6.141037
8.952170, 0.067543, 6.141037
8.954628, 0.070092, 6.372763
8.957122, 0.070092, 6.372763
8.959588, 0.067543, 6.141037
8.962033, 0.067543, 6.141037
8.964539, 0.067543, 6.141037
8.967947, 0.070092, 6.372763
8.970899, 0.067543, 6.141037
8.974097, 0.070092, 6.372763
8.977356, 0.070092, 6.372763
8.980661, 0.070092, 6.372763
8.984138, 0.070092, 6.372763
8.987695, 0.070092, 6.372763
8.991239, 0.067543, 6.141037
8.994442, 0.070092, 6.372763
8.997560, 0.070092, 6.372763
9.000721, 0.070092, 6.372763
9.004199, 0.067543, 6.141037
9.007425, 0.067543, 6.141037
9.010421, 0.067543, 6.141037
9.013225, 0.070092, 6.372763
9.015908, 0.067543, 6.141037
9.018749, 0.070092, 6.372763
9.021249, 0.070092, 6.372763
9.023660, 0.070092, 6.372763
9.026086, 0.070092, 6.372763
9.028464, 0.070092, 6.372763
9.031065, 0.070092, 6.372763
9.034116, 0.067543, 6.141037
9.037128, 0.067543, 6.141037
9.040109, 0.070092, 6.372763
9.043061, 0.067543, 6.141037
9.046162, 0.070092, 6.372763
9.049196, 0.067543, 6.141037
9.053086, 0.070092, 6.372763
9.057045, 0.070092, 6.372763
9.060777, 0.070092, 6.372763
9.064467, 0.067543, 6.141037
9.068091, 0.067543, 6.141037
9.072031, 0.070092, 6.372763
9.076309, 0.070092, 6.372763
9.081389, 0.067543, 6.141037
9.086143, 0.070092, 6.372763
9.089813, 0.070092, 6.372763
9.093261, 0.070092, 6.372763
9.096535, 0.067543, 6.141037
9.099599, 0.070092, 6.372763
9.102668, 0.070092, 6.372763
9.106332, 0.070092, 6.372763
9.109417, 0.067543, 6.141037
9.112451, 0.070092, 6.372763
9.115400, 0.067543, 6.141037
9.118294, 0.067543, 6.141037
9.121127, 0.070092, 6.372763
9.123892, 0.070092, 6.372763
9.127035, 0.070092, 6.372763
9.129143, 0.067543, 6.141037
9.131177, 0.067543, 6.141037
9.133176, 0.067543, 6.141037
9.135705, 0.067543, 6.141037
9.138419, 0.067543, 6.141037
9.141532, 0.067543, 6.141037
9.145264, 0.070092, 6.372763
9.149067, 0.067543, 6.141037
9.152654, 0.067543, 6.141037
9.156888, 0.070092, 6.372763
9.161739, 0.070092, 6.372763
9.165637, 0.070092, 6.372763
9.169267, 0.067543, 6.141037
9.172488, 0.067543, 6.141037
9.175507, 0.067543, 6.141037
9.178354, 0.070092, 6.372763
9.181257, 0.070092, 6.372763
9.184456, 0.070092, 6.372763
9.187376, 0.067543, 6.141037
9.189441, 0.070092, 6.372763
9.191560, 0.067543, 6.141037
9.193781, 0.070092, 6.372763
9.196375, 0.070092, 6.372763
9.199473, 0.070092, 6.372763
9.202406, 0.070092, 6.372763
9.205204, 0.070092, 6.372763
9.207971, 0.070092, 6.372763
9.210597, 0.070092, 6.372763
9.213166, 0.070092, 6.372763
9.215696, 0.070092, 6.372763
9.218506, 0.070092, 6.372763
9.220249, 0.070092, 6.372763
9.222046, 0.070092, 6.372763
9.224055, 0.067543, 6.141037
9.225938, 0.070092, 6.372763
9.227750, 0.070092, 6.372763
9.229963, 0.067543, 6.141037
9.232617, 0.070092, 6.372763
9.235407, 0.067543, 6.141037
9.239787, 0.067543, 6.141037
9.244222, 0.067543, 6.141037
9.249292, 0.067543, 6.141037
9.254120, 0.067543, 6.141037
9.258969, 0.070092, 6.372763
9.262478, 0.070092, 6.372763
9.264926, 0.070092, 6.372763
9.267137, 0.067543, 6.141037
9.269214, 0.067543, 6.141037
9.271396, 0.070092, 6.372763
9.273913, 0.070092, 6.372763
9.277347, 0.070092, 6.372763
9.281122, 0.067543, 6.141037
9.285052, 0.070092, 6.372763
9.288783, 0.070092, 6.372763
9.292230, 0.067543, 6.141037
9.295425, 0.070092, 6.372763
9.298460, 0.070092, 6.372763
9.301523, 0.070092, 6.372763
9.304400, 0.070092, 6.372763
9.307309, 0.070092, 6.372763
9.310145, 0.067543, 6.141037
9.312769, 0.070092, 6.372763
9.315442, 0.067543, 6.141037
9.318136, 0.070092, 6.372763
9.320664, 0.067543, 6.141037
9.323214, 0.067543, 6.141037
9.325691, 0.067543, 6.141037
9.328495, 0.070092, 6.372763
9.331493, 0.070092, 6.372763
9.334159, 0.070092, 6.372763
9.336794, 0.070092, 6.372763
9.339921, 0.070092, 6.372763
9.342481, 0.067543, 6.141037
9.344938, 0.067543, 6.141037
9.347320, 0.070092, 6.372763
9.350533, 0.067543, 6.141037
9.353545, 0.067543, 6.141037
9.356395, 0.067543, 6.141037
9.359172, 0.067543, 6.141037
9.361895, 0.067543, 6.141037
9.364519, 0.067543, 6.141037
9.367075, 0.070092, 6.372763
9.369783, 0.067543, 6.141037
9.372512, 0.070092, 6.372763
9.375184, 0.067543, 6.141037
9.377790, 0.070092, 6.372763
9.380404, 0.067543, 6.141037
9.382869, 0.067543, 6.141037
9.385330, 0.067543, 6.141037
9.387774, 0.067543, 6.141037
9.390250, 0.067543, 6.141037
9.392781, 0.067543, 6.141037
9.395171, 0.070092, 6.372763
9.397559, 0.067543, 6.141037
9.401026, 0.070092, 6.372763
9.403399, 0.067543, 6.141037
9.405746, 0.070092, 6.372763
9.408036, 0.067543, 6.141037
9.410360, 0.067543, 6.141037
9.412793, 0.067543, 6.141037
9.415983, 0.070092, 6.372763
9.418161, 0.067543, 6.141037
9.419983, 0.070092, 6.372763
9.422122, 0.067543, 6.141037
9.424336, 0.070092, 6.372763
9.426769, 0.070092, 6.372763
9.429227, 0.070092, 6.372763
9.431876, 0.067543, 6.141037
9.433982, 0.067543, 6.141037
9.435970, 0.067543, 6.141037
9.438742, 0.067543, 6.141037
9.445169, 0.067543, 6.141037
9.449737, 0.070092, 6.372763
9.452518, 0.067543, 6.141037
9.455132, 0.067543, 6.141037
9.457277, 0.070092, 6.372763
9.459172, 0.070092, 6.372763
9.461173, 0.070092, 6.372763
9.463257, 0.067543, 6.141037
9.465294, 0.070092, 6.372763
9.467818, 0.067543, 6.141037
9.471038, 0.070092, 6.372763
9.474280, 0.070092, 6.372763
9.477495, 0.070092, 6.372763
9.481066, 0.067543, 6.141037
9.485753, 0.067543, 6.141037
9.489412, 0.070092, 6.372763
9.492693, 0.067543, 6.141037
9.494483, 0.067543, 6.141037
9.496264, 0.067543, 6.141037
9.498085, 0.067543, 6.141037
9.500102, 0.070092, 6.372763
9.502414, 0.070092, 6.372763
9.504685, 0.067543, 6.141037
9.506916, 0.070092, 6.372763
9.509212, 0.070092, 6.372763
9.511545, 0.070092, 6.372763
9.514000, 0.067543, 6.141037
9.516513, 0.070092, 6.372763
9.518967, 0.067543, 6.141037
9.521441, 0.067543, 6.141037
9.523892, 0.070092, 6.372763
9.526386, 0.070092, 6.372763
9.528108, 0.067543, 6.141037
9.530009, 0.070092, 6.372763
9.532509, 0.067543, 6.141037
9.535490, 0.070092, 6.372763
9.539438, 0.067543, 6.141037
9.543513, 0.070092, 6.372763
9.547343, 0.070092, 6.372763
9.551028, 0.067543, 6.141037
9.554500, 0.067543, 6.141037
9.557819, 0.067543, 6.141037
9.560904, 0.070092, 6.372763
9.563871, 0.067543, 6.141037
9.566407, 0.067543, 6.141037
9.568498, 0.070092, 6.372763
9.570375, 0.067543, 6.141037
9.572117, 0.067543, 6.141037
9.574028, 0.067543, 6.141037
9.576202, 0.067543, 6.141037
9.578402, 0.070092, 6.372763
9.580674, 0.067543, 6.141037
9.582366, 0.067543, 6.141037
9.584421, 0.070092, 6.372763
9.586747, 0.067543, 6.141037
9.589258, 0.067543, 6.141037
9.591730, 0.067543, 6.141037
9.594215, 0.070092, 6.372763
9.596762, 0.067543, 6.141037
9.599310, 0.070092, 6.372763
9.601810, 0.067543, 6.141037
9.604281, 0.070092, 6.372763
9.606771, 0.070092, 6.372763
9.610100, 0.067543, 6.141037
9.613140, 0.070092, 6.372763
9.615883, 0.067543, 6.141037
9.619041, 0.070092, 6.372763
9.621597, 0.070092, 6.372763
9.624033, 0.067543, 6.141037
9.626512, 0.067543, 6.141037
9.628847, 0.067543, 6.141037
9.631169, 0.067543, 6.141037
9.633646, 0.067543, 6.141037
9.636068, 0.070092, 6.372763
9.639832, 0.070092, 6.372763
9.641568, 0.067543, 6.141037
9.643117, 0.067543, 6.141037
9.644847, 0.067543, 6.141037
9.646850, 0.067543, 6.141037
9.648942, 0.067543, 6.141037
9.651157, 0.070092, 6.372763
9.653400, 0.067543, 6.141037
9.655538, 0.070092, 6.372763
9.657794, 0.067543, 6.141037
9.660063, 0.067543, 6.141037
9.662246, 0.070092, 6.372763
9.664401, 0.067543, 6.141037
9.666548, 0.067543, 6.141037
9.669758, 0.070092, 6.372763
9.671471, 0.067543, 6.141037
9.673319, 0.067543, 6.141037
9.675550, 0.067543, 6.141037
9.678280, 0.067543, 6.141037
9.682583, 0.067543, 6.141037
9.687738, 0.067543, 6.141037
9.689960, 0.067543, 6.141037
9.691562, 0.070092, 6.372763
9.693215, 0.067543, 6.141037
9.695225, 0.070092, 6.372763
9.697266, 0.070092, 6.372763
9.699642, 0.067543, 6.141037
9.702212, 0.067543, 6.141037
9.704524, 0.067543, 6.141037
9.706783, 0.067543, 6.141037
9.709067, 0.067543, 6.141037
9.711165, 0.067543, 6.141037
9.712927, 0.067543, 6.141037
9.715402, 0.067543, 6.141037
9.717742, 0.067543, 6.141037
9.720316, 0.070092, 6.372763
9.722539, 0.067543, 6.141037
9.724644, 0.067543, 6.141037
9.726899, 0.067543, 6.141037
9.729691, 0.067543, 6.141037
9.734135, 0.067543, 6.141037
9.736157, 0.070092, 6.372763
9.737827, 0.067543, 6.141037
9.739792, 0.067543, 6.141037
9.741901, 0.070092, 6.372763
9.746524, 0.067543, 6.141037
9.750545, 0.070092, 6.372763
9.754083, 0.070092, 6.372763
9.757138, 0.067543, 6.141037
9.759961, 0.067543, 6.141037
9.762601, 0.067543, 6.141037
9.765056, 0.070092, 6.372763
9.767468, 0.067543, 6.141037
9.769857, 0.067543, 6.141037
9.772165, 0.067543, 6.141037
9.774431, 0.067543, 6.141037
9.776687, 0.067543, 6.141037
9.778916, 0.067543, 6.141037
9.781199, 0.067543, 6.141037
9.783754, 0.067543, 6.141037
9.787000, 0.067543, 6.141037
9.790463, 0.070092, 6.372763
9.793925, 0.067543, 6.141037
9.797040, 0.067543, 6.141037
9.799952, 0.067543, 6.141037
9.802828, 0.067543, 6.141037
9.805396, 0.070092, 6.372763
9.809064, 0.067543, 6.141037
9.812864, 0.067543, 6.141037
9.817893, 0.070092, 6.372763
9.824237, 0.070092, 6.372763
9.830013, 0.067543, 6.141037
9.832507, 0.067543, 6.141037
9.834676, 0.067543, 6.141037
9.836883, 0.067543, 6.141037
9.839133, 0.067543, 6.141037
9.841566, 0.067543, 6.141037
9.844268, 0.067543, 6.141037
9.846953, 0.067543, 6.141037
9.849535, 0.067543, 6.141037
9.852116, 0.070092, 6.372763
9.855494, 0.067543, 6.141037
9.858674, 0.067543, 6.141037
9.861467, 0.067543, 6.141037
9.863977, 0.067543, 6.141037
9.867353, 0.067543, 6.141037
9.872326, 0.067543, 6.141037
9.877214, 0.067543, 6.141037
9.881810, 0.067543, 6.141037
9.886625, 0.067543, 6.141037
9.890630, 0.067543, 6.141037
9.894085, 0.067543, 6.141037
9.897310, 0.067543, 6.141037
9.900594, 0.067543, 6.141037
9.903967, 0.067543, 6.141037
9.907093, 0.067543, 6.141037
9.911090, 0.067543, 6.141037
9.915337, 0.070092, 6.372763
9.919524, 0.067543, 6.141037
9.923735, 0.067543, 6.141037
9.927584, 0.067543, 6.141037
9.931284, 0.067543, 6.141037
9.934374, 0.070092, 6.372763
9.937407, 0.067543, 6.141037
9.940276, 0.067543, 6.141037
9.943126, 0.067543, 6.141037
9.945897, 0.070092, 6.372763
9.948611, 0.067543, 6.141037
9.951233, 0.067543, 6.141037
9.953871, 0.067543, 6.141037
9.956442, 0.067543, 6.141037
9.958979, 0.070092, 6.372763
9.961458, 0.067543, 6.141037
9.963985, 0.067543, 6.141037
9.966495, 0.067543, 6.141037
9.969035, 0.070092, 6.372763
9.971557, 0.070092, 6.372763
9.974253, 0.067543, 6.141037
9.976368, 0.067543, 6.141037
9.978484, 0.067543, 6.141037
9.980936, 0.067543, 6.141037
9.984070, 0.067543, 6.141037
9.987480, 0.067543, 6.141037
9.990901, 0.067543, 6.141037
9.994387, 0.067543, 6.141037
9.997630, 0.067543, 6.141037
10.000758, 0.067543, 6.141037
10.003788, 0.067543, 6.141037
10.007064, 0.070092, 6.372763
10.010149, 0.067543, 6.141037
10.013150, 0.067543, 6.141037
10.016190, 0.067543, 6.141037
10.019347, 0.067543, 6.141037
10.023115, 0.067543, 6.141037
10.026377, 0.067543, 6.141037
10.029593, 0.070092, 6.372763
10.032818, 0.067543, 6.141037
10.036394, 0.067543, 6.141037
10.039568, 0.067543, 6.141037
10.042748, 0.067543, 6.141037
10.045862, 0.070092, 6.372763
10.048985, 0.067543, 6.141037
10.053733, 0.067543, 6.141037
10.058526, 0.067543, 6.141037
10.062352, 0.067543, 6.141037
10.065675, 0.067543, 6.141037
10.068834, 0.067543, 6.141037
10.070824, 0.070092, 6.372763
10.072754, 0.067543, 6.141037
10.074854, 0.067543, 6.141037
10.077263, 0.067543, 6.141037
10.079503, 0.067543, 6.141037
10.081361, 0.067543, 6.141037
10.084143, 0.067543, 6.141037
10.088676, 0.070092, 6.372763
10.093137, 0.067543, 6.141037
10.097234, 0.070092, 6.372763
10.101498, 0.067543, 6.141037
10.106955, 0.067543, 6.141037
10.112426, 0.070092, 6.372763
10.116404, 0.070092, 6.372763
10.120040, 0.067543, 6.141037
10.123517, 0.067543, 6.141037
10.126817, 0.067543, 6.141037
10.129898, 0.067543, 6.141037
10.132890, 0.070092, 6.372763
10.135764, 0.067543, 6.141037
10.138491, 0.067543, 6.141037
10.141179, 0.067543, 6.141037
10.143793, 0.070092, 6.372763
10.146373, 0.067543, 6.141037
10.148908, 0.070092, 6.372763
10.151824, 0.067543, 6.141037
10.154436, 0.067543, 6.141037
10.156973, 0.067543, 6.141037
10.159488, 0.067543, 6.141037
10.162252, 0.067543, 6.141037
10.164796, 0.067543, 6.141037
10.167360, 0.067543, 6.141037
10.169878, 0.067543, 6.141037
10.172644, 0.067543, 6.141037
10.175571, 0.067543, 6.141037
10.178538, 0.067543, 6.141037
10.181719, 0.067543, 6.141037
10.184612, 0.067543, 6.141037
10.187560, 0.067543, 6.141037
10.190485, 0.067543, 6.141037
10.193268, 0.070092, 6.372763
10.195934, 0.070092, 6.372763
10.198499, 0.067543, 6.141037
10.201093, 0.067543, 6.141037
10.203657, 0.067543, 6.141037
10.206169, 0.067543, 6.141037
10.208653, 0.067543, 6.141037
10.211163, 0.067543, 6.141037
10.213685, 0.067543, 6.141037
10.216207, 0.067543, 6.141037
10.218732, 0.067543, 6.141037
10.221297, 0.067543, 6.141037
10.223882, 0.067543, 6.141037
10.226344, 0.067543, 6.141037
10.228750, 0.067543, 6.141037
10.231114, 0.067543, 6.141037
10.233844, 0.067543, 6.141037
10.236193, 0.067543, 6.141037
10.238531, 0.067543, 6.141037
10.240859, 0.070092, 6.372763
10.243306, 0.067543, 6.141037
10.246061, 0.067543, 6.141037
10.249616, 0.070092, 6.372763
10.254623, 0.067543, 6.141037
10.261951, 0.067543, 6.141037
10.268600, 0.067543, 6.141037
10.272761, 0.067543, 6.141037
10.275080, 0.064994, 5.909310
10.277192, 0.067543, 6.141037
10.279269, 0.067543, 6.141037
10.281437, 0.067543, 6.141037
10.283721, 0.067543, 6.141037
10.286128, 0.067543, 6.141037
10.288565, 0.067543, 6.141037
10.291040, 0.067543, 6.141037
10.293199, 0.067543, 6.141037
10.295082, 0.067543, 6.141037
10.297475, 0.067543, 6.141037
10.300372, 0.070092, 6.372763
10.303409, 0.067543, 6.141037
10.306128, 0.067543, 6.141037
10.309023, 0.067543, 6.141037
10.311976, 0.067543, 6.141037
10.315037, 0.070092, 6.372763
10.318249, 0.067543, 6.141037
10.321527, 0.067543, 6.141037
10.325538, 0.067543, 6.141037
10.329040, 0.067543, 6.141037
10.333652, 0.067543, 6.141037
10.336125, 0.067543, 6.141037
10.338611, 0.067543, 6.141037
10.340772, 0.067543, 6.141037
10.342993, 0.067543, 6.141037
10.345899, 0.067543, 6.141037
10.348803, 0.067543, 6.141037
10.351800, 0.067543, 6.141037
10.354845, 0.067543, 6.141037
10.357942, 0.067543, 6.141037
10.360814, 0.067543, 6.141037
10.363704, 0.067543, 6.141037
10.366751, 0.067543, 6.141037
10.369770, 0.067543, 6.141037
10.372591, 0.067543, 6.141037
10.375367, 0.067543, 6.141037
10.378037, 0.067543, 6.141037
10.380905, 0.067543, 6.141037
10.383462, 0.067543, 6.141037
10.385996, 0.067543, 6.141037
10.388471, 0.067543, 6.141037
10.390830, 0.067543, 6.141037
10.393158, 0.067543, 6.141037
10.395793, 0.067543, 6.141037
10.399094, 0.067543, 6.141037
10.402377, 0.067543, 6.141037
10.406131, 0.067543, 6.141037
10.410068, 0.067543, 6.141037
10.413519, 0.067543, 6.141037
10.416928, 0.067543, 6.141037
10.420119, 0.067543, 6.141037
10.423268, 0.067543, 6.141037
10.426314, 0.067543, 6.141037
10.429133, 0.067543, 6.141037
10.432129, 0.067543, 6.141037
10.435652, 0.067543, 6.141037
10.439077, 0.067543, 6.141037
10.442168, 0.067543, 6.141037
10.445099, 0.067543, 6.141037
10.448059, 0.067543, 6.141037
10.450861, 0.067543, 6.141037
10.453539, 0.067543, 6.141037
10.456215, 0.067543, 6.141037
10.458710, 0.067543, 6.141037
10.461125, 0.067543, 6.141037
10.463447, 0.070092, 6.372763
10.465702, 0.067543, 6.141037
10.468127, 0.067543, 6.141037
10.470391, 0.070092, 6.372763
10.472615, 0.067543, 6.141037
10.474797, 0.067543, 6.141037
10.477173, 0.067543, 6.141037
10.479415, 0.067543, 6.141037
10.481664, 0.067543, 6.141037
10.484324, 0.067543, 6.141037
10.486788, 0.067543, 6.141037
10.489784, 0.067543, 6.141037
10.493179, 0.067543, 6.141037
10.496235, 0.067543, 6.141037
10.498819, 0.067543, 6.141037
10.501311, 0.067543, 6.141037
10.503731, 0.067543, 6.141037
10.506109, 0.067543, 6.141037
10.508071, 0.067543, 6.141037
10.511317, 0.070092, 6.372763
10.513889, 0.067543, 6.141037
10.515999, 0.067543, 6.141037
10.518077, 0.067543, 6.141037
10.520110, 0.067543, 6.141037
10.522196, 0.067543, 6.141037
10.524348, 0.067543, 6.141037
10.526542, 0.067543, 6.141037
10.528758, 0.070092, 6.372763
10.530997, 0.067543, 6.141037
10.533221, 0.067543, 6.141037
10.535487, 0.067543, 6.141037
10.537702, 0.067543, 6.141037
10.539959, 0.067543, 6.141037
10.542210, 0.067543, 6.141037
10.544452, 0.067543, 6.141037
10.546746, 0.067543, 6.141037
10.548972, 0.067543, 6.141037
10.551230, 0.067543, 6.141037
10.553442, 0.067543, 6.141037
10.555655, 0.067543, 6.141037
10.557951, 0.067543, 6.141037
10.560840, 0.067543, 6.141037
10.563595, 0.067543, 6.141037
10.566315, 0.067543, 6.141037
10.569015, 0.067543, 6.141037
10.571627, 0.067543, 6.141037
10.574141, 0.067543, 6.141037
10.576593, 0.067543, 6.141037
10.579303, 0.067543, 6.141037
10.581806, 0.067543, 6.141037
10.584753, 0.067543, 6.141037
10.587667, 0.067543, 6.141037
10.590050, 0.067543, 6.141037
10.592960, 0.067543, 6.141037
10.595476, 0.067543, 6.141037
10.598176, 0.067543, 6.141037
10.600831, 0.067543, 6.141037
10.603415, 0.067543, 6.141037
10.605838, 0.067543, 6.141037
10.608185, 0.067543, 6.141037
10.611364, 0.067543, 6.141037
10.614562, 0.067543, 6.141037
10.617769, 0.067543, 6.141037
10.621082, 0.067543, 6.141037
10.623998, 0.067543, 6.141037
10.626869, 0.067543, 6.141037
10.629630, 0.067543, 6.141037
10.632285, 0.067543, 6.141037
10.635039, 0.067543, 6.141037
10.637533, 0.067543, 6.141037
10.639910, 0.067543, 6.141037
10.642223, 0.067543, 6.141037
10.644488, 0.067543, 6.141037
10.646743, 0.067543, 6.141037
10.649086, 0.067543, 6.141037
10.651617, 0.067543, 6.141037
10.654060, 0.067543, 6.141037
10.656643, 0.067543, 6.141037
10.659359, 0.067543, 6.141037
10.662255, 0.067543, 6.141037
10.665453, 0.067543, 6.141037
10.668371, 0.067543, 6.141037
10.671139, 0.067543, 6.141037
10.673741, 0.067543, 6.141037
10.676239, 0.067543, 6.141037
10.678789, 0.067543, 6.141037
10.681114, 0.067543, 6.141037
10.683472, 0.067543, 6.141037
10.685856, 0.067543, 6.141037
10.688161, 0.067543, 6.141037
10.690480, 0.067543, 6.141037
10.694108, 0.067543, 6.141037
10.698631, 0.067543, 6.141037
10.701994, 0.067543, 6.141037
10.703666, 0.067543, 6.141037
10.705461, 0.067543, 6.141037
10.707432, 0.070092, 6.372763
10.709565, 0.067543, 6.141037
10.711700, 0.067543, 6.141037
10.713918, 0.067543, 6.141037
10.716166, 0.067543, 6.141037
10.718612, 0.067543, 6.141037
10.720969, 0.067543, 6.141037
10.723185, 0.067543, 6.141037
10.725455, 0.067543, 6.141037
10.727635, 0.067543, 6.141037
10.729947, 0.067543, 6.141037
10.732317, 0.067543, 6.141037
10.734558, 0.067543, 6.141037
10.736757, 0.067543, 6.141037
10.739005, 0.070092, 6.372763
10.741251, 0.067543, 6.141037
10.743418, 0.067543, 6.141037
10.745569, 0.067543, 6.141037
10.747743, 0.067543, 6.141037
10.750284, 0.067543, 6.141037
10.752486, 0.067543, 6.141037
10.754652, 0.067543, 6.141037
10.756846, 0.067543, 6.141037
10.759123, 0.067543, 6.141037
10.761506, 0.067543, 6.141037
10.763599, 0.067543, 6.141037
10.765345, 0.067543, 6.141037
10.767393, 0.067543, 6.141037
10.770187, 0.070092, 6.372763
10.773368, 0.067543, 6.141037
10.776344, 0.067543, 6.141037
10.779225, 0.067543, 6.141037
10.782173, 0.067543, 6.141037
10.785181, 0.067543, 6.141037
10.788187, 0.067543, 6.141037
10.791450, 0.067543, 6.141037
10.794612, 0.067543, 6.141037
10.797839, 0.067543, 6.141037
10.801218, 0.067543, 6.141037
10.804623, 0.067543, 6.141037
10.807726, 0.067543, 6.141037
10.810780, 0.067543, 6.141037
10.814993, 0.067543, 6.141037
10.819190, 0.067543, 6.141037
10.823235, 0.067543, 6.141037
10.828057, 0.067543, 6.141037
10.830919, 0.067543, 6.141037
10.833129, 0.067543, 6.141037
10.835289, 0.067543, 6.141037
10.838823, 0.067543, 6.141037
10.842084, 0.067543, 6.141037
10.845384, 0.067543, 6.141037
10.848754, 0.067543, 6.141037
10.854246, 0.067543, 6.141037
10.860147, 0.067543, 6.141037
10.865292, 0.067543, 6.141037
10.869365, 0.067543, 6.141037
10.874400, 0.067543, 6.141037
10.878052, 0.067543, 6.141037
10.881389, 0.067543, 6.141037
10.884769, 0.067543, 6.141037
10.888388, 0.067543, 6.141037
10.891692, 0.070092, 6.372763
10.895203, 0.067543, 6.141037
10.898963, 0.067543, 6.141037
10.903311, 0.067543, 6.141037
10.907732, 0.067543, 6.141037
10.912198, 0.067543, 6.141037
10.916414, 0.067543, 6.141037
10.920391, 0.070092, 6.372763
10.924136, 0.067543, 6.141037
10.927281, 0.067543, 6.141037
10.930392, 0.067543, 6.141037
10.933516, 0.067543, 6.141037
10.935579, 0.067543, 6.141037
10.937363, 0.067543, 6.141037
10.939499, 0.067543, 6.141037
10.941367, 0.067543, 6.141037
10.943159, 0.067543, 6.141037
10.946711, 0.067543, 6.141037
10.950316, 0.067543, 6.141037
10.953608, 0.067543, 6.141037
10.956636, 0.067543, 6.141037
10.959474, 0.067543, 6.141037
10.962294, 0.067543, 6.141037
10.965131, 0.067543, 6.141037
10.967534, 0.067543, 6.141037
10.969876, 0.067543, 6.141037
10.972271, 0.067543, 6.141037
10.975665, 0.067543, 6.141037
10.978880, 0.067543, 6.141037
10.982414, 0.067543, 6.141037
10.986156, 0.067543, 6.141037
10.989767, 0.067543, 6.141037
10.993021, 0.067543, 6.141037
10.996172, 0.067543, 6.141037
10.998978, 0.067543, 6.141037
11.001058, 0.067543, 6.141037
11.002806, 0.067543, 6.141037
11.004583, 0.067543, 6.141037
11.006571, 0.067543, 6.141037
11.008800, 0.067543, 6.141037
11.011150, 0.067543, 6.141037
11.013527, 0.067543, 6.141037
11.016126, 0.067543, 6.141037
11.018655, 0.067543, 6.141037
11.021251, 0.067543, 6.141037
11.023863, 0.067543, 6.141037
11.026734, 0.067543, 6.141037
11.029445, 0.067543, 6.141037
11.032279, 0.067543, 6.141037
11.037552, 0.067543, 6.141037
11.043270, 0.067543, 6.141037
11.048496, 0.067543, 6.141037
11.053079, 0.067543, 6.141037
11.056957, 0.067543, 6.141037
11.060300, 0.067543, 6.141037
11.063529, 0.067543, 6.141037
11.066702, 0.067543, 6.141037
11.069770, 0.067543, 6.141037
11.072900, 0.067543, 6.141037
11.075854, 0.067543, 6.141037
11.078986, 0.067543, 6.141037
11.082279, 0.067543, 6.141037
11.085814, 0.067543, 6.141037
11.088998, 0.067543, 6.141037
11.092204, 0.067543, 6.141037
11.095122, 0.067543, 6.141037
11.098100, 0.067543, 6.141037
11.101413, 0.067543, 6.141037
11.104660, 0.067543, 6.141037
11.107910, 0.067543, 6.141037
11.110970, 0.067543, 6.141037
11.113878, 0.067543, 6.141037
11.117206, 0.067543, 6.141037
11.120175, 0.070092, 6.372763
11.123469, 0.070092, 6.372763
11.127015, 0.067543, 6.141037
11.130959, 0.067543, 6.141037
11.134791, 0.067543, 6.141037
11.139326, 0.067543, 6.141037
11.143241, 0.067543, 6.141037
11.146814, 0.067543, 6.141037
11.149732, 0.067543, 6.141037
11.152151, 0.067543, 6.141037
11.154370, 0.067543, 6.141037
11.156377, 0.067543, 6.141037
11.158517, 0.067543, 6.141037
11.160731, 0.067543, 6.141037
11.163014, 0.067543, 6.141037
11.165323, 0.067543, 6.141037
11.167445, 0.067543, 6.141037
11.170363, 0.067543, 6.141037
11.173377, 0.067543, 6.141037
11.176010, 0.067543, 6.141037
11.178630, 0.067543, 6.141037
11.181277, 0.067543, 6.141037
11.184589, 0.067543, 6.141037
11.186351, 0.067543, 6.141037
11.188232, 0.067543, 6.141037
11.190713, 0.067543, 6.141037
11.192937, 0.067543, 6.141037
11.195257, 0.067543, 6.141037
11.197795, 0.067543, 6.141037
11.200479, 0.067543, 6.141037
11.203346, 0.067543, 6.141037
11.206339, 0.067543, 6.141037
11.209454, 0.067543, 6.141037
11.213012, 0.070092, 6.372763
11.216748, 0.067543, 6.141037
11.220298, 0.067543, 6.141037
11.223848, 0.067543, 6.141037
11.227790, 0.067543, 6.141037
11.231717, 0.067543, 6.141037
11.235387, 0.067543, 6.141037
11.238784, 0.067543, 6.141037
11.241927, 0.067543, 6.141037
11.244979, 0.067543, 6.141037
11.247729, 0.067543, 6.141037
11.250391, 0.067543, 6.141037
11.253116, 0.067543, 6.141037
11.255717, 0.067543, 6.141037
11.258654, 0.064994, 5.909310
11.261430, 0.067543, 6.141037
11.263649, 0.067543, 6.141037
11.265824, 0.067543, 6.141037
11.268075, 0.067543, 6.141037
11.270473, 0.067543, 6.141037
11.272855, 0.070092, 6.372763
11.275313, 0.067543, 6.141037
11.277708, 0.067543, 6.141037
11.280142, 0.067543, 6.141037
11.283499, 0.067543, 6.141037
11.285952, 0.067543, 6.141037
11.288684, 0.067543, 6.141037
11.291407, 0.067543, 6.141037
11.293916, 0.067543, 6.141037
11.296432, 0.067543, 6.141037
11.298792, 0.067543, 6.141037
11.301784, 0.067543, 6.141037
11.304582, 0.067543, 6.141037
11.307445, 0.067543, 6.141037
11.310566, 0.067543, 6.141037
11.314395, 0.067543, 6.141037
11.316052, 0.067543, 6.141037
11.317993, 0.067543, 6.141037
11.319654, 0.067543, 6.141037
11.321572, 0.067543, 6.141037
11.323597, 0.067543, 6.141037
11.325832, 0.067543, 6.141037
11.328117, 0.067543, 6.141037
11.330393, 0.067543, 6.141037
11.332825, 0.067543, 6.141037
11.335337, 0.067543, 6.141037
11.337648, 0.067543, 6.141037
11.339607, 0.067543, 6.141037
11.341796, 0.067543, 6.141037
11.344922, 0.067543, 6.141037
11.348109, 0.067543, 6.141037
11.351249, 0.067543, 6.141037
11.354421, 0.067543, 6.141037
11.357410, 0.067543, 6.141037
11.360312, 0.067543, 6.141037
11.363464, 0.067543, 6.141037
11.366399, 0.067543, 6.141037
11.369329, 0.067543, 6.141037
11.372544, 0.067543, 6.141037
11.376300, 0.067543, 6.141037
11.378624, 0.067543, 6.141037
11.380334, 0.067543, 6.141037
11.382214, 0.067543, 6.141037
11.384263, 0.067543, 6.141037
11.386537, 0.067543, 6.141037
11.388736, 0.067543, 6.141037
11.390903, 0.067543, 6.141037
11.393080, 0.067543, 6.141037
11.395269, 0.067543, 6.141037
11.397456, 0.067543, 6.141037
11.399772, 0.067543, 6.141037
11.402046, 0.067543, 6.141037
11.404364, 0.067543, 6.141037
11.406081, 0.067543, 6.141037
11.408194, 0.067543, 6.141037
11.410402, 0.067543, 6.141037
11.412769, 0.067543, 6.141037
11.415252, 0.067543, 6.141037
11.417778, 0.067543, 6.141037
11.420298, 0.067543, 6.141037
11.422945, 0.067543, 6.141037
11.427533, 0.067543, 6.141037
11.432567, 0.067543, 6.141037
11.436989, 0.067543, 6.141037
11.440867, 0.070092, 6.372763
11.444159, 0.070092, 6.372763
11.447176, 0.067543, 6.141037
11.450012, 0.067543, 6.141037
11.452817, 0.067543, 6.141037
11.456726, 0.067543, 6.141037
11.459521, 0.070092, 6.372763
11.462126, 0.067543, 6.141037
11.464761, 0.067543, 6.141037
11.467362, 0.067543, 6.141037
11.469812, 0.067543, 6.141037
11.472200, 0.067543, 6.141037
11.474491, 0.070092, 6.372763
11.476771, 0.067543, 6.141037
11.479036, 0.067543, 6.141037
11.481252, 0.067543, 6.141037
11.483553, 0.070092, 6.372763
11.486614, 0.067543, 6.141037
11.489765, 0.067543, 6.141037
11.493184, 0.067543, 6.141037
11.496807, 0.067543, 6.141037
11.500249, 0.067543, 6.141037
11.502935, 0.067543, 6.141037
11.505505, 0.067543, 6.141037
11.508483, 0.067543, 6.141037
11.511384, 0.067543, 6.141037
11.513957, 0.067543, 6.141037
11.516539, 0.067543, 6.141037
11.518973, 0.067543, 6.141037
11.521441, 0.067543, 6.141037
11.524122, 0.067543, 6.141037
11.526760, 0.067543, 6.141037
11.529047, 0.067543, 6.141037
11.531281, 0.070092, 6.372763
11.533667, 0.067543, 6.141037
11.536629, 0.067543, 6.141037
11.538906, 0.067543, 6.141037
11.541137, 0.067543, 6.141037
11.543454, 0.067543, 6.141037
11.545958, 0.067543, 6.141037
11.548201, 0.067543, 6.141037
11.550708, 0.067543, 6.141037
11.553023, 0.067543, 6.141037
11.555821, 0.067543, 6.141037
11.558197, 0.067543, 6.141037
11.560529, 0.067543, 6.141037
11.562827, 0.067543, 6.141037
11.565412, 0.070092, 6.372763
11.567927, 0.067543, 6.141037
11.570436, 0.070092, 6.372763
11.572824, 0.067543, 6.141037
11.575273, 0.067543, 6.141037
11.577669, 0.070092, 6.372763
11.580000, 0.067543, 6.141037
11.582298, 0.067543, 6.141037
11.584988, 0.067543, 6.141037
11.587931, 0.067543, 6.141037
11.589513, 0.067543, 6.141037
11.591101, 0.067543, 6.141037
11.592783, 0.067543, 6.141037
11.594767, 0.070092, 6.372763
11.596827, 0.067543, 6.141037
11.598975, 0.067543, 6.141037
11.601103, 0.067543, 6.141037
11.603228, 0.067543, 6.141037
11.605371, 0.067543, 6.141037
11.607532, 0.067543, 6.141037
11.609686, 0.070092, 6.372763
11.611842, 0.067543, 6.141037
11.613983, 0.067543, 6.141037
11.616570, 0.067543, 6.141037
11.618847, 0.067543, 6.141037
11.621009, 0.067543, 6.141037
11.623182, 0.067543, 6.141037
11.625417, 0.067543, 6.141037
11.627663, 0.067543, 6.141037
11.629832, 0.067543, 6.141037
11.631939, 0.067543, 6.141037
11.634388, 0.067543, 6.141037
11.636815, 0.067543, 6.141037
11.640471, 0.067543, 6.141037
11.642737, 0.067543, 6.141037
11.644855, 0.067543, 6.141037
11.646962, 0.067543, 6.141037
11.649188, 0.067543, 6.141037
11.651724, 0.067543, 6.141037
11.654093, 0.067543, 6.141037
11.655944, 0.067543, 6.141037
11.657732, 0.067543, 6.141037
11.660046, 0.067543, 6.141037
11.662548, 0.067543, 6.141037
11.665042, 0.067543, 6.141037
11.668166, 0.070092, 6.372763
11.670391, 0.070092, 6.372763
11.672047, 0.067543, 6.141037
11.673841, 0.067543, 6.141037
11.675921, 0.067543, 6.141037
11.678018, 0.067543, 6.141037
11.680119, 0.067543, 6.141037
11.682457, 0.067543, 6.141037
11.684922, 0.067543, 6.141037
11.686593, 0.067543, 6.141037
11.688430, 0.067543, 6.141037
11.690637, 0.067543, 6.141037
11.693994, 0.067543, 6.141037
11.698220, 0.067543, 6.141037
11.702182, 0.067543, 6.141037
11.706174, 0.070092, 6.372763
11.710047, 0.067543, 6.141037
11.713754, 0.067543, 6.141037
11.718810, 0.067543, 6.141037
11.723833, 0.067543, 6.141037
11.728250, 0.067543, 6.141037
11.732309, 0.067543, 6.141037
11.736332, 0.067543, 6.141037
11.739702, 0.067543, 6.141037
11.743569, 0.067543, 6.141037
11.747361, 0.067543, 6.141037
11.750581, 0.067543, 6.141037
11.754947, 0.067543, 6.141037
11.759285, 0.067543, 6.141037
11.763104, 0.067543, 6.141037
11.768434, 0.067543, 6.141037
11.775027, 0.067543, 6.141037
11.781198, 0.067543, 6.141037
11.787088, 0.067543, 6.141037
11.793337, 0.070092, 6.372763
11.798909, 0.067543, 6.141037
11.803190, 0.070092, 6.372763
11.806235, 0.067543, 6.141037
11.809542, 0.067543, 6.141037
11.812715, 0.067543, 6.141037
11.816226, 0.067543, 6.141037
11.820333, 0.067543, 6.141037
11.823497, 0.070092, 6.372763
11.826724, 0.067543, 6.141037
11.831046, 0.067543, 6.141037
11.835441, 0.067543, 6.141037
11.839452, 0.070092, 6.372763
11.843033, 0.067543, 6.141037
11.846441, 0.067543, 6.141037
11.850256, 0.067543, 6.141037
11.853881, 0.067543, 6.141037
11.857308, 0.067543, 6.141037
11.860436, 0.067543, 6.141037
11.863764, 0.067543, 6.141037
11.866786, 0.067543, 6.141037
11.872628, 0.067543, 6.141037
11.877440, 0.067543, 6.141037
11.881206, 0.067543, 6.141037
11.886116, 0.067543, 6.141037
11.891570, 0.067543, 6.141037
11.896679, 0.070092, 6.372763
11.902209, 0.067543, 6.141037
11.908251, 0.067543, 6.141037
11.912758, 0.067543, 6.141037
11.917181, 0.067543, 6.141037
11.921907, 0.067543, 6.141037
11.926142, 0.067543, 6.141037
11.929296, 0.067543, 6.141037
11.932016, 0.067543, 6.141037
11.934974, 0.070092, 6.372763
11.940470, 0.067543, 6.141037
11.947109, 0.067543, 6.141037
11.951848, 0.067543, 6.141037
11.955874, 0.067543, 6.141037
11.959258, 0.067543, 6.141037
11.962340, 0.067543, 6.141037
11.965314, 0.067543, 6.141037
11.968458, 0.067543, 6.141037
11.971575, 0.067543, 6.141037
11.974722, 0.067543, 6.141037
11.977609, 0.067543, 6.141037
11.980536, 0.067543, 6.141037
11.983392, 0.067543, 6.141037
11.986312, 0.070092, 6.372763
11.989121, 0.067543, 6.141037
11.991835, 0.067543, 6.141037
11.994527, 0.070092, 6.372763
11.997099, 0.067543, 6.141037
12.000183, 0.070092, 6.372763
12.003321, 0.067543, 6.141037
12.006253, 0.067543, 6.141037
12.009218, 0.067543, 6.141037
12.012079, 0.067543, 6.141037
12.014875, 0.067543, 6.141037
12.017900, 0.067543, 6.141037
12.019686, 0.067543, 6.141037
12.021445, 0.067543, 6.141037
12.023438, 0.067543, 6.141037
12.025658, 0.070092, 6.372763
12.028033, 0.067543, 6.141037
12.030558, 0.067543, 6.141037
12.033188, 0.067543, 6.141037
12.036006, 0.067543, 6.141037
12.038860, 0.070092, 6.372763
12.042001, 0.070092, 6.372763
12.044932, 0.067543, 6.141037
12.047755, 0.067543, 6.141037
12.050546, 0.067543, 6.141037
12.053260, 0.067543, 6.141037
12.055358, 0.067543, 6.141037
12.057069, 0.067543, 6.141037
12.059102, 0.067543, 6.141037
12.061746, 0.067543, 6.141037
12.065574, 0.067543, 6.141037
12.069907, 0.067543, 6.141037
12.073744, 0.070092, 6.372763
12.077692, 0.067543, 6.141037
12.081209, 0.067543, 6.141037
12.084753, 0.067543, 6.141037
12.088242, 0.067543, 6.141037
12.092221, 0.067543, 6.141037
12.096843, 0.067543, 6.141037
12.101002, 0.067543, 6.141037
12.104098, 0.067543, 6.141037
12.106936, 0.067543, 6.141037
12.109825, 0.067543, 6.141037
12.112875, 0.067543, 6.141037
12.115335, 0.070092, 6.372763
12.117795, 0.067543, 6.141037
12.120143, 0.067543, 6.141037
12.123281, 0.067543, 6.141037
12.125146, 0.067543, 6.141037
12.126946, 0.067543, 6.141037
12.128965, 0.070092, 6.372763
12.131305, 0.067543, 6.141037
12.134103, 0.067543, 6.141037
12.136655, 0.067543, 6.141037
12.138701, 0.070092, 6.372763
12.140858, 0.067543, 6.141037
12.143456, 0.067543, 6.141037
12.145776, 0.067543, 6.141037
12.148145, 0.067543, 6.141037
12.150753, 0.067543, 6.141037
12.154309, 0.067543, 6.141037
12.157251, 0.067543, 6.141037
12.159541, 0.067543, 6.141037
12.162546, 0.070092, 6.372763
12.164218, 0.067543, 6.141037
12.166080, 0.067543, 6.141037
12.168294, 0.067543, 6.141037
12.170701, 0.067543, 6.141037
12.173296, 0.070092, 6.372763
12.176025, 0.067543, 6.141037
12.178043, 0.067543, 6.141037
12.180098, 0.067543, 6.141037
12.182346, 0.070092, 6.372763
12.185043, 0.067543, 6.141037
12.187374, 0.070092, 6.372763
12.191864, 0.067543, 6.141037
12.196595, 0.067543, 6.141037
12.201409, 0.067543, 6.141037
12.205236, 0.067543, 6.141037
12.207651, 0.070092, 6.372763
12.209653, 0.067543, 6.141037
12.211600, 0.067543, 6.141037
12.213707, 0.067543, 6.141037
12.215999, 0.070092, 6.372763
12.220701, 0.070092, 6.372763
12.227344, 0.067543, 6.141037
12.233982, 0.067543, 6.141037
12.239223, 0.070092, 6.372763
12.243480, 0.067543, 6.141037
12.247126, 0.067543, 6.141037
12.250670, 0.067543, 6.141037
12.252995, 0.067543, 6.141037
12.255134, 0.067543, 6.141037
12.257060, 0.070092, 6.372763
12.259420, 0.067543, 6.141037
12.261324, 0.070092, 6.372763
12.263464, 0.067543, 6.141037
12.265918, 0.067543, 6.141037
12.268701, 0.067543, 6.141037
12.271349, 0.067543, 6.141037
12.274016, 0.067543, 6.141037
12.276642, 0.070092, 6.372763
12.279791, 0.067543, 6.141037
12.282637, 0.067543, 6.141037
12.285299, 0.067543, 6.141037
12.287881, 0.067543, 6.141037
12.290480, 0.067543, 6.141037
12.293019, 0.067543, 6.141037
12.295469, 0.067543, 6.141037
12.297965, 0.067543, 6.141037
12.300407, 0.067543, 6.141037
12.302782, 0.067543, 6.141037
12.305131, 0.067543, 6.141037
12.307463, 0.070092, 6.372763
12.310618, 0.067543, 6.141037
12.312854, 0.067543, 6.141037
12.314434, 0.070092, 6.372763
12.316354, 0.067543, 6.141037
12.318809, 0.067543, 6.141037
12.322266, 0.067543, 6.141037
12.325505, 0.067543, 6.141037
12.328576, 0.067543, 6.141037
12.330319, 0.067543, 6.141037
12.332622, 0.067543, 6.141037
12.335358, 0.067543, 6.141037
12.337103, 0.067543, 6.141037
12.339885, 0.067543, 6.141037
12.343153, 0.067543, 6.141037
12.346261, 0.067543, 6.141037
12.349357, 0.067543, 6.141037
12.351827, 0.067543, 6.141037
12.353567, 0.067543, 6.141037
12.355562, 0.067543, 6.141037
12.357697, 0.067543, 6.141037
12.360040, 0.067543, 6.141037
12.362315, 0.067543, 6.141037
12.364570, 0.067543, 6.141037
12.366926, 0.067543, 6.141037
12.369366, 0.067543, 6.141037
12.371888, 0.067543, 6.141037
12.374240, 0.067543, 6.141037
12.376637, 0.067543, 6.141037
12.378923, 0.067543, 6.141037
12.381377, 0.067543, 6.141037
12.384078, 0.067543, 6.141037
12.386548, 0.067543, 6.141037
12.388948, 0.067543, 6.141037
12.391370, 0.067543, 6.141037
12.393845, 0.067543, 6.141037
12.396302, 0.067543, 6.141037
12.398950, 0.067543, 6.141037
12.401654, 0.067543, 6.141037
12.404163, 0.067543, 6.141037
12.406997, 0.067543, 6.141037
12.410060, 0.067543, 6.141037
12.413246, 0.067543, 6.141037
12.416148, 0.067543, 6.141037
12.419156, 0.067543, 6.141037
12.423349, 0.070092, 6.372763
12.427352, 0.067543, 6.141037
12.431235, 0.067543, 6.141037
12.436040, 0.067543, 6.141037
12.440768, 0.067543, 6.141037
12.444534, 0.070092, 6.372763
12.448096, 0.067543, 6.141037
12.452336, 0.067543, 6.141037
12.456270, 0.067543, 6.141037
12.459641, 0.070092, 6.372763
12.462774, 0.067543, 6.141037
12.465803, 0.067543, 6.141037
12.469075, 0.067543, 6.141037
12.471963, 0.070092, 6.372763
12.474741, 0.067543, 6.141037
12.477483, 0.067543, 6.141037
12.480152, 0.067543, 6.141037
12.482738, 0.070092, 6.372763
12.485299, 0.067543, 6.141037
12.488379, 0.067543, 6.141037
12.490717, 0.067543, 6.141037
12.492651, 0.067543, 6.141037
12.494593, 0.067543, 6.141037
12.497532, 0.067543, 6.141037
12.501855, 0.067543, 6.141037
12.506917, 0.067543, 6.141037
12.509858, 0.067543, 6.141037
12.512911, 0.067543, 6.141037
12.515261, 0.067543, 6.141037
12.517438, 0.067543, 6.141037
12.519682, 0.067543, 6.141037
12.521902, 0.067543, 6.141037
12.524195, 0.070092, 6.372763
12.526487, 0.067543, 6.141037
12.528876, 0.070092, 6.372763
12.531232, 0.067543, 6.141037
12.533596, 0.067543, 6.141037
12.535958, 0.067543, 6.141037
12.538376, 0.067543, 6.141037
12.540734, 0.070092, 6.372763
12.543000, 0.067543, 6.141037
12.545258, 0.067543, 6.141037
12.547598, 0.067543, 6.141037
12.550019, 0.070092, 6.372763
12.552578, 0.067543, 6.141037
12.554954, 0.067543, 6.141037
12.557300, 0.067543, 6.141037
12.559698, 0.067543, 6.141037
12.562214, 0.067543, 6.141037
12.564844, 0.067543, 6.141037
12.567560, 0.067543, 6.141037
12.570369, 0.067543, 6.141037
12.573270, 0.067543, 6.141037
12.575770, 0.067543, 6.141037
12.578185, 0.070092, 6.372763
12.580749, 0.067543, 6.141037
12.583103, 0.067543, 6.141037
12.585429, 0.070092, 6.372763
12.587704, 0.067543, 6.141037
12.590032, 0.067543, 6.141037
12.592322, 0.067543, 6.141037
12.594641, 0.067543, 6.141037
12.596925, 0.067543, 6.141037
12.599255, 0.067543, 6.141037
12.601502, 0.070092, 6.372763
12.603914, 0.067543, 6.141037
12.607010, 0.067543, 6.141037
12.608766, 0.067543, 6.141037
12.610579, 0.067543, 6.141037
12.612590, 0.067543, 6.141037
12.614757, 0.067543, 6.141037
12.617185, 0.067543, 6.141037
12.620356, 0.067543, 6.141037
12.623118, 0.067543, 6.141037
12.625828, 0.067543, 6.141037
12.628557, 0.067543, 6.141037
12.631244, 0.067543, 6.141037
12.633858, 0.067543, 6.141037
12.636361, 0.067543, 6.141037
12.638757, 0.067543, 6.141037
12.641361, 0.070092, 6.372763
12.643671, 0.067543, 6.141037
12.645896, 0.067543, 6.141037
12.648129, 0.067543, 6.141037
12.650577, 0.067543, 6.141037
12.652923, 0.067543, 6.141037
12.655173, 0.067543, 6.141037
12.657376, 0.067543, 6.141037
12.659582, 0.067543, 6.141037
12.662689, 0.070092, 6.372763
12.665809, 0.067543, 6.141037
12.669277, 0.067543, 6.141037
12.672053, 0.067543, 6.141037
12.673740, 0.067543, 6.141037
12.675385, 0.070092, 6.372763
12.677150, 0.067543, 6.141037
12.679125, 0.067543, 6.141037
12.681163, 0.067543, 6.141037
12.683367, 0.067543, 6.141037
12.685650, 0.067543, 6.141037
12.687947, 0.070092, 6.372763
12.690272, 0.067543, 6.141037
12.692829, 0.067543, 6.141037
12.695457, 0.067543, 6.141037
12.697586, 0.067543, 6.141037
12.699511, 0.067543, 6.141037
12.701828, 0.070092, 6.372763
12.705251, 0.070092, 6.372763
12.709084, 0.070092, 6.372763
12.712883, 0.067543, 6.141037
12.716650, 0.070092, 6.372763
12.720743, 0.067543, 6.141037
12.724459, 0.070092, 6.372763
12.727701, 0.067543, 6.141037
12.730816, 0.070092, 6.372763
12.733776, 0.067543, 6.141037
12.736748, 0.070092, 6.372763
12.739626, 0.067543, 6.141037
12.742127, 0.067543, 6.141037
12.744526, 0.070092, 6.372763
12.746862, 0.067543, 6.141037
12.749555, 0.067543, 6.141037
12.751873, 0.067543, 6.141037
12.754281, 0.067543, 6.141037
12.756725, 0.067543, 6.141037
12.758945, 0.070092, 6.372763
12.761299, 0.067543, 6.141037
12.763640, 0.067543, 6.141037
12.766049, 0.070092, 6.372763
12.768289, 0.067543, 6.141037
12.770855, 0.070092, 6.372763
12.773310, 0.067543, 6.141037
12.775766, 0.067543, 6.141037
12.777944, 0.067543, 6.141037
12.780348, 0.067543, 6.141037
12.783013, 0.067543, 6.141037
12.785354, 0.067543, 6.141037
12.787602, 0.067543, 6.141037
12.789898, 0.067543, 6.141037
12.792292, 0.067543, 6.141037
12.794545, 0.067543, 6.141037
12.796775, 0.067543, 6.141037
12.799007, 0.067543, 6.141037
12.802036, 0.067543, 6.141037
12.804092, 0.067543, 6.141037
12.806139, 0.067543, 6.141037
12.808286, 0.067543, 6.141037
12.810652, 0.067543, 6.141037
12.813259, 0.067543, 6.141037
12.815666, 0.067543, 6.141037
12.818058, 0.067543, 6.141037
12.821260, 0.067543, 6.141037
12.823811, 0.070092, 6.372763
12.825921, 0.070092, 6.372763
12.828167, 0.070092, 6.372763
12.830720, 0.067543, 6.141037
12.834292, 0.067543, 6.141037
12.836538, 0.067543, 6.141037
12.838102, 0.067543, 6.141037
12.839765, 0.067543, 6.141037
12.841860, 0.067543, 6.141037
12.845288, 0.067543, 6.141037
12.848800, 0.067543, 6.141037
12.852074, 0.070092, 6.372763
12.855132, 0.067543, 6.141037
12.857938, 0.067543, 6.141037
12.860568, 0.067543, 6.141037
12.863122, 0.067543, 6.141037
12.865534, 0.070092, 6.372763
12.867882, 0.067543, 6.141037
12.870169, 0.067543, 6.141037
12.872976, 0.067543, 6.141037
12.939987, 0.067543, 6.141037
12.942376, 0.067543, 6.141037
12.944642, 0.067543, 6.141037
12.946844, 0.070092, 6.372763
12.949177, 0.067543, 6.141037
12.951700, 0.067543, 6.141037
12.954743, 0.067543, 6.141037
12.958318, 0.067543, 6.141037
12.961135, 0.067543, 6.141037
12.963256, 0.067543, 6.141037
12.965499, 0.067543, 6.141037
12.967669, 0.067543, 6.141037
12.969905, 0.067543, 6.141037
12.972093, 0.067543, 6.141037
12.974516, 0.067543, 6.141037
12.976861, 0.067543, 6.141037
12.979373, 0.067543, 6.141037
12.981720, 0.067543, 6.141037
12.984170, 0.067543, 6.141037
12.987451, 0.067543, 6.141037
12.990580, 0.067543, 6.141037
12.993212, 0.067543, 6.141037
12.995851, 0.067543, 6.141037
13.000201, 0.067543, 6.141037
13.004784, 0.067543, 6.141037
13.008918, 0.067543, 6.141037
13.012103, 0.067543, 6.141037
13.014884, 0.067543, 6.141037
13.017716, 0.067543, 6.141037
13.020260, 0.067543, 6.141037
13.022676, 0.067543, 6.141037
13.024878, 0.067543, 6.141037
13.027871, 0.067543, 6.141037
13.030921, 0.067543, 6.141037
13.033273, 0.067543, 6.141037
13.035197, 0.067543, 6.141037
13.037431, 0.070092, 6.372763
13.039931, 0.070092, 6.372763
13.043768, 0.070092, 6.372763
13.048439, 0.067543, 6.141037
13.052405, 0.067543, 6.141037
13.055045, 0.067543, 6.141037
13.057332, 0.067543, 6.141037
13.059255, 0.067543, 6.141037
13.061219, 0.067543, 6.141037
13.063251, 0.067543, 6.141037
13.065348, 0.067543, 6.141037
13.068010, 0.070092, 6.372763
13.070026, 0.070092, 6.372763
13.072133, 0.067543, 6.141037
13.074232, 0.067543, 6.141037
13.076403, 0.067543, 6.141037
13.078763, 0.067543, 6.141037
13.081098, 0.067543, 6.141037
13.083497, 0.067543, 6.141037
13.085850, 0.067543, 6.141037
13.088454, 0.067543, 6.141037
13.090791, 0.067543, 6.141037
13.093164, 0.070092, 6.372763
13.095440, 0.070092, 6.372763
13.097805, 0.067543, 6.141037
13.100127, 0.067543, 6.141037
13.102467, 0.067543, 6.141037
13.104890, 0.067543, 6.141037
13.107188, 0.067543, 6.141037
13.110286, 0.067543, 6.141037
13.112267, 0.067543, 6.141037
13.114214, 0.067543, 6.141037
13.116389, 0.067543, 6.141037
13.118698, 0.067543, 6.141037
13.121025, 0.067543, 6.141037
13.123351, 0.067543, 6.141037
13.125653, 0.070092, 6.372763
13.127917, 0.070092, 6.372763
13.131151, 0.070092, 6.372763
13.133305, 0.067543, 6.141037
13.135307, 0.067543, 6.141037
13.137472, 0.070092, 6.372763
13.139718, 0.067543, 6.141037
13.142093, 0.067543, 6.141037
13.144403, 0.067543, 6.141037
13.146683, 0.067543, 6.141037
13.149131, 0.067543, 6.141037
13.151918, 0.067543, 6.141037
13.153937, 0.070092, 6.372763
13.155885, 0.067543, 6.141037
13.158015, 0.067543, 6.141037
13.161788, 0.067543, 6.141037
13.163882, 0.067543, 6.141037
13.165616, 0.067543, 6.141037
13.167727, 0.067543, 6.141037
13.171190, 0.070092, 6.372763
13.175521, 0.067543, 6.141037
13.179292, 0.067543, 6.141037
13.181651, 0.070092, 6.372763
13.183549, 0.067543, 6.141037
13.185858, 0.070092, 6.372763
13.187796, 0.067543, 6.141037
13.189668, 0.067543, 6.141037
13.194113, 0.067543, 6.141037
13.199141, 0.067543, 6.141037
13.202595, 0.067543, 6.141037
13.205859, 0.067543, 6.141037
13.208657, 0.067543, 6.141037
13.211259, 0.067543, 6.141037
13.213738, 0.067543, 6.141037
13.216185, 0.067543, 6.141037
13.218422, 0.067543, 6.141037
13.220564, 0.067543, 6.141037
13.222808, 0.067543, 6.141037
13.225001, 0.067543, 6.141037
13.227241, 0.067543, 6.141037
13.229328, 0.067543, 6.141037
13.231426, 0.067543, 6.141037
13.234594, 0.067543, 6.141037
13.237039, 0.067543, 6.141037
13.239442, 0.067543, 6.141037
13.242023, 0.067543, 6.141037
13.244619, 0.067543, 6.141037
13.247117, 0.067543, 6.141037
13.250266, 0.067543, 6.141037
13.253062, 0.067543, 6.141037
13.255451, 0.070092, 6.372763
13.257944, 0.067543, 6.141037
13.260889, 0.067543, 6.141037
13.264257, 0.070092, 6.372763
13.267904, 0.070092, 6.372763
13.270039, 0.067543, 6.141037
13.272272, 0.070092, 6.372763
13.275175, 0.067543, 6.141037
13.279048, 0.070092, 6.372763
13.283330, 0.067543, 6.141037
13.286674, 0.067543, 6.141037
13.289805, 0.067543, 6.141037
13.292612, 0.067543, 6.141037
13.295953, 0.067543, 6.141037
13.298579, 0.067543, 6.141037
13.301088, 0.067543, 6.141037
13.303652, 0.067543, 6.141037
13.305748, 0.067543, 6.141037
13.308981, 0.067543, 6.141037
13.311404, 0.067543, 6.141037
13.313470, 0.067543, 6.141037
13.315519, 0.067543, 6.141037
13.317585, 0.067543, 6.141037
13.319872, 0.067543, 6.141037
13.322192, 0.070092, 6.372763
13.324744, 0.067543, 6.141037
13.327141, 0.067543, 6.141037
13.329520, 0.067543, 6.141037
13.331932, 0.070092, 6.372763
13.334346, 0.067543, 6.141037
13.336851, 0.070092, 6.372763
13.339284, 0.067543, 6.141037
13.341603, 0.067543, 6.141037
13.343826, 0.067543, 6.141037
13.346328, 0.070092, 6.372763
13.348639, 0.067543, 6.141037
13.351131, 0.067543, 6.141037
13.353436, 0.067543, 6.141037
13.355772, 0.067543, 6.141037
13.358017, 0.067543, 6.141037
13.360331, 0.067543, 6.141037
13.362494, 0.067543, 6.141037
13.364666, 0.067543, 6.141037
13.368297, 0.067543, 6.141037
13.370947, 0.067543, 6.141037
13.372530, 0.070092, 6.372763
13.375361, 0.067543, 6.141037
13.377737, 0.067543, 6.141037
13.379537, 0.067543, 6.141037
13.381804, 0.070092, 6.372763
13.384674, 0.067543, 6.141037
13.387734, 0.070092, 6.372763
13.390843, 0.067543, 6.141037
13.393784, 0.067543, 6.141037
13.396633, 0.067543, 6.141037
13.399563, 0.067543, 6.141037
13.402347, 0.067543, 6.141037
13.405175, 0.070092, 6.372763
13.408050, 0.067543, 6.141037
13.410630, 0.067543, 6.141037
13.413277, 0.067543, 6.141037
13.415540, 0.067543, 6.141037
13.418024, 0.067543, 6.141037
13.420500, 0.067543, 6.141037
13.423007, 0.067543, 6.141037
13.425409, 0.067543, 6.141037
13.427740, 0.067543, 6.141037
13.430101, 0.067543, 6.141037
13.432436, 0.067543, 6.141037
13.434721, 0.067543, 6.141037
13.437064, 0.067543, 6.141037
13.439767, 0.067543, 6.141037
13.442199, 0.070092, 6.372763
13.444651, 0.067543, 6.141037
13.447243, 0.067543, 6.141037
13.449754, 0.070092, 6.372763
13.452226, 0.067543, 6.141037
13.454641, 0.067543, 6.141037
13.457380, 0.067543, 6.141037
13.459986, 0.067543, 6.141037
13.462332, 0.070092, 6.372763
13.464733, 0.067543, 6.141037
13.466924, 0.067543, 6.141037
13.469360, 0.067543, 6.141037
13.471779, 0.067543, 6.141037
13.474199, 0.067543, 6.141037
13.476389, 0.070092, 6.372763
13.478544, 0.067543, 6.141037
13.481033, 0.067543, 6.141037
13.483596, 0.067543, 6.141037
13.485936, 0.067543, 6.141037
13.488350, 0.067543, 6.141037
13.491171, 0.067543, 6.141037
13.494482, 0.067543, 6.141037
13.496761, 0.067543, 6.141037
13.498821, 0.067543, 6.141037
13.502429, 0.070092, 6.372763
13.504342, 0.070092, 6.372763
13.506144, 0.067543, 6.141037
13.508200, 0.067543, 6.141037
13.511044, 0.067543, 6.141037
13.513466, 0.067543, 6.141037
13.515479, 0.070092, 6.372763
13.517858, 0.067543, 6.141037
13.520375, 0.067543, 6.141037
13.523366, 0.067543, 6.141037
13.525502, 0.067543, 6.141037
13.527573, 0.067543, 6.141037
13.529647, 0.067543, 6.141037
13.532697, 0.067543, 6.141037
13.535175, 0.070092, 6.372763
13.538004, 0.067543, 6.141037
13.540315, 0.067543, 6.141037
13.542518, 0.067543, 6.141037
13.544478, 0.070092, 6.372763
13.546488, 0.067543, 6.141037
13.548615, 0.067543, 6.141037
13.551166, 0.067543, 6.141037
13.553999, 0.067543, 6.141037
13.556770, 0.067543, 6.141037
13.559309, 0.067543, 6.141037
13.562105, 0.067543, 6.141037
13.564597, 0.067543, 6.141037
13.567101, 0.067543, 6.141037
13.569527, 0.067543, 6.141037
13.572294, 0.067543, 6.141037
13.574649, 0.067543, 6.141037
13.577016, 0.067543, 6.141037
13.579190, 0.067543, 6.141037
13.581476, 0.067543, 6.141037
13.583717, 0.067543, 6.141037
13.586036, 0.070092, 6.372763
13.588369, 0.067543, 6.141037
13.590514, 0.067543, 6.141037
13.592821, 0.067543, 6.141037
13.595081, 0.067543, 6.141037
13.597409, 0.070092, 6.372763
13.599572, 0.067543, 6.141037
13.601869, 0.067543, 6.141037
13.604069, 0.067543, 6.141037
13.606476, 0.067543, 6.141037
13.608626, 0.067543, 6.141037
13.610749, 0.067543, 6.141037
13.613131, 0.067543, 6.141037
13.615327, 0.067543, 6.141037
13.617521, 0.067543, 6.141037
13.619699, 0.067543, 6.141037
13.622440, 0.067543, 6.141037
13.625193, 0.067543, 6.141037
13.627495, 0.067543, 6.141037
13.629610, 0.067543, 6.141037
13.632186, 0.067543, 6.141037
13.635915, 0.067543, 6.141037
13.638249, 0.067543, 6.141037
13.640163, 0.067543, 6.141037
13.642525, 0.067543, 6.141037
13.645772, 0.067543, 6.141037
13.649685, 0.067543, 6.141037
13.653655, 0.067543, 6.141037
13.657713, 0.067543, 6.141037
13.661363, 0.067543, 6.141037
13.665195, 0.067543, 6.141037
13.668362, 0.067543, 6.141037
13.671302, 0.067543, 6.141037
13.673905, 0.067543, 6.141037
13.676396, 0.067543, 6.141037
13.678877, 0.067543, 6.141037
13.681354, 0.067543, 6.141037
13.684222, 0.067543, 6.141037
13.687343, 0.067543, 6.141037
13.689054, 0.067543, 6.141037
13.690814, 0.067543, 6.141037
13.692783, 0.067543, 6.141037
13.697795, 0.067543, 6.141037
13.701792, 0.067543, 6.141037
13.704677, 0.067543, 6.141037
13.706927, 0.067543, 6.141037
13.708850, 0.067543, 6.141037
13.711170, 0.067543, 6.141037
13.713411, 0.067543, 6.141037
13.715537, 0.067543, 6.141037
13.717729, 0.067543, 6.141037
13.719938, 0.067543, 6.141037
13.722197, 0.067543, 6.141037
13.724543, 0.067543, 6.141037
13.726865, 0.070092, 6.372763
13.729210, 0.067543, 6.141037
13.731469, 0.067543, 6.141037
13.734077, 0.067543, 6.141037
13.736513, 0.067543, 6.141037
13.738814, 0.070092, 6.372763
13.741124, 0.067543, 6.141037
13.743395, 0.067543, 6.141037
13.745663, 0.067543, 6.141037
13.747984, 0.067543, 6.141037
13.750861, 0.067543, 6.141037
13.752901, 0.067543, 6.141037
13.756210, 0.067543, 6.141037
13.760416, 0.070092, 6.372763
13.764195, 0.067543, 6.141037
13.767972, 0.067543, 6.141037
13.770794, 0.067543, 6.141037
13.773004, 0.067543, 6.141037
13.774808, 0.067543, 6.141037
13.776613, 0.067543, 6.141037
13.778654, 0.067543, 6.141037
13.780835, 0.067543, 6.141037
13.783392, 0.070092, 6.372763
13.786927, 0.070092, 6.372763
13.788754, 0.070092, 6.372763
13.790665, 0.067543, 6.141037
13.792879, 0.067543, 6.141037
13.795228, 0.067543, 6.141037
13.797533, 0.070092, 6.372763
13.799907, 0.067543, 6.141037
13.802325, 0.067543, 6.141037
13.804712, 0.067543, 6.141037
13.806997, 0.067543, 6.141037
13.809237, 0.067543, 6.141037
13.813913, 0.067543, 6.141037
13.816642, 0.067543, 6.141037
13.818801, 0.067543, 6.141037
13.820709, 0.067543, 6.141037
13.822475, 0.067543, 6.141037
13.824138, 0.067543, 6.141037
13.826049, 0.067543, 6.141037
13.828063, 0.067543, 6.141037
13.830767, 0.067543, 6.141037
13.836162, 0.067543, 6.141037
13.840517, 0.067543, 6.141037
13.844197, 0.067543, 6.141037
13.847411, 0.070092, 6.372763
13.850279, 0.067543, 6.141037
13.853113, 0.067543, 6.141037
13.855762, 0.067543, 6.141037
13.858254, 0.067543, 6.141037
13.860718, 0.067543, 6.141037
13.863093, 0.067543, 6.141037
13.865381, 0.070092, 6.372763
13.867580, 0.070092, 6.372763
13.869775, 0.067543, 6.141037
13.872017, 0.067543, 6.141037
13.874206, 0.070092, 6.372763
13.876445, 0.067543, 6.141037
13.878689, 0.067543, 6.141037
13.880935, 0.067543, 6.141037
13.883318, 0.067543, 6.141037
13.885638, 0.067543, 6.141037
13.888034, 0.067543, 6.141037
13.890515, 0.067543, 6.141037
13.893334, 0.067543, 6.141037
13.895951, 0.067543, 6.141037
13.898476, 0.067543, 6.141037
13.900946, 0.067543, 6.141037
13.903508, 0.067543, 6.141037
13.905876, 0.067543, 6.141037
13.908196, 0.067543, 6.141037
13.910483, 0.067543, 6.141037
13.912881, 0.067543, 6.141037
13.915158, 0.067543, 6.141037
13.917506, 0.067543, 6.141037
13.919771, 0.067543, 6.141037
13.922244, 0.067543, 6.141037
13.924583, 0.067543, 6.141037
13.927160, 0.067543, 6.141037
13.929998, 0.067543, 6.141037
13.933056, 0.070092, 6.372763
13.935918, 0.070092, 6.372763
13.938156, 0.067543, 6.141037
13.940391, 0.067543, 6.141037
13.942856, 0.067543, 6.141037
13.945114, 0.067543, 6.141037
13.947503, 0.067543, 6.141037
13.949809, 0.067543, 6.141037
13.952086, 0.067543, 6.141037
13.954828, 0.067543, 6.141037
13.957327, 0.067543, 6.141037
13.959654, 0.067543, 6.141037
13.962441, 0.067543, 6.141037
13.964902, 0.067543, 6.141037
13.967356, 0.067543, 6.141037
13.970034, 0.067543, 6.141037
13.972405, 0.067543, 6.141037
13.975598, 0.067543, 6.141037
13.977521, 0.067543, 6.141037
13.979418, 0.070092, 6.372763
13.981491, 0.067543, 6.141037
13.983864, 0.070092, 6.372763
13.986297, 0.067543, 6.141037
13.988663, 0.067543, 6.141037
13.990989, 0.067543, 6.141037
13.993215, 0.067543, 6.141037
13.995562, 0.067543, 6.141037
13.997946, 0.067543, 6.141037
14.000379, 0.070092, 6.372763
14.002801, 0.067543, 6.141037
14.005343, 0.067543, 6.141037
14.007590, 0.067543, 6.141037
14.009949, 0.070092, 6.372763
14.012176, 0.067543, 6.141037
14.014350, 0.067543, 6.141037
14.016725, 0.067543, 6.141037
14.019083, 0.067543, 6.141037
14.021417, 0.067543, 6.141037
14.023570, 0.067543, 6.141037
14.025841, 0.067543, 6.141037
14.028179, 0.067543, 6.141037
14.030482, 0.067543, 6.141037
14.032677, 0.067543, 6.141037
14.035110, 0.067543, 6.141037
14.037694, 0.067543, 6.141037
14.039993, 0.070092, 6.372763
14.042150, 0.067543, 6.141037
14.044317, 0.067543, 6.141037
14.046639, 0.067543, 6.141037
14.049160, 0.067543, 6.141037
14.052526, 0.067543, 6.141037
14.054333, 0.067543, 6.141037
14.056337, 0.067543, 6.141037
14.058483, 0.067543, 6.141037
14.060878, 0.067543, 6.141037
14.063277, 0.067543, 6.141037
14.065623, 0.067543, 6.141037
14.068878, 0.070092, 6.372763
14.070952, 0.067543, 6.141037
14.072913, 0.067543, 6.141037
14.074974, 0.067543, 6.141037
14.078133, 0.070092, 6.372763
14.082949, 0.070092, 6.372763
14.086938, 0.067543, 6.141037
14.090142, 0.067543, 6.141037
14.092511, 0.067543, 6.141037
14.094422, 0.067543, 6.141037
14.096136, 0.067543, 6.141037
14.099229, 0.067543, 6.141037
14.103246, 0.067543, 6.141037
14.107316, 0.067543, 6.141037
14.110568, 0.067543, 6.141037
14.112855, 0.067543, 6.141037
14.114699, 0.067543, 6.141037
14.116726, 0.067543, 6.141037
14.120148, 0.067543, 6.141037
14.121873, 0.067543, 6.141037
14.123977, 0.070092, 6.372763
14.126184, 0.067543, 6.141037
14.129223, 0.070092, 6.372763
14.132412, 0.067543, 6.141037
14.134525, 0.070092, 6.372763
14.136665, 0.067543, 6.141037
14.138995, 0.070092, 6.372763
14.141354, 0.067543, 6.141037
14.143857, 0.067543, 6.141037
14.146377, 0.067543, 6.141037
14.148829, 0.067543, 6.141037
14.151365, 0.070092, 6.372763
14.153818, 0.067543, 6.141037
14.156228, 0.067543, 6.141037
14.158507, 0.070092, 6.372763
14.161130, 0.067543, 6.141037
14.163604, 0.067543, 6.141037
14.165801, 0.067543, 6.141037
14.169081, 0.070092, 6.372763
14.171656, 0.067543, 6.141037
14.173454, 0.070092, 6.372763
14.175482, 0.067543, 6.141037
14.177708, 0.067543, 6.141037
14.180176, 0.067543, 6.141037
14.182853, 0.067543, 6.141037
14.185475, 0.067543, 6.141037
14.188008, 0.067543, 6.141037
14.190597, 0.067543, 6.141037
14.192976, 0.070092, 6.372763
14.195249, 0.067543, 6.141037
14.197560, 0.070092, 6.372763
14.200256, 0.067543, 6.141037
14.202682, 0.067543, 6.141037
14.205140, 0.067543, 6.141037
14.207337, 0.067543, 6.141037
14.210350, 0.067543, 6.141037
14.212597, 0.067543, 6.141037
14.214977, 0.067543, 6.141037
14.217273, 0.067543, 6.141037
14.219533, 0.067543, 6.141037
14.222212, 0.067543, 6.141037
14.224609, 0.070092, 6.372763
14.226900, 0.067543, 6.141037
14.229034, 0.067543, 6.141037
14.231839, 0.070092, 6.372763
14.234292, 0.067543, 6.141037
14.236595, 0.067543, 6.141037
14.238848, 0.067543, 6.141037
14.241262, 0.067543, 6.141037
14.244388, 0.067543, 6.141037
14.246492, 0.067543, 6.141037
14.248474, 0.067543, 6.141037
14.251474, 0.067543, 6.141037
14.254493, 0.067543, 6.141037
14.257104, 0.067543, 6.141037
14.259486, 0.067543, 6.141037
14.261685, 0.067543, 6.141037
14.263916, 0.067543, 6.141037
14.266193, 0.067543, 6.141037
14.269604, 0.067543, 6.141037
14.271463, 0.067543, 6.141037
14.276548, 0.067543, 6.141037
14.281628, 0.067543, 6.141037
14.285880, 0.067543, 6.141037
14.289272, 0.067543, 6.141037
14.292074, 0.067543, 6.141037
14.295872, 0.067543, 6.141037
14.298482, 0.067543, 6.141037
14.301244, 0.067543, 6.141037
14.303376, 0.067543, 6.141037
14.305166, 0.067543, 6.141037
14.306946, 0.067543, 6.141037
14.309133, 0.067543, 6.141037
14.312334, 0.067543, 6.141037
14.317100, 0.067543, 6.141037
14.320885, 0.067543, 6.141037
14.324140, 0.067543, 6.141037
14.327236, 0.067543, 6.141037
14.329971, 0.067543, 6.141037
14.332357, 0.067543, 6.141037
14.334726, 0.067543, 6.141037
14.336902, 0.067543, 6.141037
14.339002, 0.067543, 6.141037
14.341099, 0.067543, 6.141037
14.343309, 0.067543, 6.141037
14.345614, 0.067543, 6.141037
14.347784, 0.067543, 6.141037
14.350017, 0.067543, 6.141037
14.352156, 0.070092, 6.372763
14.354406, 0.070092, 6.372763
14.356684, 0.067543, 6.141037
14.359028, 0.067543, 6.141037
14.361199, 0.067543, 6.141037
14.363362, 0.070092, 6.372763
14.365649, 0.067543, 6.141037
14.367933, 0.067543, 6.141037
14.370183, 0.070092, 6.372763
14.372525, 0.067543, 6.141037
14.375029, 0.070092, 6.372763
14.377285, 0.067543, 6.141037
14.379524, 0.070092, 6.372763
14.381889, 0.067543, 6.141037
14.385306, 0.067543, 6.141037
14.387554, 0.067543, 6.141037
14.389475, 0.067543, 6.141037
14.391431, 0.067543, 6.141037
14.393514, 0.067543, 6.141037
14.396971, 0.067543, 6.141037
14.398959, 0.067543, 6.141037
14.401212, 0.067543, 6.141037
14.403406, 0.067543, 6.141037
14.405409, 0.067543, 6.141037
14.407329, 0.067543, 6.141037
14.409377, 0.067543, 6.141037
14.411474, 0.070092, 6.372763
14.413628, 0.067543, 6.141037
14.416064, 0.067543, 6.141037
14.418432, 0.067543, 6.141037
14.420813, 0.067543, 6.141037
14.423033, 0.067543, 6.141037
14.425783, 0.067543, 6.141037
14.428107, 0.067543, 6.141037
14.430350, 0.070092, 6.372763
14.432670, 0.067543, 6.141037
14.434998, 0.067543, 6.141037
14.437652, 0.067543, 6.141037
14.440054, 0.067543, 6.141037
14.442367, 0.067543, 6.141037
14.444838, 0.067543, 6.141037
14.448246, 0.067543, 6.141037
14.451932, 0.067543, 6.141037
14.455172, 0.067543, 6.141037
14.458198, 0.067543, 6.141037
14.461355, 0.067543, 6.141037
14.464118, 0.067543, 6.141037
14.468154, 0.067543, 6.141037
14.470501, 0.067543, 6.141037
14.472554, 0.067543, 6.141037
14.474519, 0.067543, 6.141037
14.476648, 0.067543, 6.141037
14.478801, 0.067543, 6.141037
14.481122, 0.067543, 6.141037
14.483390, 0.067543, 6.141037
14.485749, 0.067543, 6.141037
14.488178, 0.067543, 6.141037
14.490536, 0.067543, 6.141037
14.492961, 0.067543, 6.141037
14.495131, 0.067543, 6.141037
14.497562, 0.067543, 6.141037
14.499987, 0.067543, 6.141037
14.502329, 0.067543, 6.141037
14.504485, 0.067543, 6.141037
14.506639, 0.067543, 6.141037
14.508938, 0.067543, 6.141037
14.511287, 0.067543, 6.141037
14.513669, 0.067543, 6.141037
14.515837, 0.067543, 6.141037
14.518200, 0.067543, 6.141037
14.520439, 0.067543, 6.141037
14.522794, 0.067543, 6.141037
14.524951, 0.067543, 6.141037
14.527104, 0.067543, 6.141037
14.529651, 0.067543, 6.141037
14.531992, 0.067543, 6.141037
14.535278, 0.067543, 6.141037
14.537263, 0.067543, 6.141037
14.539284, 0.067543, 6.141037
14.541420, 0.067543, 6.141037
14.543553, 0.067543, 6.141037
14.545707, 0.067543, 6.141037
14.547946, 0.067543, 6.141037
14.550354, 0.067543, 6.141037
14.552714, 0.067543, 6.141037
14.555121, 0.067543, 6.141037
14.557359, 0.067543, 6.141037
14.559956, 0.067543, 6.141037
14.562381, 0.067543, 6.141037
14.564573, 0.067543, 6.141037
14.566937, 0.067543, 6.141037
14.569494, 0.067543, 6.141037
14.571821, 0.067543, 6.141037
14.574165, 0.067543, 6.141037
14.576272, 0.067543, 6.141037
14.578374, 0.070092, 6.372763
14.580773, 0.067543, 6.141037
14.583239, 0.067543, 6.141037
14.586226, 0.067543, 6.141037
14.588130, 0.067543, 6.141037
14.590099, 0.067543, 6.141037
14.592237, 0.067543, 6.141037
14.594535, 0.067543, 6.141037
14.596928, 0.067543, 6.141037
14.599175, 0.067543, 6.141037
14.601532, 0.067543, 6.141037
14.603873, 0.067543, 6.141037
14.606230, 0.070092, 6.372763
14.608442, 0.067543, 6.141037
14.610638, 0.067543, 6.141037
14.614987, 0.067543, 6.141037
14.616739, 0.067543, 6.141037
14.618623, 0.067543, 6.141037
14.620688, 0.067543, 6.141037
14.623969, 0.067543, 6.141037
14.629113, 0.067543, 6.141037
14.634935, 0.067543, 6.141037
14.639756, 0.067543, 6.141037
14.644971, 0.070092, 6.372763
14.648935, 0.067543, 6.141037
14.652340, 0.067543, 6.141037
14.655421, 0.067543, 6.141037
14.658202, 0.067543, 6.141037
14.660767, 0.067543, 6.141037
14.663331, 0.067543, 6.141037
14.665669, 0.067543, 6.141037
14.667954, 0.067543, 6.141037
14.670208, 0.067543, 6.141037
14.672451, 0.067543, 6.141037
14.674858, 0.067543, 6.141037
14.677012, 0.070092, 6.372763
14.679163, 0.067543, 6.141037
14.681390, 0.067543, 6.141037
14.684067, 0.067543, 6.141037
14.686565, 0.067543, 6.141037
14.688809, 0.067543, 6.141037
14.691019, 0.067543, 6.141037
14.693263, 0.067543, 6.141037
14.695471, 0.067543, 6.141037
14.697705, 0.067543, 6.141037
14.699954, 0.067543, 6.141037
14.702366, 0.067543, 6.141037
14.704950, 0.067543, 6.141037
14.707373, 0.067543, 6.141037
14.709741, 0.067543, 6.141037
14.711986, 0.067543, 6.141037
14.714424, 0.067543, 6.141037
14.717153, 0.067543, 6.141037
14.719610, 0.067543, 6.141037
14.722009, 0.067543, 6.141037
14.724320, 0.067543, 6.141037
14.726719, 0.067543, 6.141037
14.729143, 0.067543, 6.141037
14.731627, 0.067543, 6.141037
14.735120, 0.070092, 6.372763
14.740113, 0.067543, 6.141037
14.745063, 0.067543, 6.141037
14.748604, 0.067543, 6.141037
14.751374, 0.067543, 6.141037
14.753730, 0.067543, 6.141037
14.756101, 0.067543, 6.141037
14.758454, 0.067543, 6.141037
14.760980, 0.067543, 6.141037
14.763305, 0.067543, 6.141037
14.766024, 0.067543, 6.141037
14.768724, 0.067543, 6.141037
14.771286, 0.067543, 6.141037
14.773977, 0.067543, 6.141037
14.776970, 0.067543, 6.141037
14.780310, 0.067543, 6.141037
14.783839, 0.067543, 6.141037
14.787720, 0.067543, 6.141037
14.791304, 0.067543, 6.141037
14.794795, 0.067543, 6.141037
14.798538, 0.067543, 6.141037
14.801969, 0.067543, 6.141037
14.805500, 0.067543, 6.141037
14.809109, 0.067543, 6.141037
14.812326, 0.067543, 6.141037
14.815395, 0.067543, 6.141037
14.819566, 0.067543, 6.141037
14.823799, 0.067543, 6.141037
14.826800, 0.067543, 6.141037
14.829811, 0.067543, 6.141037
14.833003, 0.067543, 6.141037
14.836192, 0.067543, 6.141037
14.839344, 0.067543, 6.141037
14.842313, 0.067543, 6.141037
14.845127, 0.067543, 6.141037
14.848176, 0.067543, 6.141037
14.851037, 0.067543, 6.141037
14.853161, 0.067543, 6.141037
14.855119, 0.067543, 6.141037
14.856927, 0.067543, 6.141037
14.858925, 0.067543, 6.141037
14.861097, 0.067543, 6.141037
14.865816, 0.067543, 6.141037
14.873036, 0.067543, 6.141037
14.878059, 0.067543, 6.141037
14.882336, 0.067543, 6.141037
14.884534, 0.067543, 6.141037
14.886321, 0.067543, 6.141037
14.888103, 0.067543, 6.141037
14.890049, 0.067543, 6.141037
14.892150, 0.067543, 6.141037
14.895280, 0.067543, 6.141037
14.897701, 0.067543, 6.141037
14.899862, 0.067543, 6.141037
14.902287, 0.067543, 6.141037
14.904690, 0.067543, 6.141037
14.907019, 0.067543, 6.141037
14.909410, 0.067543, 6.141037
14.911946, 0.067543, 6.141037
14.914461, 0.067543, 6.141037
14.916929, 0.067543, 6.141037
14.919399, 0.067543, 6.141037
14.921793, 0.067543, 6.141037
14.924215, 0.067543, 6.141037
14.926688, 0.067543, 6.141037
14.929272, 0.067543, 6.141037
14.931907, 0.067543, 6.141037
14.934423, 0.067543, 6.141037
14.937130, 0.067543, 6.141037
14.939827, 0.070092, 6.372763
14.942289, 0.067543, 6.141037
14.944800, 0.067543, 6.141037
14.947230, 0.067543, 6.141037
14.950202, 0.067543, 6.141037
14.952416, 0.067543, 6.141037
14.954358, 0.067543, 6.141037
14.958125, 0.067543, 6.141037
14.960732, 0.067543, 6.141037
14.962810, 0.067543, 6.141037
14.965036, 0.067543, 6.141037
14.967812, 0.067543, 6.141037
14.969681, 0.067543, 6.141037
14.971837, 0.067543, 6.141037
14.974066, 0.067543, 6.141037
14.976650, 0.067543, 6.141037
14.979078, 0.067543, 6.141037
14.981535, 0.067543, 6.141037
14.983931, 0.067543, 6.141037
14.986378, 0.067543, 6.141037
14.988845, 0.067543, 6.141037
14.991166, 0.067543, 6.141037
14.993397, 0.067543, 6.141037
14.995637, 0.067543, 6.141037
14.998313, 0.070092, 6.372763
15.000704, 0.067543, 6.141037
15.003003, 0.067543, 6.141037
15.005263, 0.067543, 6.141037
15.007518, 0.067543, 6.141037
15.009658, 0.067543, 6.141037
15.011791, 0.067543, 6.141037
15.013925, 0.067543, 6.141037
15.016510, 0.067543, 6.141037
15.019673, 0.067543, 6.141037
15.021840, 0.067543, 6.141037
15.023933, 0.067543, 6.141037
15.025960, 0.067543, 6.141037
15.029226, 0.067543, 6.141037
15.031357, 0.070092, 6.372763
15.033571, 0.067543, 6.141037
15.035709, 0.067543, 6.141037
15.039088, 0.067543, 6.141037
15.041189, 0.067543, 6.141037
15.043200, 0.067543, 6.141037
15.045246, 0.067543, 6.141037
15.048204, 0.067543, 6.141037
15.050655, 0.067543, 6.141037
15.052781, 0.067543, 6.141037
15.054901, 0.067543, 6.141037
15.057185, 0.067543, 6.141037
15.059703, 0.067543, 6.141037
15.061595, 0.067543, 6.141037
15.063504, 0.067543, 6.141037
15.065623, 0.067543, 6.141037
15.069287, 0.067543, 6.141037
15.071072, 0.067543, 6.141037
15.072933, 0.067543, 6.141037
15.075022, 0.067543, 6.141037
15.077264, 0.067543, 6.141037
15.080280, 0.067543, 6.141037
15.082204, 0.067543, 6.141037
15.084302, 0.067543, 6.141037
15.086343, 0.067543, 6.141037
15.089216, 0.067543, 6.141037
15.092225, 0.067543, 6.141037
15.094755, 0.067543, 6.141037
15.096703, 0.067543, 6.141037
15.098714, 0.067543, 6.141037
15.100835, 0.067543, 6.141037
15.102954, 0.067543, 6.141037
15.105134, 0.067543, 6.141037
15.107280, 0.067543, 6.141037
15.110466, 0.067543, 6.141037
15.112324, 0.067543, 6.141037
15.114161, 0.067543, 6.141037
15.116685, 0.067543, 6.141037
15.121123, 0.067543, 6.141037
15.124050, 0.067543, 6.141037
15.126321, 0.067543, 6.141037
15.128227, 0.067543, 6.141037
15.131737, 0.064994, 5.909310
15.136659, 0.067543, 6.141037
15.140428, 0.067543, 6.141037
15.143584, 0.067543, 6.141037
15.146150, 0.067543, 6.141037
15.148475, 0.067543, 6.141037
15.151760, 0.070092, 6.372763
15.153696, 0.067543, 6.141037
15.155347, 0.067543, 6.141037
15.157143, 0.067543, 6.141037
15.159202, 0.067543, 6.141037
15.162968, 0.067543, 6.141037
15.166389, 0.067543, 6.141037
15.168910, 0.067543, 6.141037
15.172026, 0.067543, 6.141037
15.173798, 0.067543, 6.141037
15.175657, 0.067543, 6.141037
15.177639, 0.067543, 6.141037
15.179973, 0.067543, 6.141037
15.182671, 0.067543, 6.141037
15.184716, 0.067543, 6.141037
15.187018, 0.067543, 6.141037
15.188973, 0.067543, 6.141037
15.191226, 0.067543, 6.141037
15.193554, 0.067543, 6.141037
15.196307, 0.067543, 6.141037
15.199097, 0.067543, 6.141037
15.202397, 0.067543, 6.141037
15.204044, 0.067543, 6.141037
15.205648, 0.067543, 6.141037
15.207425, 0.067543, 6.141037
15.209364, 0.067543, 6.141037
15.211511, 0.067543, 6.141037
15.213398, 0.067543, 6.141037
15.215610, 0.067543, 6.141037
15.218188, 0.067543, 6.141037
15.220870, 0.070092, 6.372763
15.223611, 0.067543, 6.141037
15.226306, 0.070092, 6.372763
15.228891, 0.067543, 6.141037
15.231529, 0.067543, 6.141037
15.234169, 0.067543, 6.141037
15.236847, 0.067543, 6.141037
15.239271, 0.067543, 6.141037
15.242206, 0.067543, 6.141037
15.244565, 0.067543, 6.141037
15.247000, 0.067543, 6.141037
15.249171, 0.067543, 6.141037
15.251487, 0.067543, 6.141037
15.253872, 0.067543, 6.141037
15.256108, 0.067543, 6.141037
15.258304, 0.067543, 6.141037
15.260463, 0.070092, 6.372763
15.262997, 0.067543, 6.141037
15.265292, 0.067543, 6.141037
15.267704, 0.067543, 6.141037
15.269994, 0.067543, 6.141037
15.272495, 0.067543, 6.141037
15.274829, 0.067543, 6.141037
15.277097, 0.067543, 6.141037
15.279269, 0.067543, 6.141037
15.281420, 0.067543, 6.141037
15.283870, 0.067543, 6.141037
15.286173, 0.067543, 6.141037
15.288432, 0.067543, 6.141037
15.290677, 0.067543, 6.141037
15.293137, 0.067543, 6.141037
15.295387, 0.067543, 6.141037
15.297626, 0.067543, 6.141037
15.299870, 0.067543, 6.141037
15.302229, 0.067543, 6.141037
15.304786, 0.067543, 6.141037
15.307120, 0.067543, 6.141037
15.309286, 0.070092, 6.372763
15.311479, 0.067543, 6.141037
15.314743, 0.067543, 6.141037
15.316690, 0.067543, 6.141037
15.318396, 0.070092, 6.372763
15.320148, 0.067543, 6.141037
15.322286, 0.067543, 6.141037
15.326288, 0.067543, 6.141037
15.330932, 0.067543, 6.141037
15.334980, 0.067543, 6.141037
15.337649, 0.067543, 6.141037
15.339748, 0.067543, 6.141037
15.341545, 0.067543, 6.141037
15.343757, 0.070092, 6.372763
15.346535, 0.067543, 6.141037
15.348636, 0.067543, 6.141037
15.350984, 0.067543, 6.141037
15.353209, 0.067543, 6.141037
15.355533, 0.067543, 6.141037
15.357895, 0.067543, 6.141037
15.360130, 0.067543, 6.141037
15.362403, 0.067543, 6.141037
15.364617, 0.067543, 6.141037
15.367166, 0.067543, 6.141037
15.369495, 0.067543, 6.141037
15.371795, 0.067543, 6.141037
15.374076, 0.067543, 6.141037
15.376485, 0.067543, 6.141037
15.378710, 0.067543, 6.141037
15.381010, 0.067543, 6.141037
15.383451, 0.067543, 6.141037
15.385756, 0.067543, 6.141037
15.388048, 0.067543, 6.141037
15.390186, 0.067543, 6.141037
15.392311, 0.067543, 6.141037
15.395362, 0.067543, 6.141037
15.397242, 0.067543, 6.141037
15.399297, 0.067543, 6.141037
15.402528, 0.067543, 6.141037
15.405860, 0.067543, 6.141037
15.408939, 0.067543, 6.141037
15.411709, 0.067543, 6.141037
15.414489, 0.067543, 6.141037
15.417513, 0.067543, 6.141037
15.419955, 0.067543, 6.141037
15.422254, 0.067543, 6.141037
15.425080, 0.067543, 6.141037
15.428093, 0.067543, 6.141037
15.429985, 0.067543, 6.141037
15.431780, 0.067543, 6.141037
15.434333, 0.067543, 6.141037
15.436996, 0.067543, 6.141037
15.438671, 0.067543, 6.141037
15.440743, 0.067543, 6.141037
15.443646, 0.067543, 6.141037
15.446200, 0.067543, 6.141037
15.448469, 0.067543, 6.141037
15.450497, 0.067543, 6.141037
15.452244, 0.067543, 6.141037
15.454062, 0.067543, 6.141037
15.456545, 0.067543, 6.141037
15.458681, 0.067543, 6.141037
15.460924, 0.067543, 6.141037
15.463628, 0.067543, 6.141037
15.465778, 0.067543, 6.141037
15.468243, 0.067543, 6.141037
15.470707, 0.067543, 6.141037
15.473306, 0.067543, 6.141037
15.475854, 0.067543, 6.141037
15.478339, 0.067543, 6.141037
15.480857, 0.067543, 6.141037
15.483659, 0.067543, 6.141037
15.485715, 0.067543, 6.141037
15.487727, 0.070092, 6.372763
15.489623, 0.070092, 6.372763
15.491502, 0.067543, 6.141037
15.493661, 0.067543, 6.141037
15.496033, 0.067543, 6.141037
15.498644, 0.067543, 6.141037
15.501335, 0.070092, 6.372763
15.504036, 0.067543, 6.141037
15.506511, 0.067543, 6.141037
15.508973, 0.067543, 6.141037
15.511485, 0.070092, 6.372763
15.513485, 0.067543, 6.141037
15.515418, 0.067543, 6.141037
15.518948, 0.067543, 6.141037
15.522171, 0.067543, 6.141037
15.524104, 0.070092, 6.372763
15.525892, 0.067543, 6.141037
15.527820, 0.067543, 6.141037
15.530103, 0.067543, 6.141037
15.533150, 0.067543, 6.141037
15.535337, 0.067543, 6.141037
15.537408, 0.067543, 6.141037
15.539575, 0.067543, 6.141037
15.542727, 0.067543, 6.141037
15.544636, 0.067543, 6.141037
15.546712, 0.067543, 6.141037
15.548814, 0.067543, 6.141037
15.551610, 0.067543, 6.141037
15.553724, 0.067543, 6.141037
15.555687, 0.067543, 6.141037
15.557707, 0.067543, 6.141037
15.559857, 0.067543, 6.141037
15.562208, 0.067543, 6.141037
15.564579, 0.067543, 6.141037
15.567872, 0.067543, 6.141037
15.569825, 0.067543, 6.141037
15.572213, 0.067543, 6.141037
15.574658, 0.067543, 6.141037
15.577012, 0.067543, 6.141037
15.579321, 0.067543, 6.141037
15.582119, 0.067543, 6.141037
15.584730, 0.070092, 6.372763
15.586715, 0.067543, 6.141037
15.588642, 0.067543, 6.141037
15.590656, 0.067543, 6.141037
15.593941, 0.067543, 6.141037
15.596534, 0.067543, 6.141037
15.598586, 0.067543, 6.141037
15.601698, 0.067543, 6.141037
15.603399, 0.067543, 6.141037
15.605241, 0.067543, 6.141037
15.607397, 0.067543, 6.141037
15.609688, 0.067543, 6.141037
15.612691, 0.067543, 6.141037
15.614977, 0.070092, 6.372763
15.617104, 0.067543, 6.141037
15.619182, 0.067543, 6.141037
15.621341, 0.067543, 6.141037
15.623729, 0.067543, 6.141037
15.626021, 0.067543, 6.141037
15.628352, 0.067543, 6.141037
15.630545, 0.070092, 6.372763
15.633527, 0.067543, 6.141037
15.635720, 0.067543, 6.141037
15.637628, 0.067543, 6.141037
15.639606, 0.067543, 6.141037
15.641651, 0.067543, 6.141037
15.645319, 0.067543, 6.141037
15.648410, 0.067543, 6.141037
15.651340, 0.067543, 6.141037
15.654393, 0.067543, 6.141037
15.656048, 0.067543, 6.141037
15.657735, 0.067543, 6.141037
15.659770, 0.070092, 6.372763
15.662028, 0.067543, 6.141037
15.665037, 0.067543, 6.141037
15.666946, 0.067543, 6.141037
15.668723, 0.067543, 6.141037
15.670619, 0.067543, 6.141037
15.672807, 0.067543, 6.141037
15.676637, 0.067543, 6.141037
15.679221, 0.067543, 6.141037
15.681244, 0.067543, 6.141037
15.684138, 0.067543, 6.141037
15.686709, 0.067543, 6.141037
15.688555, 0.067543, 6.141037
15.690865, 0.067543, 6.141037
15.693219, 0.067543, 6.141037
15.696775, 0.067543, 6.141037
15.699447, 0.067543, 6.141037
15.701605, 0.067543, 6.141037
15.703423, 0.067543, 6.141037
15.705350, 0.067543, 6.141037
15.707335, 0.067543, 6.141037
15.709446, 0.067543, 6.141037
15.711648, 0.067543, 6.141037
15.713824, 0.067543, 6.141037
15.716485, 0.067543, 6.141037
15.719326, 0.067543, 6.141037
15.721746, 0.067543, 6.141037
15.723946, 0.067543, 6.141037
15.726996, 0.067543, 6.141037
15.728934, 0.067543, 6.141037
15.730764, 0.067543, 6.141037
15.733085, 0.067543, 6.141037
15.736235, 0.067543, 6.141037
15.738219, 0.067543, 6.141037
15.740232, 0.067543, 6.141037
15.742315, 0.067543, 6.141037
15.744461, 0.067543, 6.141037
15.747508, 0.067543, 6.141037
15.749792, 0.067543, 6.141037
15.752181, 0.067543, 6.141037
15.754049, 0.067543, 6.141037
15.757068, 0.067543, 6.141037
15.759106, 0.067543, 6.141037
15.760654, 0.067543, 6.141037
15.762383, 0.067543, 6.141037
15.764184, 0.067543, 6.141037
15.767078, 0.067543, 6.141037
15.769311, 0.067543, 6.141037
15.771161, 0.070092, 6.372763
15.773003, 0.067543, 6.141037
15.774956, 0.067543, 6.141037
15.776930, 0.067543, 6.141037
15.778710, 0.067543, 6.141037
15.781674, 0.067543, 6.141037
15.784468, 0.067543, 6.141037
15.787382, 0.067543, 6.141037
15.790032, 0.070092, 6.372763
15.792603, 0.067543, 6.141037
15.795090, 0.067543, 6.141037
15.797577, 0.067543, 6.141037
15.800096, 0.067543, 6.141037
15.802603, 0.067543, 6.141037
15.804911, 0.067543, 6.141037
15.807464, 0.067543, 6.141037
15.809629, 0.067543, 6.141037
15.811414, 0.067543, 6.141037
15.813200, 0.067543, 6.141037
15.815062, 0.070092, 6.372763
15.818516, 0.070092, 6.372763
15.821525, 0.067543, 6.141037
15.824391, 0.067543, 6.141037
15.827610, 0.067543, 6.141037
15.829219, 0.067543, 6.141037
15.830838, 0.067543, 6.141037
15.832865, 0.067543, 6.141037
15.835295, 0.070092, 6.372763
15.837826, 0.067543, 6.141037
15.839946, 0.067543, 6.141037
15.841812, 0.067543, 6.141037
15.843909, 0.067543, 6.141037
15.846120, 0.067543, 6.141037
15.848487, 0.067543, 6.141037
15.851003, 0.067543, 6.141037
15.853719, 0.070092, 6.372763
15.856411, 0.067543, 6.141037
15.859273, 0.070092, 6.372763
15.861799, 0.067543, 6.141037
15.864254, 0.067543, 6.141037
15.866701, 0.067543, 6.141037
15.870227, 0.067543, 6.141037
15.871991, 0.067543, 6.141037
15.873538, 0.070092, 6.372763
15.875287, 0.067543, 6.141037
15.877152, 0.067543, 6.141037
15.880424, 0.070092, 6.372763
15.882957, 0.067543, 6.141037
15.885836, 0.067543, 6.141037
15.887999, 0.067543, 6.141037
15.890127, 0.067543, 6.141037
15.892236, 0.067543, 6.141037
15.894441, 0.067543, 6.141037
15.896713, 0.067543, 6.141037
15.899665, 0.070092, 6.372763
15.905037, 0.070092, 6.372763
15.908836, 0.067543, 6.141037
15.912551, 0.067543, 6.141037
15.916182, 0.067543, 6.141037
15.919486, 0.067543, 6.141037
15.922508, 0.070092, 6.372763
15.925611, 0.070092, 6.372763
15.928686, 0.067543, 6.141037
15.931364, 0.067543, 6.141037
15.933907, 0.067543, 6.141037
15.936429, 0.070092, 6.372763
15.939187, 0.067543, 6.141037
15.941648, 0.067543, 6.141037
15.943837, 0.067543, 6.141037
15.945979, 0.067543, 6.141037
15.948209, 0.067543, 6.141037
15.950475, 0.067543, 6.141037
15.952706, 0.067543, 6.141037
15.954991, 0.070092, 6.372763
15.957131, 0.067543, 6.141037
15.959346, 0.067543, 6.141037
15.961507, 0.067543, 6.141037
15.964083, 0.067543, 6.141037
15.966297, 0.070092, 6.372763
15.968587, 0.067543, 6.141037
15.970825, 0.067543, 6.141037
15.973175, 0.070092, 6.372763
15.975333, 0.067543, 6.141037
15.977481, 0.067543, 6.141037
15.979762, 0.067543, 6.141037
15.982032, 0.070092, 6.372763
15.984367, 0.067543, 6.141037
15.986662, 0.067543, 6.141037
15.989031, 0.067543, 6.141037
15.991447, 0.067543, 6.141037
15.994474, 0.070092, 6.372763
15.997623, 0.070092, 6.372763
16.001111, 0.067543, 6.141037
16.003183, 0.067543, 6.141037
16.005202, 0.070092, 6.372763
16.007761, 0.070092, 6.372763
16.010648, 0.070092, 6.372763
16.013013, 0.067543, 6.141037
16.015216, 0.070092, 6.372763
16.017514, 0.067543, 6.141037
16.020380, 0.070092, 6.372763
16.022445, 0.067543, 6.141037
16.024523, 0.067543, 6.141037
16.026483, 0.067543, 6.141037
16.028604, 0.067543, 6.141037
16.031947, 0.070092, 6.372763
16.034121, 0.070092, 6.372763
16.036247, 0.067543, 6.141037
16.038427, 0.067543, 6.141037
16.040586, 0.067543, 6.141037
16.042772, 0.070092, 6.372763
16.045029, 0.067543, 6.141037
16.047142, 0.067543, 6.141037
16.049375, 0.067543, 6.141037
16.051740, 0.067543, 6.141037
16.053975, 0.067543, 6.141037
16.056128, 0.067543, 6.141037
16.058265, 0.070092, 6.372763
16.060683, 0.067543, 6.141037
16.063055, 0.067543, 6.141037
16.065288, 0.067543, 6.141037
16.068182, 0.067543, 6.141037
16.069975, 0.067543, 6.141037
16.072303, 0.070092, 6.372763
16.074456, 0.070092, 6.372763
16.076583, 0.070092, 6.372763
16.078804, 0.067543, 6.141037
16.081150, 0.067543, 6.141037
16.084027, 0.067543, 6.141037
16.086587, 0.067543, 6.141037
16.088870, 0.067543, 6.141037
16.091237, 0.070092, 6.372763
16.093501, 0.070092, 6.372763
16.095835, 0.067543, 6.141037
16.097998, 0.067543, 6.141037
16.101111, 0.070092, 6.372763
16.103256, 0.067543, 6.141037
16.105366, 0.070092, 6.372763
16.107540, 0.070092, 6.372763
16.109727, 0.067543, 6.141037
16.111977, 0.067543, 6.141037
16.114064, 0.067543, 6.141037
16.116608, 0.067543, 6.141037
16.119395, 0.070092, 6.372763
16.121319, 0.067543, 6.141037
16.123378, 0.067543, 6.141037
16.125532, 0.067543, 6.141037
16.127629, 0.067543, 6.141037
16.130574, 0.067543, 6.141037
16.133332, 0.067543, 6.141037
16.135626, 0.067543, 6.141037
16.137423, 0.067543, 6.141037
16.139638, 0.067543, 6.141037
16.142529, 0.067543, 6.141037
16.144924, 0.067543, 6.141037
16.147390, 0.067543, 6.141037
16.149815, 0.067543, 6.141037
16.152089, 0.067543, 6.141037
16.154490, 0.070092, 6.372763
16.156674, 0.067543, 6.141037
16.158791, 0.070092, 6.372763
16.160999, 0.070092, 6.372763
16.163144, 0.067543, 6.141037
16.165283, 0.070092, 6.372763
16.168299, 0.070092, 6.372763
16.170617, 0.070092, 6.372763
16.172987, 0.070092, 6.372763
16.174941, 0.067543, 6.141037
16.177099, 0.067543, 6.141037
16.179363, 0.067543, 6.141037
16.181837, 0.067543, 6.141037
16.184525, 0.070092, 6.372763
16.186584, 0.067543, 6.141037
16.188494, 0.067543, 6.141037
16.190973, 0.067543, 6.141037
16.193146, 0.067543, 6.141037
16.195326, 0.067543, 6.141037
16.197985, 0.067543, 6.141037
16.201125, 0.067543, 6.141037
16.203545, 0.067543, 6.141037
16.205818, 0.070092, 6.372763
16.208014, 0.067543, 6.141037
16.210423, 0.070092, 6.372763
16.212543, 0.067543, 6.141037
16.214696, 0.067543, 6.141037
16.217039, 0.067543, 6.141037
16.219295, 0.067543, 6.141037
16.222884, 0.070092, 6.372763
16.225786, 0.067543, 6.141037
16.228716, 0.067543, 6.141037
16.232091, 0.070092, 6.372763
16.234830, 0.070092, 6.372763
16.237222, 0.067543, 6.141037
16.239668, 0.067543, 6.141037
16.242733, 0.067543, 6.141037
16.244998, 0.070092, 6.372763
16.247204, 0.067543, 6.141037
16.249938, 0.067543, 6.141037
16.253406, 0.067543, 6.141037
16.255454, 0.067543, 6.141037
16.257593, 0.067543, 6.141037
16.260814, 0.070092, 6.372763
16.263558, 0.067543, 6.141037
16.266751, 0.067543, 6.141037
16.270923, 0.067543, 6.141037
16.273320, 0.067543, 6.141037
16.276464, 0.070092, 6.372763
16.279596, 0.067543, 6.141037
16.282773, 0.067543, 6.141037
16.285482, 0.067543, 6.141037
16.288152, 0.067543, 6.141037
16.291234, 0.067543, 6.141037
16.293230, 0.067543, 6.141037
16.295735, 0.067543, 6.141037
16.298055, 0.067543, 6.141037
16.300753, 0.067543, 6.141037
16.303660, 0.067543, 6.141037
16.306335, 0.067543, 6.141037
16.308974, 0.067543, 6.141037
16.311698, 0.070092, 6.372763
16.313963, 0.067543, 6.141037
16.316195, 0.067543, 6.141037
16.318573, 0.067543, 6.141037
16.320785, 0.067543, 6.141037
16.323345, 0.067543, 6.141037
16.325999, 0.070092, 6.372763
16.328720, 0.067543, 6.141037
16.331801, 0.067543, 6.141037
16.335166, 0.070092, 6.372763
16.338648, 0.067543, 6.141037
16.342480, 0.067543, 6.141037
16.346286, 0.067543, 6.141037
16.349836, 0.067543, 6.141037
16.353495, 0.067543, 6.141037
16.356813, 0.067543, 6.141037
16.360165, 0.067543, 6.141037
16.363489, 0.070092, 6.372763
16.366675, 0.067543, 6.141037
16.370073, 0.067543, 6.141037
16.373442, 0.070092, 6.372763
16.376370, 0.067543, 6.141037
16.379137, 0.067543, 6.141037
16.382113, 0.067543, 6.141037
16.384602, 0.067543, 6.141037
16.386431, 0.067543, 6.141037
16.388468, 0.067543, 6.141037
16.390534, 0.067543, 6.141037
16.393715, 0.067543, 6.141037
16.396628, 0.067543, 6.141037
16.400090, 0.067543, 6.141037
16.403701, 0.067543, 6.141037
16.405874, 0.067543, 6.141037
16.407807, 0.067543, 6.141037
16.409832, 0.067543, 6.141037
16.412853, 0.070092, 6.372763
16.417921, 0.067543, 6.141037
16.422832, 0.067543, 6.141037
16.426740, 0.067543, 6.141037
16.430093, 0.067543, 6.141037
16.433012, 0.067543, 6.141037
16.435237, 0.067543, 6.141037
16.437082, 0.067543, 6.141037
16.439053, 0.067543, 6.141037
16.441515, 0.067543, 6.141037
16.444871, 0.070092, 6.372763
16.448809, 0.067543, 6.141037
16.452878, 0.067543, 6.141037
16.455364, 0.067543, 6.141037
16.457408, 0.067543, 6.141037
16.459980, 0.067543, 6.141037
16.463344, 0.067543, 6.141037
16.467959, 0.067543, 6.141037
16.472662, 0.067543, 6.141037
16.476372, 0.067543, 6.141037
16.479745, 0.067543, 6.141037
16.482652, 0.067543, 6.141037
16.485401, 0.070092, 6.372763
16.488370, 0.067543, 6.141037
16.490786, 0.067543, 6.141037
16.493033, 0.067543, 6.141037
16.495252, 0.067543, 6.141037
16.497424, 0.067543, 6.141037
16.500079, 0.067543, 6.141037
16.502527, 0.067543, 6.141037
16.504495, 0.067543, 6.141037
16.506438, 0.067543, 6.141037
16.508564, 0.067543, 6.141037
16.510999, 0.067543, 6.141037
16.513288, 0.067543, 6.141037
16.515586, 0.067543, 6.141037
16.518734, 0.067543, 6.141037
16.520649, 0.067543, 6.141037
16.522618, 0.067543, 6.141037
16.524689, 0.067543, 6.141037
16.526821, 0.067543, 6.141037
16.529091, 0.067543, 6.141037
16.531693, 0.067543, 6.141037
16.534168, 0.067543, 6.141037
16.536604, 0.067543, 6.141037
16.538958, 0.067543, 6.141037
16.541608, 0.067543, 6.141037
16.544013, 0.067543, 6.141037
16.546335, 0.067543, 6.141037
16.548560, 0.067543, 6.141037
16.551342, 0.067543, 6.141037
16.553814, 0.070092, 6.372763
16.555641, 0.067543, 6.141037
16.557556, 0.067543, 6.141037
16.559603, 0.067543, 6.141037
16.562015, 0.067543, 6.141037
16.564346, 0.067543, 6.141037
16.567314, 0.067543, 6.141037
16.569267, 0.067543, 6.141037
16.571808, 0.067543, 6.141037
16.573862, 0.067543, 6.141037
16.575752, 0.067543, 6.141037
16.577766, 0.067543, 6.141037
16.579917, 0.067543, 6.141037
16.582447, 0.067543, 6.141037
16.585185, 0.067543, 6.141037
16.587195, 0.067543, 6.141037
16.589192, 0.067543, 6.141037
16.591527, 0.067543, 6.141037
16.593802, 0.067543, 6.141037
16.596065, 0.067543, 6.141037
16.598315, 0.067543, 6.141037
16.601637, 0.067543, 6.141037
16.603781, 0.067543, 6.141037
16.605757, 0.067543, 6.141037
16.607870, 0.067543, 6.141037
16.609946, 0.067543, 6.141037
16.612585, 0.067543, 6.141037
16.614769, 0.067543, 6.141037
16.617138, 0.067543, 6.141037
16.619404, 0.067543, 6.141037
16.622048, 0.067543, 6.141037
16.624620, 0.067543, 6.141037
16.626974, 0.067543, 6.141037
16.629300, 0.070092, 6.372763
16.632418, 0.067543, 6.141037
16.635028, 0.067543, 6.141037
16.636955, 0.067543, 6.141037
16.638917, 0.067543, 6.141037
16.641065, 0.067543, 6.141037
16.645422, 0.067543, 6.141037
16.649937, 0.067543, 6.141037
16.653810, 0.067543, 6.141037
16.656808, 0.067543, 6.141037
16.659406, 0.067543, 6.141037
16.662217, 0.067543, 6.141037
16.665460, 0.067543, 6.141037
16.668646, 0.067543, 6.141037
16.670396, 0.067543, 6.141037
16.672394, 0.067543, 6.141037
16.674499, 0.067543, 6.141037
16.676722, 0.067543, 6.141037
16.679745, 0.067543, 6.141037
16.683165, 0.067543, 6.141037
16.686605, 0.067543, 6.141037
16.688525, 0.067543, 6.141037
16.690336, 0.067543, 6.141037
16.692305, 0.067543, 6.141037
16.695129, 0.067543, 6.141037
16.698903, 0.067543, 6.141037
16.702875, 0.067543, 6.141037
16.705455, 0.067543, 6.141037
16.707497, 0.067543, 6.141037
16.709332, 0.067543, 6.141037
16.712542, 0.067543, 6.141037
16.716163, 0.067543, 6.141037
16.719326, 0.067543, 6.141037
16.721049, 0.067543, 6.141037
16.722783, 0.067543, 6.141037
16.724663, 0.067543, 6.141037
16.727028, 0.067543, 6.141037
16.729028, 0.067543, 6.141037
16.730935, 0.067543, 6.141037
16.733216, 0.067543, 6.141037
16.734877, 0.067543, 6.141037
16.736676, 0.067543, 6.141037
16.738837, 0.067543, 6.141037
16.741971, 0.070092, 6.372763
16.744328, 0.067543, 6.141037
16.746157, 0.067543, 6.141037
16.747875, 0.067543, 6.141037
16.749826, 0.067543, 6.141037
16.752889, 0.067543, 6.141037
16.754877, 0.067543, 6.141037
16.756864, 0.067543, 6.141037
16.758880, 0.067543, 6.141037
16.761074, 0.067543, 6.141037
16.763357, 0.070092, 6.372763
16.765482, 0.067543, 6.141037
16.767645, 0.067543, 6.141037
16.769614, 0.070092, 6.372763
16.771988, 0.070092, 6.372763
16.774538, 0.067543, 6.141037
16.776625, 0.067543, 6.141037
16.778726, 0.067543, 6.141037
16.780639, 0.067543, 6.141037
16.782543, 0.067543, 6.141037
16.784766, 0.067543, 6.141037
16.786999, 0.067543, 6.141037
16.789335, 0.067543, 6.141037
16.791754, 0.067543, 6.141037
16.794101, 0.070092, 6.372763
16.796459, 0.067543, 6.141037
16.798931, 0.067543, 6.141037
16.801847, 0.067543, 6.141037
16.804209, 0.067543, 6.141037
16.806549, 0.067543, 6.141037
16.808866, 0.067543, 6.141037
16.811181, 0.067543, 6.141037
16.813871, 0.067543, 6.141037
16.816320, 0.067543, 6.141037
16.818699, 0.067543, 6.141037
16.821133, 0.067543, 6.141037
16.823481, 0.067543, 6.141037
16.825741, 0.067543, 6.141037
16.828002, 0.067543, 6.141037
16.830245, 0.067543, 6.141037
16.832786, 0.067543, 6.141037
16.835089, 0.067543, 6.141037
16.837356, 0.067543, 6.141037
16.839689, 0.067543, 6.141037
16.842057, 0.067543, 6.141037
16.844335, 0.067543, 6.141037
16.846636, 0.067543, 6.141037
16.848886, 0.067543, 6.141037
16.851320, 0.067543, 6.141037
16.853585, 0.067543, 6.141037
16.855827, 0.067543, 6.141037
16.858066, 0.067543, 6.141037
16.860295, 0.067543, 6.141037
16.862668, 0.067543, 6.141037
16.864835, 0.067543, 6.141037
16.867643, 0.070092, 6.372763
16.869518, 0.067543, 6.141037
16.871524, 0.067543, 6.141037
16.873602, 0.067543, 6.141037
16.876152, 0.067543, 6.141037
16.879265, 0.067543, 6.141037
16.882168, 0.067543, 6.141037
16.884456, 0.067543, 6.141037
16.886241, 0.067543, 6.141037
16.887953, 0.067543, 6.141037
16.889805, 0.067543, 6.141037
16.892539, 0.067543, 6.141037
16.894575, 0.067543, 6.141037
16.896622, 0.067543, 6.141037
16.898775, 0.067543, 6.141037
16.901545, 0.067543, 6.141037
16.903906, 0.067543, 6.141037
16.906005, 0.067543, 6.141037
16.908075, 0.070092, 6.372763
16.910102, 0.067543, 6.141037
16.912123, 0.067543, 6.141037
16.914194, 0.067543, 6.141037
16.916360, 0.067543, 6.141037
16.918458, 0.067543, 6.141037
16.920814, 0.067543, 6.141037
16.923412, 0.067543, 6.141037
16.925760, 0.070092, 6.372763
16.927897, 0.067543, 6.141037
16.930005, 0.067543, 6.141037
16.932572, 0.070092, 6.372763
16.935113, 0.067543, 6.141037
16.937743, 0.067543, 6.141037
16.940257, 0.067543, 6.141037
16.943224, 0.067543, 6.141037
16.945813, 0.067543, 6.141037
16.947886, 0.067543, 6.141037
16.949984, 0.067543, 6.141037
16.952474, 0.067543, 6.141037
16.956189, 0.067543, 6.141037
16.959027, 0.067543, 6.141037
16.961477, 0.067543, 6.141037
16.964208, 0.067543, 6.141037
16.966428, 0.067543, 6.141037
16.968366, 0.067543, 6.141037
16.970344, 0.067543, 6.141037
16.972388, 0.067543, 6.141037
16.974958, 0.067543, 6.141037
16.977769, 0.067543, 6.141037
16.980818, 0.067543, 6.141037
16.983322, 0.067543, 6.141037
16.985525, 0.067543, 6.141037
16.987582, 0.067543, 6.141037
16.989504, 0.067543, 6.141037
16.992595, 0.067543, 6.141037
16.994504, 0.067543, 6.141037
16.996553, 0.067543, 6.141037
16.998680, 0.067543, 6.141037
17.000995, 0.067543, 6.141037
17.003003, 0.067543, 6.141037
17.008440, 0.067543, 6.141037
17.012836, 0.067543, 6.141037
17.016872, 0.067543, 6.141037
17.019798, 0.067543, 6.141037
17.021992, 0.067543, 6.141037
17.024114, 0.067543, 6.141037
17.025960, 0.067543, 6.141037
17.027932, 0.067543, 6.141037
17.030015, 0.067543, 6.141037
17.032144, 0.067543, 6.141037
17.034675, 0.067543, 6.141037
17.037109, 0.067543, 6.141037
17.039414, 0.067543, 6.141037
17.041747, 0.067543, 6.141037
17.044395, 0.067543, 6.141037
17.046636, 0.067543, 6.141037
17.048794, 0.067543, 6.141037
17.051092, 0.067543, 6.141037
17.053926, 0.067543, 6.141037
17.056597, 0.067543, 6.141037
17.058351, 0.067543, 6.141037
17.060309, 0.067543, 6.141037
17.062483, 0.067543, 6.141037
17.064931, 0.067543, 6.141037
17.067844, 0.067543, 6.141037
17.069853, 0.067543, 6.141037
17.071892, 0.067543, 6.141037
17.074241, 0.067543, 6.141037
17.076423, 0.067543, 6.141037
17.078656, 0.067543, 6.141037
17.080990, 0.067543, 6.141037
17.084130, 0.067543, 6.141037
17.086284, 0.067543, 6.141037
17.088176, 0.067543, 6.141037
17.090132, 0.067543, 6.141037
17.092182, 0.067543, 6.141037
17.094547, 0.067543, 6.141037
17.096989, 0.067543, 6.141037
17.099215, 0.067543, 6.141037
17.102299, 0.067543, 6.141037
17.105492, 0.067543, 6.141037
17.107280, 0.067543, 6.141037
17.109224, 0.067543, 6.141037
17.111534, 0.067543, 6.141037
17.114013, 0.067543, 6.141037
17.116590, 0.067543, 6.141037
17.119064, 0.067543, 6.141037
17.121439, 0.067543, 6.141037
17.124431, 0.067543, 6.141037
17.126685, 0.067543, 6.141037
17.128509, 0.067543, 6.141037
17.130368, 0.067543, 6.141037
17.132735, 0.067543, 6.141037
17.136468, 0.067543, 6.141037
17.138333, 0.067543, 6.141037
17.140402, 0.067543, 6.141037
17.144044, 0.067543, 6.141037
17.146445, 0.067543, 6.141037
17.148419, 0.067543, 6.141037
17.150251, 0.067543, 6.141037
17.152147, 0.067543, 6.141037
17.154955, 0.067543, 6.141037
17.157532, 0.067543, 6.141037
17.160080, 0.067543, 6.141037
17.162585, 0.067543, 6.141037
17.165167, 0.067543, 6.141037
17.168227, 0.067543, 6.141037
17.170274, 0.067543, 6.141037
17.172154, 0.067543, 6.141037
17.174725, 0.067543, 6.141037
17.176955, 0.067543, 6.141037
17.178947, 0.067543, 6.141037
17.181020, 0.067543, 6.141037
17.183213, 0.067543, 6.141037
17.185711, 0.067543, 6.141037
17.188704, 0.067543, 6.141037
17.190428, 0.067543, 6.141037
17.192302, 0.067543, 6.141037
17.194553, 0.067543, 6.141037
17.196914, 0.067543, 6.141037
17.199455, 0.067543, 6.141037
17.202252, 0.067543, 6.141037
17.205699, 0.067543, 6.141037
17.208538, 0.067543, 6.141037
17.211510, 0.067543, 6.141037
17.214263, 0.067543, 6.141037
17.216775, 0.067543, 6.141037
17.219241, 0.067543, 6.141037
17.221613, 0.067543, 6.141037
17.223827, 0.067543, 6.141037
17.226213, 0.067543, 6.141037
17.228428, 0.067543, 6.141037
17.230658, 0.067543, 6.141037
17.232760, 0.067543, 6.141037
17.235218, 0.067543, 6.141037
17.237533, 0.067543, 6.141037
17.239860, 0.067543, 6.141037
17.242179, 0.064994, 5.909310
17.244439, 0.067543, 6.141037
17.246916, 0.067543, 6.141037
17.249257, 0.067543, 6.141037
17.251679, 0.067543, 6.141037
17.254131, 0.067543, 6.141037
17.256766, 0.067543, 6.141037
17.259019, 0.064994, 5.909310
17.261239, 0.067543, 6.141037
17.263430, 0.067543, 6.141037
17.265896, 0.067543, 6.141037
17.269334, 0.070092, 6.372763
17.271444, 0.067543, 6.141037
17.273712, 0.067543, 6.141037
17.275894, 0.067543, 6.141037
17.278105, 0.067543, 6.141037
17.280293, 0.064994, 5.909310
17.282605, 0.067543, 6.141037
17.285289, 0.064994, 5.909310
17.287595, 0.067543, 6.141037
17.289857, 0.067543, 6.141037
17.291999, 0.067543, 6.141037
17.294142, 0.067543, 6.141037
17.296616, 0.067543, 6.141037
17.300080, 0.067543, 6.141037
17.302344, 0.067543, 6.141037
17.304147, 0.067543, 6.141037
17.306287, 0.067543, 6.141037
17.308641, 0.067543, 6.141037
17.311142, 0.067543, 6.141037
17.314851, 0.067543, 6.141037
17.317528, 0.067543, 6.141037
17.319842, 0.067543, 6.141037
17.322191, 0.067543, 6.141037
17.324754, 0.067543, 6.141037
17.326895, 0.067543, 6.141037
17.328648, 0.067543, 6.141037
17.330379, 0.067543, 6.141037
17.333339, 0.067543, 6.141037
17.337181, 0.067543, 6.141037
17.340454, 0.067543, 6.141037
17.343386, 0.064994, 5.909310
17.346165, 0.067543, 6.141037
17.349867, 0.067543, 6.141037
17.351900, 0.067543, 6.141037
17.353885, 0.067543, 6.141037
17.355950, 0.067543, 6.141037
17.358127, 0.067543, 6.141037
17.360301, 0.067543, 6.141037
17.362429, 0.067543, 6.141037
17.364647, 0.067543, 6.141037
17.367880, 0.067543, 6.141037
17.370433, 0.067543, 6.141037
17.372638, 0.067543, 6.141037
17.374717, 0.067543, 6.141037
17.376860, 0.067543, 6.141037
17.378949, 0.070092, 6.372763
17.381054, 0.067543, 6.141037
17.383957, 0.064994, 5.909310
17.386734, 0.067543, 6.141037
17.389129, 0.067543, 6.141037
17.391088, 0.067543, 6.141037
17.392938, 0.067543, 6.141037
17.395006, 0.067543, 6.141037
17.398257, 0.067543, 6.141037
17.400747, 0.067543, 6.141037
17.403034, 0.067543, 6.141037
17.404933, 0.067543, 6.141037
17.407650, 0.067543, 6.141037
17.410044, 0.067543, 6.141037
17.411655, 0.067543, 6.141037
17.414547, 0.067543, 6.141037
17.416861, 0.067543, 6.141037
17.418829, 0.067543, 6.141037
17.420694, 0.064994, 5.909310
17.422529, 0.067543, 6.141037
17.424501, 0.067543, 6.141037
17.426636, 0.067543, 6.141037
17.428294, 0.067543, 6.141037
17.431490, 0.067543, 6.141037
17.434994, 0.067543, 6.141037
17.438304, 0.067543, 6.141037
17.442391, 0.067543, 6.141037
17.446073, 0.064994, 5.909310
17.449559, 0.067543, 6.141037
17.451961, 0.067543, 6.141037
17.453839, 0.067543, 6.141037
17.455667, 0.067543, 6.141037
17.457949, 0.067543, 6.141037
17.460034, 0.067543, 6.141037
17.462263, 0.067543, 6.141037
17.464388, 0.067543, 6.141037
17.467316, 0.067543, 6.141037
17.469794, 0.067543, 6.141037
17.471833, 0.067543, 6.141037
17.473901, 0.067543, 6.141037
17.476311, 0.067543, 6.141037
17.479077, 0.067543, 6.141037
17.481787, 0.067543, 6.141037
17.485562, 0.067543, 6.141037
17.487825, 0.067543, 6.141037
17.489756, 0.067543, 6.141037
17.491842, 0.067543, 6.141037
17.493970, 0.067543, 6.141037
17.496150, 0.067543, 6.141037
17.499630, 0.067543, 6.141037
17.502181, 0.067543, 6.141037
17.503991, 0.067543, 6.141037
17.505964, 0.067543, 6.141037
17.508088, 0.067543, 6.141037
17.510341, 0.067543, 6.141037
17.512695, 0.067543, 6.141037
17.515372, 0.067543, 6.141037
17.518383, 0.067543, 6.141037
17.520440, 0.067543, 6.141037
17.522329, 0.067543, 6.141037
17.524331, 0.067543, 6.141037
17.527775, 0.067543, 6.141037
17.532097, 0.067543, 6.141037
17.535888, 0.067543, 6.141037
17.539329, 0.067543, 6.141037
17.542085, 0.067543, 6.141037
17.544618, 0.064994, 5.909310
17.547246, 0.067543, 6.141037
17.549721, 0.067543, 6.141037
17.552213, 0.067543, 6.141037
17.554400, 0.067543, 6.141037
17.556517, 0.067543, 6.141037
17.558816, 0.067543, 6.141037
17.560962, 0.067543, 6.141037
17.563087, 0.067543, 6.141037
17.565168, 0.067543, 6.141037
17.567555, 0.067543, 6.141037
17.569820, 0.067543, 6.141037
17.572098, 0.067543, 6.141037
17.574222, 0.067543, 6.141037
17.576441, 0.067543, 6.141037
17.578883, 0.067543, 6.141037
17.581291, 0.067543, 6.141037
17.583567, 0.067543, 6.141037
17.585834, 0.067543, 6.141037
17.588206, 0.067543, 6.141037
17.590334, 0.067543, 6.141037
17.592526, 0.067543, 6.141037
17.594693, 0.067543, 6.141037
17.596956, 0.067543, 6.141037
17.599229, 0.067543, 6.141037
17.601698, 0.067543, 6.141037
17.603876, 0.067543, 6.141037
17.605987, 0.067543, 6.141037
17.608310, 0.067543, 6.141037
17.610664, 0.067543, 6.141037
17.612963, 0.067543, 6.141037
17.615153, 0.067543, 6.141037
17.617811, 0.067543, 6.141037
17.619723, 0.067543, 6.141037
17.621703, 0.067543, 6.141037
17.623686, 0.067543, 6.141037
17.625743, 0.067543, 6.141037
17.627919, 0.067543, 6.141037
17.630120, 0.067543, 6.141037
17.632424, 0.067543, 6.141037
17.634837, 0.067543, 6.141037
17.637217, 0.067543, 6.141037
17.639504, 0.067543, 6.141037
17.641794, 0.067543, 6.141037
17.643941, 0.067543, 6.141037
17.646078, 0.067543, 6.141037
17.648457, 0.067543, 6.141037
17.650679, 0.067543, 6.141037
17.652836, 0.067543, 6.141037
17.654997, 0.067543, 6.141037
17.657145, 0.067543, 6.141037
17.659464, 0.067543, 6.141037
17.661585, 0.067543, 6.141037
17.663689, 0.067543, 6.141037
17.665851, 0.067543, 6.141037
17.668178, 0.067543, 6.141037
17.670415, 0.070092, 6.372763
17.673092, 0.064994, 5.909310
17.675318, 0.067543, 6.141037
17.677404, 0.067543, 6.141037
17.680626, 0.067543, 6.141037
17.682908, 0.067543, 6.141037
17.685769, 0.067543, 6.141037
17.688126, 0.067543, 6.141037
17.690629, 0.067543, 6.141037
17.692574, 0.067543, 6.141037
17.694559, 0.067543, 6.141037
17.696607, 0.064994, 5.909310
17.698825, 0.067543, 6.141037
17.701143, 0.067543, 6.141037
17.703416, 0.067543, 6.141037
17.705612, 0.064994, 5.909310
17.707745, 0.067543, 6.141037
17.710040, 0.067543, 6.141037
17.712180, 0.067543, 6.141037
17.714319, 0.067543, 6.141037
17.716570, 0.067543, 6.141037
17.718978, 0.067543, 6.141037
17.721677, 0.067543, 6.141037
17.723865, 0.064994, 5.909310
17.726079, 0.067543, 6.141037
17.728232, 0.067543, 6.141037
17.731548, 0.067543, 6.141037
17.734085, 0.067543, 6.141037
17.736286, 0.067543, 6.141037
17.738798, 0.067543, 6.141037
17.741710, 0.067543, 6.141037
17.744507, 0.067543, 6.141037
17.747252, 0.067543, 6.141037
17.750321, 0.067543, 6.141037
17.753027, 0.067543, 6.141037
17.755582, 0.067543, 6.141037
17.758065, 0.067543, 6.141037
17.760632, 0.067543, 6.141037
17.763102, 0.067543, 6.141037
17.765449, 0.064994, 5.909310
17.767873, 0.064994, 5.909310
17.770822, 0.067543, 6.141037
17.773350, 0.067543, 6.141037
17.776094, 0.067543, 6.141037
17.779509, 0.067543, 6.141037
17.783105, 0.067543, 6.141037
17.786618, 0.067543, 6.141037
17.790291, 0.067543, 6.141037
17.794453, 0.064994, 5.909310
17.797962, 0.067543, 6.141037
17.801805, 0.067543, 6.141037
17.804712, 0.064994, 5.909310
17.807356, 0.067543, 6.141037
17.809953, 0.064994, 5.909310
17.812605, 0.067543, 6.141037
17.815030, 0.067543, 6.141037
17.818151, 0.067543, 6.141037
17.819942, 0.067543, 6.141037
17.821804, 0.067543, 6.141037
17.823813, 0.067543, 6.141037
17.826455, 0.067543, 6.141037
17.829830, 0.067543, 6.141037
17.832786, 0.067543, 6.141037
17.835593, 0.067543, 6.141037
17.838306, 0.067543, 6.141037
17.841229, 0.067543, 6.141037
17.843980, 0.067543, 6.141037
17.846603, 0.067543, 6.141037
17.849071, 0.067543, 6.141037
17.851607, 0.067543, 6.141037
17.853999, 0.067543, 6.141037
17.856437, 0.067543, 6.141037
17.858771, 0.064994, 5.909310
17.861165, 0.067543, 6.141037
17.863473, 0.067543, 6.141037
17.865724, 0.067543, 6.141037
17.867942, 0.067543, 6.141037
17.870414, 0.067543, 6.141037
17.872948, 0.067543, 6.141037
17.875389, 0.067543, 6.141037
17.877235, 0.067543, 6.141037
17.878889, 0.067543, 6.141037
17.880841, 0.067543, 6.141037
17.882693, 0.067543, 6.141037
17.885224, 0.067543, 6.141037
17.887580, 0.067543, 6.141037
17.889228, 0.067543, 6.141037
17.891057, 0.067543, 6.141037
17.893059, 0.067543, 6.141037
17.895182, 0.067543, 6.141037
17.897372, 0.067543, 6.141037
17.899723, 0.067543, 6.141037
17.901851, 0.067543, 6.141037
17.904775, 0.067543, 6.141037
17.907309, 0.067543, 6.141037
17.909759, 0.064994, 5.909310
17.912260, 0.067543, 6.141037
17.914800, 0.067543, 6.141037
17.917697, 0.067543, 6.141037
17.920464, 0.067543, 6.141037
17.923189, 0.067543, 6.141037
17.925784, 0.067543, 6.141037
17.929202, 0.067543, 6.141037
17.932824, 0.064994, 5.909310
17.936542, 0.067543, 6.141037
17.939335, 0.067543, 6.141037
17.941921, 0.067543, 6.141037
17.944878, 0.067543, 6.141037
17.947560, 0.067543, 6.141037
17.950400, 0.067543, 6.141037
17.952175, 0.067543, 6.141037
17.954727, 0.064994, 5.909310
17.957870, 0.067543, 6.141037
17.959900, 0.067543, 6.141037
17.961786, 0.067543, 6.141037
17.963745, 0.067543, 6.141037
17.965803, 0.064994, 5.909310
17.968516, 0.067543, 6.141037
17.970900, 0.067543, 6.141037
17.973325, 0.067543, 6.141037
17.975638, 0.067543, 6.141037
17.978541, 0.067543, 6.141037
17.980717, 0.067543, 6.141037
17.982620, 0.067543, 6.141037
17.984742, 0.067543, 6.141037
17.986990, 0.067543, 6.141037
17.989255, 0.067543, 6.141037
17.991491, 0.067543, 6.141037
17.993788, 0.067543, 6.141037
17.996094, 0.067543, 6.141037
18.000709, 0.067543, 6.141037
18.002962, 0.067543, 6.141037
18.005067, 0.067543, 6.141037
18.007086, 0.067543, 6.141037
18.009183, 0.067543, 6.141037
18.011384, 0.067543, 6.141037
18.014103, 0.067543, 6.141037
18.017251, 0.067543, 6.141037
18.019727, 0.067543, 6.141037
18.022020, 0.067543, 6.141037
18.024276, 0.067543, 6.141037
18.026491, 0.067543, 6.141037
18.029285, 0.067543, 6.141037
18.031985, 0.067543, 6.141037
18.034805, 0.067543, 6.141037
18.036596, 0.067543, 6.141037
18.038672, 0.067543, 6.141037
18.040842, 0.067543, 6.141037
18.043359, 0.067543, 6.141037
18.045907, 0.067543, 6.141037
18.048668, 0.067543, 6.141037
18.051549, 0.067543, 6.141037
18.054277, 0.067543, 6.141037
18.056676, 0.067543, 6.141037
18.059030, 0.067543, 6.141037
18.061321, 0.067543, 6.141037
18.063914, 0.067543, 6.141037
18.066156, 0.067543, 6.141037
18.068456, 0.067543, 6.141037
18.070673, 0.067543, 6.141037
18.073584, 0.067543, 6.141037
18.075822, 0.067543, 6.141037
18.077631, 0.067543, 6.141037
18.079585, 0.067543, 6.141037
18.081681, 0.067543, 6.141037
18.084130, 0.067543, 6.141037
18.086501, 0.067543, 6.141037
18.088763, 0.067543, 6.141037
18.091043, 0.067543, 6.141037
18.093554, 0.067543, 6.141037
18.095831, 0.067543, 6.141037
18.098118, 0.067543, 6.141037
18.100374, 0.067543, 6.141037
18.102746, 0.067543, 6.141037
18.105101, 0.067543, 6.141037
18.107336, 0.067543, 6.141037
18.109501, 0.067543, 6.141037
18.111656, 0.067543, 6.141037
18.113878, 0.067543, 6.141037
18.116060, 0.067543, 6.141037
18.118320, 0.067543, 6.141037
18.120569, 0.067543, 6.141037
18.122686, 0.067543, 6.141037
18.125967, 0.067543, 6.141037
18.127871, 0.067543, 6.141037
18.129712, 0.067543, 6.141037
18.131600, 0.067543, 6.141037
18.134054, 0.067543, 6.141037
18.136428, 0.067543, 6.141037
18.138743, 0.067543, 6.141037
18.140908, 0.064994, 5.909310
18.143473, 0.067543, 6.141037
18.146020, 0.067543, 6.141037
18.148341, 0.067543, 6.141037
18.150745, 0.067543, 6.141037
18.153025, 0.067543, 6.141037
18.156349, 0.067543, 6.141037
18.158453, 0.067543, 6.141037
18.160556, 0.067543, 6.141037
18.162641, 0.067543, 6.141037
18.164821, 0.067543, 6.141037
18.167108, 0.067543, 6.141037
18.169290, 0.067543, 6.141037
18.171489, 0.067543, 6.141037
18.174581, 0.067543, 6.141037
18.176990, 0.067543, 6.141037
18.178685, 0.067543, 6.141037
18.180772, 0.067543, 6.141037
18.182899, 0.067543, 6.141037
18.187469, 0.067543, 6.141037
18.191611, 0.067543, 6.141037
18.195112, 0.067543, 6.141037
18.198068, 0.067543, 6.141037
18.201023, 0.067543, 6.141037
18.203429, 0.067543, 6.141037
18.206229, 0.067543, 6.141037
18.207855, 0.067543, 6.141037
18.209595, 0.067543, 6.141037
18.211653, 0.067543, 6.141037
18.213786, 0.067543, 6.141037
18.216260, 0.067543, 6.141037
18.218799, 0.067543, 6.141037
18.220632, 0.067543, 6.141037
18.222547, 0.067543, 6.141037
18.224885, 0.067543, 6.141037
18.227029, 0.067543, 6.141037
18.229315, 0.067543, 6.141037
18.231476, 0.067543, 6.141037
18.234586, 0.067543, 6.141037
18.237012, 0.067543, 6.141037
18.238829, 0.067543, 6.141037
18.240741, 0.067543, 6.141037
18.242863, 0.067543, 6.141037
18.246858, 0.067543, 6.141037
18.250519, 0.067543, 6.141037
18.252690, 0.067543, 6.141037
18.256332, 0.067543, 6.141037
18.258192, 0.067543, 6.141037
18.259867, 0.067543, 6.141037
18.261580, 0.067543, 6.141037
18.263514, 0.067543, 6.141037
18.265719, 0.067543, 6.141037
18.267907, 0.067543, 6.141037
18.269734, 0.067543, 6.141037
18.271770, 0.067543, 6.141037
18.274007, 0.067543, 6.141037
18.276222, 0.067543, 6.141037
18.278532, 0.067543, 6.141037
18.280844, 0.067543, 6.141037
18.284243, 0.067543, 6.141037
18.286658, 0.067543, 6.141037
18.288371, 0.067543, 6.141037
18.290180, 0.067543, 6.141037
18.292023, 0.067543, 6.141037
18.294336, 0.067543, 6.141037
18.296710, 0.067543, 6.141037
18.299107, 0.067543, 6.141037
18.301075, 0.067543, 6.141037
18.303513, 0.067543, 6.141037
18.305769, 0.067543, 6.141037
18.308019, 0.064994, 5.909310
18.310218, 0.067543, 6.141037
18.312432, 0.067543, 6.141037
18.314756, 0.067543, 6.141037
18.317321, 0.067543, 6.141037
18.319758, 0.067543, 6.141037
18.322121, 0.067543, 6.141037
18.325313, 0.067543, 6.141037
18.327227, 0.067543, 6.141037
18.329022, 0.064994, 5.909310
18.331178, 0.067543, 6.141037
18.334237, 0.067543, 6.141037
18.338190, 0.067543, 6.141037
18.340982, 0.067543, 6.141037
18.343834, 0.067543, 6.141037
18.346531, 0.067543, 6.141037
18.348504, 0.067543, 6.141037
18.350781, 0.067543, 6.141037
18.353050, 0.067543, 6.141037
18.355228, 0.067543, 6.141037
18.357404, 0.067543, 6.141037
18.359565, 0.067543, 6.141037
18.361866, 0.067543, 6.141037
18.365142, 0.067543, 6.141037
18.367273, 0.067543, 6.141037
18.369293, 0.067543, 6.141037
18.371454, 0.067543, 6.141037
18.373748, 0.067543, 6.141037
18.375971, 0.067543, 6.141037
18.378208, 0.067543, 6.141037
18.380447, 0.067543, 6.141037
18.383319, 0.067543, 6.141037
18.386063, 0.067543, 6.141037
18.388340, 0.067543, 6.141037
18.390477, 0.067543, 6.141037
18.393002, 0.067543, 6.141037
18.395149, 0.067543, 6.141037
18.397128, 0.067543, 6.141037
18.399116, 0.064994, 5.909310
18.401546, 0.067543, 6.141037
18.403970, 0.067543, 6.141037
18.406256, 0.067543, 6.141037
18.408510, 0.067543, 6.141037
18.410720, 0.067543, 6.141037
18.412978, 0.067543, 6.141037
18.415845, 0.067543, 6.141037
18.418887, 0.067543, 6.141037
18.421185, 0.067543, 6.141037
18.423699, 0.067543, 6.141037
18.427339, 0.067543, 6.141037
18.429043, 0.067543, 6.141037
18.430549, 0.064994, 5.909310
18.432321, 0.067543, 6.141037
18.434888, 0.067543, 6.141037
18.437458, 0.067543, 6.141037
18.439729, 0.067543, 6.141037
18.441657, 0.067543, 6.141037
18.443652, 0.064994, 5.909310
18.446574, 0.067543, 6.141037
18.448444, 0.067543, 6.141037
18.450293, 0.064994, 5.909310
18.454229, 0.067543, 6.141037
18.457743, 0.067543, 6.141037
18.460862, 0.067543, 6.141037
18.463619, 0.067543, 6.141037
18.466526, 0.067543, 6.141037
18.469144, 0.067543, 6.141037
18.471716, 0.067543, 6.141037
18.474039, 0.067543, 6.141037
18.477571, 0.067543, 6.141037
18.479871, 0.064994, 5.909310
18.481794, 0.067543, 6.141037
18.484795, 0.067543, 6.141037
18.486646, 0.067543, 6.141037
18.488800, 0.067543, 6.141037
18.491149, 0.067543, 6.141037
18.493437, 0.067543, 6.141037
18.495818, 0.064994, 5.909310
18.498117, 0.067543, 6.141037
18.501365, 0.067543, 6.141037
18.503305, 0.070092, 6.372763
18.505387, 0.067543, 6.141037
18.507612, 0.067543, 6.141037
18.509850, 0.067543, 6.141037
18.512248, 0.064994, 5.909310
18.514546, 0.067543, 6.141037
18.517168, 0.067543, 6.141037
18.519444, 0.067543, 6.141037
18.521707, 0.067543, 6.141037
18.523940, 0.067543, 6.141037
18.526176, 0.067543, 6.141037
18.529636, 0.067543, 6.141037
18.532040, 0.064994, 5.909310
18.534842, 0.067543, 6.141037
18.537136, 0.064994, 5.909310
18.539406, 0.067543, 6.141037
18.541656, 0.067543, 6.141037
18.544112, 0.067543, 6.141037
18.546451, 0.067543, 6.141037
18.548781, 0.067543, 6.141037
18.551840, 0.067543, 6.141037
18.553735, 0.064994, 5.909310
18.555636, 0.067543, 6.141037
18.558159, 0.064994, 5.909310
18.560788, 0.067543, 6.141037
18.563371, 0.067543, 6.141037
18.565975, 0.067543, 6.141037
18.568580, 0.067543, 6.141037
18.570580, 0.067543, 6.141037
18.572567, 0.067543, 6.141037
18.576141, 0.067543, 6.141037
18.578858, 0.067543, 6.141037
18.580918, 0.067543, 6.141037
18.582802, 0.067543, 6.141037
18.584829, 0.067543, 6.141037
18.587174, 0.067543, 6.141037
18.589641, 0.067543, 6.141037
18.591926, 0.067543, 6.141037
18.594092, 0.064994, 5.909310
18.596246, 0.067543, 6.141037
18.599787, 0.064994, 5.909310
18.602025, 0.067543, 6.141037
18.603810, 0.067543, 6.141037
18.605915, 0.067543, 6.141037
18.608440, 0.067543, 6.141037
18.610865, 0.067543, 6.141037
18.613296, 0.067543, 6.141037
18.615785, 0.067543, 6.141037
18.619097, 0.067543, 6.141037
18.621075, 0.067543, 6.141037
18.623044, 0.067543, 6.141037
18.625030, 0.067543, 6.141037
18.627238, 0.067543, 6.141037
18.629376, 0.067543, 6.141037
18.631663, 0.067543, 6.141037
18.634660, 0.067543, 6.141037
18.636730, 0.067543, 6.141037
18.638898, 0.067543, 6.141037
18.640949, 0.067543, 6.141037
18.643056, 0.067543, 6.141037
18.645191, 0.067543, 6.141037
18.647415, 0.067543, 6.141037
18.649592, 0.064994, 5.909310
18.652891, 0.067543, 6.141037
18.654784, 0.067543, 6.141037
18.656664, 0.067543, 6.141037
18.659178, 0.067543, 6.141037
18.661856, 0.067543, 6.141037
18.664032, 0.067543, 6.141037
18.666350, 0.067543, 6.141037
18.669558, 0.064994, 5.909310
18.671515, 0.067543, 6.141037
18.673507, 0.067543, 6.141037
18.675527, 0.064994, 5.909310
18.677733, 0.067543, 6.141037
18.679870, 0.067543, 6.141037
18.682215, 0.067543, 6.141037
18.685361, 0.067543, 6.141037
18.687213, 0.067543, 6.141037
18.691259, 0.067543, 6.141037
18.693726, 0.067543, 6.141037
18.695677, 0.064994, 5.909310
18.697646, 0.067543, 6.141037
18.699859, 0.067543, 6.141037
18.703216, 0.067543, 6.141037
18.705719, 0.067543, 6.141037
18.708097, 0.067543, 6.141037
18.709978, 0.067543, 6.141037
18.711978, 0.067543, 6.141037
18.714020, 0.067543, 6.141037
18.716260, 0.067543, 6.141037
18.718695, 0.067543, 6.141037
18.721113, 0.067543, 6.141037
18.723364, 0.067543, 6.141037
18.725690, 0.067543, 6.141037
18.728171, 0.067543, 6.141037
18.730460, 0.067543, 6.141037
18.733672, 0.067543, 6.141037
18.736079, 0.067543, 6.141037
18.738504, 0.067543, 6.141037
18.740542, 0.067543, 6.141037
18.742717, 0.067543, 6.141037
18.744988, 0.067543, 6.141037
18.747763, 0.067543, 6.141037
18.750124, 0.067543, 6.141037
18.751972, 0.067543, 6.141037
18.753864, 0.067543, 6.141037
18.755874, 0.067543, 6.141037
18.758431, 0.067543, 6.141037
18.760867, 0.067543, 6.141037
18.763282, 0.064994, 5.909310
18.765690, 0.067543, 6.141037
18.769009, 0.067543, 6.141037
18.770905, 0.067543, 6.141037
18.772758, 0.067543, 6.141037
18.774720, 0.064994, 5.909310
18.777066, 0.067543, 6.141037
18.779392, 0.067543, 6.141037
18.781722, 0.064994, 5.909310
18.784071, 0.067543, 6.141037
18.786355, 0.067543, 6.141037
18.789758, 0.067543, 6.141037
18.791398, 0.064994, 5.909310
18.792940, 0.064994, 5.909310
18.794610, 0.067543, 6.141037
18.796436, 0.067543, 6.141037
18.799719, 0.064994, 5.909310
18.801470, 0.067543, 6.141037
18.803058, 0.067543, 6.141037
18.804667, 0.067543, 6.141037
18.806599, 0.067543, 6.141037
18.809438, 0.067543, 6.141037
18.814455, 0.067543, 6.141037
18.819206, 0.067543, 6.141037
18.822591, 0.067543, 6.141037
18.825434, 0.067543, 6.141037
18.828494, 0.067543, 6.141037
18.831291, 0.067543, 6.141037
18.833973, 0.067543, 6.141037
18.835762, 0.067543, 6.141037
18.837434, 0.067543, 6.141037
18.839275, 0.067543, 6.141037
18.841318, 0.064994, 5.909310
18.843454, 0.067543, 6.141037
18.845581, 0.067543, 6.141037
18.848230, 0.067543, 6.141037
18.850785, 0.067543, 6.141037
18.853085, 0.067543, 6.141037
18.855411, 0.067543, 6.141037
18.857902, 0.067543, 6.141037
18.860433, 0.067543, 6.141037
18.863012, 0.067543, 6.141037
18.865549, 0.064994, 5.909310
18.868240, 0.067543, 6.141037
18.870818, 0.067543, 6.141037
18.873281, 0.067543, 6.141037
18.875693, 0.067543, 6.141037
18.878224, 0.067543, 6.141037
18.880613, 0.067543, 6.141037
18.882949, 0.067543, 6.141037
18.885707, 0.067543, 6.141037
18.889516, 0.067543, 6.141037
18.893227, 0.067543, 6.141037
18.896439, 0.067543, 6.141037
18.898266, 0.064994, 5.909310
18.900026, 0.067543, 6.141037
18.902401, 0.067543, 6.141037
18.905303, 0.067543, 6.141037
18.908008, 0.067543, 6.141037
18.910447, 0.064994, 5.909310
18.912954, 0.067543, 6.141037
18.915402, 0.067543, 6.141037
18.918033, 0.067543, 6.141037
18.920734, 0.064994, 5.909310
18.923703, 0.067543, 6.141037
18.926849, 0.067543, 6.141037
18.929851, 0.067543, 6.141037
18.932772, 0.067543, 6.141037
18.935564, 0.067543, 6.141037
18.938576, 0.067543, 6.141037
18.941109, 0.067543, 6.141037
18.943511, 0.067543, 6.141037
18.945756, 0.067543, 6.141037
18.948359, 0.067543, 6.141037
18.950960, 0.064994, 5.909310
18.953206, 0.064994, 5.909310
18.955393, 0.067543, 6.141037
18.958320, 0.067543, 6.141037
18.962024, 0.067543, 6.141037
18.963871, 0.067543, 6.141037
18.965689, 0.067543, 6.141037
18.967659, 0.067543, 6.141037
18.969585, 0.067543, 6.141037
18.971622, 0.067543, 6.141037
18.973696, 0.067543, 6.141037
18.975912, 0.067543, 6.141037
18.978185, 0.067543, 6.141037
18.979913, 0.067543, 6.141037
18.981823, 0.064994, 5.909310
18.984094, 0.070092, 6.372763
18.986674, 0.067543, 6.141037
18.989261, 0.067543, 6.141037
18.991876, 0.064994, 5.909310
18.994367, 0.067543, 6.141037
18.996790, 0.067543, 6.141037
18.999413, 0.064994, 5.909310
19.002002, 0.067543, 6.141037
19.004518, 0.067543, 6.141037
19.006848, 0.067543, 6.141037
19.009240, 0.067543, 6.141037
19.011504, 0.067543, 6.141037
19.013740, 0.067543, 6.141037
19.015979, 0.064994, 5.909310
19.018512, 0.067543, 6.141037
19.020865, 0.064994, 5.909310
19.023267, 0.067543, 6.141037
19.025449, 0.067543, 6.141037
19.027716, 0.067543, 6.141037
19.029881, 0.064994, 5.909310
19.032020, 0.064994, 5.909310
19.034245, 0.067543, 6.141037
19.036590, 0.067543, 6.141037
19.038954, 0.067543, 6.141037
19.041142, 0.067543, 6.141037
19.043495, 0.067543, 6.141037
19.045775, 0.064994, 5.909310
19.048124, 0.067543, 6.141037
19.050529, 0.064994, 5.909310
19.052902, 0.067543, 6.141037
19.055255, 0.067543, 6.141037
19.057870, 0.067543, 6.141037
19.061762, 0.067543, 6.141037
19.063718, 0.067543, 6.141037
19.065694, 0.067543, 6.141037
19.068743, 0.067543, 6.141037
19.070857, 0.064994, 5.909310
19.072975, 0.067543, 6.141037
19.076095, 0.067543, 6.141037
19.078038, 0.067543, 6.141037
19.080020, 0.067543, 6.141037
19.082394, 0.067543, 6.141037
19.085562, 0.067543, 6.141037
19.087963, 0.064994, 5.909310
19.091197, 0.067543, 6.141037
19.093142, 0.067543, 6.141037
19.095143, 0.067543, 6.141037
19.097219, 0.067543, 6.141037
19.099696, 0.064994, 5.909310
19.103280, 0.067543, 6.141037
19.105406, 0.067543, 6.141037
19.107379, 0.067543, 6.141037
19.109728, 0.067543, 6.141037
19.112352, 0.064994, 5.909310
19.114864, 0.064994, 5.909310
19.118331, 0.067543, 6.141037
19.120629, 0.064994, 5.909310
19.122628, 0.064994, 5.909310
19.124645, 0.067543, 6.141037
19.126821, 0.064994, 5.909310
19.129050, 0.067543, 6.141037
19.131350, 0.067543, 6.141037
19.134639, 0.067543, 6.141037
19.136813, 0.067543, 6.141037
19.138777, 0.067543, 6.141037
19.140801, 0.067543, 6.141037
19.143122, 0.067543, 6.141037
19.145516, 0.067543, 6.141037
19.148592, 0.067543, 6.141037
19.152025, 0.064994, 5.909310
19.154001, 0.064994, 5.909310
19.156001, 0.067543, 6.141037
19.158027, 0.064994, 5.909310
19.160217, 0.067543, 6.141037
19.162433, 0.067543, 6.141037
19.164723, 0.067543, 6.141037
19.166951, 0.067543, 6.141037
19.169368, 0.067543, 6.141037
19.172282, 0.067543, 6.141037
19.174625, 0.067543, 6.141037
19.176831, 0.067543, 6.141037
19.179002, 0.067543, 6.141037
19.181355, 0.067543, 6.141037
19.184717, 0.067543, 6.141037
19.186685, 0.067543, 6.141037
19.188616, 0.064994, 5.909310
19.190711, 0.067543, 6.141037
19.192953, 0.067543, 6.141037
19.195171, 0.067543, 6.141037
19.197336, 0.064994, 5.909310
19.199488, 0.067543, 6.141037
19.202541, 0.067543, 6.141037
19.204459, 0.067543, 6.141037
19.206410, 0.067543, 6.141037
19.208495, 0.064994, 5.909310
19.211323, 0.067543, 6.141037
19.213670, 0.067543, 6.141037
19.215518, 0.064994, 5.909310
19.217484, 0.067543, 6.141037
19.219672, 0.067543, 6.141037
19.222121, 0.067543, 6.141037
19.224315, 0.067543, 6.141037
19.226566, 0.067543, 6.141037
19.228830, 0.067543, 6.141037
19.232051, 0.067543, 6.141037
19.234162, 0.064994, 5.909310
19.236080, 0.064994, 5.909310
19.238051, 0.067543, 6.141037
19.240233, 0.067543, 6.141037
19.242393, 0.064994, 5.909310
19.244608, 0.064994, 5.909310
19.246857, 0.067543, 6.141037
19.249106, 0.067543, 6.141037
19.252032, 0.067543, 6.141037
19.254549, 0.067543, 6.141037
19.256840, 0.064994, 5.909310
19.259052, 0.067543, 6.141037
19.263041, 0.067543, 6.141037
19.265965, 0.067543, 6.141037
19.268619, 0.067543, 6.141037
19.270992, 0.064994, 5.909310
19.273630, 0.067543, 6.141037
19.275700, 0.067543, 6.141037
19.279422, 0.067543, 6.141037
19.283983, 0.064994, 5.909310
19.288107, 0.064994, 5.909310
19.291775, 0.064994, 5.909310
19.295009, 0.067543, 6.141037
19.297946, 0.067543, 6.141037
19.300707, 0.067543, 6.141037
19.303415, 0.064994, 5.909310
19.306107, 0.067543, 6.141037
19.308911, 0.067543, 6.141037
19.311904, 0.067543, 6.141037
19.314771, 0.067543, 6.141037
19.318260, 0.067543, 6.141037
19.321328, 0.067543, 6.141037
19.324280, 0.067543, 6.141037
19.327109, 0.067543, 6.141037
19.329840, 0.067543, 6.141037
19.332550, 0.064994, 5.909310
19.335528, 0.067543, 6.141037
19.338174, 0.067543, 6.141037
19.341167, 0.064994, 5.909310
19.344061, 0.067543, 6.141037
19.346939, 0.067543, 6.141037
19.349945, 0.067543, 6.141037
19.353282, 0.067543, 6.141037
19.356294, 0.067543, 6.141037
19.359260, 0.067543, 6.141037
19.362244, 0.067543, 6.141037
19.364866, 0.064994, 5.909310
19.368161, 0.067543, 6.141037
19.371226, 0.067543, 6.141037
19.374340, 0.067543, 6.141037
19.377363, 0.067543, 6.141037
19.380378, 0.067543, 6.141037
19.383079, 0.064994, 5.909310
19.385518, 0.067543, 6.141037
19.387646, 0.067543, 6.141037
19.389594, 0.067543, 6.141037
19.391789, 0.067543, 6.141037
19.394003, 0.067543, 6.141037
19.396459, 0.067543, 6.141037
19.399217, 0.067543, 6.141037
19.402742, 0.067543, 6.141037
19.406199, 0.067543, 6.141037
19.409445, 0.067543, 6.141037
19.413116, 0.067543, 6.141037
19.415925, 0.067543, 6.141037
19.418836, 0.067543, 6.141037
19.421821, 0.064994, 5.909310
19.424831, 0.067543, 6.141037
19.427816, 0.067543, 6.141037
19.430673, 0.067543, 6.141037
19.434053, 0.067543, 6.141037
19.437323, 0.067543, 6.141037
19.440150, 0.064994, 5.909310
19.443108, 0.067543, 6.141037
19.446185, 0.067543, 6.141037
19.448751, 0.067543, 6.141037
19.450887, 0.064994, 5.909310
19.453089, 0.067543, 6.141037
19.455040, 0.067543, 6.141037
19.457199, 0.067543, 6.141037
19.459400, 0.067543, 6.141037
19.461669, 0.067543, 6.141037
19.464150, 0.067543, 6.141037
19.466640, 0.067543, 6.141037
19.469160, 0.067543, 6.141037
19.471635, 0.067543, 6.141037
19.474153, 0.067543, 6.141037
19.476468, 0.067543, 6.141037
19.478865, 0.067543, 6.141037
19.481192, 0.067543, 6.141037
19.484271, 0.067543, 6.141037
19.486266, 0.067543, 6.141037
19.488142, 0.067543, 6.141037
19.490024, 0.067543, 6.141037
19.492104, 0.067543, 6.141037
19.494528, 0.067543, 6.141037
19.496866, 0.067543, 6.141037
19.499240, 0.067543, 6.141037
19.501603, 0.067543, 6.141037
19.504169, 0.067543, 6.141037
19.506514, 0.064994, 5.909310
19.508812, 0.067543, 6.141037
19.511032, 0.067543, 6.141037
19.513328, 0.067543, 6.141037
19.516469, 0.067543, 6.141037
19.518771, 0.067543, 6.141037
19.520982, 0.067543, 6.141037
19.523207, 0.067543, 6.141037
19.525495, 0.067543, 6.141037
19.527669, 0.067543, 6.141037
19.529823, 0.067543, 6.141037
19.532064, 0.067543, 6.141037
19.535214, 0.067543, 6.141037
19.537192, 0.067543, 6.141037
19.539185, 0.067543, 6.141037
19.541274, 0.064994, 5.909310
19.543407, 0.067543, 6.141037
19.546491, 0.067543, 6.141037
19.548423, 0.067543, 6.141037
19.550477, 0.067543, 6.141037
19.552631, 0.067543, 6.141037
19.554970, 0.064994, 5.909310
19.557248, 0.067543, 6.141037
19.559484, 0.067543, 6.141037
19.561803, 0.067543, 6.141037
19.564435, 0.067543, 6.141037
19.567660, 0.067543, 6.141037
19.569791, 0.067543, 6.141037
19.571715, 0.064994, 5.909310
19.574029, 0.067543, 6.141037
19.576789, 0.064994, 5.909310
19.579018, 0.064994, 5.909310
19.581244, 0.067543, 6.141037
19.584179, 0.067543, 6.141037
19.587874, 0.067543, 6.141037
19.589895, 0.067543, 6.141037
19.591978, 0.067543, 6.141037
19.594156, 0.067543, 6.141037
19.596361, 0.064994, 5.909310
19.598605, 0.067543, 6.141037
19.601986, 0.067543, 6.141037
19.604205, 0.067543, 6.141037
19.606235, 0.067543, 6.141037
19.608335, 0.067543, 6.141037
19.610513, 0.064994, 5.909310
19.612728, 0.064994, 5.909310
19.615468, 0.067543, 6.141037
19.618223, 0.064994, 5.909310
19.621690, 0.067543, 6.141037
19.624247, 0.067543, 6.141037
19.626506, 0.067543, 6.141037
19.628779, 0.064994, 5.909310
19.631242, 0.067543, 6.141037
19.633561, 0.067543, 6.141037
19.635449, 0.064994, 5.909310
19.637243, 0.067543, 6.141037
19.639114, 0.064994, 5.909310
19.641260, 0.067543, 6.141037
19.643728, 0.067543, 6.141037
19.646381, 0.067543, 6.141037
19.648975, 0.067543, 6.141037
19.651627, 0.067543, 6.141037
19.654099, 0.064994, 5.909310
19.656703, 0.067543, 6.141037
19.658794, 0.067543, 6.141037
19.660866, 0.067543, 6.141037
19.664013, 0.064994, 5.909310
19.666808, 0.067543, 6.141037
19.669121, 0.067543, 6.141037
19.671101, 0.067543, 6.141037
19.673103, 0.064994, 5.909310
19.675176, 0.067543, 6.141037
19.677334, 0.067543, 6.141037
19.679562, 0.067543, 6.141037
19.682071, 0.067543, 6.141037
19.684861, 0.067543, 6.141037
19.687313, 0.067543, 6.141037
19.689727, 0.067543, 6.141037
19.692224, 0.067543, 6.141037
19.696316, 0.067543, 6.141037
19.698379, 0.067543, 6.141037
19.701396, 0.067543, 6.141037
19.703201, 0.067543, 6.141037
19.705266, 0.067543, 6.141037
19.707403, 0.067543, 6.141037
19.710048, 0.067543, 6.141037
19.712519, 0.067543, 6.141037
19.715047, 0.067543, 6.141037
19.718452, 0.064994, 5.909310
19.720503, 0.064994, 5.909310
19.722333, 0.067543, 6.141037
19.724604, 0.067543, 6.141037
19.726949, 0.064994, 5.909310
19.729380, 0.067543, 6.141037
19.731711, 0.067543, 6.141037
19.734858, 0.067543, 6.141037
19.736920, 0.064994, 5.909310
19.738858, 0.067543, 6.141037
19.741085, 0.067543, 6.141037
19.743268, 0.067543, 6.141037
19.745474, 0.064994, 5.909310
19.747698, 0.067543, 6.141037
19.749984, 0.067543, 6.141037
19.752309, 0.067543, 6.141037
19.755386, 0.067543, 6.141037
19.757833, 0.067543, 6.141037
19.760203, 0.067543, 6.141037
19.762547, 0.067543, 6.141037
19.765083, 0.064994, 5.909310
19.767413, 0.067543, 6.141037
19.769710, 0.067543, 6.141037
19.772030, 0.067543, 6.141037
19.774403, 0.067543, 6.141037
19.776624, 0.067543, 6.141037
19.778844, 0.067543, 6.141037
19.781100, 0.067543, 6.141037
19.783270, 0.067543, 6.141037
19.785683, 0.067543, 6.141037
19.787974, 0.067543, 6.141037
19.790305, 0.064994, 5.909310
19.792486, 0.067543, 6.141037
19.794766, 0.067543, 6.141037
19.797005, 0.067543, 6.141037
19.799330, 0.067543, 6.141037
19.801609, 0.067543, 6.141037
19.803858, 0.067543, 6.141037
19.806391, 0.067543, 6.141037
19.808597, 0.064994, 5.909310
19.810945, 0.067543, 6.141037
19.813068, 0.067543, 6.141037
19.815357, 0.067543, 6.141037
19.818311, 0.067543, 6.141037
19.820833, 0.067543, 6.141037
19.823227, 0.064994, 5.909310
19.825620, 0.064994, 5.909310
19.827885, 0.064994, 5.909310
19.830084, 0.067543, 6.141037
19.832301, 0.067543, 6.141037
19.834536, 0.067543, 6.141037
19.836943, 0.067543, 6.141037
19.839158, 0.067543, 6.141037
19.841390, 0.067543, 6.141037
19.843619, 0.067543, 6.141037
19.845972, 0.067543, 6.141037
19.848254, 0.064994, 5.909310
19.850579, 0.067543, 6.141037
19.852840, 0.064994, 5.909310
19.855073, 0.067543, 6.141037
19.857331, 0.067543, 6.141037
19.859661, 0.067543, 6.141037
19.862051, 0.067543, 6.141037
19.864380, 0.067543, 6.141037
19.867638, 0.067543, 6.141037
19.869953, 0.067543, 6.141037
19.872127, 0.067543, 6.141037
19.874240, 0.067543, 6.141037
19.876480, 0.067543, 6.141037
19.878546, 0.067543, 6.141037
19.880610, 0.064994, 5.909310
19.882809, 0.067543, 6.141037
19.886323, 0.067543, 6.141037
19.888399, 0.067543, 6.141037
19.890393, 0.067543, 6.141037
19.892433, 0.067543, 6.141037
19.894182, 0.067543, 6.141037
19.896238, 0.067543, 6.141037
19.898212, 0.067543, 6.141037
19.901588, 0.067543, 6.141037
19.903766, 0.067543, 6.141037
19.905730, 0.064994, 5.909310
19.908405, 0.064994, 5.909310
19.910013, 0.067543, 6.141037
19.911840, 0.067543, 6.141037
19.913904, 0.067543, 6.141037
19.916366, 0.067543, 6.141037
19.918805, 0.067543, 6.141037
19.921118, 0.064994, 5.909310
19.924876, 0.067543, 6.141037
19.928336, 0.064994, 5.909310
19.931253, 0.064994, 5.909310
19.933944, 0.067543, 6.141037
19.936724, 0.067543, 6.141037
19.939274, 0.067543, 6.141037
19.941684, 0.067543, 6.141037
19.944069, 0.067543, 6.141037
19.946840, 0.067543, 6.141037
19.949182, 0.067543, 6.141037
19.951459, 0.067543, 6.141037
19.953860, 0.067543, 6.141037
19.956034, 0.064994, 5.909310
19.958292, 0.067543, 6.141037
19.960534, 0.067543, 6.141037
19.962786, 0.067543, 6.141037
19.964921, 0.067543, 6.141037
19.967539, 0.067543, 6.141037
19.969935, 0.067543, 6.141037
19.972232, 0.064994, 5.909310
19.974352, 0.067543, 6.141037
19.976587, 0.064994, 5.909310
19.978727, 0.067543, 6.141037
19.980885, 0.067543, 6.141037
19.983218, 0.067543, 6.141037
19.985602, 0.064994, 5.909310
19.988591, 0.067543, 6.141037
19.991610, 0.067543, 6.141037
19.994825, 0.067543, 6.141037
19.997643, 0.064994, 5.909310
20.000141, 0.064994, 5.909310
20.003861, 0.067543, 6.141037
20.005476, 0.067543, 6.141037
20.007189, 0.067543, 6.141037
20.009044, 0.067543, 6.141037
20.010934, 0.067543, 6.141037
20.013397, 0.064994, 5.909310
20.016445, 0.067543, 6.141037
20.018987, 0.067543, 6.141037
20.021043, 0.067543, 6.141037
20.023000, 0.067543, 6.141037
20.025094, 0.067543, 6.141037
20.028154, 0.064994, 5.909310
20.030105, 0.064994, 5.909310
20.032169, 0.067543, 6.141037
20.034368, 0.067543, 6.141037
20.036949, 0.067543, 6.141037
20.039214, 0.064994, 5.909310
20.041636, 0.067543, 6.141037
20.043863, 0.064994, 5.909310
20.046385, 0.064994, 5.909310
20.048442, 0.067543, 6.141037
20.052233, 0.067543, 6.141037
20.054770, 0.067543, 6.141037
20.057004, 0.064994, 5.909310
20.058911, 0.067543, 6.141037
20.060837, 0.064994, 5.909310
20.062938, 0.067543, 6.141037
20.065048, 0.067543, 6.141037
20.068317, 0.067543, 6.141037
20.070285, 0.067543, 6.141037
20.072238, 0.067543, 6.141037
20.074196, 0.064994, 5.909310
20.077035, 0.067543, 6.141037
20.081926, 0.067543, 6.141037
20.086024, 0.067543, 6.141037
20.088773, 0.067543, 6.141037
20.090831, 0.067543, 6.141037
20.092643, 0.067543, 6.141037
20.094396, 0.067543, 6.141037
20.096258, 0.064994, 5.909310
20.098469, 0.067543, 6.141037
20.101810, 0.067543, 6.141037
20.104650, 0.064994, 5.909310
20.107157, 0.067543, 6.141037
20.109981, 0.064994, 5.909310
20.111719, 0.067543, 6.141037
20.113700, 0.064994, 5.909310
20.116633, 0.067543, 6.141037
20.119844, 0.067543, 6.141037
20.121673, 0.067543, 6.141037
20.123459, 0.067543, 6.141037
20.125512, 0.064994, 5.909310
20.127742, 0.064994, 5.909310
20.130034, 0.067543, 6.141037
20.132471, 0.067543, 6.141037
20.136420, 0.064994, 5.909310
20.138516, 0.067543, 6.141037
20.140172, 0.067543, 6.141037
20.144068, 0.064994, 5.909310
20.147645, 0.064994, 5.909310
20.151234, 0.067543, 6.141037
20.153705, 0.067543, 6.141037
20.155369, 0.064994, 5.909310
20.157086, 0.064994, 5.909310
20.159017, 0.064994, 5.909310
20.161109, 0.067543, 6.141037
20.163134, 0.067543, 6.141037
20.165313, 0.067543, 6.141037
20.167309, 0.067543, 6.141037
20.169067, 0.067543, 6.141037
20.171099, 0.067543, 6.141037
20.173371, 0.067543, 6.141037
20.175709, 0.067543, 6.141037
20.178439, 0.067543, 6.141037
20.181201, 0.067543, 6.141037
20.184010, 0.067543, 6.141037
20.187139, 0.067543, 6.141037
20.190239, 0.064994, 5.909310
20.193125, 0.064994, 5.909310
20.195838, 0.064994, 5.909310
20.198837, 0.064994, 5.909310
20.201382, 0.067543, 6.141037
20.203940, 0.067543, 6.141037
20.206399, 0.067543, 6.141037
20.208731, 0.067543, 6.141037
20.210967, 0.067543, 6.141037
20.213194, 0.067543, 6.141037
20.215384, 0.067543, 6.141037
20.217861, 0.067543, 6.141037
20.220124, 0.064994, 5.909310
20.222453, 0.067543, 6.141037
20.224601, 0.067543, 6.141037
20.226939, 0.067543, 6.141037
20.229179, 0.067543, 6.141037
20.231463, 0.067543, 6.141037
20.233633, 0.067543, 6.141037
20.235877, 0.064994, 5.909310
20.238333, 0.067543, 6.141037
20.240660, 0.064994, 5.909310
20.242860, 0.064994, 5.909310
20.245007, 0.067543, 6.141037
20.247259, 0.064994, 5.909310
20.249643, 0.067543, 6.141037
20.252867, 0.067543, 6.141037
20.254893, 0.067543, 6.141037
20.257069, 0.067543, 6.141037
20.260191, 0.067543, 6.141037
20.262660, 0.067543, 6.141037
20.264684, 0.064994, 5.909310
20.266784, 0.067543, 6.141037
20.268739, 0.067543, 6.141037
20.270725, 0.064994, 5.909310
20.272769, 0.064994, 5.909310
20.274927, 0.067543, 6.141037
20.277795, 0.067543, 6.141037
20.280129, 0.067543, 6.141037
20.282145, 0.067543, 6.141037
20.285760, 0.067543, 6.141037
20.290077, 0.064994, 5.909310
20.292399, 0.064994, 5.909310
20.294050, 0.064994, 5.909310
20.295719, 0.064994, 5.909310
20.297730, 0.064994, 5.909310
20.301589, 0.064994, 5.909310
20.304077, 0.067543, 6.141037
20.306407, 0.064994, 5.909310
20.308805, 0.064994, 5.909310
20.311226, 0.064994, 5.909310
20.313805, 0.067543, 6.141037
20.317433, 0.067543, 6.141037
20.319280, 0.064994, 5.909310
20.321147, 0.067543, 6.141037
20.323136, 0.067543, 6.141037
20.326688, 0.067543, 6.141037
20.331825, 0.067543, 6.141037
20.336709, 0.064994, 5.909310
20.340820, 0.067543, 6.141037
20.344252, 0.067543, 6.141037
20.347477, 0.064994, 5.909310
20.350826, 0.064994, 5.909310
20.353836, 0.064994, 5.909310
20.356782, 0.064994, 5.909310
20.359322, 0.064994, 5.909310
20.361857, 0.067543, 6.141037
20.364370, 0.064994, 5.909310
20.366683, 0.067543, 6.141037
20.368956, 0.067543, 6.141037
20.371359, 0.067543, 6.141037
20.373600, 0.064994, 5.909310
20.375886, 0.067543, 6.141037
20.377998, 0.067543, 6.141037
20.380230, 0.067543, 6.141037
20.382402, 0.067543, 6.141037
20.384594, 0.064994, 5.909310
20.386742, 0.067543, 6.141037
20.389360, 0.067543, 6.141037
20.391657, 0.067543, 6.141037
20.393827, 0.067543, 6.141037
20.395998, 0.067543, 6.141037
20.398148, 0.067543, 6.141037
20.400342, 0.067543, 6.141037
20.403014, 0.067543, 6.141037
20.405398, 0.067543, 6.141037
20.407794, 0.067543, 6.141037
20.409963, 0.067543, 6.141037
20.412214, 0.067543, 6.141037
20.414465, 0.067543, 6.141037
20.417982, 0.064994, 5.909310
20.420250, 0.067543, 6.141037
20.423200, 0.067543, 6.141037
20.425249, 0.067543, 6.141037
20.427291, 0.067543, 6.141037
20.429339, 0.067543, 6.141037
20.431520, 0.064994, 5.909310
20.434404, 0.064994, 5.909310
20.436153, 0.067543, 6.141037
20.438014, 0.067543, 6.141037
20.440140, 0.064994, 5.909310
20.442287, 0.067543, 6.141037
20.444370, 0.067543, 6.141037
20.446446, 0.067543, 6.141037
20.448577, 0.067543, 6.141037
20.451404, 0.064994, 5.909310
20.454624, 0.064994, 5.909310
20.456274, 0.067543, 6.141037
20.457932, 0.067543, 6.141037
20.459717, 0.064994, 5.909310
20.461589, 0.067543, 6.141037
20.463743, 0.067543, 6.141037
20.465398, 0.064994, 5.909310
20.467343, 0.067543, 6.141037
20.469703, 0.067543, 6.141037
20.472442, 0.067543, 6.141037
20.474866, 0.067543, 6.141037
20.477350, 0.064994, 5.909310
20.479837, 0.067543, 6.141037
20.482211, 0.067543, 6.141037
20.484400, 0.067543, 6.141037
20.486908, 0.064994, 5.909310
20.489319, 0.064994, 5.909310
20.491776, 0.067543, 6.141037
20.494048, 0.067543, 6.141037
20.496310, 0.067543, 6.141037
20.498575, 0.064994, 5.909310
20.500839, 0.064994, 5.909310
20.503095, 0.064994, 5.909310
20.505446, 0.067543, 6.141037
20.507583, 0.064994, 5.909310
20.509788, 0.067543, 6.141037
20.512066, 0.067543, 6.141037
20.514322, 0.067543, 6.141037
20.516648, 0.067543, 6.141037
20.518928, 0.067543, 6.141037
20.521178, 0.064994, 5.909310
20.523531, 0.067543, 6.141037
20.525661, 0.067543, 6.141037
20.527791, 0.067543, 6.141037
20.529995, 0.064994, 5.909310
20.532314, 0.067543, 6.141037
20.534949, 0.067543, 6.141037
20.537245, 0.067543, 6.141037
20.539360, 0.067543, 6.141037
20.541599, 0.067543, 6.141037
20.543779, 0.064994, 5.909310
20.546071, 0.067543, 6.141037
20.548203, 0.067543, 6.141037
20.550424, 0.067543, 6.141037
20.552879, 0.064994, 5.909310
20.555193, 0.067543, 6.141037
20.557266, 0.067543, 6.141037
20.559389, 0.067543, 6.141037
20.561797, 0.064994, 5.909310
20.564456, 0.067543, 6.141037
20.567185, 0.067543, 6.141037
20.569526, 0.064994, 5.909310
20.571333, 0.064994, 5.909310
20.573816, 0.067543, 6.141037
20.576196, 0.067543, 6.141037
20.578620, 0.067543, 6.141037
20.580914, 0.064994, 5.909310
20.584236, 0.067543, 6.141037
20.586251, 0.067543, 6.141037
20.588196, 0.067543, 6.141037
20.590110, 0.067543, 6.141037
20.592807, 0.064994, 5.909310
20.595654, 0.067543, 6.141037
20.598022, 0.067543, 6.141037
20.600068, 0.067543, 6.141037
20.602482, 0.067543, 6.141037
20.605019, 0.067543, 6.141037
20.606935, 0.067543, 6.141037
20.609180, 0.067543, 6.141037
20.611902, 0.067543, 6.141037
20.614603, 0.067543, 6.141037
20.617473, 0.064994, 5.909310
20.619662, 0.067543, 6.141037
20.621800, 0.064994, 5.909310
20.624194, 0.064994, 5.909310
20.626642, 0.067543, 6.141037
20.628960, 0.064994, 5.909310
20.631314, 0.067543, 6.141037
20.634712, 0.064994, 5.909310
20.637089, 0.067543, 6.141037
20.639347, 0.067543, 6.141037
20.641650, 0.067543, 6.141037
20.644253, 0.067543, 6.141037
20.646777, 0.064994, 5.909310
20.648859, 0.067543, 6.141037
20.651592, 0.067543, 6.141037
20.654631, 0.067543, 6.141037
20.656657, 0.067543, 6.141037
20.658769, 0.067543, 6.141037
20.661037, 0.067543, 6.141037
20.663265, 0.067543, 6.141037
20.665657, 0.067543, 6.141037
20.668657, 0.067543, 6.141037
20.670837, 0.067543, 6.141037
20.672880, 0.067543, 6.141037
20.674930, 0.067543, 6.141037
20.677023, 0.067543, 6.141037
20.679187, 0.067543, 6.141037
20.681404, 0.067543, 6.141037
20.684769, 0.067543, 6.141037
20.686751, 0.067543, 6.141037
20.688715, 0.064994, 5.909310
20.690758, 0.067543, 6.141037
20.692846, 0.067543, 6.141037
20.695061, 0.064994, 5.909310
20.697231, 0.064994, 5.909310
20.699895, 0.067543, 6.141037
20.702299, 0.067543, 6.141037
20.704318, 0.067543, 6.141037
20.706263, 0.067543, 6.141037
20.708338, 0.067543, 6.141037
20.710520, 0.064994, 5.909310
20.712748, 0.067543, 6.141037
20.714969, 0.067543, 6.141037
20.717878, 0.067543, 6.141037
20.720380, 0.067543, 6.141037
20.722388, 0.067543, 6.141037
20.724424, 0.067543, 6.141037
20.726521, 0.067543, 6.141037
20.728669, 0.064994, 5.909310
20.732438, 0.067543, 6.141037
20.736007, 0.067543, 6.141037
20.737757, 0.064994, 5.909310
20.739338, 0.067543, 6.141037
20.741183, 0.067543, 6.141037
20.742838, 0.067543, 6.141037
20.744701, 0.067543, 6.141037
20.746672, 0.067543, 6.141037
20.748752, 0.067543, 6.141037
20.750791, 0.067543, 6.141037
20.752764, 0.064994, 5.909310
20.754543, 0.067543, 6.141037
20.756277, 0.067543, 6.141037
20.758127, 0.067543, 6.141037
20.760240, 0.067543, 6.141037
20.762744, 0.064994, 5.909310
20.764518, 0.067543, 6.141037
20.766640, 0.067543, 6.141037
20.768654, 0.067543, 6.141037
20.770956, 0.067543, 6.141037
20.773616, 0.067543, 6.141037
20.775253, 0.067543, 6.141037
20.776775, 0.067543, 6.141037
20.779548, 0.064994, 5.909310
20.782646, 0.067543, 6.141037
20.784595, 0.064994, 5.909310
20.786623, 0.067543, 6.141037
20.789801, 0.067543, 6.141037
20.792798, 0.067543, 6.141037
20.795189, 0.067543, 6.141037
20.797690, 0.067543, 6.141037
20.800482, 0.064994, 5.909310
20.802153, 0.064994, 5.909310
20.803864, 0.067543, 6.141037
20.806175, 0.067543, 6.141037
20.808454, 0.067543, 6.141037
20.810935, 0.064994, 5.909310
20.813621, 0.067543, 6.141037
20.816260, 0.067543, 6.141037
20.818403, 0.064994, 5.909310
20.820311, 0.067543, 6.141037
20.823268, 0.067543, 6.141037
20.824938, 0.064994, 5.909310
20.828575, 0.067543, 6.141037
20.831826, 0.064994, 5.909310
20.834183, 0.064994, 5.909310
20.836191, 0.067543, 6.141037
20.838203, 0.067543, 6.141037
20.840258, 0.064994, 5.909310
20.842223, 0.067543, 6.141037
20.845602, 0.067543, 6.141037
20.848807, 0.067543, 6.141037
20.852654, 0.067543, 6.141037
20.855623, 0.067543, 6.141037
20.858359, 0.067543, 6.141037
20.861407, 0.067543, 6.141037
20.864046, 0.064994, 5.909310
20.866781, 0.064994, 5.909310
20.870569, 0.067543, 6.141037
20.872603, 0.067543, 6.141037
20.874299, 0.067543, 6.141037
20.876190, 0.064994, 5.909310
20.878065, 0.067543, 6.141037
20.880094, 0.064994, 5.909310
20.882348, 0.067543, 6.141037
20.884632, 0.067543, 6.141037
20.886853, 0.064994, 5.909310
20.889041, 0.064994, 5.909310
20.891324, 0.067543, 6.141037
20.893662, 0.067543, 6.141037
20.895981, 0.067543, 6.141037
20.898429, 0.067543, 6.141037
20.901062, 0.064994, 5.909310
20.903523, 0.067543, 6.141037
20.906675, 0.067543, 6.141037
20.910337, 0.064994, 5.909310
20.913350, 0.067543, 6.141037
20.915977, 0.064994, 5.909310
20.918968, 0.064994, 5.909310
20.921516, 0.067543, 6.141037
20.924164, 0.067543, 6.141037
20.927048, 0.067543, 6.141037
20.930026, 0.067543, 6.141037
20.933094, 0.064994, 5.909310
20.936189, 0.064994, 5.909310
20.939238, 0.067543, 6.141037
20.942261, 0.064994, 5.909310
20.945052, 0.067543, 6.141037
20.947865, 0.064994, 5.909310
20.951342, 0.067543, 6.141037
20.953361, 0.067543, 6.141037
20.955241, 0.067543, 6.141037
20.957103, 0.064994, 5.909310
20.959221, 0.067543, 6.141037
20.961386, 0.067543, 6.141037
20.963605, 0.067543, 6.141037
20.965840, 0.067543, 6.141037
20.968166, 0.067543, 6.141037
20.970514, 0.067543, 6.141037
20.972885, 0.067543, 6.141037
20.975138, 0.067543, 6.141037
20.977399, 0.067543, 6.141037
20.980334, 0.064994, 5.909310
20.983095, 0.067543, 6.141037
20.985012, 0.067543, 6.141037
20.986923, 0.067543, 6.141037
20.989090, 0.067543, 6.141037
20.991265, 0.067543, 6.141037
20.993487, 0.064994, 5.909310
20.995708, 0.067543, 6.141037
20.997995, 0.064994, 5.909310
21.000546, 0.067543, 6.141037
21.002924, 0.064994, 5.909310
21.005338, 0.067543, 6.141037
21.007570, 0.067543, 6.141037
21.010125, 0.064994, 5.909310
21.013408, 0.064994, 5.909310
21.016256, 0.067543, 6.141037
21.018603, 0.067543, 6.141037
21.021205, 0.064994, 5.909310
21.023279, 0.064994, 5.909310
21.025149, 0.067543, 6.141037
21.027235, 0.067543, 6.141037
21.029753, 0.067543, 6.141037
21.032133, 0.067543, 6.141037
21.034498, 0.067543, 6.141037
21.036900, 0.067543, 6.141037
21.039217, 0.064994, 5.909310
21.041721, 0.067543, 6.141037
21.044029, 0.067543, 6.141037
21.046354, 0.064994, 5.909310
21.048681, 0.067543, 6.141037
21.051260, 0.064994, 5.909310
21.053669, 0.067543, 6.141037
21.056105, 0.064994, 5.909310
21.058341, 0.064994, 5.909310
21.060609, 0.067543, 6.141037
21.062943, 0.067543, 6.141037
21.065220, 0.064994, 5.909310
21.067457, 0.067543, 6.141037
21.069799, 0.064994, 5.909310
21.072089, 0.064994, 5.909310
21.074225, 0.064994, 5.909310
21.076363, 0.067543, 6.141037
21.078502, 0.067543, 6.141037
21.080836, 0.064994, 5.909310
21.083151, 0.064994, 5.909310
21.085610, 0.064994, 5.909310
21.087920, 0.064994, 5.909310
21.090239, 0.064994, 5.909310
21.092708, 0.064994, 5.909310
21.094910, 0.064994, 5.909310
21.097545, 0.067543, 6.141037
21.099843, 0.067543, 6.141037
21.102141, 0.067543, 6.141037
21.104471, 0.064994, 5.909310
21.106643, 0.064994, 5.909310
21.108842, 0.067543, 6.141037
21.111187, 0.067543, 6.141037
21.113417, 0.064994, 5.909310
21.115655, 0.067543, 6.141037
21.117904, 0.067543, 6.141037
21.120348, 0.064994, 5.909310
21.123443, 0.067543, 6.141037
21.126937, 0.064994, 5.909310
21.130982, 0.067543, 6.141037
21.134120, 0.067543, 6.141037
21.136142, 0.064994, 5.909310
21.137984, 0.064994, 5.909310
21.140637, 0.064994, 5.909310
21.143026, 0.067543, 6.141037
21.144593, 0.067543, 6.141037
21.146208, 0.064994, 5.909310
21.148079, 0.067543, 6.141037
21.150275, 0.067543, 6.141037
21.152401, 0.067543, 6.141037
21.154487, 0.064994, 5.909310
21.158157, 0.064994, 5.909310
21.161940, 0.067543, 6.141037
21.165125, 0.067543, 6.141037
21.168062, 0.067543, 6.141037
21.170815, 0.067543, 6.141037
21.173311, 0.067543, 6.141037
21.175678, 0.067543, 6.141037
21.177983, 0.064994, 5.909310
21.180380, 0.067543, 6.141037
21.182943, 0.064994, 5.909310
21.185490, 0.067543, 6.141037
21.187896, 0.064994, 5.909310
21.190165, 0.067543, 6.141037
21.192418, 0.067543, 6.141037
21.194701, 0.067543, 6.141037
21.197147, 0.067543, 6.141037
21.199512, 0.067543, 6.141037
21.201869, 0.064994, 5.909310
21.203842, 0.067543, 6.141037
21.205855, 0.064994, 5.909310
21.208030, 0.067543, 6.141037
21.210255, 0.067543, 6.141037
21.212767, 0.067543, 6.141037
21.215156, 0.067543, 6.141037
21.217420, 0.064994, 5.909310
21.219365, 0.067543, 6.141037
21.221152, 0.067543, 6.141037
21.223132, 0.067543, 6.141037
21.225341, 0.067543, 6.141037
21.227986, 0.067543, 6.141037
21.230660, 0.067543, 6.141037
21.233208, 0.067543, 6.141037
21.235776, 0.064994, 5.909310
21.238532, 0.067543, 6.141037
21.241090, 0.067543, 6.141037
21.243369, 0.067543, 6.141037
21.245592, 0.067543, 6.141037
21.248710, 0.067543, 6.141037
21.250703, 0.064994, 5.909310
21.252527, 0.067543, 6.141037
21.254593, 0.064994, 5.909310
21.256759, 0.067543, 6.141037
21.258918, 0.067543, 6.141037
21.261084, 0.067543, 6.141037
21.263231, 0.067543, 6.141037
21.265389, 0.067543, 6.141037
21.267939, 0.067543, 6.141037
21.270169, 0.067543, 6.141037
21.272404, 0.067543, 6.141037
21.274546, 0.067543, 6.141037
21.276858, 0.064994, 5.909310
21.279042, 0.067543, 6.141037
21.281207, 0.067543, 6.141037
21.284094, 0.064994, 5.909310
21.286406, 0.067543, 6.141037
21.288797, 0.067543, 6.141037
21.290474, 0.064994, 5.909310
21.292427, 0.067543, 6.141037
21.294629, 0.067543, 6.141037
21.296957, 0.064994, 5.909310
21.299273, 0.067543, 6.141037
21.301628, 0.067543, 6.141037
21.304035, 0.067543, 6.141037
21.306779, 0.064994, 5.909310
21.310505, 0.067543, 6.141037
21.312343, 0.067543, 6.141037
21.314036, 0.067543, 6.141037
21.315837, 0.067543, 6.141037
21.319367, 0.067543, 6.141037
21.321144, 0.067543, 6.141037
21.323400, 0.064994, 5.909310
21.325853, 0.067543, 6.141037
21.328789, 0.064994, 5.909310
21.331588, 0.067543, 6.141037
21.334735, 0.067543, 6.141037
21.338157, 0.067543, 6.141037
21.340297, 0.067543, 6.141037
21.342127, 0.067543, 6.141037
21.344235, 0.070092, 6.372763
21.346946, 0.067543, 6.141037
21.350749, 0.067543, 6.141037
21.353582, 0.067543, 6.141037
21.355581, 0.067543, 6.141037
21.358749, 0.067543, 6.141037
21.360763, 0.067543, 6.141037
21.362821, 0.067543, 6.141037
21.364945, 0.067543, 6.141037
21.367925, 0.067543, 6.141037
21.370279, 0.067543, 6.141037
21.372245, 0.067543, 6.141037
21.374232, 0.067543, 6.141037
21.376534, 0.064994, 5.909310
21.378747, 0.067543, 6.141037
21.381016, 0.067543, 6.141037
21.384347, 0.067543, 6.141037
21.386645, 0.067543, 6.141037
21.388998, 0.064994, 5.909310
21.391221, 0.067543, 6.141037
21.393435, 0.067543, 6.141037
21.395665, 0.067543, 6.141037
21.398856, 0.067543, 6.141037
21.401896, 0.067543, 6.141037
21.403791, 0.064994, 5.909310
21.405637, 0.067543, 6.141037
21.408132, 0.067543, 6.141037
21.410596, 0.067543, 6.141037
21.413034, 0.067543, 6.141037
21.415446, 0.067543, 6.141037
21.418635, 0.064994, 5.909310
21.420817, 0.067543, 6.141037
21.422723, 0.064994, 5.909310
21.424697, 0.067543, 6.141037
21.426794, 0.064994, 5.909310
21.429987, 0.067543, 6.141037
21.431887, 0.067543, 6.141037
21.434151, 0.067543, 6.141037
21.436146, 0.064994, 5.909310
21.438182, 0.064994, 5.909310
21.440163, 0.067543, 6.141037
21.441938, 0.067543, 6.141037
21.443865, 0.064994, 5.909310
21.445842, 0.067543, 6.141037
21.448069, 0.064994, 5.909310
21.450107, 0.067543, 6.141037
21.452485, 0.067543, 6.141037
21.454537, 0.067543, 6.141037
21.456572, 0.067543, 6.141037
21.458603, 0.067543, 6.141037
21.460800, 0.067543, 6.141037
21.462494, 0.064994, 5.909310
21.464195, 0.067543, 6.141037
21.466156, 0.067543, 6.141037
21.468497, 0.067543, 6.141037
21.471049, 0.067543, 6.141037
21.473520, 0.067543, 6.141037
21.476053, 0.067543, 6.141037
21.478873, 0.064994, 5.909310
21.481177, 0.067543, 6.141037
21.483202, 0.067543, 6.141037
21.485010, 0.067543, 6.141037
21.486909, 0.064994, 5.909310
21.489608, 0.067543, 6.141037
21.492398, 0.064994, 5.909310
21.495074, 0.064994, 5.909310
21.497669, 0.067543, 6.141037
21.500810, 0.067543, 6.141037
21.503011, 0.067543, 6.141037
21.504984, 0.067543, 6.141037
21.506845, 0.067543, 6.141037
21.508956, 0.067543, 6.141037
21.511428, 0.067543, 6.141037
21.514138, 0.067543, 6.141037
21.517412, 0.064994, 5.909310
21.520820, 0.067543, 6.141037
21.524030, 0.067543, 6.141037
21.526636, 0.064994, 5.909310
21.529141, 0.067543, 6.141037
21.531335, 0.067543, 6.141037
21.533455, 0.067543, 6.141037
21.536099, 0.067543, 6.141037
21.539552, 0.067543, 6.141037
21.543033, 0.067543, 6.141037
21.546239, 0.067543, 6.141037
21.549438, 0.067543, 6.141037
21.552837, 0.064994, 5.909310
21.554905, 0.067543, 6.141037
21.556697, 0.067543, 6.141037
21.559585, 0.064994, 5.909310
21.561381, 0.064994, 5.909310
21.563446, 0.067543, 6.141037
21.565666, 0.064994, 5.909310
21.569143, 0.067543, 6.141037
21.571827, 0.067543, 6.141037
21.573845, 0.067543, 6.141037
21.575745, 0.067543, 6.141037
21.578096, 0.067543, 6.141037
21.580879, 0.067543, 6.141037
21.585302, 0.067543, 6.141037
21.589310, 0.067543, 6.141037
21.592926, 0.067543, 6.141037
21.595232, 0.067543, 6.141037
21.597153, 0.067543, 6.141037
21.598900, 0.064994, 5.909310
21.602000, 0.067543, 6.141037
21.603806, 0.067543, 6.141037
21.605752, 0.067543, 6.141037
21.607882, 0.067543, 6.141037
21.610725, 0.067543, 6.141037
21.612874, 0.067543, 6.141037
21.615686, 0.067543, 6.141037
21.618464, 0.067543, 6.141037
21.621349, 0.067543, 6.141037
21.623404, 0.067543, 6.141037
21.625081, 0.064994, 5.909310
21.627000, 0.064994, 5.909310
21.629097, 0.067543, 6.141037
21.631473, 0.067543, 6.141037
21.634230, 0.067543, 6.141037
21.637520, 0.064994, 5.909310
21.639999, 0.067543, 6.141037
21.643087, 0.067543, 6.141037
21.644883, 0.067543, 6.141037
21.646601, 0.067543, 6.141037
21.648538, 0.067543, 6.141037
21.651617, 0.067543, 6.141037
21.653836, 0.067543, 6.141037
21.656220, 0.064994, 5.909310
21.658150, 0.067543, 6.141037
21.659992, 0.064994, 5.909310
21.662078, 0.067543, 6.141037
21.664150, 0.067543, 6.141037
21.666459, 0.067543, 6.141037
21.668479, 0.067543, 6.141037
21.670313, 0.067543, 6.141037
21.672992, 0.067543, 6.141037
21.676111, 0.067543, 6.141037
21.678208, 0.067543, 6.141037
21.680451, 0.064994, 5.909310
21.683187, 0.067543, 6.141037
21.685294, 0.067543, 6.141037
21.687457, 0.067543, 6.141037
21.690120, 0.067543, 6.141037
21.692691, 0.067543, 6.141037
21.694975, 0.067543, 6.141037
21.697421, 0.067543, 6.141037
21.701204, 0.067543, 6.141037
21.706495, 0.067543, 6.141037
21.711257, 0.067543, 6.141037
21.716828, 0.067543, 6.141037
21.721046, 0.064994, 5.909310
21.725278, 0.067543, 6.141037
21.730054, 0.067543, 6.141037
21.734658, 0.067543, 6.141037
21.738473, 0.067543, 6.141037
21.742009, 0.067543, 6.141037
21.746110, 0.067543, 6.141037
21.751018, 0.067543, 6.141037
21.755030, 0.067543, 6.141037
21.758925, 0.067543, 6.141037
21.763518, 0.067543, 6.141037
21.767248, 0.067543, 6.141037
21.770825, 0.067543, 6.141037
21.774208, 0.067543, 6.141037
21.778337, 0.067543, 6.141037
21.783223, 0.067543, 6.141037
21.788761, 0.067543, 6.141037
21.793845, 0.067543, 6.141037
21.797837, 0.067543, 6.141037
21.801382, 0.067543, 6.141037
21.804513, 0.064994, 5.909310
21.808084, 0.067543, 6.141037
21.812992, 0.067543, 6.141037
21.817791, 0.067543, 6.141037
21.822401, 0.067543, 6.141037
21.827404, 0.067543, 6.141037
21.832801, 0.067543, 6.141037
21.837635, 0.067543, 6.141037
21.841324, 0.067543, 6.141037
21.844681, 0.067543, 6.141037
21.848138, 0.067543, 6.141037
21.851486, 0.067543, 6.141037
21.854794, 0.067543, 6.141037
21.857899, 0.067543, 6.141037
21.860808, 0.067543, 6.141037
21.863628, 0.067543, 6.141037
21.866622, 0.067543, 6.141037
21.869486, 0.067543, 6.141037
21.872700, 0.067543, 6.141037
21.875562, 0.067543, 6.141037
21.878439, 0.067543, 6.141037
21.881105, 0.067543, 6.141037
21.883660, 0.067543, 6.141037
21.886260, 0.067543, 6.141037
21.888800, 0.067543, 6.141037
21.891508, 0.067543, 6.141037
21.894784, 0.067543, 6.141037
21.897671, 0.067543, 6.141037
21.900284, 0.067543, 6.141037
21.902924, 0.067543, 6.141037
21.905464, 0.064994, 5.909310
21.907986, 0.067543, 6.141037
21.910543, 0.067543, 6.141037
21.913119, 0.067543, 6.141037
21.915639, 0.067543, 6.141037
21.918315, 0.067543, 6.141037
21.921048, 0.067543, 6.141037
21.923787, 0.067543, 6.141037
21.926481, 0.067543, 6.141037
21.929154, 0.067543, 6.141037
21.931797, 0.064994, 5.909310
21.934338, 0.067543, 6.141037
21.936992, 0.067543, 6.141037
21.939460, 0.064994, 5.909310
21.941934, 0.067543, 6.141037
21.944351, 0.067543, 6.141037
21.946765, 0.067543, 6.141037
21.950210, 0.067543, 6.141037
21.953784, 0.067543, 6.141037
21.956634, 0.064994, 5.909310
21.959419, 0.067543, 6.141037
21.962808, 0.067543, 6.141037
21.964883, 0.067543, 6.141037
21.966973, 0.067543, 6.141037
21.969262, 0.067543, 6.141037
21.971686, 0.067543, 6.141037
21.974094, 0.064994, 5.909310
21.976578, 0.067543, 6.141037
21.979094, 0.067543, 6.141037
21.981585, 0.067543, 6.141037
21.984016, 0.067543, 6.141037
21.986400, 0.067543, 6.141037
21.989100, 0.067543, 6.141037
21.991876, 0.067543, 6.141037
21.994342, 0.067543, 6.141037
21.996763, 0.064994, 5.909310
21.999240, 0.067543, 6.141037
22.001708, 0.067543, 6.141037
22.004086, 0.067543, 6.141037
22.006464, 0.067543, 6.141037
22.009015, 0.067543, 6.141037
22.011487, 0.067543, 6.141037
22.013918, 0.067543, 6.141037
22.016413, 0.067543, 6.141037
22.018996, 0.067543, 6.141037
22.021533, 0.067543, 6.141037
22.023959, 0.067543, 6.141037
22.026409, 0.067543, 6.141037
22.028915, 0.067543, 6.141037
22.031650, 0.067543, 6.141037
22.034699, 0.067543, 6.141037
22.037062, 0.067543, 6.141037
22.039417, 0.067543, 6.141037
22.042017, 0.064994, 5.909310
22.044989, 0.067543, 6.141037
22.047953, 0.067543, 6.141037
22.051943, 0.067543, 6.141037
22.056475, 0.067543, 6.141037
22.061132, 0.067543, 6.141037
22.065197, 0.067543, 6.141037
22.068884, 0.067543, 6.141037
22.072659, 0.067543, 6.141037
22.075823, 0.067543, 6.141037
22.078924, 0.067543, 6.141037
22.083001, 0.064994, 5.909310
22.087191, 0.067543, 6.141037
22.090483, 0.067543, 6.141037
22.093518, 0.067543, 6.141037
22.096313, 0.067543, 6.141037
22.099041, 0.067543, 6.141037
22.101595, 0.067543, 6.141037
22.104033, 0.067543, 6.141037
22.106377, 0.067543, 6.141037
22.108646, 0.067543, 6.141037
22.112082, 0.067543, 6.141037
22.116376, 0.067543, 6.141037
22.120261, 0.067543, 6.141037
22.123772, 0.067543, 6.141037
22.127117, 0.067543, 6.141037
22.130198, 0.067543, 6.141037
22.133034, 0.067543, 6.141037
22.135750, 0.067543, 6.141037
22.138428, 0.067543, 6.141037
22.141109, 0.067543, 6.141037
22.143641, 0.067543, 6.141037
22.146008, 0.067543, 6.141037
22.148304, 0.067543, 6.141037
22.150569, 0.067543, 6.141037
22.152812, 0.067543, 6.141037
22.155004, 0.067543, 6.141037
22.157221, 0.067543, 6.141037
22.159664, 0.067543, 6.141037
22.162854, 0.067543, 6.141037
22.166229, 0.067543, 6.141037
22.169846, 0.067543, 6.141037
22.173596, 0.067543, 6.141037
22.178014, 0.064994, 5.909310
22.182143, 0.067543, 6.141037
22.186002, 0.067543, 6.141037
22.189792, 0.067543, 6.141037
22.192844, 0.067543, 6.141037
22.195575, 0.067543, 6.141037
22.198173, 0.067543, 6.141037
22.202008, 0.067543, 6.141037
22.203836, 0.067543, 6.141037
22.205502, 0.067543, 6.141037
22.207303, 0.067543, 6.141037
22.209275, 0.067543, 6.141037
22.211346, 0.067543, 6.141037
22.213388, 0.067543, 6.141037
22.215584, 0.064994, 5.909310
22.217729, 0.067543, 6.141037
22.219915, 0.067543, 6.141037
22.222100, 0.067543, 6.141037
22.223914, 0.067543, 6.141037
22.225681, 0.067543, 6.141037
22.227850, 0.067543, 6.141037
22.230263, 0.067543, 6.141037
22.233612, 0.067543, 6.141037
22.240741, 0.067543, 6.141037
22.245611, 0.067543, 6.141037
22.249551, 0.067543, 6.141037
22.253146, 0.067543, 6.141037
22.256322, 0.067543, 6.141037
22.260118, 0.067543, 6.141037
22.264219, 0.067543, 6.141037
22.267332, 0.067543, 6.141037
22.269176, 0.067543, 6.141037
22.270762, 0.067543, 6.141037
22.272694, 0.067543, 6.141037
22.274974, 0.067543, 6.141037
22.277250, 0.067543, 6.141037
22.279695, 0.067543, 6.141037
22.283250, 0.067543, 6.141037
22.287099, 0.067543, 6.141037
22.293647, 0.067543, 6.141037
22.301618, 0.067543, 6.141037
22.309071, 0.067543, 6.141037
22.315630, 0.067543, 6.141037
22.320586, 0.067543, 6.141037
22.324536, 0.067543, 6.141037
22.328208, 0.067543, 6.141037
22.331787, 0.067543, 6.141037
22.335988, 0.067543, 6.141037
22.339708, 0.067543, 6.141037
22.343033, 0.067543, 6.141037
22.346433, 0.067543, 6.141037
22.349880, 0.067543, 6.141037
22.353261, 0.067543, 6.141037
22.356885, 0.067543, 6.141037
22.360256, 0.067543, 6.141037
22.363549, 0.067543, 6.141037
22.367112, 0.067543, 6.141037
22.370478, 0.067543, 6.141037
22.373683, 0.067543, 6.141037
22.377534, 0.067543, 6.141037
22.380837, 0.067543, 6.141037
22.384118, 0.067543, 6.141037
22.387275, 0.067543, 6.141037
22.390064, 0.067543, 6.141037
22.392797, 0.067543, 6.141037
22.395455, 0.067543, 6.141037
22.398111, 0.067543, 6.141037
22.400469, 0.067543, 6.141037
22.402832, 0.067543, 6.141037
22.405241, 0.067543, 6.141037
22.407684, 0.067543, 6.141037
22.410091, 0.067543, 6.141037
22.412522, 0.067543, 6.141037
22.415145, 0.067543, 6.141037
22.417950, 0.067543, 6.141037
22.419755, 0.067543, 6.141037
22.421739, 0.067543, 6.141037
22.424142, 0.067543, 6.141037
22.427359, 0.067543, 6.141037
22.430885, 0.067543, 6.141037
22.434016, 0.067543, 6.141037
22.437346, 0.067543, 6.141037
22.440766, 0.067543, 6.141037
22.444087, 0.067543, 6.141037
22.447203, 0.067543, 6.141037
22.450658, 0.067543, 6.141037
22.453706, 0.067543, 6.141037
22.456506, 0.067543, 6.141037
22.459233, 0.067543, 6.141037
22.461829, 0.067543, 6.141037
22.464306, 0.067543, 6.141037
22.466735, 0.067543, 6.141037
22.469123, 0.067543, 6.141037
22.471575, 0.064994, 5.909310
22.473889, 0.067543, 6.141037
22.476143, 0.067543, 6.141037
22.478592, 0.067543, 6.141037
22.480832, 0.067543, 6.141037
22.483069, 0.067543, 6.141037
22.485332, 0.067543, 6.141037
22.488068, 0.067543, 6.141037
22.490491, 0.067543, 6.141037
22.492762, 0.067543, 6.141037
22.495139, 0.067543, 6.141037
22.497520, 0.067543, 6.141037
22.499938, 0.067543, 6.141037
22.502271, 0.070092, 6.372763
22.504827, 0.067543, 6.141037
22.507133, 0.067543, 6.141037
22.509604, 0.067543, 6.141037
22.512051, 0.067543, 6.141037
22.514554, 0.067543, 6.141037
22.517010, 0.067543, 6.141037
22.519509, 0.067543, 6.141037
22.522007, 0.067543, 6.141037
22.524306, 0.067543, 6.141037
22.526586, 0.067543, 6.141037
22.528872, 0.067543, 6.141037
22.531560, 0.067543, 6.141037
22.534657, 0.067543, 6.141037
22.536585, 0.067543, 6.141037
22.538581, 0.067543, 6.141037
22.540771, 0.067543, 6.141037
22.543144, 0.067543, 6.141037
22.545479, 0.067543, 6.141037
22.547857, 0.067543, 6.141037
22.550650, 0.067543, 6.141037
22.552873, 0.067543, 6.141037
22.554866, 0.067543, 6.141037
22.556907, 0.067543, 6.141037
22.559018, 0.067543, 6.141037
22.562537, 0.067543, 6.141037
22.566002, 0.067543, 6.141037
22.568560, 0.067543, 6.141037
22.570802, 0.067543, 6.141037
22.572631, 0.067543, 6.141037
22.574544, 0.067543, 6.141037
22.576603, 0.067543, 6.141037
22.578709, 0.067543, 6.141037
22.580972, 0.067543, 6.141037
22.583346, 0.067543, 6.141037
22.585721, 0.067543, 6.141037
22.588173, 0.067543, 6.141037
22.590412, 0.067543, 6.141037
22.593024, 0.067543, 6.141037
22.595354, 0.067543, 6.141037
22.597669, 0.067543, 6.141037
22.599958, 0.067543, 6.141037
22.602306, 0.067543, 6.141037
22.604655, 0.067543, 6.141037
22.606969, 0.067543, 6.141037
22.609137, 0.067543, 6.141037
22.611642, 0.067543, 6.141037
22.613893, 0.067543, 6.141037
22.616550, 0.067543, 6.141037
22.619075, 0.067543, 6.141037
22.621347, 0.067543, 6.141037
22.623659, 0.067543, 6.141037
22.625979, 0.067543, 6.141037
22.628180, 0.067543, 6.141037
22.630371, 0.067543, 6.141037
22.632874, 0.067543, 6.141037
22.635306, 0.067543, 6.141037
22.637573, 0.067543, 6.141037
22.639726, 0.067543, 6.141037
22.641876, 0.067543, 6.141037
22.644103, 0.067543, 6.141037
22.646389, 0.067543, 6.141037
22.648732, 0.067543, 6.141037
22.650971, 0.067543, 6.141037
22.653449, 0.067543, 6.141037
22.655879, 0.067543, 6.141037
22.658158, 0.067543, 6.141037
22.660335, 0.067543, 6.141037
22.662488, 0.067543, 6.141037
22.665521, 0.067543, 6.141037
22.667458, 0.067543, 6.141037
22.669397, 0.067543, 6.141037
22.671660, 0.067543, 6.141037
22.674654, 0.067543, 6.141037
22.679322, 0.067543, 6.141037
22.683469, 0.067543, 6.141037
22.686952, 0.067543, 6.141037
22.689200, 0.067543, 6.141037
22.691034, 0.067543, 6.141037
22.692802, 0.067543, 6.141037
22.695711, 0.067543, 6.141037
22.697411, 0.067543, 6.141037
22.699407, 0.067543, 6.141037
22.701610, 0.067543, 6.141037
22.703903, 0.067543, 6.141037
22.706315, 0.067543, 6.141037
22.708685, 0.067543, 6.141037
22.710928, 0.067543, 6.141037
22.713198, 0.067543, 6.141037
22.715940, 0.067543, 6.141037
22.719172, 0.067543, 6.141037
22.721416, 0.067543, 6.141037
22.723562, 0.067543, 6.141037
22.725727, 0.067543, 6.141037
22.728350, 0.067543, 6.141037
22.731014, 0.067543, 6.141037
22.733741, 0.067543, 6.141037
22.736921, 0.067543, 6.141037
22.739227, 0.067543, 6.141037
22.741235, 0.067543, 6.141037
22.743113, 0.067543, 6.141037
22.745167, 0.067543, 6.141037
22.749605, 0.067543, 6.141037
22.752049, 0.067543, 6.141037
22.754570, 0.067543, 6.141037
22.756592, 0.067543, 6.141037
22.758537, 0.067543, 6.141037
22.760562, 0.067543, 6.141037
22.763392, 0.067543, 6.141037
22.765762, 0.067543, 6.141037
22.768294, 0.067543, 6.141037
22.770624, 0.067543, 6.141037
22.772992, 0.067543, 6.141037
22.775335, 0.067543, 6.141037
22.778589, 0.067543, 6.141037
22.780888, 0.067543, 6.141037
22.783016, 0.067543, 6.141037
22.785249, 0.067543, 6.141037
22.787993, 0.067543, 6.141037
22.791051, 0.067543, 6.141037
22.794015, 0.067543, 6.141037
22.796861, 0.067543, 6.141037
22.799923, 0.067543, 6.141037
22.802605, 0.067543, 6.141037
22.804701, 0.067543, 6.141037
22.806536, 0.067543, 6.141037
22.808869, 0.067543, 6.141037
22.811156, 0.067543, 6.141037
22.812952, 0.067543, 6.141037
22.814739, 0.067543, 6.141037
22.816759, 0.067543, 6.141037
22.818892, 0.067543, 6.141037
22.821060, 0.067543, 6.141037
22.823288, 0.067543, 6.141037
22.826021, 0.067543, 6.141037
22.828151, 0.067543, 6.141037
22.829847, 0.067543, 6.141037
22.831805, 0.067543, 6.141037
22.833769, 0.067543, 6.141037
22.835871, 0.067543, 6.141037
22.838713, 0.067543, 6.141037
22.840700, 0.067543, 6.141037
22.842578, 0.067543, 6.141037
22.844571, 0.067543, 6.141037
22.846782, 0.067543, 6.141037
22.849401, 0.067543, 6.141037
22.851755, 0.067543, 6.141037
22.853410, 0.067543, 6.141037
22.855115, 0.067543, 6.141037
22.857094, 0.067543, 6.141037
22.859372, 0.067543, 6.141037
22.861641, 0.067543, 6.141037
22.863865, 0.067543, 6.141037
22.866318, 0.067543, 6.141037
22.868900, 0.067543, 6.141037
22.871246, 0.067543, 6.141037
22.873342, 0.067543, 6.141037
22.875511, 0.067543, 6.141037
22.877579, 0.067543, 6.141037
22.879621, 0.067543, 6.141037
22.881695, 0.067543, 6.141037
22.884451, 0.067543, 6.141037
22.887699, 0.067543, 6.141037
22.890912, 0.067543, 6.141037
22.893750, 0.067543, 6.141037
22.896413, 0.067543, 6.141037
22.899283, 0.067543, 6.141037
22.902599, 0.067543, 6.141037
22.906120, 0.067543, 6.141037
22.908295, 0.067543, 6.141037
22.910024, 0.067543, 6.141037
22.912286, 0.067543, 6.141037
22.914782, 0.067543, 6.141037
22.917433, 0.067543, 6.141037
22.920218, 0.067543, 6.141037
22.923320, 0.067543, 6.141037
22.926307, 0.067543, 6.141037
22.929328, 0.067543, 6.141037
22.932160, 0.067543, 6.141037
22.933995, 0.067543, 6.141037
22.935596, 0.067543, 6.141037
22.938942, 0.067543, 6.141037
22.940910, 0.067543, 6.141037
22.942640, 0.067543, 6.141037
22.944586, 0.067543, 6.141037
22.946659, 0.067543, 6.141037
22.948800, 0.067543, 6.141037
22.951287, 0.067543, 6.141037
22.952952, 0.067543, 6.141037
22.954894, 0.067543, 6.141037
22.957113, 0.067543, 6.141037
22.959520, 0.070092, 6.372763
22.962069, 0.067543, 6.141037
22.964482, 0.067543, 6.141037
22.967354, 0.067543, 6.141037
22.969453, 0.067543, 6.141037
22.971424, 0.067543, 6.141037
22.973528, 0.067543, 6.141037
22.975679, 0.067543, 6.141037
22.978022, 0.067543, 6.141037
22.980501, 0.067543, 6.141037
22.983137, 0.067543, 6.141037
22.985852, 0.067543, 6.141037
22.988629, 0.067543, 6.141037
22.991452, 0.067543, 6.141037
22.994170, 0.067543, 6.141037
22.996773, 0.067543, 6.141037
22.999291, 0.067543, 6.141037
23.001774, 0.067543, 6.141037
23.003400, 0.067543, 6.141037
23.005053, 0.067543, 6.141037
23.007026, 0.067543, 6.141037
23.008720, 0.067543, 6.141037
23.010609, 0.067543, 6.141037
23.013281, 0.067543, 6.141037
23.016119, 0.067543, 6.141037
23.018432, 0.067543, 6.141037
23.020433, 0.067543, 6.141037
23.022498, 0.067543, 6.141037
23.024583, 0.067543, 6.141037
23.026764, 0.067543, 6.141037
23.029143, 0.067543, 6.141037
23.031460, 0.067543, 6.141037
23.035179, 0.067543, 6.141037
23.037724, 0.067543, 6.141037
23.040100, 0.067543, 6.141037
23.042503, 0.067543, 6.141037
23.044934, 0.067543, 6.141037
23.047261, 0.067543, 6.141037
23.049975, 0.067543, 6.141037
23.051973, 0.067543, 6.141037
23.054106, 0.067543, 6.141037
23.056114, 0.067543, 6.141037
23.058187, 0.067543, 6.141037
23.060343, 0.067543, 6.141037
23.062629, 0.067543, 6.141037
23.065197, 0.067543, 6.141037
23.067981, 0.067543, 6.141037
23.070738, 0.067543, 6.141037
23.073494, 0.067543, 6.141037
23.076057, 0.067543, 6.141037
23.078491, 0.067543, 6.141037
23.080848, 0.067543, 6.141037
23.083972, 0.067543, 6.141037
23.085814, 0.067543, 6.141037
23.087373, 0.067543, 6.141037
23.089045, 0.067543, 6.141037
23.091131, 0.067543, 6.141037
23.092847, 0.067543, 6.141037
23.094698, 0.067543, 6.141037
23.096973, 0.067543, 6.141037
23.099504, 0.067543, 6.141037
23.102293, 0.067543, 6.141037
23.105373, 0.067543, 6.141037
23.108322, 0.067543, 6.141037
23.111144, 0.067543, 6.141037
23.113761, 0.067543, 6.141037
23.116702, 0.067543, 6.141037
23.119661, 0.067543, 6.141037
23.121633, 0.067543, 6.141037
23.123451, 0.067543, 6.141037
23.126594, 0.067543, 6.141037
23.128750, 0.067543, 6.141037
23.131677, 0.067543, 6.141037
23.136390, 0.067543, 6.141037
23.140111, 0.067543, 6.141037
23.143199, 0.067543, 6.141037
23.146065, 0.067543, 6.141037
23.148585, 0.067543, 6.141037
23.151064, 0.067543, 6.141037
23.153452, 0.067543, 6.141037
23.155815, 0.067543, 6.141037
23.158035, 0.067543, 6.141037
23.160160, 0.067543, 6.141037
23.162422, 0.067543, 6.141037
23.164501, 0.067543, 6.141037
23.167221, 0.067543, 6.141037
23.169623, 0.067543, 6.141037
23.171949, 0.067543, 6.141037
23.174046, 0.067543, 6.141037
23.176628, 0.067543, 6.141037
23.178934, 0.067543, 6.141037
23.180738, 0.067543, 6.141037
23.182684, 0.067543, 6.141037
23.186812, 0.067543, 6.141037
23.189624, 0.067543, 6.141037
23.191878, 0.067543, 6.141037
23.193737, 0.067543, 6.141037
23.195525, 0.067543, 6.141037
23.197694, 0.067543, 6.141037
23.200436, 0.067543, 6.141037
23.202903, 0.067543, 6.141037
23.204831, 0.067543, 6.141037
23.207539, 0.067543, 6.141037
23.211639, 0.067543, 6.141037
23.214827, 0.067543, 6.141037
23.218171, 0.067543, 6.141037
23.220382, 0.067543, 6.141037
23.222334, 0.067543, 6.141037
23.224228, 0.067543, 6.141037
23.226184, 0.067543, 6.141037
23.229364, 0.067543, 6.141037
23.231889, 0.067543, 6.141037
23.234737, 0.067543, 6.141037
23.236581, 0.067543, 6.141037
23.239304, 0.067543, 6.141037
23.242052, 0.064994, 5.909310
23.244369, 0.070092, 6.372763
23.246281, 0.067543, 6.141037
23.248957, 0.067543, 6.141037
23.252510, 0.067543, 6.141037
23.254723, 0.067543, 6.141037
23.256607, 0.067543, 6.141037
23.258618, 0.070092, 6.372763
23.260584, 0.067543, 6.141037
23.262655, 0.067543, 6.141037
23.264764, 0.067543, 6.141037
23.267558, 0.067543, 6.141037
23.270566, 0.067543, 6.141037
23.272314, 0.067543, 6.141037
23.274144, 0.067543, 6.141037
23.276251, 0.067543, 6.141037
23.278466, 0.067543, 6.141037
23.281482, 0.067543, 6.141037
23.283759, 0.067543, 6.141037
23.285758, 0.067543, 6.141037
23.287874, 0.067543, 6.141037
23.290691, 0.070092, 6.372763
23.292722, 0.067543, 6.141037
23.294601, 0.067543, 6.141037
23.296647, 0.067543, 6.141037
23.298818, 0.067543, 6.141037
23.302788, 0.067543, 6.141037
23.305077, 0.067543, 6.141037
23.307138, 0.067543, 6.141037
23.309094, 0.067543, 6.141037
23.311227, 0.067543, 6.141037
23.313398, 0.067543, 6.141037
23.315978, 0.067543, 6.141037
23.318714, 0.067543, 6.141037
23.321206, 0.067543, 6.141037
23.324147, 0.067543, 6.141037
23.327039, 0.067543, 6.141037
23.329836, 0.067543, 6.141037
23.332606, 0.067543, 6.141037
23.335438, 0.067543, 6.141037
23.338034, 0.067543, 6.141037
23.340435, 0.067543, 6.141037
23.342781, 0.067543, 6.141037
23.345006, 0.067543, 6.141037
23.347791, 0.067543, 6.141037
23.351060, 0.067543, 6.141037
23.354372, 0.067543, 6.141037
23.359117, 0.067543, 6.141037
23.364043, 0.067543, 6.141037
23.369167, 0.067543, 6.141037
23.373015, 0.067543, 6.141037
23.376117, 0.067543, 6.141037
23.379254, 0.067543, 6.141037
23.382386, 0.067543, 6.141037
23.385198, 0.067543, 6.141037
23.387391, 0.067543, 6.141037
23.389852, 0.067543, 6.141037
23.392404, 0.067543, 6.141037
23.394803, 0.067543, 6.141037
23.397224, 0.067543, 6.141037
23.399556, 0.067543, 6.141037
23.401922, 0.067543, 6.141037
23.404307, 0.064994, 5.909310
23.406655, 0.067543, 6.141037
23.409159, 0.067543, 6.141037
23.411514, 0.067543, 6.141037
23.413850, 0.067543, 6.141037
23.416106, 0.067543, 6.141037
23.419408, 0.067543, 6.141037
23.421653, 0.067543, 6.141037
23.423830, 0.067543, 6.141037
23.425894, 0.067543, 6.141037
23.428610, 0.067543, 6.141037
23.431075, 0.067543, 6.141037
23.433841, 0.067543, 6.141037
23.436984, 0.067543, 6.141037
23.441836, 0.070092, 6.372763
23.447694, 0.067543, 6.141037
23.450706, 0.067543, 6.141037
23.454358, 0.067543, 6.141037
23.457498, 0.067543, 6.141037
23.460697, 0.067543, 6.141037
23.462366, 0.067543, 6.141037
23.463958, 0.067543, 6.141037
23.465795, 0.067543, 6.141037
23.467783, 0.067543, 6.141037
23.469566, 0.067543, 6.141037
23.471285, 0.067543, 6.141037
23.473716, 0.067543, 6.141037
23.475901, 0.067543, 6.141037
23.478179, 0.067543, 6.141037
23.481072, 0.067543, 6.141037
23.484396, 0.067543, 6.141037
23.486433, 0.067543, 6.141037
23.488363, 0.067543, 6.141037
23.490565, 0.067543, 6.141037
23.492908, 0.067543, 6.141037
23.495245, 0.067543, 6.141037
23.497538, 0.067543, 6.141037
23.499965, 0.067543, 6.141037
23.502410, 0.067543, 6.141037
23.504763, 0.067543, 6.141037
23.506993, 0.067543, 6.141037
23.509219, 0.067543, 6.141037
23.511782, 0.067543, 6.141037
23.513684, 0.067543, 6.141037
23.515450, 0.067543, 6.141037
23.517429, 0.067543, 6.141037
23.519583, 0.067543, 6.141037
23.522577, 0.067543, 6.141037
23.524555, 0.067543, 6.141037
23.526643, 0.067543, 6.141037
23.528760, 0.067543, 6.141037
23.531008, 0.067543, 6.141037
23.533235, 0.067543, 6.141037
23.535530, 0.067543, 6.141037
23.537867, 0.067543, 6.141037
23.540100, 0.067543, 6.141037
23.542428, 0.067543, 6.141037
23.544723, 0.067543, 6.141037
23.546883, 0.064994, 5.909310
23.549047, 0.067543, 6.141037
23.551767, 0.067543, 6.141037
23.554084, 0.067543, 6.141037
23.556377, 0.067543, 6.141037
23.558528, 0.067543, 6.141037
23.560688, 0.067543, 6.141037
23.563720, 0.067543, 6.141037
23.565549, 0.067543, 6.141037
23.567524, 0.067543, 6.141037
23.569621, 0.067543, 6.141037
23.572546, 0.067543, 6.141037
23.577014, 0.067543, 6.141037
23.580817, 0.067543, 6.141037
23.584760, 0.067543, 6.141037
23.587084, 0.067543, 6.141037
23.588961, 0.067543, 6.141037
23.590653, 0.067543, 6.141037
23.593565, 0.067543, 6.141037
23.596552, 0.067543, 6.141037
23.598936, 0.067543, 6.141037
23.601047, 0.067543, 6.141037
23.603849, 0.067543, 6.141037
23.605596, 0.067543, 6.141037
23.607662, 0.067543, 6.141037
23.609790, 0.067543, 6.141037
23.611930, 0.067543, 6.141037
23.615556, 0.067543, 6.141037
23.617870, 0.067543, 6.141037
23.619618, 0.067543, 6.141037
23.621457, 0.067543, 6.141037
23.624997, 0.067543, 6.141037
23.629099, 0.067543, 6.141037
23.632714, 0.067543, 6.141037
23.635918, 0.067543, 6.141037
23.638734, 0.067543, 6.141037
23.641204, 0.067543, 6.141037
23.644179, 0.067543, 6.141037
23.646437, 0.067543, 6.141037
23.648604, 0.067543, 6.141037
23.651457, 0.067543, 6.141037
23.653880, 0.067543, 6.141037
23.656169, 0.067543, 6.141037
23.658903, 0.067543, 6.141037
23.663954, 0.067543, 6.141037
23.670831, 0.067543, 6.141037
23.675498, 0.067543, 6.141037
23.679459, 0.067543, 6.141037
23.682915, 0.067543, 6.141037
23.686716, 0.067543, 6.141037
23.689848, 0.067543, 6.141037
23.692809, 0.067543, 6.141037
23.695711, 0.067543, 6.141037
23.698521, 0.067543, 6.141037
23.701376, 0.067543, 6.141037
23.704259, 0.067543, 6.141037
23.706909, 0.067543, 6.141037
23.709401, 0.067543, 6.141037
23.711826, 0.067543, 6.141037
23.714219, 0.067543, 6.141037
23.716628, 0.067543, 6.141037
23.718988, 0.067543, 6.141037
23.721301, 0.067543, 6.141037
23.723558, 0.067543, 6.141037
23.725837, 0.067543, 6.141037
23.728048, 0.067543, 6.141037
23.730243, 0.067543, 6.141037
23.732432, 0.067543, 6.141037
23.735570, 0.067543, 6.141037
23.739666, 0.067543, 6.141037
23.746404, 0.067543, 6.141037
23.751748, 0.067543, 6.141037
23.756058, 0.067543, 6.141037
23.759874, 0.067543, 6.141037
23.763104, 0.067543, 6.141037
23.766276, 0.067543, 6.141037
23.769184, 0.067543, 6.141037
23.772507, 0.067543, 6.141037
23.775426, 0.067543, 6.141037
23.779891, 0.067543, 6.141037
23.785623, 0.067543, 6.141037
23.790820, 0.067543, 6.141037
23.793787, 0.067543, 6.141037
23.796156, 0.067543, 6.141037
23.798606, 0.067543, 6.141037
23.801325, 0.067543, 6.141037
23.804604, 0.067543, 6.141037
23.808023, 0.067543, 6.141037
23.811954, 0.067543, 6.141037
23.815432, 0.067543, 6.141037
23.818882, 0.067543, 6.141037
23.821838, 0.067543, 6.141037
23.824635, 0.067543, 6.141037
23.827624, 0.067543, 6.141037
23.830487, 0.067543, 6.141037
23.833138, 0.067543, 6.141037
23.836660, 0.067543, 6.141037
23.838767, 0.067543, 6.141037
23.840757, 0.067543, 6.141037
23.842520, 0.067543, 6.141037
23.844435, 0.070092, 6.372763
23.846588, 0.067543, 6.141037
23.848825, 0.067543, 6.141037
23.851377, 0.067543, 6.141037
23.853351, 0.067543, 6.141037
23.855602, 0.067543, 6.141037
23.858393, 0.067543, 6.141037
23.861566, 0.067543, 6.141037
23.864659, 0.067543, 6.141037
23.868203, 0.067543, 6.141037
23.871865, 0.067543, 6.141037
23.875764, 0.067543, 6.141037
23.879546, 0.067543, 6.141037
23.883139, 0.067543, 6.141037
23.887113, 0.067543, 6.141037
23.889298, 0.067543, 6.141037
23.891005, 0.067543, 6.141037
23.892945, 0.067543, 6.141037
23.895145, 0.067543, 6.141037
23.897406, 0.067543, 6.141037
23.899687, 0.067543, 6.141037
23.902005, 0.067543, 6.141037
23.903931, 0.067543, 6.141037
23.905920, 0.067543, 6.141037
23.909643, 0.067543, 6.141037
23.914011, 0.067543, 6.141037
23.920243, 0.067543, 6.141037
23.926313, 0.067543, 6.141037
23.930312, 0.067543, 6.141037
23.934262, 0.067543, 6.141037
23.937776, 0.067543, 6.141037
23.941161, 0.067543, 6.141037
23.944295, 0.067543, 6.141037
23.947197, 0.067543, 6.141037
23.950733, 0.067543, 6.141037
23.952946, 0.067543, 6.141037
23.954916, 0.067543, 6.141037
23.956968, 0.067543, 6.141037
23.959128, 0.067543, 6.141037
23.961409, 0.067543, 6.141037
23.964005, 0.067543, 6.141037
23.966683, 0.070092, 6.372763
23.969401, 0.067543, 6.141037
23.972038, 0.067543, 6.141037
23.974703, 0.067543, 6.141037
23.977362, 0.067543, 6.141037
23.979796, 0.067543, 6.141037
23.982156, 0.067543, 6.141037
23.984485, 0.067543, 6.141037
23.986930, 0.067543, 6.141037
23.989160, 0.067543, 6.141037
23.991375, 0.067543, 6.141037
23.993577, 0.067543, 6.141037
23.995736, 0.067543, 6.141037
23.998193, 0.067543, 6.141037
24.000350, 0.067543, 6.141037
24.002521, 0.067543, 6.141037
24.004672, 0.067543, 6.141037
24.007967, 0.067543, 6.141037
24.011042, 0.067543, 6.141037
24.012841, 0.067543, 6.141037
24.014388, 0.067543, 6.141037
24.016188, 0.067543, 6.141037
24.018550, 0.067543, 6.141037
24.022997, 0.067543, 6.141037
24.027220, 0.067543, 6.141037
24.031089, 0.070092, 6.372763
24.034740, 0.067543, 6.141037
24.039167, 0.067543, 6.141037
24.042246, 0.067543, 6.141037
24.044967, 0.067543, 6.141037
24.047780, 0.067543, 6.141037
24.050310, 0.067543, 6.141037
24.052714, 0.067543, 6.141037
24.055007, 0.067543, 6.141037
24.057409, 0.067543, 6.141037
24.059920, 0.067543, 6.141037
24.062226, 0.067543, 6.141037
24.064509, 0.067543, 6.141037
24.066805, 0.067543, 6.141037
24.069105, 0.067543, 6.141037
24.071357, 0.067543, 6.141037
24.073594, 0.067543, 6.141037
24.075823, 0.067543, 6.141037
24.078090, 0.067543, 6.141037
24.080339, 0.067543, 6.141037
24.082606, 0.067543, 6.141037
24.084885, 0.067543, 6.141037
24.087121, 0.067543, 6.141037
24.089565, 0.067543, 6.141037
24.092184, 0.067543, 6.141037
24.094984, 0.067543, 6.141037
24.096622, 0.067543, 6.141037
24.098312, 0.064994, 5.909310
24.100444, 0.067543, 6.141037
24.102151, 0.067543, 6.141037
24.104073, 0.067543, 6.141037
24.106363, 0.067543, 6.141037
24.108847, 0.067543, 6.141037
24.112211, 0.067543, 6.141037
24.116503, 0.067543, 6.141037
24.120468, 0.067543, 6.141037
24.123817, 0.067543, 6.141037
24.126766, 0.067543, 6.141037
24.130064, 0.067543, 6.141037
24.134398, 0.067543, 6.141037
24.138686, 0.067543, 6.141037
24.141499, 0.067543, 6.141037
24.143882, 0.067543, 6.141037
24.146166, 0.067543, 6.141037
24.148355, 0.067543, 6.141037
24.151004, 0.067543, 6.141037
24.153306, 0.067543, 6.141037
24.155533, 0.067543, 6.141037
24.157751, 0.067543, 6.141037
24.160088, 0.067543, 6.141037
24.162387, 0.067543, 6.141037
24.164625, 0.067543, 6.141037
24.166824, 0.067543, 6.141037
24.169040, 0.067543, 6.141037
24.171498, 0.067543, 6.141037
24.173954, 0.067543, 6.141037
24.176185, 0.067543, 6.141037
24.178459, 0.067543, 6.141037
24.180771, 0.067543, 6.141037
24.183227, 0.067543, 6.141037
24.185703, 0.067543, 6.141037
24.188182, 0.067543, 6.141037
24.190982, 0.067543, 6.141037
24.193658, 0.067543, 6.141037
24.196231, 0.067543, 6.141037
24.198815, 0.067543, 6.141037
24.201679, 0.067543, 6.141037
24.204513, 0.067543, 6.141037
24.207408, 0.067543, 6.141037
24.210687, 0.067543, 6.141037
24.212537, 0.067543, 6.141037
24.214336, 0.067543, 6.141037
24.216300, 0.067543, 6.141037
24.218824, 0.067543, 6.141037
24.221325, 0.067543, 6.141037
24.223405, 0.067543, 6.141037
24.225520, 0.067543, 6.141037
24.227338, 0.067543, 6.141037
24.229232, 0.067543, 6.141037
24.231999, 0.067543, 6.141037
24.234125, 0.067543, 6.141037
24.235944, 0.067543, 6.141037
24.238103, 0.067543, 6.141037
24.240473, 0.067543, 6.141037
24.243177, 0.067543, 6.141037
24.246091, 0.067543, 6.141037
24.248327, 0.067543, 6.141037
24.250421, 0.067543, 6.141037
24.252513, 0.067543, 6.141037
24.255052, 0.067543, 6.141037
24.258145, 0.067543, 6.141037
24.261797, 0.067543, 6.141037
24.265354, 0.070092, 6.372763
24.267515, 0.067543, 6.141037
24.269842, 0.067543, 6.141037
24.272893, 0.067543, 6.141037
24.275792, 0.067543, 6.141037
24.278954, 0.067543, 6.141037
24.280918, 0.067543, 6.141037
24.285666, 0.067543, 6.141037
24.290093, 0.067543, 6.141037
24.292255, 0.067543, 6.141037
24.295854, 0.067543, 6.141037
24.298153, 0.067543, 6.141037
24.300270, 0.067543, 6.141037
24.302770, 0.067543, 6.141037
24.307081, 0.070092, 6.372763
24.311193, 0.067543, 6.141037
24.315049, 0.067543, 6.141037
24.318657, 0.067543, 6.141037
24.322353, 0.067543, 6.141037
24.325737, 0.067543, 6.141037
24.329003, 0.067543, 6.141037
24.332450, 0.067543, 6.141037
24.335587, 0.067543, 6.141037
24.338633, 0.067543, 6.141037
24.341767, 0.067543, 6.141037
24.344763, 0.067543, 6.141037
24.347606, 0.070092, 6.372763
24.350389, 0.067543, 6.141037
24.353161, 0.067543, 6.141037
24.355787, 0.067543, 6.141037
24.358381, 0.067543, 6.141037
24.360927, 0.067543, 6.141037
24.364069, 0.067543, 6.141037
24.367762, 0.067543, 6.141037
24.370835, 0.067543, 6.141037
24.372688, 0.070092, 6.372763
24.374627, 0.067543, 6.141037
24.376911, 0.067543, 6.141037
24.379205, 0.067543, 6.141037
24.382641, 0.067543, 6.141037
24.385071, 0.067543, 6.141037
24.387242, 0.067543, 6.141037
24.389281, 0.067543, 6.141037
24.391316, 0.067543, 6.141037
24.393845, 0.067543, 6.141037
24.396539, 0.067543, 6.141037
24.399839, 0.067543, 6.141037
24.403380, 0.067543, 6.141037
24.406748, 0.067543, 6.141037
24.410215, 0.067543, 6.141037
24.413497, 0.067543, 6.141037
24.416782, 0.067543, 6.141037
24.420289, 0.067543, 6.141037
24.423759, 0.067543, 6.141037
24.427212, 0.067543, 6.141037
24.430547, 0.067543, 6.141037
24.433357, 0.067543, 6.141037
24.435735, 0.067543, 6.141037
24.438136, 0.070092, 6.372763
24.440684, 0.067543, 6.141037
24.443498, 0.067543, 6.141037
24.446682, 0.067543, 6.141037
24.449783, 0.067543, 6.141037
24.453349, 0.067543, 6.141037
24.456558, 0.064994, 5.909310
24.459543, 0.067543, 6.141037
24.462629, 0.067543, 6.141037
24.465625, 0.070092, 6.372763
24.468535, 0.067543, 6.141037
24.471649, 0.067543, 6.141037
24.475366, 0.067543, 6.141037
24.479176, 0.067543, 6.141037
24.482671, 0.067543, 6.141037
24.485183, 0.067543, 6.141037
24.486951, 0.067543, 6.141037
24.488799, 0.067543, 6.141037
24.491104, 0.067543, 6.141037
24.493713, 0.067543, 6.141037
24.496546, 0.067543, 6.141037
24.499785, 0.067543, 6.141037
24.502480, 0.067543, 6.141037
24.504755, 0.067543, 6.141037
24.507189, 0.067543, 6.141037
24.510010, 0.067543, 6.141037
24.513473, 0.067543, 6.141037
24.516913, 0.064994, 5.909310
24.520048, 0.067543, 6.141037
24.523158, 0.067543, 6.141037
24.526296, 0.067543, 6.141037
24.529093, 0.067543, 6.141037
24.531931, 0.070092, 6.372763
24.534009, 0.067543, 6.141037
24.536489, 0.067543, 6.141037
24.538960, 0.067543, 6.141037
24.541636, 0.067543, 6.141037
24.544369, 0.067543, 6.141037
24.547183, 0.067543, 6.141037
24.550152, 0.067543, 6.141037
24.553129, 0.067543, 6.141037
24.556116, 0.067543, 6.141037
24.559055, 0.067543, 6.141037
24.561814, 0.067543, 6.141037
24.564495, 0.067543, 6.141037
24.567121, 0.067543, 6.141037
24.569680, 0.067543, 6.141037
24.572160, 0.067543, 6.141037
24.574596, 0.067543, 6.141037
24.577652, 0.067543, 6.141037
24.580153, 0.067543, 6.141037
24.582670, 0.067543, 6.141037
24.585533, 0.067543, 6.141037
24.587998, 0.067543, 6.141037
24.590325, 0.067543, 6.141037
24.592662, 0.067543, 6.141037
24.594988, 0.067543, 6.141037
24.597958, 0.067543, 6.141037
24.600060, 0.067543, 6.141037
24.602623, 0.067543, 6.141037
24.604229, 0.067543, 6.141037
24.606047, 0.067543, 6.141037
24.608154, 0.067543, 6.141037
24.610336, 0.067543, 6.141037
24.612603, 0.067543, 6.141037
24.614885, 0.067543, 6.141037
24.617478, 0.070092, 6.372763
24.619566, 0.067543, 6.141037
24.621583, 0.067543, 6.141037
24.624005, 0.067543, 6.141037
24.626935, 0.067543, 6.141037
24.629374, 0.067543, 6.141037
24.631155, 0.067543, 6.141037
24.633425, 0.067543, 6.141037
24.635965, 0.067543, 6.141037
24.638660, 0.067543, 6.141037
24.643627, 0.067543, 6.141037
24.648969, 0.067543, 6.141037
24.652947, 0.067543, 6.141037
24.656678, 0.067543, 6.141037
24.660252, 0.067543, 6.141037
24.663845, 0.067543, 6.141037
24.667493, 0.067543, 6.141037
24.671094, 0.067543, 6.141037
24.674576, 0.067543, 6.141037
24.677904, 0.067543, 6.141037
24.681015, 0.067543, 6.141037
24.684187, 0.067543, 6.141037
24.687161, 0.067543, 6.141037
24.690065, 0.067543, 6.141037
24.692936, 0.067543, 6.141037
24.695474, 0.067543, 6.141037
24.698011, 0.067543, 6.141037
24.701280, 0.067543, 6.141037
24.704376, 0.067543, 6.141037
24.706728, 0.067543, 6.141037
24.710215, 0.067543, 6.141037
24.713580, 0.067543, 6.141037
24.717085, 0.067543, 6.141037
24.720809, 0.067543, 6.141037
24.724640, 0.067543, 6.141037
24.727237, 0.067543, 6.141037
24.729857, 0.067543, 6.141037
24.732221, 0.067543, 6.141037
24.734663, 0.067543, 6.141037
24.737177, 0.067543, 6.141037
24.739870, 0.067543, 6.141037
24.742746, 0.067543, 6.141037
24.745770, 0.067543, 6.141037
24.749058, 0.067543, 6.141037
24.752260, 0.067543, 6.141037
24.755427, 0.067543, 6.141037
24.759024, 0.067543, 6.141037
24.762009, 0.067543, 6.141037
24.764729, 0.067543, 6.141037
24.767396, 0.067543, 6.141037
24.770706, 0.067543, 6.141037
24.773211, 0.067543, 6.141037
24.775590, 0.067543, 6.141037
24.778020, 0.067543, 6.141037
24.780395, 0.067543, 6.141037
24.782730, 0.070092, 6.372763
24.785146, 0.067543, 6.141037
24.787411, 0.067543, 6.141037
24.789782, 0.067543, 6.141037
24.792101, 0.067543, 6.141037
24.794327, 0.067543, 6.141037
24.796532, 0.067543, 6.141037
24.798933, 0.067543, 6.141037
24.801312, 0.067543, 6.141037
24.803738, 0.067543, 6.141037
24.806079, 0.067543, 6.141037
24.808464, 0.067543, 6.141037
24.811960, 0.067543, 6.141037
24.815771, 0.070092, 6.372763
24.819596, 0.067543, 6.141037
24.823084, 0.070092, 6.372763
24.827279, 0.067543, 6.141037
24.832231, 0.067543, 6.141037
24.837201, 0.067543, 6.141037
24.842035, 0.067543, 6.141037
24.846030, 0.067543, 6.141037
24.849614, 0.070092, 6.372763
24.852681, 0.067543, 6.141037
24.855516, 0.070092, 6.372763
24.858322, 0.067543, 6.141037
24.860963, 0.067543, 6.141037
24.863453, 0.067543, 6.141037
24.865877, 0.067543, 6.141037
24.868361, 0.067543, 6.141037
24.870738, 0.067543, 6.141037
24.873058, 0.067543, 6.141037
24.875810, 0.067543, 6.141037
24.878252, 0.067543, 6.141037
24.880847, 0.067543, 6.141037
24.883507, 0.070092, 6.372763
24.886239, 0.067543, 6.141037
24.888922, 0.067543, 6.141037
24.891967, 0.067543, 6.141037
24.895153, 0.067543, 6.141037
24.898236, 0.067543, 6.141037
24.901871, 0.067543, 6.141037
24.905159, 0.067543, 6.141037
24.908748, 0.067543, 6.141037
24.911953, 0.067543, 6.141037
24.915205, 0.067543, 6.141037
24.918593, 0.067543, 6.141037
24.921778, 0.067543, 6.141037
24.925070, 0.067543, 6.141037
24.927974, 0.067543, 6.141037
24.930752, 0.067543, 6.141037
24.933591, 0.067543, 6.141037
24.936255, 0.067543, 6.141037
24.938838, 0.067543, 6.141037
24.941370, 0.067543, 6.141037
24.943956, 0.067543, 6.141037
24.946577, 0.067543, 6.141037
24.949309, 0.067543, 6.141037
24.952057, 0.067543, 6.141037
24.954829, 0.064994, 5.909310
24.957567, 0.067543, 6.141037
24.960223, 0.067543, 6.141037
24.962906, 0.070092, 6.372763
24.965523, 0.067543, 6.141037
24.968146, 0.067543, 6.141037
24.970761, 0.067543, 6.141037
24.973363, 0.067543, 6.141037
24.975865, 0.067543, 6.141037
24.978442, 0.067543, 6.141037
24.981050, 0.067543, 6.141037
24.983587, 0.067543, 6.141037
24.986222, 0.067543, 6.141037
24.988768, 0.067543, 6.141037
24.991467, 0.067543, 6.141037
24.994182, 0.067543, 6.141037
24.996866, 0.067543, 6.141037
24.999848, 0.067543, 6.141037
25.002651, 0.067543, 6.141037
25.005500, 0.067543, 6.141037
25.008611, 0.067543, 6.141037
25.012311, 0.070092, 6.372763
25.014955, 0.067543, 6.141037
25.017112, 0.067543, 6.141037
25.019163, 0.067543, 6.141037
25.021356, 0.067543, 6.141037
25.024137, 0.070092, 6.372763
25.026790, 0.067543, 6.141037
25.028967, 0.067543, 6.141037
25.031192, 0.067543, 6.141037
25.033732, 0.067543, 6.141037
25.036815, 0.067543, 6.141037
25.040208, 0.067543, 6.141037
25.043730, 0.067543, 6.141037
25.048725, 0.067543, 6.141037
25.053500, 0.067543, 6.141037
25.058042, 0.067543, 6.141037
25.062420, 0.067543, 6.141037
25.066451, 0.067543, 6.141037
25.070370, 0.067543, 6.141037
25.073849, 0.067543, 6.141037
25.076440, 0.067543, 6.141037
25.078690, 0.067543, 6.141037
25.080667, 0.067543, 6.141037
25.082734, 0.067543, 6.141037
25.084905, 0.067543, 6.141037
25.087192, 0.067543, 6.141037
25.089501, 0.067543, 6.141037
25.091869, 0.067543, 6.141037
25.094257, 0.067543, 6.141037
25.097256, 0.067543, 6.141037
25.100240, 0.070092, 6.372763
25.104062, 0.067543, 6.141037
25.108538, 0.067543, 6.141037
25.111312, 0.067543, 6.141037
25.112925, 0.067543, 6.141037
25.114774, 0.067543, 6.141037
25.117136, 0.067543, 6.141037
25.120730, 0.067543, 6.141037
25.125070, 0.067543, 6.141037
25.130728, 0.067543, 6.141037
25.137428, 0.067543, 6.141037
25.142594, 0.067543, 6.141037
25.147111, 0.067543, 6.141037
25.152210, 0.067543, 6.141037
25.157898, 0.067543, 6.141037
25.164274, 0.067543, 6.141037
25.169180, 0.067543, 6.141037
25.173303, 0.067543, 6.141037
25.176938, 0.067543, 6.141037
25.180213, 0.070092, 6.372763
25.183137, 0.067543, 6.141037
25.185804, 0.067543, 6.141037
25.188829, 0.067543, 6.141037
25.191217, 0.067543, 6.141037
25.193512, 0.067543, 6.141037
25.195784, 0.067543, 6.141037
25.198508, 0.067543, 6.141037
25.201723, 0.067543, 6.141037
25.205795, 0.067543, 6.141037
25.209611, 0.067543, 6.141037
25.211321, 0.067543, 6.141037
25.213012, 0.067543, 6.141037
25.214882, 0.067543, 6.141037
25.217045, 0.067543, 6.141037
25.220660, 0.067543, 6.141037
25.224889, 0.067543, 6.141037
25.228450, 0.067543, 6.141037
25.231534, 0.067543, 6.141037
25.234481, 0.067543, 6.141037
25.237158, 0.067543, 6.141037
25.240215, 0.064994, 5.909310
25.242179, 0.070092, 6.372763
25.243988, 0.067543, 6.141037
25.245842, 0.067543, 6.141037
25.247869, 0.067543, 6.141037
25.251536, 0.067543, 6.141037
25.255931, 0.064994, 5.909310
25.260047, 0.067543, 6.141037
25.263444, 0.067543, 6.141037
25.266639, 0.067543, 6.141037
25.270028, 0.067543, 6.141037
25.273022, 0.067543, 6.141037
25.275802, 0.067543, 6.141037
25.278515, 0.067543, 6.141037
25.280262, 0.067543, 6.141037
25.282867, 0.067543, 6.141037
25.288754, 0.067543, 6.141037
25.297075, 0.067543, 6.141037
25.303003, 0.067543, 6.141037
25.307843, 0.067543, 6.141037
25.313386, 0.067543, 6.141037
25.318055, 0.067543, 6.141037
25.322969, 0.067543, 6.141037
25.326751, 0.067543, 6.141037
25.330486, 0.067543, 6.141037
25.334380, 0.067543, 6.141037
25.338187, 0.067543, 6.141037
25.342645, 0.067543, 6.141037
25.347605, 0.067543, 6.141037
25.352535, 0.067543, 6.141037
25.356685, 0.067543, 6.141037
25.360683, 0.067543, 6.141037
25.364181, 0.067543, 6.141037
25.367607, 0.067543, 6.141037
25.370945, 0.067543, 6.141037
25.374426, 0.067543, 6.141037
25.378323, 0.067543, 6.141037
25.382227, 0.067543, 6.141037
25.386311, 0.067543, 6.141037
25.389961, 0.067543, 6.141037
25.393618, 0.067543, 6.141037
25.397198, 0.067543, 6.141037
25.401086, 0.067543, 6.141037
25.404382, 0.067543, 6.141037
25.407467, 0.067543, 6.141037
25.409939, 0.067543, 6.141037
25.411753, 0.070092, 6.372763
25.413739, 0.067543, 6.141037
25.416161, 0.067543, 6.141037
25.418940, 0.067543, 6.141037
25.422261, 0.067543, 6.141037
25.426917, 0.067543, 6.141037
25.432159, 0.067543, 6.141037
25.437042, 0.067543, 6.141037
25.439771, 0.067543, 6.141037
25.442183, 0.067543, 6.141037
25.444633, 0.067543, 6.141037
25.447402, 0.067543, 6.141037
25.450366, 0.067543, 6.141037
25.454145, 0.067543, 6.141037
25.457623, 0.067543, 6.141037
25.460919, 0.067543, 6.141037
25.464006, 0.067543, 6.141037
25.466901, 0.067543, 6.141037
25.469654, 0.067543, 6.141037
25.472240, 0.067543, 6.141037
25.474733, 0.067543, 6.141037
25.477616, 0.067543, 6.141037
25.481793, 0.067543, 6.141037
25.485695, 0.067543, 6.141037
25.488723, 0.067543, 6.141037
25.491227, 0.067543, 6.141037
25.494048, 0.067543, 6.141037
25.496520, 0.067543, 6.141037
25.499461, 0.067543, 6.141037
25.502064, 0.067543, 6.141037
25.504551, 0.067543, 6.141037
25.507543, 0.067543, 6.141037
25.510428, 0.067543, 6.141037
25.513093, 0.067543, 6.141037
25.515683, 0.067543, 6.141037
25.518314, 0.067543, 6.141037
25.521243, 0.067543, 6.141037
25.523625, 0.067543, 6.141037
25.525899, 0.067543, 6.141037
25.529085, 0.067543, 6.141037
25.531257, 0.067543, 6.141037
25.532993, 0.067543, 6.141037
25.534790, 0.067543, 6.141037
25.536798, 0.067543, 6.141037
25.538979, 0.067543, 6.141037
25.541203, 0.067543, 6.141037
25.543421, 0.067543, 6.141037
25.545617, 0.067543, 6.141037
25.547845, 0.067543, 6.141037
25.550272, 0.067543, 6.141037
25.552486, 0.067543, 6.141037
25.554688, 0.067543, 6.141037
25.556905, 0.067543, 6.141037
25.559149, 0.067543, 6.141037
25.561313, 0.067543, 6.141037
25.563464, 0.067543, 6.141037
25.565669, 0.067543, 6.141037
25.568024, 0.067543, 6.141037
25.570460, 0.067543, 6.141037
25.572637, 0.067543, 6.141037
25.574804, 0.067543, 6.141037
25.576992, 0.070092, 6.372763
25.579177, 0.067543, 6.141037
25.581397, 0.067543, 6.141037
25.583645, 0.067543, 6.141037
25.585846, 0.067543, 6.141037
25.587482, 0.067543, 6.141037
25.589897, 0.070092, 6.372763
25.592541, 0.067543, 6.141037
25.595211, 0.067543, 6.141037
25.597919, 0.067543, 6.141037
25.601073, 0.067543, 6.141037
25.604248, 0.067543, 6.141037
25.607425, 0.067543, 6.141037
25.610938, 0.067543, 6.141037
25.614148, 0.067543, 6.141037
25.617418, 0.067543, 6.141037
25.619162, 0.067543, 6.141037
25.620965, 0.067543, 6.141037
25.623034, 0.067543, 6.141037
25.625120, 0.067543, 6.141037
25.627133, 0.070092, 6.372763
25.628935, 0.067543, 6.141037
25.631325, 0.067543, 6.141037
25.633090, 0.067543, 6.141037
25.635217, 0.067543, 6.141037
25.637318, 0.067543, 6.141037
25.639578, 0.067543, 6.141037
25.641705, 0.070092, 6.372763
25.643790, 0.070092, 6.372763
25.646066, 0.067543, 6.141037
25.648785, 0.067543, 6.141037
25.652363, 0.067543, 6.141037
25.655956, 0.067543, 6.141037
25.659487, 0.067543, 6.141037
25.663347, 0.067543, 6.141037
25.666436, 0.070092, 6.372763
25.669393, 0.067543, 6.141037
25.672728, 0.067543, 6.141037
25.676506, 0.067543, 6.141037
25.679771, 0.067543, 6.141037
25.683373, 0.067543, 6.141037
25.686720, 0.067543, 6.141037
25.689756, 0.067543, 6.141037
25.692901, 0.067543, 6.141037
25.696214, 0.067543, 6.141037
25.699443, 0.067543, 6.141037
25.702788, 0.067543, 6.141037
25.706518, 0.067543, 6.141037
25.709833, 0.067543, 6.141037
25.713134, 0.067543, 6.141037
25.716727, 0.067543, 6.141037
25.720477, 0.067543, 6.141037
25.724065, 0.067543, 6.141037
25.727571, 0.067543, 6.141037
25.731385, 0.067543, 6.141037
25.735739, 0.067543, 6.141037
25.741223, 0.067543, 6.141037
25.747403, 0.067543, 6.141037
25.752996, 0.067543, 6.141037
25.757503, 0.067543, 6.141037
25.761473, 0.067543, 6.141037
25.765247, 0.067543, 6.141037
25.769804, 0.067543, 6.141037
25.773386, 0.067543, 6.141037
25.776488, 0.067543, 6.141037
25.779540, 0.067543, 6.141037
25.782385, 0.067543, 6.141037
25.785316, 0.067543, 6.141037
25.787863, 0.067543, 6.141037
25.790295, 0.067543, 6.141037
25.792921, 0.067543, 6.141037
25.795682, 0.067543, 6.141037
25.798204, 0.070092, 6.372763
25.801637, 0.067543, 6.141037
25.805295, 0.067543, 6.141037
25.808929, 0.067543, 6.141037
25.811977, 0.067543, 6.141037
25.816118, 0.067543, 6.141037
25.820994, 0.067543, 6.141037
25.823093, 0.067543, 6.141037
25.825134, 0.067543, 6.141037
25.827293, 0.070092, 6.372763
25.829566, 0.067543, 6.141037
25.831899, 0.067543, 6.141037
25.834403, 0.070092, 6.372763
25.836825, 0.067543, 6.141037
25.839215, 0.070092, 6.372763
25.841633, 0.067543, 6.141037
25.844090, 0.067543, 6.141037
25.846536, 0.070092, 6.372763
25.848992, 0.070092, 6.372763
25.851448, 0.067543, 6.141037
25.853891, 0.067543, 6.141037
25.856469, 0.067543, 6.141037
25.859024, 0.067543, 6.141037
25.861754, 0.067543, 6.141037
25.864551, 0.067543, 6.141037
25.867323, 0.067543, 6.141037
25.870105, 0.067543, 6.141037
25.872888, 0.067543, 6.141037
25.875595, 0.067543, 6.141037
25.878395, 0.067543, 6.141037
25.881130, 0.070092, 6.372763
25.883787, 0.067543, 6.141037
25.886613, 0.067543, 6.141037
25.889359, 0.070092, 6.372763
25.892084, 0.067543, 6.141037
25.894904, 0.067543, 6.141037
25.897733, 0.067543, 6.141037
25.900565, 0.067543, 6.141037
25.903340, 0.067543, 6.141037
25.906523, 0.067543, 6.141037
25.908932, 0.067543, 6.141037
25.911121, 0.067543, 6.141037
25.913386, 0.067543, 6.141037
25.915737, 0.067543, 6.141037
25.918230, 0.067543, 6.141037
25.920717, 0.067543, 6.141037
25.923204, 0.067543, 6.141037
25.925769, 0.067543, 6.141037
25.928328, 0.067543, 6.141037
25.930909, 0.067543, 6.141037
25.933456, 0.067543, 6.141037
25.935530, 0.067543, 6.141037
25.938571, 0.067543, 6.141037
25.941948, 0.067543, 6.141037
25.945153, 0.067543, 6.141037
25.948276, 0.067543, 6.141037
25.951644, 0.067543, 6.141037
25.954859, 0.070092, 6.372763
25.957994, 0.067543, 6.141037
25.961337, 0.067543, 6.141037
25.965758, 0.067543, 6.141037
25.970281, 0.070092, 6.372763
25.973904, 0.067543, 6.141037
25.977438, 0.067543, 6.141037
25.980078, 0.067543, 6.141037
25.983671, 0.067543, 6.141037
25.987050, 0.067543, 6.141037
25.990360, 0.067543, 6.141037
25.993708, 0.067543, 6.141037
25.996858, 0.070092, 6.372763
25.999908, 0.067543, 6.141037
26.002824, 0.067543, 6.141037
26.005578, 0.067543, 6.141037
26.008141, 0.067543, 6.141037
26.010631, 0.067543, 6.141037
26.013023, 0.067543, 6.141037
26.015485, 0.067543, 6.141037
26.018441, 0.067543, 6.141037
26.020953, 0.067543, 6.141037
26.023483, 0.067543, 6.141037
26.025994, 0.067543, 6.141037
26.028427, 0.067543, 6.141037
26.030855, 0.067543, 6.141037
26.033244, 0.067543, 6.141037
26.036430, 0.067543, 6.141037
26.040280, 0.067543, 6.141037
26.044212, 0.067543, 6.141037
26.047565, 0.067543, 6.141037
26.049392, 0.067543, 6.141037
26.051164, 0.067543, 6.141037
26.053125, 0.067543, 6.141037
26.055414, 0.067543, 6.141037
26.057686, 0.067543, 6.141037
26.059982, 0.067543, 6.141037
26.062393, 0.067543, 6.141037
26.065004, 0.067543, 6.141037
26.067166, 0.067543, 6.141037
26.069268, 0.067543, 6.141037
26.071537, 0.067543, 6.141037
26.073950, 0.067543, 6.141037
26.076869, 0.067543, 6.141037
26.081310, 0.067543, 6.141037
26.086951, 0.067543, 6.141037
26.092673, 0.067543, 6.141037
26.097689, 0.067543, 6.141037
26.102548, 0.067543, 6.141037
26.106614, 0.067543, 6.141037
26.110368, 0.067543, 6.141037
26.113801, 0.067543, 6.141037
26.117445, 0.067543, 6.141037
26.121038, 0.064994, 5.909310
26.124674, 0.067543, 6.141037
26.128057, 0.067543, 6.141037
26.132569, 0.067543, 6.141037
26.135487, 0.067543, 6.141037
26.138402, 0.067543, 6.141037
26.141107, 0.067543, 6.141037
26.143670, 0.067543, 6.141037
26.146158, 0.067543, 6.141037
26.148704, 0.067543, 6.141037
26.152306, 0.067543, 6.141037
26.157696, 0.067543, 6.141037
26.162250, 0.067543, 6.141037
26.166042, 0.067543, 6.141037
26.169535, 0.067543, 6.141037
26.172523, 0.067543, 6.141037
26.175261, 0.067543, 6.141037
26.177994, 0.067543, 6.141037
26.180746, 0.067543, 6.141037
26.183282, 0.067543, 6.141037
26.185737, 0.067543, 6.141037
26.188277, 0.067543, 6.141037
26.190717, 0.067543, 6.141037
26.192956, 0.067543, 6.141037
26.195176, 0.067543, 6.141037
26.197392, 0.067543, 6.141037
26.200440, 0.067543, 6.141037
26.203743, 0.067543, 6.141037
26.207422, 0.067543, 6.141037
26.210194, 0.067543, 6.141037
26.213307, 0.067543, 6.141037
26.215630, 0.067543, 6.141037
26.217636, 0.067543, 6.141037
26.219750, 0.067543, 6.141037
26.221933, 0.067543, 6.141037
26.224165, 0.067543, 6.141037
26.226395, 0.067543, 6.141037
26.228799, 0.067543, 6.141037
26.231191, 0.067543, 6.141037
26.233621, 0.067543, 6.141037
26.236224, 0.067543, 6.141037
26.238823, 0.067543, 6.141037
26.241475, 0.067543, 6.141037
26.244013, 0.067543, 6.141037
26.246504, 0.067543, 6.141037
26.248896, 0.067543, 6.141037
26.252190, 0.067543, 6.141037
26.253916, 0.067543, 6.141037
26.255645, 0.067543, 6.141037
26.257649, 0.067543, 6.141037
26.259832, 0.067543, 6.141037
26.262053, 0.067543, 6.141037
26.264255, 0.067543, 6.141037
26.266507, 0.067543, 6.141037
26.268750, 0.067543, 6.141037
26.271061, 0.067543, 6.141037
26.272914, 0.067543, 6.141037
26.274701, 0.067543, 6.141037
26.276863, 0.067543, 6.141037
26.279198, 0.067543, 6.141037
26.282335, 0.067543, 6.141037
26.287172, 0.067543, 6.141037
26.292638, 0.067543, 6.141037
26.297102, 0.067543, 6.141037
26.300520, 0.067543, 6.141037
26.303966, 0.067543, 6.141037
26.307028, 0.067543, 6.141037
26.309911, 0.067543, 6.141037
26.312732, 0.067543, 6.141037
26.315331, 0.067543, 6.141037
26.317782, 0.067543, 6.141037
26.320124, 0.067543, 6.141037
26.322906, 0.067543, 6.141037
26.326403, 0.067543, 6.141037
26.331891, 0.067543, 6.141037
26.335864, 0.070092, 6.372763
26.340682, 0.067543, 6.141037
26.343276, 0.067543, 6.141037
26.346552, 0.067543, 6.141037
26.349025, 0.067543, 6.141037
26.351992, 0.067543, 6.141037
26.355906, 0.067543, 6.141037
26.360504, 0.070092, 6.372763
26.366540, 0.067543, 6.141037
26.368636, 0.067543, 6.141037
26.370219, 0.067543, 6.141037
26.372054, 0.067543, 6.141037
26.374234, 0.067543, 6.141037
26.376539, 0.067543, 6.141037
26.378913, 0.067543, 6.141037
26.381327, 0.067543, 6.141037
26.383788, 0.064994, 5.909310
26.386254, 0.067543, 6.141037
26.389131, 0.067543, 6.141037
26.391481, 0.067543, 6.141037
26.393776, 0.067543, 6.141037
26.396047, 0.067543, 6.141037
26.398348, 0.067543, 6.141037
26.400700, 0.067543, 6.141037
26.402973, 0.067543, 6.141037
26.405316, 0.067543, 6.141037
26.407588, 0.067543, 6.141037
26.409785, 0.067543, 6.141037
26.411982, 0.067543, 6.141037
26.414378, 0.067543, 6.141037
26.416806, 0.067543, 6.141037
26.419135, 0.067543, 6.141037
26.421391, 0.067543, 6.141037
26.423658, 0.067543, 6.141037
26.425927, 0.067543, 6.141037
26.428255, 0.067543, 6.141037
26.430510, 0.067543, 6.141037
26.432856, 0.070092, 6.372763
26.434815, 0.067543, 6.141037
26.436994, 0.067543, 6.141037
26.439252, 0.067543, 6.141037
26.441638, 0.067543, 6.141037
26.444231, 0.064994, 5.909310
26.446723, 0.067543, 6.141037
26.449154, 0.067543, 6.141037
26.451617, 0.067543, 6.141037
26.454113, 0.067543, 6.141037
26.456609, 0.067543, 6.141037
26.459055, 0.067543, 6.141037
26.461474, 0.067543, 6.141037
26.463930, 0.067543, 6.141037
26.466359, 0.067543, 6.141037
26.468851, 0.067543, 6.141037
26.471287, 0.067543, 6.141037
26.473695, 0.067543, 6.141037
26.476998, 0.067543, 6.141037
26.482906, 0.067543, 6.141037
26.489937, 0.067543, 6.141037
26.494588, 0.067543, 6.141037
26.498390, 0.067543, 6.141037
26.501834, 0.067543, 6.141037
26.505183, 0.067543, 6.141037
26.508361, 0.067543, 6.141037
26.511212, 0.067543, 6.141037
26.513831, 0.064994, 5.909310
26.516350, 0.067543, 6.141037
26.518753, 0.067543, 6.141037
26.521105, 0.067543, 6.141037
26.523366, 0.067543, 6.141037
26.525596, 0.067543, 6.141037
26.529108, 0.067543, 6.141037
26.530974, 0.067543, 6.141037
26.532825, 0.067543, 6.141037
26.535999, 0.067543, 6.141037
26.539727, 0.067543, 6.141037
26.543094, 0.067543, 6.141037
26.546370, 0.067543, 6.141037
26.549623, 0.067543, 6.141037
26.552443, 0.067543, 6.141037
26.555160, 0.070092, 6.372763
26.558002, 0.067543, 6.141037
26.560732, 0.070092, 6.372763
26.563483, 0.067543, 6.141037
26.566291, 0.067543, 6.141037
26.569171, 0.067543, 6.141037
26.571957, 0.067543, 6.141037
26.574618, 0.067543, 6.141037
26.577223, 0.067543, 6.141037
26.579869, 0.067543, 6.141037
26.582393, 0.070092, 6.372763
26.584891, 0.067543, 6.141037
26.587327, 0.067543, 6.141037
26.589824, 0.067543, 6.141037
26.592213, 0.067543, 6.141037
26.594555, 0.067543, 6.141037
26.597345, 0.067543, 6.141037
26.600671, 0.067543, 6.141037
26.603619, 0.067543, 6.141037
26.606380, 0.067543, 6.141037
26.609398, 0.067543, 6.141037
26.612190, 0.067543, 6.141037
26.614819, 0.067543, 6.141037
26.617086, 0.067543, 6.141037
26.619227, 0.067543, 6.141037
26.621494, 0.067543, 6.141037
26.626790, 0.067543, 6.141037
26.631435, 0.067543, 6.141037
26.635493, 0.067543, 6.141037
26.639239, 0.070092, 6.372763
26.643124, 0.067543, 6.141037
26.646484, 0.067543, 6.141037
26.649870, 0.067543, 6.141037
26.653075, 0.067543, 6.141037
26.656173, 0.067543, 6.141037
26.659099, 0.067543, 6.141037
26.662019, 0.067543, 6.141037
26.664706, 0.067543, 6.141037
26.667346, 0.067543, 6.141037
26.670510, 0.067543, 6.141037
26.673288, 0.067543, 6.141037
26.675847, 0.067543, 6.141037
26.678411, 0.067543, 6.141037
26.681083, 0.067543, 6.141037
26.684519, 0.067543, 6.141037
26.686433, 0.067543, 6.141037
26.688357, 0.067543, 6.141037
26.690524, 0.067543, 6.141037
26.693613, 0.067543, 6.141037
26.698566, 0.067543, 6.141037
26.700940, 0.067543, 6.141037
26.704171, 0.067543, 6.141037
26.706502, 0.067543, 6.141037
26.708489, 0.067543, 6.141037
26.710405, 0.067543, 6.141037
26.713309, 0.067543, 6.141037
26.716166, 0.067543, 6.141037
26.721194, 0.067543, 6.141037
26.726611, 0.067543, 6.141037
26.732502, 0.067543, 6.141037
26.736563, 0.067543, 6.141037
26.740199, 0.067543, 6.141037
26.743590, 0.067543, 6.141037
26.747040, 0.070092, 6.372763
26.750386, 0.070092, 6.372763
26.754160, 0.067543, 6.141037
26.757555, 0.067543, 6.141037
26.760747, 0.067543, 6.141037
26.764566, 0.067543, 6.141037
26.768341, 0.067543, 6.141037
26.771532, 0.067543, 6.141037
26.774643, 0.067543, 6.141037
26.777536, 0.067543, 6.141037
26.780342, 0.067543, 6.141037
26.783136, 0.067543, 6.141037
26.785941, 0.067543, 6.141037
26.789242, 0.067543, 6.141037
26.795189, 0.067543, 6.141037
26.800151, 0.070092, 6.372763
26.804440, 0.067543, 6.141037
26.809174, 0.067543, 6.141037
26.813628, 0.067543, 6.141037
26.819177, 0.067543, 6.141037
26.822262, 0.067543, 6.141037
26.825290, 0.067543, 6.141037
26.828008, 0.067543, 6.141037
26.830629, 0.067543, 6.141037
26.833143, 0.067543, 6.141037
26.835305, 0.067543, 6.141037
26.837517, 0.067543, 6.141037
26.839665, 0.067543, 6.141037
26.841974, 0.067543, 6.141037
26.844398, 0.067543, 6.141037
26.847032, 0.067543, 6.141037
26.848765, 0.067543, 6.141037
26.850834, 0.067543, 6.141037
26.853136, 0.067543, 6.141037
26.855798, 0.067543, 6.141037
26.858722, 0.067543, 6.141037
26.861768, 0.070092, 6.372763
26.865193, 0.067543, 6.141037
26.868737, 0.067543, 6.141037
26.872257, 0.067543, 6.141037
26.875943, 0.067543, 6.141037
26.879666, 0.067543, 6.141037
26.883269, 0.067543, 6.141037
26.887064, 0.067543, 6.141037
26.890499, 0.067543, 6.141037
26.893695, 0.067543, 6.141037
26.897673, 0.067543, 6.141037
26.901870, 0.067543, 6.141037
26.906332, 0.067543, 6.141037
26.910906, 0.067543, 6.141037
26.913911, 0.067543, 6.141037
26.915895, 0.067543, 6.141037
26.917994, 0.067543, 6.141037
26.920319, 0.067543, 6.141037
26.922767, 0.067543, 6.141037
26.925350, 0.067543, 6.141037
26.927977, 0.067543, 6.141037
26.930717, 0.067543, 6.141037
26.933494, 0.067543, 6.141037
26.936392, 0.067543, 6.141037
26.939267, 0.067543, 6.141037
26.942044, 0.067543, 6.141037
26.945309, 0.067543, 6.141037
26.948180, 0.067543, 6.141037
26.950903, 0.067543, 6.141037
26.953664, 0.067543, 6.141037
26.956551, 0.067543, 6.141037
26.959539, 0.067543, 6.141037
26.962959, 0.067543, 6.141037
26.966445, 0.067543, 6.141037
26.970299, 0.070092, 6.372763
26.973480, 0.067543, 6.141037
26.976917, 0.067543, 6.141037
26.980366, 0.067543, 6.141037
26.983962, 0.070092, 6.372763
26.987319, 0.067543, 6.141037
26.991022, 0.067543, 6.141037
26.994126, 0.067543, 6.141037
26.997112, 0.067543, 6.141037
26.999963, 0.067543, 6.141037
27.002936, 0.067543, 6.141037
27.005584, 0.067543, 6.141037
27.008052, 0.067543, 6.141037
27.010467, 0.067543, 6.141037
27.012866, 0.067543, 6.141037
27.016418, 0.067543, 6.141037
27.019478, 0.067543, 6.141037
27.022447, 0.067543, 6.141037
27.025651, 0.067543, 6.141037
27.029013, 0.067543, 6.141037
27.032319, 0.067543, 6.141037
27.035847, 0.067543, 6.141037
27.039175, 0.067543, 6.141037
27.042492, 0.067543, 6.141037
27.045965, 0.067543, 6.141037
27.049056, 0.067543, 6.141037
27.051952, 0.067543, 6.141037
27.054658, 0.067543, 6.141037
27.057278, 0.067543, 6.141037
27.059846, 0.067543, 6.141037
27.062413, 0.067543, 6.141037
27.064917, 0.067543, 6.141037
27.067414, 0.067543, 6.141037
27.070006, 0.067543, 6.141037
27.072391, 0.067543, 6.141037
27.074801, 0.067543, 6.141037
27.077170, 0.067543, 6.141037
27.079564, 0.067543, 6.141037
27.083330, 0.067543, 6.141037
27.086956, 0.067543, 6.141037
27.090346, 0.067543, 6.141037
27.093864, 0.067543, 6.141037
27.096993, 0.070092, 6.372763
27.099791, 0.067543, 6.141037
27.104224, 0.067543, 6.141037
27.107079, 0.067543, 6.141037
27.109871, 0.067543, 6.141037
27.112625, 0.067543, 6.141037
27.115247, 0.067543, 6.141037
27.117780, 0.067543, 6.141037
27.120380, 0.067543, 6.141037
27.122742, 0.067543, 6.141037
27.125038, 0.067543, 6.141037
27.127298, 0.067543, 6.141037
27.129615, 0.067543, 6.141037
27.132566, 0.067543, 6.141037
27.135290, 0.067543, 6.141037
27.137817, 0.067543, 6.141037
27.140367, 0.067543, 6.141037
27.143870, 0.067543, 6.141037
27.147525, 0.070092, 6.372763
27.151214, 0.067543, 6.141037
27.154394, 0.067543, 6.141037
27.157365, 0.067543, 6.141037
27.160093, 0.067543, 6.141037
27.162748, 0.067543, 6.141037
27.165296, 0.067543, 6.141037
27.167722, 0.070092, 6.372763
27.170054, 0.070092, 6.372763
27.172525, 0.067543, 6.141037
27.174822, 0.067543, 6.141037
27.177074, 0.067543, 6.141037
27.179360, 0.070092, 6.372763
27.181872, 0.067543, 6.141037
27.185761, 0.067543, 6.141037
27.189833, 0.067543, 6.141037
27.193949, 0.067543, 6.141037
27.196984, 0.067543, 6.141037
27.199803, 0.067543, 6.141037
27.202708, 0.067543, 6.141037
27.206330, 0.070092, 6.372763
27.209157, 0.067543, 6.141037
27.211755, 0.067543, 6.141037
27.214925, 0.067543, 6.141037
27.218186, 0.067543, 6.141037
27.220931, 0.067543, 6.141037
27.223671, 0.067543, 6.141037
27.226303, 0.067543, 6.141037
27.228923, 0.067543, 6.141037
27.231517, 0.067543, 6.141037
27.234173, 0.067543, 6.141037
27.236635, 0.067543, 6.141037
27.239013, 0.067543, 6.141037
27.241326, 0.067543, 6.141037
27.243921, 0.067543, 6.141037
27.246557, 0.067543, 6.141037
27.248880, 0.067543, 6.141037
27.252246, 0.067543, 6.141037
27.254884, 0.070092, 6.372763
27.257375, 0.067543, 6.141037
27.259813, 0.067543, 6.141037
27.262206, 0.067543, 6.141037
27.264635, 0.067543, 6.141037
27.267026, 0.067543, 6.141037
27.269409, 0.067543, 6.141037
27.271743, 0.070092, 6.372763
27.274577, 0.067543, 6.141037
27.276870, 0.067543, 6.141037
27.279107, 0.067543, 6.141037
27.281331, 0.070092, 6.372763
27.283603, 0.067543, 6.141037
27.285998, 0.067543, 6.141037
27.288286, 0.067543, 6.141037
27.290550, 0.067543, 6.141037
27.292795, 0.067543, 6.141037
27.295103, 0.067543, 6.141037
27.297323, 0.067543, 6.141037
27.299543, 0.067543, 6.141037
27.301787, 0.067543, 6.141037
27.303992, 0.067543, 6.141037
27.306289, 0.067543, 6.141037
27.308506, 0.067543, 6.141037
27.310716, 0.067543, 6.141037
27.312937, 0.070092, 6.372763
27.315353, 0.067543, 6.141037
27.318539, 0.067543, 6.141037
27.321395, 0.067543, 6.141037
27.323913, 0.067543, 6.141037
27.326481, 0.067543, 6.141037
27.328922, 0.067543, 6.141037
27.331290, 0.067543, 6.141037
27.333676, 0.067543, 6.141037
27.336205, 0.067543, 6.141037
27.338674, 0.067543, 6.141037
27.341089, 0.067543, 6.141037
27.343460, 0.067543, 6.141037
27.345770, 0.067543, 6.141037
27.348073, 0.067543, 6.141037
27.350465, 0.067543, 6.141037
27.352809, 0.067543, 6.141037
27.355168, 0.067543, 6.141037
27.357952, 0.067543, 6.141037
27.360300, 0.067543, 6.141037
27.362653, 0.067543, 6.141037
27.364921, 0.067543, 6.141037
27.367459, 0.067543, 6.141037
27.369721, 0.067543, 6.141037
27.371951, 0.067543, 6.141037
27.374190, 0.067543, 6.141037
27.377528, 0.070092, 6.372763
27.380514, 0.067543, 6.141037
27.382214, 0.067543, 6.141037
27.383959, 0.067543, 6.141037
27.385704, 0.067543, 6.141037
27.387578, 0.067543, 6.141037
27.389573, 0.070092, 6.372763
27.391247, 0.067543, 6.141037
27.393151, 0.067543, 6.141037
27.395262, 0.067543, 6.141037
27.397592, 0.067543, 6.141037
27.400009, 0.067543, 6.141037
27.402505, 0.070092, 6.372763
27.404941, 0.067543, 6.141037
27.407088, 0.067543, 6.141037
27.409085, 0.067543, 6.141037
27.410945, 0.067543, 6.141037
27.412790, 0.067543, 6.141037
27.414734, 0.067543, 6.141037
27.416916, 0.067543, 6.141037
27.421127, 0.067543, 6.141037
27.425142, 0.067543, 6.141037
27.428666, 0.067543, 6.141037
27.430459, 0.067543, 6.141037
27.432116, 0.067543, 6.141037
27.434035, 0.067543, 6.141037
27.436015, 0.067543, 6.141037
27.438215, 0.067543, 6.141037
27.440664, 0.067543, 6.141037
27.447107, 0.067543, 6.141037
27.453435, 0.067543, 6.141037
27.458149, 0.067543, 6.141037
27.461773, 0.067543, 6.141037
27.464830, 0.067543, 6.141037
27.467713, 0.070092, 6.372763
27.470434, 0.067543, 6.141037
27.472960, 0.067543, 6.141037
27.475360, 0.070092, 6.372763
27.477743, 0.067543, 6.141037
27.480032, 0.067543, 6.141037
27.482228, 0.067543, 6.141037
27.484440, 0.067543, 6.141037
27.486637, 0.067543, 6.141037
27.488893, 0.067543, 6.141037
27.491129, 0.067543, 6.141037
27.493370, 0.067543, 6.141037
27.495623, 0.070092, 6.372763
27.498048, 0.067543, 6.141037
27.500633, 0.067543, 6.141037
27.503007, 0.067543, 6.141037
27.505302, 0.067543, 6.141037
27.507577, 0.067543, 6.141037
27.510503, 0.067543, 6.141037
27.512814, 0.067543, 6.141037
27.515086, 0.070092, 6.372763
27.517433, 0.067543, 6.141037
27.519915, 0.067543, 6.141037
27.522799, 0.067543, 6.141037
27.525093, 0.070092, 6.372763
27.527348, 0.067543, 6.141037
27.530248, 0.067543, 6.141037
27.532650, 0.067543, 6.141037
27.535055, 0.067543, 6.141037
27.537486, 0.067543, 6.141037
27.540161, 0.067543, 6.141037
27.542875, 0.067543, 6.141037
27.545530, 0.070092, 6.372763
27.548349, 0.070092, 6.372763
27.551606, 0.067543, 6.141037
27.555010, 0.067543, 6.141037
27.558668, 0.067543, 6.141037
27.560653, 0.067543, 6.141037
27.562739, 0.067543, 6.141037
27.564978, 0.067543, 6.141037
27.567408, 0.067543, 6.141037
27.572498, 0.067543, 6.141037
27.576662, 0.067543, 6.141037
27.580720, 0.067543, 6.141037
27.584747, 0.067543, 6.141037
27.588611, 0.067543, 6.141037
27.593287, 0.067543, 6.141037
27.597907, 0.070092, 6.372763
27.602391, 0.067543, 6.141037
27.605896, 0.067543, 6.141037
27.608858, 0.070092, 6.372763
27.612427, 0.067543, 6.141037
27.615241, 0.067543, 6.141037
27.618073, 0.067543, 6.141037
27.621073, 0.067543, 6.141037
27.623896, 0.067543, 6.141037
27.626565, 0.067543, 6.141037
27.629211, 0.067543, 6.141037
27.632568, 0.067543, 6.141037
27.635183, 0.067543, 6.141037
27.638359, 0.070092, 6.372763
27.641302, 0.070092, 6.372763
27.643874, 0.067543, 6.141037
27.646860, 0.067543, 6.141037
27.649863, 0.067543, 6.141037
27.653437, 0.067543, 6.141037
27.655960, 0.067543, 6.141037
27.658045, 0.067543, 6.141037
27.661049, 0.067543, 6.141037
27.663944, 0.067543, 6.141037
27.667091, 0.070092, 6.372763
27.672247, 0.067543, 6.141037
27.675133, 0.067543, 6.141037
27.677415, 0.067543, 6.141037
27.679427, 0.067543, 6.141037
27.681394, 0.067543, 6.141037
27.683712, 0.070092, 6.372763
27.686193, 0.070092, 6.372763
27.688695, 0.067543, 6.141037
27.691366, 0.067543, 6.141037
27.694409, 0.067543, 6.141037
27.697355, 0.067543, 6.141037
27.700445, 0.067543, 6.141037
27.704098, 0.067543, 6.141037
27.707809, 0.067543, 6.141037
27.711543, 0.067543, 6.141037
27.715128, 0.067543, 6.141037
27.718843, 0.067543, 6.141037
27.722285, 0.067543, 6.141037
27.724704, 0.067543, 6.141037
27.726492, 0.067543, 6.141037
27.728724, 0.067543, 6.141037
27.732733, 0.067543, 6.141037
27.735113, 0.067543, 6.141037
27.736872, 0.067543, 6.141037
27.738828, 0.067543, 6.141037
27.741194, 0.067543, 6.141037
27.743780, 0.067543, 6.141037
27.746698, 0.070092, 6.372763
27.749875, 0.067543, 6.141037
27.753440, 0.067543, 6.141037
27.755899, 0.070092, 6.372763
27.759377, 0.067543, 6.141037
27.763769, 0.067543, 6.141037
27.769069, 0.067543, 6.141037
27.773061, 0.067543, 6.141037
27.777361, 0.067543, 6.141037
27.781295, 0.067543, 6.141037
27.783642, 0.067543, 6.141037
27.785480, 0.070092, 6.372763
27.787520, 0.067543, 6.141037
27.789801, 0.067543, 6.141037
27.792235, 0.067543, 6.141037
27.794717, 0.067543, 6.141037
27.797206, 0.067543, 6.141037
27.799572, 0.067543, 6.141037
27.801303, 0.067543, 6.141037
27.803270, 0.070092, 6.372763
27.805957, 0.070092, 6.372763
27.808948, 0.067543, 6.141037
27.812135, 0.067543, 6.141037
27.816160, 0.067543, 6.141037
27.818896, 0.067543, 6.141037
27.821643, 0.070092, 6.372763
27.824077, 0.067543, 6.141037
27.826660, 0.067543, 6.141037
27.829543, 0.067543, 6.141037
27.833396, 0.067543, 6.141037
27.836225, 0.067543, 6.141037
27.838567, 0.067543, 6.141037
27.840957, 0.067543, 6.141037
27.843581, 0.067543, 6.141037
27.847063, 0.067543, 6.141037
27.848932, 0.067543, 6.141037
27.850892, 0.067543, 6.141037
27.853087, 0.070092, 6.372763
27.855500, 0.067543, 6.141037
27.861314, 0.067543, 6.141037
27.866698, 0.067543, 6.141037
27.871797, 0.067543, 6.141037
27.877280, 0.067543, 6.141037
27.882105, 0.067543, 6.141037
27.886424, 0.070092, 6.372763
27.890516, 0.067543, 6.141037
27.894660, 0.067543, 6.141037
27.898632, 0.067543, 6.141037
27.902625, 0.067543, 6.141037
27.906625, 0.067543, 6.141037
27.911125, 0.067543, 6.141037
27.915001, 0.067543, 6.141037
27.919674, 0.067543, 6.141037
27.923279, 0.067543, 6.141037
27.926558, 0.070092, 6.372763
27.929834, 0.070092, 6.372763
27.932973, 0.067543, 6.141037
27.935942, 0.070092, 6.372763
27.938931, 0.070092, 6.372763
27.942057, 0.070092, 6.372763
27.944875, 0.067543, 6.141037
27.947634, 0.067543, 6.141037
27.950545, 0.067543, 6.141037
27.953237, 0.070092, 6.372763
27.955886, 0.070092, 6.372763
27.958413, 0.067543, 6.141037
27.960947, 0.067543, 6.141037
27.963366, 0.067543, 6.141037
27.965781, 0.070092, 6.372763
27.968142, 0.067543, 6.141037
27.970703, 0.067543, 6.141037
27.973258, 0.067543, 6.141037
27.976124, 0.067543, 6.141037
27.978929, 0.070092, 6.372763
27.981662, 0.067543, 6.141037
27.984366, 0.067543, 6.141037
27.987091, 0.070092, 6.372763
27.990022, 0.067543, 6.141037
27.994069, 0.067543, 6.141037
27.997562, 0.067543, 6.141037
28.000732, 0.067543, 6.141037
28.003684, 0.067543, 6.141037
28.006447, 0.067543, 6.141037
28.009083, 0.067543, 6.141037
28.011672, 0.070092, 6.372763
28.014174, 0.067543, 6.141037
28.016647, 0.070092, 6.372763
28.019230, 0.070092, 6.372763
28.021745, 0.067543, 6.141037
28.024289, 0.070092, 6.372763
28.026690, 0.067543, 6.141037
28.029072, 0.067543, 6.141037
28.031667, 0.067543, 6.141037
28.034191, 0.067543, 6.141037
28.036905, 0.067543, 6.141037
28.039917, 0.070092, 6.372763
28.045072, 0.067543, 6.141037
28.049868, 0.070092, 6.372763
28.054265, 0.067543, 6.141037
28.057798, 0.070092, 6.372763
28.060948, 0.067543, 6.141037
28.063723, 0.067543, 6.141037
28.066736, 0.067543, 6.141037
28.070205, 0.070092, 6.372763
28.073260, 0.067543, 6.141037
28.076733, 0.070092, 6.372763
28.079668, 0.067543, 6.141037
28.083082, 0.067543, 6.141037
28.087000, 0.067543, 6.141037
28.092210, 0.070092, 6.372763
28.099970, 0.067543, 6.141037
28.105752, 0.067543, 6.141037
28.110076, 0.067543, 6.141037
28.113629, 0.067543, 6.141037
28.116700, 0.070092, 6.372763
28.119526, 0.067543, 6.141037
28.122097, 0.070092, 6.372763
28.124510, 0.067543, 6.141037
28.127056, 0.070092, 6.372763
28.129338, 0.067543, 6.141037
28.131556, 0.067543, 6.141037
28.134035, 0.067543, 6.141037
28.136565, 0.067543, 6.141037
28.138915, 0.067543, 6.141037
28.141257, 0.067543, 6.141037
28.144136, 0.067543, 6.141037
28.146553, 0.067543, 6.141037
28.149181, 0.067543, 6.141037
28.152166, 0.067543, 6.141037
28.155760, 0.070092, 6.372763
28.158970, 0.067543, 6.141037
28.161285, 0.067543, 6.141037
28.163103, 0.067543, 6.141037
28.164827, 0.067543, 6.141037
28.166870, 0.070092, 6.372763
28.169077, 0.067543, 6.141037
28.171384, 0.067543, 6.141037
28.173791, 0.067543, 6.141037
28.176127, 0.070092, 6.372763
28.178495, 0.067543, 6.141037
28.180801, 0.070092, 6.372763
28.183289, 0.067543, 6.141037
28.185465, 0.067543, 6.141037
28.188009, 0.067543, 6.141037
28.191423, 0.067543, 6.141037
28.194629, 0.067543, 6.141037
28.197689, 0.067543, 6.141037
28.200706, 0.067543, 6.141037
28.203622, 0.070092, 6.372763
28.206363, 0.067543, 6.141037
28.208922, 0.067543, 6.141037
28.212145, 0.067543, 6.141037
28.214934, 0.070092, 6.372763
28.218520, 0.067543, 6.141037
28.222145, 0.067543, 6.141037
28.225134, 0.070092, 6.372763
28.227937, 0.070092, 6.372763
28.230817, 0.067543, 6.141037
28.234560, 0.067543, 6.141037
28.238694, 0.067543, 6.141037
28.240508, 0.067543, 6.141037
28.242155, 0.067543, 6.141037
28.243898, 0.070092, 6.372763
28.245791, 0.067543, 6.141037
28.247767, 0.067543, 6.141037
28.249814, 0.070092, 6.372763
28.251998, 0.067543, 6.141037
28.254222, 0.067543, 6.141037
28.256430, 0.067543, 6.141037
28.258639, 0.067543, 6.141037
28.260854, 0.070092, 6.372763
28.262942, 0.067543, 6.141037
28.264639, 0.067543, 6.141037
28.266739, 0.067543, 6.141037
28.269721, 0.070092, 6.372763
28.272958, 0.070092, 6.372763
28.276149, 0.067543, 6.141037
28.279128, 0.067543, 6.141037
28.282326, 0.067543, 6.141037
28.286585, 0.070092, 6.372763
28.292260, 0.067543, 6.141037
28.299567, 0.067543, 6.141037
28.307165, 0.067543, 6.141037
28.313179, 0.067543, 6.141037
28.317295, 0.070092, 6.372763
28.322583, 0.067543, 6.141037
28.325705, 0.067543, 6.141037
28.328462, 0.067543, 6.141037
28.331080, 0.067543, 6.141037
28.333883, 0.067543, 6.141037
28.336503, 0.070092, 6.372763
28.339109, 0.067543, 6.141037
28.341717, 0.067543, 6.141037
28.344330, 0.067543, 6.141037
28.347838, 0.070092, 6.372763
28.351654, 0.067543, 6.141037
28.355138, 0.067543, 6.141037
28.358449, 0.067543, 6.141037
28.361652, 0.067543, 6.141037
28.364698, 0.067543, 6.141037
28.367863, 0.067543, 6.141037
28.371045, 0.067543, 6.141037
28.374370, 0.067543, 6.141037
28.377517, 0.067543, 6.141037
28.380533, 0.067543, 6.141037
28.383899, 0.067543, 6.141037
28.386941, 0.067543, 6.141037
28.389703, 0.067543, 6.141037
28.392540, 0.067543, 6.141037
28.395613, 0.067543, 6.141037
28.398835, 0.067543, 6.141037
28.402063, 0.067543, 6.141037
28.405310, 0.067543, 6.141037
28.408317, 0.070092, 6.372763
28.411367, 0.067543, 6.141037
28.414329, 0.067543, 6.141037
28.417390, 0.067543, 6.141037
28.421940, 0.067543, 6.141037
28.426824, 0.067543, 6.141037
28.430500, 0.067543, 6.141037
28.432251, 0.067543, 6.141037
28.434817, 0.067543, 6.141037
28.438068, 0.067543, 6.141037
28.441121, 0.067543, 6.141037
28.445054, 0.067543, 6.141037
28.448883, 0.067543, 6.141037
28.451840, 0.067543, 6.141037
28.454557, 0.067543, 6.141037
28.457159, 0.067543, 6.141037
28.459845, 0.070092, 6.372763
28.462527, 0.067543, 6.141037
28.465399, 0.067543, 6.141037
28.467957, 0.067543, 6.141037
28.469987, 0.067543, 6.141037
28.471986, 0.067543, 6.141037
28.474074, 0.067543, 6.141037
28.476305, 0.067543, 6.141037
28.478615, 0.067543, 6.141037
28.480970, 0.067543, 6.141037
28.483325, 0.067543, 6.141037
28.486132, 0.070092, 6.372763
28.489101, 0.067543, 6.141037
28.491017, 0.067543, 6.141037
28.493117, 0.067543, 6.141037
28.495310, 0.067543, 6.141037
28.497670, 0.067543, 6.141037
28.499992, 0.067543, 6.141037
28.502328, 0.067543, 6.141037
28.504004, 0.067543, 6.141037
28.505961, 0.067543, 6.141037
28.508368, 0.067543, 6.141037
28.511521, 0.067543, 6.141037
28.514675, 0.067543, 6.141037
28.518749, 0.067543, 6.141037
28.522391, 0.067543, 6.141037
28.525503, 0.067543, 6.141037
28.528393, 0.067543, 6.141037
28.531089, 0.067543, 6.141037
28.533657, 0.067543, 6.141037
28.536202, 0.067543, 6.141037
28.538739, 0.070092, 6.372763
28.540410, 0.067543, 6.141037
28.542408, 0.067543, 6.141037
28.544768, 0.067543, 6.141037
28.547237, 0.067543, 6.141037
28.550007, 0.067543, 6.141037
28.553141, 0.067543, 6.141037
28.556306, 0.067543, 6.141037
28.559446, 0.067543, 6.141037
28.562763, 0.067543, 6.141037
28.566248, 0.067543, 6.141037
28.567990, 0.070092, 6.372763
28.570418, 0.070092, 6.372763
28.573427, 0.067543, 6.141037
28.575711, 0.067543, 6.141037
28.577855, 0.067543, 6.141037
28.580074, 0.067543, 6.141037
28.582587, 0.067543, 6.141037
28.585246, 0.067543, 6.141037
28.587950, 0.067543, 6.141037
28.590615, 0.067543, 6.141037
28.593418, 0.067543, 6.141037
28.596183, 0.067543, 6.141037
28.599071, 0.067543, 6.141037
28.602498, 0.067543, 6.141037
28.604725, 0.067543, 6.141037
28.606973, 0.067543, 6.141037
28.609142, 0.067543, 6.141037
28.611447, 0.067543, 6.141037
28.613806, 0.067543, 6.141037
28.616245, 0.067543, 6.141037
28.618727, 0.070092, 6.372763
28.621252, 0.067543, 6.141037
28.623641, 0.067543, 6.141037
28.625960, 0.067543, 6.141037
28.628319, 0.067543, 6.141037
28.630920, 0.067543, 6.141037
28.633427, 0.070092, 6.372763
28.635894, 0.067543, 6.141037
28.638370, 0.067543, 6.141037
28.640679, 0.070092, 6.372763
28.642936, 0.070092, 6.372763
28.645164, 0.067543, 6.141037
28.647522, 0.067543, 6.141037
28.650012, 0.067543, 6.141037
28.653474, 0.067543, 6.141037
28.657951, 0.067543, 6.141037
28.663653, 0.067543, 6.141037
28.668744, 0.067543, 6.141037
28.672920, 0.067543, 6.141037
28.676640, 0.070092, 6.372763
28.680195, 0.067543, 6.141037
28.684583, 0.070092, 6.372763
28.688836, 0.067543, 6.141037
28.691393, 0.067543, 6.141037
28.693189, 0.067543, 6.141037
28.695000, 0.067543, 6.141037
28.696999, 0.067543, 6.141037
28.699198, 0.067543, 6.141037
28.702822, 0.067543, 6.141037
28.705970, 0.067543, 6.141037
28.708987, 0.067543, 6.141037
28.711976, 0.067543, 6.141037
28.714795, 0.067543, 6.141037
28.717934, 0.067543, 6.141037
28.721560, 0.067543, 6.141037
28.724784, 0.067543, 6.141037
28.727719, 0.067543, 6.141037
28.730484, 0.067543, 6.141037
28.734717, 0.067543, 6.141037
28.739064, 0.067543, 6.141037
28.743009, 0.070092, 6.372763
28.746763, 0.070092, 6.372763
28.750338, 0.070092, 6.372763
28.753972, 0.067543, 6.141037
28.757733, 0.070092, 6.372763
28.760983, 0.067543, 6.141037
28.764332, 0.067543, 6.141037
28.767735, 0.070092, 6.372763
28.770905, 0.067543, 6.141037
28.775026, 0.067543, 6.141037
28.778153, 0.067543, 6.141037
28.781106, 0.067543, 6.141037
28.784216, 0.067543, 6.141037
28.787190, 0.067543, 6.141037
28.790270, 0.067543, 6.141037
28.793616, 0.067543, 6.141037
28.797385, 0.067543, 6.141037
28.801741, 0.067543, 6.141037
28.805188, 0.070092, 6.372763
28.808352, 0.070092, 6.372763
28.812034, 0.067543, 6.141037
28.816775, 0.067543, 6.141037
28.820670, 0.067543, 6.141037
28.822568, 0.067543, 6.141037
28.824418, 0.067543, 6.141037
28.826469, 0.070092, 6.372763
28.828698, 0.067543, 6.141037
28.831068, 0.067543, 6.141037
28.833539, 0.067543, 6.141037
28.835971, 0.067543, 6.141037
28.838369, 0.067543, 6.141037
28.841855, 0.067543, 6.141037
28.844354, 0.067543, 6.141037
28.846719, 0.070092, 6.372763
28.849392, 0.067543, 6.141037
28.851860, 0.067543, 6.141037
28.854227, 0.067543, 6.141037
28.856615, 0.067543, 6.141037
28.859028, 0.067543, 6.141037
28.861627, 0.067543, 6.141037
28.864121, 0.067543, 6.141037
28.866576, 0.067543, 6.141037
28.869078, 0.067543, 6.141037
28.871583, 0.067543, 6.141037
28.874111, 0.067543, 6.141037
28.876634, 0.067543, 6.141037
28.879216, 0.067543, 6.141037
28.881867, 0.067543, 6.141037
28.884497, 0.067543, 6.141037
28.887040, 0.067543, 6.141037
28.889215, 0.067543, 6.141037
28.891176, 0.067543, 6.141037
28.893226, 0.067543, 6.141037
28.895487, 0.067543, 6.141037
28.897900, 0.067543, 6.141037
28.900358, 0.067543, 6.141037
28.902883, 0.067543, 6.141037
28.905395, 0.067543, 6.141037
28.907906, 0.067543, 6.141037
28.910433, 0.070092, 6.372763
28.913112, 0.067543, 6.141037
28.916128, 0.067543, 6.141037
28.919560, 0.067543, 6.141037
28.922988, 0.067543, 6.141037
28.926289, 0.067543, 6.141037
28.929209, 0.067543, 6.141037
28.932046, 0.070092, 6.372763
28.934014, 0.067543, 6.141037
28.936266, 0.067543, 6.141037
28.938186, 0.067543, 6.141037
28.940076, 0.067543, 6.141037
28.942374, 0.067543, 6.141037
28.944586, 0.067543, 6.141037
28.948667, 0.067543, 6.141037
28.953282, 0.067543, 6.141037
28.955589, 0.067543, 6.141037
28.957302, 0.067543, 6.141037
28.959293, 0.067543, 6.141037
28.961631, 0.070092, 6.372763
28.964354, 0.067543, 6.141037
28.966921, 0.067543, 6.141037
28.969439, 0.067543, 6.141037
28.971935, 0.067543, 6.141037
28.974451, 0.067543, 6.141037
28.976772, 0.067543, 6.141037
28.978421, 0.067543, 6.141037
28.980383, 0.067543, 6.141037
28.982709, 0.070092, 6.372763
28.985473, 0.067543, 6.141037
28.988300, 0.067543, 6.141037
28.991021, 0.070092, 6.372763
28.993832, 0.067543, 6.141037
28.996637, 0.067543, 6.141037
28.999375, 0.067543, 6.141037
29.002692, 0.067543, 6.141037
29.005453, 0.067543, 6.141037
29.008130, 0.067543, 6.141037
29.010697, 0.067543, 6.141037
29.013180, 0.067543, 6.141037
29.016684, 0.067543, 6.141037
29.019964, 0.067543, 6.141037
29.021637, 0.067543, 6.141037
29.023371, 0.067543, 6.141037
29.026075, 0.067543, 6.141037
29.028297, 0.067543, 6.141037
29.030474, 0.067543, 6.141037
29.032704, 0.067543, 6.141037
29.035015, 0.067543, 6.141037
29.037315, 0.067543, 6.141037
29.039553, 0.070092, 6.372763
29.041850, 0.067543, 6.141037
29.044160, 0.067543, 6.141037
29.046881, 0.067543, 6.141037
29.049309, 0.067543, 6.141037
29.051904, 0.070092, 6.372763
29.054397, 0.067543, 6.141037
29.057447, 0.067543, 6.141037
29.059555, 0.070092, 6.372763
29.061464, 0.067543, 6.141037
29.063557, 0.067543, 6.141037
29.065745, 0.067543, 6.141037
29.068809, 0.067543, 6.141037
29.071469, 0.067543, 6.141037
29.073620, 0.067543, 6.141037
29.075734, 0.067543, 6.141037
29.078059, 0.070092, 6.372763
29.080351, 0.067543, 6.141037
29.082738, 0.067543, 6.141037
29.085080, 0.067543, 6.141037
29.087512, 0.067543, 6.141037
29.089899, 0.067543, 6.141037
29.092386, 0.067543, 6.141037
29.094871, 0.067543, 6.141037
29.097311, 0.067543, 6.141037
29.099863, 0.067543, 6.141037
29.102272, 0.067543, 6.141037
29.104758, 0.070092, 6.372763
29.107681, 0.067543, 6.141037
29.110806, 0.067543, 6.141037
29.114106, 0.067543, 6.141037
29.116397, 0.067543, 6.141037
29.118165, 0.067543, 6.141037
29.120904, 0.067543, 6.141037
29.125249, 0.067543, 6.141037
29.130146, 0.070092, 6.372763
29.134032, 0.067543, 6.141037
29.137544, 0.067543, 6.141037
29.140704, 0.067543, 6.141037
29.143795, 0.067543, 6.141037
29.146168, 0.067543, 6.141037
29.148092, 0.067543, 6.141037
29.150486, 0.067543, 6.141037
29.155101, 0.067543, 6.141037
29.159776, 0.067543, 6.141037
29.164444, 0.067543, 6.141037
29.168855, 0.067543, 6.141037
29.173095, 0.070092, 6.372763
29.177575, 0.067543, 6.141037
29.181357, 0.067543, 6.141037
29.183728, 0.070092, 6.372763
29.185890, 0.070092, 6.372763
29.188003, 0.067543, 6.141037
29.190216, 0.070092, 6.372763
29.192865, 0.067543, 6.141037
29.195383, 0.067543, 6.141037
29.198410, 0.067543, 6.141037
29.201259, 0.067543, 6.141037
29.204066, 0.067543, 6.141037
29.207170, 0.067543, 6.141037
29.210444, 0.067543, 6.141037
29.213852, 0.067543, 6.141037
29.217657, 0.070092, 6.372763
29.221344, 0.067543, 6.141037
29.224807, 0.070092, 6.372763
29.228403, 0.067543, 6.141037
29.231722, 0.070092, 6.372763
29.235040, 0.067543, 6.141037
29.238299, 0.067543, 6.141037
29.242090, 0.067543, 6.141037
29.245543, 0.067543, 6.141037
29.249210, 0.067543, 6.141037
29.254572, 0.067543, 6.141037
29.260541, 0.067543, 6.141037
29.266529, 0.067543, 6.141037
29.272076, 0.067543, 6.141037
29.276733, 0.067543, 6.141037
29.278851, 0.070092, 6.372763
29.280895, 0.070092, 6.372763
29.283154, 0.067543, 6.141037
29.285573, 0.070092, 6.372763
29.288096, 0.067543, 6.141037
29.290886, 0.067543, 6.141037
29.293719, 0.067543, 6.141037
29.296498, 0.067543, 6.141037
29.300454, 0.070092, 6.372763
29.305254, 0.067543, 6.141037
29.311316, 0.067543, 6.141037
29.315958, 0.067543, 6.141037
29.319773, 0.067543, 6.141037
29.323528, 0.067543, 6.141037
29.326874, 0.067543, 6.141037
29.330514, 0.070092, 6.372763
29.334491, 0.067543, 6.141037
29.337921, 0.067543, 6.141037
29.341134, 0.067543, 6.141037
29.344138, 0.067543, 6.141037
29.347038, 0.067543, 6.141037
29.349862, 0.067543, 6.141037
29.353127, 0.067543, 6.141037
29.357609, 0.067543, 6.141037
29.362976, 0.067543, 6.141037
29.367355, 0.067543, 6.141037
29.371755, 0.067543, 6.141037
29.375750, 0.067543, 6.141037
29.379537, 0.067543, 6.141037
29.382019, 0.067543, 6.141037
29.385140, 0.067543, 6.141037
29.388502, 0.067543, 6.141037
29.391980, 0.067543, 6.141037
29.395442, 0.067543, 6.141037
29.398966, 0.067543, 6.141037
29.402034, 0.067543, 6.141037
29.405016, 0.070092, 6.372763
29.407813, 0.067543, 6.141037
29.410518, 0.070092, 6.372763
29.413135, 0.067543, 6.141037
29.415696, 0.067543, 6.141037
29.418232, 0.067543, 6.141037
29.420802, 0.067543, 6.141037
29.423248, 0.067543, 6.141037
29.425645, 0.070092, 6.372763
29.428369, 0.067543, 6.141037
29.430939, 0.067543, 6.141037
29.433919, 0.067543, 6.141037
29.438551, 0.070092, 6.372763
29.443719, 0.067543, 6.141037
29.447919, 0.067543, 6.141037
29.451706, 0.067543, 6.141037
29.455052, 0.067543, 6.141037
29.458563, 0.067543, 6.141037
29.462371, 0.067543, 6.141037
29.465755, 0.067543, 6.141037
29.469294, 0.067543, 6.141037
29.472620, 0.067543, 6.141037
29.475831, 0.067543, 6.141037
29.478935, 0.067543, 6.141037
29.482062, 0.070092, 6.372763
29.485364, 0.067543, 6.141037
29.488916, 0.067543, 6.141037
29.492247, 0.070092, 6.372763
29.495370, 0.070092, 6.372763
29.498348, 0.067543, 6.141037
29.501243, 0.067543, 6.141037
29.504062, 0.067543, 6.141037
29.506771, 0.067543, 6.141037
29.509425, 0.067543, 6.141037
29.512091, 0.067543, 6.141037
29.514687, 0.067543, 6.141037
29.517240, 0.067543, 6.141037
29.520293, 0.067543, 6.141037
29.522979, 0.067543, 6.141037
29.525588, 0.067543, 6.141037
29.528175, 0.067543, 6.141037
29.531207, 0.067543, 6.141037
29.533755, 0.067543, 6.141037
29.536359, 0.070092, 6.372763
29.539413, 0.067543, 6.141037
29.543246, 0.067543, 6.141037
29.546797, 0.067543, 6.141037
29.550412, 0.070092, 6.372763
29.553260, 0.067543, 6.141037
29.554963, 0.067543, 6.141037
29.556823, 0.067543, 6.141037
29.559020, 0.070092, 6.372763
29.561508, 0.067543, 6.141037
29.563393, 0.070092, 6.372763
29.565283, 0.067543, 6.141037
29.567514, 0.067543, 6.141037
29.570320, 0.067543, 6.141037
29.573450, 0.067543, 6.141037
29.576547, 0.067543, 6.141037
29.579676, 0.067543, 6.141037
29.582765, 0.067543, 6.141037
29.585865, 0.070092, 6.372763
29.589125, 0.070092, 6.372763
29.593219, 0.067543, 6.141037
29.597313, 0.067543, 6.141037
29.601817, 0.070092, 6.372763
29.605951, 0.067543, 6.141037
29.610400, 0.067543, 6.141037
29.615612, 0.067543, 6.141037
29.620591, 0.067543, 6.141037
29.625034, 0.067543, 6.141037
29.628689, 0.070092, 6.372763
29.632999, 0.070092, 6.372763
29.636693, 0.067543, 6.141037
29.641560, 0.067543, 6.141037
29.644803, 0.067543, 6.141037
29.648252, 0.067543, 6.141037
29.651464, 0.067543, 6.141037
29.654833, 0.067543, 6.141037
29.657512, 0.067543, 6.141037
29.660041, 0.067543, 6.141037
29.662847, 0.067543, 6.141037
29.667101, 0.070092, 6.372763
29.669098, 0.067543, 6.141037
29.671012, 0.070092, 6.372763
29.673066, 0.067543, 6.141037
29.675418, 0.067543, 6.141037
29.677989, 0.067543, 6.141037
29.680603, 0.067543, 6.141037
29.683385, 0.067543, 6.141037
29.686129, 0.067543, 6.141037
29.688972, 0.067543, 6.141037
29.691810, 0.067543, 6.141037
29.694626, 0.067543, 6.141037
29.697378, 0.070092, 6.372763
29.700054, 0.067543, 6.141037
29.702325, 0.067543, 6.141037
29.704059, 0.067543, 6.141037
29.706104, 0.067543, 6.141037
29.708451, 0.067543, 6.141037
29.710209, 0.067543, 6.141037
29.711948, 0.067543, 6.141037
29.713938, 0.067543, 6.141037
29.717006, 0.067543, 6.141037
29.720928, 0.067543, 6.141037
29.723981, 0.070092, 6.372763
29.726796, 0.067543, 6.141037
29.729640, 0.070092, 6.372763
29.732508, 0.067543, 6.141037
29.735603, 0.067543, 6.141037
29.738673, 0.067543, 6.141037
29.741868, 0.067543, 6.141037
29.744890, 0.067543, 6.141037
29.748058, 0.070092, 6.372763
29.752163, 0.067543, 6.141037
29.756652, 0.067543, 6.141037
29.760984, 0.067543, 6.141037
29.764257, 0.067543, 6.141037
29.766444, 0.067543, 6.141037
29.768617, 0.070092, 6.372763
29.770912, 0.070092, 6.372763
29.773280, 0.067543, 6.141037
29.775717, 0.067543, 6.141037
29.778118, 0.067543, 6.141037
29.780613, 0.067543, 6.141037
29.783109, 0.067543, 6.141037
29.785686, 0.067543, 6.141037
29.788246, 0.067543, 6.141037
29.790826, 0.067543, 6.141037
29.793473, 0.067543, 6.141037
29.796201, 0.067543, 6.141037
29.799166, 0.067543, 6.141037
29.804307, 0.067543, 6.141037
29.809068, 0.067543, 6.141037
29.814156, 0.067543, 6.141037
29.820332, 0.067543, 6.141037
29.826247, 0.067543, 6.141037
29.829618, 0.067543, 6.141037
29.832515, 0.070092, 6.372763
29.835480, 0.067543, 6.141037
29.838274, 0.067543, 6.141037
29.841040, 0.067543, 6.141037
29.843807, 0.070092, 6.372763
29.846498, 0.067543, 6.141037
29.849167, 0.067543, 6.141037
29.851917, 0.067543, 6.141037
29.855326, 0.067543, 6.141037
29.857957, 0.070092, 6.372763
29.860462, 0.067543, 6.141037
29.863005, 0.067543, 6.141037
29.865457, 0.067543, 6.141037
29.867856, 0.067543, 6.141037
29.870203, 0.067543, 6.141037
29.872581, 0.067543, 6.141037
29.875103, 0.070092, 6.372763
29.876920, 0.067543, 6.141037
29.878642, 0.070092, 6.372763
29.880668, 0.067543, 6.141037
29.883349, 0.067543, 6.141037
29.885951, 0.067543, 6.141037
29.889650, 0.067543, 6.141037
29.892475, 0.067543, 6.141037
29.894639, 0.067543, 6.141037
29.896719, 0.067543, 6.141037
29.898811, 0.067543, 6.141037
29.901158, 0.067543, 6.141037
29.903383, 0.067543, 6.141037
29.905622, 0.067543, 6.141037
29.907911, 0.067543, 6.141037
29.910263, 0.067543, 6.141037
29.912632, 0.067543, 6.141037
29.914631, 0.070092, 6.372763
29.918211, 0.070092, 6.372763
29.922783, 0.070092, 6.372763
29.928259, 0.067543, 6.141037
29.935416, 0.067543, 6.141037
29.940908, 0.067543, 6.141037
29.944216, 0.070092, 6.372763
29.945996, 0.067543, 6.141037
29.947747, 0.067543, 6.141037
29.949768, 0.067543, 6.141037
29.952072, 0.067543, 6.141037
29.954500, 0.067543, 6.141037
29.956204, 0.070092, 6.372763
29.958172, 0.067543, 6.141037
29.960450, 0.070092, 6.372763
29.962929, 0.067543, 6.141037
29.965541, 0.067543, 6.141037
29.968433, 0.067543, 6.141037
29.971265, 0.067543, 6.141037
29.974195, 0.067543, 6.141037
29.978124, 0.067543, 6.141037
29.981497, 0.067543, 6.141037
29.984534, 0.067543, 6.141037
29.987481, 0.070092, 6.372763
29.990907, 0.067543, 6.141037
29.995762, 0.067543, 6.141037
30.000216, 0.067543, 6.141037
30.003391, 0.067543, 6.141037
30.006549, 0.067543, 6.141037
30.009478, 0.067543, 6.141037
30.012217, 0.067543, 6.141037
30.014837, 0.067543, 6.141037
30.018059, 0.067543, 6.141037
30.020098, 0.067543, 6.141037
30.021973, 0.067543, 6.141037
30.023926, 0.070092, 6.372763
30.026002, 0.070092, 6.372763
30.028451, 0.067543, 6.141037
30.030740, 0.067543, 6.141037
30.033169, 0.067543, 6.141037
30.035597, 0.067543, 6.141037
30.038005, 0.070092, 6.372763
30.040356, 0.067543, 6.141037
30.042691, 0.070092, 6.372763
30.045060, 0.067543, 6.141037
30.047458, 0.067543, 6.141037
30.049823, 0.067543, 6.141037
30.052252, 0.070092, 6.372763
30.054662, 0.067543, 6.141037
30.057334, 0.070092, 6.372763
30.059878, 0.070092, 6.372763
30.062461, 0.067543, 6.141037
30.064929, 0.067543, 6.141037
30.067531, 0.070092, 6.372763
30.070538, 0.067543, 6.141037
30.073516, 0.067543, 6.141037
30.076055, 0.067543, 6.141037
30.078694, 0.067543, 6.141037
30.081200, 0.067543, 6.141037
30.083828, 0.067543, 6.141037
30.086892, 0.067543, 6.141037
30.090105, 0.067543, 6.141037
30.092209, 0.067543, 6.141037
30.094291, 0.067543, 6.141037
30.096388, 0.067543, 6.141037
30.098779, 0.070092, 6.372763
30.101182, 0.067543, 6.141037
30.103604, 0.067543, 6.141037
30.106015, 0.067543, 6.141037
30.108488, 0.070092, 6.372763
30.110911, 0.067543, 6.141037
30.113309, 0.070092, 6.372763
30.115783, 0.067543, 6.141037
30.118269, 0.067543, 6.141037
30.120673, 0.067543, 6.141037
30.123062, 0.067543, 6.141037
30.125371, 0.070092, 6.372763
30.128216, 0.067543, 6.141037
30.130958, 0.067543, 6.141037
30.133602, 0.067543, 6.141037
30.136217, 0.070092, 6.372763
30.138940, 0.067543, 6.141037
30.142029, 0.070092, 6.372763
30.144595, 0.067543, 6.141037
30.147224, 0.070092, 6.372763
30.149894, 0.067543, 6.141037
30.152206, 0.070092, 6.372763
30.154123, 0.067543, 6.141037
30.158190, 0.070092, 6.372763
30.159882, 0.070092, 6.372763
30.161659, 0.070092, 6.372763
30.163672, 0.067543, 6.141037
30.165930, 0.067543, 6.141037
30.168269, 0.067543, 6.141037
30.170705, 0.067543, 6.141037
30.173133, 0.070092, 6.372763
30.175522, 0.067543, 6.141037
30.177990, 0.067543, 6.141037
30.180440, 0.067543, 6.141037
30.182741, 0.070092, 6.372763
30.184565, 0.070092, 6.372763
30.186976, 0.070092, 6.372763
30.189499, 0.067543, 6.141037
30.193416, 0.067543, 6.141037
30.197592, 0.067543, 6.141037
30.201907, 0.067543, 6.141037
30.206412, 0.067543, 6.141037
30.210391, 0.067543, 6.141037
30.214490, 0.067543, 6.141037
30.218490, 0.067543, 6.141037
30.222507, 0.067543, 6.141037
30.225945, 0.070092, 6.372763
30.229371, 0.067543, 6.141037
30.232714, 0.067543, 6.141037
30.236056, 0.070092, 6.372763
30.239480, 0.070092, 6.372763
30.242844, 0.067543, 6.141037
30.245861, 0.067543, 6.141037
30.248775, 0.067543, 6.141037
30.251729, 0.067543, 6.141037
30.255300, 0.067543, 6.141037
30.258245, 0.070092, 6.372763
30.261091, 0.067543, 6.141037
30.264000, 0.070092, 6.372763
30.266817, 0.067543, 6.141037
30.269530, 0.067543, 6.141037
30.272123, 0.067543, 6.141037
30.274945, 0.067543, 6.141037
30.277487, 0.067543, 6.141037
30.279963, 0.067543, 6.141037
30.282416, 0.067543, 6.141037
30.285454, 0.067543, 6.141037
30.289127, 0.067543, 6.141037
30.292381, 0.070092, 6.372763
30.295342, 0.070092, 6.372763
30.297890, 0.070092, 6.372763
30.301055, 0.070092, 6.372763
30.304248, 0.067543, 6.141037
30.307331, 0.067543, 6.141037
30.310722, 0.067543, 6.141037
30.313369, 0.067543, 6.141037
30.316116, 0.067543, 6.141037
30.318816, 0.067543, 6.141037
30.321447, 0.067543, 6.141037
30.324084, 0.067543, 6.141037
30.327063, 0.070092, 6.372763
30.329866, 0.067543, 6.141037
30.332735, 0.067543, 6.141037
30.335833, 0.067543, 6.141037
30.338681, 0.070092, 6.372763
30.341413, 0.067543, 6.141037
30.344118, 0.070092, 6.372763
30.347305, 0.067543, 6.141037
30.350178, 0.070092, 6.372763
30.353044, 0.067543, 6.141037
30.356313, 0.067543, 6.141037
30.359458, 0.067543, 6.141037
30.362299, 0.070092, 6.372763
30.364984, 0.067543, 6.141037
30.368388, 0.067543, 6.141037
30.371245, 0.070092, 6.372763
30.374066, 0.067543, 6.141037
30.376931, 0.070092, 6.372763
30.379643, 0.067543, 6.141037
30.382285, 0.070092, 6.372763
30.384973, 0.070092, 6.372763
30.387667, 0.070092, 6.372763
30.390183, 0.067543, 6.141037
30.392721, 0.067543, 6.141037
30.395250, 0.067543, 6.141037
30.397878, 0.067543, 6.141037
30.400331, 0.070092, 6.372763
30.402749, 0.070092, 6.372763
30.405177, 0.067543, 6.141037
30.407635, 0.070092, 6.372763
30.410067, 0.067543, 6.141037
30.412451, 0.067543, 6.141037
30.414856, 0.067543, 6.141037
30.417443, 0.070092, 6.372763
30.420016, 0.067543, 6.141037
30.422609, 0.067543, 6.141037
30.425203, 0.067543, 6.141037
30.428233, 0.070092, 6.372763
30.431788, 0.067543, 6.141037
30.436155, 0.067543, 6.141037
30.440340, 0.070092, 6.372763
30.446078, 0.067543, 6.141037
30.451138, 0.067543, 6.141037
30.453402, 0.070092, 6.372763
30.455299, 0.070092, 6.372763
30.457340, 0.070092, 6.372763
30.460499, 0.070092, 6.372763
30.464614, 0.067543, 6.141037
30.469303, 0.067543, 6.141037
30.473634, 0.067543, 6.141037
30.477689, 0.067543, 6.141037
30.481564, 0.070092, 6.372763
30.485276, 0.067543, 6.141037
30.488633, 0.070092, 6.372763
30.491707, 0.067543, 6.141037
30.494591, 0.067543, 6.141037
30.497874, 0.070092, 6.372763
30.500686, 0.070092, 6.372763
30.503441, 0.070092, 6.372763
30.506203, 0.070092, 6.372763
30.509021, 0.067543, 6.141037
30.511723, 0.067543, 6.141037
30.514459, 0.067543, 6.141037
30.517575, 0.067543, 6.141037
30.521259, 0.067543, 6.141037
30.526207, 0.067543, 6.141037
30.531662, 0.067543, 6.141037
30.536649, 0.067543, 6.141037
30.538722, 0.067543, 6.141037
30.540520, 0.070092, 6.372763
30.542468, 0.067543, 6.141037
30.544589, 0.067543, 6.141037
30.546425, 0.070092, 6.372763
30.548450, 0.067543, 6.141037
30.550668, 0.067543, 6.141037
30.555281, 0.067543, 6.141037
30.560706, 0.070092, 6.372763
30.565175, 0.070092, 6.372763
30.569059, 0.067543, 6.141037
30.573117, 0.067543, 6.141037
30.576586, 0.070092, 6.372763
30.580272, 0.070092, 6.372763
30.584087, 0.067543, 6.141037
30.587106, 0.070092, 6.372763
30.589630, 0.067543, 6.141037
30.592151, 0.067543, 6.141037
30.594845, 0.067543, 6.141037
30.598408, 0.067543, 6.141037
30.601685, 0.067543, 6.141037
30.604937, 0.067543, 6.141037
30.608120, 0.070092, 6.372763
30.611353, 0.067543, 6.141037
30.614570, 0.070092, 6.372763
30.618392, 0.067543, 6.141037
30.621933, 0.067543, 6.141037
30.625008, 0.070092, 6.372763
30.628218, 0.067543, 6.141037
30.631139, 0.070092, 6.372763
30.633882, 0.067543, 6.141037
30.636617, 0.070092, 6.372763
30.639288, 0.070092, 6.372763
30.642042, 0.067543, 6.141037
30.645084, 0.067543, 6.141037
30.648184, 0.067543, 6.141037
30.651000, 0.067543, 6.141037
30.653689, 0.070092, 6.372763
30.656302, 0.067543, 6.141037
30.658890, 0.067543, 6.141037
30.661309, 0.067543, 6.141037
30.663804, 0.067543, 6.141037
30.666170, 0.070092, 6.372763
30.668653, 0.067543, 6.141037
30.671147, 0.070092, 6.372763
30.673552, 0.067543, 6.141037
30.675880, 0.067543, 6.141037
30.678259, 0.067543, 6.141037
30.680568, 0.067543, 6.141037
30.682899, 0.067543, 6.141037
30.685227, 0.067543, 6.141037
30.687555, 0.067543, 6.141037
30.689878, 0.067543, 6.141037
30.692164, 0.070092, 6.372763
30.694452, 0.067543, 6.141037
30.696779, 0.067543, 6.141037
30.699174, 0.067543, 6.141037
30.701529, 0.067543, 6.141037
30.703817, 0.070092, 6.372763
30.706052, 0.067543, 6.141037
30.708332, 0.067543, 6.141037
30.710569, 0.070092, 6.372763
30.712803, 0.070092, 6.372763
30.715032, 0.067543, 6.141037
30.717295, 0.067543, 6.141037
30.720160, 0.067543, 6.141037
30.722986, 0.067543, 6.141037
30.725688, 0.067543, 6.141037
30.728454, 0.067543, 6.141037
30.731221, 0.067543, 6.141037
30.734570, 0.070092, 6.372763
30.736962, 0.067543, 6.141037
30.739470, 0.070092, 6.372763
30.742126, 0.067543, 6.141037
30.744868, 0.067543, 6.141037
30.747779, 0.067543, 6.141037
30.750908, 0.067543, 6.141037
30.755382, 0.070092, 6.372763
30.760266, 0.070092, 6.372763
30.764043, 0.067543, 6.141037
30.765749, 0.070092, 6.372763
30.767312, 0.067543, 6.141037
30.769293, 0.070092, 6.372763
30.771020, 0.067543, 6.141037
30.772930, 0.067543, 6.141037
30.775040, 0.067543, 6.141037
30.779306, 0.067543, 6.141037
30.784672, 0.070092, 6.372763
30.791116, 0.070092, 6.372763
30.796142, 0.067543, 6.141037
30.800505, 0.067543, 6.141037
30.804181, 0.067543, 6.141037
30.807622, 0.067543, 6.141037
30.811484, 0.070092, 6.372763
30.815510, 0.067543, 6.141037
30.819337, 0.067543, 6.141037
30.822821, 0.067543, 6.141037
30.826270, 0.070092, 6.372763
30.829071, 0.070092, 6.372763
30.830617, 0.070092, 6.372763
30.832192, 0.067543, 6.141037
30.833974, 0.067543, 6.141037
30.835903, 0.067543, 6.141037
30.838204, 0.070092, 6.372763
30.840699, 0.067543, 6.141037
30.843818, 0.067543, 6.141037
30.846354, 0.067543, 6.141037
30.848881, 0.067543, 6.141037
30.851515, 0.067543, 6.141037
30.854038, 0.067543, 6.141037
30.856434, 0.067543, 6.141037
30.858872, 0.067543, 6.141037
30.861283, 0.067543, 6.141037
30.863661, 0.067543, 6.141037
30.865941, 0.067543, 6.141037
30.868424, 0.067543, 6.141037
30.870736, 0.067543, 6.141037
30.872945, 0.067543, 6.141037
30.875097, 0.070092, 6.372763
30.877271, 0.067543, 6.141037
30.879522, 0.067543, 6.141037
30.881833, 0.067543, 6.141037
30.884796, 0.070092, 6.372763
30.889826, 0.067543, 6.141037
30.892111, 0.067543, 6.141037
30.894200, 0.067543, 6.141037
30.896287, 0.070092, 6.372763
30.898377, 0.067543, 6.141037
30.900681, 0.070092, 6.372763
30.902708, 0.070092, 6.372763
30.904579, 0.067543, 6.141037
30.906974, 0.067543, 6.141037
30.909771, 0.067543, 6.141037
30.912632, 0.067543, 6.141037
30.915509, 0.067543, 6.141037
30.918859, 0.070092, 6.372763
30.920686, 0.070092, 6.372763
30.922363, 0.067543, 6.141037
30.924193, 0.067543, 6.141037
30.926537, 0.070092, 6.372763
30.928914, 0.067543, 6.141037
30.930992, 0.070092, 6.372763
30.933084, 0.070092, 6.372763
30.935319, 0.070092, 6.372763
30.937756, 0.067543, 6.141037
30.943230, 0.067543, 6.141037
30.949192, 0.067543, 6.141037
30.951734, 0.067543, 6.141037
30.953488, 0.067543, 6.141037
30.955394, 0.067543, 6.141037
30.957486, 0.067543, 6.141037
30.959809, 0.067543, 6.141037
30.962015, 0.067543, 6.141037
30.964227, 0.070092, 6.372763
30.966606, 0.067543, 6.141037
30.969076, 0.067543, 6.141037
30.971220, 0.067543, 6.141037
30.973024, 0.067543, 6.141037
30.975140, 0.067543, 6.141037
30.977428, 0.067543, 6.141037
30.979829, 0.067543, 6.141037
30.982372, 0.067543, 6.141037
30.984947, 0.067543, 6.141037
30.987474, 0.070092, 6.372763
30.990275, 0.067543, 6.141037
30.993113, 0.067543, 6.141037
30.995639, 0.067543, 6.141037
30.998131, 0.067543, 6.141037
31.000655, 0.070092, 6.372763
31.002771, 0.067543, 6.141037
31.004645, 0.067543, 6.141037
31.006624, 0.070092, 6.372763
31.008824, 0.070092, 6.372763
31.011561, 0.070092, 6.372763
31.014098, 0.067543, 6.141037
31.016716, 0.070092, 6.372763
31.018581, 0.067543, 6.141037
31.020279, 0.070092, 6.372763
31.022449, 0.070092, 6.372763
31.028177, 0.067543, 6.141037
31.033518, 0.067543, 6.141037
31.038982, 0.070092, 6.372763
31.044112, 0.070092, 6.372763
31.048123, 0.067543, 6.141037
31.052259, 0.067543, 6.141037
31.056063, 0.067543, 6.141037
31.059644, 0.070092, 6.372763
31.063488, 0.070092, 6.372763
31.067460, 0.070092, 6.372763
31.070793, 0.067543, 6.141037
31.074494, 0.067543, 6.141037
31.077890, 0.070092, 6.372763
31.081183, 0.067543, 6.141037
31.084521, 0.070092, 6.372763
31.087565, 0.067543, 6.141037
31.090509, 0.070092, 6.372763
31.093585, 0.067543, 6.141037
31.096960, 0.067543, 6.141037
31.100412, 0.067543, 6.141037
31.103301, 0.070092, 6.372763
31.106057, 0.067543, 6.141037
31.108726, 0.070092, 6.372763
31.111276, 0.070092, 6.372763
31.114145, 0.070092, 6.372763
31.116559, 0.067543, 6.141037
31.118505, 0.070092, 6.372763
31.121417, 0.070092, 6.372763
31.124740, 0.067543, 6.141037
31.127551, 0.067543, 6.141037
31.130390, 0.067543, 6.141037
31.133566, 0.067543, 6.141037
31.135382, 0.067543, 6.141037
31.137470, 0.067543, 6.141037
31.140648, 0.070092, 6.372763
31.143303, 0.070092, 6.372763
31.145958, 0.070092, 6.372763
31.148706, 0.067543, 6.141037
31.151996, 0.067543, 6.141037
31.154042, 0.070092, 6.372763
31.155867, 0.070092, 6.372763
31.157903, 0.070092, 6.372763
31.162188, 0.067543, 6.141037
31.167520, 0.070092, 6.372763
31.171392, 0.070092, 6.372763
31.175901, 0.070092, 6.372763
31.179679, 0.070092, 6.372763
31.183380, 0.067543, 6.141037
31.188459, 0.067543, 6.141037
31.192238, 0.070092, 6.372763
31.196771, 0.067543, 6.141037
31.201067, 0.067543, 6.141037
31.205686, 0.070092, 6.372763
31.209845, 0.067543, 6.141037
31.213659, 0.070092, 6.372763
31.217451, 0.070092, 6.372763
31.220977, 0.070092, 6.372763
31.224524, 0.070092, 6.372763
31.227879, 0.067543, 6.141037
31.231111, 0.070092, 6.372763
31.234244, 0.070092, 6.372763
31.237360, 0.067543, 6.141037
31.240279, 0.067543, 6.141037
31.243268, 0.070092, 6.372763
31.246033, 0.067543, 6.141037
31.248750, 0.067543, 6.141037
31.251530, 0.067543, 6.141037
31.254507, 0.067543, 6.141037
31.257559, 0.067543, 6.141037
31.260488, 0.067543, 6.141037
31.263533, 0.067543, 6.141037
31.266828, 0.067543, 6.141037
31.270694, 0.067543, 6.141037
31.273175, 0.067543, 6.141037
31.276747, 0.067543, 6.141037
31.281289, 0.067543, 6.141037
31.287372, 0.067543, 6.141037
31.294402, 0.067543, 6.141037
31.301216, 0.070092, 6.372763
31.307453, 0.070092, 6.372763
31.313117, 0.067543, 6.141037
31.319120, 0.070092, 6.372763
31.325204, 0.067543, 6.141037
31.331368, 0.067543, 6.141037
31.336751, 0.067543, 6.141037
31.342015, 0.070092, 6.372763
31.347137, 0.067543, 6.141037
31.352374, 0.070092, 6.372763
31.356653, 0.067543, 6.141037
31.360396, 0.067543, 6.141037
31.364303, 0.070092, 6.372763
31.367790, 0.067543, 6.141037
31.371233, 0.067543, 6.141037
31.374885, 0.067543, 6.141037
31.378597, 0.070092, 6.372763
31.382562, 0.067543, 6.141037
31.387878, 0.067543, 6.141037
31.392417, 0.067543, 6.141037
31.395964, 0.067543, 6.141037
31.399983, 0.070092, 6.372763
31.403520, 0.067543, 6.141037
31.406886, 0.067543, 6.141037
31.410605, 0.067543, 6.141037
31.414470, 0.067543, 6.141037
31.418408, 0.067543, 6.141037
31.422401, 0.067543, 6.141037
31.426039, 0.067543, 6.141037
31.429319, 0.070092, 6.372763
31.432563, 0.067543, 6.141037
31.436163, 0.067543, 6.141037
31.438959, 0.067543, 6.141037
31.441555, 0.067543, 6.141037
31.444450, 0.067543, 6.141037
31.447370, 0.067543, 6.141037
31.451098, 0.067543, 6.141037
31.456112, 0.067543, 6.141037
31.460323, 0.067543, 6.141037
31.464219, 0.067543, 6.141037
31.467929, 0.067543, 6.141037
31.471386, 0.067543, 6.141037
31.475205, 0.070092, 6.372763
31.478392, 0.067543, 6.141037
31.481530, 0.067543, 6.141037
31.485183, 0.067543, 6.141037
31.488406, 0.067543, 6.141037
31.491522, 0.067543, 6.141037
31.494578, 0.067543, 6.141037
31.497495, 0.067543, 6.141037
31.500311, 0.067543, 6.141037
31.503152, 0.067543, 6.141037
31.505928, 0.067543, 6.141037
31.508644, 0.067543, 6.141037
31.511357, 0.067543, 6.141037
31.514065, 0.067543, 6.141037
31.516799, 0.067543, 6.141037
31.519541, 0.070092, 6.372763
31.522243, 0.067543, 6.141037
31.525347, 0.070092, 6.372763
31.528639, 0.070092, 6.372763
31.532100, 0.067543, 6.141037
31.536399, 0.067543, 6.141037
31.538558, 0.067543, 6.141037
31.540602, 0.067543, 6.141037
31.542857, 0.070092, 6.372763
31.545290, 0.070092, 6.372763
31.547837, 0.070092, 6.372763
31.550477, 0.067543, 6.141037
31.553273, 0.070092, 6.372763
31.556217, 0.067543, 6.141037
31.559040, 0.067543, 6.141037
31.561954, 0.067543, 6.141037
31.564746, 0.067543, 6.141037
31.567080, 0.067543, 6.141037
31.569260, 0.070092, 6.372763
31.571169, 0.067543, 6.141037
31.573302, 0.067543, 6.141037
31.576619, 0.070092, 6.372763
31.580535, 0.067543, 6.141037
31.584351, 0.067543, 6.141037
31.589049, 0.070092, 6.372763
31.592312, 0.067543, 6.141037
31.595962, 0.070092, 6.372763
31.599350, 0.070092, 6.372763
31.602514, 0.067543, 6.141037
31.605365, 0.067543, 6.141037
31.608044, 0.067543, 6.141037
31.610823, 0.070092, 6.372763
31.613451, 0.067543, 6.141037
31.616376, 0.067543, 6.141037
31.618961, 0.070092, 6.372763
31.621441, 0.067543, 6.141037
31.623828, 0.067543, 6.141037
31.626492, 0.070092, 6.372763
31.628908, 0.067543, 6.141037
31.631320, 0.070092, 6.372763
31.633715, 0.070092, 6.372763
31.636150, 0.067543, 6.141037
31.638558, 0.070092, 6.372763
31.640919, 0.067543, 6.141037
31.643241, 0.070092, 6.372763
31.645633, 0.067543, 6.141037
31.648030, 0.067543, 6.141037
31.650570, 0.070092, 6.372763
31.653237, 0.070092, 6.372763
31.655985, 0.067543, 6.141037
31.658799, 0.070092, 6.372763
31.661378, 0.067543, 6.141037
31.663892, 0.067543, 6.141037
31.666629, 0.067543, 6.141037
31.669763, 0.067543, 6.141037
31.671597, 0.070092, 6.372763
31.673405, 0.070092, 6.372763
31.675435, 0.067543, 6.141037
31.677732, 0.067543, 6.141037
31.680485, 0.067543, 6.141037
31.683538, 0.067543, 6.141037
31.687082, 0.067543, 6.141037
31.690638, 0.067543, 6.141037
31.693442, 0.067543, 6.141037
31.696096, 0.067543, 6.141037
31.699317, 0.067543, 6.141037
31.701838, 0.067543, 6.141037
31.706291, 0.067543, 6.141037
31.711863, 0.070092, 6.372763
31.716286, 0.067543, 6.141037
31.719640, 0.067543, 6.141037
31.722628, 0.070092, 6.372763
31.725349, 0.070092, 6.372763
31.728026, 0.070092, 6.372763
31.730983, 0.067543, 6.141037
31.733366, 0.067543, 6.141037
31.735701, 0.067543, 6.141037
31.738059, 0.070092, 6.372763
31.740321, 0.067543, 6.141037
31.742664, 0.070092, 6.372763
31.744898, 0.067543, 6.141037
31.747123, 0.070092, 6.372763
31.750220, 0.067543, 6.141037
31.753339, 0.067543, 6.141037
31.756355, 0.067543, 6.141037
31.759745, 0.067543, 6.141037
31.761971, 0.067543, 6.141037
31.763896, 0.070092, 6.372763
31.765760, 0.067543, 6.141037
31.767800, 0.070092, 6.372763
31.769960, 0.067543, 6.141037
31.772165, 0.067543, 6.141037
31.774407, 0.067543, 6.141037
31.776680, 0.070092, 6.372763
31.779465, 0.067543, 6.141037
31.782272, 0.067543, 6.141037
31.784765, 0.067543, 6.141037
31.787192, 0.067543, 6.141037
31.789661, 0.067543, 6.141037
31.792164, 0.070092, 6.372763
31.795173, 0.070092, 6.372763
31.798975, 0.067543, 6.141037
31.800865, 0.067543, 6.141037
31.802426, 0.067543, 6.141037
31.804142, 0.070092, 6.372763
31.806706, 0.067543, 6.141037
31.809993, 0.070092, 6.372763
31.813606, 0.067543, 6.141037
31.817850, 0.067543, 6.141037
31.823483, 0.070092, 6.372763
31.828805, 0.067543, 6.141037
31.834203, 0.067543, 6.141037
31.839843, 0.067543, 6.141037
31.844434, 0.067543, 6.141037
31.848402, 0.070092, 6.372763
31.852617, 0.067543, 6.141037
31.855943, 0.067543, 6.141037
31.858956, 0.067543, 6.141037
31.862160, 0.067543, 6.141037
31.864890, 0.067543, 6.141037
31.867566, 0.067543, 6.141037
31.870227, 0.067543, 6.141037
31.872768, 0.067543, 6.141037
31.875128, 0.067543, 6.141037
31.877397, 0.070092, 6.372763
31.879689, 0.067543, 6.141037
31.882189, 0.067543, 6.141037
31.884955, 0.067543, 6.141037
31.887452, 0.067543, 6.141037
31.889907, 0.067543, 6.141037
31.893319, 0.067543, 6.141037
31.895561, 0.067543, 6.141037
31.897525, 0.070092, 6.372763
31.900335, 0.070092, 6.372763
31.903473, 0.067543, 6.141037
31.907176, 0.070092, 6.372763
31.911148, 0.067543, 6.141037
31.914955, 0.067543, 6.141037
31.918219, 0.067543, 6.141037
31.921358, 0.067543, 6.141037
31.924338, 0.070092, 6.372763
31.927111, 0.070092, 6.372763
31.929814, 0.067543, 6.141037
31.932527, 0.067543, 6.141037
31.935256, 0.067543, 6.141037
31.937864, 0.067543, 6.141037
31.940416, 0.067543, 6.141037
31.943763, 0.067543, 6.141037
31.947659, 0.067543, 6.141037
31.951670, 0.067543, 6.141037
31.954705, 0.067543, 6.141037
31.957241, 0.070092, 6.372763
31.959802, 0.067543, 6.141037
31.962532, 0.067543, 6.141037
31.965246, 0.070092, 6.372763
31.968289, 0.070092, 6.372763
31.971049, 0.070092, 6.372763
31.974413, 0.067543, 6.141037
31.978161, 0.067543, 6.141037
31.981189, 0.067543, 6.141037
31.984117, 0.070092, 6.372763
31.986742, 0.070092, 6.372763
31.989304, 0.070092, 6.372763
31.991803, 0.067543, 6.141037
31.994379, 0.067543, 6.141037
31.996923, 0.070092, 6.372763
31.999702, 0.067543, 6.141037
32.002611, 0.070092, 6.372763
32.006199, 0.067543, 6.141037
32.010309, 0.067543, 6.141037
32.014510, 0.067543, 6.141037
32.017751, 0.067543, 6.141037
32.020767, 0.067543, 6.141037
32.023793, 0.067543, 6.141037
32.027201, 0.067543, 6.141037
32.030186, 0.070092, 6.372763
32.033348, 0.067543, 6.141037
32.036203, 0.067543, 6.141037
32.038784, 0.070092, 6.372763
32.041396, 0.067543, 6.141037
32.044190, 0.070092, 6.372763
32.046749, 0.067543, 6.141037
32.049388, 0.067543, 6.141037
32.052338, 0.067543, 6.141037
32.055014, 0.067543, 6.141037
32.057650, 0.067543, 6.141037
32.060960, 0.070092, 6.372763
32.064252, 0.067543, 6.141037
32.067808, 0.067543, 6.141037
32.071800, 0.067543, 6.141037
32.076805, 0.070092, 6.372763
32.082625, 0.067543, 6.141037
32.085634, 0.067543, 6.141037
32.087335, 0.067543, 6.141037
32.089658, 0.067543, 6.141037
32.091845, 0.067543, 6.141037
32.094225, 0.070092, 6.372763
32.097099, 0.070092, 6.372763
32.100190, 0.067543, 6.141037
32.103653, 0.067543, 6.141037
32.107033, 0.070092, 6.372763
32.110118, 0.067543, 6.141037
32.112998, 0.067543, 6.141037
32.115987, 0.070092, 6.372763
32.118977, 0.067543, 6.141037
32.121998, 0.070092, 6.372763
32.125015, 0.070092, 6.372763
32.128623, 0.067543, 6.141037
32.131920, 0.067543, 6.141037
32.134284, 0.067543, 6.141037
32.136513, 0.067543, 6.141037
32.138249, 0.067543, 6.141037
32.140205, 0.067543, 6.141037
32.141955, 0.067543, 6.141037
32.144008, 0.067543, 6.141037
32.146552, 0.067543, 6.141037
32.149654, 0.067543, 6.141037
32.153348, 0.067543, 6.141037
32.156883, 0.067543, 6.141037
32.160267, 0.067543, 6.141037
32.163547, 0.067543, 6.141037
32.166358, 0.067543, 6.141037
32.168543, 0.067543, 6.141037
32.171116, 0.067543, 6.141037
32.173525, 0.067543, 6.141037
32.176058, 0.067543, 6.141037
32.178682, 0.067543, 6.141037
32.181263, 0.067543, 6.141037
32.183502, 0.067543, 6.141037
32.186686, 0.067543, 6.141037
32.189728, 0.067543, 6.141037
32.192803, 0.070092, 6.372763
32.195951, 0.067543, 6.141037
32.200192, 0.067543, 6.141037
32.203121, 0.067543, 6.141037
32.205815, 0.070092, 6.372763
32.208404, 0.070092, 6.372763
32.212586, 0.070092, 6.372763
32.218556, 0.067543, 6.141037
32.224356, 0.067543, 6.141037
32.228753, 0.070092, 6.372763
32.232633, 0.067543, 6.141037
32.236125, 0.067543, 6.141037
32.239237, 0.067543, 6.141037
32.242180, 0.067543, 6.141037
32.244937, 0.067543, 6.141037
32.247599, 0.070092, 6.372763
32.250254, 0.067543, 6.141037
32.252882, 0.067543, 6.141037
32.255438, 0.067543, 6.141037
32.258203, 0.067543, 6.141037
32.260916, 0.067543, 6.141037
32.263570, 0.067543, 6.141037
32.266241, 0.064994, 5.909310
32.269058, 0.067543, 6.141037
32.272065, 0.067543, 6.141037
32.273945, 0.067543, 6.141037
32.276253, 0.067543, 6.141037
32.279202, 0.067543, 6.141037
32.283783, 0.067543, 6.141037
32.288017, 0.067543, 6.141037
32.291975, 0.067543, 6.141037
32.295502, 0.067543, 6.141037
32.298627, 0.067543, 6.141037
32.301689, 0.067543, 6.141037
32.304524, 0.067543, 6.141037
32.307347, 0.067543, 6.141037
32.310232, 0.067543, 6.141037
32.313422, 0.067543, 6.141037
32.316468, 0.067543, 6.141037
32.319713, 0.067543, 6.141037
32.323110, 0.067543, 6.141037
32.326717, 0.070092, 6.372763
32.330636, 0.067543, 6.141037
32.335026, 0.067543, 6.141037
32.338471, 0.067543, 6.141037
32.342422, 0.067543, 6.141037
32.345173, 0.067543, 6.141037
32.347081, 0.070092, 6.372763
32.349127, 0.070092, 6.372763
32.351646, 0.067543, 6.141037
32.354220, 0.067543, 6.141037
32.356864, 0.067543, 6.141037
32.359419, 0.070092, 6.372763
32.362048, 0.067543, 6.141037
32.364599, 0.067543, 6.141037
32.367426, 0.070092, 6.372763
32.371958, 0.070092, 6.372763
32.379641, 0.067543, 6.141037
32.384879, 0.067543, 6.141037
32.389142, 0.067543, 6.141037
32.393912, 0.067543, 6.141037
32.397762, 0.067543, 6.141037
32.401728, 0.067543, 6.141037
32.405949, 0.070092, 6.372763
32.409693, 0.067543, 6.141037
32.413260, 0.067543, 6.141037
32.417017, 0.067543, 6.141037
32.422062, 0.067543, 6.141037
32.426765, 0.067543, 6.141037
32.430719, 0.067543, 6.141037
32.434721, 0.070092, 6.372763
32.439077, 0.067543, 6.141037
32.441553, 0.067543, 6.141037
32.446559, 0.067543, 6.141037
32.451564, 0.070092, 6.372763
32.455790, 0.070092, 6.372763
32.459461, 0.070092, 6.372763
32.463128, 0.070092, 6.372763
32.466561, 0.067543, 6.141037
32.469743, 0.070092, 6.372763
32.473198, 0.067543, 6.141037
32.476025, 0.067543, 6.141037
32.478679, 0.067543, 6.141037
32.481958, 0.070092, 6.372763
32.484552, 0.067543, 6.141037
32.487002, 0.067543, 6.141037
32.489426, 0.070092, 6.372763
32.491930, 0.070092, 6.372763
32.494347, 0.070092, 6.372763
32.496781, 0.067543, 6.141037
32.499336, 0.067543, 6.141037
32.502166, 0.067543, 6.141037
32.505096, 0.067543, 6.141037
32.507789, 0.067543, 6.141037
32.511041, 0.070092, 6.372763
32.513659, 0.067543, 6.141037
32.516332, 0.067543, 6.141037
32.518947, 0.067543, 6.141037
32.521633, 0.067543, 6.141037
32.524199, 0.067543, 6.141037
32.526695, 0.067543, 6.141037
32.529186, 0.067543, 6.141037
32.531705, 0.067543, 6.141037
32.534433, 0.067543, 6.141037
32.537065, 0.067543, 6.141037
32.539732, 0.067543, 6.141037
32.543232, 0.067543, 6.141037
32.546456, 0.067543, 6.141037
32.550879, 0.067543, 6.141037
32.554514, 0.070092, 6.372763
32.557920, 0.070092, 6.372763
32.561217, 0.067543, 6.141037
32.564853, 0.067543, 6.141037
32.568668, 0.067543, 6.141037
32.571041, 0.067543, 6.141037
32.572972, 0.067543, 6.141037
32.575236, 0.067543, 6.141037
32.577199, 0.067543, 6.141037
32.579446, 0.070092, 6.372763
32.582036, 0.067543, 6.141037
32.585720, 0.067543, 6.141037
32.589657, 0.067543, 6.141037
32.593671, 0.067543, 6.141037
32.597999, 0.067543, 6.141037
32.602608, 0.067543, 6.141037
32.606828, 0.070092, 6.372763
32.610844, 0.067543, 6.141037
32.614528, 0.067543, 6.141037
32.617207, 0.067543, 6.141037
32.619802, 0.067543, 6.141037
32.622473, 0.067543, 6.141037
32.625738, 0.067543, 6.141037
32.628702, 0.070092, 6.372763
32.631833, 0.067543, 6.141037
32.635854, 0.067543, 6.141037
32.640336, 0.067543, 6.141037
32.644652, 0.067543, 6.141037
32.648023, 0.067543, 6.141037
32.651057, 0.067543, 6.141037
32.653872, 0.067543, 6.141037
32.656746, 0.067543, 6.141037
32.659244, 0.067543, 6.141037
32.661674, 0.070092, 6.372763
32.664724, 0.067543, 6.141037
32.667670, 0.067543, 6.141037
32.670424, 0.067543, 6.141037
32.673060, 0.067543, 6.141037
32.675939, 0.067543, 6.141037
32.678572, 0.067543, 6.141037
32.681180, 0.067543, 6.141037
32.683943, 0.070092, 6.372763
32.686647, 0.067543, 6.141037
32.689132, 0.067543, 6.141037
32.691543, 0.070092, 6.372763
32.693928, 0.070092, 6.372763
32.696359, 0.067543, 6.141037
32.698688, 0.067543, 6.141037
32.701078, 0.067543, 6.141037
32.703416, 0.067543, 6.141037
32.705766, 0.067543, 6.141037
32.708095, 0.067543, 6.141037
32.710431, 0.067543, 6.141037
32.712740, 0.067543, 6.141037
32.715213, 0.070092, 6.372763
32.717774, 0.067543, 6.141037
32.720091, 0.070092, 6.372763
32.722437, 0.067543, 6.141037
32.724817, 0.067543, 6.141037
32.727231, 0.067543, 6.141037
32.729561, 0.067543, 6.141037
32.731885, 0.070092, 6.372763
32.734751, 0.067543, 6.141037
32.737806, 0.067543, 6.141037
32.740660, 0.067543, 6.141037
32.743364, 0.067543, 6.141037
32.746249, 0.067543, 6.141037
32.749077, 0.067543, 6.141037
32.752126, 0.067543, 6.141037
32.755388, 0.067543, 6.141037
32.758520, 0.067543, 6.141037
32.761688, 0.067543, 6.141037
32.765038, 0.067543, 6.141037
32.769374, 0.067543, 6.141037
32.772895, 0.070092, 6.372763
32.776192, 0.067543, 6.141037
32.779491, 0.070092, 6.372763
32.782310, 0.070092, 6.372763
32.785161, 0.067543, 6.141037
32.787861, 0.067543, 6.141037
32.790469, 0.067543, 6.141037
32.793781, 0.070092, 6.372763
32.796734, 0.067543, 6.141037
32.800141, 0.067543, 6.141037
32.804484, 0.067543, 6.141037
32.809221, 0.067543, 6.141037
32.813985, 0.067543, 6.141037
32.818858, 0.067543, 6.141037
32.823135, 0.067543, 6.141037
32.826118, 0.067543, 6.141037
32.829580, 0.067543, 6.141037
32.832997, 0.067543, 6.141037
32.835958, 0.067543, 6.141037
32.839077, 0.067543, 6.141037
32.842144, 0.067543, 6.141037
32.845186, 0.070092, 6.372763
32.848262, 0.070092, 6.372763
32.851499, 0.070092, 6.372763
32.854819, 0.067543, 6.141037
32.857932, 0.067543, 6.141037
32.861133, 0.067543, 6.141037
32.864324, 0.067543, 6.141037
32.867626, 0.067543, 6.141037
32.870926, 0.067543, 6.141037
32.874119, 0.067543, 6.141037
32.877215, 0.067543, 6.141037
32.880156, 0.070092, 6.372763
32.883021, 0.067543, 6.141037
32.885608, 0.067543, 6.141037
32.888251, 0.070092, 6.372763
32.890820, 0.067543, 6.141037
32.894014, 0.067543, 6.141037
32.896022, 0.067543, 6.141037
32.897639, 0.067543, 6.141037
32.899434, 0.067543, 6.141037
32.901442, 0.067543, 6.141037
32.903604, 0.067543, 6.141037
32.906099, 0.067543, 6.141037
32.909016, 0.067543, 6.141037
32.913087, 0.067543, 6.141037
32.916067, 0.070092, 6.372763
32.918610, 0.067543, 6.141037
32.920609, 0.067543, 6.141037
32.922752, 0.067543, 6.141037
32.925023, 0.067543, 6.141037
32.927459, 0.067543, 6.141037
32.930026, 0.067543, 6.141037
32.932978, 0.067543, 6.141037
32.935744, 0.067543, 6.141037
32.938584, 0.067543, 6.141037
32.941308, 0.067543, 6.141037
32.944576, 0.067543, 6.141037
32.947468, 0.067543, 6.141037
32.949675, 0.067543, 6.141037
32.952319, 0.067543, 6.141037
32.955239, 0.067543, 6.141037
32.956874, 0.067543, 6.141037
32.958913, 0.070092, 6.372763
32.961266, 0.067543, 6.141037
32.963684, 0.067543, 6.141037
32.966186, 0.070092, 6.372763
32.968476, 0.067543, 6.141037
32.970341, 0.067543, 6.141037
32.972338, 0.067543, 6.141037
32.975504, 0.067543, 6.141037
32.978818, 0.067543, 6.141037
32.981975, 0.067543, 6.141037
32.985013, 0.067543, 6.141037
32.987946, 0.067543, 6.141037
32.990745, 0.067543, 6.141037
32.993466, 0.067543, 6.141037
32.996773, 0.067543, 6.141037
32.998697, 0.067543, 6.141037
33.000429, 0.067543, 6.141037
33.002108, 0.067543, 6.141037
33.003889, 0.067543, 6.141037
33.005924, 0.067543, 6.141037
33.007816, 0.067543, 6.141037
33.010543, 0.067543, 6.141037
33.014634, 0.067543, 6.141037
33.018721, 0.070092, 6.372763
33.022785, 0.067543, 6.141037
33.026579, 0.067543, 6.141037
33.030045, 0.067543, 6.141037
33.033458, 0.067543, 6.141037
33.036779, 0.067543, 6.141037
33.039941, 0.067543, 6.141037
33.042960, 0.067543, 6.141037
33.045831, 0.070092, 6.372763
33.048602, 0.067543, 6.141037
33.051463, 0.067543, 6.141037
33.054416, 0.067543, 6.141037
33.057260, 0.067543, 6.141037
33.060204, 0.067543, 6.141037
33.062798, 0.070092, 6.372763
33.065351, 0.067543, 6.141037
33.067767, 0.067543, 6.141037
33.070380, 0.070092, 6.372763
33.072737, 0.067543, 6.141037
33.075088, 0.067543, 6.141037
33.077340, 0.067543, 6.141037
33.079586, 0.070092, 6.372763
33.081853, 0.070092, 6.372763
33.084214, 0.067543, 6.141037
33.086503, 0.070092, 6.372763
33.088836, 0.070092, 6.372763
33.091254, 0.070092, 6.372763
33.093582, 0.067543, 6.141037
33.095985, 0.067543, 6.141037
33.098201, 0.067543, 6.141037
33.100577, 0.067543, 6.141037
33.102927, 0.067543, 6.141037
33.105292, 0.067543, 6.141037
33.107515, 0.067543, 6.141037
33.109746, 0.070092, 6.372763
33.112866, 0.067543, 6.141037
33.114686, 0.067543, 6.141037
33.116651, 0.070092, 6.372763
33.118732, 0.067543, 6.141037
33.121699, 0.070092, 6.372763
33.124697, 0.067543, 6.141037
33.126974, 0.067543, 6.141037
33.128932, 0.070092, 6.372763
33.131381, 0.067543, 6.141037
33.134207, 0.067543, 6.141037
33.136533, 0.067543, 6.141037
33.138698, 0.070092, 6.372763
33.141182, 0.067543, 6.141037
33.143609, 0.067543, 6.141037
33.145969, 0.067543, 6.141037
33.148202, 0.067543, 6.141037
33.151512, 0.067543, 6.141037
33.153636, 0.067543, 6.141037
33.155353, 0.067543, 6.141037
33.157314, 0.067543, 6.141037
33.159724, 0.067543, 6.141037
33.162871, 0.070092, 6.372763
33.166964, 0.067543, 6.141037
33.169466, 0.067543, 6.141037
33.171609, 0.067543, 6.141037
33.174612, 0.070092, 6.372763
33.176339, 0.067543, 6.141037
33.178223, 0.067543, 6.141037
33.180372, 0.070092, 6.372763
33.183172, 0.067543, 6.141037
33.185805, 0.067543, 6.141037
33.188351, 0.067543, 6.141037
33.190745, 0.070092, 6.372763
33.193874, 0.067543, 6.141037
33.196005, 0.067543, 6.141037
33.197809, 0.070092, 6.372763
33.200499, 0.070092, 6.372763
33.204102, 0.067543, 6.141037
33.206478, 0.067543, 6.141037
33.208837, 0.070092, 6.372763
33.210697, 0.067543, 6.141037
33.212824, 0.067543, 6.141037
33.214999, 0.070092, 6.372763
33.217391, 0.070092, 6.372763
33.219822, 0.067543, 6.141037
33.222107, 0.070092, 6.372763
33.225297, 0.070092, 6.372763
33.227319, 0.067543, 6.141037
33.229303, 0.064994, 5.909310
33.231273, 0.070092, 6.372763
33.234567, 0.067543, 6.141037
33.237313, 0.067543, 6.141037
33.239533, 0.070092, 6.372763
33.241446, 0.067543, 6.141037
33.243531, 0.070092, 6.372763
33.245849, 0.067543, 6.141037
33.248154, 0.070092, 6.372763
33.251234, 0.067543, 6.141037
33.253204, 0.070092, 6.372763
33.256885, 0.067543, 6.141037
33.260058, 0.067543, 6.141037
33.262491, 0.067543, 6.141037
33.265034, 0.070092, 6.372763
33.267674, 0.067543, 6.141037
33.269523, 0.070092, 6.372763
33.271571, 0.067543, 6.141037
33.273773, 0.070092, 6.372763
33.276329, 0.067543, 6.141037
33.278739, 0.067543, 6.141037
33.281193, 0.070092, 6.372763
33.283732, 0.067543, 6.141037
33.286905, 0.067543, 6.141037
33.288835, 0.067543, 6.141037
33.290749, 0.067543, 6.141037
33.292789, 0.067543, 6.141037
33.295318, 0.070092, 6.372763
33.299673, 0.067543, 6.141037
33.303362, 0.067543, 6.141037
33.306414, 0.067543, 6.141037
33.309526, 0.067543, 6.141037
33.311275, 0.067543, 6.141037
33.313009, 0.067543, 6.141037
33.315058, 0.070092, 6.372763
33.317210, 0.070092, 6.372763
33.321850, 0.067543, 6.141037
33.325708, 0.070092, 6.372763
33.327702, 0.067543, 6.141037
33.330296, 0.067543, 6.141037
33.332473, 0.067543, 6.141037
33.334260, 0.070092, 6.372763
33.336349, 0.067543, 6.141037
33.338634, 0.070092, 6.372763
33.340979, 0.067543, 6.141037
33.343450, 0.067543, 6.141037
33.345818, 0.067543, 6.141037
33.348484, 0.067543, 6.141037
33.351197, 0.070092, 6.372763
33.353926, 0.067543, 6.141037
33.356576, 0.067543, 6.141037
33.359100, 0.067543, 6.141037
33.361604, 0.067543, 6.141037
33.364028, 0.067543, 6.141037
33.366386, 0.067543, 6.141037
33.369922, 0.070092, 6.372763
33.372524, 0.070092, 6.372763
33.374159, 0.067543, 6.141037
33.375885, 0.067543, 6.141037
33.377785, 0.067543, 6.141037
33.379806, 0.067543, 6.141037
33.381823, 0.067543, 6.141037
33.383997, 0.067543, 6.141037
33.386265, 0.067543, 6.141037
33.388499, 0.067543, 6.141037
33.390683, 0.067543, 6.141037
33.392918, 0.067543, 6.141037
33.394544, 0.070092, 6.372763
33.396474, 0.070092, 6.372763
33.398938, 0.067543, 6.141037
33.402384, 0.067543, 6.141037
33.405107, 0.067543, 6.141037
33.407995, 0.067543, 6.141037
33.410906, 0.067543, 6.141037
33.414042, 0.070092, 6.372763
33.417123, 0.067543, 6.141037
33.420130, 0.067543, 6.141037
33.423029, 0.067543, 6.141037
33.425931, 0.067543, 6.141037
33.427735, 0.070092, 6.372763
33.429572, 0.067543, 6.141037
33.431213, 0.067543, 6.141037
33.433073, 0.067543, 6.141037
33.435207, 0.070092, 6.372763
33.437626, 0.070092, 6.372763
33.440377, 0.070092, 6.372763
33.443302, 0.067543, 6.141037
33.446077, 0.070092, 6.372763
33.448958, 0.067543, 6.141037
33.451778, 0.070092, 6.372763
33.454506, 0.067543, 6.141037
33.458148, 0.067543, 6.141037
33.460985, 0.067543, 6.141037
33.463646, 0.067543, 6.141037
33.466215, 0.067543, 6.141037
33.468988, 0.067543, 6.141037
33.471448, 0.067543, 6.141037
33.473832, 0.070092, 6.372763
33.476150, 0.067543, 6.141037
33.478600, 0.067543, 6.141037
33.480893, 0.067543, 6.141037
33.483159, 0.067543, 6.141037
33.485496, 0.067543, 6.141037
33.487967, 0.070092, 6.372763
33.490403, 0.067543, 6.141037
33.492843, 0.067543, 6.141037
33.495160, 0.067543, 6.141037
33.497483, 0.067543, 6.141037
33.499991, 0.067543, 6.141037
33.502435, 0.067543, 6.141037
33.504887, 0.067543, 6.141037
33.507172, 0.067543, 6.141037
33.509673, 0.067543, 6.141037
33.512029, 0.067543, 6.141037
33.514474, 0.067543, 6.141037
33.516902, 0.067543, 6.141037
33.519973, 0.070092, 6.372763
33.522282, 0.067543, 6.141037
33.524222, 0.067543, 6.141037
33.526198, 0.067543, 6.141037
33.528282, 0.067543, 6.141037
33.531240, 0.067543, 6.141037
33.533457, 0.067543, 6.141037
33.535655, 0.070092, 6.372763
33.537876, 0.070092, 6.372763
33.541252, 0.067543, 6.141037
33.543322, 0.067543, 6.141037
33.544906, 0.067543, 6.141037
33.546578, 0.067543, 6.141037
33.548662, 0.067543, 6.141037
33.551548, 0.070092, 6.372763
33.554326, 0.067543, 6.141037
33.556571, 0.067543, 6.141037
33.558504, 0.067543, 6.141037
33.560572, 0.070092, 6.372763
33.562731, 0.067543, 6.141037
33.565092, 0.067543, 6.141037
33.568110, 0.067543, 6.141037
33.571327, 0.067543, 6.141037
33.574957, 0.067543, 6.141037
33.578558, 0.067543, 6.141037
33.582189, 0.067543, 6.141037
33.585424, 0.067543, 6.141037
33.587050, 0.067543, 6.141037
33.588928, 0.067543, 6.141037
33.590976, 0.067543, 6.141037
33.592685, 0.067543, 6.141037
33.594783, 0.067543, 6.141037
33.597308, 0.067543, 6.141037
33.599784, 0.067543, 6.141037
33.602546, 0.067543, 6.141037
33.605414, 0.067543, 6.141037
33.608117, 0.067543, 6.141037
33.610852, 0.070092, 6.372763
33.613558, 0.067543, 6.141037
33.615997, 0.067543, 6.141037
33.618011, 0.067543, 6.141037
33.620477, 0.067543, 6.141037
33.623281, 0.067543, 6.141037
33.626503, 0.067543, 6.141037
33.630150, 0.067543, 6.141037
33.633414, 0.067543, 6.141037
33.636325, 0.067543, 6.141037
33.639026, 0.070092, 6.372763
33.641728, 0.067543, 6.141037
33.644414, 0.067543, 6.141037
33.647559, 0.070092, 6.372763
33.652194, 0.067543, 6.141037
33.655547, 0.067543, 6.141037
33.671164, 0.070092, 6.372763
33.678342, 0.067543, 6.141037
33.681858, 0.070092, 6.372763
33.684803, 0.067543, 6.141037
33.686833, 0.067543, 6.141037
33.688774, 0.067543, 6.141037
33.690991, 0.067543, 6.141037
33.693352, 0.070092, 6.372763
33.695978, 0.067543, 6.141037
33.698754, 0.067543, 6.141037
33.702285, 0.067543, 6.141037
33.706369, 0.070092, 6.372763
33.711290, 0.067543, 6.141037
33.716169, 0.067543, 6.141037
33.722127, 0.067543, 6.141037
33.726316, 0.070092, 6.372763
33.729810, 0.067543, 6.141037
33.733405, 0.067543, 6.141037
33.736794, 0.070092, 6.372763
33.740369, 0.067543, 6.141037
33.743409, 0.067543, 6.141037
33.746228, 0.067543, 6.141037
33.749704, 0.070092, 6.372763
33.752807, 0.067543, 6.141037
33.755417, 0.067543, 6.141037
33.758269, 0.067543, 6.141037
33.761075, 0.067543, 6.141037
33.763899, 0.067543, 6.141037
33.766998, 0.067543, 6.141037
33.770182, 0.067543, 6.141037
33.771884, 0.067543, 6.141037
33.773775, 0.067543, 6.141037
33.775713, 0.067543, 6.141037
33.777803, 0.067543, 6.141037
33.779540, 0.067543, 6.141037
33.782104, 0.067543, 6.141037
33.786091, 0.067543, 6.141037
33.791238, 0.067543, 6.141037
33.795070, 0.067543, 6.141037
33.798648, 0.070092, 6.372763
33.802690, 0.070092, 6.372763
33.807682, 0.067543, 6.141037
33.812266, 0.067543, 6.141037
33.817222, 0.067543, 6.141037
33.822157, 0.067543, 6.141037
33.826499, 0.067543, 6.141037
33.830496, 0.067543, 6.141037
33.832722, 0.067543, 6.141037
33.834543, 0.067543, 6.141037
33.836506, 0.067543, 6.141037
33.838626, 0.067543, 6.141037
33.840694, 0.067543, 6.141037
33.842856, 0.067543, 6.141037
33.845140, 0.067543, 6.141037
33.847414, 0.067543, 6.141037
33.849727, 0.067543, 6.141037
33.852066, 0.067543, 6.141037
33.854535, 0.067543, 6.141037
33.857003, 0.067543, 6.141037
33.859434, 0.067543, 6.141037
33.861874, 0.067543, 6.141037
33.864458, 0.070092, 6.372763
33.866904, 0.067543, 6.141037
33.869345, 0.067543, 6.141037
33.871741, 0.067543, 6.141037
33.874342, 0.067543, 6.141037
33.876811, 0.067543, 6.141037
33.879638, 0.070092, 6.372763
33.882249, 0.067543, 6.141037
33.885334, 0.067543, 6.141037
33.888155, 0.067543, 6.141037
33.890957, 0.067543, 6.141037
33.894290, 0.067543, 6.141037
33.898667, 0.067543, 6.141037
33.903379, 0.067543, 6.141037
33.907069, 0.067543, 6.141037
33.910601, 0.067543, 6.141037
33.913731, 0.067543, 6.141037
33.916868, 0.067543, 6.141037
33.919662, 0.067543, 6.141037
33.922259, 0.067543, 6.141037
33.925239, 0.067543, 6.141037
33.929195, 0.067543, 6.141037
33.932526, 0.067543, 6.141037
33.935064, 0.067543, 6.141037
33.937460, 0.067543, 6.141037
33.939832, 0.067543, 6.141037
33.942567, 0.067543, 6.141037
33.944899, 0.067543, 6.141037
33.946688, 0.070092, 6.372763
33.948642, 0.067543, 6.141037
33.950499, 0.067543, 6.141037
33.952674, 0.067543, 6.141037
33.955173, 0.067543, 6.141037
33.957653, 0.067543, 6.141037
33.960155, 0.067543, 6.141037
33.962752, 0.067543, 6.141037
33.966582, 0.067543, 6.141037
33.970255, 0.067543, 6.141037
33.973535, 0.070092, 6.372763
33.976597, 0.067543, 6.141037
33.979522, 0.070092, 6.372763
33.982211, 0.067543, 6.141037
33.985795, 0.067543, 6.141037
33.990135, 0.067543, 6.141037
33.993618, 0.067543, 6.141037
33.995547, 0.070092, 6.372763
33.997209, 0.067543, 6.141037
33.999003, 0.067543, 6.141037
34.001207, 0.067543, 6.141037
34.002927, 0.070092, 6.372763
34.005124, 0.067543, 6.141037
34.007633, 0.067543, 6.141037
34.010172, 0.070092, 6.372763
34.012709, 0.067543, 6.141037
34.016023, 0.067543, 6.141037
34.020688, 0.070092, 6.372763
34.025184, 0.067543, 6.141037
34.029613, 0.067543, 6.141037
34.033772, 0.067543, 6.141037
34.036774, 0.067543, 6.141037
34.039476, 0.067543, 6.141037
34.042495, 0.067543, 6.141037
34.045032, 0.067543, 6.141037
34.047428, 0.067543, 6.141037
34.049876, 0.067543, 6.141037
34.052200, 0.067543, 6.141037
34.054477, 0.067543, 6.141037
34.057162, 0.070092, 6.372763
34.060526, 0.067543, 6.141037
34.063006, 0.067543, 6.141037
34.065439, 0.067543, 6.141037
34.068307, 0.070092, 6.372763
34.071440, 0.067543, 6.141037
34.074968, 0.070092, 6.372763
34.078087, 0.067543, 6.141037
34.080637, 0.067543, 6.141037
34.083320, 0.067543, 6.141037
34.085796, 0.067543, 6.141037
34.088516, 0.070092, 6.372763
34.091292, 0.067543, 6.141037
34.094025, 0.067543, 6.141037
34.097011, 0.067543, 6.141037
34.100243, 0.067543, 6.141037
34.103466, 0.067543, 6.141037
34.106705, 0.067543, 6.141037
34.110133, 0.067543, 6.141037
34.113281, 0.067543, 6.141037
34.116447, 0.067543, 6.141037
34.119770, 0.067543, 6.141037
34.123005, 0.070092, 6.372763
34.126251, 0.070092, 6.372763
34.129596, 0.067543, 6.141037
34.132829, 0.067543, 6.141037
34.135946, 0.067543, 6.141037
34.139068, 0.067543, 6.141037
34.142134, 0.070092, 6.372763
34.145075, 0.067543, 6.141037
34.147950, 0.070092, 6.372763
34.150915, 0.067543, 6.141037
34.153771, 0.070092, 6.372763
34.156519, 0.067543, 6.141037
34.159277, 0.067543, 6.141037
34.162049, 0.067543, 6.141037
34.164805, 0.067543, 6.141037
34.167800, 0.067543, 6.141037
34.170745, 0.067543, 6.141037
34.172785, 0.067543, 6.141037
34.174840, 0.070092, 6.372763
34.177266, 0.070092, 6.372763
34.180314, 0.067543, 6.141037
34.183354, 0.067543, 6.141037
34.186356, 0.067543, 6.141037
34.189357, 0.067543, 6.141037
34.192546, 0.070092, 6.372763
34.195480, 0.067543, 6.141037
34.198354, 0.067543, 6.141037
34.202031, 0.067543, 6.141037
34.204985, 0.067543, 6.141037
34.207955, 0.067543, 6.141037
34.211075, 0.070092, 6.372763
34.214015, 0.070092, 6.372763
34.216943, 0.067543, 6.141037
34.219791, 0.070092, 6.372763
34.222985, 0.070092, 6.372763
34.226070, 0.067543, 6.141037
34.229152, 0.070092, 6.372763
34.232295, 0.067543, 6.141037
34.235601, 0.067543, 6.141037
34.239162, 0.067543, 6.141037
34.242391, 0.070092, 6.372763
34.245656, 0.067543, 6.141037
34.248877, 0.067543, 6.141037
34.252359, 0.067543, 6.141037
34.255761, 0.067543, 6.141037
34.259077, 0.067543, 6.141037
34.262363, 0.067543, 6.141037
34.265541, 0.070092, 6.372763
34.268337, 0.067543, 6.141037
34.270052, 0.067543, 6.141037
34.271801, 0.067543, 6.141037
34.273855, 0.067543, 6.141037
34.276198, 0.067543, 6.141037
34.278662, 0.067543, 6.141037
34.280914, 0.067543, 6.141037
34.282769, 0.067543, 6.141037
34.285236, 0.070092, 6.372763
34.288651, 0.070092, 6.372763
34.292189, 0.070092, 6.372763
34.295663, 0.067543, 6.141037
34.299136, 0.067543, 6.141037
34.302649, 0.070092, 6.372763
34.306149, 0.070092, 6.372763
34.309820, 0.067543, 6.141037
34.313333, 0.067543, 6.141037
34.316872, 0.067543, 6.141037
34.320254, 0.067543, 6.141037
34.323588, 0.067543, 6.141037
34.326987, 0.067543, 6.141037
34.329609, 0.067543, 6.141037
34.334723, 0.067543, 6.141037
34.340404, 0.067543, 6.141037
34.344701, 0.067543, 6.141037
34.348223, 0.067543, 6.141037
34.350857, 0.067543, 6.141037
34.355249, 0.067543, 6.141037
34.357350, 0.067543, 6.141037
34.361323, 0.070092, 6.372763
34.365393, 0.067543, 6.141037
34.369977, 0.067543, 6.141037
34.373727, 0.067543, 6.141037
34.377417, 0.070092, 6.372763
34.381432, 0.070092, 6.372763
34.385482, 0.067543, 6.141037
34.389283, 0.067543, 6.141037
34.392789, 0.067543, 6.141037
34.396149, 0.067543, 6.141037
34.401053, 0.067543, 6.141037
34.407353, 0.070092, 6.372763
34.412415, 0.070092, 6.372763
34.417163, 0.067543, 6.141037
34.423147, 0.067543, 6.141037
34.428700, 0.070092, 6.372763
34.434813, 0.067543, 6.141037
34.441312, 0.070092, 6.372763
34.445869, 0.067543, 6.141037
34.450366, 0.067543, 6.141037
34.454482, 0.067543, 6.141037
34.457985, 0.067543, 6.141037
34.461688, 0.070092, 6.372763
34.466294, 0.067543, 6.141037
34.471402, 0.067543, 6.141037
34.475663, 0.067543, 6.141037
34.479628, 0.067543, 6.141037
34.482959, 0.067543, 6.141037
34.486125, 0.067543, 6.141037
34.489318, 0.070092, 6.372763
34.492385, 0.067543, 6.141037
34.495464, 0.067543, 6.141037
34.498568, 0.067543, 6.141037
34.501691, 0.067543, 6.141037
34.504671, 0.067543, 6.141037
34.507677, 0.070092, 6.372763
34.510507, 0.067543, 6.141037
34.513196, 0.070092, 6.372763
34.515772, 0.070092, 6.372763
34.518556, 0.067543, 6.141037
34.521020, 0.070092, 6.372763
34.523463, 0.067543, 6.141037
34.525891, 0.070092, 6.372763
34.528311, 0.070092, 6.372763
34.530639, 0.067543, 6.141037
34.533020, 0.070092, 6.372763
34.535460, 0.070092, 6.372763
34.538480, 0.067543, 6.141037
34.540635, 0.067543, 6.141037
34.542860, 0.070092, 6.372763
34.544776, 0.070092, 6.372763
34.546947, 0.070092, 6.372763
34.549688, 0.067543, 6.141037
34.551626, 0.067543, 6.141037
34.553787, 0.067543, 6.141037
34.558621, 0.067543, 6.141037
34.563688, 0.070092, 6.372763
34.568422, 0.067543, 6.141037
34.572355, 0.070092, 6.372763
34.576258, 0.067543, 6.141037
34.579496, 0.070092, 6.372763
34.582043, 0.070092, 6.372763
34.584506, 0.067543, 6.141037
34.586856, 0.067543, 6.141037
34.589238, 0.070092, 6.372763
34.591791, 0.067543, 6.141037
34.595047, 0.070092, 6.372763
34.598089, 0.070092, 6.372763
34.601381, 0.067543, 6.141037
34.604251, 0.067543, 6.141037
34.607112, 0.067543, 6.141037
34.609980, 0.067543, 6.141037
34.612945, 0.067543, 6.141037
34.616360, 0.067543, 6.141037
34.620186, 0.070092, 6.372763
34.623819, 0.070092, 6.372763
34.627243, 0.067543, 6.141037
34.630597, 0.067543, 6.141037
34.634661, 0.070092, 6.372763
34.637502, 0.070092, 6.372763
34.640564, 0.067543, 6.141037
34.643532, 0.067543, 6.141037
34.646347, 0.070092, 6.372763
34.648886, 0.070092, 6.372763
34.651697, 0.067543, 6.141037
34.653616, 0.070092, 6.372763
34.655681, 0.070092, 6.372763
34.657897, 0.070092, 6.372763
34.660968, 0.070092, 6.372763
34.663734, 0.067543, 6.141037
34.666575, 0.067543, 6.141037
34.669304, 0.067543, 6.141037
34.671935, 0.067543, 6.141037
34.674541, 0.070092, 6.372763
34.677101, 0.070092, 6.372763
34.680367, 0.067543, 6.141037
34.682938, 0.070092, 6.372763
34.685428, 0.067543, 6.141037
34.688074, 0.067543, 6.141037
34.690625, 0.067543, 6.141037
34.692954, 0.070092, 6.372763
34.695260, 0.070092, 6.372763
34.697586, 0.070092, 6.372763
34.700105, 0.070092, 6.372763
34.702544, 0.067543, 6.141037
34.704929, 0.067543, 6.141037
34.707312, 0.067543, 6.141037
34.710149, 0.067543, 6.141037
34.712657, 0.070092, 6.372763
34.715170, 0.070092, 6.372763
34.717858, 0.070092, 6.372763
34.720457, 0.067543, 6.141037
34.723163, 0.070092, 6.372763
34.725588, 0.067543, 6.141037
34.728113, 0.067543, 6.141037
34.730541, 0.070092, 6.372763
34.734843, 0.067543, 6.141037
34.738299, 0.067543, 6.141037
34.741991, 0.070092, 6.372763
34.745187, 0.067543, 6.141037
34.748200, 0.070092, 6.372763
34.751393, 0.067543, 6.141037
34.753738, 0.070092, 6.372763
34.755818, 0.067543, 6.141037
34.757804, 0.067543, 6.141037
34.759851, 0.070092, 6.372763
34.762145, 0.070092, 6.372763
34.764373, 0.067543, 6.141037
34.766687, 0.067543, 6.141037
34.769039, 0.067543, 6.141037
34.771375, 0.067543, 6.141037
34.775012, 0.070092, 6.372763
34.777063, 0.067543, 6.141037
34.778678, 0.070092, 6.372763
34.780457, 0.067543, 6.141037
34.782661, 0.070092, 6.372763
34.785335, 0.070092, 6.372763
34.788065, 0.067543, 6.141037
34.790864, 0.067543, 6.141037
34.794251, 0.070092, 6.372763
34.798206, 0.067543, 6.141037
34.801785, 0.070092, 6.372763
34.805145, 0.070092, 6.372763
34.808362, 0.070092, 6.372763
34.811457, 0.067543, 6.141037
34.814832, 0.067543, 6.141037
34.818030, 0.067543, 6.141037
34.820904, 0.067543, 6.141037
34.823838, 0.067543, 6.141037
34.826620, 0.070092, 6.372763
34.829313, 0.067543, 6.141037
34.832195, 0.067543, 6.141037
34.834960, 0.067543, 6.141037
34.837633, 0.070092, 6.372763
34.840383, 0.067543, 6.141037
34.842881, 0.067543, 6.141037
34.845355, 0.067543, 6.141037
34.847869, 0.067543, 6.141037
34.850533, 0.067543, 6.141037
34.853028, 0.070092, 6.372763
34.855592, 0.067543, 6.141037
34.858078, 0.067543, 6.141037
34.860507, 0.070092, 6.372763
34.862981, 0.070092, 6.372763
34.865777, 0.070092, 6.372763
34.868649, 0.067543, 6.141037
34.872126, 0.070092, 6.372763
34.874941, 0.067543, 6.141037
34.878532, 0.070092, 6.372763
34.882763, 0.067543, 6.141037
34.885764, 0.070092, 6.372763
34.889097, 0.067543, 6.141037
34.891937, 0.067543, 6.141037
34.895706, 0.070092, 6.372763
34.900110, 0.067543, 6.141037
34.904542, 0.067543, 6.141037
34.908840, 0.067543, 6.141037
34.912408, 0.070092, 6.372763
34.915735, 0.070092, 6.372763
34.919682, 0.067543, 6.141037
34.922622, 0.067543, 6.141037
34.925417, 0.070092, 6.372763
34.928292, 0.067543, 6.141037
34.931049, 0.067543, 6.141037
34.934484, 0.067543, 6.141037
34.938638, 0.067543, 6.141037
34.941978, 0.067543, 6.141037
34.944662, 0.067543, 6.141037
34.947233, 0.070092, 6.372763
34.950901, 0.067543, 6.141037
34.955222, 0.067543, 6.141037
34.959566, 0.067543, 6.141037
34.964596, 0.070092, 6.372763
34.968338, 0.070092, 6.372763
34.971794, 0.067543, 6.141037
34.975681, 0.070092, 6.372763
34.978811, 0.067543, 6.141037
34.981707, 0.070092, 6.372763
34.984586, 0.067543, 6.141037
34.987234, 0.070092, 6.372763
34.989843, 0.067543, 6.141037
34.992493, 0.070092, 6.372763
34.994916, 0.067543, 6.141037
34.997265, 0.070092, 6.372763
34.999705, 0.067543, 6.141037
35.002074, 0.067543, 6.141037
35.004364, 0.070092, 6.372763
35.006670, 0.067543, 6.141037
35.009187, 0.067543, 6.141037
35.011774, 0.070092, 6.372763
35.014131, 0.067543, 6.141037
35.016517, 0.070092, 6.372763
35.019022, 0.067543, 6.141037
35.022203, 0.067543, 6.141037
35.023812, 0.067543, 6.141037
35.025549, 0.070092, 6.372763
35.027685, 0.070092, 6.372763
35.032240, 0.070092, 6.372763
35.036457, 0.067543, 6.141037
35.040415, 0.067543, 6.141037
35.044818, 0.067543, 6.141037
35.048444, 0.067543, 6.141037
35.052598, 0.067543, 6.141037
35.056235, 0.067543, 6.141037
35.059656, 0.067543, 6.141037
35.063121, 0.067543, 6.141037
35.066480, 0.067543, 6.141037
35.069820, 0.067543, 6.141037
35.073408, 0.070092, 6.372763
35.076796, 0.067543, 6.141037
35.080163, 0.070092, 6.372763
35.083573, 0.064994, 5.909310
35.087016, 0.070092, 6.372763
35.090217, 0.067543, 6.141037
35.093415, 0.067543, 6.141037
35.096227, 0.067543, 6.141037
35.098972, 0.070092, 6.372763
35.101704, 0.070092, 6.372763
35.104354, 0.070092, 6.372763
35.107015, 0.067543, 6.141037
35.109653, 0.070092, 6.372763
35.113202, 0.067543, 6.141037
35.117617, 0.067543, 6.141037
35.121600, 0.067543, 6.141037
35.124598, 0.067543, 6.141037
35.126326, 0.067543, 6.141037
35.128009, 0.067543, 6.141037
35.129864, 0.070092, 6.372763
35.131884, 0.067543, 6.141037
35.134513, 0.067543, 6.141037
35.137262, 0.067543, 6.141037
35.140488, 0.070092, 6.372763
35.144252, 0.067543, 6.141037
35.148152, 0.067543, 6.141037
35.152282, 0.070092, 6.372763
35.156726, 0.070092, 6.372763
35.160856, 0.070092, 6.372763
35.164884, 0.070092, 6.372763
35.168539, 0.067543, 6.141037
35.171883, 0.067543, 6.141037
35.175384, 0.067543, 6.141037
35.178472, 0.070092, 6.372763
35.181446, 0.070092, 6.372763
35.185046, 0.067543, 6.141037
35.188190, 0.067543, 6.141037
35.191256, 0.067543, 6.141037
35.194373, 0.067543, 6.141037
35.197460, 0.070092, 6.372763
35.200533, 0.067543, 6.141037
35.203427, 0.067543, 6.141037
35.206398, 0.067543, 6.141037
35.209294, 0.070092, 6.372763
35.212117, 0.067543, 6.141037
35.215383, 0.067543, 6.141037
35.219047, 0.067543, 6.141037
35.222094, 0.070092, 6.372763
35.225573, 0.067543, 6.141037
35.228723, 0.070092, 6.372763
35.231889, 0.067543, 6.141037
35.235283, 0.070092, 6.372763
35.238396, 0.070092, 6.372763
35.241429, 0.070092, 6.372763
35.244518, 0.067543, 6.141037
35.247340, 0.070092, 6.372763
35.250063, 0.067543, 6.141037
35.252801, 0.067543, 6.141037
35.255542, 0.067543, 6.141037
35.258153, 0.067543, 6.141037
35.260718, 0.067543, 6.141037
35.263245, 0.067543, 6.141037
35.266021, 0.067543, 6.141037
35.268653, 0.067543, 6.141037
35.271268, 0.067543, 6.141037
35.274312, 0.067543, 6.141037
35.277259, 0.067543, 6.141037
35.280512, 0.070092, 6.372763
35.283224, 0.067543, 6.141037
35.286284, 0.067543, 6.141037
35.288919, 0.067543, 6.141037
35.291590, 0.070092, 6.372763
35.294257, 0.067543, 6.141037
35.297038, 0.070092, 6.372763
35.300392, 0.067543, 6.141037
35.303726, 0.067543, 6.141037
35.307272, 0.070092, 6.372763
35.310356, 0.067543, 6.141037
35.313295, 0.067543, 6.141037
35.316299, 0.067543, 6.141037
35.319326, 0.070092, 6.372763
35.322234, 0.070092, 6.372763
35.324968, 0.067543, 6.141037
35.327737, 0.070092, 6.372763
35.330382, 0.067543, 6.141037
35.333219, 0.067543, 6.141037
35.336377, 0.067543, 6.141037
35.340046, 0.067543, 6.141037
35.343300, 0.067543, 6.141037
35.346337, 0.067543, 6.141037
35.349757, 0.067543, 6.141037
35.352515, 0.067543, 6.141037
35.355184, 0.067543, 6.141037
35.358799, 0.067543, 6.141037
35.364072, 0.067543, 6.141037
35.370243, 0.070092, 6.372763
35.375336, 0.067543, 6.141037
35.379762, 0.067543, 6.141037
35.383000, 0.067543, 6.141037
35.385573, 0.067543, 6.141037
35.388238, 0.067543, 6.141037
35.390873, 0.070092, 6.372763
35.393479, 0.070092, 6.372763
35.396017, 0.067543, 6.141037
35.399046, 0.067543, 6.141037
35.402436, 0.067543, 6.141037
35.404998, 0.067543, 6.141037
35.407807, 0.067543, 6.141037
35.410747, 0.070092, 6.372763
35.413660, 0.067543, 6.141037
35.416874, 0.067543, 6.141037
35.420383, 0.067543, 6.141037
35.423338, 0.070092, 6.372763
35.426274, 0.070092, 6.372763
35.429907, 0.070092, 6.372763
35.432758, 0.070092, 6.372763
35.435149, 0.067543, 6.141037
35.438975, 0.067543, 6.141037
35.445116, 0.070092, 6.372763
35.450666, 0.067543, 6.141037
35.453427, 0.067543, 6.141037
35.455323, 0.067543, 6.141037
35.457492, 0.067543, 6.141037
35.460032, 0.067543, 6.141037
35.463469, 0.070092, 6.372763
35.467528, 0.070092, 6.372763
35.472297, 0.067543, 6.141037
35.476788, 0.067543, 6.141037
35.479117, 0.067543, 6.141037
35.481036, 0.070092, 6.372763
35.483344, 0.067543, 6.141037
35.485599, 0.067543, 6.141037
35.488933, 0.070092, 6.372763
35.492369, 0.067543, 6.141037
35.496099, 0.070092, 6.372763
35.500371, 0.067543, 6.141037
35.506928, 0.070092, 6.372763
35.512012, 0.070092, 6.372763
35.516441, 0.067543, 6.141037
35.520465, 0.067543, 6.141037
35.524558, 0.070092, 6.372763
35.528399, 0.070092, 6.372763
35.531718, 0.070092, 6.372763
35.535328, 0.070092, 6.372763
35.538847, 0.067543, 6.141037
35.542140, 0.070092, 6.372763
35.545608, 0.067543, 6.141037
35.549233, 0.067543, 6.141037
35.552676, 0.067543, 6.141037
35.556188, 0.070092, 6.372763
35.560612, 0.070092, 6.372763
35.564919, 0.067543, 6.141037
35.569150, 0.067543, 6.141037
35.571577, 0.070092, 6.372763
35.573617, 0.070092, 6.372763
35.575790, 0.067543, 6.141037
35.578074, 0.067543, 6.141037
35.580393, 0.070092, 6.372763
35.582859, 0.067543, 6.141037
35.585923, 0.067543, 6.141037
35.588487, 0.070092, 6.372763
35.591000, 0.067543, 6.141037
35.593533, 0.067543, 6.141037
35.596707, 0.067543, 6.141037
35.600104, 0.070092, 6.372763
35.603861, 0.070092, 6.372763
35.607871, 0.067543, 6.141037
35.610379, 0.067543, 6.141037
35.612831, 0.070092, 6.372763
35.615123, 0.070092, 6.372763
35.617583, 0.067543, 6.141037
35.620129, 0.067543, 6.141037
35.622690, 0.067543, 6.141037
35.625324, 0.070092, 6.372763
35.628158, 0.067543, 6.141037
35.630917, 0.067543, 6.141037
35.633644, 0.070092, 6.372763
35.636753, 0.070092, 6.372763
35.639421, 0.070092, 6.372763
35.642069, 0.067543, 6.141037
35.644597, 0.067543, 6.141037
35.647147, 0.070092, 6.372763
35.649647, 0.070092, 6.372763
35.652156, 0.067543, 6.141037
35.654605, 0.067543, 6.141037
35.657291, 0.070092, 6.372763
35.659878, 0.067543, 6.141037
35.662236, 0.070092, 6.372763
35.664582, 0.070092, 6.372763
35.667109, 0.070092, 6.372763
35.669559, 0.067543, 6.141037
35.672083, 0.070092, 6.372763
35.674545, 0.070092, 6.372763
35.677079, 0.067543, 6.141037
35.679516, 0.067543, 6.141037
35.681887, 0.070092, 6.372763
35.684309, 0.067543, 6.141037
35.687017, 0.067543, 6.141037
35.689802, 0.067543, 6.141037
35.692681, 0.070092, 6.372763
35.695543, 0.067543, 6.141037
35.698795, 0.067543, 6.141037
35.703222, 0.067543, 6.141037
35.705752, 0.067543, 6.141037
35.707445, 0.067543, 6.141037
35.709215, 0.067543, 6.141037
35.711189, 0.070092, 6.372763
35.714242, 0.070092, 6.372763
35.716668, 0.067543, 6.141037
35.719899, 0.070092, 6.372763
35.723742, 0.067543, 6.141037
35.728481, 0.070092, 6.372763
35.733843, 0.067543, 6.141037
35.738599, 0.070092, 6.372763
35.742134, 0.067543, 6.141037
35.745305, 0.070092, 6.372763
35.748718, 0.070092, 6.372763
35.753118, 0.070092, 6.372763
35.757550, 0.070092, 6.372763
35.761745, 0.067543, 6.141037
35.766559, 0.067543, 6.141037
35.768704, 0.067543, 6.141037
35.770918, 0.070092, 6.372763
35.773158, 0.070092, 6.372763
35.775379, 0.070092, 6.372763
35.777676, 0.067543, 6.141037
35.779952, 0.070092, 6.372763
35.782280, 0.070092, 6.372763
35.784582, 0.067543, 6.141037
35.786824, 0.067543, 6.141037
35.789127, 0.070092, 6.372763
35.791364, 0.070092, 6.372763
35.793580, 0.070092, 6.372763
35.795789, 0.067543, 6.141037
35.798003, 0.070092, 6.372763
35.800750, 0.070092, 6.372763
35.803224, 0.070092, 6.372763
35.805626, 0.067543, 6.141037
35.808134, 0.070092, 6.372763
35.810820, 0.070092, 6.372763
35.813588, 0.067543, 6.141037
35.816349, 0.067543, 6.141037
35.819141, 0.070092, 6.372763
35.822037, 0.067543, 6.141037
35.824959, 0.067543, 6.141037
35.827770, 0.070092, 6.372763
35.830665, 0.067543, 6.141037
35.833874, 0.070092, 6.372763
35.838110, 0.070092, 6.372763
35.842691, 0.070092, 6.372763
35.846445, 0.070092, 6.372763
35.849800, 0.067543, 6.141037
35.851636, 0.067543, 6.141037
35.853471, 0.067543, 6.141037
35.855632, 0.070092, 6.372763
35.858098, 0.067543, 6.141037
35.860629, 0.067543, 6.141037
35.863204, 0.070092, 6.372763
35.865813, 0.070092, 6.372763
35.868385, 0.067543, 6.141037
35.870905, 0.067543, 6.141037
35.873450, 0.067543, 6.141037
35.875910, 0.067543, 6.141037
35.878354, 0.067543, 6.141037
35.880791, 0.067543, 6.141037
35.883244, 0.067543, 6.141037
35.885743, 0.067543, 6.141037
36.095852, 0.070092, 6.372763
36.101104, 0.067543, 6.141037
36.105619, 0.067543, 6.141037
36.109531, 0.067543, 6.141037
36.112950, 0.070092, 6.372763
36.116278, 0.067543, 6.141037
36.119284, 0.067543, 6.141037
36.122074, 0.067543, 6.141037
36.124928, 0.070092, 6.372763
36.127936, 0.067543, 6.141037
36.130626, 0.067543, 6.141037
36.133332, 0.067543, 6.141037
36.136045, 0.067543, 6.141037
36.138747, 0.070092, 6.372763
36.141398, 0.067543, 6.141037
36.143944, 0.067543, 6.141037
36.146500, 0.067543, 6.141037
36.149022, 0.070092, 6.372763
36.151666, 0.070092, 6.372763
36.154348, 0.067543, 6.141037
36.157061, 0.070092, 6.372763
36.159711, 0.067543, 6.141037
36.163066, 0.070092, 6.372763
36.166571, 0.070092, 6.372763
36.170520, 0.067543, 6.141037
36.173632, 0.070092, 6.372763
36.176673, 0.070092, 6.372763
36.179981, 0.067543, 6.141037
36.183190, 0.067543, 6.141037
36.186236, 0.067543, 6.141037
36.189469, 0.067543, 6.141037
36.192510, 0.067543, 6.141037
36.195684, 0.067543, 6.141037
36.199017, 0.067543, 6.141037
36.202113, 0.067543, 6.141037
36.205095, 0.067543, 6.141037
36.208023, 0.070092, 6.372763
36.211590, 0.070092, 6.372763
36.214789, 0.067543, 6.141037
36.218151, 0.067543, 6.141037
36.221672, 0.070092, 6.372763
36.225012, 0.067543, 6.141037
36.228202, 0.067543, 6.141037
36.231974, 0.070092, 6.372763
36.235111, 0.070092, 6.372763
36.238191, 0.067543, 6.141037
36.241423, 0.067543, 6.141037
36.244417, 0.070092, 6.372763
36.247323, 0.067543, 6.141037
36.250418, 0.067543, 6.141037
36.252992, 0.067543, 6.141037
36.254764, 0.067543, 6.141037
36.256758, 0.070092, 6.372763
36.258647, 0.070092, 6.372763
36.261078, 0.067543, 6.141037
36.263569, 0.067543, 6.141037
36.266104, 0.070092, 6.372763
36.268782, 0.067543, 6.141037
36.271316, 0.070092, 6.372763
36.273084, 0.067543, 6.141037
36.274835, 0.067543, 6.141037
36.276874, 0.070092, 6.372763
36.279202, 0.070092, 6.372763
36.281761, 0.070092, 6.372763
36.284504, 0.070092, 6.372763
36.287229, 0.067543, 6.141037
36.289922, 0.067543, 6.141037
36.292575, 0.070092, 6.372763
36.295254, 0.067543, 6.141037
36.297907, 0.067543, 6.141037
36.300626, 0.070092, 6.372763
36.303466, 0.067543, 6.141037
36.306248, 0.067543, 6.141037
36.309615, 0.070092, 6.372763
36.312731, 0.067543, 6.141037
36.316219, 0.067543, 6.141037
36.320232, 0.067543, 6.141037
36.324449, 0.067543, 6.141037
36.328625, 0.067543, 6.141037
36.333003, 0.067543, 6.141037
36.336518, 0.070092, 6.372763
36.339973, 0.070092, 6.372763
36.343581, 0.070092, 6.372763
36.347054, 0.067543, 6.141037
36.350594, 0.070092, 6.372763
36.354626, 0.070092, 6.372763
36.357947, 0.070092, 6.372763
36.361720, 0.070092, 6.372763
36.364712, 0.070092, 6.372763
36.367465, 0.067543, 6.141037
36.369621, 0.067543, 6.141037
36.371545, 0.067543, 6.141037
36.373310, 0.067543, 6.141037
36.376526, 0.067543, 6.141037
36.380944, 0.070092, 6.372763
36.383071, 0.067543, 6.141037
36.385086, 0.070092, 6.372763
36.387161, 0.067543, 6.141037
36.389334, 0.070092, 6.372763
36.391926, 0.067543, 6.141037
36.394813, 0.070092, 6.372763
36.397350, 0.067543, 6.141037
36.400397, 0.067543, 6.141037
36.405232, 0.067543, 6.141037
36.410935, 0.070092, 6.372763
36.415630, 0.067543, 6.141037
36.417560, 0.067543, 6.141037
36.419322, 0.070092, 6.372763
36.421228, 0.067543, 6.141037
36.423339, 0.067543, 6.141037
36.425513, 0.067543, 6.141037
36.427356, 0.070092, 6.372763
36.429350, 0.067543, 6.141037
36.431797, 0.070092, 6.372763
36.435982, 0.067543, 6.141037
36.439974, 0.067543, 6.141037
36.443786, 0.067543, 6.141037
36.446222, 0.067543, 6.141037
36.448375, 0.070092, 6.372763
36.450437, 0.067543, 6.141037
36.452533, 0.067543, 6.141037
36.454481, 0.067543, 6.141037
36.458194, 0.070092, 6.372763
36.461610, 0.070092, 6.372763
36.464963, 0.070092, 6.372763
36.468234, 0.070092, 6.372763
36.471425, 0.070092, 6.372763
36.474362, 0.067543, 6.141037
36.477360, 0.067543, 6.141037
36.480175, 0.070092, 6.372763
36.482941, 0.067543, 6.141037
36.486038, 0.070092, 6.372763
36.488815, 0.067543, 6.141037
36.491535, 0.070092, 6.372763
36.494295, 0.070092, 6.372763
36.497304, 0.067543, 6.141037
36.500393, 0.070092, 6.372763
36.503440, 0.070092, 6.372763
36.506461, 0.067543, 6.141037
36.509572, 0.067543, 6.141037
36.512493, 0.067543, 6.141037
36.515373, 0.067543, 6.141037
36.518290, 0.067543, 6.141037
36.521177, 0.067543, 6.141037
36.523921, 0.070092, 6.372763
36.526542, 0.070092, 6.372763
36.528884, 0.067543, 6.141037
36.530811, 0.070092, 6.372763
36.533391, 0.067543, 6.141037
36.536387, 0.067543, 6.141037
36.539741, 0.067543, 6.141037
36.543399, 0.067543, 6.141037
36.548039, 0.070092, 6.372763
36.553569, 0.067543, 6.141037
36.558279, 0.067543, 6.141037
36.563568, 0.067543, 6.141037
36.568783, 0.067543, 6.141037
36.573565, 0.070092, 6.372763
36.578075, 0.070092, 6.372763
36.583255, 0.067543, 6.141037
36.587721, 0.067543, 6.141037
36.590832, 0.067543, 6.141037
36.593887, 0.067543, 6.141037
36.596576, 0.067543, 6.141037
36.599192, 0.070092, 6.372763
36.602592, 0.067543, 6.141037
36.605604, 0.070092, 6.372763
36.608612, 0.070092, 6.372763
36.611836, 0.070092, 6.372763
36.615170, 0.070092, 6.372763
36.619211, 0.067543, 6.141037
36.622488, 0.067543, 6.141037
36.625752, 0.067543, 6.141037
36.628802, 0.070092, 6.372763
36.631821, 0.070092, 6.372763
36.634994, 0.070092, 6.372763
36.637994, 0.067543, 6.141037
36.640913, 0.070092, 6.372763
36.643885, 0.070092, 6.372763
36.646929, 0.070092, 6.372763
36.650324, 0.067543, 6.141037
36.653630, 0.067543, 6.141037
36.656616, 0.070092, 6.372763
36.659430, 0.067543, 6.141037
36.662152, 0.070092, 6.372763
36.664752, 0.067543, 6.141037
36.668447, 0.070092, 6.372763
36.671484, 0.070092, 6.372763
36.673107, 0.067543, 6.141037
36.674844, 0.070092, 6.372763
36.676806, 0.067543, 6.141037
36.678931, 0.070092, 6.372763
36.681232, 0.070092, 6.372763
36.683558, 0.067543, 6.141037
36.685918, 0.067543, 6.141037
36.688307, 0.070092, 6.372763
36.690141, 0.070092, 6.372763
36.691981, 0.070092, 6.372763
36.695385, 0.070092, 6.372763
36.698730, 0.067543, 6.141037
36.703037, 0.067543, 6.141037
36.706336, 0.070092, 6.372763
36.709511, 0.067543, 6.141037
36.712549, 0.070092, 6.372763
36.715989, 0.070092, 6.372763
36.720439, 0.067543, 6.141037
36.724385, 0.070092, 6.372763
36.727215, 0.070092, 6.372763
36.729935, 0.067543, 6.141037
36.732624, 0.070092, 6.372763
36.735254, 0.067543, 6.141037
36.737797, 0.070092, 6.372763
36.740305, 0.070092, 6.372763
36.742743, 0.067543, 6.141037
36.745687, 0.067543, 6.141037
36.749346, 0.067543, 6.141037
36.754288, 0.070092, 6.372763
36.757715, 0.070092, 6.372763
36.760907, 0.070092, 6.372763
36.763871, 0.070092, 6.372763
36.766892, 0.070092, 6.372763
36.769699, 0.070092, 6.372763
36.772270, 0.067543, 6.141037
36.774790, 0.070092, 6.372763
36.777145, 0.067543, 6.141037
36.779579, 0.067543, 6.141037
36.782011, 0.067543, 6.141037
36.784499, 0.067543, 6.141037
36.786890, 0.070092, 6.372763
36.789220, 0.070092, 6.372763
36.791531, 0.070092, 6.372763
36.793820, 0.067543, 6.141037
36.796615, 0.067543, 6.141037
36.799308, 0.067543, 6.141037
36.801387, 0.067543, 6.141037
36.803475, 0.067543, 6.141037
36.805674, 0.070092, 6.372763
36.807923, 0.067543, 6.141037
36.810202, 0.070092, 6.372763
36.812485, 0.067543, 6.141037
36.814776, 0.070092, 6.372763
36.817392, 0.067543, 6.141037
36.820328, 0.070092, 6.372763
36.824632, 0.067543, 6.141037
36.830970, 0.067543, 6.141037
36.836705, 0.070092, 6.372763
36.842134, 0.067543, 6.141037
36.847407, 0.070092, 6.372763
36.851880, 0.067543, 6.141037
36.855215, 0.070092, 6.372763
36.858980, 0.067543, 6.141037
36.861857, 0.070092, 6.372763
36.864518, 0.070092, 6.372763
36.867563, 0.067543, 6.141037
36.870336, 0.067543, 6.141037
36.872862, 0.067543, 6.141037
36.875294, 0.070092, 6.372763
36.877824, 0.067543, 6.141037
36.880225, 0.067543, 6.141037
36.882604, 0.070092, 6.372763
36.884938, 0.067543, 6.141037
36.887277, 0.070092, 6.372763
36.889583, 0.070092, 6.372763
36.891900, 0.070092, 6.372763
36.894190, 0.070092, 6.372763
36.896502, 0.067543, 6.141037
36.898790, 0.067543, 6.141037
36.901872, 0.070092, 6.372763
36.904493, 0.067543, 6.141037
36.907299, 0.070092, 6.372763
36.908845, 0.067543, 6.141037
36.912345, 0.067543, 6.141037
36.914219, 0.067543, 6.141037
36.915915, 0.067543, 6.141037
36.918935, 0.070092, 6.372763
36.921821, 0.070092, 6.372763
36.924675, 0.070092, 6.372763
36.927484, 0.070092, 6.372763
36.930329, 0.070092, 6.372763
36.933120, 0.067543, 6.141037
36.935942, 0.067543, 6.141037
36.938715, 0.070092, 6.372763
36.941302, 0.070092, 6.372763
36.943885, 0.067543, 6.141037
36.946363, 0.070092, 6.372763
36.948977, 0.070092, 6.372763
36.951574, 0.070092, 6.372763
36.953995, 0.070092, 6.372763
36.956355, 0.067543, 6.141037
36.959598, 0.070092, 6.372763
36.961474, 0.067543, 6.141037
36.963373, 0.070092, 6.372763
36.965420, 0.067543, 6.141037
36.968748, 0.067543, 6.141037
36.971457, 0.070092, 6.372763
36.973191, 0.067543, 6.141037
36.974765, 0.067543, 6.141037
36.976544, 0.070092, 6.372763
36.978667, 0.070092, 6.372763
36.980875, 0.070092, 6.372763
36.983660, 0.070092, 6.372763
36.986050, 0.067543, 6.141037
36.988373, 0.067543, 6.141037
36.990877, 0.067543, 6.141037
36.993218, 0.070092, 6.372763
36.995525, 0.067543, 6.141037
36.997801, 0.070092, 6.372763
37.000157, 0.067543, 6.141037
37.002522, 0.070092, 6.372763
37.004819, 0.067543, 6.141037
37.007186, 0.067543, 6.141037
37.009465, 0.070092, 6.372763
37.011781, 0.070092, 6.372763
37.014158, 0.067543, 6.141037
37.016609, 0.067543, 6.141037
37.019106, 0.070092, 6.372763
37.021625, 0.070092, 6.372763
37.024250, 0.070092, 6.372763
37.026888, 0.067543, 6.141037
37.029909, 0.067543, 6.141037
37.033221, 0.070092, 6.372763
37.037388, 0.067543, 6.141037
37.042077, 0.067543, 6.141037
37.045859, 0.067543, 6.141037
37.049265, 0.067543, 6.141037
37.052802, 0.067543, 6.141037
37.055893, 0.070092, 6.372763
37.058996, 0.070092, 6.372763
37.062174, 0.070092, 6.372763
37.065467, 0.070092, 6.372763
37.068841, 0.070092, 6.372763
37.072068, 0.070092, 6.372763
37.075048, 0.070092, 6.372763
37.077920, 0.070092, 6.372763
37.080921, 0.067543, 6.141037
37.084434, 0.067543, 6.141037
37.087612, 0.067543, 6.141037
37.090830, 0.070092, 6.372763
37.094104, 0.067543, 6.141037
37.097765, 0.070092, 6.372763
37.101543, 0.067543, 6.141037
37.105561, 0.070092, 6.372763
37.109007, 0.070092, 6.372763
37.112334, 0.070092, 6.372763
37.115519, 0.070092, 6.372763
37.118756, 0.070092, 6.372763
37.121890, 0.067543, 6.141037
37.125022, 0.067543, 6.141037
37.128455, 0.070092, 6.372763
37.131523, 0.070092, 6.372763
37.134530, 0.067543, 6.141037
37.137795, 0.067543, 6.141037
37.140574, 0.070092, 6.372763
37.143483, 0.067543, 6.141037
37.146249, 0.070092, 6.372763
37.149002, 0.070092, 6.372763
37.151827, 0.070092, 6.372763
37.154619, 0.067543, 6.141037
37.157623, 0.070092, 6.372763
37.160368, 0.070092, 6.372763
37.163065, 0.067543, 6.141037
37.165799, 0.070092, 6.372763
37.168515, 0.070092, 6.372763
37.171081, 0.070092, 6.372763
37.173600, 0.067543, 6.141037
37.176109, 0.067543, 6.141037
37.178689, 0.070092, 6.372763
37.181210, 0.067543, 6.141037
37.183768, 0.070092, 6.372763
37.186334, 0.070092, 6.372763
37.188849, 0.070092, 6.372763
37.191493, 0.067543, 6.141037
37.194101, 0.067543, 6.141037
37.196662, 0.070092, 6.372763
37.199189, 0.070092, 6.372763
37.201887, 0.070092, 6.372763
37.204503, 0.067543, 6.141037
37.207091, 0.070092, 6.372763
37.209691, 0.070092, 6.372763
37.212279, 0.067543, 6.141037
37.214860, 0.070092, 6.372763
37.217523, 0.070092, 6.372763
37.220261, 0.070092, 6.372763
37.222954, 0.070092, 6.372763
37.225690, 0.070092, 6.372763
37.229361, 0.067543, 6.141037
37.233593, 0.067543, 6.141037
37.237460, 0.070092, 6.372763
37.239848, 0.070092, 6.372763
37.243407, 0.067543, 6.141037
37.247421, 0.067543, 6.141037
37.250694, 0.070092, 6.372763
37.253077, 0.070092, 6.372763
37.255287, 0.070092, 6.372763
37.257511, 0.067543, 6.141037
37.259867, 0.070092, 6.372763
37.262446, 0.070092, 6.372763
37.265135, 0.070092, 6.372763
37.268029, 0.070092, 6.372763
37.270982, 0.067543, 6.141037
37.274467, 0.070092, 6.372763
37.277348, 0.067543, 6.141037
37.280205, 0.067543, 6.141037
37.283073, 0.067543, 6.141037
37.285905, 0.070092, 6.372763
37.288729, 0.067543, 6.141037
37.291464, 0.070092, 6.372763
37.294392, 0.070092, 6.372763
37.297591, 0.067543, 6.141037
37.301382, 0.067543, 6.141037
37.305191, 0.067543, 6.141037
37.308794, 0.067543, 6.141037
37.312139, 0.070092, 6.372763
37.316650, 0.067543, 6.141037
37.320066, 0.067543, 6.141037
37.323352, 0.070092, 6.372763
37.326751, 0.067543, 6.141037
37.329719, 0.067543, 6.141037
37.332682, 0.067543, 6.141037
37.335837, 0.070092, 6.372763
37.337878, 0.070092, 6.372763
37.343107, 0.067543, 6.141037
37.347316, 0.070092, 6.372763
37.350690, 0.070092, 6.372763
37.353083, 0.070092, 6.372763
37.355570, 0.067543, 6.141037
37.358490, 0.067543, 6.141037
37.361182, 0.067543, 6.141037
37.364801, 0.067543, 6.141037
37.369356, 0.070092, 6.372763
37.373988, 0.070092, 6.372763
37.378750, 0.067543, 6.141037
37.383455, 0.070092, 6.372763
37.387998, 0.070092, 6.372763
37.392097, 0.070092, 6.372763
37.396678, 0.070092, 6.372763
37.401030, 0.070092, 6.372763
37.405378, 0.070092, 6.372763
37.408926, 0.070092, 6.372763
37.411996, 0.070092, 6.372763
37.414609, 0.067543, 6.141037
37.417620, 0.070092, 6.372763
37.420690, 0.070092, 6.372763
37.423947, 0.070092, 6.372763
37.428288, 0.070092, 6.372763
37.432793, 0.067543, 6.141037
37.437424, 0.070092, 6.372763
37.441796, 0.070092, 6.372763
37.445829, 0.070092, 6.372763
37.449735, 0.070092, 6.372763
37.453564, 0.070092, 6.372763
37.457476, 0.070092, 6.372763
37.461280, 0.070092, 6.372763
37.464769, 0.070092, 6.372763
37.468316, 0.070092, 6.372763
37.471821, 0.070092, 6.372763
37.475312, 0.070092, 6.372763
37.478885, 0.067543, 6.141037
37.482150, 0.070092, 6.372763
37.485346, 0.070092, 6.372763
37.488627, 0.067543, 6.141037
37.491817, 0.070092, 6.372763
37.495067, 0.067543, 6.141037
37.498439, 0.070092, 6.372763
37.501891, 0.070092, 6.372763
37.505355, 0.067543, 6.141037
37.508436, 0.067543, 6.141037
37.511404, 0.070092, 6.372763
37.514124, 0.070092, 6.372763
37.516826, 0.067543, 6.141037
37.519640, 0.070092, 6.372763
37.522441, 0.067543, 6.141037
37.525143, 0.070092, 6.372763
37.527857, 0.070092, 6.372763
37.530863, 0.067543, 6.141037
37.534099, 0.067543, 6.141037
37.537269, 0.070092, 6.372763
37.540228, 0.070092, 6.372763
37.542916, 0.070092, 6.372763
37.545490, 0.070092, 6.372763
37.548024, 0.070092, 6.372763
37.550831, 0.070092, 6.372763
37.553430, 0.070092, 6.372763
37.555962, 0.070092, 6.372763
37.558546, 0.067543, 6.141037
37.561309, 0.070092, 6.372763
37.564524, 0.067543, 6.141037
37.568065, 0.070092, 6.372763
37.571579, 0.070092, 6.372763
37.574550, 0.067543, 6.141037
37.576343, 0.070092, 6.372763
37.578283, 0.070092, 6.372763
37.580558, 0.070092, 6.372763
37.583048, 0.070092, 6.372763
37.585769, 0.070092, 6.372763
37.589322, 0.070092, 6.372763
37.592125, 0.070092, 6.372763
37.595005, 0.070092, 6.372763
37.598039, 0.067543, 6.141037
37.601078, 0.067543, 6.141037
37.603859, 0.067543, 6.141037
37.605909, 0.067543, 6.141037
37.608362, 0.067543, 6.141037
37.611179, 0.070092, 6.372763
37.614439, 0.070092, 6.372763
37.618308, 0.067543, 6.141037
37.622226, 0.070092, 6.372763
37.625801, 0.070092, 6.372763
37.629531, 0.070092, 6.372763
37.633474, 0.070092, 6.372763
37.636591, 0.070092, 6.372763
37.640089, 0.070092, 6.372763
37.643035, 0.067543, 6.141037
37.645310, 0.067543, 6.141037
37.647709, 0.070092, 6.372763
37.650351, 0.070092, 6.372763
37.653141, 0.067543, 6.141037
37.655888, 0.070092, 6.372763
37.658647, 0.070092, 6.372763
37.662040, 0.070092, 6.372763
37.664761, 0.070092, 6.372763
37.667494, 0.070092, 6.372763
37.670203, 0.070092, 6.372763
37.672810, 0.070092, 6.372763
37.675418, 0.070092, 6.372763
37.677998, 0.067543, 6.141037
37.680637, 0.070092, 6.372763
37.683736, 0.070092, 6.372763
37.687580, 0.067543, 6.141037
37.691528, 0.070092, 6.372763
37.695790, 0.070092, 6.372763
37.699244, 0.070092, 6.372763
37.702807, 0.070092, 6.372763
37.705835, 0.070092, 6.372763
37.708845, 0.070092, 6.372763
37.712031, 0.070092, 6.372763
37.715070, 0.070092, 6.372763
37.717854, 0.070092, 6.372763
37.720697, 0.067543, 6.141037
37.724029, 0.070092, 6.372763
37.727005, 0.067543, 6.141037
37.729911, 0.070092, 6.372763
37.733627, 0.070092, 6.372763
37.735684, 0.070092, 6.372763
37.737419, 0.070092, 6.372763
37.739342, 0.070092, 6.372763
37.741527, 0.070092, 6.372763
37.743819, 0.070092, 6.372763
37.746141, 0.067543, 6.141037
37.748579, 0.070092, 6.372763
37.751191, 0.070092, 6.372763
37.753867, 0.070092, 6.372763
37.755867, 0.070092, 6.372763
37.757812, 0.070092, 6.372763
37.760039, 0.070092, 6.372763
37.762682, 0.070092, 6.372763
37.765298, 0.070092, 6.372763
37.768189, 0.070092, 6.372763
37.771025, 0.070092, 6.372763
37.774760, 0.070092, 6.372763
37.778066, 0.067543, 6.141037
37.781241, 0.070092, 6.372763
37.784501, 0.070092, 6.372763
37.787453, 0.070092, 6.372763
37.790259, 0.070092, 6.372763
37.793131, 0.067543, 6.141037
37.795896, 0.070092, 6.372763
37.798884, 0.070092, 6.372763
37.801918, 0.070092, 6.372763
37.804819, 0.070092, 6.372763
37.807693, 0.067543, 6.141037
37.810437, 0.070092, 6.372763
37.813413, 0.070092, 6.372763
37.816550, 0.070092, 6.372763
37.820407, 0.070092, 6.372763
37.824368, 0.070092, 6.372763
37.828612, 0.070092, 6.372763
37.831278, 0.070092, 6.372763
37.833181, 0.070092, 6.372763
37.835139, 0.070092, 6.372763
37.837191, 0.070092, 6.372763
37.839399, 0.070092, 6.372763
37.841710, 0.067543, 6.141037
37.844084, 0.070092, 6.372763
37.846470, 0.067543, 6.141037
37.848711, 0.070092, 6.372763
37.850738, 0.070092, 6.372763
37.852919, 0.070092, 6.372763
37.855562, 0.070092, 6.372763
37.858415, 0.070092, 6.372763
37.861573, 0.070092, 6.372763
37.864700, 0.070092, 6.372763
37.867982, 0.070092, 6.372763
37.871047, 0.070092, 6.372763
37.874116, 0.070092, 6.372763
37.877113, 0.070092, 6.372763
37.880091, 0.070092, 6.372763
37.883138, 0.070092, 6.372763
37.886144, 0.070092, 6.372763
37.889106, 0.070092, 6.372763
37.892849, 0.070092, 6.372763
37.895942, 0.070092, 6.372763
37.898790, 0.067543, 6.141037
37.901574, 0.070092, 6.372763
37.904207, 0.067543, 6.141037
37.906740, 0.070092, 6.372763
37.909327, 0.070092, 6.372763
37.911853, 0.072641, 6.604489
37.914382, 0.070092, 6.372763
37.916925, 0.070092, 6.372763
37.919417, 0.070092, 6.372763
37.921798, 0.070092, 6.372763
37.924370, 0.070092, 6.372763
37.927013, 0.070092, 6.372763
37.929537, 0.070092, 6.372763
37.931999, 0.070092, 6.372763
37.934592, 0.070092, 6.372763
37.937120, 0.070092, 6.372763
37.939693, 0.072641, 6.604489
37.942180, 0.070092, 6.372763
37.944668, 0.070092, 6.372763
37.947120, 0.070092, 6.372763
37.949509, 0.070092, 6.372763
37.951879, 0.067543, 6.141037
37.955213, 0.070092, 6.372763
37.957574, 0.070092, 6.372763
37.959784, 0.070092, 6.372763
37.962018, 0.070092, 6.372763
37.964383, 0.070092, 6.372763
37.967155, 0.070092, 6.372763
37.969963, 0.070092, 6.372763
37.972119, 0.070092, 6.372763
37.974781, 0.070092, 6.372763
37.977494, 0.070092, 6.372763
37.979187, 0.070092, 6.372763
37.980865, 0.070092, 6.372763
37.982771, 0.070092, 6.372763
37.984998, 0.070092, 6.372763
37.986687, 0.070092, 6.372763
37.988712, 0.070092, 6.372763
37.991033, 0.070092, 6.372763
37.993548, 0.070092, 6.372763
37.995815, 0.070092, 6.372763
37.998624, 0.070092, 6.372763
38.001199, 0.070092, 6.372763
38.003775, 0.070092, 6.372763
38.006913, 0.070092, 6.372763
38.009382, 0.070092, 6.372763
38.011741, 0.070092, 6.372763
38.014056, 0.070092, 6.372763
38.016602, 0.070092, 6.372763
38.018974, 0.070092, 6.372763
38.021234, 0.070092, 6.372763
38.023486, 0.070092, 6.372763
38.026888, 0.070092, 6.372763
38.029601, 0.070092, 6.372763
38.031612, 0.070092, 6.372763
38.033394, 0.070092, 6.372763
38.035865, 0.070092, 6.372763
38.037415, 0.070092, 6.372763
38.039107, 0.070092, 6.372763
38.041082, 0.070092, 6.372763
38.043235, 0.070092, 6.372763
38.045420, 0.070092, 6.372763
38.047598, 0.070092, 6.372763
38.049849, 0.070092, 6.372763
38.052063, 0.070092, 6.372763
38.054260, 0.070092, 6.372763
38.056497, 0.070092, 6.372763
38.058807, 0.070092, 6.372763
38.061077, 0.070092, 6.372763
38.063342, 0.070092, 6.372763
38.066289, 0.070092, 6.372763
38.068323, 0.070092, 6.372763
38.070066, 0.070092, 6.372763
38.072143, 0.070092, 6.372763
38.075139, 0.070092, 6.372763
38.078880, 0.067543, 6.141037
38.082489, 0.070092, 6.372763
38.084146, 0.070092, 6.372763
38.087690, 0.070092, 6.372763
38.090756, 0.067543, 6.141037
38.093577, 0.070092, 6.372763
38.096371, 0.070092, 6.372763
38.099064, 0.070092, 6.372763
38.101712, 0.070092, 6.372763
38.104402, 0.070092, 6.372763
38.106963, 0.070092, 6.372763
38.109286, 0.070092, 6.372763
38.111645, 0.070092, 6.372763
38.113899, 0.070092, 6.372763
38.116237, 0.070092, 6.372763
38.118825, 0.070092, 6.372763
38.121190, 0.070092, 6.372763
38.123409, 0.070092, 6.372763
38.125649, 0.070092, 6.372763
38.128630, 0.070092, 6.372763
38.131258, 0.070092, 6.372763
38.133171, 0.070092, 6.372763
38.135644, 0.070092, 6.372763
38.139543, 0.070092, 6.372763
38.141651, 0.070092, 6.372763
38.143470, 0.070092, 6.372763
38.145578, 0.070092, 6.372763
38.148906, 0.070092, 6.372763
38.152516, 0.067543, 6.141037
38.155119, 0.070092, 6.372763
38.157854, 0.067543, 6.141037
38.160009, 0.070092, 6.372763
38.162058, 0.070092, 6.372763
38.164146, 0.070092, 6.372763
38.166265, 0.070092, 6.372763
38.168251, 0.070092, 6.372763
38.170222, 0.072641, 6.604489
38.172061, 0.070092, 6.372763
38.174088, 0.070092, 6.372763
38.176220, 0.070092, 6.372763
38.178530, 0.070092, 6.372763
38.180974, 0.070092, 6.372763
38.183276, 0.070092, 6.372763
38.185362, 0.070092, 6.372763
38.188369, 0.070092, 6.372763
38.190473, 0.070092, 6.372763
38.192706, 0.070092, 6.372763
38.194950, 0.070092, 6.372763
38.197168, 0.070092, 6.372763
38.200232, 0.070092, 6.372763
38.202256, 0.070092, 6.372763
38.204797, 0.070092, 6.372763
38.208038, 0.072641, 6.604489
38.211213, 0.070092, 6.372763
38.214590, 0.070092, 6.372763
38.216918, 0.070092, 6.372763
38.218984, 0.070092, 6.372763
38.220941, 0.067543, 6.141037
38.223003, 0.070092, 6.372763
38.227252, 0.070092, 6.372763
38.231696, 0.070092, 6.372763
38.235142, 0.070092, 6.372763
38.237959, 0.070092, 6.372763
38.240186, 0.070092, 6.372763
38.242046, 0.070092, 6.372763
38.244566, 0.070092, 6.372763
38.247646, 0.070092, 6.372763
38.250184, 0.070092, 6.372763
38.252344, 0.070092, 6.372763
38.254758, 0.070092, 6.372763
38.256975, 0.070092, 6.372763
38.259271, 0.070092, 6.372763
38.261481, 0.070092, 6.372763
38.264453, 0.070092, 6.372763
38.266896, 0.070092, 6.372763
38.268895, 0.070092, 6.372763
38.271093, 0.070092, 6.372763
38.273261, 0.070092, 6.372763
38.276974, 0.070092, 6.372763
38.280347, 0.070092, 6.372763
38.283955, 0.070092, 6.372763
38.286975, 0.067543, 6.141037
38.289619, 0.070092, 6.372763
38.292107, 0.070092, 6.372763
38.295238, 0.070092, 6.372763
38.298526, 0.070092, 6.372763
38.300305, 0.070092, 6.372763
38.301969, 0.070092, 6.372763
38.304043, 0.070092, 6.372763
38.306854, 0.070092, 6.372763
38.309949, 0.070092, 6.372763
38.312997, 0.070092, 6.372763
38.316825, 0.070092, 6.372763
38.319167, 0.070092, 6.372763
38.321217, 0.070092, 6.372763
38.323116, 0.070092, 6.372763
38.327312, 0.072641, 6.604489
38.332133, 0.070092, 6.372763
38.336206, 0.070092, 6.372763
38.339537, 0.070092, 6.372763
38.342568, 0.070092, 6.372763
38.345310, 0.070092, 6.372763
38.347817, 0.070092, 6.372763
38.350861, 0.070092, 6.372763
38.353009, 0.070092, 6.372763
38.355010, 0.070092, 6.372763
38.356979, 0.070092, 6.372763
38.359151, 0.070092, 6.372763
38.361381, 0.070092, 6.372763
38.363626, 0.070092, 6.372763
38.367617, 0.070092, 6.372763
38.369830, 0.070092, 6.372763
38.371350, 0.070092, 6.372763
38.373989, 0.070092, 6.372763
38.377656, 0.067543, 6.141037
38.380128, 0.070092, 6.372763
38.383700, 0.070092, 6.372763
38.387303, 0.070092, 6.372763
38.390701, 0.070092, 6.372763
38.393727, 0.070092, 6.372763
38.396689, 0.070092, 6.372763
38.399449, 0.070092, 6.372763
38.402487, 0.070092, 6.372763
38.406291, 0.070092, 6.372763
38.408302, 0.070092, 6.372763
38.410390, 0.070092, 6.372763
38.412283, 0.070092, 6.372763
38.414235, 0.070092, 6.372763
38.416358, 0.070092, 6.372763
38.419603, 0.070092, 6.372763
38.425134, 0.070092, 6.372763
38.429750, 0.070092, 6.372763
38.433809, 0.070092, 6.372763
38.437016, 0.070092, 6.372763
38.439473, 0.070092, 6.372763
38.441909, 0.070092, 6.372763
38.444208, 0.070092, 6.372763
38.446796, 0.070092, 6.372763
38.449845, 0.070092, 6.372763
38.451583, 0.070092, 6.372763
38.453626, 0.070092, 6.372763
38.455779, 0.070092, 6.372763
38.458274, 0.070092, 6.372763
38.460982, 0.070092, 6.372763
38.464128, 0.070092, 6.372763
38.466557, 0.070092, 6.372763
38.469156, 0.070092, 6.372763
38.471814, 0.070092, 6.372763
38.474318, 0.070092, 6.372763
38.477086, 0.070092, 6.372763
38.479992, 0.070092, 6.372763
38.482551, 0.072641, 6.604489
38.484781, 0.070092, 6.372763
38.487104, 0.070092, 6.372763
38.489400, 0.070092, 6.372763
38.491699, 0.070092, 6.372763
38.494424, 0.067543, 6.141037
38.496822, 0.070092, 6.372763
38.499260, 0.070092, 6.372763
38.501663, 0.070092, 6.372763
38.504167, 0.070092, 6.372763
38.506533, 0.070092, 6.372763
38.508917, 0.070092, 6.372763
38.511227, 0.070092, 6.372763
38.515160, 0.070092, 6.372763
38.517301, 0.070092, 6.372763
38.519062, 0.070092, 6.372763
38.520948, 0.070092, 6.372763
38.523097, 0.070092, 6.372763
38.525101, 0.067543, 6.141037
38.526926, 0.070092, 6.372763
38.529354, 0.072641, 6.604489
38.532275, 0.070092, 6.372763
38.535461, 0.070092, 6.372763
38.538315, 0.070092, 6.372763
38.541374, 0.070092, 6.372763
38.544490, 0.070092, 6.372763
38.547435, 0.070092, 6.372763
38.550216, 0.070092, 6.372763
38.553343, 0.070092, 6.372763
38.556518, 0.070092, 6.372763
38.559331, 0.070092, 6.372763
38.561952, 0.070092, 6.372763
38.565024, 0.072641, 6.604489
38.567643, 0.070092, 6.372763
38.570136, 0.070092, 6.372763
38.572588, 0.070092, 6.372763
38.575512, 0.070092, 6.372763
38.578013, 0.070092, 6.372763
38.580481, 0.070092, 6.372763
38.583460, 0.070092, 6.372763
38.586923, 0.070092, 6.372763
38.590326, 0.070092, 6.372763
38.593818, 0.070092, 6.372763
38.597064, 0.070092, 6.372763
38.599896, 0.070092, 6.372763
38.602674, 0.070092, 6.372763
38.605559, 0.070092, 6.372763
38.608106, 0.070092, 6.372763
38.610613, 0.070092, 6.372763
38.613208, 0.072641, 6.604489
38.615616, 0.070092, 6.372763
38.618022, 0.070092, 6.372763
38.620430, 0.070092, 6.372763
38.622810, 0.070092, 6.372763
38.625302, 0.070092, 6.372763
38.627609, 0.070092, 6.372763
38.629894, 0.070092, 6.372763
38.632134, 0.070092, 6.372763
38.634573, 0.070092, 6.372763
38.636822, 0.070092, 6.372763
38.639071, 0.070092, 6.372763
38.641349, 0.070092, 6.372763
38.643733, 0.070092, 6.372763
38.645986, 0.070092, 6.372763
38.648227, 0.070092, 6.372763
38.650552, 0.070092, 6.372763
38.653130, 0.070092, 6.372763
38.655578, 0.070092, 6.372763
38.658031, 0.070092, 6.372763
38.660250, 0.070092, 6.372763
38.662476, 0.072641, 6.604489
38.664961, 0.070092, 6.372763
38.667944, 0.070092, 6.372763
38.670332, 0.072641, 6.604489
38.672770, 0.070092, 6.372763
38.676763, 0.070092, 6.372763
38.679069, 0.070092, 6.372763
38.681186, 0.070092, 6.372763
38.683237, 0.070092, 6.372763
38.687205, 0.070092, 6.372763
38.691088, 0.070092, 6.372763
38.694458, 0.070092, 6.372763
38.697525, 0.070092, 6.372763
38.701005, 0.070092, 6.372763
38.703369, 0.070092, 6.372763
38.706479, 0.070092, 6.372763
38.709736, 0.070092, 6.372763
38.711517, 0.072641, 6.604489
38.713630, 0.070092, 6.372763
38.716449, 0.070092, 6.372763
38.719792, 0.072641, 6.604489
38.723364, 0.070092, 6.372763
38.726384, 0.072641, 6.604489
38.729312, 0.070092, 6.372763
38.732005, 0.070092, 6.372763
38.734509, 0.070092, 6.372763
38.737420, 0.072641, 6.604489
38.739866, 0.070092, 6.372763
38.742246, 0.067543, 6.141037
38.744476, 0.070092, 6.372763
38.747026, 0.070092, 6.372763
38.749398, 0.070092, 6.372763
38.751811, 0.070092, 6.372763
38.754205, 0.070092, 6.372763
38.756574, 0.070092, 6.372763
38.758804, 0.070092, 6.372763
38.761057, 0.070092, 6.372763
38.763280, 0.072641, 6.604489
38.765564, 0.072641, 6.604489
38.768183, 0.070092, 6.372763
38.770553, 0.070092, 6.372763
38.772845, 0.070092, 6.372763
38.775301, 0.070092, 6.372763
38.778719, 0.070092, 6.372763
38.781283, 0.070092, 6.372763
38.783773, 0.070092, 6.372763
38.786230, 0.070092, 6.372763
38.788645, 0.070092, 6.372763
38.791029, 0.072641, 6.604489
38.793299, 0.070092, 6.372763
38.795528, 0.070092, 6.372763
38.797759, 0.070092, 6.372763
38.799965, 0.072641, 6.604489
38.802161, 0.070092, 6.372763
38.804311, 0.070092, 6.372763
38.806435, 0.070092, 6.372763
38.808903, 0.070092, 6.372763
38.811271, 0.070092, 6.372763
38.813509, 0.070092, 6.372763
38.815944, 0.070092, 6.372763
38.819208, 0.070092, 6.372763
38.821504, 0.070092, 6.372763
38.824132, 0.070092, 6.372763
38.826949, 0.070092, 6.372763
38.829971, 0.070092, 6.372763
38.833081, 0.072641, 6.604489
38.836189, 0.070092, 6.372763
38.839511, 0.070092, 6.372763
38.842905, 0.070092, 6.372763
38.847084, 0.070092, 6.372763
38.851132, 0.070092, 6.372763
38.854632, 0.070092, 6.372763
38.858309, 0.070092, 6.372763
38.861674, 0.070092, 6.372763
38.864793, 0.070092, 6.372763
38.868054, 0.070092, 6.372763
38.871173, 0.070092, 6.372763
38.874107, 0.070092, 6.372763
38.876870, 0.070092, 6.372763
38.879924, 0.072641, 6.604489
38.882726, 0.070092, 6.372763
38.885442, 0.067543, 6.141037
38.888354, 0.072641, 6.604489
38.891066, 0.070092, 6.372763
38.893776, 0.070092, 6.372763
38.896365, 0.070092, 6.372763
38.899165, 0.070092, 6.372763
38.901896, 0.070092, 6.372763
38.904453, 0.070092, 6.372763
38.906985, 0.070092, 6.372763
38.909667, 0.072641, 6.604489
38.912178, 0.070092, 6.372763
38.914634, 0.070092, 6.372763
38.917106, 0.070092, 6.372763
38.919844, 0.070092, 6.372763
38.922357, 0.070092, 6.372763
38.924868, 0.070092, 6.372763
38.927346, 0.070092, 6.372763
38.930168, 0.070092, 6.372763
38.932926, 0.070092, 6.372763
38.935288, 0.070092, 6.372763
38.937091, 0.072641, 6.604489
38.943387, 0.070092, 6.372763
38.947929, 0.072641, 6.604489
38.951690, 0.070092, 6.372763
38.955122, 0.067543, 6.141037
38.958323, 0.070092, 6.372763
38.961208, 0.070092, 6.372763
38.964011, 0.070092, 6.372763
38.966544, 0.070092, 6.372763
38.969281, 0.070092, 6.372763
38.971918, 0.072641, 6.604489
38.974315, 0.072641, 6.604489
38.976570, 0.070092, 6.372763
38.978924, 0.070092, 6.372763
38.981262, 0.072641, 6.604489
38.983679, 0.070092, 6.372763
38.986006, 0.070092, 6.372763
38.988557, 0.070092, 6.372763
38.990918, 0.070092, 6.372763
38.993319, 0.072641, 6.604489
38.995546, 0.070092, 6.372763
38.997907, 0.070092, 6.372763
39.001233, 0.070092, 6.372763
39.003409, 0.072641, 6.604489
39.005373, 0.070092, 6.372763
39.007455, 0.070092, 6.372763
39.009874, 0.070092, 6.372763
39.012311, 0.070092, 6.372763
39.014845, 0.070092, 6.372763
39.017341, 0.070092, 6.372763
39.020693, 0.072641, 6.604489
39.024418, 0.070092, 6.372763
39.029172, 0.070092, 6.372763
39.034925, 0.070092, 6.372763
39.039834, 0.072641, 6.604489
39.044016, 0.070092, 6.372763
39.047654, 0.070092, 6.372763
39.050440, 0.070092, 6.372763
39.053741, 0.070092, 6.372763
39.057021, 0.070092, 6.372763
39.059998, 0.070092, 6.372763
39.062992, 0.070092, 6.372763
39.065894, 0.070092, 6.372763
39.068630, 0.070092, 6.372763
39.071310, 0.070092, 6.372763
39.073921, 0.070092, 6.372763
39.076355, 0.070092, 6.372763
39.078753, 0.070092, 6.372763
39.081295, 0.070092, 6.372763
39.083836, 0.072641, 6.604489
39.086365, 0.072641, 6.604489
39.088791, 0.072641, 6.604489
39.091280, 0.070092, 6.372763
39.093627, 0.070092, 6.372763
39.095997, 0.072641, 6.604489
39.098371, 0.070092, 6.372763
39.100782, 0.070092, 6.372763
39.103263, 0.070092, 6.372763
39.105641, 0.070092, 6.372763
39.107937, 0.070092, 6.372763
39.110507, 0.072641, 6.604489
39.113011, 0.070092, 6.372763
39.115517, 0.070092, 6.372763
39.118061, 0.070092, 6.372763
39.120592, 0.072641, 6.604489
39.122910, 0.070092, 6.372763
39.125266, 0.070092, 6.372763
39.127565, 0.070092, 6.372763
39.130159, 0.070092, 6.372763
39.133214, 0.070092, 6.372763
39.135388, 0.070092, 6.372763
39.137273, 0.070092, 6.372763
39.139268, 0.070092, 6.372763
39.142570, 0.070092, 6.372763
39.144599, 0.070092, 6.372763
39.146636, 0.070092, 6.372763
39.148785, 0.070092, 6.372763
39.151171, 0.070092, 6.372763
39.153625, 0.070092, 6.372763
39.156018, 0.070092, 6.372763
39.158383, 0.070092, 6.372763
39.161351, 0.072641, 6.604489
39.163963, 0.070092, 6.372763
39.166410, 0.070092, 6.372763
39.168611, 0.070092, 6.372763
39.171600, 0.070092, 6.372763
39.174147, 0.070092, 6.372763
39.175999, 0.072641, 6.604489
39.178021, 0.072641, 6.604489
39.180357, 0.072641, 6.604489
39.183050, 0.070092, 6.372763
39.187652, 0.072641, 6.604489
39.192184, 0.070092, 6.372763
39.196112, 0.070092, 6.372763
39.199479, 0.072641, 6.604489
39.203801, 0.072641, 6.604489
39.207053, 0.072641, 6.604489
39.209929, 0.072641, 6.604489
39.212643, 0.070092, 6.372763
39.215429, 0.070092, 6.372763
39.218773, 0.070092, 6.372763
39.221024, 0.070092, 6.372763
39.222969, 0.070092, 6.372763
39.225133, 0.072641, 6.604489
39.227432, 0.070092, 6.372763
39.229857, 0.072641, 6.604489
39.232526, 0.072641, 6.604489
39.235200, 0.070092, 6.372763
39.237369, 0.070092, 6.372763
39.239562, 0.070092, 6.372763
39.241827, 0.072641, 6.604489
39.244097, 0.070092, 6.372763
39.246347, 0.072641, 6.604489
39.248834, 0.070092, 6.372763
39.251983, 0.072641, 6.604489
39.253831, 0.070092, 6.372763
39.255819, 0.070092, 6.372763
39.257937, 0.070092, 6.372763
39.260499, 0.070092, 6.372763
39.263022, 0.072641, 6.604489
39.265554, 0.072641, 6.604489
39.267989, 0.072641, 6.604489
39.270514, 0.070092, 6.372763
39.272965, 0.070092, 6.372763
39.275424, 0.070092, 6.372763
39.277775, 0.070092, 6.372763
39.280473, 0.070092, 6.372763
39.283060, 0.070092, 6.372763
39.285561, 0.070092, 6.372763
39.287937, 0.070092, 6.372763
39.290451, 0.070092, 6.372763
39.292884, 0.072641, 6.604489
39.295237, 0.072641, 6.604489
39.297472, 0.070092, 6.372763
39.299831, 0.070092, 6.372763
39.302436, 0.070092, 6.372763
39.304742, 0.070092, 6.372763
39.306973, 0.070092, 6.372763
39.309319, 0.070092, 6.372763
39.311968, 0.070092, 6.372763
39.314373, 0.070092, 6.372763
39.316863, 0.070092, 6.372763
39.319277, 0.072641, 6.604489
39.322559, 0.070092, 6.372763
39.324561, 0.070092, 6.372763
39.326487, 0.070092, 6.372763
39.328466, 0.072641, 6.604489
39.330773, 0.070092, 6.372763
39.333099, 0.070092, 6.372763
39.335476, 0.072641, 6.604489
39.337960, 0.070092, 6.372763
39.340251, 0.070092, 6.372763
39.343404, 0.070092, 6.372763
39.345247, 0.072641, 6.604489
39.347161, 0.070092, 6.372763
39.349201, 0.070092, 6.372763
39.351540, 0.070092, 6.372763
39.353790, 0.072641, 6.604489
39.356102, 0.070092, 6.372763
39.358385, 0.070092, 6.372763
39.361270, 0.070092, 6.372763
39.364121, 0.070092, 6.372763
39.366362, 0.072641, 6.604489
39.368588, 0.072641, 6.604489
39.371083, 0.070092, 6.372763
39.373365, 0.072641, 6.604489
39.375631, 0.070092, 6.372763
39.377846, 0.070092, 6.372763
39.380517, 0.070092, 6.372763
39.384287, 0.070092, 6.372763
39.385963, 0.072641, 6.604489
39.387655, 0.070092, 6.372763
39.389770, 0.070092, 6.372763
39.395502, 0.070092, 6.372763
39.398681, 0.070092, 6.372763
39.402020, 0.070092, 6.372763
39.404269, 0.072641, 6.604489
39.406236, 0.070092, 6.372763
39.408114, 0.072641, 6.604489
39.410079, 0.070092, 6.372763
39.412312, 0.070092, 6.372763
39.414479, 0.070092, 6.372763
39.416792, 0.072641, 6.604489
39.419049, 0.070092, 6.372763
39.421508, 0.070092, 6.372763
39.423893, 0.072641, 6.604489
39.426248, 0.070092, 6.372763
39.428452, 0.070092, 6.372763
39.430840, 0.070092, 6.372763
39.435007, 0.070092, 6.372763
39.436954, 0.070092, 6.372763
39.438923, 0.070092, 6.372763
39.440781, 0.070092, 6.372763
39.442897, 0.072641, 6.604489
39.445237, 0.072641, 6.604489
39.447577, 0.070092, 6.372763
39.450462, 0.072641, 6.604489
39.453261, 0.070092, 6.372763
39.455436, 0.072641, 6.604489
39.457683, 0.070092, 6.372763
39.459846, 0.072641, 6.604489
39.463235, 0.070092, 6.372763
39.465280, 0.072641, 6.604489
39.467187, 0.072641, 6.604489
39.469290, 0.072641, 6.604489
39.471896, 0.072641, 6.604489
39.474828, 0.070092, 6.372763
39.477480, 0.070092, 6.372763
39.480253, 0.072641, 6.604489
39.483221, 0.070092, 6.372763
39.485392, 0.070092, 6.372763
39.487466, 0.072641, 6.604489
39.489487, 0.070092, 6.372763
39.491743, 0.070092, 6.372763
39.493596, 0.070092, 6.372763
39.496784, 0.072641, 6.604489
39.500229, 0.070092, 6.372763
39.503194, 0.070092, 6.372763
39.505328, 0.072641, 6.604489
39.507377, 0.070092, 6.372763
39.509378, 0.072641, 6.604489
39.511703, 0.072641, 6.604489
39.514120, 0.072641, 6.604489
39.517248, 0.072641, 6.604489
39.519448, 0.070092, 6.372763
39.522156, 0.072641, 6.604489
39.525361, 0.072641, 6.604489
39.527904, 0.070092, 6.372763
39.530252, 0.070092, 6.372763
39.533323, 0.072641, 6.604489
39.536237, 0.072641, 6.604489
39.538307, 0.072641, 6.604489
39.540412, 0.070092, 6.372763
39.542822, 0.070092, 6.372763
39.545849, 0.070092, 6.372763
39.548984, 0.070092, 6.372763
39.552481, 0.070092, 6.372763
39.555991, 0.070092, 6.372763
39.559482, 0.072641, 6.604489
39.561996, 0.072641, 6.604489
39.564797, 0.070092, 6.372763
39.567710, 0.070092, 6.372763
39.570487, 0.070092, 6.372763
39.573099, 0.072641, 6.604489
39.575644, 0.072641, 6.604489
39.578038, 0.070092, 6.372763
39.580301, 0.070092, 6.372763
39.582795, 0.072641, 6.604489
39.585192, 0.070092, 6.372763
39.587516, 0.072641, 6.604489
39.589809, 0.070092, 6.372763
39.592111, 0.072641, 6.604489
39.594503, 0.072641, 6.604489
39.596770, 0.072641, 6.604489
39.599034, 0.070092, 6.372763
39.601399, 0.070092, 6.372763
39.603966, 0.072641, 6.604489
39.606285, 0.070092, 6.372763
39.608557, 0.072641, 6.604489
39.610853, 0.072641, 6.604489
39.613205, 0.070092, 6.372763
39.615589, 0.070092, 6.372763
39.618520, 0.072641, 6.604489
39.622057, 0.072641, 6.604489
39.624865, 0.072641, 6.604489
39.627285, 0.072641, 6.604489
39.629653, 0.072641, 6.604489
39.632048, 0.070092, 6.372763
39.634681, 0.070092, 6.372763
39.637177, 0.070092, 6.372763
39.639658, 0.070092, 6.372763
39.641942, 0.072641, 6.604489
39.644349, 0.072641, 6.604489
39.646876, 0.072641, 6.604489
39.649466, 0.070092, 6.372763
39.652800, 0.072641, 6.604489
39.656040, 0.070092, 6.372763
39.659067, 0.070092, 6.372763
39.660978, 0.070092, 6.372763
39.662959, 0.072641, 6.604489
39.665503, 0.070092, 6.372763
39.670123, 0.070092, 6.372763
39.675340, 0.072641, 6.604489
39.679261, 0.072641, 6.604489
39.682971, 0.072641, 6.604489
39.685068, 0.070092, 6.372763
39.688193, 0.072641, 6.604489
39.689977, 0.070092, 6.372763
39.691700, 0.070092, 6.372763
39.693625, 0.070092, 6.372763
39.695663, 0.072641, 6.604489
39.697990, 0.070092, 6.372763
39.700170, 0.070092, 6.372763
39.702484, 0.072641, 6.604489
39.704896, 0.072641, 6.604489
39.707222, 0.072641, 6.604489
39.709948, 0.070092, 6.372763
39.712624, 0.070092, 6.372763
39.715206, 0.070092, 6.372763
39.717768, 0.072641, 6.604489
39.721115, 0.072641, 6.604489
39.723997, 0.072641, 6.604489
39.726108, 0.070092, 6.372763
39.728301, 0.072641, 6.604489
39.731007, 0.072641, 6.604489
39.733706, 0.070092, 6.372763
39.736346, 0.070092, 6.372763
39.739096, 0.072641, 6.604489
39.741806, 0.070092, 6.372763
39.744595, 0.070092, 6.372763
39.747875, 0.070092, 6.372763
39.750965, 0.072641, 6.604489
39.753899, 0.070092, 6.372763
39.756697, 0.070092, 6.372763
39.759412, 0.070092, 6.372763
39.762208, 0.072641, 6.604489
39.764804, 0.070092, 6.372763
39.767907, 0.070092, 6.372763
39.771084, 0.072641, 6.604489
39.774468, 0.070092, 6.372763
39.778178, 0.072641, 6.604489
39.780910, 0.070092, 6.372763
39.783580, 0.070092, 6.372763
39.786794, 0.072641, 6.604489
39.788983, 0.072641, 6.604489
39.790865, 0.072641, 6.604489
39.792858, 0.072641, 6.604489
39.795028, 0.070092, 6.372763
39.798169, 0.070092, 6.372763
39.801142, 0.070092, 6.372763
39.804005, 0.070092, 6.372763
39.807134, 0.072641, 6.604489
39.811980, 0.070092, 6.372763
39.816263, 0.070092, 6.372763
39.820285, 0.072641, 6.604489
39.823613, 0.070092, 6.372763
39.826677, 0.070092, 6.372763
39.829850, 0.070092, 6.372763
39.832763, 0.072641, 6.604489
39.835593, 0.070092, 6.372763
39.838546, 0.070092, 6.372763
39.841307, 0.070092, 6.372763
39.844093, 0.070092, 6.372763
39.846824, 0.070092, 6.372763
39.849784, 0.070092, 6.372763
39.852286, 0.070092, 6.372763
39.854867, 0.070092, 6.372763
39.857473, 0.070092, 6.372763
39.860078, 0.072641, 6.604489
39.862462, 0.070092, 6.372763
39.864803, 0.072641, 6.604489
39.867124, 0.070092, 6.372763
39.869828, 0.070092, 6.372763
39.872169, 0.070092, 6.372763
39.874510, 0.072641, 6.604489
39.876867, 0.072641, 6.604489
39.879343, 0.070092, 6.372763
39.881620, 0.070092, 6.372763
39.883914, 0.070092, 6.372763
39.886500, 0.070092, 6.372763
39.889238, 0.070092, 6.372763
39.891558, 0.072641, 6.604489
39.893887, 0.070092, 6.372763
39.896240, 0.070092, 6.372763
39.898698, 0.072641, 6.604489
39.902086, 0.070092, 6.372763
39.905290, 0.070092, 6.372763
39.906877, 0.072641, 6.604489
39.908914, 0.070092, 6.372763
39.911479, 0.070092, 6.372763
39.913946, 0.072641, 6.604489
39.916447, 0.070092, 6.372763
39.919115, 0.070092, 6.372763
39.921828, 0.070092, 6.372763
39.924594, 0.072641, 6.604489
39.927406, 0.072641, 6.604489
39.930409, 0.072641, 6.604489
39.933116, 0.072641, 6.604489
39.935961, 0.072641, 6.604489
39.938997, 0.072641, 6.604489
39.941672, 0.070092, 6.372763
39.944981, 0.070092, 6.372763
39.947916, 0.072641, 6.604489
39.951545, 0.072641, 6.604489
39.955073, 0.072641, 6.604489
39.958360, 0.072641, 6.604489
39.961753, 0.070092, 6.372763
39.964846, 0.072641, 6.604489
39.967499, 0.070092, 6.372763
39.970721, 0.070092, 6.372763
39.973728, 0.070092, 6.372763
39.976704, 0.070092, 6.372763
39.979685, 0.070092, 6.372763
39.982845, 0.070092, 6.372763
39.986665, 0.070092, 6.372763
39.989348, 0.070092, 6.372763
39.991916, 0.070092, 6.372763
39.994360, 0.072641, 6.604489
39.996620, 0.072641, 6.604489
39.998847, 0.070092, 6.372763
40.002351, 0.072641, 6.604489
40.005136, 0.072641, 6.604489
40.007306, 0.072641, 6.604489
40.009571, 0.072641, 6.604489
40.011773, 0.072641, 6.604489
40.014091, 0.072641, 6.604489
40.017713, 0.070092, 6.372763
40.020482, 0.072641, 6.604489
40.022970, 0.072641, 6.604489
40.024849, 0.072641, 6.604489
40.026825, 0.070092, 6.372763
40.029117, 0.072641, 6.604489
40.031389, 0.072641, 6.604489
40.034180, 0.072641, 6.604489
40.036584, 0.070092, 6.372763
40.038981, 0.070092, 6.372763
40.042022, 0.070092, 6.372763
40.043930, 0.072641, 6.604489
40.045884, 0.070092, 6.372763
40.047919, 0.070092, 6.372763
40.051795, 0.072641, 6.604489
40.056421, 0.070092, 6.372763
40.060377, 0.072641, 6.604489
40.063150, 0.070092, 6.372763
40.066103, 0.070092, 6.372763
40.068550, 0.070092, 6.372763
40.071392, 0.070092, 6.372763
40.073136, 0.070092, 6.372763
40.075084, 0.070092, 6.372763
40.077411, 0.070092, 6.372763
40.079983, 0.070092, 6.372763
40.082661, 0.070092, 6.372763
40.085608, 0.070092, 6.372763
40.087514, 0.072641, 6.604489
40.089652, 0.072641, 6.604489
40.093411, 0.070092, 6.372763
40.096693, 0.070092, 6.372763
40.100633, 0.070092, 6.372763
40.103641, 0.070092, 6.372763
40.105674, 0.070092, 6.372763
40.107428, 0.070092, 6.372763
40.109270, 0.070092, 6.372763
40.112358, 0.072641, 6.604489
40.114170, 0.070092, 6.372763
40.117256, 0.070092, 6.372763
40.121265, 0.070092, 6.372763
40.124833, 0.070092, 6.372763
40.127998, 0.072641, 6.604489
40.130875, 0.072641, 6.604489
40.134480, 0.070092, 6.372763
40.136919, 0.072641, 6.604489
40.138758, 0.072641, 6.604489
40.140480, 0.072641, 6.604489
40.143828, 0.072641, 6.604489
40.147263, 0.072641, 6.604489
40.150123, 0.070092, 6.372763
40.153542, 0.070092, 6.372763
40.155646, 0.072641, 6.604489
40.157487, 0.072641, 6.604489
40.159286, 0.072641, 6.604489
40.161277, 0.072641, 6.604489
40.164833, 0.070092, 6.372763
40.167656, 0.072641, 6.604489
40.169789, 0.072641, 6.604489
40.172023, 0.072641, 6.604489
40.176277, 0.070092, 6.372763
40.180436, 0.072641, 6.604489
40.184706, 0.072641, 6.604489
40.187263, 0.072641, 6.604489
40.189449, 0.072641, 6.604489
40.191252, 0.070092, 6.372763
40.194290, 0.070092, 6.372763
40.196876, 0.072641, 6.604489
40.199139, 0.072641, 6.604489
40.201077, 0.070092, 6.372763
40.204084, 0.070092, 6.372763
40.205816, 0.072641, 6.604489
40.207811, 0.070092, 6.372763
40.210193, 0.072641, 6.604489
40.213521, 0.070092, 6.372763
40.216135, 0.070092, 6.372763
40.217926, 0.072641, 6.604489
40.219720, 0.070092, 6.372763
40.221551, 0.072641, 6.604489
40.223788, 0.070092, 6.372763
40.227378, 0.070092, 6.372763
40.233097, 0.072641, 6.604489
40.237404, 0.070092, 6.372763
40.240926, 0.070092, 6.372763
40.244110, 0.072641, 6.604489
40.246786, 0.072641, 6.604489
40.249298, 0.072641, 6.604489
40.251700, 0.070092, 6.372763
40.254142, 0.072641, 6.604489
40.256489, 0.072641, 6.604489
40.258687, 0.070092, 6.372763
40.260961, 0.072641, 6.604489
40.263149, 0.072641, 6.604489
40.265265, 0.070092, 6.372763
40.268026, 0.070092, 6.372763
40.270340, 0.072641, 6.604489
40.273340, 0.070092, 6.372763
40.275787, 0.070092, 6.372763
40.278183, 0.072641, 6.604489
40.280562, 0.072641, 6.604489
40.283755, 0.070092, 6.372763
40.285995, 0.072641, 6.604489
40.288122, 0.072641, 6.604489
40.290293, 0.072641, 6.604489
40.292565, 0.072641, 6.604489
40.294816, 0.072641, 6.604489
40.297064, 0.072641, 6.604489
40.300414, 0.072641, 6.604489
40.304205, 0.072641, 6.604489
40.308604, 0.070092, 6.372763
40.314946, 0.072641, 6.604489
40.320632, 0.070092, 6.372763
40.325878, 0.072641, 6.604489
40.328071, 0.072641, 6.604489
40.330443, 0.070092, 6.372763
40.333584, 0.070092, 6.372763
40.336651, 0.072641, 6.604489
40.339118, 0.070092, 6.372763
40.342104, 0.072641, 6.604489
40.345084, 0.072641, 6.604489
40.348993, 0.072641, 6.604489
40.352879, 0.070092, 6.372763
40.356659, 0.072641, 6.604489
40.360639, 0.070092, 6.372763
40.364260, 0.070092, 6.372763
40.367654, 0.072641, 6.604489
40.370781, 0.072641, 6.604489
40.373721, 0.072641, 6.604489
40.376624, 0.070092, 6.372763
40.379438, 0.072641, 6.604489
40.382391, 0.070092, 6.372763
40.385552, 0.072641, 6.604489
40.388838, 0.070092, 6.372763
40.392211, 0.070092, 6.372763
40.395679, 0.072641, 6.604489
40.399213, 0.072641, 6.604489
40.402890, 0.070092, 6.372763
40.406613, 0.072641, 6.604489
40.410403, 0.072641, 6.604489
40.413988, 0.072641, 6.604489
40.417193, 0.070092, 6.372763
40.419920, 0.070092, 6.372763
40.421811, 0.072641, 6.604489
40.424774, 0.072641, 6.604489
40.428061, 0.070092, 6.372763
40.431350, 0.070092, 6.372763
40.434156, 0.072641, 6.604489
40.436604, 0.072641, 6.604489
40.439409, 0.072641, 6.604489
40.442295, 0.072641, 6.604489
40.445366, 0.072641, 6.604489
40.448884, 0.072641, 6.604489
40.452162, 0.072641, 6.604489
40.455440, 0.070092, 6.372763
40.458703, 0.070092, 6.372763
40.461687, 0.070092, 6.372763
40.464539, 0.072641, 6.604489
40.467230, 0.070092, 6.372763
40.469902, 0.072641, 6.604489
40.472441, 0.072641, 6.604489
40.474869, 0.070092, 6.372763
40.477271, 0.070092, 6.372763
40.479701, 0.072641, 6.604489
40.482101, 0.072641, 6.604489
40.484582, 0.072641, 6.604489
40.486971, 0.072641, 6.604489
40.489270, 0.072641, 6.604489
40.491601, 0.072641, 6.604489
40.493945, 0.072641, 6.604489
40.496409, 0.072641, 6.604489
40.498719, 0.070092, 6.372763
40.502088, 0.072641, 6.604489
40.504451, 0.072641, 6.604489
40.506930, 0.072641, 6.604489
40.509177, 0.072641, 6.604489
40.512425, 0.072641, 6.604489
40.514602, 0.072641, 6.604489
40.517435, 0.072641, 6.604489
40.519649, 0.072641, 6.604489
40.522697, 0.072641, 6.604489
40.524516, 0.072641, 6.604489
40.526347, 0.070092, 6.372763
40.528469, 0.070092, 6.372763
40.530846, 0.072641, 6.604489
40.534108, 0.072641, 6.604489
40.536296, 0.072641, 6.604489
40.538320, 0.070092, 6.372763
40.540313, 0.072641, 6.604489
40.543486, 0.072641, 6.604489
40.545617, 0.072641, 6.604489
40.547745, 0.072641, 6.604489
40.550861, 0.072641, 6.604489
40.552865, 0.070092, 6.372763
40.554737, 0.072641, 6.604489
40.556796, 0.072641, 6.604489
40.558946, 0.072641, 6.604489
40.561835, 0.072641, 6.604489
40.564402, 0.072641, 6.604489
40.567595, 0.070092, 6.372763
40.569248, 0.072641, 6.604489
40.570989, 0.072641, 6.604489
40.573153, 0.072641, 6.604489
40.575304, 0.072641, 6.604489
40.577466, 0.072641, 6.604489
40.579679, 0.072641, 6.604489
40.582823, 0.072641, 6.604489
40.585473, 0.072641, 6.604489
40.587226, 0.072641, 6.604489
40.589436, 0.072641, 6.604489
40.592140, 0.072641, 6.604489
40.594790, 0.072641, 6.604489
40.597437, 0.072641, 6.604489
40.600269, 0.072641, 6.604489
40.602883, 0.072641, 6.604489
40.605107, 0.072641, 6.604489
40.606718, 0.072641, 6.604489
40.608599, 0.072641, 6.604489
40.610650, 0.072641, 6.604489
40.612876, 0.072641, 6.604489
40.615108, 0.072641, 6.604489
40.616936, 0.072641, 6.604489
40.618819, 0.072641, 6.604489
40.621208, 0.072641, 6.604489
40.624534, 0.072641, 6.604489
40.627745, 0.072641, 6.604489
40.630868, 0.072641, 6.604489
40.633913, 0.072641, 6.604489
40.635602, 0.072641, 6.604489
40.637345, 0.072641, 6.604489
40.639400, 0.072641, 6.604489
40.641569, 0.072641, 6.604489
40.643772, 0.072641, 6.604489
40.645981, 0.072641, 6.604489
40.648203, 0.072641, 6.604489
40.650407, 0.072641, 6.604489
40.652639, 0.072641, 6.604489
40.655444, 0.072641, 6.604489
40.660366, 0.072641, 6.604489
40.664079, 0.072641, 6.604489
40.666317, 0.072641, 6.604489
40.668393, 0.072641, 6.604489
40.670414, 0.072641, 6.604489
40.672569, 0.072641, 6.604489
40.674741, 0.072641, 6.604489
40.676848, 0.072641, 6.604489
40.678956, 0.072641, 6.604489
40.681095, 0.072641, 6.604489
40.683492, 0.072641, 6.604489
40.685572, 0.072641, 6.604489
40.687518, 0.072641, 6.604489
40.689549, 0.072641, 6.604489
40.691746, 0.072641, 6.604489
40.694175, 0.072641, 6.604489
40.696589, 0.072641, 6.604489
40.699029, 0.072641, 6.604489
40.701659, 0.072641, 6.604489
40.704733, 0.072641, 6.604489
40.707044, 0.072641, 6.604489
40.708732, 0.072641, 6.604489
40.710558, 0.072641, 6.604489
40.712571, 0.072641, 6.604489
40.714869, 0.072641, 6.604489
40.718889, 0.072641, 6.604489
40.722401, 0.072641, 6.604489
40.725254, 0.072641, 6.604489
40.727490, 0.072641, 6.604489
40.729641, 0.072641, 6.604489
40.731421, 0.072641, 6.604489
40.733228, 0.072641, 6.604489
40.736304, 0.072641, 6.604489
40.740316, 0.072641, 6.604489
40.744106, 0.072641, 6.604489
40.746688, 0.072641, 6.604489
40.748950, 0.072641, 6.604489
40.751033, 0.072641, 6.604489
40.753022, 0.072641, 6.604489
40.754847, 0.072641, 6.604489
40.756850, 0.072641, 6.604489
40.760594, 0.072641, 6.604489
40.762942, 0.072641, 6.604489
40.764881, 0.072641, 6.604489
40.767140, 0.072641, 6.604489
40.769470, 0.072641, 6.604489
40.771835, 0.072641, 6.604489
40.774141, 0.072641, 6.604489
40.776533, 0.072641, 6.604489
40.779088, 0.072641, 6.604489
40.781539, 0.072641, 6.604489
40.784170, 0.072641, 6.604489
40.786671, 0.072641, 6.604489
40.789378, 0.072641, 6.604489
40.791940, 0.072641, 6.604489
40.794460, 0.072641, 6.604489
40.796876, 0.072641, 6.604489
40.799271, 0.072641, 6.604489
40.801886, 0.072641, 6.604489
40.805081, 0.072641, 6.604489
40.807594, 0.072641, 6.604489
40.810035, 0.072641, 6.604489
40.812299, 0.072641, 6.604489
40.814543, 0.072641, 6.604489
40.817059, 0.072641, 6.604489
40.819859, 0.072641, 6.604489
40.822482, 0.072641, 6.604489
40.825141, 0.072641, 6.604489
40.827750, 0.072641, 6.604489
40.830378, 0.072641, 6.604489
40.833502, 0.072641, 6.604489
40.836484, 0.072641, 6.604489
40.840082, 0.072641, 6.604489
40.843863, 0.072641, 6.604489
40.847498, 0.072641, 6.604489
40.850891, 0.072641, 6.604489
40.853988, 0.072641, 6.604489
40.856813, 0.072641, 6.604489
40.859448, 0.072641, 6.604489
40.861930, 0.072641, 6.604489
40.864739, 0.072641, 6.604489
40.868346, 0.072641, 6.604489
40.870206, 0.072641, 6.604489
40.871906, 0.072641, 6.604489
40.873849, 0.072641, 6.604489
40.875963, 0.072641, 6.604489
40.878219, 0.070092, 6.372763
40.880569, 0.072641, 6.604489
40.883438, 0.072641, 6.604489
40.889525, 0.072641, 6.604489
40.894796, 0.072641, 6.604489
40.899139, 0.072641, 6.604489
40.903440, 0.075190, 6.836216
40.907243, 0.072641, 6.604489
40.910707, 0.072641, 6.604489
40.913666, 0.072641, 6.604489
40.916482, 0.072641, 6.604489
40.919283, 0.072641, 6.604489
40.921928, 0.072641, 6.604489
40.924469, 0.072641, 6.604489
40.926908, 0.072641, 6.604489
40.929284, 0.072641, 6.604489
40.931728, 0.072641, 6.604489
40.934283, 0.072641, 6.604489
40.936856, 0.072641, 6.604489
40.939251, 0.072641, 6.604489
40.941779, 0.072641, 6.604489
40.944188, 0.072641, 6.604489
40.946680, 0.072641, 6.604489
40.948977, 0.072641, 6.604489
40.951441, 0.072641, 6.604489
40.953759, 0.072641, 6.604489
40.956261, 0.072641, 6.604489
40.958542, 0.072641, 6.604489
40.960913, 0.072641, 6.604489
40.963212, 0.072641, 6.604489
40.965570, 0.070092, 6.372763
40.967964, 0.072641, 6.604489
40.970607, 0.072641, 6.604489
40.973020, 0.072641, 6.604489
40.975497, 0.072641, 6.604489
40.977785, 0.072641, 6.604489
40.980066, 0.072641, 6.604489
40.982729, 0.072641, 6.604489
40.985290, 0.072641, 6.604489
40.987686, 0.072641, 6.604489
40.989981, 0.072641, 6.604489
40.992371, 0.072641, 6.604489
40.994678, 0.072641, 6.604489
40.996932, 0.072641, 6.604489
40.999247, 0.072641, 6.604489
41.002291, 0.072641, 6.604489
41.004823, 0.072641, 6.604489
41.007235, 0.072641, 6.604489
41.009443, 0.072641, 6.604489
41.012062, 0.072641, 6.604489
41.014799, 0.072641, 6.604489
41.018126, 0.072641, 6.604489
41.019759, 0.072641, 6.604489
41.021681, 0.072641, 6.604489
41.024219, 0.072641, 6.604489
41.026938, 0.072641, 6.604489
41.029620, 0.072641, 6.604489
41.032847, 0.072641, 6.604489
41.036448, 0.072641, 6.604489
41.038944, 0.070092, 6.372763
41.041215, 0.072641, 6.604489
41.044307, 0.072641, 6.604489
41.046097, 0.072641, 6.604489
41.047820, 0.072641, 6.604489
41.049935, 0.072641, 6.604489
41.052146, 0.072641, 6.604489
41.054577, 0.072641, 6.604489
41.056765, 0.072641, 6.604489
41.059002, 0.072641, 6.604489
41.061270, 0.072641, 6.604489
41.063833, 0.072641, 6.604489
41.066609, 0.072641, 6.604489
41.068926, 0.072641, 6.604489
41.071702, 0.072641, 6.604489
41.074987, 0.072641, 6.604489
41.077294, 0.070092, 6.372763
41.079560, 0.072641, 6.604489
41.081702, 0.072641, 6.604489
41.084987, 0.072641, 6.604489
41.087260, 0.072641, 6.604489
41.089453, 0.072641, 6.604489
41.091495, 0.072641, 6.604489
41.093650, 0.072641, 6.604489
41.095808, 0.072641, 6.604489
41.098015, 0.072641, 6.604489
41.100270, 0.072641, 6.604489
41.102497, 0.072641, 6.604489
41.105826, 0.072641, 6.604489
41.107732, 0.070092, 6.372763
41.109627, 0.072641, 6.604489
41.111661, 0.072641, 6.604489
41.114270, 0.072641, 6.604489
41.116588, 0.072641, 6.604489
41.118371, 0.072641, 6.604489
41.120265, 0.072641, 6.604489
41.122245, 0.072641, 6.604489
41.125206, 0.072641, 6.604489
41.128310, 0.072641, 6.604489
41.130675, 0.070092, 6.372763
41.133700, 0.072641, 6.604489
41.137874, 0.072641, 6.604489
41.141465, 0.072641, 6.604489
41.144672, 0.072641, 6.604489
41.146416, 0.072641, 6.604489
41.148027, 0.072641, 6.604489
41.149880, 0.072641, 6.604489
41.151826, 0.072641, 6.604489
41.153672, 0.072641, 6.604489
41.155660, 0.072641, 6.604489
41.157860, 0.072641, 6.604489
41.160255, 0.072641, 6.604489
41.162600, 0.072641, 6.604489
41.165109, 0.072641, 6.604489
41.167716, 0.072641, 6.604489
41.170249, 0.072641, 6.604489
41.172621, 0.072641, 6.604489
41.175493, 0.072641, 6.604489
41.177657, 0.072641, 6.604489
41.179667, 0.072641, 6.604489
41.181541, 0.072641, 6.604489
41.183429, 0.072641, 6.604489
41.186953, 0.072641, 6.604489
41.189815, 0.072641, 6.604489
41.192094, 0.072641, 6.604489
41.194003, 0.072641, 6.604489
41.196111, 0.072641, 6.604489
41.198196, 0.072641, 6.604489
41.200642, 0.072641, 6.604489
41.202908, 0.072641, 6.604489
41.205247, 0.072641, 6.604489
41.207672, 0.072641, 6.604489
41.210018, 0.072641, 6.604489
41.212410, 0.072641, 6.604489
41.214684, 0.072641, 6.604489
41.217987, 0.072641, 6.604489
41.220036, 0.072641, 6.604489
41.222014, 0.072641, 6.604489
41.224065, 0.072641, 6.604489
41.226694, 0.072641, 6.604489
41.230475, 0.072641, 6.604489
41.234038, 0.070092, 6.372763
41.236254, 0.072641, 6.604489
41.238347, 0.070092, 6.372763
41.240226, 0.072641, 6.604489
41.242239, 0.072641, 6.604489
41.244351, 0.072641, 6.604489
41.246959, 0.072641, 6.604489
41.250013, 0.072641, 6.604489
41.252348, 0.072641, 6.604489
41.254708, 0.072641, 6.604489
41.257361, 0.072641, 6.604489
41.259870, 0.072641, 6.604489
41.261871, 0.072641, 6.604489
41.263775, 0.072641, 6.604489
41.265922, 0.072641, 6.604489
41.269090, 0.072641, 6.604489
41.271829, 0.072641, 6.604489
41.274033, 0.072641, 6.604489
41.275970, 0.072641, 6.604489
41.278505, 0.072641, 6.604489
41.281360, 0.072641, 6.604489
41.283902, 0.072641, 6.604489
41.285872, 0.072641, 6.604489
41.287883, 0.072641, 6.604489
41.289827, 0.072641, 6.604489
41.291887, 0.072641, 6.604489
41.294044, 0.072641, 6.604489
41.296228, 0.072641, 6.604489
41.299151, 0.072641, 6.604489
41.301316, 0.072641, 6.604489
41.303479, 0.072641, 6.604489
41.305577, 0.072641, 6.604489
41.307753, 0.072641, 6.604489
41.311304, 0.072641, 6.604489
41.313419, 0.072641, 6.604489
41.316026, 0.072641, 6.604489
41.319305, 0.072641, 6.604489
41.322074, 0.072641, 6.604489
41.324056, 0.072641, 6.604489
41.326263, 0.072641, 6.604489
41.328499, 0.072641, 6.604489
41.330789, 0.072641, 6.604489
41.333514, 0.072641, 6.604489
41.336089, 0.072641, 6.604489
41.338444, 0.072641, 6.604489
41.340785, 0.072641, 6.604489
41.343275, 0.070092, 6.372763
41.345653, 0.072641, 6.604489
41.347977, 0.072641, 6.604489
41.351365, 0.072641, 6.604489
41.353450, 0.072641, 6.604489
41.355328, 0.072641, 6.604489
41.357315, 0.072641, 6.604489
41.359410, 0.072641, 6.604489
41.361588, 0.072641, 6.604489
41.363800, 0.072641, 6.604489
41.367602, 0.072641, 6.604489
41.369886, 0.072641, 6.604489
41.372340, 0.072641, 6.604489
41.375041, 0.072641, 6.604489
41.377142, 0.072641, 6.604489
41.379244, 0.072641, 6.604489
41.382204, 0.072641, 6.604489
41.384889, 0.072641, 6.604489
41.387045, 0.072641, 6.604489
41.388852, 0.072641, 6.604489
41.390702, 0.072641, 6.604489
41.392920, 0.072641, 6.604489
41.395361, 0.072641, 6.604489
41.397257, 0.072641, 6.604489
41.400073, 0.072641, 6.604489
41.402125, 0.072641, 6.604489
41.406331, 0.072641, 6.604489
41.409898, 0.072641, 6.604489
41.412308, 0.072641, 6.604489
41.414287, 0.072641, 6.604489
41.416231, 0.072641, 6.604489
41.418382, 0.072641, 6.604489
41.420635, 0.072641, 6.604489
41.423058, 0.072641, 6.604489
41.425344, 0.072641, 6.604489
41.427759, 0.072641, 6.604489
41.430082, 0.072641, 6.604489
41.432486, 0.072641, 6.604489
41.434888, 0.072641, 6.604489
41.437321, 0.072641, 6.604489
41.440125, 0.075190, 6.836216
41.442747, 0.072641, 6.604489
41.445241, 0.072641, 6.604489
41.447811, 0.072641, 6.604489
41.450343, 0.072641, 6.604489
41.452855, 0.072641, 6.604489
41.455374, 0.072641, 6.604489
41.457861, 0.075190, 6.836216
41.460291, 0.072641, 6.604489
41.462685, 0.072641, 6.604489
41.465038, 0.072641, 6.604489
41.467578, 0.072641, 6.604489
41.471188, 0.072641, 6.604489
41.473352, 0.075190, 6.836216
41.475264, 0.072641, 6.604489
41.477233, 0.072641, 6.604489
41.479319, 0.072641, 6.604489
41.481528, 0.072641, 6.604489
41.484111, 0.072641, 6.604489
41.487012, 0.072641, 6.604489
41.490529, 0.072641, 6.604489
41.493694, 0.072641, 6.604489
41.496686, 0.072641, 6.604489
41.499968, 0.072641, 6.604489
41.503026, 0.072641, 6.604489
41.505696, 0.072641, 6.604489
41.508373, 0.072641, 6.604489
41.510744, 0.072641, 6.604489
41.513023, 0.072641, 6.604489
41.516484, 0.072641, 6.604489
41.518541, 0.072641, 6.604489
41.520409, 0.072641, 6.604489
41.522387, 0.072641, 6.604489
41.524558, 0.072641, 6.604489
41.527890, 0.072641, 6.604489
41.532289, 0.072641, 6.604489
41.536112, 0.072641, 6.604489
41.539415, 0.072641, 6.604489
41.542199, 0.072641, 6.604489
41.544761, 0.072641, 6.604489
41.547206, 0.072641, 6.604489
41.549547, 0.072641, 6.604489
41.551889, 0.072641, 6.604489
41.554035, 0.072641, 6.604489
41.556196, 0.072641, 6.604489
41.558445, 0.072641, 6.604489
41.560677, 0.072641, 6.604489
41.563305, 0.075190, 6.836216
41.565437, 0.072641, 6.604489
41.567566, 0.072641, 6.604489
41.569789, 0.072641, 6.604489
41.572162, 0.072641, 6.604489
41.574292, 0.072641, 6.604489
41.576418, 0.072641, 6.604489
41.578695, 0.072641, 6.604489
41.580953, 0.072641, 6.604489
41.583343, 0.072641, 6.604489
41.585617, 0.072641, 6.604489
41.588172, 0.072641, 6.604489
41.590435, 0.072641, 6.604489
41.592660, 0.072641, 6.604489
41.594923, 0.072641, 6.604489
41.597308, 0.072641, 6.604489
41.600557, 0.072641, 6.604489
41.602739, 0.072641, 6.604489
41.604590, 0.072641, 6.604489
41.606698, 0.072641, 6.604489
41.611258, 0.072641, 6.604489
41.615770, 0.072641, 6.604489
41.619373, 0.075190, 6.836216
41.622468, 0.072641, 6.604489
41.625269, 0.072641, 6.604489
41.628987, 0.072641, 6.604489
41.631050, 0.072641, 6.604489
41.633566, 0.072641, 6.604489
41.635402, 0.072641, 6.604489
41.637346, 0.072641, 6.604489
41.639781, 0.072641, 6.604489
41.642191, 0.072641, 6.604489
41.644479, 0.070092, 6.372763
41.647181, 0.072641, 6.604489
41.649843, 0.072641, 6.604489
41.651835, 0.072641, 6.604489
41.653539, 0.072641, 6.604489
41.655466, 0.072641, 6.604489
41.657978, 0.072641, 6.604489
41.662003, 0.072641, 6.604489
41.666598, 0.072641, 6.604489
41.668732, 0.072641, 6.604489
41.671898, 0.072641, 6.604489
41.674205, 0.075190, 6.836216
41.676174, 0.075190, 6.836216
41.678055, 0.072641, 6.604489
41.680035, 0.072641, 6.604489
41.682569, 0.072641, 6.604489
41.685076, 0.072641, 6.604489
41.686589, 0.072641, 6.604489
41.688378, 0.072641, 6.604489
41.690240, 0.072641, 6.604489
41.692177, 0.072641, 6.604489
41.694165, 0.072641, 6.604489
41.696179, 0.072641, 6.604489
41.698207, 0.072641, 6.604489
41.700753, 0.072641, 6.604489
41.702531, 0.072641, 6.604489
41.704290, 0.072641, 6.604489
41.706384, 0.072641, 6.604489
41.708763, 0.072641, 6.604489
41.711207, 0.072641, 6.604489
41.713985, 0.072641, 6.604489
41.716837, 0.072641, 6.604489
41.719421, 0.072641, 6.604489
41.721524, 0.072641, 6.604489
41.723419, 0.072641, 6.604489
41.725413, 0.072641, 6.604489
41.727497, 0.072641, 6.604489
41.729663, 0.072641, 6.604489
41.732008, 0.070092, 6.372763
41.734341, 0.072641, 6.604489
41.736545, 0.072641, 6.604489
41.738693, 0.072641, 6.604489
41.741002, 0.072641, 6.604489
41.743452, 0.072641, 6.604489
41.745919, 0.072641, 6.604489
41.748465, 0.072641, 6.604489
41.751759, 0.072641, 6.604489
41.754380, 0.072641, 6.604489
41.756468, 0.072641, 6.604489
41.758518, 0.072641, 6.604489
41.761034, 0.072641, 6.604489
41.763270, 0.072641, 6.604489
41.765464, 0.072641, 6.604489
41.767834, 0.072641, 6.604489
41.770392, 0.072641, 6.604489
41.772744, 0.072641, 6.604489
41.775063, 0.070092, 6.372763
41.777500, 0.072641, 6.604489
41.780482, 0.070092, 6.372763
41.785730, 0.072641, 6.604489
41.790479, 0.072641, 6.604489
41.794474, 0.072641, 6.604489
41.797923, 0.072641, 6.604489
41.801571, 0.072641, 6.604489
41.804922, 0.072641, 6.604489
41.807834, 0.072641, 6.604489
41.810765, 0.072641, 6.604489
41.814851, 0.072641, 6.604489
41.820975, 0.072641, 6.604489
41.826381, 0.072641, 6.604489
41.832347, 0.072641, 6.604489
41.834783, 0.072641, 6.604489
41.836863, 0.072641, 6.604489
41.839107, 0.072641, 6.604489
41.841901, 0.072641, 6.604489
41.845217, 0.072641, 6.604489
41.848734, 0.072641, 6.604489
41.852949, 0.072641, 6.604489
41.856970, 0.072641, 6.604489
41.861617, 0.070092, 6.372763
41.865525, 0.072641, 6.604489
41.869086, 0.072641, 6.604489
41.872483, 0.072641, 6.604489
41.875733, 0.072641, 6.604489
41.878794, 0.072641, 6.604489
41.882194, 0.072641, 6.604489
41.885352, 0.072641, 6.604489
41.888102, 0.072641, 6.604489
41.890768, 0.072641, 6.604489
41.893463, 0.072641, 6.604489
41.896282, 0.072641, 6.604489
41.899826, 0.072641, 6.604489
41.903184, 0.072641, 6.604489
41.906464, 0.072641, 6.604489
41.909653, 0.072641, 6.604489
41.912782, 0.072641, 6.604489
41.915729, 0.072641, 6.604489
41.918617, 0.072641, 6.604489
41.921872, 0.072641, 6.604489
41.924581, 0.072641, 6.604489
41.927189, 0.072641, 6.604489
41.930432, 0.072641, 6.604489
41.932721, 0.072641, 6.604489
41.935074, 0.072641, 6.604489
41.937407, 0.072641, 6.604489
41.939665, 0.072641, 6.604489
41.941766, 0.072641, 6.604489
41.945797, 0.072641, 6.604489
41.950282, 0.072641, 6.604489
41.954422, 0.072641, 6.604489
41.958140, 0.072641, 6.604489
41.961434, 0.072641, 6.604489
41.964671, 0.072641, 6.604489
41.967624, 0.072641, 6.604489
41.970573, 0.072641, 6.604489
41.973270, 0.072641, 6.604489
41.975924, 0.072641, 6.604489
41.978428, 0.072641, 6.604489
41.980818, 0.072641, 6.604489
41.984122, 0.072641, 6.604489
41.986238, 0.072641, 6.604489
41.988267, 0.072641, 6.604489
41.990283, 0.072641, 6.604489
41.992438, 0.072641, 6.604489
41.994655, 0.072641, 6.604489
41.996967, 0.072641, 6.604489
41.999322, 0.072641, 6.604489
42.001748, 0.072641, 6.604489
42.004481, 0.072641, 6.604489
42.006982, 0.072641, 6.604489
42.009644, 0.072641, 6.604489
42.012078, 0.072641, 6.604489
42.015252, 0.072641, 6.604489
42.018045, 0.072641, 6.604489
42.019753, 0.072641, 6.604489
42.021689, 0.072641, 6.604489
42.024574, 0.072641, 6.604489
42.027514, 0.072641, 6.604489
42.029792, 0.072641, 6.604489
42.031807, 0.072641, 6.604489
42.034247, 0.072641, 6.604489
42.036448, 0.072641, 6.604489
42.038783, 0.075190, 6.836216
42.041044, 0.072641, 6.604489
42.043361, 0.072641, 6.604489
42.046515, 0.072641, 6.604489
42.048535, 0.072641, 6.604489
42.051307, 0.072641, 6.604489
42.053053, 0.072641, 6.604489
42.055867, 0.072641, 6.604489
42.059417, 0.072641, 6.604489
42.062689, 0.072641, 6.604489
42.066096, 0.072641, 6.604489
42.068521, 0.072641, 6.604489
42.070613, 0.072641, 6.604489
42.072425, 0.072641, 6.604489
42.074328, 0.072641, 6.604489
42.077177, 0.072641, 6.604489
42.080051, 0.072641, 6.604489
42.082113, 0.072641, 6.604489
42.084422, 0.072641, 6.604489
42.086744, 0.072641, 6.604489
42.089104, 0.072641, 6.604489
42.092101, 0.072641, 6.604489
42.094235, 0.072641, 6.604489
42.096367, 0.072641, 6.604489
42.098486, 0.072641, 6.604489
42.100900, 0.072641, 6.604489
42.103724, 0.072641, 6.604489
42.106094, 0.072641, 6.604489
42.108475, 0.072641, 6.604489
42.110936, 0.072641, 6.604489
42.113252, 0.072641, 6.604489
42.115642, 0.072641, 6.604489
42.118124, 0.072641, 6.604489
42.120483, 0.072641, 6.604489
42.122727, 0.072641, 6.604489
42.125031, 0.072641, 6.604489
42.127931, 0.075190, 6.836216
42.130266, 0.072641, 6.604489
42.132807, 0.072641, 6.604489
42.135091, 0.072641, 6.604489
42.137800, 0.072641, 6.604489
42.139857, 0.072641, 6.604489
42.141855, 0.072641, 6.604489
42.143930, 0.072641, 6.604489
42.146491, 0.072641, 6.604489
42.149085, 0.072641, 6.604489
42.151066, 0.072641, 6.604489
42.153171, 0.072641, 6.604489
42.155290, 0.072641, 6.604489
42.158631, 0.072641, 6.604489
42.160629, 0.072641, 6.604489
42.162498, 0.072641, 6.604489
42.164465, 0.072641, 6.604489
42.166768, 0.072641, 6.604489
42.169887, 0.072641, 6.604489
42.171931, 0.072641, 6.604489
42.173924, 0.075190, 6.836216
42.175966, 0.072641, 6.604489
42.179192, 0.072641, 6.604489
42.181347, 0.072641, 6.604489
42.183495, 0.072641, 6.604489
42.185642, 0.072641, 6.604489
42.188570, 0.072641, 6.604489
42.190964, 0.072641, 6.604489
42.193052, 0.072641, 6.604489
42.195123, 0.075190, 6.836216
42.197455, 0.072641, 6.604489
42.200384, 0.072641, 6.604489
42.202606, 0.072641, 6.604489
42.204717, 0.072641, 6.604489
42.206838, 0.072641, 6.604489
42.209112, 0.072641, 6.604489
42.211333, 0.072641, 6.604489
42.213554, 0.072641, 6.604489
42.215827, 0.072641, 6.604489
42.218263, 0.072641, 6.604489
42.220543, 0.072641, 6.604489
42.222813, 0.072641, 6.604489
42.225079, 0.072641, 6.604489
42.227316, 0.072641, 6.604489
42.230071, 0.072641, 6.604489
42.232586, 0.072641, 6.604489
42.235041, 0.072641, 6.604489
42.237390, 0.072641, 6.604489
42.240474, 0.072641, 6.604489
42.242294, 0.072641, 6.604489
42.244183, 0.072641, 6.604489
42.246231, 0.072641, 6.604489
42.248498, 0.072641, 6.604489
42.250878, 0.072641, 6.604489
42.253224, 0.072641, 6.604489
42.255518, 0.072641, 6.604489
42.258119, 0.072641, 6.604489
42.261100, 0.072641, 6.604489
42.263176, 0.072641, 6.604489
42.265019, 0.075190, 6.836216
42.267135, 0.072641, 6.604489
42.270492, 0.072641, 6.604489
42.272750, 0.072641, 6.604489
42.274875, 0.072641, 6.604489
42.277066, 0.072641, 6.604489
42.279883, 0.072641, 6.604489
42.282402, 0.072641, 6.604489
42.284537, 0.072641, 6.604489
42.286617, 0.070092, 6.372763
42.288696, 0.072641, 6.604489
42.290906, 0.072641, 6.604489
42.293022, 0.072641, 6.604489
42.295130, 0.072641, 6.604489
42.297280, 0.072641, 6.604489
42.300110, 0.072641, 6.604489
42.302840, 0.072641, 6.604489
42.304944, 0.072641, 6.604489
42.307011, 0.072641, 6.604489
42.309233, 0.072641, 6.604489
42.311368, 0.072641, 6.604489
42.313490, 0.072641, 6.604489
42.315647, 0.072641, 6.604489
42.317911, 0.072641, 6.604489
42.321090, 0.072641, 6.604489
42.322976, 0.072641, 6.604489
42.324743, 0.072641, 6.604489
42.326774, 0.072641, 6.604489
42.329195, 0.072641, 6.604489
42.331662, 0.072641, 6.604489
42.334165, 0.072641, 6.604489
42.337146, 0.072641, 6.604489
42.340238, 0.072641, 6.604489
42.342420, 0.072641, 6.604489
42.344333, 0.072641, 6.604489
42.346213, 0.072641, 6.604489
42.348390, 0.072641, 6.604489
42.351624, 0.072641, 6.604489
42.354777, 0.072641, 6.604489
42.357341, 0.072641, 6.604489
42.359943, 0.072641, 6.604489
42.362321, 0.072641, 6.604489
42.364811, 0.072641, 6.604489
42.367192, 0.072641, 6.604489
42.369512, 0.072641, 6.604489
42.372559, 0.072641, 6.604489
42.375032, 0.072641, 6.604489
42.377250, 0.072641, 6.604489
42.379453, 0.072641, 6.604489
42.382393, 0.072641, 6.604489
42.385838, 0.072641, 6.604489
42.387963, 0.072641, 6.604489
42.389911, 0.072641, 6.604489
42.392068, 0.072641, 6.604489
42.394204, 0.072641, 6.604489
42.398227, 0.072641, 6.604489
42.402520, 0.072641, 6.604489
42.406354, 0.072641, 6.604489
42.409487, 0.072641, 6.604489
42.412701, 0.072641, 6.604489
42.414955, 0.072641, 6.604489
42.418232, 0.072641, 6.604489
42.419980, 0.072641, 6.604489
42.421878, 0.072641, 6.604489
42.423894, 0.072641, 6.604489
42.426786, 0.072641, 6.604489
42.429722, 0.072641, 6.604489
42.432066, 0.072641, 6.604489
42.435206, 0.072641, 6.604489
42.438059, 0.072641, 6.604489
42.439728, 0.072641, 6.604489
42.443231, 0.072641, 6.604489
42.445965, 0.072641, 6.604489
42.448000, 0.072641, 6.604489
42.450951, 0.072641, 6.604489
42.452751, 0.072641, 6.604489
42.454798, 0.072641, 6.604489
42.457054, 0.072641, 6.604489
42.459324, 0.072641, 6.604489
42.461742, 0.072641, 6.604489
42.464063, 0.072641, 6.604489
42.466524, 0.072641, 6.604489
42.469003, 0.072641, 6.604489
42.471425, 0.072641, 6.604489
42.473738, 0.072641, 6.604489
42.476077, 0.072641, 6.604489
42.478338, 0.072641, 6.604489
42.480560, 0.072641, 6.604489
42.483584, 0.072641, 6.604489
42.485639, 0.072641, 6.604489
42.487687, 0.070092, 6.372763
42.489669, 0.072641, 6.604489
42.491752, 0.072641, 6.604489
42.493914, 0.072641, 6.604489
42.496161, 0.072641, 6.604489
42.498608, 0.072641, 6.604489
42.501676, 0.072641, 6.604489
42.503601, 0.072641, 6.604489
42.505566, 0.072641, 6.604489
42.507802, 0.072641, 6.604489
42.510053, 0.072641, 6.604489
42.512363, 0.072641, 6.604489
42.514685, 0.072641, 6.604489
42.517226, 0.072641, 6.604489
42.519802, 0.072641, 6.604489
42.522401, 0.072641, 6.604489
42.524656, 0.072641, 6.604489
42.526905, 0.072641, 6.604489
42.529250, 0.072641, 6.604489
42.531582, 0.072641, 6.604489
42.533998, 0.072641, 6.604489
42.536358, 0.070092, 6.372763
42.538829, 0.072641, 6.604489
42.541057, 0.072641, 6.604489
42.543314, 0.072641, 6.604489
42.545568, 0.072641, 6.604489
42.547968, 0.072641, 6.604489
42.551563, 0.072641, 6.604489
42.553509, 0.072641, 6.604489
42.555481, 0.072641, 6.604489
42.557453, 0.072641, 6.604489
42.560935, 0.072641, 6.604489
42.563623, 0.072641, 6.604489
42.565770, 0.072641, 6.604489
42.567906, 0.072641, 6.604489
42.570028, 0.072641, 6.604489
42.572256, 0.072641, 6.604489
42.574450, 0.072641, 6.604489
42.576615, 0.072641, 6.604489
42.579702, 0.072641, 6.604489
42.581820, 0.072641, 6.604489
42.585153, 0.072641, 6.604489
42.587003, 0.072641, 6.604489
42.590899, 0.072641, 6.604489
42.595780, 0.072641, 6.604489
42.599984, 0.072641, 6.604489
42.603026, 0.072641, 6.604489
42.605394, 0.072641, 6.604489
42.607509, 0.072641, 6.604489
42.609766, 0.070092, 6.372763
42.611747, 0.072641, 6.604489
42.613769, 0.072641, 6.604489
42.615928, 0.072641, 6.604489
42.618350, 0.072641, 6.604489
42.621649, 0.072641, 6.604489
42.624504, 0.072641, 6.604489
42.627141, 0.072641, 6.604489
42.630528, 0.072641, 6.604489
42.634340, 0.072641, 6.604489
42.638460, 0.072641, 6.604489
42.642940, 0.072641, 6.604489
42.646960, 0.072641, 6.604489
42.651168, 0.072641, 6.604489
42.655202, 0.072641, 6.604489
42.659351, 0.072641, 6.604489
42.663423, 0.072641, 6.604489
42.667414, 0.072641, 6.604489
42.671528, 0.072641, 6.604489
42.675324, 0.072641, 6.604489
42.679186, 0.072641, 6.604489
42.680947, 0.072641, 6.604489
42.683475, 0.072641, 6.604489
42.687560, 0.072641, 6.604489
42.691298, 0.072641, 6.604489
42.694665, 0.072641, 6.604489
42.697821, 0.072641, 6.604489
42.699780, 0.072641, 6.604489
42.702420, 0.072641, 6.604489
42.704924, 0.072641, 6.604489
42.707409, 0.072641, 6.604489
42.709941, 0.072641, 6.604489
42.711702, 0.072641, 6.604489
42.713743, 0.072641, 6.604489
42.716555, 0.072641, 6.604489
42.720201, 0.072641, 6.604489
42.723551, 0.072641, 6.604489
42.727368, 0.072641, 6.604489
42.729903, 0.072641, 6.604489
42.731927, 0.072641, 6.604489
42.733876, 0.072641, 6.604489
42.736615, 0.072641, 6.604489
42.739972, 0.072641, 6.604489
42.743339, 0.072641, 6.604489
42.747442, 0.072641, 6.604489
42.751695, 0.072641, 6.604489
42.755459, 0.072641, 6.604489
42.758721, 0.072641, 6.604489
42.761584, 0.072641, 6.604489
42.764324, 0.072641, 6.604489
42.767158, 0.072641, 6.604489
42.769767, 0.072641, 6.604489
42.772338, 0.070092, 6.372763
42.774625, 0.072641, 6.604489
42.777161, 0.072641, 6.604489
42.779476, 0.072641, 6.604489
42.781779, 0.072641, 6.604489
42.784025, 0.072641, 6.604489
42.786561, 0.072641, 6.604489
42.788958, 0.072641, 6.604489
42.791351, 0.072641, 6.604489
42.793510, 0.072641, 6.604489
42.795803, 0.072641, 6.604489
42.798230, 0.072641, 6.604489
42.800787, 0.072641, 6.604489
42.803266, 0.072641, 6.604489
42.805502, 0.072641, 6.604489
42.808634, 0.072641, 6.604489
42.811701, 0.072641, 6.604489
42.813440, 0.072641, 6.604489
42.815500, 0.072641, 6.604489
42.818218, 0.072641, 6.604489
42.820830, 0.072641, 6.604489
42.823844, 0.072641, 6.604489
42.826876, 0.072641, 6.604489
42.828626, 0.070092, 6.372763
42.830322, 0.072641, 6.604489
42.832720, 0.072641, 6.604489
42.835647, 0.072641, 6.604489
42.839637, 0.072641, 6.604489
42.842874, 0.072641, 6.604489
42.845743, 0.072641, 6.604489
42.849266, 0.072641, 6.604489
42.851836, 0.072641, 6.604489
42.854386, 0.072641, 6.604489
42.857300, 0.072641, 6.604489
42.859201, 0.072641, 6.604489
42.861102, 0.075190, 6.836216
42.862956, 0.072641, 6.604489
42.864902, 0.072641, 6.604489
42.867742, 0.072641, 6.604489
42.869524, 0.072641, 6.604489
42.871726, 0.072641, 6.604489
42.873512, 0.072641, 6.604489
42.875492, 0.072641, 6.604489
42.880071, 0.072641, 6.604489
42.886527, 0.072641, 6.604489
42.890455, 0.072641, 6.604489
42.893060, 0.072641, 6.604489
42.895193, 0.072641, 6.604489
42.897330, 0.072641, 6.604489
42.900253, 0.072641, 6.604489
42.903569, 0.072641, 6.604489
42.905622, 0.072641, 6.604489
42.907708, 0.072641, 6.604489
42.909397, 0.072641, 6.604489
42.911334, 0.072641, 6.604489
42.913284, 0.072641, 6.604489
42.915355, 0.072641, 6.604489
42.918181, 0.072641, 6.604489
42.920807, 0.072641, 6.604489
42.923546, 0.072641, 6.604489
42.926321, 0.072641, 6.604489
42.929438, 0.072641, 6.604489
42.932845, 0.072641, 6.604489
42.934835, 0.072641, 6.604489
42.937213, 0.072641, 6.604489
42.940318, 0.072641, 6.604489
42.945581, 0.072641, 6.604489
42.950166, 0.072641, 6.604489
42.954101, 0.072641, 6.604489
42.957882, 0.072641, 6.604489
42.961182, 0.072641, 6.604489
42.964375, 0.072641, 6.604489
42.967307, 0.072641, 6.604489
42.969571, 0.072641, 6.604489
42.972597, 0.072641, 6.604489
42.974311, 0.072641, 6.604489
42.976105, 0.072641, 6.604489
42.978169, 0.072641, 6.604489
42.980632, 0.072641, 6.604489
42.983643, 0.072641, 6.604489
42.986459, 0.072641, 6.604489
42.989233, 0.072641, 6.604489
42.993056, 0.072641, 6.604489
42.996183, 0.072641, 6.604489
42.998952, 0.072641, 6.604489
43.002493, 0.072641, 6.604489
43.004584, 0.072641, 6.604489
43.006581, 0.072641, 6.604489
43.008750, 0.070092, 6.372763
43.011063, 0.072641, 6.604489
43.013366, 0.072641, 6.604489
43.016739, 0.072641, 6.604489
43.018935, 0.072641, 6.604489
43.022121, 0.072641, 6.604489
43.023983, 0.072641, 6.604489
43.026093, 0.072641, 6.604489
43.028305, 0.072641, 6.604489
43.030796, 0.072641, 6.604489
43.033246, 0.072641, 6.604489
43.035737, 0.072641, 6.604489
43.038316, 0.072641, 6.604489
43.041387, 0.072641, 6.604489
43.043735, 0.072641, 6.604489
43.045717, 0.072641, 6.604489
43.047673, 0.072641, 6.604489
43.050274, 0.072641, 6.604489
43.053877, 0.072641, 6.604489
43.057045, 0.072641, 6.604489
43.060173, 0.072641, 6.604489
43.063060, 0.072641, 6.604489
43.065743, 0.072641, 6.604489
43.068309, 0.072641, 6.604489
43.070958, 0.070092, 6.372763
43.073257, 0.072641, 6.604489
43.075468, 0.072641, 6.604489
43.077638, 0.070092, 6.372763
43.079799, 0.072641, 6.604489
43.082146, 0.072641, 6.604489
43.085093, 0.072641, 6.604489
43.087052, 0.072641, 6.604489
43.088946, 0.072641, 6.604489
43.091784, 0.070092, 6.372763
43.096202, 0.072641, 6.604489
43.100192, 0.072641, 6.604489
43.103481, 0.072641, 6.604489
43.106515, 0.072641, 6.604489
43.109144, 0.072641, 6.604489
43.111941, 0.072641, 6.604489
43.114413, 0.072641, 6.604489
43.116840, 0.072641, 6.604489
43.119147, 0.072641, 6.604489
43.121939, 0.072641, 6.604489
43.124286, 0.070092, 6.372763
43.126495, 0.072641, 6.604489
43.128613, 0.072641, 6.604489
43.130900, 0.072641, 6.604489
43.134350, 0.072641, 6.604489
43.136242, 0.072641, 6.604489
43.138378, 0.072641, 6.604489
43.140516, 0.072641, 6.604489
43.143438, 0.072641, 6.604489
43.145848, 0.072641, 6.604489
43.148094, 0.072641, 6.604489
43.151534, 0.072641, 6.604489
43.154244, 0.072641, 6.604489
43.156108, 0.072641, 6.604489
43.158165, 0.072641, 6.604489
43.160394, 0.072641, 6.604489
43.162956, 0.072641, 6.604489
43.165829, 0.072641, 6.604489
43.168577, 0.072641, 6.604489
43.170497, 0.072641, 6.604489
43.172952, 0.072641, 6.604489
43.175164, 0.072641, 6.604489
43.177362, 0.072641, 6.604489
43.179599, 0.072641, 6.604489
43.182519, 0.072641, 6.604489
43.184938, 0.072641, 6.604489
43.186886, 0.072641, 6.604489
43.188899, 0.072641, 6.604489
43.191190, 0.072641, 6.604489
43.193445, 0.072641, 6.604489
43.195678, 0.072641, 6.604489
43.197921, 0.072641, 6.604489
43.200345, 0.072641, 6.604489
43.203229, 0.072641, 6.604489
43.205779, 0.072641, 6.604489
43.208044, 0.072641, 6.604489
43.210287, 0.072641, 6.604489
43.212734, 0.072641, 6.604489
43.215144, 0.072641, 6.604489
43.217995, 0.072641, 6.604489
43.219973, 0.072641, 6.604489
43.222646, 0.072641, 6.604489
43.225851, 0.072641, 6.604489
43.228072, 0.072641, 6.604489
43.230009, 0.072641, 6.604489
43.232809, 0.072641, 6.604489
43.235106, 0.072641, 6.604489
43.237267, 0.072641, 6.604489
43.239354, 0.072641, 6.604489
43.241819, 0.072641, 6.604489
43.244077, 0.070092, 6.372763
43.246417, 0.070092, 6.372763
43.248758, 0.072641, 6.604489
43.251746, 0.072641, 6.604489
43.253784, 0.072641, 6.604489
43.255892, 0.072641, 6.604489
43.258003, 0.070092, 6.372763
43.260161, 0.072641, 6.604489
43.262682, 0.072641, 6.604489
43.264936, 0.072641, 6.604489
43.267364, 0.072641, 6.604489
43.269712, 0.072641, 6.604489
43.272155, 0.072641, 6.604489
43.274571, 0.072641, 6.604489
43.276980, 0.070092, 6.372763
43.279209, 0.070092, 6.372763
43.281535, 0.072641, 6.604489
43.285086, 0.072641, 6.604489
43.287682, 0.072641, 6.604489
43.290223, 0.072641, 6.604489
43.292631, 0.072641, 6.604489
43.294884, 0.072641, 6.604489
43.297190, 0.072641, 6.604489
43.300180, 0.070092, 6.372763
43.302546, 0.072641, 6.604489
43.304903, 0.072641, 6.604489
43.307098, 0.072641, 6.604489
43.309301, 0.070092, 6.372763
43.311493, 0.072641, 6.604489
43.314193, 0.072641, 6.604489
43.316971, 0.072641, 6.604489
43.319968, 0.070092, 6.372763
43.324177, 0.070092, 6.372763
43.329119, 0.072641, 6.604489
43.334090, 0.072641, 6.604489
43.337267, 0.070092, 6.372763
43.340346, 0.072641, 6.604489
43.343307, 0.072641, 6.604489
43.346148, 0.072641, 6.604489
43.349271, 0.072641, 6.604489
43.352148, 0.070092, 6.372763
43.355231, 0.072641, 6.604489
43.357678, 0.072641, 6.604489
43.359726, 0.072641, 6.604489
43.361937, 0.072641, 6.604489
43.364791, 0.072641, 6.604489
43.369103, 0.070092, 6.372763
43.373036, 0.072641, 6.604489
43.376160, 0.072641, 6.604489
43.380317, 0.072641, 6.604489
43.384300, 0.070092, 6.372763
43.387754, 0.072641, 6.604489
43.391002, 0.070092, 6.372763
43.394183, 0.072641, 6.604489
43.397192, 0.072641, 6.604489
43.400082, 0.072641, 6.604489
43.403529, 0.072641, 6.604489
43.406570, 0.072641, 6.604489
43.409914, 0.072641, 6.604489
43.412684, 0.072641, 6.604489
43.415577, 0.072641, 6.604489
43.418512, 0.070092, 6.372763
43.421691, 0.072641, 6.604489
43.425613, 0.072641, 6.604489
43.429830, 0.070092, 6.372763
43.434551, 0.072641, 6.604489
43.438952, 0.072641, 6.604489
43.443066, 0.072641, 6.604489
43.446821, 0.072641, 6.604489
43.450091, 0.072641, 6.604489
43.452677, 0.072641, 6.604489
43.454866, 0.072641, 6.604489
43.456895, 0.072641, 6.604489
43.459000, 0.070092, 6.372763
43.461591, 0.072641, 6.604489
43.465127, 0.070092, 6.372763
43.468376, 0.072641, 6.604489
43.471203, 0.072641, 6.604489
43.473422, 0.072641, 6.604489
43.475642, 0.070092, 6.372763
43.478004, 0.070092, 6.372763
43.480320, 0.072641, 6.604489
43.482647, 0.072641, 6.604489
43.484867, 0.072641, 6.604489
43.488747, 0.072641, 6.604489
43.492124, 0.072641, 6.604489
43.494435, 0.072641, 6.604489
43.496389, 0.072641, 6.604489
43.498376, 0.072641, 6.604489
43.500461, 0.072641, 6.604489
43.502812, 0.072641, 6.604489
43.505251, 0.072641, 6.604489
43.507608, 0.072641, 6.604489
43.510021, 0.070092, 6.372763
43.512432, 0.072641, 6.604489
43.515253, 0.072641, 6.604489
43.517849, 0.072641, 6.604489
43.520385, 0.070092, 6.372763
43.522921, 0.072641, 6.604489
43.525386, 0.072641, 6.604489
43.527900, 0.072641, 6.604489
43.530341, 0.072641, 6.604489
43.534068, 0.072641, 6.604489
43.536133, 0.072641, 6.604489
43.538000, 0.072641, 6.604489
43.539980, 0.070092, 6.372763
43.542086, 0.072641, 6.604489
43.545203, 0.072641, 6.604489
43.547282, 0.070092, 6.372763
43.549973, 0.072641, 6.604489
43.552141, 0.070092, 6.372763
43.554860, 0.072641, 6.604489
43.558023, 0.072641, 6.604489
43.560435, 0.070092, 6.372763
43.562574, 0.072641, 6.604489
43.565977, 0.072641, 6.604489
43.570555, 0.072641, 6.604489
43.574347, 0.072641, 6.604489
43.577558, 0.072641, 6.604489
43.580421, 0.072641, 6.604489
43.583866, 0.070092, 6.372763
43.586435, 0.072641, 6.604489
43.588280, 0.072641, 6.604489
43.590026, 0.072641, 6.604489
43.592115, 0.072641, 6.604489
43.595803, 0.072641, 6.604489
43.599616, 0.072641, 6.604489
43.602303, 0.072641, 6.604489
43.604623, 0.070092, 6.372763
43.606444, 0.070092, 6.372763
43.608447, 0.072641, 6.604489
43.610449, 0.072641, 6.604489
43.612673, 0.072641, 6.604489
43.615294, 0.072641, 6.604489
43.618106, 0.072641, 6.604489
43.620525, 0.070092, 6.372763
43.623035, 0.072641, 6.604489
43.625400, 0.070092, 6.372763
43.628068, 0.070092, 6.372763
43.631948, 0.072641, 6.604489
43.637350, 0.072641, 6.604489
43.641691, 0.070092, 6.372763
43.645144, 0.072641, 6.604489
43.647487, 0.072641, 6.604489
43.649706, 0.070092, 6.372763
43.651630, 0.072641, 6.604489
43.653763, 0.072641, 6.604489
43.655856, 0.072641, 6.604489
43.657888, 0.072641, 6.604489
43.660355, 0.072641, 6.604489
43.663152, 0.072641, 6.604489
43.666342, 0.070092, 6.372763
43.669464, 0.072641, 6.604489
43.672517, 0.072641, 6.604489
43.675700, 0.070092, 6.372763
43.678138, 0.070092, 6.372763
43.681556, 0.072641, 6.604489
43.684736, 0.070092, 6.372763
43.687561, 0.070092, 6.372763
43.689897, 0.072641, 6.604489
43.692178, 0.072641, 6.604489
43.694703, 0.070092, 6.372763
43.697189, 0.072641, 6.604489
43.699782, 0.072641, 6.604489
43.702394, 0.072641, 6.604489
43.705234, 0.072641, 6.604489
43.707926, 0.072641, 6.604489
43.710575, 0.072641, 6.604489
43.713186, 0.072641, 6.604489
43.717112, 0.070092, 6.372763
43.722373, 0.070092, 6.372763
43.726289, 0.072641, 6.604489
43.731309, 0.072641, 6.604489
43.736077, 0.072641, 6.604489
43.739901, 0.070092, 6.372763
43.743471, 0.070092, 6.372763
43.747661, 0.072641, 6.604489
43.751520, 0.070092, 6.372763
43.754606, 0.072641, 6.604489
43.757522, 0.072641, 6.604489
43.760400, 0.072641, 6.604489
43.763247, 0.072641, 6.604489
43.766526, 0.072641, 6.604489
43.769976, 0.072641, 6.604489
43.773522, 0.072641, 6.604489
43.778133, 0.072641, 6.604489
43.783513, 0.072641, 6.604489
43.788635, 0.070092, 6.372763
43.793289, 0.072641, 6.604489
43.797906, 0.070092, 6.372763
43.803356, 0.072641, 6.604489
43.808219, 0.072641, 6.604489
43.813190, 0.070092, 6.372763
43.818747, 0.070092, 6.372763
43.824387, 0.070092, 6.372763
43.827574, 0.072641, 6.604489
43.830572, 0.072641, 6.604489
43.834141, 0.072641, 6.604489
43.838292, 0.072641, 6.604489
43.842359, 0.070092, 6.372763
43.846387, 0.072641, 6.604489
43.850989, 0.072641, 6.604489
43.854549, 0.070092, 6.372763
43.858033, 0.070092, 6.372763
43.861870, 0.072641, 6.604489
43.865384, 0.070092, 6.372763
43.868662, 0.072641, 6.604489
43.871887, 0.070092, 6.372763
43.874948, 0.072641, 6.604489
43.878070, 0.072641, 6.604489
43.881270, 0.070092, 6.372763
43.886029, 0.070092, 6.372763
43.890223, 0.070092, 6.372763
43.894967, 0.070092, 6.372763
43.899061, 0.072641, 6.604489
43.903126, 0.072641, 6.604489
43.906659, 0.072641, 6.604489
43.912647, 0.072641, 6.604489
43.919062, 0.070092, 6.372763
43.924402, 0.070092, 6.372763
43.929034, 0.070092, 6.372763
43.933419, 0.070092, 6.372763
43.937396, 0.070092, 6.372763
43.940843, 0.072641, 6.604489
43.944902, 0.070092, 6.372763
43.949690, 0.070092, 6.372763
43.954497, 0.070092, 6.372763
43.959209, 0.072641, 6.604489
43.964868, 0.070092, 6.372763
43.969003, 0.072641, 6.604489
43.972619, 0.070092, 6.372763
43.976945, 0.072641, 6.604489
43.980682, 0.070092, 6.372763
43.984296, 0.072641, 6.604489
43.988311, 0.070092, 6.372763
43.991978, 0.072641, 6.604489
43.995135, 0.072641, 6.604489
43.998160, 0.072641, 6.604489
44.001302, 0.070092, 6.372763
44.004453, 0.072641, 6.604489
44.007423, 0.070092, 6.372763
44.010083, 0.072641, 6.604489
44.014327, 0.070092, 6.372763
44.019023, 0.072641, 6.604489
44.023464, 0.070092, 6.372763
44.027745, 0.072641, 6.604489
44.030612, 0.072641, 6.604489
44.033054, 0.072641, 6.604489
44.035434, 0.070092, 6.372763
44.038036, 0.072641, 6.604489
44.041050, 0.070092, 6.372763
44.045386, 0.072641, 6.604489
44.049833, 0.072641, 6.604489
44.053643, 0.072641, 6.604489
44.057419, 0.072641, 6.604489
44.060837, 0.072641, 6.604489
44.064217, 0.072641, 6.604489
44.067871, 0.072641, 6.604489
44.072090, 0.072641, 6.604489
44.076004, 0.070092, 6.372763
44.079838, 0.070092, 6.372763
44.083522, 0.072641, 6.604489
44.087299, 0.072641, 6.604489
44.090969, 0.070092, 6.372763
44.094436, 0.070092, 6.372763
44.097707, 0.072641, 6.604489
44.100819, 0.072641, 6.604489
44.104247, 0.072641, 6.604489
44.107741, 0.072641, 6.604489
44.110591, 0.072641, 6.604489
44.113606, 0.072641, 6.604489
44.116488, 0.070092, 6.372763
44.119543, 0.070092, 6.372763
44.122546, 0.072641, 6.604489
44.125597, 0.072641, 6.604489
44.129672, 0.072641, 6.604489
44.135250, 0.070092, 6.372763
44.139814, 0.072641, 6.604489
44.143634, 0.072641, 6.604489
44.147076, 0.070092, 6.372763
44.150645, 0.072641, 6.604489
44.153938, 0.072641, 6.604489
44.157047, 0.070092, 6.372763
44.160343, 0.072641, 6.604489
44.163440, 0.072641, 6.604489
44.166519, 0.070092, 6.372763
44.169757, 0.072641, 6.604489
44.172865, 0.072641, 6.604489
44.175843, 0.072641, 6.604489
44.179433, 0.072641, 6.604489
44.182004, 0.072641, 6.604489
44.184676, 0.072641, 6.604489
44.187721, 0.072641, 6.604489
44.191615, 0.072641, 6.604489
44.195969, 0.072641, 6.604489
44.200058, 0.072641, 6.604489
44.203083, 0.072641, 6.604489
44.205506, 0.072641, 6.604489
44.207839, 0.070092, 6.372763
44.210293, 0.070092, 6.372763
44.212771, 0.072641, 6.604489
44.215257, 0.070092, 6.372763
44.217922, 0.072641, 6.604489
44.221104, 0.072641, 6.604489
44.224091, 0.070092, 6.372763
44.227171, 0.072641, 6.604489
44.230258, 0.072641, 6.604489
44.233226, 0.072641, 6.604489
44.236183, 0.072641, 6.604489
44.239338, 0.070092, 6.372763
44.242039, 0.072641, 6.604489
44.244692, 0.072641, 6.604489
44.247369, 0.072641, 6.604489
44.250133, 0.070092, 6.372763
44.252932, 0.072641, 6.604489
44.255420, 0.070092, 6.372763
44.257723, 0.072641, 6.604489
44.260192, 0.072641, 6.604489
44.262529, 0.070092, 6.372763
44.265054, 0.070092, 6.372763
44.267446, 0.072641, 6.604489
44.269933, 0.070092, 6.372763
44.272368, 0.072641, 6.604489
44.275192, 0.072641, 6.604489
44.278014, 0.072641, 6.604489
44.281195, 0.070092, 6.372763
44.284039, 0.072641, 6.604489
44.287190, 0.070092, 6.372763
44.290318, 0.070092, 6.372763
44.293248, 0.072641, 6.604489
44.296034, 0.072641, 6.604489
44.298812, 0.072641, 6.604489
44.301985, 0.070092, 6.372763
44.304201, 0.070092, 6.372763
44.306242, 0.070092, 6.372763
44.308176, 0.070092, 6.372763
44.310353, 0.070092, 6.372763
44.312623, 0.070092, 6.372763
44.314945, 0.070092, 6.372763
44.317573, 0.072641, 6.604489
44.320247, 0.070092, 6.372763
44.322931, 0.070092, 6.372763
44.325617, 0.072641, 6.604489
44.328235, 0.070092, 6.372763
44.331102, 0.072641, 6.604489
44.333216, 0.070092, 6.372763
44.335437, 0.070092, 6.372763
44.338076, 0.072641, 6.604489
44.343919, 0.072641, 6.604489
44.352163, 0.070092, 6.372763
44.357830, 0.070092, 6.372763
44.363560, 0.070092, 6.372763
44.370795, 0.072641, 6.604489
44.376001, 0.070092, 6.372763
44.380552, 0.070092, 6.372763
44.385609, 0.070092, 6.372763
44.390693, 0.072641, 6.604489
44.395144, 0.070092, 6.372763
44.399354, 0.070092, 6.372763
44.403239, 0.070092, 6.372763
44.406606, 0.070092, 6.372763
44.409571, 0.072641, 6.604489
44.412746, 0.070092, 6.372763
44.415674, 0.070092, 6.372763
44.419063, 0.072641, 6.604489
44.422545, 0.070092, 6.372763
44.425942, 0.072641, 6.604489
44.429024, 0.070092, 6.372763
44.432210, 0.070092, 6.372763
44.435390, 0.070092, 6.372763
44.438564, 0.070092, 6.372763
44.442029, 0.070092, 6.372763
44.444907, 0.072641, 6.604489
44.447797, 0.070092, 6.372763
44.450861, 0.070092, 6.372763
44.453792, 0.070092, 6.372763
44.456558, 0.070092, 6.372763
44.458986, 0.070092, 6.372763
44.461708, 0.070092, 6.372763
44.464187, 0.070092, 6.372763
44.466588, 0.070092, 6.372763
44.469106, 0.070092, 6.372763
44.471684, 0.070092, 6.372763
44.474083, 0.070092, 6.372763
44.476668, 0.070092, 6.372763
44.479083, 0.070092, 6.372763
44.481414, 0.070092, 6.372763
44.484145, 0.070092, 6.372763
44.487090, 0.070092, 6.372763
44.489690, 0.070092, 6.372763
44.492340, 0.070092, 6.372763
44.495791, 0.070092, 6.372763
44.498363, 0.072641, 6.604489
44.501471, 0.072641, 6.604489
44.506427, 0.070092, 6.372763
44.511311, 0.070092, 6.372763
44.515028, 0.070092, 6.372763
44.519639, 0.070092, 6.372763
44.523025, 0.072641, 6.604489
44.526249, 0.070092, 6.372763
44.528995, 0.070092, 6.372763
44.530863, 0.070092, 6.372763
44.534058, 0.070092, 6.372763
44.537101, 0.070092, 6.372763
44.540196, 0.070092, 6.372763
44.543097, 0.070092, 6.372763
44.545889, 0.070092, 6.372763
44.548615, 0.072641, 6.604489
44.551366, 0.070092, 6.372763
44.554123, 0.070092, 6.372763
44.556857, 0.072641, 6.604489
44.559792, 0.070092, 6.372763
44.563120, 0.070092, 6.372763
44.567250, 0.070092, 6.372763
44.571690, 0.070092, 6.372763
44.576087, 0.070092, 6.372763
44.580486, 0.070092, 6.372763
44.584261, 0.070092, 6.372763
44.587801, 0.070092, 6.372763
44.591112, 0.070092, 6.372763
44.594160, 0.070092, 6.372763
44.597091, 0.070092, 6.372763
44.599990, 0.070092, 6.372763
44.602866, 0.070092, 6.372763
44.605537, 0.070092, 6.372763
44.608048, 0.070092, 6.372763
44.610769, 0.070092, 6.372763
44.613370, 0.070092, 6.372763
44.615834, 0.070092, 6.372763
44.618496, 0.070092, 6.372763
44.621413, 0.070092, 6.372763
44.624211, 0.070092, 6.372763
44.626791, 0.072641, 6.604489
44.631198, 0.070092, 6.372763
44.636317, 0.070092, 6.372763
44.641339, 0.070092, 6.372763
44.643146, 0.070092, 6.372763
44.645799, 0.070092, 6.372763
44.649474, 0.070092, 6.372763
44.653109, 0.070092, 6.372763
44.656428, 0.070092, 6.372763
44.659573, 0.070092, 6.372763
44.661945, 0.070092, 6.372763
44.665281, 0.070092, 6.372763
44.668350, 0.072641, 6.604489
44.671273, 0.070092, 6.372763
44.673988, 0.070092, 6.372763
44.676636, 0.070092, 6.372763
44.679171, 0.070092, 6.372763
44.682735, 0.070092, 6.372763
44.684764, 0.070092, 6.372763
44.686677, 0.070092, 6.372763
44.688769, 0.070092, 6.372763
44.691154, 0.072641, 6.604489
44.693517, 0.070092, 6.372763
44.695505, 0.070092, 6.372763
44.697360, 0.070092, 6.372763
44.699826, 0.070092, 6.372763
44.705059, 0.070092, 6.372763
44.708634, 0.070092, 6.372763
44.712360, 0.070092, 6.372763
44.715646, 0.070092, 6.372763
44.719083, 0.070092, 6.372763
44.722502, 0.070092, 6.372763
44.725808, 0.070092, 6.372763
44.729100, 0.070092, 6.372763
44.733986, 0.070092, 6.372763
44.738156, 0.070092, 6.372763
44.742121, 0.070092, 6.372763
44.745358, 0.070092, 6.372763
44.748579, 0.070092, 6.372763
44.751605, 0.070092, 6.372763
44.754564, 0.070092, 6.372763
44.757576, 0.070092, 6.372763
44.760941, 0.070092, 6.372763
44.764535, 0.070092, 6.372763
44.766762, 0.070092, 6.372763
44.769924, 0.070092, 6.372763
44.774894, 0.070092, 6.372763
44.779511, 0.070092, 6.372763
44.783044, 0.070092, 6.372763
44.785819, 0.070092, 6.372763
44.793349, 0.070092, 6.372763
44.798103, 0.070092, 6.372763
44.801699, 0.070092, 6.372763
44.803978, 0.070092, 6.372763
44.806109, 0.070092, 6.372763
44.808375, 0.070092, 6.372763
44.810711, 0.070092, 6.372763
44.814300, 0.070092, 6.372763
44.821717, 0.070092, 6.372763
44.827669, 0.072641, 6.604489
44.832871, 0.070092, 6.372763
44.836931, 0.070092, 6.372763
44.839677, 0.070092, 6.372763
44.842513, 0.070092, 6.372763
44.846194, 0.070092, 6.372763
44.849592, 0.070092, 6.372763
44.853291, 0.070092, 6.372763
44.856824, 0.070092, 6.372763
44.860683, 0.070092, 6.372763
44.865530, 0.070092, 6.372763
44.869658, 0.070092, 6.372763
44.873786, 0.070092, 6.372763
44.877296, 0.070092, 6.372763
44.880820, 0.070092, 6.372763
44.885049, 0.070092, 6.372763
44.888449, 0.070092, 6.372763
44.891486, 0.070092, 6.372763
44.894568, 0.070092, 6.372763
44.897477, 0.070092, 6.372763
44.900833, 0.070092, 6.372763
44.904139, 0.070092, 6.372763
44.907345, 0.070092, 6.372763
44.910467, 0.072641, 6.604489
44.914111, 0.070092, 6.372763
44.917223, 0.070092, 6.372763
44.920340, 0.070092, 6.372763
44.923451, 0.070092, 6.372763
44.926332, 0.070092, 6.372763
44.929121, 0.070092, 6.372763
44.931826, 0.070092, 6.372763
44.935360, 0.070092, 6.372763
44.938486, 0.070092, 6.372763
44.941594, 0.070092, 6.372763
44.945821, 0.070092, 6.372763
44.949814, 0.070092, 6.372763
44.954036, 0.070092, 6.372763
44.958218, 0.070092, 6.372763
44.963671, 0.070092, 6.372763
44.969028, 0.070092, 6.372763
44.974321, 0.070092, 6.372763
44.979072, 0.070092, 6.372763
44.984547, 0.070092, 6.372763
44.989868, 0.070092, 6.372763
44.994916, 0.070092, 6.372763
45.000559, 0.070092, 6.372763
45.005845, 0.070092, 6.372763
45.011839, 0.070092, 6.372763
45.015401, 0.070092, 6.372763
45.018827, 0.070092, 6.372763
45.022086, 0.070092, 6.372763
45.025599, 0.070092, 6.372763
45.028225, 0.070092, 6.372763
45.032577, 0.070092, 6.372763
45.039035, 0.070092, 6.372763
45.044417, 0.070092, 6.372763
45.049240, 0.070092, 6.372763
45.053714, 0.072641, 6.604489
45.057131, 0.070092, 6.372763
45.060309, 0.070092, 6.372763
45.063574, 0.070092, 6.372763
45.067323, 0.072641, 6.604489
45.070769, 0.070092, 6.372763
45.073994, 0.070092, 6.372763
45.077149, 0.067543, 6.141037
45.080250, 0.070092, 6.372763
45.085262, 0.070092, 6.372763
45.091300, 0.070092, 6.372763
45.096243, 0.070092, 6.372763
45.100794, 0.070092, 6.372763
45.105315, 0.070092, 6.372763
45.109973, 0.070092, 6.372763
45.115943, 0.070092, 6.372763
45.121461, 0.070092, 6.372763
45.126679, 0.070092, 6.372763
45.132323, 0.070092, 6.372763
45.138053, 0.070092, 6.372763
45.143481, 0.070092, 6.372763
45.148884, 0.070092, 6.372763
45.153692, 0.070092, 6.372763
45.158139, 0.070092, 6.372763
45.162040, 0.070092, 6.372763
45.165341, 0.070092, 6.372763
45.168471, 0.070092, 6.372763
45.171628, 0.070092, 6.372763
45.174682, 0.070092, 6.372763
45.177589, 0.070092, 6.372763
45.180599, 0.070092, 6.372763
45.183500, 0.070092, 6.372763
45.186505, 0.070092, 6.372763
45.189481, 0.070092, 6.372763
45.192442, 0.070092, 6.372763
45.195256, 0.070092, 6.372763
45.198043, 0.070092, 6.372763
45.201053, 0.070092, 6.372763
45.203862, 0.070092, 6.372763
45.206609, 0.070092, 6.372763
45.209377, 0.070092, 6.372763
45.212215, 0.070092, 6.372763
45.214939, 0.070092, 6.372763
45.217670, 0.070092, 6.372763
45.220227, 0.070092, 6.372763
45.222824, 0.070092, 6.372763
45.225309, 0.070092, 6.372763
45.227753, 0.070092, 6.372763
45.230195, 0.070092, 6.372763
45.233083, 0.070092, 6.372763
45.235789, 0.070092, 6.372763
45.238463, 0.070092, 6.372763
45.241143, 0.070092, 6.372763
45.243985, 0.070092, 6.372763
45.246618, 0.070092, 6.372763
45.249249, 0.070092, 6.372763
45.251828, 0.070092, 6.372763
45.254533, 0.070092, 6.372763
45.257054, 0.070092, 6.372763
45.259528, 0.070092, 6.372763
45.261916, 0.070092, 6.372763
45.265262, 0.070092, 6.372763
45.268025, 0.070092, 6.372763
45.269932, 0.070092, 6.372763
45.272166, 0.070092, 6.372763
45.274233, 0.070092, 6.372763
45.277726, 0.070092, 6.372763
45.280710, 0.067543, 6.141037
