Time (s),Voltage (V),Pressure
0.638794, 0.281654, 25.606053
0.723071, 0.284203, 25.837780
0.784281, 0.281654, 25.606053
0.867374, 0.281654, 25.606053
0.967348, 0.281654, 25.606053
0.990551, 0.281654, 25.606053
0.994631, 0.281654, 25.606053
0.998344, 0.281654, 25.606053
1.001575, 0.281654, 25.606053
1.004560, 0.281654, 25.606053
1.007524, 0.281654, 25.606053
1.010668, 0.281654, 25.606053
1.013816, 0.284203, 25.837780
1.016923, 0.284203, 25.837780
1.019997, 0.281654, 25.606053
1.024322, 0.281654, 25.606053
1.027343, 0.281654, 25.606053
1.031109, 0.281654, 25.606053
1.034681, 0.281654, 25.606053
1.037979, 0.281654, 25.606053
1.041186, 0.281654, 25.606053
1.044445, 0.281654, 25.606053
1.047032, 0.284203, 25.837780
1.049691, 0.281654, 25.606053
1.052154, 0.284203, 25.837780
1.055042, 0.281654, 25.606053
1.058083, 0.284203, 25.837780
1.061606, 0.284203, 25.837780
1.064956, 0.281654, 25.606053
1.068304, 0.281654, 25.606053
1.071444, 0.281654, 25.606053
1.074694, 0.281654, 25.606053
1.078205, 0.281654, 25.606053
1.081860, 0.281654, 25.606053
1.085227, 0.284203, 25.837780
1.088432, 0.281654, 25.606053
1.091567, 0.281654, 25.606053
1.094568, 0.284203, 25.837780
1.097676, 0.281654, 25.606053
1.100811, 0.281654, 25.606053
1.103847, 0.281654, 25.606053
1.106791, 0.281654, 25.606053
1.109693, 0.281654, 25.606053
1.113437, 0.284203, 25.837780
1.116807, 0.284203, 25.837780
1.119995, 0.281654, 25.606053
1.123109, 0.284203, 25.837780
1.126144, 0.284203, 25.837780
1.129908, 0.281654, 25.606053
1.132125, 0.284203, 25.837780
1.134816, 0.281654, 25.606053
1.137837, 0.284203, 25.837780
1.141282, 0.281654, 25.606053
1.146044, 0.284203, 25.837780
1.149693, 0.281654, 25.606053
1.152458, 0.281654, 25.606053
1.155209, 0.281654, 25.606053
1.158250, 0.281654, 25.606053
1.163561, 0.281654, 25.606053
1.169743, 0.281654, 25.606053
1.172976, 0.281654, 25.606053
1.175963, 0.281654, 25.606053
1.178729, 0.284203, 25.837780
1.181535, 0.281654, 25.606053
1.184755, 0.284203, 25.837780
1.187590, 0.284203, 25.837780
1.190451, 0.281654, 25.606053
1.193378, 0.281654, 25.606053
1.196276, 0.284203, 25.837780
1.199161, 0.284203, 25.837780
1.202077, 0.284203, 25.837780
1.205383, 0.281654, 25.606053
1.208571, 0.281654, 25.606053
1.211773, 0.284203, 25.837780
1.215878, 0.281654, 25.606053
1.221200, 0.284203, 25.837780
1.230185, 0.281654, 25.606053
1.237014, 0.281654, 25.606053
1.240233, 0.284203, 25.837780
1.243523, 0.284203, 25.837780
1.246818, 0.284203, 25.837780
1.250159, 0.281654, 25.606053
1.253595, 0.281654, 25.606053
1.256046, 0.284203, 25.837780
1.258334, 0.281654, 25.606053
1.261059, 0.284203, 25.837780
1.264245, 0.281654, 25.606053
1.267427, 0.281654, 25.606053
1.270579, 0.281654, 25.606053
1.273954, 0.284203, 25.837780
1.276903, 0.281654, 25.606053
1.280941, 0.281654, 25.606053
1.284653, 0.284203, 25.837780
1.288197, 0.284203, 25.837780
1.291530, 0.284203, 25.837780
1.294922, 0.284203, 25.837780
1.298088, 0.284203, 25.837780
1.301273, 0.284203, 25.837780
1.305563, 0.281654, 25.606053
1.311874, 0.281654, 25.606053
1.418607, 0.281654, 25.606053
1.423760, 0.281654, 25.606053
1.429354, 0.281654, 25.606053
1.433760, 0.284203, 25.837780
1.437572, 0.281654, 25.606053
1.441099, 0.281654, 25.606053
1.444318, 0.284203, 25.837780
1.447726, 0.281654, 25.606053
1.451050, 0.284203, 25.837780
1.454141, 0.281654, 25.606053
1.457326, 0.284203, 25.837780
1.460500, 0.281654, 25.606053
1.463527, 0.284203, 25.837780
1.466480, 0.284203, 25.837780
1.469314, 0.281654, 25.606053
1.472149, 0.281654, 25.606053
1.475714, 0.281654, 25.606053
1.478445, 0.281654, 25.606053
1.480875, 0.284203, 25.837780
1.483561, 0.284203, 25.837780
1.486365, 0.284203, 25.837780
1.489432, 0.281654, 25.606053
1.492627, 0.281654, 25.606053
1.496168, 0.284203, 25.837780
1.499540, 0.284203, 25.837780
1.502947, 0.284203, 25.837780
1.507021, 0.281654, 25.606053
1.511403, 0.284203, 25.837780
1.515789, 0.284203, 25.837780
1.519594, 0.281654, 25.606053
1.523331, 0.281654, 25.606053
1.526860, 0.284203, 25.837780
1.529507, 0.284203, 25.837780
1.532032, 0.284203, 25.837780
1.534635, 0.284203, 25.837780
1.537338, 0.284203, 25.837780
1.540206, 0.281654, 25.606053
1.543424, 0.284203, 25.837780
1.547170, 0.284203, 25.837780
1.550589, 0.281654, 25.606053
1.554128, 0.281654, 25.606053
1.558406, 0.284203, 25.837780
1.561756, 0.284203, 25.837780
1.564181, 0.284203, 25.837780
1.567122, 0.284203, 25.837780
1.569886, 0.284203, 25.837780
1.572841, 0.284203, 25.837780
1.575944, 0.281654, 25.606053
1.579958, 0.281654, 25.606053
1.582788, 0.284203, 25.837780
1.585629, 0.284203, 25.837780
1.588972, 0.281654, 25.606053
1.592034, 0.281654, 25.606053
1.595244, 0.281654, 25.606053
1.598277, 0.281654, 25.606053
1.601315, 0.281654, 25.606053
1.604545, 0.281654, 25.606053
1.608064, 0.284203, 25.837780
1.611734, 0.284203, 25.837780
1.614213, 0.284203, 25.837780
1.616573, 0.284203, 25.837780
1.619055, 0.281654, 25.606053
1.622133, 0.281654, 25.606053
1.624740, 0.284203, 25.837780
1.627115, 0.284203, 25.837780
1.631949, 0.284203, 25.837780
1.636186, 0.281654, 25.606053
1.640327, 0.284203, 25.837780
1.644021, 0.281654, 25.606053
1.647408, 0.281654, 25.606053
1.650808, 0.284203, 25.837780
1.653961, 0.281654, 25.606053
1.656985, 0.281654, 25.606053
1.659990, 0.281654, 25.606053
1.663019, 0.281654, 25.606053
1.666003, 0.284203, 25.837780
1.669032, 0.284203, 25.837780
1.672047, 0.281654, 25.606053
1.674948, 0.281654, 25.606053
1.678121, 0.281654, 25.606053
1.681396, 0.284203, 25.837780
1.684375, 0.281654, 25.606053
1.687441, 0.281654, 25.606053
1.691081, 0.281654, 25.606053
1.694015, 0.284203, 25.837780
1.697007, 0.284203, 25.837780
1.700651, 0.284203, 25.837780
1.703742, 0.284203, 25.837780
1.706764, 0.281654, 25.606053
1.709929, 0.281654, 25.606053
1.713175, 0.281654, 25.606053
1.716476, 0.281654, 25.606053
1.719536, 0.281654, 25.606053
1.722817, 0.284203, 25.837780
1.726373, 0.281654, 25.606053
1.730914, 0.281654, 25.606053
1.735993, 0.281654, 25.606053
1.740811, 0.281654, 25.606053
1.745434, 0.284203, 25.837780
1.750165, 0.284203, 25.837780
1.756025, 0.281654, 25.606053
1.759598, 0.281654, 25.606053
1.763061, 0.284203, 25.837780
1.766594, 0.284203, 25.837780
1.769862, 0.284203, 25.837780
1.772774, 0.281654, 25.606053
1.775636, 0.281654, 25.606053
1.778585, 0.281654, 25.606053
1.781549, 0.284203, 25.837780
1.784950, 0.281654, 25.606053
1.789343, 0.281654, 25.606053
1.793486, 0.281654, 25.606053
1.796334, 0.281654, 25.606053
1.798783, 0.281654, 25.606053
1.801487, 0.281654, 25.606053
1.804675, 0.284203, 25.837780
1.807599, 0.281654, 25.606053
1.810410, 0.281654, 25.606053
1.815476, 0.281654, 25.606053
1.821294, 0.281654, 25.606053
1.826036, 0.284203, 25.837780
1.829087, 0.284203, 25.837780
1.833128, 0.281654, 25.606053
1.836120, 0.281654, 25.606053
1.838876, 0.284203, 25.837780
1.841995, 0.281654, 25.606053
1.845268, 0.284203, 25.837780
1.848583, 0.284203, 25.837780
1.851737, 0.281654, 25.606053
1.854498, 0.281654, 25.606053
1.857236, 0.281654, 25.606053
1.860470, 0.284203, 25.837780
1.863859, 0.281654, 25.606053
1.867332, 0.281654, 25.606053
1.870589, 0.284203, 25.837780
1.874130, 0.284203, 25.837780
1.877776, 0.281654, 25.606053
1.881703, 0.284203, 25.837780
1.885864, 0.281654, 25.606053
1.890261, 0.281654, 25.606053
1.894306, 0.281654, 25.606053
1.898090, 0.284203, 25.837780
1.901625, 0.281654, 25.606053
1.904868, 0.281654, 25.606053
1.908346, 0.281654, 25.606053
1.911501, 0.281654, 25.606053
1.914547, 0.281654, 25.606053
1.917743, 0.281654, 25.606053
1.921202, 0.281654, 25.606053
1.926054, 0.281654, 25.606053
1.929815, 0.281654, 25.606053
1.932484, 0.284203, 25.837780
1.936146, 0.281654, 25.606053
1.938824, 0.281654, 25.606053
1.940853, 0.281654, 25.606053
1.943143, 0.281654, 25.606053
1.947022, 0.281654, 25.606053
1.951660, 0.284203, 25.837780
1.955842, 0.284203, 25.837780
1.959275, 0.284203, 25.837780
1.962548, 0.281654, 25.606053
1.965521, 0.281654, 25.606053
1.968631, 0.281654, 25.606053
1.971462, 0.281654, 25.606053
1.974191, 0.281654, 25.606053
1.977062, 0.284203, 25.837780
1.980012, 0.281654, 25.606053
1.982689, 0.281654, 25.606053
1.985345, 0.281654, 25.606053
1.988232, 0.284203, 25.837780
1.991197, 0.284203, 25.837780
1.993955, 0.281654, 25.606053
1.996802, 0.281654, 25.606053
1.999646, 0.281654, 25.606053
2.002351, 0.284203, 25.837780
2.005060, 0.284203, 25.837780
2.008064, 0.281654, 25.606053
2.011018, 0.281654, 25.606053
2.014138, 0.281654, 25.606053
2.017120, 0.284203, 25.837780
2.020250, 0.281654, 25.606053
2.023188, 0.281654, 25.606053
2.026051, 0.281654, 25.606053
2.028979, 0.281654, 25.606053
2.031836, 0.281654, 25.606053
2.035006, 0.281654, 25.606053
2.038600, 0.281654, 25.606053
2.040861, 0.284203, 25.837780
2.043452, 0.281654, 25.606053
2.046536, 0.281654, 25.606053
2.050130, 0.284203, 25.837780
2.053536, 0.281654, 25.606053
2.056772, 0.281654, 25.606053
2.060479, 0.281654, 25.606053
2.063901, 0.281654, 25.606053
2.067115, 0.284203, 25.837780
2.070925, 0.281654, 25.606053
2.074007, 0.284203, 25.837780
2.077053, 0.281654, 25.606053
2.080274, 0.281654, 25.606053
2.084958, 0.281654, 25.606053
2.088032, 0.284203, 25.837780
2.091083, 0.281654, 25.606053
2.094096, 0.281654, 25.606053
2.097054, 0.284203, 25.837780
2.100166, 0.281654, 25.606053
2.103180, 0.281654, 25.606053
2.106102, 0.284203, 25.837780
2.109248, 0.281654, 25.606053
2.112287, 0.281654, 25.606053
2.115145, 0.281654, 25.606053
2.117959, 0.284203, 25.837780
2.120794, 0.284203, 25.837780
2.123589, 0.281654, 25.606053
2.126424, 0.284203, 25.837780
2.129463, 0.281654, 25.606053
2.132328, 0.281654, 25.606053
2.135223, 0.281654, 25.606053
2.138079, 0.284203, 25.837780
2.140974, 0.281654, 25.606053
2.143774, 0.281654, 25.606053
2.146717, 0.281654, 25.606053
2.149599, 0.281654, 25.606053
2.152386, 0.281654, 25.606053
2.155234, 0.284203, 25.837780
2.158047, 0.281654, 25.606053
2.161420, 0.284203, 25.837780
2.164218, 0.281654, 25.606053
2.166217, 0.281654, 25.606053
2.168531, 0.281654, 25.606053
2.171207, 0.284203, 25.837780
2.174310, 0.281654, 25.606053
2.178452, 0.281654, 25.606053
2.181322, 0.281654, 25.606053
2.184067, 0.284203, 25.837780
2.186742, 0.281654, 25.606053
2.189377, 0.281654, 25.606053
2.193184, 0.281654, 25.606053
2.197112, 0.281654, 25.606053
2.200718, 0.281654, 25.606053
2.203924, 0.281654, 25.606053
2.206900, 0.281654, 25.606053
2.209707, 0.281654, 25.606053
2.213502, 0.281654, 25.606053
2.216848, 0.281654, 25.606053
2.220385, 0.281654, 25.606053
2.223450, 0.284203, 25.837780
2.226485, 0.281654, 25.606053
2.229840, 0.281654, 25.606053
2.234468, 0.281654, 25.606053
2.236853, 0.284203, 25.837780
2.239197, 0.281654, 25.606053
2.241700, 0.281654, 25.606053
2.244293, 0.281654, 25.606053
2.247001, 0.281654, 25.606053
2.249756, 0.284203, 25.837780
2.252563, 0.281654, 25.606053
2.255300, 0.284203, 25.837780
2.258059, 0.281654, 25.606053
2.261136, 0.281654, 25.606053
2.263953, 0.281654, 25.606053
2.266696, 0.281654, 25.606053
2.269405, 0.281654, 25.606053
2.272197, 0.281654, 25.606053
2.275027, 0.281654, 25.606053
2.277823, 0.284203, 25.837780
2.282395, 0.281654, 25.606053
2.287165, 0.281654, 25.606053
2.292712, 0.281654, 25.606053
2.297897, 0.281654, 25.606053
2.302703, 0.281654, 25.606053
2.308688, 0.284203, 25.837780
2.314606, 0.281654, 25.606053
2.318997, 0.281654, 25.606053
2.322885, 0.281654, 25.606053
2.325605, 0.284203, 25.837780
2.328263, 0.284203, 25.837780
2.331178, 0.284203, 25.837780
2.334365, 0.284203, 25.837780
2.337400, 0.284203, 25.837780
2.340548, 0.281654, 25.606053
2.343717, 0.281654, 25.606053
2.346903, 0.281654, 25.606053
2.349913, 0.281654, 25.606053
2.352816, 0.281654, 25.606053
2.355649, 0.284203, 25.837780
2.358401, 0.281654, 25.606053
2.361063, 0.281654, 25.606053
2.363799, 0.281654, 25.606053
2.366880, 0.284203, 25.837780
2.370333, 0.284203, 25.837780
2.373900, 0.284203, 25.837780
2.377130, 0.281654, 25.606053
2.380233, 0.284203, 25.837780
2.383634, 0.284203, 25.837780
2.386905, 0.284203, 25.837780
2.390088, 0.284203, 25.837780
2.392861, 0.281654, 25.606053
2.395222, 0.284203, 25.837780
2.398593, 0.281654, 25.606053
2.407630, 0.281654, 25.606053
2.411007, 0.281654, 25.606053
2.415072, 0.281654, 25.606053
2.419680, 0.281654, 25.606053
2.423776, 0.281654, 25.606053
2.427710, 0.281654, 25.606053
2.430009, 0.284203, 25.837780
2.432510, 0.281654, 25.606053
2.435226, 0.281654, 25.606053
2.438177, 0.281654, 25.606053
2.441463, 0.281654, 25.606053
2.444063, 0.281654, 25.606053
2.446499, 0.281654, 25.606053
2.449345, 0.281654, 25.606053
2.452326, 0.281654, 25.606053
2.455321, 0.284203, 25.837780
2.458433, 0.284203, 25.837780
2.461535, 0.281654, 25.606053
2.464569, 0.284203, 25.837780
2.467678, 0.284203, 25.837780
2.470995, 0.281654, 25.606053
2.474127, 0.281654, 25.606053
2.477049, 0.281654, 25.606053
2.480415, 0.281654, 25.606053
2.483757, 0.281654, 25.606053
2.487296, 0.284203, 25.837780
2.490982, 0.281654, 25.606053
2.494388, 0.281654, 25.606053
2.497712, 0.284203, 25.837780
2.500834, 0.281654, 25.606053
2.503707, 0.281654, 25.606053
2.506550, 0.281654, 25.606053
2.509359, 0.284203, 25.837780
2.512352, 0.281654, 25.606053
2.515580, 0.281654, 25.606053
2.518478, 0.281654, 25.606053
2.521584, 0.281654, 25.606053
2.524640, 0.281654, 25.606053
2.527638, 0.281654, 25.606053
2.530785, 0.281654, 25.606053
2.533878, 0.281654, 25.606053
2.536819, 0.281654, 25.606053
2.539640, 0.284203, 25.837780
2.542877, 0.281654, 25.606053
2.546044, 0.281654, 25.606053
2.549074, 0.281654, 25.606053
2.553195, 0.281654, 25.606053
2.555290, 0.281654, 25.606053
2.557646, 0.281654, 25.606053
2.560193, 0.281654, 25.606053
2.562571, 0.281654, 25.606053
2.565492, 0.281654, 25.606053
2.568767, 0.281654, 25.606053
2.572718, 0.284203, 25.837780
2.575308, 0.281654, 25.606053
2.578165, 0.281654, 25.606053
2.580321, 0.284203, 25.837780
2.582951, 0.281654, 25.606053
2.585785, 0.281654, 25.606053
2.588702, 0.281654, 25.606053
2.592257, 0.279105, 25.374327
2.595448, 0.281654, 25.606053
2.598440, 0.284203, 25.837780
2.601632, 0.284203, 25.837780
2.604624, 0.281654, 25.606053
2.607665, 0.284203, 25.837780
2.610586, 0.284203, 25.837780
2.614002, 0.281654, 25.606053
2.616995, 0.284203, 25.837780
2.619820, 0.281654, 25.606053
2.622895, 0.281654, 25.606053
2.625722, 0.281654, 25.606053
2.629115, 0.281654, 25.606053
2.632252, 0.281654, 25.606053
2.635301, 0.281654, 25.606053
2.638301, 0.281654, 25.606053
2.641125, 0.281654, 25.606053
2.644384, 0.281654, 25.606053
2.647701, 0.284203, 25.837780
2.650723, 0.281654, 25.606053
2.654584, 0.284203, 25.837780
2.656714, 0.281654, 25.606053
2.658763, 0.281654, 25.606053
2.661194, 0.281654, 25.606053
2.663596, 0.281654, 25.606053
2.666895, 0.284203, 25.837780
2.670193, 0.281654, 25.606053
2.673867, 0.281654, 25.606053
2.677479, 0.281654, 25.606053
2.679992, 0.281654, 25.606053
2.682536, 0.284203, 25.837780
2.684838, 0.284203, 25.837780
2.687437, 0.281654, 25.606053
2.690445, 0.281654, 25.606053
2.693750, 0.281654, 25.606053
2.696529, 0.281654, 25.606053
2.698866, 0.284203, 25.837780
2.701432, 0.284203, 25.837780
2.705848, 0.284203, 25.837780
2.708679, 0.284203, 25.837780
2.712903, 0.281654, 25.606053
2.717257, 0.281654, 25.606053
2.719552, 0.281654, 25.606053
2.721746, 0.281654, 25.606053
2.724343, 0.284203, 25.837780
2.726969, 0.284203, 25.837780
2.729930, 0.284203, 25.837780
2.732607, 0.281654, 25.606053
2.735403, 0.284203, 25.837780
2.738144, 0.281654, 25.606053
2.740854, 0.281654, 25.606053
2.743661, 0.281654, 25.606053
2.746464, 0.281654, 25.606053
2.749138, 0.281654, 25.606053
2.751814, 0.284203, 25.837780
2.754639, 0.281654, 25.606053
2.757551, 0.281654, 25.606053
2.760259, 0.284203, 25.837780
2.764452, 0.281654, 25.606053
2.766747, 0.281654, 25.606053
2.768932, 0.281654, 25.606053
2.771336, 0.281654, 25.606053
2.775300, 0.281654, 25.606053
2.779555, 0.279105, 25.374327
2.781895, 0.281654, 25.606053
2.784692, 0.281654, 25.606053
2.787765, 0.281654, 25.606053
2.790945, 0.281654, 25.606053
2.793887, 0.281654, 25.606053
2.797954, 0.281654, 25.606053
2.801274, 0.281654, 25.606053
2.804626, 0.281654, 25.606053
2.812214, 0.284203, 25.837780
2.828659, 0.281654, 25.606053
2.837869, 0.281654, 25.606053
2.843399, 0.281654, 25.606053
2.848138, 0.281654, 25.606053
2.851817, 0.281654, 25.606053
2.855216, 0.281654, 25.606053
2.858570, 0.281654, 25.606053
2.861815, 0.281654, 25.606053
2.865022, 0.281654, 25.606053
2.868053, 0.284203, 25.837780
2.871023, 0.281654, 25.606053
2.873968, 0.281654, 25.606053
2.876986, 0.281654, 25.606053
2.880534, 0.284203, 25.837780
2.883575, 0.284203, 25.837780
2.886587, 0.281654, 25.606053
2.889611, 0.281654, 25.606053
2.892600, 0.281654, 25.606053
2.895650, 0.281654, 25.606053
2.898827, 0.281654, 25.606053
2.901787, 0.281654, 25.606053
2.904790, 0.281654, 25.606053
2.907917, 0.281654, 25.606053
2.911219, 0.279105, 25.374327
2.916241, 0.284203, 25.837780
2.921850, 0.281654, 25.606053
2.927785, 0.281654, 25.606053
2.934926, 0.281654, 25.606053
2.940207, 0.281654, 25.606053
2.942375, 0.284203, 25.837780
2.944706, 0.284203, 25.837780
2.947410, 0.281654, 25.606053
2.950217, 0.284203, 25.837780
2.952947, 0.281654, 25.606053
2.955708, 0.281654, 25.606053
2.958544, 0.281654, 25.606053
2.961625, 0.281654, 25.606053
2.965683, 0.281654, 25.606053
2.968153, 0.281654, 25.606053
2.970510, 0.281654, 25.606053
2.973232, 0.281654, 25.606053
2.976019, 0.281654, 25.606053
2.979458, 0.284203, 25.837780
2.983130, 0.281654, 25.606053
2.986663, 0.281654, 25.606053
2.990225, 0.281654, 25.606053
2.993461, 0.284203, 25.837780
2.997129, 0.281654, 25.606053
3.001558, 0.281654, 25.606053
3.006184, 0.284203, 25.837780
3.008385, 0.281654, 25.606053
3.012465, 0.281654, 25.606053
3.016514, 0.281654, 25.606053
3.020345, 0.281654, 25.606053
3.024046, 0.281654, 25.606053
3.027457, 0.281654, 25.606053
3.031020, 0.281654, 25.606053
3.034209, 0.281654, 25.606053
3.037390, 0.281654, 25.606053
3.041212, 0.281654, 25.606053
3.045571, 0.284203, 25.837780
3.050831, 0.281654, 25.606053
3.055487, 0.281654, 25.606053
3.059947, 0.281654, 25.606053
3.064303, 0.281654, 25.606053
3.068010, 0.281654, 25.606053
3.071678, 0.281654, 25.606053
3.075835, 0.281654, 25.606053
3.079760, 0.281654, 25.606053
3.083147, 0.281654, 25.606053
3.087021, 0.281654, 25.606053
3.091674, 0.281654, 25.606053
3.096342, 0.281654, 25.606053
3.101345, 0.281654, 25.606053
3.106272, 0.281654, 25.606053
3.110907, 0.281654, 25.606053
3.115101, 0.281654, 25.606053
3.118937, 0.281654, 25.606053
3.122713, 0.281654, 25.606053
3.126083, 0.284203, 25.837780
3.129655, 0.281654, 25.606053
3.132982, 0.281654, 25.606053
3.136382, 0.279105, 25.374327
3.139684, 0.281654, 25.606053
3.142981, 0.281654, 25.606053
3.146475, 0.281654, 25.606053
3.149748, 0.281654, 25.606053
3.153561, 0.281654, 25.606053
3.157082, 0.281654, 25.606053
3.160355, 0.281654, 25.606053
3.163800, 0.281654, 25.606053
3.166888, 0.281654, 25.606053
3.169853, 0.281654, 25.606053
3.173235, 0.284203, 25.837780
3.176500, 0.281654, 25.606053
3.180033, 0.281654, 25.606053
3.183433, 0.284203, 25.837780
3.187503, 0.281654, 25.606053
3.191840, 0.284203, 25.837780
3.195910, 0.281654, 25.606053
3.199250, 0.281654, 25.606053
3.202418, 0.281654, 25.606053
3.209093, 0.281654, 25.606053
3.216122, 0.281654, 25.606053
3.222925, 0.281654, 25.606053
3.229604, 0.284203, 25.837780
3.233815, 0.281654, 25.606053
3.237824, 0.284203, 25.837780
3.240138, 0.281654, 25.606053
3.242413, 0.284203, 25.837780
3.244991, 0.281654, 25.606053
3.250682, 0.281654, 25.606053
3.256532, 0.281654, 25.606053
3.262050, 0.281654, 25.606053
3.266767, 0.281654, 25.606053
3.270719, 0.281654, 25.606053
3.274322, 0.281654, 25.606053
3.279064, 0.281654, 25.606053
3.283526, 0.281654, 25.606053
3.287537, 0.284203, 25.837780
3.291001, 0.284203, 25.837780
3.295459, 0.281654, 25.606053
3.301229, 0.281654, 25.606053
3.307022, 0.281654, 25.606053
3.312635, 0.281654, 25.606053
3.317855, 0.281654, 25.606053
3.322482, 0.281654, 25.606053
3.326411, 0.281654, 25.606053
3.330081, 0.281654, 25.606053
3.333789, 0.281654, 25.606053
3.338011, 0.281654, 25.606053
3.342804, 0.284203, 25.837780
3.348166, 0.281654, 25.606053
3.354008, 0.281654, 25.606053
3.359481, 0.284203, 25.837780
3.364944, 0.284203, 25.837780
3.369775, 0.281654, 25.606053
3.373981, 0.281654, 25.606053
3.378005, 0.281654, 25.606053
3.381844, 0.281654, 25.606053
3.385371, 0.281654, 25.606053
3.388613, 0.281654, 25.606053
3.391685, 0.281654, 25.606053
3.394622, 0.279105, 25.374327
3.397702, 0.281654, 25.606053
3.400725, 0.284203, 25.837780
3.403671, 0.284203, 25.837780
3.406569, 0.281654, 25.606053
3.412164, 0.281654, 25.606053
3.416190, 0.281654, 25.606053
3.420584, 0.284203, 25.837780
3.424530, 0.281654, 25.606053
3.428252, 0.281654, 25.606053
3.432128, 0.281654, 25.606053
3.435878, 0.281654, 25.606053
3.439914, 0.281654, 25.606053
3.443680, 0.281654, 25.606053
3.448845, 0.284203, 25.837780
3.455877, 0.281654, 25.606053
3.462036, 0.281654, 25.606053
3.469938, 0.284203, 25.837780
3.475500, 0.281654, 25.606053
3.480009, 0.281654, 25.606053
3.484312, 0.281654, 25.606053
3.488313, 0.281654, 25.606053
3.492092, 0.281654, 25.606053
3.496637, 0.281654, 25.606053
3.507701, 0.281654, 25.606053
3.515696, 0.281654, 25.606053
3.522503, 0.281654, 25.606053
3.527479, 0.281654, 25.606053
3.531691, 0.281654, 25.606053
3.535524, 0.284203, 25.837780
3.539452, 0.281654, 25.606053
3.542961, 0.281654, 25.606053
3.546264, 0.281654, 25.606053
3.549816, 0.281654, 25.606053
3.553804, 0.281654, 25.606053
3.557655, 0.281654, 25.606053
3.563235, 0.281654, 25.606053
3.569921, 0.284203, 25.837780
3.575086, 0.281654, 25.606053
3.579628, 0.281654, 25.606053
3.583680, 0.281654, 25.606053
3.587293, 0.281654, 25.606053
3.590415, 0.281654, 25.606053
3.592692, 0.281654, 25.606053
3.595143, 0.281654, 25.606053
3.597643, 0.281654, 25.606053
3.608612, 0.281654, 25.606053
3.614097, 0.281654, 25.606053
3.616548, 0.281654, 25.606053
3.619147, 0.281654, 25.606053
3.624951, 0.281654, 25.606053
3.630676, 0.281654, 25.606053
3.635212, 0.281654, 25.606053
3.639255, 0.281654, 25.606053
3.642815, 0.281654, 25.606053
3.646281, 0.281654, 25.606053
3.650299, 0.281654, 25.606053
3.653598, 0.281654, 25.606053
3.656672, 0.281654, 25.606053
3.659720, 0.281654, 25.606053
3.662850, 0.281654, 25.606053
3.665924, 0.281654, 25.606053
3.668898, 0.281654, 25.606053
3.671823, 0.281654, 25.606053
3.674669, 0.281654, 25.606053
3.677444, 0.281654, 25.606053
3.680297, 0.281654, 25.606053
3.683236, 0.281654, 25.606053
3.686069, 0.281654, 25.606053
3.688922, 0.281654, 25.606053
3.691865, 0.281654, 25.606053
3.694915, 0.281654, 25.606053
3.697980, 0.281654, 25.606053
3.701040, 0.281654, 25.606053
3.704036, 0.281654, 25.606053
3.706990, 0.281654, 25.606053
3.709894, 0.281654, 25.606053
3.713093, 0.281654, 25.606053
3.720784, 0.281654, 25.606053
3.727329, 0.281654, 25.606053
3.734921, 0.281654, 25.606053
3.742029, 0.281654, 25.606053
3.747010, 0.281654, 25.606053
3.749620, 0.281654, 25.606053
3.753295, 0.281654, 25.606053
3.757588, 0.281654, 25.606053
3.761636, 0.281654, 25.606053
3.765930, 0.281654, 25.606053
3.768985, 0.279105, 25.374327
3.772072, 0.281654, 25.606053
3.775256, 0.281654, 25.606053
3.778874, 0.281654, 25.606053
3.783085, 0.281654, 25.606053
3.786560, 0.281654, 25.606053
3.794714, 0.281654, 25.606053
3.803495, 0.281654, 25.606053
3.812511, 0.281654, 25.606053
3.819196, 0.281654, 25.606053
3.824711, 0.281654, 25.606053
3.830078, 0.281654, 25.606053
3.835420, 0.281654, 25.606053
3.840602, 0.281654, 25.606053
3.845576, 0.281654, 25.606053
3.850520, 0.281654, 25.606053
3.855291, 0.281654, 25.606053
3.859735, 0.281654, 25.606053
3.864245, 0.281654, 25.606053
3.868414, 0.281654, 25.606053
3.872577, 0.281654, 25.606053
3.876709, 0.284203, 25.837780
3.880712, 0.281654, 25.606053
3.884495, 0.281654, 25.606053
3.888227, 0.281654, 25.606053
3.891918, 0.281654, 25.606053
3.895767, 0.284203, 25.837780
3.899446, 0.281654, 25.606053
3.903183, 0.281654, 25.606053
3.906915, 0.281654, 25.606053
3.910586, 0.281654, 25.606053
3.914358, 0.281654, 25.606053
3.918063, 0.281654, 25.606053
3.921706, 0.281654, 25.606053
3.925726, 0.281654, 25.606053
3.929847, 0.281654, 25.606053
3.935317, 0.281654, 25.606053
3.938374, 0.281654, 25.606053
3.941252, 0.281654, 25.606053
3.944134, 0.281654, 25.606053
3.948242, 0.281654, 25.606053
3.950309, 0.281654, 25.606053
3.952421, 0.281654, 25.606053
3.954996, 0.281654, 25.606053
3.957706, 0.284203, 25.837780
3.960289, 0.284203, 25.837780
3.964268, 0.281654, 25.606053
3.969695, 0.281654, 25.606053
3.972619, 0.284203, 25.837780
3.975930, 0.281654, 25.606053
3.980232, 0.281654, 25.606053
3.984144, 0.281654, 25.606053
3.987511, 0.281654, 25.606053
3.990703, 0.281654, 25.606053
3.993851, 0.281654, 25.606053
3.996984, 0.281654, 25.606053
3.999973, 0.281654, 25.606053
4.002846, 0.281654, 25.606053
4.005641, 0.281654, 25.606053
4.008043, 0.281654, 25.606053
4.010301, 0.281654, 25.606053
4.012928, 0.281654, 25.606053
4.015712, 0.281654, 25.606053
4.018542, 0.281654, 25.606053
4.021449, 0.281654, 25.606053
4.024430, 0.281654, 25.606053
4.027372, 0.281654, 25.606053
4.030479, 0.281654, 25.606053
4.033835, 0.281654, 25.606053
4.036728, 0.284203, 25.837780
4.040245, 0.281654, 25.606053
4.044297, 0.281654, 25.606053
4.048313, 0.281654, 25.606053
4.052156, 0.281654, 25.606053
4.056079, 0.284203, 25.837780
4.059760, 0.284203, 25.837780
4.063555, 0.281654, 25.606053
4.067568, 0.281654, 25.606053
4.071537, 0.281654, 25.606053
4.075422, 0.281654, 25.606053
4.078588, 0.281654, 25.606053
4.085118, 0.281654, 25.606053
4.089116, 0.284203, 25.837780
4.092751, 0.284203, 25.837780
4.097012, 0.281654, 25.606053
4.100512, 0.281654, 25.606053
4.104492, 0.281654, 25.606053
4.108334, 0.281654, 25.606053
4.111461, 0.281654, 25.606053
4.114538, 0.281654, 25.606053
4.117685, 0.281654, 25.606053
4.120760, 0.281654, 25.606053
4.123945, 0.281654, 25.606053
4.127143, 0.281654, 25.606053
4.130767, 0.281654, 25.606053
4.134448, 0.281654, 25.606053
4.138675, 0.281654, 25.606053
4.142463, 0.281654, 25.606053
4.146582, 0.281654, 25.606053
4.150566, 0.281654, 25.606053
4.154310, 0.284203, 25.837780
4.157861, 0.281654, 25.606053
4.161549, 0.281654, 25.606053
4.165491, 0.284203, 25.837780
4.168989, 0.281654, 25.606053
4.172355, 0.281654, 25.606053
4.175600, 0.281654, 25.606053
4.179185, 0.281654, 25.606053
4.182654, 0.281654, 25.606053
4.185733, 0.281654, 25.606053
4.188781, 0.281654, 25.606053
4.192007, 0.281654, 25.606053
4.195154, 0.281654, 25.606053
4.198304, 0.284203, 25.837780
4.201419, 0.281654, 25.606053
4.204533, 0.281654, 25.606053
4.208146, 0.281654, 25.606053
4.211742, 0.281654, 25.606053
4.214128, 0.281654, 25.606053
4.216817, 0.281654, 25.606053
4.219794, 0.281654, 25.606053
4.222825, 0.281654, 25.606053
4.226223, 0.281654, 25.606053
4.230689, 0.281654, 25.606053
4.235059, 0.281654, 25.606053
4.237702, 0.281654, 25.606053
4.240656, 0.281654, 25.606053
4.243797, 0.281654, 25.606053
4.247000, 0.281654, 25.606053
4.250214, 0.281654, 25.606053
4.253399, 0.281654, 25.606053
4.256711, 0.281654, 25.606053
4.259892, 0.281654, 25.606053
4.263081, 0.281654, 25.606053
4.266970, 0.281654, 25.606053
4.272747, 0.281654, 25.606053
4.316370, 0.281654, 25.606053
4.320077, 0.281654, 25.606053
4.323741, 0.279105, 25.374327
4.327014, 0.281654, 25.606053
4.330321, 0.281654, 25.606053
4.333383, 0.281654, 25.606053
4.336066, 0.281654, 25.606053
4.339236, 0.281654, 25.606053
4.342171, 0.284203, 25.837780
4.345158, 0.281654, 25.606053
4.348978, 0.281654, 25.606053
4.351365, 0.281654, 25.606053
4.354242, 0.281654, 25.606053
4.357203, 0.281654, 25.606053
4.360349, 0.281654, 25.606053
4.363148, 0.281654, 25.606053
4.365418, 0.281654, 25.606053
4.368153, 0.281654, 25.606053
4.370995, 0.281654, 25.606053
4.373891, 0.281654, 25.606053
4.376578, 0.281654, 25.606053
4.379601, 0.281654, 25.606053
4.382533, 0.281654, 25.606053
4.385399, 0.281654, 25.606053
4.388245, 0.281654, 25.606053
4.391345, 0.281654, 25.606053
4.394190, 0.281654, 25.606053
4.397065, 0.281654, 25.606053
4.399993, 0.281654, 25.606053
4.402791, 0.281654, 25.606053
4.405643, 0.281654, 25.606053
4.408473, 0.281654, 25.606053
4.411627, 0.281654, 25.606053
4.414693, 0.281654, 25.606053
4.417664, 0.281654, 25.606053
4.420441, 0.281654, 25.606053
4.423340, 0.281654, 25.606053
4.426054, 0.281654, 25.606053
4.428896, 0.281654, 25.606053
4.432006, 0.279105, 25.374327
4.434737, 0.281654, 25.606053
4.437380, 0.281654, 25.606053
4.440280, 0.281654, 25.606053
4.443079, 0.281654, 25.606053
4.446092, 0.281654, 25.606053
4.448749, 0.281654, 25.606053
4.451853, 0.281654, 25.606053
4.454764, 0.281654, 25.606053
4.457385, 0.281654, 25.606053
4.460978, 0.281654, 25.606053
4.464475, 0.281654, 25.606053
4.466537, 0.281654, 25.606053
4.469142, 0.284203, 25.837780
4.472213, 0.281654, 25.606053
4.475050, 0.281654, 25.606053
4.478128, 0.281654, 25.606053
4.481749, 0.281654, 25.606053
4.484723, 0.281654, 25.606053
4.487727, 0.281654, 25.606053
4.491090, 0.281654, 25.606053
4.495146, 0.281654, 25.606053
4.498357, 0.281654, 25.606053
4.502250, 0.281654, 25.606053
4.506372, 0.281654, 25.606053
4.511589, 0.281654, 25.606053
4.515905, 0.281654, 25.606053
4.518582, 0.281654, 25.606053
4.521007, 0.281654, 25.606053
4.523694, 0.281654, 25.606053
4.526602, 0.281654, 25.606053
4.529133, 0.281654, 25.606053
4.531441, 0.281654, 25.606053
4.534217, 0.281654, 25.606053
4.536873, 0.281654, 25.606053
4.539546, 0.281654, 25.606053
4.542260, 0.281654, 25.606053
4.545519, 0.281654, 25.606053
4.548660, 0.281654, 25.606053
4.551646, 0.281654, 25.606053
4.554458, 0.281654, 25.606053
4.557846, 0.281654, 25.606053
4.561689, 0.281654, 25.606053
4.565382, 0.281654, 25.606053
4.568907, 0.284203, 25.837780
4.572331, 0.281654, 25.606053
4.575726, 0.281654, 25.606053
4.579878, 0.281654, 25.606053
4.584451, 0.279105, 25.374327
4.587917, 0.281654, 25.606053
4.590444, 0.281654, 25.606053
4.593020, 0.281654, 25.606053
4.596202, 0.279105, 25.374327
4.599181, 0.281654, 25.606053
4.601355, 0.281654, 25.606053
4.603866, 0.281654, 25.606053
4.606299, 0.281654, 25.606053
4.608817, 0.281654, 25.606053
4.611417, 0.281654, 25.606053
4.614513, 0.281654, 25.606053
4.617975, 0.281654, 25.606053
4.621505, 0.281654, 25.606053
4.624583, 0.281654, 25.606053
4.627455, 0.281654, 25.606053
4.631726, 0.281654, 25.606053
4.635795, 0.281654, 25.606053
4.637905, 0.281654, 25.606053
4.639926, 0.281654, 25.606053
4.642189, 0.281654, 25.606053
4.644776, 0.281654, 25.606053
4.647401, 0.281654, 25.606053
4.649944, 0.281654, 25.606053
4.652547, 0.281654, 25.606053
4.655258, 0.281654, 25.606053
4.657954, 0.281654, 25.606053
4.660584, 0.281654, 25.606053
4.664434, 0.281654, 25.606053
4.667399, 0.279105, 25.374327
4.669510, 0.281654, 25.606053
4.671758, 0.281654, 25.606053
4.675035, 0.281654, 25.606053
4.678331, 0.281654, 25.606053
4.680630, 0.281654, 25.606053
4.682940, 0.281654, 25.606053
4.685231, 0.281654, 25.606053
4.687352, 0.281654, 25.606053
4.689641, 0.281654, 25.606053
4.692218, 0.281654, 25.606053
4.695176, 0.281654, 25.606053
4.698034, 0.281654, 25.606053
4.700838, 0.281654, 25.606053
4.703695, 0.281654, 25.606053
4.706529, 0.281654, 25.606053
4.709258, 0.281654, 25.606053
4.712437, 0.279105, 25.374327
4.715336, 0.281654, 25.606053
4.717418, 0.281654, 25.606053
4.719625, 0.281654, 25.606053
4.722001, 0.281654, 25.606053
4.724499, 0.281654, 25.606053
4.728117, 0.279105, 25.374327
4.731057, 0.281654, 25.606053
4.737533, 0.281654, 25.606053
4.743152, 0.281654, 25.606053
4.748457, 0.279105, 25.374327
4.753227, 0.281654, 25.606053
4.757531, 0.281654, 25.606053
4.761531, 0.281654, 25.606053
4.765384, 0.281654, 25.606053
4.769177, 0.281654, 25.606053
4.772850, 0.281654, 25.606053
4.776374, 0.281654, 25.606053
4.781852, 0.281654, 25.606053
4.786043, 0.281654, 25.606053
4.790498, 0.281654, 25.606053
4.796105, 0.281654, 25.606053
4.801016, 0.281654, 25.606053
4.805472, 0.281654, 25.606053
4.809552, 0.281654, 25.606053
4.813213, 0.281654, 25.606053
4.816760, 0.281654, 25.606053
4.820036, 0.279105, 25.374327
4.823119, 0.281654, 25.606053
4.826268, 0.281654, 25.606053
4.829397, 0.281654, 25.606053
4.832490, 0.281654, 25.606053
4.835535, 0.281654, 25.606053
4.838729, 0.281654, 25.606053
4.842131, 0.281654, 25.606053
4.847531, 0.281654, 25.606053
4.854632, 0.281654, 25.606053
4.861238, 0.281654, 25.606053
4.867900, 0.281654, 25.606053
4.873785, 0.281654, 25.606053
4.879201, 0.281654, 25.606053
4.884472, 0.281654, 25.606053
4.889167, 0.281654, 25.606053
4.893526, 0.281654, 25.606053
4.898058, 0.281654, 25.606053
4.902311, 0.281654, 25.606053
4.906621, 0.281654, 25.606053
4.910731, 0.281654, 25.606053
4.914625, 0.281654, 25.606053
4.918402, 0.279105, 25.374327
4.921879, 0.281654, 25.606053
4.925313, 0.281654, 25.606053
4.928834, 0.284203, 25.837780
4.932009, 0.281654, 25.606053
4.935083, 0.281654, 25.606053
4.938308, 0.281654, 25.606053
4.941301, 0.284203, 25.837780
4.944356, 0.281654, 25.606053
4.949442, 0.281654, 25.606053
4.953777, 0.281654, 25.606053
4.958023, 0.279105, 25.374327
4.963073, 0.281654, 25.606053
4.966812, 0.281654, 25.606053
4.969849, 0.281654, 25.606053
4.972410, 0.281654, 25.606053
4.974932, 0.281654, 25.606053
4.977543, 0.281654, 25.606053
4.982437, 0.281654, 25.606053
4.986402, 0.284203, 25.837780
4.990364, 0.281654, 25.606053
4.993829, 0.281654, 25.606053
4.997453, 0.281654, 25.606053
4.999912, 0.281654, 25.606053
5.001965, 0.281654, 25.606053
5.004261, 0.281654, 25.606053
5.006736, 0.281654, 25.606053
5.009492, 0.281654, 25.606053
5.013051, 0.281654, 25.606053
5.015517, 0.281654, 25.606053
5.017581, 0.281654, 25.606053
5.021616, 0.281654, 25.606053
5.026528, 0.281654, 25.606053
5.030817, 0.281654, 25.606053
5.033280, 0.281654, 25.606053
5.035437, 0.279105, 25.374327
5.037772, 0.284203, 25.837780
5.047155, 0.281654, 25.606053
5.056864, 0.281654, 25.606053
5.065889, 0.279105, 25.374327
5.072103, 0.281654, 25.606053
5.076677, 0.281654, 25.606053
5.080993, 0.281654, 25.606053
5.084697, 0.279105, 25.374327
5.088222, 0.281654, 25.606053
5.091669, 0.281654, 25.606053
5.094938, 0.281654, 25.606053
5.098188, 0.281654, 25.606053
5.101464, 0.281654, 25.606053
5.104486, 0.281654, 25.606053
5.107637, 0.284203, 25.837780
5.110892, 0.281654, 25.606053
5.114051, 0.281654, 25.606053
5.117232, 0.281654, 25.606053
5.120922, 0.281654, 25.606053
5.124619, 0.281654, 25.606053
5.128196, 0.281654, 25.606053
5.132012, 0.281654, 25.606053
5.135777, 0.284203, 25.837780
5.140038, 0.281654, 25.606053
5.143477, 0.284203, 25.837780
5.146859, 0.281654, 25.606053
5.150474, 0.281654, 25.606053
5.153712, 0.281654, 25.606053
5.156910, 0.281654, 25.606053
5.160163, 0.281654, 25.606053
5.163448, 0.284203, 25.837780
5.166551, 0.281654, 25.606053
5.169662, 0.281654, 25.606053
5.172818, 0.281654, 25.606053
5.175936, 0.281654, 25.606053
5.179113, 0.281654, 25.606053
5.182287, 0.281654, 25.606053
5.185372, 0.281654, 25.606053
5.188443, 0.281654, 25.606053
5.191596, 0.281654, 25.606053
5.194624, 0.281654, 25.606053
5.197745, 0.281654, 25.606053
5.200778, 0.281654, 25.606053
5.203810, 0.281654, 25.606053
5.206810, 0.281654, 25.606053
5.209820, 0.281654, 25.606053
5.213054, 0.281654, 25.606053
5.216316, 0.281654, 25.606053
5.219564, 0.281654, 25.606053
5.222825, 0.281654, 25.606053
5.226077, 0.284203, 25.837780
5.229459, 0.281654, 25.606053
5.232944, 0.281654, 25.606053
5.236480, 0.281654, 25.606053
5.240087, 0.281654, 25.606053
5.243783, 0.281654, 25.606053
5.247859, 0.281654, 25.606053
5.252841, 0.281654, 25.606053
5.258513, 0.281654, 25.606053
5.263884, 0.281654, 25.606053
5.268659, 0.281654, 25.606053
5.273257, 0.281654, 25.606053
5.277601, 0.281654, 25.606053
5.282160, 0.281654, 25.606053
5.287574, 0.281654, 25.606053
5.293442, 0.281654, 25.606053
5.299510, 0.281654, 25.606053
5.305705, 0.281654, 25.606053
5.311415, 0.281654, 25.606053
5.316862, 0.284203, 25.837780
5.321274, 0.281654, 25.606053
5.325213, 0.281654, 25.606053
5.328884, 0.281654, 25.606053
5.332433, 0.281654, 25.606053
5.335867, 0.281654, 25.606053
5.339395, 0.281654, 25.606053
5.342865, 0.281654, 25.606053
5.346293, 0.281654, 25.606053
5.349645, 0.281654, 25.606053
5.352942, 0.281654, 25.606053
5.356791, 0.279105, 25.374327
5.360106, 0.281654, 25.606053
5.363997, 0.281654, 25.606053
5.367137, 0.281654, 25.606053
5.370261, 0.281654, 25.606053
5.373311, 0.281654, 25.606053
5.376341, 0.281654, 25.606053
5.379398, 0.281654, 25.606053
5.382453, 0.281654, 25.606053
5.385645, 0.281654, 25.606053
5.389006, 0.281654, 25.606053
5.392401, 0.281654, 25.606053
5.395700, 0.281654, 25.606053
5.398956, 0.281654, 25.606053
5.402121, 0.281654, 25.606053
5.405358, 0.281654, 25.606053
5.408631, 0.281654, 25.606053
5.411821, 0.281654, 25.606053
5.415082, 0.281654, 25.606053
5.418284, 0.281654, 25.606053
5.421475, 0.281654, 25.606053
5.424651, 0.281654, 25.606053
5.429876, 0.281654, 25.606053
5.433903, 0.281654, 25.606053
5.437967, 0.281654, 25.606053
5.441766, 0.281654, 25.606053
5.445397, 0.281654, 25.606053
5.448993, 0.281654, 25.606053
5.452310, 0.279105, 25.374327
5.455497, 0.281654, 25.606053
5.458547, 0.281654, 25.606053
5.461726, 0.281654, 25.606053
5.466051, 0.281654, 25.606053
5.470116, 0.281654, 25.606053
5.474226, 0.281654, 25.606053
5.479196, 0.281654, 25.606053
5.485849, 0.281654, 25.606053
5.493019, 0.281654, 25.606053
5.498671, 0.281654, 25.606053
5.503588, 0.281654, 25.606053
5.508451, 0.281654, 25.606053
5.512635, 0.281654, 25.606053
5.516313, 0.279105, 25.374327
5.519909, 0.281654, 25.606053
5.523177, 0.281654, 25.606053
5.526383, 0.279105, 25.374327
5.529892, 0.281654, 25.606053
5.532997, 0.281654, 25.606053
5.536033, 0.281654, 25.606053
5.539215, 0.281654, 25.606053
5.542159, 0.279105, 25.374327
5.545126, 0.281654, 25.606053
5.548358, 0.281654, 25.606053
5.552402, 0.281654, 25.606053
5.555550, 0.281654, 25.606053
5.558731, 0.281654, 25.606053
5.561778, 0.281654, 25.606053
5.564780, 0.281654, 25.606053
5.567744, 0.279105, 25.374327
5.570912, 0.281654, 25.606053
5.574061, 0.279105, 25.374327
5.577046, 0.281654, 25.606053
5.580208, 0.279105, 25.374327
5.583290, 0.281654, 25.606053
5.586393, 0.279105, 25.374327
5.589307, 0.281654, 25.606053
5.592263, 0.281654, 25.606053
5.595296, 0.281654, 25.606053
5.598341, 0.281654, 25.606053
5.601322, 0.281654, 25.606053
5.604888, 0.281654, 25.606053
5.608563, 0.281654, 25.606053
5.612397, 0.281654, 25.606053
5.616207, 0.279105, 25.374327
5.619897, 0.281654, 25.606053
5.623597, 0.279105, 25.374327
5.627261, 0.281654, 25.606053
5.631023, 0.279105, 25.374327
5.636031, 0.281654, 25.606053
5.639790, 0.281654, 25.606053
5.643716, 0.281654, 25.606053
5.647482, 0.279105, 25.374327
5.651122, 0.281654, 25.606053
5.654715, 0.281654, 25.606053
5.658157, 0.281654, 25.606053
5.661438, 0.281654, 25.606053
5.664825, 0.281654, 25.606053
5.667960, 0.281654, 25.606053
5.671036, 0.281654, 25.606053
5.674090, 0.281654, 25.606053
5.677082, 0.279105, 25.374327
5.680740, 0.281654, 25.606053
5.685576, 0.281654, 25.606053
5.690407, 0.281654, 25.606053
5.695412, 0.279105, 25.374327
5.700287, 0.281654, 25.606053
5.704843, 0.281654, 25.606053
5.709118, 0.281654, 25.606053
5.713055, 0.281654, 25.606053
5.716691, 0.281654, 25.606053
5.720128, 0.281654, 25.606053
5.723616, 0.281654, 25.606053
5.727985, 0.281654, 25.606053
5.731561, 0.279105, 25.374327
5.735132, 0.281654, 25.606053
5.737981, 0.281654, 25.606053
5.741612, 0.281654, 25.606053
5.747890, 0.279105, 25.374327
5.754654, 0.281654, 25.606053
5.758819, 0.281654, 25.606053
5.763039, 0.281654, 25.606053
5.767103, 0.281654, 25.606053
5.770370, 0.281654, 25.606053
5.773635, 0.281654, 25.606053
5.776890, 0.281654, 25.606053
5.781864, 0.281654, 25.606053
5.787126, 0.281654, 25.606053
5.792560, 0.281654, 25.606053
5.799493, 0.281654, 25.606053
5.806308, 0.281654, 25.606053
5.810117, 0.281654, 25.606053
5.813031, 0.281654, 25.606053
5.815646, 0.281654, 25.606053
5.821183, 0.281654, 25.606053
5.826597, 0.281654, 25.606053
5.831577, 0.279105, 25.374327
5.836451, 0.279105, 25.374327
5.840847, 0.279105, 25.374327
5.844965, 0.279105, 25.374327
5.849098, 0.279105, 25.374327
5.852762, 0.281654, 25.606053
5.856114, 0.279105, 25.374327
5.859350, 0.281654, 25.606053
5.862461, 0.281654, 25.606053
5.865479, 0.281654, 25.606053
5.868494, 0.279105, 25.374327
5.871543, 0.281654, 25.606053
5.874461, 0.281654, 25.606053
5.877330, 0.281654, 25.606053
5.880562, 0.279105, 25.374327
5.883491, 0.281654, 25.606053
5.886393, 0.281654, 25.606053
5.889380, 0.281654, 25.606053
5.892226, 0.281654, 25.606053
5.895045, 0.279105, 25.374327
5.897905, 0.281654, 25.606053
5.900842, 0.281654, 25.606053
5.903619, 0.281654, 25.606053
5.906395, 0.281654, 25.606053
5.909306, 0.281654, 25.606053
5.912586, 0.281654, 25.606053
5.917121, 0.281654, 25.606053
5.920851, 0.281654, 25.606053
5.924364, 0.279105, 25.374327
5.927744, 0.279105, 25.374327
5.931175, 0.281654, 25.606053
5.934665, 0.281654, 25.606053
5.938067, 0.281654, 25.606053
5.941458, 0.279105, 25.374327
5.946000, 0.279105, 25.374327
5.951088, 0.281654, 25.606053
5.954019, 0.281654, 25.606053
5.956795, 0.281654, 25.606053
5.959477, 0.281654, 25.606053
5.962917, 0.279105, 25.374327
5.968088, 0.279105, 25.374327
5.972590, 0.281654, 25.606053
5.977388, 0.279105, 25.374327
5.983577, 0.281654, 25.606053
5.988394, 0.281654, 25.606053
5.990476, 0.281654, 25.606053
5.995036, 0.281654, 25.606053
6.000086, 0.281654, 25.606053
6.004556, 0.279105, 25.374327
6.008634, 0.279105, 25.374327
6.012387, 0.281654, 25.606053
6.015988, 0.281654, 25.606053
6.019359, 0.281654, 25.606053
6.022678, 0.281654, 25.606053
6.025788, 0.281654, 25.606053
6.028843, 0.281654, 25.606053
6.031964, 0.279105, 25.374327
6.035107, 0.281654, 25.606053
6.038158, 0.281654, 25.606053
6.041089, 0.281654, 25.606053
6.044086, 0.281654, 25.606053
6.047166, 0.281654, 25.606053
6.050287, 0.281654, 25.606053
6.053414, 0.281654, 25.606053
6.056523, 0.281654, 25.606053
6.059725, 0.281654, 25.606053
6.063159, 0.279105, 25.374327
6.066609, 0.279105, 25.374327
6.069937, 0.281654, 25.606053
6.073236, 0.281654, 25.606053
6.076519, 0.281654, 25.606053
6.079848, 0.281654, 25.606053
6.083205, 0.281654, 25.606053
6.086482, 0.281654, 25.606053
6.089672, 0.279105, 25.374327
6.092889, 0.279105, 25.374327
6.097303, 0.279105, 25.374327
6.101383, 0.281654, 25.606053
6.104889, 0.281654, 25.606053
6.108412, 0.281654, 25.606053
6.112243, 0.281654, 25.606053
6.116184, 0.281654, 25.606053
6.119989, 0.281654, 25.606053
6.123593, 0.281654, 25.606053
6.127207, 0.281654, 25.606053
6.132245, 0.279105, 25.374327
6.137752, 0.281654, 25.606053
6.142243, 0.281654, 25.606053
6.144998, 0.281654, 25.606053
6.147387, 0.281654, 25.606053
6.149703, 0.281654, 25.606053
6.152285, 0.281654, 25.606053
6.155125, 0.281654, 25.606053
6.158064, 0.279105, 25.374327
6.160997, 0.281654, 25.606053
6.163993, 0.281654, 25.606053
6.167105, 0.281654, 25.606053
6.169998, 0.281654, 25.606053
6.173042, 0.281654, 25.606053
6.175922, 0.279105, 25.374327
6.178822, 0.279105, 25.374327
6.181674, 0.281654, 25.606053
6.184477, 0.281654, 25.606053
6.189679, 0.281654, 25.606053
6.194884, 0.279105, 25.374327
6.199906, 0.281654, 25.606053
6.204349, 0.279105, 25.374327
6.208677, 0.281654, 25.606053
6.211084, 0.281654, 25.606053
6.213616, 0.281654, 25.606053
6.216251, 0.279105, 25.374327
6.218958, 0.281654, 25.606053
6.221759, 0.281654, 25.606053
6.224637, 0.281654, 25.606053
6.232949, 0.281654, 25.606053
6.242503, 0.281654, 25.606053
6.248115, 0.281654, 25.606053
6.250326, 0.281654, 25.606053
6.252512, 0.281654, 25.606053
6.254995, 0.281654, 25.606053
6.258616, 0.279105, 25.374327
6.263844, 0.281654, 25.606053
6.268110, 0.281654, 25.606053
6.272118, 0.279105, 25.374327
6.276088, 0.281654, 25.606053
6.279700, 0.281654, 25.606053
6.283514, 0.279105, 25.374327
6.287098, 0.281654, 25.606053
6.290465, 0.281654, 25.606053
6.293666, 0.279105, 25.374327
6.297415, 0.281654, 25.606053
6.302573, 0.279105, 25.374327
6.306004, 0.281654, 25.606053
6.309628, 0.279105, 25.374327
6.312835, 0.281654, 25.606053
6.315918, 0.279105, 25.374327
6.319302, 0.281654, 25.606053
6.321284, 0.279105, 25.374327
6.323408, 0.281654, 25.606053
6.325717, 0.281654, 25.606053
6.328257, 0.281654, 25.606053
6.330767, 0.279105, 25.374327
6.333287, 0.281654, 25.606053
6.335870, 0.281654, 25.606053
6.338632, 0.281654, 25.606053
6.341244, 0.279105, 25.374327
6.343798, 0.281654, 25.606053
6.346387, 0.281654, 25.606053
6.349033, 0.281654, 25.606053
6.351592, 0.281654, 25.606053
6.354152, 0.281654, 25.606053
6.356727, 0.281654, 25.606053
6.359433, 0.281654, 25.606053
6.362039, 0.281654, 25.606053
6.364666, 0.281654, 25.606053
6.367286, 0.281654, 25.606053
6.369908, 0.279105, 25.374327
6.372537, 0.279105, 25.374327
6.375138, 0.281654, 25.606053
6.378318, 0.279105, 25.374327
6.381425, 0.281654, 25.606053
6.383495, 0.279105, 25.374327
6.385775, 0.279105, 25.374327
6.388377, 0.279105, 25.374327
6.391731, 0.281654, 25.606053
6.395915, 0.279105, 25.374327
6.400513, 0.279105, 25.374327
6.404802, 0.281654, 25.606053
6.408943, 0.279105, 25.374327
6.413228, 0.281654, 25.606053
6.417480, 0.281654, 25.606053
6.421759, 0.279105, 25.374327
6.425754, 0.281654, 25.606053
6.429862, 0.281654, 25.606053
6.433740, 0.279105, 25.374327
6.437408, 0.281654, 25.606053
6.441374, 0.279105, 25.374327
6.445794, 0.281654, 25.606053
6.449847, 0.281654, 25.606053
6.453467, 0.281654, 25.606053
6.456936, 0.281654, 25.606053
6.460822, 0.279105, 25.374327
6.469389, 0.279105, 25.374327
6.476236, 0.281654, 25.606053
6.481821, 0.281654, 25.606053
6.486729, 0.279105, 25.374327
6.491120, 0.279105, 25.374327
6.495570, 0.281654, 25.606053
6.499745, 0.281654, 25.606053
6.503992, 0.279105, 25.374327
6.507488, 0.279105, 25.374327
6.511238, 0.279105, 25.374327
6.515294, 0.281654, 25.606053
6.518854, 0.281654, 25.606053
6.522302, 0.281654, 25.606053
6.525691, 0.279105, 25.374327
6.529736, 0.281654, 25.606053
6.533671, 0.281654, 25.606053
6.537212, 0.279105, 25.374327
6.540503, 0.281654, 25.606053
6.543702, 0.281654, 25.606053
6.547890, 0.281654, 25.606053
6.552138, 0.279105, 25.374327
6.558339, 0.279105, 25.374327
6.565698, 0.281654, 25.606053
6.572899, 0.279105, 25.374327
6.579261, 0.281654, 25.606053
6.581920, 0.279105, 25.374327
6.584698, 0.281654, 25.606053
6.587407, 0.279105, 25.374327
6.590185, 0.279105, 25.374327
6.593212, 0.281654, 25.606053
6.596355, 0.281654, 25.606053
6.599316, 0.281654, 25.606053
6.602289, 0.279105, 25.374327
6.605268, 0.281654, 25.606053
6.608404, 0.281654, 25.606053
6.611497, 0.279105, 25.374327
6.614612, 0.281654, 25.606053
6.617598, 0.279105, 25.374327
6.620510, 0.279105, 25.374327
6.623727, 0.281654, 25.606053
6.626861, 0.279105, 25.374327
6.637009, 0.281654, 25.606053
6.641244, 0.279105, 25.374327
6.644095, 0.281654, 25.606053
6.648902, 0.279105, 25.374327
6.653308, 0.281654, 25.606053
6.657885, 0.279105, 25.374327
6.662891, 0.279105, 25.374327
6.665753, 0.279105, 25.374327
6.667780, 0.281654, 25.606053
6.669871, 0.279105, 25.374327
6.672457, 0.279105, 25.374327
6.674581, 0.281654, 25.606053
6.676778, 0.279105, 25.374327
6.679234, 0.281654, 25.606053
6.682030, 0.281654, 25.606053
6.684588, 0.281654, 25.606053
6.686987, 0.281654, 25.606053
6.689946, 0.279105, 25.374327
6.693908, 0.279105, 25.374327
6.698187, 0.279105, 25.374327
6.700911, 0.281654, 25.606053
6.704908, 0.281654, 25.606053
6.709841, 0.279105, 25.374327
6.714393, 0.281654, 25.606053
6.718461, 0.279105, 25.374327
6.722072, 0.281654, 25.606053
6.725474, 0.279105, 25.374327
6.728736, 0.281654, 25.606053
6.732169, 0.281654, 25.606053
6.735718, 0.279105, 25.374327
6.739130, 0.279105, 25.374327
6.742593, 0.279105, 25.374327
6.746142, 0.281654, 25.606053
6.749419, 0.279105, 25.374327
6.752661, 0.279105, 25.374327
6.756119, 0.281654, 25.606053
6.759892, 0.281654, 25.606053
6.763978, 0.281654, 25.606053
6.767093, 0.279105, 25.374327
6.769610, 0.279105, 25.374327
6.772009, 0.281654, 25.606053
6.774595, 0.281654, 25.606053
6.777364, 0.281654, 25.606053
6.780474, 0.279105, 25.374327
6.783734, 0.279105, 25.374327
6.787525, 0.279105, 25.374327
6.791036, 0.281654, 25.606053
6.794512, 0.279105, 25.374327
6.797907, 0.279105, 25.374327
6.801035, 0.281654, 25.606053
6.804213, 0.279105, 25.374327
6.807335, 0.279105, 25.374327
6.810462, 0.279105, 25.374327
6.813994, 0.281654, 25.606053
6.818140, 0.279105, 25.374327
6.821272, 0.281654, 25.606053
6.824332, 0.281654, 25.606053
6.827527, 0.281654, 25.606053
6.831192, 0.281654, 25.606053
6.834378, 0.279105, 25.374327
6.837916, 0.279105, 25.374327
6.841113, 0.281654, 25.606053
6.844351, 0.281654, 25.606053
6.848160, 0.279105, 25.374327
6.851665, 0.281654, 25.606053
6.854985, 0.279105, 25.374327
6.858405, 0.281654, 25.606053
6.861640, 0.281654, 25.606053
6.864872, 0.281654, 25.606053
6.868418, 0.281654, 25.606053
6.871501, 0.281654, 25.606053
6.874509, 0.279105, 25.374327
6.877581, 0.281654, 25.606053
6.880713, 0.279105, 25.374327
6.883661, 0.281654, 25.606053
6.886595, 0.279105, 25.374327
6.889394, 0.281654, 25.606053
6.892146, 0.281654, 25.606053
6.894888, 0.281654, 25.606053
6.897791, 0.281654, 25.606053
6.900653, 0.279105, 25.374327
6.903550, 0.281654, 25.606053
6.906369, 0.279105, 25.374327
6.910047, 0.279105, 25.374327
6.912365, 0.279105, 25.374327
6.914752, 0.279105, 25.374327
6.917476, 0.279105, 25.374327
6.920272, 0.279105, 25.374327
6.923129, 0.281654, 25.606053
6.925989, 0.281654, 25.606053
6.930211, 0.279105, 25.374327
6.932283, 0.281654, 25.606053
6.934396, 0.281654, 25.606053
6.936660, 0.281654, 25.606053
6.939072, 0.281654, 25.606053
6.941296, 0.281654, 25.606053
6.943603, 0.281654, 25.606053
6.946203, 0.281654, 25.606053
6.949594, 0.281654, 25.606053
6.952051, 0.279105, 25.374327
6.954439, 0.279105, 25.374327
6.957038, 0.281654, 25.606053
6.964444, 0.281654, 25.606053
6.973082, 0.279105, 25.374327
6.981127, 0.279105, 25.374327
6.986046, 0.281654, 25.606053
6.994307, 0.279105, 25.374327
7.001012, 0.279105, 25.374327
7.005920, 0.281654, 25.606053
7.010327, 0.279105, 25.374327
7.014643, 0.279105, 25.374327
7.018700, 0.281654, 25.606053
7.022621, 0.281654, 25.606053
7.026201, 0.281654, 25.606053
7.029655, 0.279105, 25.374327
7.032934, 0.281654, 25.606053
7.036049, 0.279105, 25.374327
7.039172, 0.281654, 25.606053
7.042236, 0.281654, 25.606053
7.045303, 0.281654, 25.606053
7.048331, 0.281654, 25.606053
7.051537, 0.281654, 25.606053
7.054504, 0.279105, 25.374327
7.057385, 0.281654, 25.606053
7.060390, 0.281654, 25.606053
7.063981, 0.279105, 25.374327
7.066925, 0.279105, 25.374327
7.070438, 0.281654, 25.606053
7.075925, 0.279105, 25.374327
7.081343, 0.279105, 25.374327
7.086109, 0.279105, 25.374327
7.090641, 0.281654, 25.606053
7.095038, 0.281654, 25.606053
7.099328, 0.279105, 25.374327
7.103594, 0.279105, 25.374327
7.107714, 0.281654, 25.606053
7.112252, 0.281654, 25.606053
7.116260, 0.279105, 25.374327
7.120081, 0.279105, 25.374327
7.123799, 0.279105, 25.374327
7.126805, 0.279105, 25.374327
7.130184, 0.279105, 25.374327
7.133973, 0.281654, 25.606053
7.137198, 0.281654, 25.606053
7.140193, 0.279105, 25.374327
7.143980, 0.279105, 25.374327
7.148572, 0.281654, 25.606053
7.152719, 0.281654, 25.606053
7.156070, 0.281654, 25.606053
7.160252, 0.281654, 25.606053
7.164854, 0.281654, 25.606053
7.169981, 0.279105, 25.374327
7.174647, 0.279105, 25.374327
7.179305, 0.281654, 25.606053
7.185927, 0.279105, 25.374327
7.191112, 0.279105, 25.374327
7.195943, 0.279105, 25.374327
7.200856, 0.279105, 25.374327
7.204789, 0.281654, 25.606053
7.208524, 0.279105, 25.374327
7.212430, 0.281654, 25.606053
7.216020, 0.281654, 25.606053
7.219466, 0.279105, 25.374327
7.222888, 0.281654, 25.606053
7.226633, 0.279105, 25.374327
7.237969, 0.279105, 25.374327
7.247613, 0.279105, 25.374327
7.254478, 0.279105, 25.374327
7.259738, 0.279105, 25.374327
7.263413, 0.281654, 25.606053
7.265672, 0.279105, 25.374327
7.268088, 0.279105, 25.374327
7.270537, 0.281654, 25.606053
7.273166, 0.281654, 25.606053
7.275859, 0.279105, 25.374327
7.278663, 0.279105, 25.374327
7.281570, 0.279105, 25.374327
7.285474, 0.281654, 25.606053
7.288550, 0.279105, 25.374327
7.301140, 0.281654, 25.606053
7.311848, 0.281654, 25.606053
7.318382, 0.281654, 25.606053
7.320771, 0.281654, 25.606053
7.323227, 0.279105, 25.374327
7.325928, 0.279105, 25.374327
7.329093, 0.281654, 25.606053
7.331832, 0.281654, 25.606053
7.335165, 0.281654, 25.606053
7.340361, 0.279105, 25.374327
7.345035, 0.279105, 25.374327
7.349466, 0.279105, 25.374327
7.353867, 0.281654, 25.606053
7.358160, 0.279105, 25.374327
7.363998, 0.281654, 25.606053
7.371858, 0.281654, 25.606053
7.378782, 0.281654, 25.606053
7.384583, 0.279105, 25.374327
7.389832, 0.281654, 25.606053
7.394904, 0.279105, 25.374327
7.399132, 0.281654, 25.606053
7.402868, 0.279105, 25.374327
7.406342, 0.279105, 25.374327
7.409580, 0.281654, 25.606053
7.413051, 0.279105, 25.374327
7.415408, 0.281654, 25.606053
7.417592, 0.279105, 25.374327
7.419856, 0.281654, 25.606053
7.422239, 0.279105, 25.374327
7.424752, 0.279105, 25.374327
7.427258, 0.281654, 25.606053
7.431938, 0.281654, 25.606053
7.437557, 0.279105, 25.374327
7.442329, 0.279105, 25.374327
7.446730, 0.279105, 25.374327
7.451068, 0.279105, 25.374327
7.453844, 0.279105, 25.374327
7.456258, 0.279105, 25.374327
7.458652, 0.281654, 25.606053
7.461232, 0.279105, 25.374327
7.464241, 0.279105, 25.374327
7.467832, 0.279105, 25.374327
7.469786, 0.279105, 25.374327
7.471863, 0.279105, 25.374327
7.474256, 0.279105, 25.374327
7.476870, 0.279105, 25.374327
7.479624, 0.279105, 25.374327
7.482321, 0.279105, 25.374327
7.485000, 0.281654, 25.606053
7.487898, 0.281654, 25.606053
7.490612, 0.281654, 25.606053
7.493251, 0.279105, 25.374327
7.495891, 0.281654, 25.606053
7.499840, 0.281654, 25.606053
7.503845, 0.281654, 25.606053
7.507729, 0.279105, 25.374327
7.511652, 0.279105, 25.374327
7.514546, 0.279105, 25.374327
7.516691, 0.279105, 25.374327
7.520153, 0.279105, 25.374327
7.522138, 0.279105, 25.374327
7.524229, 0.281654, 25.606053
7.526699, 0.281654, 25.606053
7.529512, 0.279105, 25.374327
7.532244, 0.279105, 25.374327
7.534919, 0.279105, 25.374327
7.537594, 0.281654, 25.606053
7.540393, 0.281654, 25.606053
7.543107, 0.279105, 25.374327
7.545966, 0.279105, 25.374327
7.549493, 0.281654, 25.606053
7.553742, 0.281654, 25.606053
7.557226, 0.279105, 25.374327
7.560827, 0.279105, 25.374327
7.565560, 0.281654, 25.606053
7.570691, 0.281654, 25.606053
7.573240, 0.279105, 25.374327
7.575849, 0.279105, 25.374327
7.580011, 0.279105, 25.374327
7.585828, 0.279105, 25.374327
7.590902, 0.279105, 25.374327
7.595420, 0.279105, 25.374327
7.599547, 0.279105, 25.374327
7.603326, 0.281654, 25.606053
7.606851, 0.281654, 25.606053
7.610238, 0.279105, 25.374327
7.613803, 0.279105, 25.374327
7.617170, 0.281654, 25.606053
7.620370, 0.279105, 25.374327
7.623662, 0.279105, 25.374327
7.626748, 0.279105, 25.374327
7.629931, 0.279105, 25.374327
7.633331, 0.281654, 25.606053
7.637174, 0.279105, 25.374327
7.641088, 0.279105, 25.374327
7.644965, 0.281654, 25.606053
7.648746, 0.279105, 25.374327
7.652448, 0.281654, 25.606053
7.655933, 0.279105, 25.374327
7.659299, 0.279105, 25.374327
7.662612, 0.279105, 25.374327
7.665970, 0.281654, 25.606053
7.669116, 0.279105, 25.374327
7.672231, 0.281654, 25.606053
7.675346, 0.279105, 25.374327
7.678457, 0.279105, 25.374327
7.681552, 0.279105, 25.374327
7.684689, 0.279105, 25.374327
7.687803, 0.281654, 25.606053
7.690894, 0.281654, 25.606053
7.693889, 0.279105, 25.374327
7.696951, 0.279105, 25.374327
7.700132, 0.279105, 25.374327
7.703346, 0.279105, 25.374327
7.706430, 0.279105, 25.374327
7.709520, 0.279105, 25.374327
7.712629, 0.279105, 25.374327
7.715898, 0.279105, 25.374327
7.719006, 0.281654, 25.606053
7.722524, 0.279105, 25.374327
7.726348, 0.279105, 25.374327
7.730573, 0.279105, 25.374327
7.734730, 0.279105, 25.374327
7.738676, 0.281654, 25.606053
7.742512, 0.281654, 25.606053
7.748778, 0.279105, 25.374327
7.754944, 0.279105, 25.374327
7.759527, 0.279105, 25.374327
7.764535, 0.279105, 25.374327
7.771831, 0.279105, 25.374327
7.776950, 0.279105, 25.374327
7.782560, 0.279105, 25.374327
7.790256, 0.279105, 25.374327
7.796661, 0.281654, 25.606053
7.802674, 0.281654, 25.606053
7.807910, 0.279105, 25.374327
7.812287, 0.279105, 25.374327
7.816198, 0.279105, 25.374327
7.819712, 0.281654, 25.606053
7.823581, 0.281654, 25.606053
7.826915, 0.281654, 25.606053
7.830018, 0.281654, 25.606053
7.833456, 0.281654, 25.606053
7.836663, 0.281654, 25.606053
7.839534, 0.279105, 25.374327
7.842610, 0.279105, 25.374327
7.845798, 0.279105, 25.374327
7.848719, 0.281654, 25.606053
7.851545, 0.279105, 25.374327
7.854499, 0.279105, 25.374327
7.857314, 0.281654, 25.606053
7.860147, 0.279105, 25.374327
7.863267, 0.281654, 25.606053
7.866531, 0.281654, 25.606053
7.869630, 0.281654, 25.606053
7.872775, 0.279105, 25.374327
7.875802, 0.279105, 25.374327
7.878751, 0.279105, 25.374327
7.881720, 0.281654, 25.606053
7.884683, 0.281654, 25.606053
7.887549, 0.281654, 25.606053
7.890425, 0.279105, 25.374327
7.893355, 0.281654, 25.606053
7.896434, 0.279105, 25.374327
7.899397, 0.281654, 25.606053
7.902264, 0.279105, 25.374327
7.905905, 0.281654, 25.606053
7.907891, 0.281654, 25.606053
7.909981, 0.279105, 25.374327
7.912336, 0.279105, 25.374327
7.914967, 0.279105, 25.374327
7.917530, 0.279105, 25.374327
7.920032, 0.281654, 25.606053
7.922537, 0.279105, 25.374327
7.925388, 0.281654, 25.606053
7.928675, 0.281654, 25.606053
7.931369, 0.281654, 25.606053
7.934004, 0.279105, 25.374327
7.936617, 0.279105, 25.374327
7.939219, 0.279105, 25.374327
7.941784, 0.279105, 25.374327
7.944463, 0.279105, 25.374327
7.949156, 0.281654, 25.606053
7.953335, 0.281654, 25.606053
7.957228, 0.281654, 25.606053
7.960570, 0.281654, 25.606053
7.963742, 0.279105, 25.374327
7.967129, 0.281654, 25.606053
7.970733, 0.281654, 25.606053
7.974410, 0.281654, 25.606053
7.979172, 0.279105, 25.374327
7.985360, 0.281654, 25.606053
7.991067, 0.279105, 25.374327
7.996434, 0.279105, 25.374327
8.000230, 0.279105, 25.374327
8.002154, 0.281654, 25.606053
8.004180, 0.279105, 25.374327
8.006692, 0.281654, 25.606053
8.009125, 0.279105, 25.374327
8.011766, 0.279105, 25.374327
8.015411, 0.279105, 25.374327
8.019124, 0.279105, 25.374327
8.022647, 0.279105, 25.374327
8.026226, 0.281654, 25.606053
8.029917, 0.281654, 25.606053
8.033300, 0.281654, 25.606053
8.036691, 0.279105, 25.374327
8.039722, 0.279105, 25.374327
8.042702, 0.279105, 25.374327
8.045582, 0.279105, 25.374327
8.049163, 0.279105, 25.374327
8.051126, 0.279105, 25.374327
8.053107, 0.279105, 25.374327
8.055329, 0.281654, 25.606053
8.057753, 0.281654, 25.606053
8.060170, 0.281654, 25.606053
8.062622, 0.281654, 25.606053
8.065105, 0.281654, 25.606053
8.067658, 0.279105, 25.374327
8.070177, 0.279105, 25.374327
8.072644, 0.279105, 25.374327
8.075163, 0.281654, 25.606053
8.077715, 0.281654, 25.606053
8.080265, 0.281654, 25.606053
8.082781, 0.281654, 25.606053
8.085278, 0.281654, 25.606053
8.087876, 0.281654, 25.606053
8.090399, 0.281654, 25.606053
8.092918, 0.281654, 25.606053
8.095427, 0.281654, 25.606053
8.098072, 0.279105, 25.374327
8.100627, 0.281654, 25.606053
8.103179, 0.279105, 25.374327
8.105746, 0.281654, 25.606053
8.108434, 0.279105, 25.374327
8.111055, 0.281654, 25.606053
8.114139, 0.279105, 25.374327
8.117099, 0.279105, 25.374327
8.120418, 0.281654, 25.606053
8.123640, 0.279105, 25.374327
8.126737, 0.279105, 25.374327
8.132300, 0.279105, 25.374327
8.138217, 0.281654, 25.606053
8.143689, 0.279105, 25.374327
8.149712, 0.281654, 25.606053
8.155184, 0.279105, 25.374327
8.159008, 0.279105, 25.374327
8.162714, 0.281654, 25.606053
8.166398, 0.281654, 25.606053
8.170281, 0.281654, 25.606053
8.174005, 0.279105, 25.374327
8.178035, 0.281654, 25.606053
8.182319, 0.281654, 25.606053
8.187062, 0.279105, 25.374327
8.192572, 0.281654, 25.606053
8.197431, 0.281654, 25.606053
8.202115, 0.279105, 25.374327
8.206430, 0.279105, 25.374327
8.210598, 0.279105, 25.374327
8.214722, 0.281654, 25.606053
8.219216, 0.281654, 25.606053
8.224316, 0.281654, 25.606053
8.229578, 0.279105, 25.374327
8.232027, 0.281654, 25.606053
8.234315, 0.279105, 25.374327
8.238841, 0.279105, 25.374327
8.243394, 0.281654, 25.606053
8.246449, 0.279105, 25.374327
8.248673, 0.279105, 25.374327
8.251176, 0.281654, 25.606053
8.253815, 0.279105, 25.374327
8.256516, 0.281654, 25.606053
8.259227, 0.281654, 25.606053
8.262070, 0.281654, 25.606053
8.264910, 0.281654, 25.606053
8.268312, 0.279105, 25.374327
8.271106, 0.281654, 25.606053
8.274024, 0.279105, 25.374327
8.276846, 0.281654, 25.606053
8.279708, 0.279105, 25.374327
8.282657, 0.279105, 25.374327
8.285664, 0.279105, 25.374327
8.288632, 0.281654, 25.606053
8.291500, 0.279105, 25.374327
8.294332, 0.281654, 25.606053
8.297390, 0.281654, 25.606053
8.300343, 0.281654, 25.606053
8.303276, 0.279105, 25.374327
8.306208, 0.279105, 25.374327
8.309025, 0.279105, 25.374327
8.311867, 0.281654, 25.606053
8.314835, 0.281654, 25.606053
8.317655, 0.279105, 25.374327
8.320462, 0.281654, 25.606053
8.323287, 0.281654, 25.606053
8.326074, 0.281654, 25.606053
8.328890, 0.281654, 25.606053
8.331759, 0.279105, 25.374327
8.334600, 0.281654, 25.606053
8.337317, 0.279105, 25.374327
8.340100, 0.281654, 25.606053
8.342828, 0.279105, 25.374327
8.345593, 0.281654, 25.606053
8.348363, 0.279105, 25.374327
8.351082, 0.279105, 25.374327
8.353879, 0.279105, 25.374327
8.356577, 0.281654, 25.606053
8.359368, 0.281654, 25.606053
8.362017, 0.279105, 25.374327
8.364780, 0.279105, 25.374327
8.367512, 0.281654, 25.606053
8.370176, 0.279105, 25.374327
8.372859, 0.279105, 25.374327
8.375655, 0.281654, 25.606053
8.378483, 0.281654, 25.606053
8.380490, 0.281654, 25.606053
8.382623, 0.281654, 25.606053
8.385019, 0.281654, 25.606053
8.387696, 0.279105, 25.374327
8.390523, 0.281654, 25.606053
8.393278, 0.279105, 25.374327
8.396042, 0.281654, 25.606053
8.398870, 0.281654, 25.606053
8.401617, 0.281654, 25.606053
8.404347, 0.279105, 25.374327
8.407138, 0.279105, 25.374327
8.409865, 0.279105, 25.374327
8.413625, 0.281654, 25.606053
8.417602, 0.279105, 25.374327
8.421459, 0.281654, 25.606053
8.425097, 0.279105, 25.374327
8.428489, 0.281654, 25.606053
8.431937, 0.281654, 25.606053
8.435435, 0.281654, 25.606053
8.438763, 0.279105, 25.374327
8.441783, 0.279105, 25.374327
8.445004, 0.281654, 25.606053
8.448402, 0.281654, 25.606053
8.451681, 0.281654, 25.606053
8.454784, 0.281654, 25.606053
8.457934, 0.279105, 25.374327
8.460902, 0.281654, 25.606053
8.464205, 0.281654, 25.606053
8.467286, 0.281654, 25.606053
8.470263, 0.281654, 25.606053
8.474108, 0.279105, 25.374327
8.476228, 0.281654, 25.606053
8.478456, 0.279105, 25.374327
8.481091, 0.281654, 25.606053
8.484488, 0.281654, 25.606053
8.487419, 0.281654, 25.606053
8.491148, 0.281654, 25.606053
8.494055, 0.281654, 25.606053
8.496467, 0.279105, 25.374327
8.499166, 0.281654, 25.606053
8.501777, 0.279105, 25.374327
8.505066, 0.279105, 25.374327
8.507818, 0.281654, 25.606053
8.512150, 0.279105, 25.374327
8.516510, 0.281654, 25.606053
8.520271, 0.281654, 25.606053
8.524396, 0.281654, 25.606053
8.527351, 0.281654, 25.606053
8.529871, 0.279105, 25.374327
8.532579, 0.281654, 25.606053
8.535198, 0.281654, 25.606053
8.537166, 0.281654, 25.606053
8.539444, 0.281654, 25.606053
8.542000, 0.281654, 25.606053
8.544381, 0.279105, 25.374327
8.547154, 0.281654, 25.606053
8.550451, 0.281654, 25.606053
8.554120, 0.281654, 25.606053
8.557474, 0.281654, 25.606053
8.560845, 0.279105, 25.374327
8.565008, 0.281654, 25.606053
8.568357, 0.279105, 25.374327
8.571543, 0.281654, 25.606053
8.574710, 0.281654, 25.606053
8.578021, 0.281654, 25.606053
8.581178, 0.281654, 25.606053
8.584330, 0.281654, 25.606053
8.587263, 0.279105, 25.374327
8.590229, 0.281654, 25.606053
8.593048, 0.281654, 25.606053
8.596134, 0.281654, 25.606053
8.599019, 0.279105, 25.374327
8.601969, 0.281654, 25.606053
8.604879, 0.279105, 25.374327
8.607719, 0.279105, 25.374327
8.610644, 0.279105, 25.374327
8.613489, 0.279105, 25.374327
8.616882, 0.279105, 25.374327
8.620125, 0.279105, 25.374327
8.623458, 0.281654, 25.606053
8.627521, 0.281654, 25.606053
8.630323, 0.281654, 25.606053
8.633083, 0.281654, 25.606053
8.635919, 0.281654, 25.606053
8.638737, 0.279105, 25.374327
8.641794, 0.281654, 25.606053
8.644826, 0.279105, 25.374327
8.648000, 0.281654, 25.606053
8.651156, 0.281654, 25.606053
8.654208, 0.281654, 25.606053
8.657186, 0.281654, 25.606053
8.660099, 0.281654, 25.606053
8.662990, 0.281654, 25.606053
8.665903, 0.281654, 25.606053
8.669050, 0.281654, 25.606053
8.671874, 0.281654, 25.606053
8.674683, 0.281654, 25.606053
8.677716, 0.281654, 25.606053
8.680753, 0.279105, 25.374327
8.683669, 0.281654, 25.606053
8.687029, 0.279105, 25.374327
8.690318, 0.281654, 25.606053
8.692222, 0.281654, 25.606053
8.694442, 0.281654, 25.606053
8.697329, 0.281654, 25.606053
8.700630, 0.281654, 25.606053
8.703693, 0.281654, 25.606053
8.706515, 0.281654, 25.606053
8.709437, 0.281654, 25.606053
8.712147, 0.281654, 25.606053
8.714905, 0.281654, 25.606053
8.717667, 0.281654, 25.606053
8.720439, 0.279105, 25.374327
8.723241, 0.281654, 25.606053
8.725871, 0.281654, 25.606053
8.729032, 0.279105, 25.374327
8.731721, 0.281654, 25.606053
8.734628, 0.281654, 25.606053
8.737857, 0.281654, 25.606053
8.741014, 0.281654, 25.606053
8.744237, 0.279105, 25.374327
8.746517, 0.281654, 25.606053
8.749636, 0.281654, 25.606053
8.752560, 0.279105, 25.374327
8.755242, 0.281654, 25.606053
8.758065, 0.279105, 25.374327
8.760647, 0.281654, 25.606053
8.763578, 0.281654, 25.606053
8.766241, 0.281654, 25.606053
8.768913, 0.281654, 25.606053
8.771786, 0.279105, 25.374327
8.774777, 0.281654, 25.606053
8.778076, 0.281654, 25.606053
8.781552, 0.281654, 25.606053
8.787557, 0.281654, 25.606053
8.793504, 0.281654, 25.606053
8.798770, 0.279105, 25.374327
8.802702, 0.279105, 25.374327
8.806261, 0.279105, 25.374327
8.809485, 0.281654, 25.606053
8.812743, 0.281654, 25.606053
8.815860, 0.281654, 25.606053
8.818812, 0.279105, 25.374327
8.822469, 0.279105, 25.374327
8.825290, 0.281654, 25.606053
8.828514, 0.281654, 25.606053
8.831387, 0.279105, 25.374327
8.834091, 0.281654, 25.606053
8.837543, 0.281654, 25.606053
8.839459, 0.281654, 25.606053
8.841406, 0.279105, 25.374327
8.843774, 0.279105, 25.374327
8.847743, 0.281654, 25.606053
8.853265, 0.279105, 25.374327
8.857138, 0.279105, 25.374327
8.860809, 0.281654, 25.606053
8.863036, 0.281654, 25.606053
8.865799, 0.281654, 25.606053
8.869198, 0.281654, 25.606053
8.872463, 0.279105, 25.374327
8.876377, 0.279105, 25.374327
8.880149, 0.279105, 25.374327
8.883905, 0.281654, 25.606053
8.887750, 0.281654, 25.606053
8.889941, 0.281654, 25.606053
8.892088, 0.281654, 25.606053
8.894346, 0.279105, 25.374327
8.897001, 0.281654, 25.606053
8.899423, 0.281654, 25.606053
8.902634, 0.281654, 25.606053
8.905915, 0.281654, 25.606053
8.909445, 0.279105, 25.374327
8.912937, 0.281654, 25.606053
8.916197, 0.281654, 25.606053
8.919267, 0.279105, 25.374327
8.922420, 0.281654, 25.606053
8.925370, 0.279105, 25.374327
8.928662, 0.281654, 25.606053
8.931845, 0.281654, 25.606053
8.935064, 0.279105, 25.374327
8.938101, 0.281654, 25.606053
8.941271, 0.281654, 25.606053
8.944273, 0.281654, 25.606053
8.947247, 0.281654, 25.606053
8.950520, 0.281654, 25.606053
8.952679, 0.281654, 25.606053
8.955314, 0.281654, 25.606053
8.958476, 0.281654, 25.606053
8.960479, 0.281654, 25.606053
8.962933, 0.279105, 25.374327
8.965532, 0.279105, 25.374327
8.968038, 0.281654, 25.606053
8.970763, 0.281654, 25.606053
8.973951, 0.281654, 25.606053
8.977803, 0.281654, 25.606053
8.982339, 0.279105, 25.374327
8.985808, 0.279105, 25.374327
8.989220, 0.281654, 25.606053
8.992468, 0.281654, 25.606053
8.996782, 0.279105, 25.374327
9.001689, 0.279105, 25.374327
9.006602, 0.279105, 25.374327
9.010742, 0.281654, 25.606053
9.014675, 0.281654, 25.606053
9.018253, 0.281654, 25.606053
9.021551, 0.279105, 25.374327
9.024613, 0.281654, 25.606053
9.027867, 0.279105, 25.374327
9.031041, 0.281654, 25.606053
9.034092, 0.281654, 25.606053
9.036920, 0.281654, 25.606053
9.040336, 0.279105, 25.374327
9.042247, 0.281654, 25.606053
9.044793, 0.279105, 25.374327
9.047775, 0.279105, 25.374327
9.051279, 0.279105, 25.374327
9.054178, 0.279105, 25.374327
9.056925, 0.281654, 25.606053
9.059701, 0.281654, 25.606053
9.062650, 0.281654, 25.606053
9.065834, 0.281654, 25.606053
9.069386, 0.281654, 25.606053
9.071648, 0.281654, 25.606053
9.074279, 0.279105, 25.374327
9.077640, 0.281654, 25.606053
9.081557, 0.281654, 25.606053
9.085513, 0.279105, 25.374327
9.089065, 0.281654, 25.606053
9.092442, 0.281654, 25.606053
9.095586, 0.281654, 25.606053
9.097914, 0.281654, 25.606053
9.100831, 0.281654, 25.606053
9.103143, 0.281654, 25.606053
9.105752, 0.281654, 25.606053
9.108591, 0.281654, 25.606053
9.111690, 0.281654, 25.606053
9.113834, 0.281654, 25.606053
9.116013, 0.281654, 25.606053
9.118514, 0.279105, 25.374327
9.120839, 0.281654, 25.606053
9.123495, 0.281654, 25.606053
9.126959, 0.279105, 25.374327
9.130247, 0.281654, 25.606053
9.133380, 0.281654, 25.606053
9.135699, 0.281654, 25.606053
9.138355, 0.281654, 25.606053
9.141455, 0.281654, 25.606053
9.144872, 0.279105, 25.374327
9.147999, 0.281654, 25.606053
9.151066, 0.281654, 25.606053
9.153131, 0.281654, 25.606053
9.155392, 0.281654, 25.606053
9.157849, 0.279105, 25.374327
9.160389, 0.281654, 25.606053
9.163271, 0.281654, 25.606053
9.166484, 0.279105, 25.374327
9.169501, 0.281654, 25.606053
9.173166, 0.281654, 25.606053
9.175529, 0.281654, 25.606053
9.178374, 0.281654, 25.606053
9.181897, 0.281654, 25.606053
9.184924, 0.279105, 25.374327
9.187527, 0.281654, 25.606053
9.190082, 0.281654, 25.606053
9.192841, 0.281654, 25.606053
9.196143, 0.281654, 25.606053
9.199450, 0.279105, 25.374327
9.203055, 0.279105, 25.374327
9.206194, 0.281654, 25.606053
9.209236, 0.281654, 25.606053
9.212691, 0.279105, 25.374327
9.215913, 0.281654, 25.606053
9.218931, 0.279105, 25.374327
9.222472, 0.281654, 25.606053
9.226772, 0.279105, 25.374327
9.230616, 0.281654, 25.606053
9.234170, 0.281654, 25.606053
9.237289, 0.281654, 25.606053
9.240219, 0.279105, 25.374327
9.243397, 0.279105, 25.374327
9.247011, 0.281654, 25.606053
9.250825, 0.281654, 25.606053
9.254399, 0.281654, 25.606053
9.256744, 0.281654, 25.606053
9.258995, 0.281654, 25.606053
9.261718, 0.281654, 25.606053
9.264199, 0.281654, 25.606053
9.266989, 0.281654, 25.606053
9.270131, 0.281654, 25.606053
9.273327, 0.281654, 25.606053
9.276756, 0.281654, 25.606053
9.280495, 0.281654, 25.606053
9.283756, 0.281654, 25.606053
9.286889, 0.279105, 25.374327
9.290104, 0.281654, 25.606053
9.293311, 0.281654, 25.606053
9.297165, 0.281654, 25.606053
9.301031, 0.281654, 25.606053
9.306556, 0.279105, 25.374327
9.311747, 0.279105, 25.374327
9.316950, 0.281654, 25.606053
9.321559, 0.281654, 25.606053
9.326220, 0.279105, 25.374327
9.331469, 0.281654, 25.606053
9.336082, 0.281654, 25.606053
9.340360, 0.281654, 25.606053
9.344336, 0.281654, 25.606053
9.347957, 0.281654, 25.606053
9.351223, 0.281654, 25.606053
9.354527, 0.281654, 25.606053
9.357578, 0.281654, 25.606053
9.360649, 0.281654, 25.606053
9.364078, 0.281654, 25.606053
9.367225, 0.281654, 25.606053
9.370372, 0.281654, 25.606053
9.373489, 0.279105, 25.374327
9.376823, 0.279105, 25.374327
9.380134, 0.281654, 25.606053
9.383570, 0.281654, 25.606053
9.386569, 0.281654, 25.606053
9.389716, 0.281654, 25.606053
9.392623, 0.281654, 25.606053
9.395703, 0.281654, 25.606053
9.398759, 0.281654, 25.606053
9.401795, 0.279105, 25.374327
9.404677, 0.281654, 25.606053
9.407600, 0.281654, 25.606053
9.410718, 0.281654, 25.606053
9.414290, 0.279105, 25.374327
9.417466, 0.281654, 25.606053
9.420514, 0.281654, 25.606053
9.423293, 0.281654, 25.606053
9.426090, 0.281654, 25.606053
9.429229, 0.281654, 25.606053
9.432412, 0.281654, 25.606053
9.435320, 0.281654, 25.606053
9.437866, 0.281654, 25.606053
9.440786, 0.281654, 25.606053
9.443592, 0.281654, 25.606053
9.447689, 0.281654, 25.606053
9.449679, 0.281654, 25.606053
9.451748, 0.281654, 25.606053
9.454150, 0.279105, 25.374327
9.456281, 0.281654, 25.606053
9.459441, 0.279105, 25.374327
9.463574, 0.279105, 25.374327
9.468020, 0.281654, 25.606053
9.471441, 0.281654, 25.606053
9.474623, 0.281654, 25.606053
9.478259, 0.279105, 25.374327
9.481698, 0.279105, 25.374327
9.484879, 0.281654, 25.606053
9.488897, 0.281654, 25.606053
9.491862, 0.281654, 25.606053
9.495091, 0.281654, 25.606053
9.497823, 0.281654, 25.606053
9.500371, 0.281654, 25.606053
9.502987, 0.281654, 25.606053
9.505767, 0.281654, 25.606053
9.508825, 0.281654, 25.606053
9.513049, 0.281654, 25.606053
9.515008, 0.281654, 25.606053
9.517466, 0.279105, 25.374327
9.520004, 0.281654, 25.606053
9.522543, 0.281654, 25.606053
9.525064, 0.281654, 25.606053
9.527872, 0.279105, 25.374327
9.530910, 0.281654, 25.606053
9.533901, 0.281654, 25.606053
9.536880, 0.281654, 25.606053
9.539044, 0.281654, 25.606053
9.541823, 0.281654, 25.606053
9.544990, 0.281654, 25.606053
9.548146, 0.281654, 25.606053
9.551249, 0.281654, 25.606053
9.554412, 0.281654, 25.606053
9.557416, 0.281654, 25.606053
9.560412, 0.281654, 25.606053
9.564108, 0.279105, 25.374327
9.567122, 0.281654, 25.606053
9.570657, 0.279105, 25.374327
9.573672, 0.279105, 25.374327
9.576460, 0.281654, 25.606053
9.579835, 0.281654, 25.606053
9.581863, 0.279105, 25.374327
9.584169, 0.281654, 25.606053
9.586633, 0.281654, 25.606053
9.588997, 0.279105, 25.374327
9.592115, 0.281654, 25.606053
9.595791, 0.281654, 25.606053
9.599783, 0.281654, 25.606053
9.603466, 0.281654, 25.606053
9.607248, 0.281654, 25.606053
9.611736, 0.281654, 25.606053
9.614189, 0.281654, 25.606053
9.616967, 0.281654, 25.606053
9.620622, 0.279105, 25.374327
9.623463, 0.279105, 25.374327
9.626064, 0.284203, 25.837780
9.629215, 0.281654, 25.606053
9.632271, 0.281654, 25.606053
9.635297, 0.281654, 25.606053
9.638457, 0.279105, 25.374327
9.641668, 0.279105, 25.374327
9.645165, 0.281654, 25.606053
9.648417, 0.281654, 25.606053
9.651714, 0.281654, 25.606053
9.654840, 0.281654, 25.606053
9.657931, 0.281654, 25.606053
9.661197, 0.281654, 25.606053
9.663648, 0.281654, 25.606053
9.667607, 0.281654, 25.606053
9.671330, 0.281654, 25.606053
9.674292, 0.281654, 25.606053
9.677572, 0.281654, 25.606053
9.681558, 0.281654, 25.606053
9.685577, 0.281654, 25.606053
9.689591, 0.281654, 25.606053
9.694124, 0.281654, 25.606053
9.698651, 0.281654, 25.606053
9.703034, 0.281654, 25.606053
9.706082, 0.281654, 25.606053
9.708504, 0.281654, 25.606053
9.711184, 0.284203, 25.837780
9.714486, 0.281654, 25.606053
9.717688, 0.281654, 25.606053
9.720811, 0.281654, 25.606053
9.723870, 0.281654, 25.606053
9.726883, 0.281654, 25.606053
9.730667, 0.281654, 25.606053
9.732899, 0.281654, 25.606053
9.735313, 0.281654, 25.606053
9.737880, 0.279105, 25.374327
9.740573, 0.281654, 25.606053
9.743428, 0.281654, 25.606053
9.746221, 0.281654, 25.606053
9.749089, 0.281654, 25.606053
9.752065, 0.281654, 25.606053
9.754895, 0.281654, 25.606053
9.757779, 0.281654, 25.606053
9.760526, 0.284203, 25.837780
9.763364, 0.281654, 25.606053
9.766191, 0.281654, 25.606053
9.769488, 0.281654, 25.606053
9.773081, 0.281654, 25.606053
9.776291, 0.281654, 25.606053
9.779524, 0.281654, 25.606053
9.782852, 0.281654, 25.606053
9.786818, 0.281654, 25.606053
9.790118, 0.279105, 25.374327
9.792954, 0.281654, 25.606053
9.795499, 0.281654, 25.606053
9.798008, 0.279105, 25.374327
9.801455, 0.281654, 25.606053
9.805423, 0.281654, 25.606053
9.809774, 0.281654, 25.606053
9.812898, 0.279105, 25.374327
9.815412, 0.281654, 25.606053
9.818286, 0.281654, 25.606053
9.820640, 0.281654, 25.606053
9.823460, 0.281654, 25.606053
9.826200, 0.281654, 25.606053
9.829495, 0.281654, 25.606053
9.832665, 0.281654, 25.606053
9.836103, 0.281654, 25.606053
9.839412, 0.281654, 25.606053
9.842601, 0.281654, 25.606053
9.845870, 0.281654, 25.606053
9.849036, 0.281654, 25.606053
9.852197, 0.281654, 25.606053
9.855909, 0.281654, 25.606053
9.858436, 0.281654, 25.606053
9.860376, 0.281654, 25.606053
9.862738, 0.281654, 25.606053
9.865380, 0.281654, 25.606053
9.868211, 0.279105, 25.374327
9.871009, 0.281654, 25.606053
9.873778, 0.281654, 25.606053
9.876725, 0.281654, 25.606053
9.879706, 0.281654, 25.606053
9.882700, 0.281654, 25.606053
9.885503, 0.281654, 25.606053
9.888539, 0.284203, 25.837780
9.891432, 0.281654, 25.606053
9.894284, 0.281654, 25.606053
9.897201, 0.281654, 25.606053
9.899938, 0.281654, 25.606053
9.902670, 0.281654, 25.606053
9.905552, 0.281654, 25.606053
9.908468, 0.281654, 25.606053
9.911160, 0.281654, 25.606053
9.913965, 0.281654, 25.606053
9.916731, 0.281654, 25.606053
9.919426, 0.281654, 25.606053
9.922026, 0.281654, 25.606053
9.924656, 0.281654, 25.606053
9.927764, 0.281654, 25.606053
9.930642, 0.281654, 25.606053
9.933370, 0.281654, 25.606053
9.936004, 0.279105, 25.374327
9.938705, 0.281654, 25.606053
9.941399, 0.281654, 25.606053
9.944050, 0.281654, 25.606053
9.946945, 0.279105, 25.374327
9.949880, 0.281654, 25.606053
9.952605, 0.281654, 25.606053
9.955243, 0.281654, 25.606053
9.958075, 0.281654, 25.606053
9.960836, 0.281654, 25.606053
9.963765, 0.281654, 25.606053
9.966651, 0.281654, 25.606053
9.971312, 0.281654, 25.606053
9.975507, 0.281654, 25.606053
9.979223, 0.281654, 25.606053
9.983180, 0.281654, 25.606053
9.986133, 0.281654, 25.606053
9.989697, 0.281654, 25.606053
9.995718, 0.281654, 25.606053
10.001976, 0.281654, 25.606053
10.008755, 0.281654, 25.606053
10.015364, 0.281654, 25.606053
10.021501, 0.281654, 25.606053
10.027236, 0.281654, 25.606053
10.033056, 0.281654, 25.606053
10.038725, 0.281654, 25.606053
10.042805, 0.281654, 25.606053
10.048272, 0.281654, 25.606053
10.055322, 0.281654, 25.606053
10.063135, 0.281654, 25.606053
10.069924, 0.281654, 25.606053
10.076219, 0.281654, 25.606053
10.082984, 0.281654, 25.606053
10.090449, 0.281654, 25.606053
10.098146, 0.279105, 25.374327
10.104902, 0.281654, 25.606053
10.110360, 0.279105, 25.374327
10.115830, 0.281654, 25.606053
10.120053, 0.281654, 25.606053
10.123962, 0.281654, 25.606053
10.127650, 0.281654, 25.606053
10.131324, 0.281654, 25.606053
10.134896, 0.281654, 25.606053
10.138455, 0.281654, 25.606053
10.141969, 0.279105, 25.374327
10.145270, 0.281654, 25.606053
10.149405, 0.281654, 25.606053
10.153302, 0.281654, 25.606053
10.156586, 0.281654, 25.606053
10.160651, 0.281654, 25.606053
10.163519, 0.281654, 25.606053
10.166138, 0.281654, 25.606053
10.169085, 0.281654, 25.606053
10.172084, 0.284203, 25.837780
10.175106, 0.281654, 25.606053
10.178294, 0.281654, 25.606053
10.181397, 0.281654, 25.606053
10.184665, 0.281654, 25.606053
10.187778, 0.281654, 25.606053
10.190929, 0.281654, 25.606053
10.194759, 0.281654, 25.606053
10.199299, 0.281654, 25.606053
10.202536, 0.281654, 25.606053
10.205597, 0.281654, 25.606053
10.209116, 0.281654, 25.606053
10.212354, 0.281654, 25.606053
10.215140, 0.281654, 25.606053
10.217820, 0.281654, 25.606053
10.220473, 0.281654, 25.606053
10.223294, 0.281654, 25.606053
10.226891, 0.281654, 25.606053
10.230717, 0.281654, 25.606053
10.234364, 0.281654, 25.606053
10.237692, 0.281654, 25.606053
10.241571, 0.281654, 25.606053
10.244726, 0.281654, 25.606053
10.248321, 0.281654, 25.606053
10.253663, 0.281654, 25.606053
10.260840, 0.281654, 25.606053
10.268712, 0.281654, 25.606053
10.274844, 0.281654, 25.606053
10.279028, 0.281654, 25.606053
10.281407, 0.281654, 25.606053
10.284201, 0.281654, 25.606053
10.287743, 0.281654, 25.606053
10.291404, 0.279105, 25.374327
10.294720, 0.279105, 25.374327
10.298096, 0.281654, 25.606053
10.301553, 0.281654, 25.606053
10.304940, 0.281654, 25.606053
10.308335, 0.279105, 25.374327
10.311734, 0.279105, 25.374327
10.315131, 0.281654, 25.606053
10.318805, 0.281654, 25.606053
10.322709, 0.281654, 25.606053
10.326636, 0.281654, 25.606053
10.330651, 0.281654, 25.606053
10.334429, 0.281654, 25.606053
10.338119, 0.281654, 25.606053
10.342196, 0.281654, 25.606053
10.346397, 0.281654, 25.606053
10.350768, 0.279105, 25.374327
10.354776, 0.281654, 25.606053
10.358799, 0.281654, 25.606053
10.362601, 0.281654, 25.606053
10.366144, 0.279105, 25.374327
10.369578, 0.281654, 25.606053
10.372827, 0.281654, 25.606053
10.375934, 0.281654, 25.606053
10.378913, 0.281654, 25.606053
10.382232, 0.281654, 25.606053
10.386421, 0.281654, 25.606053
10.388672, 0.281654, 25.606053
10.391245, 0.281654, 25.606053
10.394004, 0.281654, 25.606053
10.396311, 0.281654, 25.606053
10.399016, 0.281654, 25.606053
10.402459, 0.281654, 25.606053
10.405869, 0.281654, 25.606053
10.409435, 0.281654, 25.606053
10.412921, 0.281654, 25.606053
10.416197, 0.281654, 25.606053
10.419407, 0.281654, 25.606053
10.422555, 0.281654, 25.606053
10.425700, 0.279105, 25.374327
10.428947, 0.281654, 25.606053
10.431203, 0.281654, 25.606053
10.433873, 0.281654, 25.606053
10.436611, 0.281654, 25.606053
10.439426, 0.281654, 25.606053
10.442206, 0.279105, 25.374327
10.445226, 0.281654, 25.606053
10.447995, 0.281654, 25.606053
10.450245, 0.284203, 25.837780
10.452922, 0.281654, 25.606053
10.456182, 0.281654, 25.606053
10.459442, 0.281654, 25.606053
10.462806, 0.281654, 25.606053
10.465991, 0.281654, 25.606053
10.469144, 0.281654, 25.606053
10.472251, 0.281654, 25.606053
10.475316, 0.281654, 25.606053
10.478556, 0.281654, 25.606053
10.481889, 0.281654, 25.606053
10.485023, 0.281654, 25.606053
10.488121, 0.281654, 25.606053
10.491939, 0.281654, 25.606053
10.495333, 0.281654, 25.606053
10.497415, 0.284203, 25.837780
10.499875, 0.281654, 25.606053
10.502402, 0.281654, 25.606053
10.505145, 0.279105, 25.374327
10.507981, 0.281654, 25.606053
10.511129, 0.281654, 25.606053
10.514492, 0.284203, 25.837780
10.517602, 0.281654, 25.606053
10.520765, 0.281654, 25.606053
10.523903, 0.281654, 25.606053
10.527118, 0.281654, 25.606053
10.530684, 0.281654, 25.606053
10.533917, 0.281654, 25.606053
10.537688, 0.281654, 25.606053
10.541148, 0.281654, 25.606053
10.544358, 0.281654, 25.606053
10.547470, 0.281654, 25.606053
10.550446, 0.281654, 25.606053
10.553395, 0.281654, 25.606053
10.556393, 0.281654, 25.606053
10.559351, 0.284203, 25.837780
10.563133, 0.281654, 25.606053
10.566075, 0.281654, 25.606053
10.568089, 0.281654, 25.606053
10.570708, 0.281654, 25.606053
10.573760, 0.281654, 25.606053
10.576694, 0.281654, 25.606053
10.579834, 0.281654, 25.606053
10.583281, 0.281654, 25.606053
10.586658, 0.281654, 25.606053
10.589847, 0.281654, 25.606053
10.593003, 0.281654, 25.606053
10.595956, 0.281654, 25.606053
10.598464, 0.281654, 25.606053
10.601405, 0.281654, 25.606053
10.604969, 0.281654, 25.606053
10.611194, 0.281654, 25.606053
10.616558, 0.281654, 25.606053
10.620675, 0.281654, 25.606053
10.623849, 0.281654, 25.606053
10.626664, 0.281654, 25.606053
10.629708, 0.281654, 25.606053
10.632368, 0.279105, 25.374327
10.634926, 0.281654, 25.606053
10.637846, 0.281654, 25.606053
10.640973, 0.281654, 25.606053
10.643780, 0.281654, 25.606053
10.646263, 0.281654, 25.606053
10.649219, 0.281654, 25.606053
10.652382, 0.281654, 25.606053
10.655782, 0.281654, 25.606053
10.659700, 0.284203, 25.837780
10.663292, 0.281654, 25.606053
10.667836, 0.281654, 25.606053
10.673216, 0.281654, 25.606053
10.676932, 0.281654, 25.606053
10.681067, 0.281654, 25.606053
10.684770, 0.281654, 25.606053
10.688239, 0.281654, 25.606053
10.691498, 0.281654, 25.606053
10.694774, 0.281654, 25.606053
10.699840, 0.281654, 25.606053
10.704400, 0.281654, 25.606053
10.707146, 0.281654, 25.606053
10.710768, 0.281654, 25.606053
10.715644, 0.281654, 25.606053
10.721004, 0.284203, 25.837780
10.726732, 0.281654, 25.606053
10.736351, 0.281654, 25.606053
10.744521, 0.281654, 25.606053
10.750636, 0.284203, 25.837780
10.757334, 0.281654, 25.606053
10.761131, 0.279105, 25.374327
10.765096, 0.281654, 25.606053
10.771230, 0.281654, 25.606053
10.778934, 0.281654, 25.606053
10.787864, 0.281654, 25.606053
10.795638, 0.281654, 25.606053
10.801844, 0.281654, 25.606053
10.807681, 0.281654, 25.606053
10.813165, 0.281654, 25.606053
10.817608, 0.281654, 25.606053
10.822006, 0.281654, 25.606053
10.826519, 0.281654, 25.606053
10.831740, 0.284203, 25.837780
10.836567, 0.281654, 25.606053
10.840870, 0.281654, 25.606053
10.845588, 0.279105, 25.374327
10.851394, 0.281654, 25.606053
10.856033, 0.281654, 25.606053
10.860247, 0.281654, 25.606053
10.865743, 0.281654, 25.606053
10.871967, 0.281654, 25.606053
10.876055, 0.281654, 25.606053
10.880660, 0.281654, 25.606053
10.885986, 0.281654, 25.606053
10.891014, 0.281654, 25.606053
10.896175, 0.281654, 25.606053
10.901492, 0.281654, 25.606053
10.906137, 0.281654, 25.606053
10.910213, 0.281654, 25.606053
10.914277, 0.281654, 25.606053
10.916747, 0.284203, 25.837780
10.919632, 0.281654, 25.606053
10.923134, 0.281654, 25.606053
10.928696, 0.281654, 25.606053
10.934925, 0.281654, 25.606053
10.940625, 0.281654, 25.606053
10.945352, 0.281654, 25.606053
10.949003, 0.281654, 25.606053
10.951869, 0.279105, 25.374327
10.954521, 0.281654, 25.606053
10.957168, 0.284203, 25.837780
10.960582, 0.281654, 25.606053
10.963816, 0.281654, 25.606053
10.966828, 0.281654, 25.606053
10.970526, 0.281654, 25.606053
10.975676, 0.281654, 25.606053
10.983034, 0.279105, 25.374327
10.986689, 0.281654, 25.606053
10.989480, 0.281654, 25.606053
10.992248, 0.281654, 25.606053
10.995837, 0.281654, 25.606053
10.999406, 0.281654, 25.606053
11.004689, 0.281654, 25.606053
11.011124, 0.281654, 25.606053
11.018279, 0.281654, 25.606053
11.024117, 0.281654, 25.606053
11.030140, 0.281654, 25.606053
11.036340, 0.281654, 25.606053
11.042504, 0.281654, 25.606053
11.049942, 0.284203, 25.837780
11.056295, 0.281654, 25.606053
11.060966, 0.284203, 25.837780
11.063551, 0.281654, 25.606053
11.066778, 0.281654, 25.606053
11.070335, 0.281654, 25.606053
11.073968, 0.281654, 25.606053
11.078662, 0.281654, 25.606053
11.084447, 0.281654, 25.606053
11.089919, 0.279105, 25.374327
11.094921, 0.281654, 25.606053
11.100537, 0.281654, 25.606053
11.106347, 0.281654, 25.606053
11.112078, 0.281654, 25.606053
11.117376, 0.279105, 25.374327
11.122650, 0.281654, 25.606053
11.126827, 0.281654, 25.606053
11.129494, 0.281654, 25.606053
11.132482, 0.281654, 25.606053
11.135473, 0.279105, 25.374327
11.138455, 0.281654, 25.606053
11.141468, 0.281654, 25.606053
11.144644, 0.281654, 25.606053
11.148380, 0.281654, 25.606053
11.152561, 0.281654, 25.606053
11.156914, 0.281654, 25.606053
11.160514, 0.281654, 25.606053
11.163144, 0.281654, 25.606053
11.166180, 0.281654, 25.606053
11.170779, 0.281654, 25.606053
11.173076, 0.281654, 25.606053
11.175649, 0.281654, 25.606053
11.180301, 0.281654, 25.606053
11.185418, 0.281654, 25.606053
11.189700, 0.281654, 25.606053
11.193833, 0.281654, 25.606053
11.198256, 0.281654, 25.606053
11.204322, 0.281654, 25.606053
11.210835, 0.281654, 25.606053
11.216233, 0.281654, 25.606053
11.221107, 0.279105, 25.374327
11.225639, 0.281654, 25.606053
11.230681, 0.281654, 25.606053
11.233420, 0.281654, 25.606053
11.237186, 0.281654, 25.606053
11.240320, 0.281654, 25.606053
11.242902, 0.281654, 25.606053
11.246101, 0.281654, 25.606053
11.249692, 0.281654, 25.606053
11.254140, 0.281654, 25.606053
11.259500, 0.281654, 25.606053
11.266926, 0.281654, 25.606053
11.273033, 0.279105, 25.374327
11.278759, 0.281654, 25.606053
11.281968, 0.281654, 25.606053
11.285328, 0.281654, 25.606053
11.288645, 0.281654, 25.606053
11.292151, 0.281654, 25.606053
11.296791, 0.281654, 25.606053
11.301245, 0.281654, 25.606053
11.305437, 0.281654, 25.606053
11.309375, 0.281654, 25.606053
11.313498, 0.281654, 25.606053
11.317189, 0.281654, 25.606053
11.321141, 0.281654, 25.606053
11.325029, 0.281654, 25.606053
11.328655, 0.279105, 25.374327
11.332311, 0.281654, 25.606053
11.335893, 0.281654, 25.606053
11.339401, 0.284203, 25.837780
11.342952, 0.281654, 25.606053
11.346467, 0.281654, 25.606053
11.349984, 0.281654, 25.606053
11.353378, 0.281654, 25.606053
11.356881, 0.281654, 25.606053
11.361251, 0.281654, 25.606053
11.366191, 0.281654, 25.606053
11.371070, 0.281654, 25.606053
11.375538, 0.281654, 25.606053
11.380480, 0.281654, 25.606053
11.385940, 0.281654, 25.606053
11.391116, 0.281654, 25.606053
11.397463, 0.281654, 25.606053
11.402756, 0.279105, 25.374327
11.407924, 0.281654, 25.606053
11.412328, 0.281654, 25.606053
11.416412, 0.281654, 25.606053
11.420263, 0.281654, 25.606053
11.423988, 0.281654, 25.606053
11.427717, 0.281654, 25.606053
11.431950, 0.281654, 25.606053
11.435896, 0.281654, 25.606053
11.439842, 0.281654, 25.606053
11.444102, 0.281654, 25.606053
11.449791, 0.281654, 25.606053
11.456147, 0.281654, 25.606053
11.462448, 0.279105, 25.374327
11.468361, 0.281654, 25.606053
11.473328, 0.281654, 25.606053
11.477686, 0.281654, 25.606053
11.482101, 0.281654, 25.606053
11.486697, 0.281654, 25.606053
11.491819, 0.281654, 25.606053
11.496638, 0.281654, 25.606053
11.499003, 0.281654, 25.606053
11.501629, 0.284203, 25.837780
11.504539, 0.281654, 25.606053
11.507656, 0.281654, 25.606053
11.511131, 0.281654, 25.606053
11.513483, 0.281654, 25.606053
11.516568, 0.281654, 25.606053
11.520006, 0.281654, 25.606053
11.523536, 0.281654, 25.606053
11.527073, 0.281654, 25.606053
11.531051, 0.281654, 25.606053
11.535671, 0.279105, 25.374327
11.541306, 0.281654, 25.606053
11.545749, 0.281654, 25.606053
11.548597, 0.281654, 25.606053
11.551628, 0.281654, 25.606053
11.554721, 0.281654, 25.606053
11.557823, 0.281654, 25.606053
11.560830, 0.281654, 25.606053
11.563895, 0.281654, 25.606053
11.567034, 0.281654, 25.606053
11.570560, 0.281654, 25.606053
11.572960, 0.281654, 25.606053
11.576145, 0.281654, 25.606053
11.579664, 0.281654, 25.606053
11.583119, 0.281654, 25.606053
11.586607, 0.281654, 25.606053
11.590552, 0.279105, 25.374327
11.594039, 0.281654, 25.606053
11.597588, 0.281654, 25.606053
11.601047, 0.281654, 25.606053
11.604601, 0.281654, 25.606053
11.608021, 0.281654, 25.606053
11.611507, 0.281654, 25.606053
11.614738, 0.281654, 25.606053
11.618033, 0.281654, 25.606053
11.621478, 0.281654, 25.606053
11.624474, 0.281654, 25.606053
11.627599, 0.281654, 25.606053
11.630561, 0.281654, 25.606053
11.633459, 0.281654, 25.606053
11.636340, 0.284203, 25.837780
11.639221, 0.284203, 25.837780
11.642105, 0.281654, 25.606053
11.645059, 0.281654, 25.606053
11.647959, 0.281654, 25.606053
11.651025, 0.281654, 25.606053
11.653907, 0.281654, 25.606053
11.656769, 0.281654, 25.606053
11.659651, 0.281654, 25.606053
11.662799, 0.284203, 25.837780
11.665669, 0.281654, 25.606053
11.668495, 0.281654, 25.606053
11.671385, 0.281654, 25.606053
11.674261, 0.284203, 25.837780
11.677080, 0.281654, 25.606053
11.680112, 0.281654, 25.606053
11.683056, 0.281654, 25.606053
11.685914, 0.281654, 25.606053
11.688844, 0.281654, 25.606053
11.691969, 0.281654, 25.606053
11.695067, 0.281654, 25.606053
11.698145, 0.281654, 25.606053
11.701365, 0.279105, 25.374327
11.704833, 0.281654, 25.606053
11.708108, 0.281654, 25.606053
11.711755, 0.281654, 25.606053
11.715514, 0.281654, 25.606053
11.719254, 0.281654, 25.606053
11.723951, 0.284203, 25.837780
11.728528, 0.281654, 25.606053
11.732043, 0.281654, 25.606053
11.735547, 0.281654, 25.606053
11.738832, 0.284203, 25.837780
11.742382, 0.281654, 25.606053
11.747436, 0.281654, 25.606053
11.752316, 0.281654, 25.606053
11.755763, 0.281654, 25.606053
11.760158, 0.281654, 25.606053
11.762647, 0.281654, 25.606053
11.765290, 0.284203, 25.837780
11.768345, 0.281654, 25.606053
11.771674, 0.281654, 25.606053
11.776038, 0.281654, 25.606053
11.780465, 0.281654, 25.606053
11.784572, 0.281654, 25.606053
11.788472, 0.281654, 25.606053
11.791969, 0.281654, 25.606053
11.795431, 0.281654, 25.606053
11.798839, 0.281654, 25.606053
11.802153, 0.281654, 25.606053
11.804545, 0.279105, 25.374327
11.806616, 0.281654, 25.606053
11.809101, 0.281654, 25.606053
11.811858, 0.281654, 25.606053
11.814682, 0.281654, 25.606053
11.816907, 0.281654, 25.606053
11.819125, 0.281654, 25.606053
11.821776, 0.281654, 25.606053
11.824927, 0.281654, 25.606053
11.828169, 0.281654, 25.606053
11.831092, 0.284203, 25.837780
11.834237, 0.281654, 25.606053
11.838946, 0.281654, 25.606053
11.842051, 0.281654, 25.606053
11.847494, 0.281654, 25.606053
11.852053, 0.281654, 25.606053
11.855955, 0.281654, 25.606053
11.859187, 0.281654, 25.606053
11.861808, 0.281654, 25.606053
11.864304, 0.281654, 25.606053
11.866977, 0.281654, 25.606053
11.869865, 0.281654, 25.606053
11.872827, 0.281654, 25.606053
11.875852, 0.281654, 25.606053
11.879142, 0.281654, 25.606053
11.882251, 0.281654, 25.606053
11.886086, 0.281654, 25.606053
11.889406, 0.281654, 25.606053
11.892501, 0.281654, 25.606053
11.895709, 0.281654, 25.606053
11.898977, 0.281654, 25.606053
11.902069, 0.281654, 25.606053
11.905337, 0.281654, 25.606053
11.908477, 0.281654, 25.606053
11.911569, 0.281654, 25.606053
11.914544, 0.281654, 25.606053
11.917531, 0.281654, 25.606053
11.920430, 0.281654, 25.606053
11.923328, 0.281654, 25.606053
11.926201, 0.281654, 25.606053
11.929717, 0.281654, 25.606053
11.932759, 0.284203, 25.837780
11.935742, 0.281654, 25.606053
11.938676, 0.281654, 25.606053
11.941643, 0.281654, 25.606053
11.944878, 0.281654, 25.606053
11.948056, 0.281654, 25.606053
11.951322, 0.281654, 25.606053
11.954638, 0.281654, 25.606053
11.958202, 0.281654, 25.606053
11.961406, 0.281654, 25.606053
11.964150, 0.281654, 25.606053
11.968047, 0.281654, 25.606053
11.971767, 0.281654, 25.606053
11.975461, 0.281654, 25.606053
11.979147, 0.281654, 25.606053
11.982509, 0.281654, 25.606053
11.985821, 0.281654, 25.606053
11.989005, 0.281654, 25.606053
11.992389, 0.281654, 25.606053
11.995561, 0.281654, 25.606053
11.999065, 0.281654, 25.606053
12.003180, 0.281654, 25.606053
12.008978, 0.284203, 25.837780
12.015693, 0.281654, 25.606053
12.019359, 0.281654, 25.606053
12.022293, 0.281654, 25.606053
12.025076, 0.281654, 25.606053
12.027968, 0.281654, 25.606053
12.031424, 0.281654, 25.606053
12.034678, 0.281654, 25.606053
12.037957, 0.281654, 25.606053
12.041228, 0.281654, 25.606053
12.044855, 0.281654, 25.606053
12.047985, 0.281654, 25.606053
12.053428, 0.281654, 25.606053
12.059753, 0.281654, 25.606053
12.066854, 0.281654, 25.606053
12.072959, 0.281654, 25.606053
12.078171, 0.281654, 25.606053
12.081744, 0.281654, 25.606053
12.087224, 0.281654, 25.606053
12.092103, 0.281654, 25.606053
12.096928, 0.281654, 25.606053
12.101662, 0.281654, 25.606053
12.105870, 0.281654, 25.606053
12.109752, 0.279105, 25.374327
12.113618, 0.281654, 25.606053
12.116437, 0.284203, 25.837780
12.119465, 0.281654, 25.606053
12.122588, 0.281654, 25.606053
12.124964, 0.281654, 25.606053
12.127545, 0.281654, 25.606053
12.130670, 0.281654, 25.606053
12.134105, 0.281654, 25.606053
12.137512, 0.281654, 25.606053
12.141279, 0.281654, 25.606053
12.145951, 0.281654, 25.606053
12.148888, 0.281654, 25.606053
12.151514, 0.281654, 25.606053
12.154328, 0.281654, 25.606053
12.157383, 0.281654, 25.606053
12.160850, 0.281654, 25.606053
12.165493, 0.281654, 25.606053
12.169815, 0.281654, 25.606053
12.173793, 0.281654, 25.606053
12.177851, 0.281654, 25.606053
12.182687, 0.281654, 25.606053
12.189413, 0.281654, 25.606053
12.192779, 0.281654, 25.606053
12.196009, 0.284203, 25.837780
12.198610, 0.279105, 25.374327
12.201785, 0.281654, 25.606053
12.205095, 0.281654, 25.606053
12.207654, 0.281654, 25.606053
12.210554, 0.281654, 25.606053
12.214565, 0.281654, 25.606053
12.218948, 0.281654, 25.606053
12.225358, 0.281654, 25.606053
12.232680, 0.281654, 25.606053
12.237986, 0.281654, 25.606053
12.242286, 0.281654, 25.606053
12.246603, 0.281654, 25.606053
12.249620, 0.281654, 25.606053
12.252732, 0.281654, 25.606053
12.255935, 0.281654, 25.606053
12.259344, 0.279105, 25.374327
12.262879, 0.281654, 25.606053
12.267085, 0.281654, 25.606053
12.272924, 0.281654, 25.606053
12.278848, 0.281654, 25.606053
12.284687, 0.281654, 25.606053
12.290279, 0.281654, 25.606053
12.296048, 0.281654, 25.606053
12.301824, 0.281654, 25.606053
12.307211, 0.281654, 25.606053
12.312362, 0.281654, 25.606053
12.317966, 0.281654, 25.606053
12.323956, 0.279105, 25.374327
12.329982, 0.281654, 25.606053
12.334443, 0.281654, 25.606053
12.338715, 0.279105, 25.374327
12.342636, 0.281654, 25.606053
12.346606, 0.281654, 25.606053
12.350583, 0.279105, 25.374327
12.354639, 0.281654, 25.606053
12.358814, 0.279105, 25.374327
12.363244, 0.279105, 25.374327
12.367719, 0.281654, 25.606053
12.373047, 0.281654, 25.606053
12.375685, 0.281654, 25.606053
12.381944, 0.281654, 25.606053
12.387946, 0.281654, 25.606053
12.393058, 0.279105, 25.374327
12.398164, 0.281654, 25.606053
12.403515, 0.279105, 25.374327
12.408630, 0.281654, 25.606053
12.413302, 0.281654, 25.606053
12.417412, 0.281654, 25.606053
12.421191, 0.281654, 25.606053
12.424861, 0.281654, 25.606053
12.428644, 0.281654, 25.606053
12.431298, 0.281654, 25.606053
12.434019, 0.281654, 25.606053
12.437093, 0.281654, 25.606053
12.440297, 0.281654, 25.606053
12.443889, 0.284203, 25.837780
12.449812, 0.281654, 25.606053
12.458318, 0.281654, 25.606053
12.463729, 0.281654, 25.606053
12.470537, 0.281654, 25.606053
12.476897, 0.281654, 25.606053
12.482972, 0.281654, 25.606053
12.488744, 0.281654, 25.606053
12.495037, 0.281654, 25.606053
12.501630, 0.281654, 25.606053
12.507531, 0.281654, 25.606053
12.513747, 0.281654, 25.606053
12.519873, 0.284203, 25.837780
12.524790, 0.281654, 25.606053
12.528358, 0.281654, 25.606053
12.531536, 0.281654, 25.606053
12.534645, 0.281654, 25.606053
12.538299, 0.281654, 25.606053
12.542196, 0.281654, 25.606053
12.545623, 0.281654, 25.606053
12.549777, 0.281654, 25.606053
12.554396, 0.281654, 25.606053
12.557812, 0.279105, 25.374327
12.561281, 0.281654, 25.606053
12.564865, 0.281654, 25.606053
12.568868, 0.281654, 25.606053
12.572715, 0.281654, 25.606053
12.576298, 0.281654, 25.606053
12.579889, 0.281654, 25.606053
12.583226, 0.281654, 25.606053
12.586457, 0.281654, 25.606053
12.589648, 0.281654, 25.606053
12.592789, 0.281654, 25.606053
12.595884, 0.281654, 25.606053
12.599360, 0.281654, 25.606053
12.602544, 0.281654, 25.606053
12.605618, 0.281654, 25.606053
12.608956, 0.281654, 25.606053
12.612600, 0.281654, 25.606053
12.614619, 0.281654, 25.606053
12.616859, 0.281654, 25.606053
12.620376, 0.281654, 25.606053
12.623967, 0.281654, 25.606053
12.627047, 0.279105, 25.374327
12.630524, 0.281654, 25.606053
12.634114, 0.281654, 25.606053
12.637954, 0.281654, 25.606053
12.641623, 0.281654, 25.606053
12.645386, 0.281654, 25.606053
12.648967, 0.281654, 25.606053
12.652795, 0.281654, 25.606053
12.655989, 0.281654, 25.606053
12.659030, 0.281654, 25.606053
12.662110, 0.281654, 25.606053
12.665059, 0.281654, 25.606053
12.667870, 0.281654, 25.606053
12.670680, 0.279105, 25.374327
12.674065, 0.281654, 25.606053
12.676493, 0.281654, 25.606053
12.679703, 0.281654, 25.606053
12.684522, 0.281654, 25.606053
12.690188, 0.281654, 25.606053
12.696495, 0.281654, 25.606053
12.702522, 0.281654, 25.606053
12.708634, 0.281654, 25.606053
12.716100, 0.281654, 25.606053
12.722218, 0.281654, 25.606053
12.727571, 0.281654, 25.606053
12.732299, 0.279105, 25.374327
12.736880, 0.281654, 25.606053
12.740810, 0.281654, 25.606053
12.744454, 0.281654, 25.606053
12.748023, 0.281654, 25.606053
12.751346, 0.281654, 25.606053
12.754334, 0.281654, 25.606053
12.756442, 0.281654, 25.606053
12.758921, 0.281654, 25.606053
12.761668, 0.281654, 25.606053
12.764463, 0.281654, 25.606053
12.767341, 0.281654, 25.606053
12.770214, 0.279105, 25.374327
12.773094, 0.281654, 25.606053
12.776261, 0.281654, 25.606053
12.779891, 0.281654, 25.606053
12.783937, 0.281654, 25.606053
12.790111, 0.281654, 25.606053
12.795574, 0.281654, 25.606053
12.799398, 0.281654, 25.606053
12.802976, 0.281654, 25.606053
12.806620, 0.281654, 25.606053
12.809880, 0.281654, 25.606053
12.813027, 0.284203, 25.837780
12.816263, 0.281654, 25.606053
12.819371, 0.281654, 25.606053
12.822374, 0.281654, 25.606053
12.825370, 0.281654, 25.606053
12.828298, 0.281654, 25.606053
12.831347, 0.279105, 25.374327
12.834150, 0.281654, 25.606053
12.837080, 0.279105, 25.374327
12.839887, 0.281654, 25.606053
12.842630, 0.281654, 25.606053
12.845404, 0.281654, 25.606053
12.848269, 0.281654, 25.606053
12.851001, 0.281654, 25.606053
12.853696, 0.281654, 25.606053
12.856787, 0.281654, 25.606053
12.860164, 0.281654, 25.606053
12.863249, 0.281654, 25.606053
12.866219, 0.281654, 25.606053
12.869125, 0.281654, 25.606053
12.872024, 0.281654, 25.606053
12.874899, 0.279105, 25.374327
12.877993, 0.281654, 25.606053
12.881014, 0.281654, 25.606053
12.883927, 0.281654, 25.606053
12.887059, 0.281654, 25.606053
12.890146, 0.281654, 25.606053
12.893121, 0.281654, 25.606053
12.896306, 0.281654, 25.606053
12.899538, 0.281654, 25.606053
12.903313, 0.281654, 25.606053
12.906493, 0.281654, 25.606053
12.909667, 0.279105, 25.374327
12.912858, 0.281654, 25.606053
12.915809, 0.279105, 25.374327
12.919111, 0.281654, 25.606053
12.922008, 0.281654, 25.606053
12.924882, 0.281654, 25.606053
12.927804, 0.281654, 25.606053
12.931053, 0.281654, 25.606053
12.933897, 0.281654, 25.606053
12.936735, 0.281654, 25.606053
12.940225, 0.281654, 25.606053
12.942338, 0.281654, 25.606053
12.944960, 0.281654, 25.606053
12.948014, 0.281654, 25.606053
12.953651, 0.281654, 25.606053
12.958521, 0.281654, 25.606053
12.962921, 0.284203, 25.837780
12.966853, 0.281654, 25.606053
12.970392, 0.281654, 25.606053
12.978508, 0.281654, 25.606053
12.985397, 0.281654, 25.606053
12.991422, 0.281654, 25.606053
12.995270, 0.281654, 25.606053
13.003065, 0.281654, 25.606053
13.023828, 0.281654, 25.606053
13.031522, 0.279105, 25.374327
13.035685, 0.279105, 25.374327
13.039487, 0.279105, 25.374327
13.045291, 0.281654, 25.606053
13.055999, 0.281654, 25.606053
13.065523, 0.281654, 25.606053
13.076394, 0.279105, 25.374327
13.084542, 0.284203, 25.837780
13.092451, 0.281654, 25.606053
13.099939, 0.281654, 25.606053
13.107221, 0.281654, 25.606053
13.114944, 0.281654, 25.606053
13.124944, 0.279105, 25.374327
13.136890, 0.281654, 25.606053
13.148148, 0.281654, 25.606053
13.158734, 0.281654, 25.606053
13.168370, 0.281654, 25.606053
13.175185, 0.281654, 25.606053
13.182162, 0.281654, 25.606053
13.189275, 0.281654, 25.606053
13.195565, 0.281654, 25.606053
13.201793, 0.281654, 25.606053
13.207946, 0.279105, 25.374327
13.213397, 0.281654, 25.606053
13.218660, 0.281654, 25.606053
13.225751, 0.281654, 25.606053
13.232553, 0.281654, 25.606053
13.238431, 0.281654, 25.606053
13.243910, 0.281654, 25.606053
13.250031, 0.281654, 25.606053
13.254739, 0.281654, 25.606053
13.258671, 0.279105, 25.374327
13.262501, 0.279105, 25.374327
13.266619, 0.281654, 25.606053
13.272175, 0.281654, 25.606053
13.277522, 0.281654, 25.606053
13.282699, 0.281654, 25.606053
13.287590, 0.281654, 25.606053
13.292568, 0.281654, 25.606053
13.297357, 0.281654, 25.606053
13.301933, 0.281654, 25.606053
13.307611, 0.281654, 25.606053
13.313329, 0.281654, 25.606053
13.318660, 0.281654, 25.606053
13.323792, 0.281654, 25.606053
13.329138, 0.281654, 25.606053
13.333694, 0.281654, 25.606053
13.337727, 0.279105, 25.374327
13.341613, 0.281654, 25.606053
13.346144, 0.281654, 25.606053
13.349849, 0.281654, 25.606053
13.353450, 0.279105, 25.374327
13.357287, 0.281654, 25.606053
13.362464, 0.279105, 25.374327
13.369435, 0.281654, 25.606053
13.375695, 0.281654, 25.606053
13.380760, 0.281654, 25.606053
13.384816, 0.281654, 25.606053
13.388617, 0.281654, 25.606053
13.392394, 0.281654, 25.606053
13.396570, 0.281654, 25.606053
13.400928, 0.281654, 25.606053
13.405152, 0.281654, 25.606053
13.407656, 0.279105, 25.374327
13.410895, 0.281654, 25.606053
13.414202, 0.281654, 25.606053
13.417489, 0.281654, 25.606053
13.421309, 0.279105, 25.374327
13.424471, 0.279105, 25.374327
13.427804, 0.281654, 25.606053
13.432059, 0.281654, 25.606053
13.436456, 0.281654, 25.606053
13.440510, 0.281654, 25.606053
13.445178, 0.281654, 25.606053
13.450137, 0.281654, 25.606053
13.454786, 0.281654, 25.606053
13.458866, 0.281654, 25.606053
13.462728, 0.281654, 25.606053
13.466436, 0.281654, 25.606053
13.469956, 0.281654, 25.606053
13.473297, 0.281654, 25.606053
13.476517, 0.281654, 25.606053
13.480258, 0.281654, 25.606053
13.482743, 0.279105, 25.374327
13.486103, 0.281654, 25.606053
13.489874, 0.281654, 25.606053
13.495157, 0.281654, 25.606053
13.503032, 0.281654, 25.606053
13.511377, 0.281654, 25.606053
13.519110, 0.281654, 25.606053
13.522544, 0.281654, 25.606053
13.526212, 0.281654, 25.606053
13.530071, 0.281654, 25.606053
13.533763, 0.279105, 25.374327
13.537460, 0.281654, 25.606053
13.541087, 0.279105, 25.374327
13.544868, 0.281654, 25.606053
13.548911, 0.281654, 25.606053
13.551643, 0.281654, 25.606053
13.556007, 0.281654, 25.606053
13.559449, 0.284203, 25.837780
13.563781, 0.279105, 25.374327
13.568240, 0.281654, 25.606053
13.572344, 0.281654, 25.606053
13.574389, 0.281654, 25.606053
13.576861, 0.281654, 25.606053
13.579785, 0.281654, 25.606053
13.582905, 0.281654, 25.606053
13.585904, 0.281654, 25.606053
13.588821, 0.281654, 25.606053
13.591700, 0.281654, 25.606053
13.595680, 0.281654, 25.606053
13.599847, 0.281654, 25.606053
13.603871, 0.281654, 25.606053
13.607013, 0.281654, 25.606053
13.610125, 0.281654, 25.606053
13.613400, 0.281654, 25.606053
13.616414, 0.279105, 25.374327
13.619357, 0.279105, 25.374327
13.622246, 0.281654, 25.606053
13.625642, 0.281654, 25.606053
13.629902, 0.281654, 25.606053
13.633839, 0.281654, 25.606053
13.636448, 0.281654, 25.606053
13.638424, 0.281654, 25.606053
13.641337, 0.281654, 25.606053
13.644443, 0.281654, 25.606053
13.647689, 0.281654, 25.606053
13.650686, 0.281654, 25.606053
13.653674, 0.281654, 25.606053
13.656821, 0.281654, 25.606053
13.659970, 0.281654, 25.606053
13.663204, 0.281654, 25.606053
13.667499, 0.281654, 25.606053
13.672249, 0.281654, 25.606053
13.676216, 0.281654, 25.606053
13.679898, 0.281654, 25.606053
13.683377, 0.281654, 25.606053
13.686797, 0.281654, 25.606053
13.690000, 0.281654, 25.606053
13.693049, 0.281654, 25.606053
13.696162, 0.279105, 25.374327
13.699363, 0.279105, 25.374327
13.702586, 0.279105, 25.374327
13.705949, 0.279105, 25.374327
13.709081, 0.281654, 25.606053
13.712209, 0.281654, 25.606053
13.715494, 0.281654, 25.606053
13.718677, 0.281654, 25.606053
13.722520, 0.281654, 25.606053
13.727162, 0.281654, 25.606053
13.731125, 0.281654, 25.606053
13.734715, 0.281654, 25.606053
13.738192, 0.281654, 25.606053
13.741594, 0.279105, 25.374327
13.744893, 0.281654, 25.606053
13.748242, 0.281654, 25.606053
13.751513, 0.281654, 25.606053
13.754730, 0.281654, 25.606053
13.757961, 0.281654, 25.606053
13.761033, 0.281654, 25.606053
13.764155, 0.279105, 25.374327
13.766874, 0.281654, 25.606053
13.769068, 0.279105, 25.374327
13.771685, 0.281654, 25.606053
13.774441, 0.279105, 25.374327
13.777282, 0.281654, 25.606053
13.780121, 0.281654, 25.606053
13.782731, 0.281654, 25.606053
13.784693, 0.281654, 25.606053
13.788231, 0.281654, 25.606053
13.791465, 0.281654, 25.606053
13.794752, 0.281654, 25.606053
13.798829, 0.281654, 25.606053
13.802134, 0.281654, 25.606053
13.805419, 0.279105, 25.374327
13.808692, 0.281654, 25.606053
13.811984, 0.279105, 25.374327
13.815494, 0.281654, 25.606053
13.819118, 0.281654, 25.606053
13.822520, 0.281654, 25.606053
13.825779, 0.281654, 25.606053
13.829408, 0.281654, 25.606053
13.833264, 0.279105, 25.374327
13.836967, 0.281654, 25.606053
13.840512, 0.281654, 25.606053
13.844013, 0.281654, 25.606053
13.847737, 0.281654, 25.606053
13.851605, 0.281654, 25.606053
13.855344, 0.281654, 25.606053
13.859332, 0.281654, 25.606053
13.863372, 0.281654, 25.606053
13.867367, 0.279105, 25.374327
13.871216, 0.281654, 25.606053
13.874860, 0.281654, 25.606053
13.878396, 0.279105, 25.374327
13.881991, 0.281654, 25.606053
13.885435, 0.281654, 25.606053
13.888837, 0.281654, 25.606053
13.892146, 0.281654, 25.606053
13.895378, 0.281654, 25.606053
13.898582, 0.281654, 25.606053
13.901883, 0.281654, 25.606053
13.905190, 0.281654, 25.606053
13.908420, 0.281654, 25.606053
13.911970, 0.281654, 25.606053
13.915789, 0.281654, 25.606053
13.919713, 0.281654, 25.606053
13.923283, 0.281654, 25.606053
13.926648, 0.279105, 25.374327
13.930383, 0.281654, 25.606053
13.933651, 0.281654, 25.606053
13.936748, 0.281654, 25.606053
13.939776, 0.281654, 25.606053
13.942843, 0.281654, 25.606053
13.946122, 0.281654, 25.606053
13.949397, 0.279105, 25.374327
13.952589, 0.281654, 25.606053
13.955743, 0.281654, 25.606053
13.958051, 0.281654, 25.606053
13.960566, 0.284203, 25.837780
13.964156, 0.281654, 25.606053
13.967781, 0.281654, 25.606053
13.971464, 0.281654, 25.606053
13.975028, 0.281654, 25.606053
13.977329, 0.281654, 25.606053
13.983919, 0.281654, 25.606053
13.989507, 0.279105, 25.374327
13.992852, 0.281654, 25.606053
13.995918, 0.279105, 25.374327
13.999609, 0.281654, 25.606053
14.003604, 0.281654, 25.606053
14.007816, 0.281654, 25.606053
14.011979, 0.281654, 25.606053
14.016442, 0.281654, 25.606053
14.020775, 0.281654, 25.606053
14.024821, 0.281654, 25.606053
14.028739, 0.281654, 25.606053
14.033410, 0.281654, 25.606053
14.038808, 0.281654, 25.606053
14.043772, 0.281654, 25.606053
14.047968, 0.281654, 25.606053
14.052025, 0.279105, 25.374327
14.055799, 0.281654, 25.606053
14.059605, 0.281654, 25.606053
14.063253, 0.281654, 25.606053
14.066894, 0.281654, 25.606053
14.071049, 0.281654, 25.606053
14.076658, 0.281654, 25.606053
14.082804, 0.281654, 25.606053
14.088864, 0.281654, 25.606053
14.095069, 0.281654, 25.606053
14.103871, 0.281654, 25.606053
14.111204, 0.279105, 25.374327
14.117942, 0.281654, 25.606053
14.124754, 0.279105, 25.374327
14.129798, 0.281654, 25.606053
14.132775, 0.281654, 25.606053
14.135885, 0.279105, 25.374327
14.139043, 0.279105, 25.374327
14.142238, 0.281654, 25.606053
14.145470, 0.281654, 25.606053
14.148716, 0.281654, 25.606053
14.151874, 0.281654, 25.606053
14.155059, 0.281654, 25.606053
14.158575, 0.281654, 25.606053
14.161174, 0.281654, 25.606053
14.166292, 0.281654, 25.606053
14.172665, 0.281654, 25.606053
14.180118, 0.281654, 25.606053
14.185825, 0.281654, 25.606053
14.188477, 0.281654, 25.606053
14.191009, 0.279105, 25.374327
14.194415, 0.281654, 25.606053
14.197451, 0.281654, 25.606053
14.200696, 0.281654, 25.606053
14.204262, 0.281654, 25.606053
14.208544, 0.281654, 25.606053
14.214713, 0.281654, 25.606053
14.220576, 0.281654, 25.606053
14.227689, 0.281654, 25.606053
14.233622, 0.281654, 25.606053
14.239403, 0.279105, 25.374327
14.245746, 0.281654, 25.606053
14.251302, 0.281654, 25.606053
14.254774, 0.281654, 25.606053
14.257863, 0.281654, 25.606053
14.261195, 0.281654, 25.606053
14.265164, 0.281654, 25.606053
14.270488, 0.281654, 25.606053
14.276606, 0.281654, 25.606053
14.281749, 0.281654, 25.606053
14.284450, 0.279105, 25.374327
14.287674, 0.281654, 25.606053
14.291274, 0.281654, 25.606053
14.297077, 0.279105, 25.374327
14.302977, 0.281654, 25.606053
14.308502, 0.279105, 25.374327
14.313983, 0.281654, 25.606053
14.319364, 0.281654, 25.606053
14.324714, 0.279105, 25.374327
14.330015, 0.279105, 25.374327
14.336056, 0.279105, 25.374327
14.341589, 0.279105, 25.374327
14.345864, 0.281654, 25.606053
14.348297, 0.281654, 25.606053
14.350940, 0.281654, 25.606053
14.354508, 0.279105, 25.374327
14.357481, 0.281654, 25.606053
14.360614, 0.281654, 25.606053
14.363181, 0.281654, 25.606053
14.365996, 0.279105, 25.374327
14.369229, 0.281654, 25.606053
14.372813, 0.281654, 25.606053
14.376801, 0.284203, 25.837780
14.381102, 0.279105, 25.374327
14.385426, 0.281654, 25.606053
14.389786, 0.281654, 25.606053
14.394362, 0.281654, 25.606053
14.399297, 0.281654, 25.606053
14.404581, 0.279105, 25.374327
14.409477, 0.281654, 25.606053
14.413524, 0.279105, 25.374327
14.417563, 0.279105, 25.374327
14.421510, 0.279105, 25.374327
14.425475, 0.281654, 25.606053
14.429512, 0.281654, 25.606053
14.433363, 0.281654, 25.606053
14.437285, 0.279105, 25.374327
14.441888, 0.281654, 25.606053
14.448372, 0.284203, 25.837780
14.454700, 0.281654, 25.606053
14.460431, 0.281654, 25.606053
14.465724, 0.281654, 25.606053
14.470221, 0.279105, 25.374327
14.474406, 0.279105, 25.374327
14.478667, 0.279105, 25.374327
14.482467, 0.281654, 25.606053
14.485529, 0.281654, 25.606053
14.488682, 0.279105, 25.374327
14.492470, 0.281654, 25.606053
14.497377, 0.279105, 25.374327
14.501649, 0.281654, 25.606053
14.506573, 0.279105, 25.374327
14.510829, 0.281654, 25.606053
14.514494, 0.281654, 25.606053
14.518132, 0.281654, 25.606053
14.521206, 0.281654, 25.606053
14.524016, 0.281654, 25.606053
14.527173, 0.281654, 25.606053
14.530557, 0.281654, 25.606053
14.534029, 0.281654, 25.606053
14.537503, 0.281654, 25.606053
14.541049, 0.281654, 25.606053
14.544513, 0.281654, 25.606053
14.547905, 0.281654, 25.606053
14.551075, 0.281654, 25.606053
14.553794, 0.281654, 25.606053
14.558416, 0.279105, 25.374327
14.563266, 0.281654, 25.606053
14.567913, 0.281654, 25.606053
14.571779, 0.279105, 25.374327
14.575529, 0.281654, 25.606053
14.578736, 0.279105, 25.374327
14.581377, 0.281654, 25.606053
14.585212, 0.281654, 25.606053
14.588994, 0.281654, 25.606053
14.592570, 0.279105, 25.374327
14.597232, 0.281654, 25.606053
14.602547, 0.281654, 25.606053
14.606976, 0.281654, 25.606053
14.610665, 0.281654, 25.606053
14.615495, 0.279105, 25.374327
14.621258, 0.281654, 25.606053
14.625085, 0.281654, 25.606053
14.628939, 0.281654, 25.606053
14.632868, 0.279105, 25.374327
14.636423, 0.279105, 25.374327
14.640206, 0.281654, 25.606053
14.643713, 0.279105, 25.374327
14.647217, 0.281654, 25.606053
14.650828, 0.281654, 25.606053
14.654036, 0.279105, 25.374327
14.657238, 0.279105, 25.374327
14.661086, 0.281654, 25.606053
14.663332, 0.281654, 25.606053
14.665601, 0.281654, 25.606053
14.668389, 0.279105, 25.374327
14.671570, 0.281654, 25.606053
14.674885, 0.281654, 25.606053
14.678190, 0.279105, 25.374327
14.681570, 0.279105, 25.374327
14.684834, 0.279105, 25.374327
14.687994, 0.279105, 25.374327
14.691138, 0.281654, 25.606053
14.694446, 0.281654, 25.606053
14.698349, 0.279105, 25.374327
14.702149, 0.281654, 25.606053
14.705774, 0.281654, 25.606053
14.709192, 0.281654, 25.606053
14.712653, 0.279105, 25.374327
14.715969, 0.281654, 25.606053
14.719143, 0.281654, 25.606053
14.722450, 0.281654, 25.606053
14.725823, 0.281654, 25.606053
14.729184, 0.281654, 25.606053
14.732566, 0.279105, 25.374327
14.735747, 0.279105, 25.374327
14.738908, 0.281654, 25.606053
14.741944, 0.279105, 25.374327
14.745064, 0.281654, 25.606053
14.748326, 0.281654, 25.606053
14.751751, 0.281654, 25.606053
14.755533, 0.281654, 25.606053
14.759264, 0.281654, 25.606053
14.762896, 0.281654, 25.606053
14.766421, 0.279105, 25.374327
14.769823, 0.281654, 25.606053
14.773090, 0.281654, 25.606053
14.776374, 0.281654, 25.606053
14.779674, 0.281654, 25.606053
14.783035, 0.281654, 25.606053
14.786514, 0.279105, 25.374327
14.790078, 0.281654, 25.606053
14.793522, 0.279105, 25.374327
14.796953, 0.281654, 25.606053
14.800379, 0.279105, 25.374327
14.803805, 0.279105, 25.374327
14.807192, 0.279105, 25.374327
14.810460, 0.281654, 25.606053
14.813759, 0.281654, 25.606053
14.817397, 0.281654, 25.606053
14.820940, 0.281654, 25.606053
14.823782, 0.281654, 25.606053
14.825932, 0.281654, 25.606053
14.828645, 0.281654, 25.606053
14.831624, 0.281654, 25.606053
14.834659, 0.279105, 25.374327
14.837811, 0.279105, 25.374327
14.840813, 0.281654, 25.606053
14.843844, 0.281654, 25.606053
14.846872, 0.281654, 25.606053
14.849852, 0.279105, 25.374327
14.852780, 0.281654, 25.606053
14.855583, 0.281654, 25.606053
14.857735, 0.279105, 25.374327
14.860771, 0.279105, 25.374327
14.864104, 0.279105, 25.374327
14.867539, 0.281654, 25.606053
14.870931, 0.281654, 25.606053
14.874345, 0.279105, 25.374327
14.877538, 0.281654, 25.606053
14.880687, 0.281654, 25.606053
14.883837, 0.281654, 25.606053
14.886961, 0.281654, 25.606053
14.890094, 0.279105, 25.374327
14.893210, 0.281654, 25.606053
14.896600, 0.281654, 25.606053
14.899952, 0.279105, 25.374327
14.903280, 0.279105, 25.374327
14.906640, 0.279105, 25.374327
14.909882, 0.281654, 25.606053
14.913123, 0.281654, 25.606053
14.916238, 0.279105, 25.374327
14.919296, 0.279105, 25.374327
14.922349, 0.279105, 25.374327
14.925362, 0.281654, 25.606053
14.928404, 0.281654, 25.606053
14.931478, 0.281654, 25.606053
14.934610, 0.281654, 25.606053
14.937687, 0.281654, 25.606053
14.940660, 0.281654, 25.606053
14.943633, 0.281654, 25.606053
14.947878, 0.281654, 25.606053
14.951094, 0.279105, 25.374327
14.954103, 0.281654, 25.606053
14.957024, 0.281654, 25.606053
14.959975, 0.281654, 25.606053
14.963652, 0.281654, 25.606053
14.967351, 0.279105, 25.374327
14.970808, 0.281654, 25.606053
14.974096, 0.279105, 25.374327
14.977756, 0.279105, 25.374327
14.979857, 0.279105, 25.374327
14.982621, 0.279105, 25.374327
14.985605, 0.281654, 25.606053
14.987769, 0.281654, 25.606053
14.990538, 0.281654, 25.606053
14.993696, 0.281654, 25.606053
14.996862, 0.281654, 25.606053
15.000413, 0.281654, 25.606053
15.004769, 0.281654, 25.606053
15.008631, 0.281654, 25.606053
15.011562, 0.279105, 25.374327
15.014319, 0.279105, 25.374327
15.017028, 0.281654, 25.606053
15.019737, 0.281654, 25.606053
15.023670, 0.279105, 25.374327
15.033968, 0.281654, 25.606053
15.042406, 0.281654, 25.606053
15.047846, 0.281654, 25.606053
15.051189, 0.281654, 25.606053
15.055509, 0.281654, 25.606053
15.059166, 0.279105, 25.374327
15.062640, 0.279105, 25.374327
15.066026, 0.281654, 25.606053
15.069364, 0.279105, 25.374327
15.072544, 0.281654, 25.606053
15.075618, 0.281654, 25.606053
15.078881, 0.281654, 25.606053
15.082201, 0.279105, 25.374327
15.086315, 0.281654, 25.606053
15.091145, 0.279105, 25.374327
15.094919, 0.279105, 25.374327
15.098480, 0.279105, 25.374327
15.102565, 0.281654, 25.606053
15.106663, 0.281654, 25.606053
15.110428, 0.281654, 25.606053
15.115099, 0.279105, 25.374327
15.120272, 0.281654, 25.606053
15.125013, 0.281654, 25.606053
15.128761, 0.279105, 25.374327
15.132231, 0.281654, 25.606053
15.135501, 0.279105, 25.374327
15.138718, 0.281654, 25.606053
15.142130, 0.279105, 25.374327
15.145752, 0.279105, 25.374327
15.150033, 0.281654, 25.606053
15.153990, 0.279105, 25.374327
15.157691, 0.281654, 25.606053
15.161792, 0.279105, 25.374327
15.165463, 0.281654, 25.606053
15.169258, 0.281654, 25.606053
15.172597, 0.279105, 25.374327
15.175855, 0.281654, 25.606053
15.179605, 0.281654, 25.606053
15.182761, 0.281654, 25.606053
15.185810, 0.279105, 25.374327
15.189716, 0.281654, 25.606053
15.193228, 0.281654, 25.606053
15.197203, 0.281654, 25.606053
15.201334, 0.281654, 25.606053
15.205356, 0.281654, 25.606053
15.208729, 0.281654, 25.606053
15.211827, 0.279105, 25.374327
15.214890, 0.281654, 25.606053
15.217976, 0.281654, 25.606053
15.220952, 0.279105, 25.374327
15.223879, 0.279105, 25.374327
15.226772, 0.281654, 25.606053
15.231172, 0.281654, 25.606053
15.233458, 0.281654, 25.606053
15.236771, 0.281654, 25.606053
15.240585, 0.279105, 25.374327
15.244284, 0.281654, 25.606053
15.248031, 0.279105, 25.374327
15.251855, 0.281654, 25.606053
15.255888, 0.281654, 25.606053
15.259794, 0.281654, 25.606053
15.263724, 0.281654, 25.606053
15.267392, 0.279105, 25.374327
15.271106, 0.279105, 25.374327
15.274580, 0.281654, 25.606053
15.278061, 0.281654, 25.606053
15.281563, 0.279105, 25.374327
15.284969, 0.279105, 25.374327
15.288349, 0.281654, 25.606053
15.292494, 0.281654, 25.606053
15.295917, 0.281654, 25.606053
15.299746, 0.281654, 25.606053
15.303589, 0.279105, 25.374327
15.307356, 0.281654, 25.606053
15.311002, 0.281654, 25.606053
15.432458, 0.281654, 25.606053
15.438741, 0.281654, 25.606053
15.444649, 0.279105, 25.374327
15.450214, 0.281654, 25.606053
15.454355, 0.279105, 25.374327
15.457002, 0.281654, 25.606053
15.459573, 0.279105, 25.374327
15.462808, 0.281654, 25.606053
15.465753, 0.281654, 25.606053
15.468761, 0.279105, 25.374327
15.472753, 0.281654, 25.606053
15.478947, 0.279105, 25.374327
15.484750, 0.279105, 25.374327
15.491633, 0.279105, 25.374327
15.499713, 0.281654, 25.606053
15.503615, 0.281654, 25.606053
15.507312, 0.279105, 25.374327
15.510616, 0.281654, 25.606053
15.516849, 0.281654, 25.606053
15.526364, 0.281654, 25.606053
15.533772, 0.281654, 25.606053
15.540001, 0.281654, 25.606053
15.546514, 0.281654, 25.606053
15.553475, 0.279105, 25.374327
15.562100, 0.281654, 25.606053
15.568401, 0.279105, 25.374327
15.575079, 0.281654, 25.606053
15.582404, 0.281654, 25.606053
15.589392, 0.281654, 25.606053
15.596240, 0.279105, 25.374327
15.603004, 0.281654, 25.606053
15.609848, 0.281654, 25.606053
15.616109, 0.281654, 25.606053
15.622452, 0.279105, 25.374327
15.628815, 0.281654, 25.606053
15.635136, 0.281654, 25.606053
15.641618, 0.281654, 25.606053
15.648633, 0.281654, 25.606053
15.655883, 0.281654, 25.606053
15.661687, 0.281654, 25.606053
15.667438, 0.279105, 25.374327
15.673317, 0.281654, 25.606053
15.678873, 0.281654, 25.606053
15.684532, 0.279105, 25.374327
15.689741, 0.279105, 25.374327
15.694498, 0.281654, 25.606053
15.697245, 0.281654, 25.606053
15.704419, 0.279105, 25.374327
15.711462, 0.281654, 25.606053
15.715340, 0.281654, 25.606053
15.722206, 0.281654, 25.606053
15.729147, 0.281654, 25.606053
15.736345, 0.281654, 25.606053
15.743240, 0.281654, 25.606053
15.749687, 0.279105, 25.374327
15.756129, 0.279105, 25.374327
15.762151, 0.281654, 25.606053
15.766633, 0.279105, 25.374327
15.769518, 0.281654, 25.606053
15.772591, 0.281654, 25.606053
15.775799, 0.281654, 25.606053
15.779519, 0.279105, 25.374327
15.783600, 0.279105, 25.374327
15.787682, 0.281654, 25.606053
15.791781, 0.281654, 25.606053
15.795694, 0.281654, 25.606053
15.799617, 0.279105, 25.374327
15.803593, 0.279105, 25.374327
15.808041, 0.279105, 25.374327
15.814052, 0.279105, 25.374327
15.820025, 0.281654, 25.606053
15.825421, 0.281654, 25.606053
15.830718, 0.279105, 25.374327
15.835922, 0.281654, 25.606053
15.841714, 0.281654, 25.606053
15.847642, 0.281654, 25.606053
15.853947, 0.279105, 25.374327
15.859504, 0.279105, 25.374327
15.864946, 0.279105, 25.374327
15.870485, 0.279105, 25.374327
15.875580, 0.281654, 25.606053
15.879910, 0.281654, 25.606053
15.883287, 0.279105, 25.374327
15.886634, 0.281654, 25.606053
15.890508, 0.281654, 25.606053
15.895274, 0.281654, 25.606053
15.903325, 0.281654, 25.606053
15.910430, 0.281654, 25.606053
15.916378, 0.281654, 25.606053
15.919721, 0.281654, 25.606053
15.923088, 0.281654, 25.606053
15.926869, 0.279105, 25.374327
15.931918, 0.281654, 25.606053
15.937447, 0.281654, 25.606053
15.942522, 0.281654, 25.606053
15.947072, 0.279105, 25.374327
15.951928, 0.279105, 25.374327
15.956340, 0.281654, 25.606053
15.960748, 0.281654, 25.606053
15.966046, 0.279105, 25.374327
15.970831, 0.281654, 25.606053
15.978099, 0.279105, 25.374327
15.981180, 0.279105, 25.374327
15.983734, 0.279105, 25.374327
15.986305, 0.279105, 25.374327
15.989050, 0.279105, 25.374327
15.993527, 0.279105, 25.374327
15.998849, 0.281654, 25.606053
16.005432, 0.279105, 25.374327
16.013162, 0.279105, 25.374327
16.022086, 0.281654, 25.606053
16.036049, 0.279105, 25.374327
16.045005, 0.281654, 25.606053
16.054623, 0.281654, 25.606053
16.063992, 0.279105, 25.374327
16.073007, 0.279105, 25.374327
16.078840, 0.281654, 25.606053
16.087338, 0.279105, 25.374327
16.094420, 0.279105, 25.374327
16.100648, 0.281654, 25.606053
16.106434, 0.279105, 25.374327
16.112663, 0.281654, 25.606053
16.121027, 0.281654, 25.606053
16.128748, 0.281654, 25.606053
16.136025, 0.279105, 25.374327
16.141239, 0.281654, 25.606053
16.145971, 0.281654, 25.606053
16.150523, 0.279105, 25.374327
16.155274, 0.281654, 25.606053
16.161474, 0.281654, 25.606053
16.168232, 0.279105, 25.374327
16.174237, 0.279105, 25.374327
16.180367, 0.279105, 25.374327
16.186224, 0.281654, 25.606053
16.191186, 0.279105, 25.374327
16.195641, 0.281654, 25.606053
16.199571, 0.281654, 25.606053
16.203217, 0.279105, 25.374327
16.206705, 0.279105, 25.374327
16.210109, 0.281654, 25.606053
16.213627, 0.281654, 25.606053
16.217047, 0.281654, 25.606053
16.220354, 0.279105, 25.374327
16.223786, 0.281654, 25.606053
16.228103, 0.281654, 25.606053
16.233841, 0.279105, 25.374327
16.238645, 0.281654, 25.606053
16.242582, 0.281654, 25.606053
16.246978, 0.281654, 25.606053
16.251707, 0.279105, 25.374327
16.257465, 0.279105, 25.374327
16.265165, 0.279105, 25.374327
16.270605, 0.279105, 25.374327
16.275290, 0.281654, 25.606053
16.279111, 0.281654, 25.606053
16.282720, 0.279105, 25.374327
16.286088, 0.279105, 25.374327
16.289492, 0.279105, 25.374327
16.292977, 0.281654, 25.606053
16.297062, 0.281654, 25.606053
16.300951, 0.279105, 25.374327
16.304637, 0.279105, 25.374327
16.308345, 0.281654, 25.606053
16.312224, 0.281654, 25.606053
16.315962, 0.279105, 25.374327
16.320128, 0.279105, 25.374327
16.324642, 0.279105, 25.374327
16.328794, 0.279105, 25.374327
16.332628, 0.281654, 25.606053
16.336502, 0.279105, 25.374327
16.340183, 0.281654, 25.606053
16.343661, 0.281654, 25.606053
16.347437, 0.281654, 25.606053
16.351009, 0.281654, 25.606053
16.354502, 0.279105, 25.374327
16.357887, 0.279105, 25.374327
16.361195, 0.279105, 25.374327
16.364456, 0.279105, 25.374327
16.367741, 0.281654, 25.606053
16.370986, 0.279105, 25.374327
16.374100, 0.281654, 25.606053
16.377327, 0.281654, 25.606053
16.380650, 0.281654, 25.606053
16.383861, 0.279105, 25.374327
16.387239, 0.279105, 25.374327
16.391396, 0.279105, 25.374327
16.397873, 0.279105, 25.374327
16.403950, 0.279105, 25.374327
16.408274, 0.281654, 25.606053
16.410746, 0.279105, 25.374327
16.413343, 0.279105, 25.374327
16.416089, 0.279105, 25.374327
16.419213, 0.281654, 25.606053
16.422450, 0.281654, 25.606053
16.426080, 0.281654, 25.606053
16.431161, 0.281654, 25.606053
16.436137, 0.281654, 25.606053
16.438964, 0.281654, 25.606053
16.441674, 0.279105, 25.374327
16.444809, 0.279105, 25.374327
16.450374, 0.281654, 25.606053
16.458721, 0.279105, 25.374327
16.465937, 0.281654, 25.606053
16.472063, 0.279105, 25.374327
16.477557, 0.279105, 25.374327
16.483213, 0.279105, 25.374327
16.488013, 0.279105, 25.374327
16.492934, 0.281654, 25.606053
16.499314, 0.281654, 25.606053
16.505605, 0.279105, 25.374327
16.513378, 0.279105, 25.374327
16.521710, 0.281654, 25.606053
16.529053, 0.279105, 25.374327
16.533684, 0.279105, 25.374327
16.536220, 0.279105, 25.374327
16.539296, 0.279105, 25.374327
16.544269, 0.281654, 25.606053
16.550379, 0.279105, 25.374327
16.556736, 0.279105, 25.374327
16.561843, 0.279105, 25.374327
16.565086, 0.279105, 25.374327
16.568733, 0.279105, 25.374327
16.572464, 0.279105, 25.374327
16.576033, 0.279105, 25.374327
16.580047, 0.279105, 25.374327
16.584480, 0.279105, 25.374327
16.590017, 0.279105, 25.374327
16.595246, 0.281654, 25.606053
16.599900, 0.281654, 25.606053
16.604828, 0.279105, 25.374327
16.608650, 0.279105, 25.374327
16.612501, 0.281654, 25.606053
16.616351, 0.279105, 25.374327
16.620233, 0.279105, 25.374327
16.624698, 0.279105, 25.374327
16.629288, 0.279105, 25.374327
16.633608, 0.279105, 25.374327
16.637330, 0.279105, 25.374327
16.640852, 0.279105, 25.374327
16.644531, 0.279105, 25.374327
16.648072, 0.281654, 25.606053
16.651650, 0.279105, 25.374327
16.655151, 0.281654, 25.606053
16.658834, 0.279105, 25.374327
16.662847, 0.279105, 25.374327
16.666474, 0.279105, 25.374327
16.669897, 0.279105, 25.374327
16.673322, 0.279105, 25.374327
16.676739, 0.279105, 25.374327
16.680067, 0.279105, 25.374327
16.683319, 0.281654, 25.606053
16.686480, 0.279105, 25.374327
16.689567, 0.279105, 25.374327
16.692721, 0.279105, 25.374327
16.697138, 0.279105, 25.374327
16.701013, 0.279105, 25.374327
16.705485, 0.281654, 25.606053
16.709682, 0.281654, 25.606053
16.713963, 0.279105, 25.374327
16.718170, 0.279105, 25.374327
16.722153, 0.281654, 25.606053
16.726247, 0.279105, 25.374327
16.730567, 0.279105, 25.374327
16.734781, 0.279105, 25.374327
16.738975, 0.279105, 25.374327
16.743485, 0.279105, 25.374327
16.749396, 0.281654, 25.606053
16.755517, 0.279105, 25.374327
16.761050, 0.279105, 25.374327
16.766557, 0.281654, 25.606053
16.772374, 0.281654, 25.606053
16.778879, 0.281654, 25.606053
16.784548, 0.281654, 25.606053
16.790667, 0.279105, 25.374327
16.796635, 0.279105, 25.374327
16.802505, 0.279105, 25.374327
16.807568, 0.281654, 25.606053
16.811976, 0.279105, 25.374327
16.816357, 0.279105, 25.374327
16.820825, 0.279105, 25.374327
16.826375, 0.281654, 25.606053
16.832594, 0.279105, 25.374327
16.838916, 0.279105, 25.374327
16.845126, 0.279105, 25.374327
16.851449, 0.279105, 25.374327
16.858454, 0.279105, 25.374327
16.865046, 0.279105, 25.374327
16.871781, 0.279105, 25.374327
16.877907, 0.281654, 25.606053
16.884214, 0.279105, 25.374327
16.890143, 0.279105, 25.374327
16.895298, 0.279105, 25.374327
16.899240, 0.281654, 25.606053
16.903693, 0.279105, 25.374327
16.908004, 0.281654, 25.606053
16.912776, 0.281654, 25.606053
16.917804, 0.281654, 25.606053
16.922288, 0.279105, 25.374327
16.927380, 0.281654, 25.606053
16.932925, 0.279105, 25.374327
16.938660, 0.281654, 25.606053
16.943375, 0.279105, 25.374327
16.948244, 0.279105, 25.374327
16.953026, 0.279105, 25.374327
16.957776, 0.279105, 25.374327
16.962070, 0.279105, 25.374327
16.965601, 0.281654, 25.606053
16.969094, 0.279105, 25.374327
16.972444, 0.279105, 25.374327
16.976000, 0.279105, 25.374327
16.979471, 0.281654, 25.606053
16.982775, 0.281654, 25.606053
16.986015, 0.279105, 25.374327
16.989275, 0.279105, 25.374327
16.992479, 0.279105, 25.374327
16.995953, 0.281654, 25.606053
16.999460, 0.279105, 25.374327
17.003160, 0.279105, 25.374327
17.006689, 0.279105, 25.374327
17.010329, 0.279105, 25.374327
17.013728, 0.279105, 25.374327
17.016940, 0.279105, 25.374327
17.020167, 0.279105, 25.374327
17.023294, 0.279105, 25.374327
17.026347, 0.279105, 25.374327
17.029680, 0.279105, 25.374327
17.032825, 0.281654, 25.606053
17.035899, 0.279105, 25.374327
17.039482, 0.279105, 25.374327
17.043264, 0.279105, 25.374327
17.047842, 0.279105, 25.374327
17.052830, 0.279105, 25.374327
17.057187, 0.279105, 25.374327
17.061032, 0.281654, 25.606053
17.065211, 0.279105, 25.374327
17.071734, 0.279105, 25.374327
17.077268, 0.279105, 25.374327
17.083156, 0.279105, 25.374327
17.088240, 0.279105, 25.374327
17.092524, 0.279105, 25.374327
17.096625, 0.281654, 25.606053
17.100667, 0.281654, 25.606053
17.104476, 0.279105, 25.374327
17.108025, 0.279105, 25.374327
17.111504, 0.279105, 25.374327
17.115065, 0.279105, 25.374327
17.118440, 0.279105, 25.374327
17.121744, 0.279105, 25.374327
17.125026, 0.281654, 25.606053
17.128296, 0.281654, 25.606053
17.131827, 0.279105, 25.374327
17.135954, 0.279105, 25.374327
17.139927, 0.279105, 25.374327
17.143714, 0.279105, 25.374327
17.147329, 0.279105, 25.374327
17.150639, 0.279105, 25.374327
17.153887, 0.279105, 25.374327
17.157039, 0.279105, 25.374327
17.160087, 0.279105, 25.374327
17.163322, 0.279105, 25.374327
17.166325, 0.279105, 25.374327
17.169302, 0.279105, 25.374327
17.172240, 0.279105, 25.374327
17.175209, 0.279105, 25.374327
17.178244, 0.279105, 25.374327
17.181289, 0.279105, 25.374327
17.184510, 0.279105, 25.374327
17.187711, 0.279105, 25.374327
17.190935, 0.279105, 25.374327
17.194130, 0.279105, 25.374327
17.197422, 0.279105, 25.374327
17.200697, 0.281654, 25.606053
17.204124, 0.279105, 25.374327
17.207532, 0.279105, 25.374327
17.210842, 0.279105, 25.374327
17.214278, 0.279105, 25.374327
17.217709, 0.279105, 25.374327
17.221000, 0.279105, 25.374327
17.224465, 0.279105, 25.374327
17.228791, 0.279105, 25.374327
17.233348, 0.281654, 25.606053
17.238601, 0.279105, 25.374327
17.244526, 0.279105, 25.374327
17.250429, 0.279105, 25.374327
17.255240, 0.279105, 25.374327
17.259644, 0.279105, 25.374327
17.263677, 0.279105, 25.374327
17.267371, 0.281654, 25.606053
17.270767, 0.279105, 25.374327
17.274316, 0.281654, 25.606053
17.277662, 0.279105, 25.374327
17.280729, 0.279105, 25.374327
17.283882, 0.279105, 25.374327
17.286905, 0.279105, 25.374327
17.289902, 0.279105, 25.374327
17.293029, 0.279105, 25.374327
17.296315, 0.279105, 25.374327
17.300343, 0.279105, 25.374327
17.303038, 0.281654, 25.606053
17.305465, 0.281654, 25.606053
17.308802, 0.279105, 25.374327
17.311846, 0.279105, 25.374327
17.315010, 0.279105, 25.374327
17.318197, 0.279105, 25.374327
17.321317, 0.279105, 25.374327
17.324426, 0.281654, 25.606053
17.327543, 0.279105, 25.374327
17.330690, 0.279105, 25.374327
17.334220, 0.281654, 25.606053
17.337731, 0.279105, 25.374327
17.341122, 0.279105, 25.374327
17.344480, 0.279105, 25.374327
17.347794, 0.279105, 25.374327
17.351035, 0.279105, 25.374327
17.354482, 0.279105, 25.374327
17.357782, 0.279105, 25.374327
17.361004, 0.279105, 25.374327
17.364411, 0.279105, 25.374327
17.368315, 0.279105, 25.374327
17.374165, 0.279105, 25.374327
17.382116, 0.279105, 25.374327
17.388720, 0.279105, 25.374327
17.394382, 0.279105, 25.374327
17.400671, 0.279105, 25.374327
17.406124, 0.281654, 25.606053
17.411765, 0.279105, 25.374327
17.417629, 0.279105, 25.374327
17.423666, 0.281654, 25.606053
17.430357, 0.279105, 25.374327
17.437396, 0.279105, 25.374327
17.445764, 0.279105, 25.374327
17.458950, 0.279105, 25.374327
17.470891, 0.279105, 25.374327
17.482479, 0.279105, 25.374327
17.495138, 0.279105, 25.374327
17.503025, 0.279105, 25.374327
17.510533, 0.279105, 25.374327
17.519351, 0.279105, 25.374327
17.526433, 0.279105, 25.374327
17.534292, 0.281654, 25.606053
17.541117, 0.279105, 25.374327
17.547238, 0.279105, 25.374327
17.551889, 0.281654, 25.606053
17.556472, 0.281654, 25.606053
17.561159, 0.279105, 25.374327
17.566414, 0.279105, 25.374327
17.572364, 0.279105, 25.374327
17.576605, 0.281654, 25.606053
17.581516, 0.279105, 25.374327
17.586362, 0.279105, 25.374327
17.590123, 0.279105, 25.374327
17.593616, 0.281654, 25.606053
17.597259, 0.279105, 25.374327
17.601775, 0.279105, 25.374327
17.606008, 0.279105, 25.374327
17.609733, 0.279105, 25.374327
17.613337, 0.279105, 25.374327
17.617087, 0.279105, 25.374327
17.620898, 0.279105, 25.374327
17.624560, 0.281654, 25.606053
17.628327, 0.279105, 25.374327
17.632268, 0.279105, 25.374327
17.635990, 0.279105, 25.374327
17.639618, 0.281654, 25.606053
17.643296, 0.279105, 25.374327
17.646963, 0.279105, 25.374327
17.650733, 0.279105, 25.374327
17.654408, 0.279105, 25.374327
17.657954, 0.279105, 25.374327
17.661637, 0.279105, 25.374327
17.665501, 0.279105, 25.374327
17.669583, 0.279105, 25.374327
17.673919, 0.279105, 25.374327
17.676677, 0.279105, 25.374327
17.680344, 0.279105, 25.374327
17.684782, 0.279105, 25.374327
17.689783, 0.279105, 25.374327
17.695083, 0.281654, 25.606053
17.700939, 0.281654, 25.606053
17.707099, 0.279105, 25.374327
17.711543, 0.279105, 25.374327
17.714347, 0.279105, 25.374327
17.717619, 0.281654, 25.606053
17.720929, 0.279105, 25.374327
17.724365, 0.281654, 25.606053
17.727950, 0.279105, 25.374327
17.730880, 0.279105, 25.374327
17.735654, 0.279105, 25.374327
17.741631, 0.279105, 25.374327
17.747301, 0.279105, 25.374327
17.753422, 0.279105, 25.374327
17.759688, 0.279105, 25.374327
17.765628, 0.279105, 25.374327
17.771588, 0.279105, 25.374327
17.778186, 0.279105, 25.374327
17.786273, 0.279105, 25.374327
17.793488, 0.279105, 25.374327
17.799483, 0.279105, 25.374327
17.805031, 0.281654, 25.606053
17.810634, 0.279105, 25.374327
17.817863, 0.279105, 25.374327
17.824771, 0.279105, 25.374327
17.828513, 0.279105, 25.374327
17.831538, 0.279105, 25.374327
17.836522, 0.279105, 25.374327
17.841245, 0.279105, 25.374327
17.844812, 0.279105, 25.374327
17.847491, 0.279105, 25.374327
17.850379, 0.279105, 25.374327
17.853623, 0.279105, 25.374327
17.858691, 0.279105, 25.374327
17.865157, 0.279105, 25.374327
17.871904, 0.279105, 25.374327
17.877825, 0.279105, 25.374327
17.883429, 0.279105, 25.374327
17.889137, 0.279105, 25.374327
17.895474, 0.279105, 25.374327
17.901679, 0.279105, 25.374327
17.907493, 0.281654, 25.606053
17.914004, 0.279105, 25.374327
17.918980, 0.279105, 25.374327
17.923895, 0.279105, 25.374327
17.928107, 0.279105, 25.374327
17.932116, 0.279105, 25.374327
17.935789, 0.279105, 25.374327
17.939375, 0.279105, 25.374327
17.942830, 0.279105, 25.374327
17.946223, 0.279105, 25.374327
17.949599, 0.281654, 25.606053
17.952921, 0.279105, 25.374327
17.956132, 0.281654, 25.606053
17.959303, 0.279105, 25.374327
17.962499, 0.279105, 25.374327
17.965726, 0.279105, 25.374327
17.968995, 0.279105, 25.374327
17.972247, 0.279105, 25.374327
17.975467, 0.279105, 25.374327
17.978249, 0.279105, 25.374327
17.980615, 0.279105, 25.374327
17.983321, 0.279105, 25.374327
17.986111, 0.279105, 25.374327
17.989155, 0.279105, 25.374327
17.992132, 0.279105, 25.374327
17.995122, 0.279105, 25.374327
17.998215, 0.279105, 25.374327
18.001409, 0.279105, 25.374327
18.004686, 0.279105, 25.374327
18.008014, 0.279105, 25.374327
18.011425, 0.279105, 25.374327
18.013585, 0.279105, 25.374327
18.016398, 0.281654, 25.606053
18.019735, 0.279105, 25.374327
18.023498, 0.279105, 25.374327
18.027135, 0.279105, 25.374327
18.031080, 0.279105, 25.374327
18.034622, 0.279105, 25.374327
18.038085, 0.279105, 25.374327
18.041498, 0.279105, 25.374327
18.044752, 0.279105, 25.374327
18.048091, 0.279105, 25.374327
18.051609, 0.279105, 25.374327
18.055468, 0.279105, 25.374327
18.059158, 0.279105, 25.374327
18.063260, 0.279105, 25.374327
18.067567, 0.279105, 25.374327
18.071475, 0.279105, 25.374327
18.075251, 0.279105, 25.374327
18.079200, 0.279105, 25.374327
18.083211, 0.279105, 25.374327
18.087259, 0.279105, 25.374327
18.091141, 0.279105, 25.374327
18.094964, 0.279105, 25.374327
18.098614, 0.279105, 25.374327
18.102080, 0.281654, 25.606053
18.105512, 0.279105, 25.374327
18.108866, 0.279105, 25.374327
18.112266, 0.281654, 25.606053
18.115517, 0.279105, 25.374327
18.118732, 0.279105, 25.374327
18.121955, 0.279105, 25.374327
18.125148, 0.279105, 25.374327
18.128473, 0.279105, 25.374327
18.131775, 0.279105, 25.374327
18.135008, 0.279105, 25.374327
18.138214, 0.279105, 25.374327
18.141625, 0.279105, 25.374327
18.145159, 0.279105, 25.374327
18.147652, 0.281654, 25.606053
18.150524, 0.279105, 25.374327
18.153753, 0.279105, 25.374327
18.156783, 0.279105, 25.374327
18.159779, 0.279105, 25.374327
18.162943, 0.279105, 25.374327
18.166217, 0.279105, 25.374327
18.169480, 0.279105, 25.374327
18.172651, 0.279105, 25.374327
18.175850, 0.279105, 25.374327
18.178856, 0.279105, 25.374327
18.180911, 0.279105, 25.374327
18.183669, 0.279105, 25.374327
18.187331, 0.279105, 25.374327
18.190406, 0.279105, 25.374327
18.193557, 0.279105, 25.374327
18.196890, 0.281654, 25.606053
18.200164, 0.279105, 25.374327
18.203418, 0.279105, 25.374327
18.206667, 0.279105, 25.374327
18.209836, 0.279105, 25.374327
18.212966, 0.279105, 25.374327
18.216260, 0.279105, 25.374327
18.219636, 0.279105, 25.374327
18.222835, 0.279105, 25.374327
18.226221, 0.279105, 25.374327
18.229295, 0.279105, 25.374327
18.233237, 0.281654, 25.606053
18.238925, 0.279105, 25.374327
18.243863, 0.279105, 25.374327
18.248946, 0.279105, 25.374327
18.251737, 0.279105, 25.374327
18.255759, 0.279105, 25.374327
18.259191, 0.279105, 25.374327
18.262579, 0.279105, 25.374327
18.265905, 0.279105, 25.374327
18.269074, 0.279105, 25.374327
18.272231, 0.281654, 25.606053
18.275395, 0.279105, 25.374327
18.278697, 0.279105, 25.374327
18.282084, 0.279105, 25.374327
18.285501, 0.279105, 25.374327
18.289414, 0.279105, 25.374327
18.292873, 0.279105, 25.374327
18.297066, 0.279105, 25.374327
18.302585, 0.279105, 25.374327
18.307415, 0.279105, 25.374327
18.311353, 0.279105, 25.374327
18.315236, 0.279105, 25.374327
18.319650, 0.279105, 25.374327
18.324189, 0.279105, 25.374327
18.328420, 0.279105, 25.374327
18.332430, 0.279105, 25.374327
18.336376, 0.279105, 25.374327
18.340445, 0.279105, 25.374327
18.344515, 0.279105, 25.374327
18.348523, 0.279105, 25.374327
18.352409, 0.279105, 25.374327
18.356234, 0.279105, 25.374327
18.360529, 0.279105, 25.374327
18.367173, 0.279105, 25.374327
18.374954, 0.279105, 25.374327
18.382461, 0.279105, 25.374327
18.390510, 0.279105, 25.374327
18.395641, 0.279105, 25.374327
18.398227, 0.279105, 25.374327
18.401357, 0.281654, 25.606053
18.404474, 0.279105, 25.374327
18.407744, 0.279105, 25.374327
18.412011, 0.279105, 25.374327
18.416873, 0.279105, 25.374327
18.421111, 0.279105, 25.374327
18.425191, 0.279105, 25.374327
18.429802, 0.279105, 25.374327
18.435572, 0.279105, 25.374327
18.441147, 0.279105, 25.374327
18.445833, 0.279105, 25.374327
18.452321, 0.279105, 25.374327
18.458374, 0.279105, 25.374327
18.464626, 0.279105, 25.374327
18.469973, 0.279105, 25.374327
18.474688, 0.279105, 25.374327
18.479843, 0.279105, 25.374327
18.487301, 0.279105, 25.374327
18.495940, 0.279105, 25.374327
18.505131, 0.279105, 25.374327
18.515028, 0.279105, 25.374327
18.522442, 0.279105, 25.374327
18.528853, 0.279105, 25.374327
18.534868, 0.279105, 25.374327
18.541028, 0.279105, 25.374327
18.544833, 0.279105, 25.374327
18.548609, 0.279105, 25.374327
18.552922, 0.279105, 25.374327
18.558072, 0.279105, 25.374327
18.563011, 0.279105, 25.374327
18.566213, 0.279105, 25.374327
18.569355, 0.279105, 25.374327
18.572697, 0.279105, 25.374327
18.576801, 0.279105, 25.374327
18.582210, 0.279105, 25.374327
18.588400, 0.279105, 25.374327
18.593594, 0.281654, 25.606053
18.600865, 0.279105, 25.374327
18.607371, 0.279105, 25.374327
18.613422, 0.279105, 25.374327
18.619574, 0.279105, 25.374327
18.627093, 0.279105, 25.374327
18.633037, 0.279105, 25.374327
18.641746, 0.279105, 25.374327
18.649466, 0.279105, 25.374327
18.655809, 0.279105, 25.374327
18.661527, 0.279105, 25.374327
18.668682, 0.279105, 25.374327
18.674565, 0.279105, 25.374327
18.679986, 0.279105, 25.374327
18.687832, 0.279105, 25.374327
18.692821, 0.279105, 25.374327
18.697603, 0.279105, 25.374327
18.702134, 0.279105, 25.374327
18.706285, 0.279105, 25.374327
18.710214, 0.279105, 25.374327
18.713420, 0.279105, 25.374327
18.716074, 0.279105, 25.374327
18.724585, 0.279105, 25.374327
18.732208, 0.279105, 25.374327
18.740807, 0.279105, 25.374327
18.750612, 0.279105, 25.374327
18.760301, 0.279105, 25.374327
18.769765, 0.279105, 25.374327
18.777063, 0.279105, 25.374327
18.784038, 0.279105, 25.374327
18.792972, 0.279105, 25.374327
18.799281, 0.279105, 25.374327
18.804631, 0.279105, 25.374327
18.809275, 0.279105, 25.374327
18.813209, 0.279105, 25.374327
18.817900, 0.279105, 25.374327
18.823751, 0.279105, 25.374327
18.829198, 0.279105, 25.374327
18.834266, 0.279105, 25.374327
18.839218, 0.279105, 25.374327
18.845238, 0.279105, 25.374327
18.852262, 0.279105, 25.374327
18.858041, 0.279105, 25.374327
18.863270, 0.279105, 25.374327
18.868161, 0.279105, 25.374327
18.873261, 0.279105, 25.374327
18.877618, 0.279105, 25.374327
18.882176, 0.279105, 25.374327
18.886049, 0.279105, 25.374327
18.889679, 0.279105, 25.374327
18.893623, 0.279105, 25.374327
18.897699, 0.279105, 25.374327
18.901760, 0.279105, 25.374327
18.905696, 0.279105, 25.374327
18.909509, 0.279105, 25.374327
18.913308, 0.279105, 25.374327
18.916908, 0.279105, 25.374327
18.920487, 0.279105, 25.374327
18.924044, 0.279105, 25.374327
18.927615, 0.279105, 25.374327
18.930958, 0.279105, 25.374327
18.934359, 0.279105, 25.374327
18.937595, 0.279105, 25.374327
18.941091, 0.279105, 25.374327
18.944599, 0.279105, 25.374327
18.948451, 0.279105, 25.374327
18.952298, 0.279105, 25.374327
18.958096, 0.279105, 25.374327
18.963858, 0.279105, 25.374327
18.968764, 0.279105, 25.374327
18.974038, 0.279105, 25.374327
18.979959, 0.279105, 25.374327
18.985887, 0.279105, 25.374327
18.989886, 0.279105, 25.374327
18.996551, 0.279105, 25.374327
19.003411, 0.279105, 25.374327
19.030807, 0.279105, 25.374327
19.039627, 0.279105, 25.374327
19.043864, 0.279105, 25.374327
19.047738, 0.279105, 25.374327
19.061844, 0.279105, 25.374327
19.079008, 0.279105, 25.374327
19.086595, 0.279105, 25.374327
19.091308, 0.279105, 25.374327
19.095705, 0.279105, 25.374327
19.102616, 0.279105, 25.374327
19.109026, 0.279105, 25.374327
19.116674, 0.279105, 25.374327
19.123842, 0.279105, 25.374327
19.129031, 0.279105, 25.374327
19.134004, 0.279105, 25.374327
19.140392, 0.279105, 25.374327
19.149927, 0.279105, 25.374327
19.159538, 0.279105, 25.374327
19.166828, 0.279105, 25.374327
19.174533, 0.279105, 25.374327
19.181167, 0.279105, 25.374327
19.187347, 0.279105, 25.374327
19.193099, 0.279105, 25.374327
19.198900, 0.279105, 25.374327
19.204685, 0.279105, 25.374327
19.210265, 0.279105, 25.374327
19.216022, 0.279105, 25.374327
19.221667, 0.279105, 25.374327
19.227175, 0.279105, 25.374327
19.233034, 0.279105, 25.374327
19.239442, 0.279105, 25.374327
19.245156, 0.279105, 25.374327
19.251355, 0.279105, 25.374327
19.256851, 0.279105, 25.374327
19.261646, 0.279105, 25.374327
19.267052, 0.279105, 25.374327
19.271531, 0.279105, 25.374327
19.276629, 0.279105, 25.374327
19.281181, 0.279105, 25.374327
19.285678, 0.279105, 25.374327
19.290124, 0.279105, 25.374327
19.294495, 0.279105, 25.374327
19.298523, 0.279105, 25.374327
19.302399, 0.281654, 25.606053
19.306035, 0.279105, 25.374327
19.309551, 0.279105, 25.374327
19.312979, 0.279105, 25.374327
19.316375, 0.279105, 25.374327
19.319721, 0.279105, 25.374327
19.323754, 0.279105, 25.374327
19.329475, 0.279105, 25.374327
19.335831, 0.279105, 25.374327
19.341500, 0.279105, 25.374327
19.347567, 0.279105, 25.374327
19.354216, 0.279105, 25.374327
19.358551, 0.279105, 25.374327
19.361159, 0.279105, 25.374327
19.364109, 0.279105, 25.374327
19.367396, 0.279105, 25.374327
19.370910, 0.279105, 25.374327
19.375203, 0.279105, 25.374327
19.378792, 0.279105, 25.374327
19.382634, 0.279105, 25.374327
19.386222, 0.279105, 25.374327
19.389560, 0.279105, 25.374327
19.392140, 0.279105, 25.374327
19.395050, 0.279105, 25.374327
19.398608, 0.279105, 25.374327
19.402456, 0.279105, 25.374327
19.406258, 0.279105, 25.374327
19.410064, 0.279105, 25.374327
19.414046, 0.279105, 25.374327
19.418181, 0.279105, 25.374327
19.422968, 0.279105, 25.374327
19.427819, 0.279105, 25.374327
19.432133, 0.279105, 25.374327
19.436159, 0.279105, 25.374327
19.439842, 0.279105, 25.374327
19.443419, 0.279105, 25.374327
19.447091, 0.279105, 25.374327
19.450576, 0.279105, 25.374327
19.453826, 0.279105, 25.374327
19.457079, 0.279105, 25.374327
19.460386, 0.279105, 25.374327
19.463926, 0.279105, 25.374327
19.467192, 0.279105, 25.374327
19.470549, 0.279105, 25.374327
19.473744, 0.279105, 25.374327
19.477036, 0.279105, 25.374327
19.480546, 0.279105, 25.374327
19.484004, 0.279105, 25.374327
19.487527, 0.279105, 25.374327
19.490750, 0.279105, 25.374327
19.494037, 0.279105, 25.374327
19.497547, 0.279105, 25.374327
19.501087, 0.279105, 25.374327
19.505066, 0.279105, 25.374327
19.508237, 0.279105, 25.374327
19.511331, 0.279105, 25.374327
19.514523, 0.279105, 25.374327
19.517625, 0.279105, 25.374327
19.520575, 0.279105, 25.374327
19.524289, 0.279105, 25.374327
19.526323, 0.279105, 25.374327
19.529280, 0.279105, 25.374327
19.532341, 0.279105, 25.374327
19.534899, 0.279105, 25.374327
19.537103, 0.279105, 25.374327
19.539563, 0.279105, 25.374327
19.542349, 0.279105, 25.374327
19.545310, 0.279105, 25.374327
19.548656, 0.279105, 25.374327
19.552070, 0.279105, 25.374327
19.555554, 0.279105, 25.374327
19.559064, 0.279105, 25.374327
19.563044, 0.279105, 25.374327
19.565137, 0.279105, 25.374327
19.567486, 0.279105, 25.374327
19.570198, 0.279105, 25.374327
19.573503, 0.279105, 25.374327
19.576433, 0.279105, 25.374327
19.579731, 0.279105, 25.374327
19.581946, 0.279105, 25.374327
19.584694, 0.279105, 25.374327
19.587384, 0.279105, 25.374327
19.590253, 0.279105, 25.374327
19.593181, 0.279105, 25.374327
19.597366, 0.279105, 25.374327
19.600161, 0.279105, 25.374327
19.602821, 0.279105, 25.374327
19.605632, 0.279105, 25.374327
19.608377, 0.279105, 25.374327
19.611093, 0.279105, 25.374327
19.614234, 0.279105, 25.374327
19.617492, 0.279105, 25.374327
19.620976, 0.279105, 25.374327
19.623944, 0.279105, 25.374327
19.626892, 0.279105, 25.374327
19.630006, 0.279105, 25.374327
19.632879, 0.279105, 25.374327
19.636004, 0.279105, 25.374327
19.638828, 0.279105, 25.374327
19.641585, 0.279105, 25.374327
19.644777, 0.279105, 25.374327
19.647777, 0.279105, 25.374327
19.650796, 0.279105, 25.374327
19.653587, 0.279105, 25.374327
19.656426, 0.279105, 25.374327
19.659196, 0.279105, 25.374327
19.662180, 0.279105, 25.374327
19.665083, 0.279105, 25.374327
19.668224, 0.279105, 25.374327
19.671051, 0.279105, 25.374327
19.673768, 0.279105, 25.374327
19.676718, 0.279105, 25.374327
19.679974, 0.279105, 25.374327
19.682892, 0.279105, 25.374327
19.686004, 0.279105, 25.374327
19.688887, 0.279105, 25.374327
19.691670, 0.279105, 25.374327
19.694493, 0.279105, 25.374327
19.697460, 0.279105, 25.374327
19.700569, 0.279105, 25.374327
19.703537, 0.279105, 25.374327
19.706667, 0.279105, 25.374327
19.709631, 0.279105, 25.374327
19.712873, 0.279105, 25.374327
19.717493, 0.279105, 25.374327
19.723815, 0.279105, 25.374327
19.728885, 0.279105, 25.374327
19.732769, 0.281654, 25.606053
19.736670, 0.279105, 25.374327
19.739427, 0.279105, 25.374327
19.741936, 0.279105, 25.374327
19.745326, 0.279105, 25.374327
19.748999, 0.279105, 25.374327
19.752743, 0.279105, 25.374327
19.756193, 0.279105, 25.374327
19.759641, 0.279105, 25.374327
19.763249, 0.279105, 25.374327
19.767166, 0.279105, 25.374327
19.770865, 0.279105, 25.374327
19.773263, 0.281654, 25.606053
19.775879, 0.279105, 25.374327
19.779925, 0.279105, 25.374327
19.783192, 0.279105, 25.374327
19.786485, 0.279105, 25.374327
19.790263, 0.281654, 25.606053
19.793789, 0.279105, 25.374327
19.797208, 0.281654, 25.606053
19.800440, 0.279105, 25.374327
19.803537, 0.279105, 25.374327
19.806439, 0.279105, 25.374327
19.809219, 0.279105, 25.374327
19.811425, 0.279105, 25.374327
19.814398, 0.279105, 25.374327
19.817648, 0.279105, 25.374327
19.820904, 0.279105, 25.374327
19.824144, 0.279105, 25.374327
19.827235, 0.281654, 25.606053
19.829865, 0.279105, 25.374327
19.832576, 0.279105, 25.374327
19.835338, 0.279105, 25.374327
19.838641, 0.279105, 25.374327
19.841456, 0.279105, 25.374327
19.843667, 0.279105, 25.374327
19.846186, 0.279105, 25.374327
19.848575, 0.279105, 25.374327
19.850943, 0.279105, 25.374327
19.853589, 0.279105, 25.374327
19.856280, 0.279105, 25.374327
19.859403, 0.279105, 25.374327
19.862338, 0.279105, 25.374327
19.865333, 0.279105, 25.374327
19.868724, 0.279105, 25.374327
19.870841, 0.279105, 25.374327
19.873174, 0.279105, 25.374327
19.875788, 0.279105, 25.374327
19.879440, 0.279105, 25.374327
19.882494, 0.279105, 25.374327
19.885067, 0.279105, 25.374327
19.887805, 0.279105, 25.374327
19.890586, 0.279105, 25.374327
19.893601, 0.279105, 25.374327
19.896056, 0.279105, 25.374327
19.898614, 0.279105, 25.374327
19.901822, 0.279105, 25.374327
19.904882, 0.279105, 25.374327
19.908006, 0.279105, 25.374327
19.912719, 0.279105, 25.374327
19.920294, 0.279105, 25.374327
19.926097, 0.279105, 25.374327
19.928913, 0.279105, 25.374327
19.931813, 0.279105, 25.374327
19.934822, 0.279105, 25.374327
19.938682, 0.279105, 25.374327
19.941686, 0.279105, 25.374327
19.944755, 0.279105, 25.374327
19.947693, 0.281654, 25.606053
19.952035, 0.279105, 25.374327
19.955518, 0.279105, 25.374327
19.958537, 0.279105, 25.374327
19.961502, 0.279105, 25.374327
19.964394, 0.279105, 25.374327
19.967294, 0.279105, 25.374327
19.970345, 0.279105, 25.374327
19.972499, 0.279105, 25.374327
19.975206, 0.279105, 25.374327
19.978317, 0.279105, 25.374327
19.982080, 0.279105, 25.374327
19.985810, 0.279105, 25.374327
19.989526, 0.279105, 25.374327
19.992990, 0.279105, 25.374327
19.996710, 0.279105, 25.374327
19.999643, 0.279105, 25.374327
20.002464, 0.279105, 25.374327
20.004912, 0.279105, 25.374327
20.007331, 0.279105, 25.374327
20.010085, 0.279105, 25.374327
20.013106, 0.279105, 25.374327
20.016196, 0.279105, 25.374327
20.019194, 0.281654, 25.606053
20.022614, 0.279105, 25.374327
20.025717, 0.279105, 25.374327
20.028858, 0.279105, 25.374327
20.031865, 0.279105, 25.374327
20.034066, 0.279105, 25.374327
20.036595, 0.279105, 25.374327
20.039313, 0.279105, 25.374327
20.042523, 0.279105, 25.374327
20.045580, 0.279105, 25.374327
20.048656, 0.279105, 25.374327
20.051846, 0.279105, 25.374327
20.054921, 0.279105, 25.374327
20.058453, 0.279105, 25.374327
20.062329, 0.279105, 25.374327
20.066742, 0.279105, 25.374327
20.070431, 0.279105, 25.374327
20.075237, 0.281654, 25.606053
20.079504, 0.279105, 25.374327
20.083498, 0.279105, 25.374327
20.087141, 0.279105, 25.374327
20.090504, 0.279105, 25.374327
20.093382, 0.279105, 25.374327
20.096442, 0.279105, 25.374327
20.099356, 0.279105, 25.374327
20.102338, 0.279105, 25.374327
20.105872, 0.279105, 25.374327
20.109399, 0.279105, 25.374327
20.112929, 0.279105, 25.374327
20.117067, 0.279105, 25.374327
20.121157, 0.281654, 25.606053
20.125020, 0.279105, 25.374327
20.128764, 0.279105, 25.374327
20.132501, 0.279105, 25.374327
20.136087, 0.279105, 25.374327
20.139549, 0.279105, 25.374327
20.142856, 0.279105, 25.374327
20.146200, 0.281654, 25.606053
20.149514, 0.279105, 25.374327
20.152879, 0.279105, 25.374327
20.156478, 0.281654, 25.606053
20.160281, 0.279105, 25.374327
20.163960, 0.279105, 25.374327
20.167576, 0.279105, 25.374327
20.171012, 0.279105, 25.374327
20.174356, 0.279105, 25.374327
20.177705, 0.279105, 25.374327
20.181013, 0.279105, 25.374327
20.184436, 0.279105, 25.374327
20.187707, 0.279105, 25.374327
20.190935, 0.279105, 25.374327
20.193873, 0.279105, 25.374327
20.196909, 0.279105, 25.374327
20.199899, 0.279105, 25.374327
20.202886, 0.279105, 25.374327
20.205922, 0.279105, 25.374327
20.208958, 0.279105, 25.374327
20.212216, 0.279105, 25.374327
20.215626, 0.279105, 25.374327
20.218967, 0.279105, 25.374327
20.222231, 0.279105, 25.374327
20.225446, 0.279105, 25.374327
20.228872, 0.279105, 25.374327
20.231398, 0.279105, 25.374327
20.234473, 0.281654, 25.606053
20.237789, 0.279105, 25.374327
20.241056, 0.279105, 25.374327
20.244307, 0.279105, 25.374327
20.248751, 0.279105, 25.374327
20.251460, 0.279105, 25.374327
20.254047, 0.279105, 25.374327
20.256803, 0.279105, 25.374327
20.259470, 0.279105, 25.374327
20.262321, 0.279105, 25.374327
20.265755, 0.279105, 25.374327
20.268022, 0.279105, 25.374327
20.270976, 0.279105, 25.374327
20.274659, 0.279105, 25.374327
20.278329, 0.279105, 25.374327
20.281805, 0.279105, 25.374327
20.285314, 0.279105, 25.374327
20.288805, 0.279105, 25.374327
20.292218, 0.279105, 25.374327
20.296353, 0.279105, 25.374327
20.301185, 0.279105, 25.374327
20.304472, 0.279105, 25.374327
20.308250, 0.279105, 25.374327
20.311466, 0.279105, 25.374327
20.314524, 0.281654, 25.606053
20.317643, 0.279105, 25.374327
20.320624, 0.279105, 25.374327
20.323769, 0.279105, 25.374327
20.327011, 0.279105, 25.374327
20.330503, 0.279105, 25.374327
20.333632, 0.279105, 25.374327
20.337129, 0.281654, 25.606053
20.340696, 0.279105, 25.374327
20.344311, 0.279105, 25.374327
20.346993, 0.279105, 25.374327
20.349397, 0.279105, 25.374327
20.352432, 0.279105, 25.374327
20.355396, 0.279105, 25.374327
20.358111, 0.279105, 25.374327
20.360342, 0.279105, 25.374327
20.362897, 0.279105, 25.374327
20.365656, 0.279105, 25.374327
20.368554, 0.279105, 25.374327
20.371340, 0.279105, 25.374327
20.374077, 0.279105, 25.374327
20.376901, 0.281654, 25.606053
20.380108, 0.279105, 25.374327
20.382388, 0.279105, 25.374327
20.384674, 0.279105, 25.374327
20.387307, 0.279105, 25.374327
20.390558, 0.279105, 25.374327
20.393346, 0.279105, 25.374327
20.396375, 0.279105, 25.374327
20.399421, 0.279105, 25.374327
20.402596, 0.279105, 25.374327
20.405799, 0.279105, 25.374327
20.409115, 0.279105, 25.374327
20.412717, 0.279105, 25.374327
20.416573, 0.279105, 25.374327
20.421240, 0.279105, 25.374327
20.427796, 0.281654, 25.606053
20.433225, 0.279105, 25.374327
20.438995, 0.279105, 25.374327
20.444153, 0.279105, 25.374327
20.448455, 0.279105, 25.374327
20.451945, 0.279105, 25.374327
20.455376, 0.279105, 25.374327
20.458584, 0.279105, 25.374327
20.461672, 0.279105, 25.374327
20.464672, 0.279105, 25.374327
20.467725, 0.279105, 25.374327
20.470809, 0.279105, 25.374327
20.473648, 0.279105, 25.374327
20.476699, 0.279105, 25.374327
20.479828, 0.279105, 25.374327
20.482978, 0.279105, 25.374327
20.486280, 0.279105, 25.374327
20.490055, 0.279105, 25.374327
20.494779, 0.279105, 25.374327
20.501891, 0.279105, 25.374327
20.508095, 0.279105, 25.374327
20.513417, 0.279105, 25.374327
20.517591, 0.279105, 25.374327
20.521328, 0.279105, 25.374327
20.524916, 0.279105, 25.374327
20.528195, 0.279105, 25.374327
20.531457, 0.279105, 25.374327
20.534724, 0.279105, 25.374327
20.537941, 0.279105, 25.374327
20.541162, 0.281654, 25.606053
20.544247, 0.279105, 25.374327
20.547283, 0.279105, 25.374327
20.550871, 0.279105, 25.374327
20.553936, 0.279105, 25.374327
20.556877, 0.279105, 25.374327
20.560496, 0.279105, 25.374327
20.562985, 0.279105, 25.374327
20.565558, 0.279105, 25.374327
20.568584, 0.279105, 25.374327
20.571627, 0.279105, 25.374327
20.575197, 0.279105, 25.374327
20.579128, 0.281654, 25.606053
20.581465, 0.279105, 25.374327
20.584065, 0.279105, 25.374327
20.586824, 0.279105, 25.374327
20.589610, 0.279105, 25.374327
20.591832, 0.279105, 25.374327
20.594495, 0.279105, 25.374327
20.597567, 0.279105, 25.374327
20.600754, 0.279105, 25.374327
20.604564, 0.279105, 25.374327
20.607730, 0.279105, 25.374327
20.611082, 0.279105, 25.374327
20.614626, 0.279105, 25.374327
20.618005, 0.279105, 25.374327
20.621504, 0.279105, 25.374327
20.624748, 0.279105, 25.374327
20.628002, 0.279105, 25.374327
20.631280, 0.281654, 25.606053
20.634665, 0.279105, 25.374327
20.637908, 0.279105, 25.374327
20.641244, 0.279105, 25.374327
20.644304, 0.279105, 25.374327
20.646330, 0.279105, 25.374327
20.648759, 0.281654, 25.606053
20.651774, 0.279105, 25.374327
20.654677, 0.279105, 25.374327
20.657537, 0.279105, 25.374327
20.660403, 0.279105, 25.374327
20.662526, 0.279105, 25.374327
20.665610, 0.279105, 25.374327
20.668933, 0.279105, 25.374327
20.672394, 0.279105, 25.374327
20.675109, 0.279105, 25.374327
20.677481, 0.279105, 25.374327
20.680104, 0.279105, 25.374327
20.682655, 0.279105, 25.374327
20.684915, 0.281654, 25.606053
20.687465, 0.279105, 25.374327
20.690205, 0.279105, 25.374327
20.692901, 0.279105, 25.374327
20.696487, 0.279105, 25.374327
20.699327, 0.281654, 25.606053
20.702167, 0.279105, 25.374327
20.705171, 0.279105, 25.374327
20.707883, 0.279105, 25.374327
20.710549, 0.279105, 25.374327
20.713317, 0.279105, 25.374327
20.715907, 0.279105, 25.374327
20.718890, 0.279105, 25.374327
20.722122, 0.279105, 25.374327
20.724480, 0.279105, 25.374327
20.727185, 0.279105, 25.374327
20.730243, 0.279105, 25.374327
20.733286, 0.281654, 25.606053
20.736441, 0.279105, 25.374327
20.739512, 0.281654, 25.606053
20.742730, 0.279105, 25.374327
20.745296, 0.279105, 25.374327
20.748080, 0.279105, 25.374327
20.750933, 0.279105, 25.374327
20.754054, 0.279105, 25.374327
20.757030, 0.279105, 25.374327
20.760208, 0.279105, 25.374327
20.763386, 0.279105, 25.374327
20.766401, 0.279105, 25.374327
20.769356, 0.279105, 25.374327
20.772700, 0.279105, 25.374327
20.775682, 0.279105, 25.374327
20.779737, 0.281654, 25.606053
20.782497, 0.279105, 25.374327
20.785129, 0.279105, 25.374327
20.787853, 0.279105, 25.374327
20.790871, 0.281654, 25.606053
20.793973, 0.279105, 25.374327
20.797005, 0.279105, 25.374327
20.800044, 0.279105, 25.374327
20.803103, 0.279105, 25.374327
20.806071, 0.279105, 25.374327
20.809006, 0.279105, 25.374327
20.811916, 0.279105, 25.374327
20.815264, 0.279105, 25.374327
20.818314, 0.279105, 25.374327
20.820999, 0.279105, 25.374327
20.824585, 0.279105, 25.374327
20.827743, 0.279105, 25.374327
20.830094, 0.279105, 25.374327
20.832820, 0.279105, 25.374327
20.835788, 0.279105, 25.374327
20.838774, 0.279105, 25.374327
20.841665, 0.279105, 25.374327
20.844373, 0.279105, 25.374327
20.847528, 0.279105, 25.374327
20.850528, 0.279105, 25.374327
20.853414, 0.279105, 25.374327
20.856557, 0.279105, 25.374327
20.859917, 0.279105, 25.374327
20.863015, 0.279105, 25.374327
20.866254, 0.279105, 25.374327
20.869376, 0.279105, 25.374327
20.872534, 0.279105, 25.374327
20.875648, 0.279105, 25.374327
20.878843, 0.279105, 25.374327
20.882174, 0.279105, 25.374327
20.885344, 0.279105, 25.374327
20.888493, 0.279105, 25.374327
20.891582, 0.279105, 25.374327
20.894587, 0.279105, 25.374327
20.897800, 0.279105, 25.374327
20.901014, 0.279105, 25.374327
20.904581, 0.279105, 25.374327
20.907535, 0.279105, 25.374327
20.910600, 0.279105, 25.374327
20.913773, 0.279105, 25.374327
20.916902, 0.279105, 25.374327
20.919942, 0.279105, 25.374327
20.923063, 0.279105, 25.374327
20.925952, 0.279105, 25.374327
20.929299, 0.279105, 25.374327
20.932541, 0.279105, 25.374327
20.935477, 0.279105, 25.374327
20.938676, 0.279105, 25.374327
20.941855, 0.279105, 25.374327
20.945048, 0.279105, 25.374327
20.947431, 0.279105, 25.374327
20.950101, 0.279105, 25.374327
20.953256, 0.279105, 25.374327
20.955845, 0.279105, 25.374327
20.958215, 0.279105, 25.374327
20.960825, 0.279105, 25.374327
20.963694, 0.279105, 25.374327
20.966573, 0.279105, 25.374327
20.970209, 0.279105, 25.374327
20.975420, 0.279105, 25.374327
20.981858, 0.279105, 25.374327
20.987510, 0.279105, 25.374327
20.992700, 0.279105, 25.374327
20.996767, 0.279105, 25.374327
21.000653, 0.279105, 25.374327
21.004042, 0.279105, 25.374327
21.007238, 0.279105, 25.374327
21.010306, 0.279105, 25.374327
21.013329, 0.279105, 25.374327
21.016350, 0.279105, 25.374327
21.019398, 0.281654, 25.606053
21.022416, 0.279105, 25.374327
21.025459, 0.279105, 25.374327
21.028463, 0.279105, 25.374327
21.031652, 0.279105, 25.374327
21.034792, 0.279105, 25.374327
21.037751, 0.279105, 25.374327
21.040890, 0.279105, 25.374327
21.044192, 0.279105, 25.374327
21.047388, 0.279105, 25.374327
21.050407, 0.279105, 25.374327
21.053518, 0.279105, 25.374327
21.056700, 0.279105, 25.374327
21.059753, 0.279105, 25.374327
21.063034, 0.279105, 25.374327
21.066296, 0.279105, 25.374327
21.069235, 0.279105, 25.374327
21.072906, 0.279105, 25.374327
21.074988, 0.279105, 25.374327
21.077411, 0.279105, 25.374327
21.080949, 0.281654, 25.606053
21.084049, 0.279105, 25.374327
21.087426, 0.279105, 25.374327
21.090838, 0.279105, 25.374327
21.094696, 0.279105, 25.374327
21.098804, 0.279105, 25.374327
21.105205, 0.279105, 25.374327
21.113156, 0.279105, 25.374327
21.120669, 0.279105, 25.374327
21.126825, 0.279105, 25.374327
21.131660, 0.279105, 25.374327
21.135522, 0.279105, 25.374327
21.138945, 0.279105, 25.374327
21.141570, 0.279105, 25.374327
21.144176, 0.279105, 25.374327
21.147420, 0.279105, 25.374327
21.150317, 0.279105, 25.374327
21.153045, 0.279105, 25.374327
21.156095, 0.279105, 25.374327
21.159380, 0.279105, 25.374327
21.162604, 0.279105, 25.374327
21.165502, 0.279105, 25.374327
21.168763, 0.279105, 25.374327
21.170992, 0.279105, 25.374327
21.173875, 0.279105, 25.374327
21.177183, 0.279105, 25.374327
21.181529, 0.279105, 25.374327
21.185902, 0.279105, 25.374327
21.189781, 0.279105, 25.374327
21.193632, 0.279105, 25.374327
21.198040, 0.279105, 25.374327
21.202323, 0.279105, 25.374327
21.205951, 0.279105, 25.374327
21.209373, 0.279105, 25.374327
21.214025, 0.279105, 25.374327
21.216093, 0.281654, 25.606053
21.218489, 0.279105, 25.374327
21.221059, 0.279105, 25.374327
21.223806, 0.279105, 25.374327
21.226934, 0.279105, 25.374327
21.231233, 0.279105, 25.374327
21.235135, 0.279105, 25.374327
21.238965, 0.279105, 25.374327
21.244433, 0.279105, 25.374327
21.247147, 0.279105, 25.374327
21.250542, 0.279105, 25.374327
21.254634, 0.279105, 25.374327
21.257759, 0.279105, 25.374327
21.260918, 0.279105, 25.374327
21.264467, 0.279105, 25.374327
21.268190, 0.279105, 25.374327
21.271836, 0.279105, 25.374327
21.274933, 0.279105, 25.374327
21.277654, 0.279105, 25.374327
21.280489, 0.279105, 25.374327
21.282857, 0.279105, 25.374327
21.285508, 0.279105, 25.374327
21.288673, 0.279105, 25.374327
21.291987, 0.279105, 25.374327
21.295448, 0.279105, 25.374327
21.298834, 0.279105, 25.374327
21.302370, 0.279105, 25.374327
21.306452, 0.279105, 25.374327
21.311364, 0.279105, 25.374327
21.313658, 0.279105, 25.374327
21.316411, 0.279105, 25.374327
21.319241, 0.279105, 25.374327
21.322414, 0.279105, 25.374327
21.324510, 0.279105, 25.374327
21.327836, 0.279105, 25.374327
21.330329, 0.279105, 25.374327
21.334605, 0.279105, 25.374327
21.339963, 0.279105, 25.374327
21.344815, 0.279105, 25.374327
21.348977, 0.276556, 25.142601
21.352880, 0.279105, 25.374327
21.356593, 0.279105, 25.374327
21.360103, 0.279105, 25.374327
21.363451, 0.279105, 25.374327
21.366807, 0.279105, 25.374327
21.370154, 0.279105, 25.374327
21.373280, 0.279105, 25.374327
21.376378, 0.279105, 25.374327
21.379585, 0.279105, 25.374327
21.381622, 0.279105, 25.374327
21.384079, 0.279105, 25.374327
21.386448, 0.279105, 25.374327
21.389405, 0.279105, 25.374327
21.392435, 0.279105, 25.374327
21.395526, 0.279105, 25.374327
21.397759, 0.279105, 25.374327
21.400002, 0.279105, 25.374327
21.402421, 0.279105, 25.374327
21.404883, 0.279105, 25.374327
21.407588, 0.279105, 25.374327
21.413080, 0.279105, 25.374327
21.418669, 0.279105, 25.374327
21.422750, 0.279105, 25.374327
21.426440, 0.279105, 25.374327
21.429030, 0.279105, 25.374327
21.431523, 0.279105, 25.374327
21.434580, 0.279105, 25.374327
21.436873, 0.279105, 25.374327
21.439453, 0.279105, 25.374327
21.442452, 0.279105, 25.374327
21.446269, 0.279105, 25.374327
21.449157, 0.279105, 25.374327
21.452071, 0.279105, 25.374327
21.455011, 0.279105, 25.374327
21.458108, 0.279105, 25.374327
21.461397, 0.279105, 25.374327
21.464908, 0.279105, 25.374327
21.468941, 0.279105, 25.374327
21.473569, 0.279105, 25.374327
21.480165, 0.281654, 25.606053
21.485684, 0.279105, 25.374327
21.490563, 0.279105, 25.374327
21.495097, 0.279105, 25.374327
21.499005, 0.279105, 25.374327
21.503036, 0.279105, 25.374327
21.506628, 0.279105, 25.374327
21.510182, 0.279105, 25.374327
21.514088, 0.279105, 25.374327
21.517358, 0.279105, 25.374327
21.520375, 0.279105, 25.374327
21.523837, 0.279105, 25.374327
21.525885, 0.279105, 25.374327
21.528471, 0.279105, 25.374327
21.531882, 0.279105, 25.374327
21.534473, 0.279105, 25.374327
21.538509, 0.279105, 25.374327
21.542350, 0.279105, 25.374327
21.544998, 0.279105, 25.374327
21.547211, 0.279105, 25.374327
21.549621, 0.279105, 25.374327
21.552158, 0.279105, 25.374327
21.554526, 0.279105, 25.374327
21.557759, 0.279105, 25.374327
21.561272, 0.279105, 25.374327
21.565012, 0.279105, 25.374327
21.568485, 0.279105, 25.374327
21.571857, 0.279105, 25.374327
21.575374, 0.279105, 25.374327
21.578792, 0.279105, 25.374327
21.581257, 0.279105, 25.374327
21.584036, 0.276556, 25.142601
21.587059, 0.279105, 25.374327
21.589976, 0.279105, 25.374327
21.593672, 0.279105, 25.374327
21.596016, 0.279105, 25.374327
21.598721, 0.279105, 25.374327
21.601753, 0.279105, 25.374327
21.604262, 0.279105, 25.374327
21.607470, 0.279105, 25.374327
21.611300, 0.279105, 25.374327
21.614325, 0.279105, 25.374327
21.617411, 0.279105, 25.374327
21.620556, 0.279105, 25.374327
21.623725, 0.279105, 25.374327
21.626950, 0.279105, 25.374327
21.629522, 0.279105, 25.374327
21.632116, 0.279105, 25.374327
21.635100, 0.279105, 25.374327
21.638250, 0.279105, 25.374327
21.641336, 0.279105, 25.374327
21.644647, 0.279105, 25.374327
21.647739, 0.279105, 25.374327
21.650700, 0.279105, 25.374327
21.653675, 0.279105, 25.374327
21.656740, 0.279105, 25.374327
21.659601, 0.279105, 25.374327
21.662640, 0.279105, 25.374327
21.665536, 0.279105, 25.374327
21.668422, 0.279105, 25.374327
21.671351, 0.279105, 25.374327
21.674213, 0.279105, 25.374327
21.677234, 0.279105, 25.374327
21.680216, 0.279105, 25.374327
21.682993, 0.279105, 25.374327
21.687384, 0.279105, 25.374327
21.691532, 0.279105, 25.374327
21.695231, 0.279105, 25.374327
21.700042, 0.279105, 25.374327
21.711588, 0.279105, 25.374327
21.715663, 0.279105, 25.374327
21.718964, 0.279105, 25.374327
21.722091, 0.279105, 25.374327
21.725154, 0.279105, 25.374327
21.728980, 0.279105, 25.374327
21.735533, 0.279105, 25.374327
21.740870, 0.279105, 25.374327
21.745367, 0.279105, 25.374327
21.748297, 0.279105, 25.374327
21.751440, 0.279105, 25.374327
21.754895, 0.279105, 25.374327
21.758205, 0.279105, 25.374327
21.761371, 0.279105, 25.374327
21.764590, 0.279105, 25.374327
21.767998, 0.279105, 25.374327
21.770965, 0.279105, 25.374327
21.773888, 0.279105, 25.374327
21.776833, 0.279105, 25.374327
21.779793, 0.279105, 25.374327
21.782820, 0.279105, 25.374327
21.786154, 0.279105, 25.374327
21.789299, 0.279105, 25.374327
21.792418, 0.279105, 25.374327
21.795195, 0.279105, 25.374327
21.797545, 0.279105, 25.374327
21.800333, 0.279105, 25.374327
21.803400, 0.279105, 25.374327
21.806832, 0.279105, 25.374327
21.810014, 0.279105, 25.374327
21.813372, 0.279105, 25.374327
21.816738, 0.279105, 25.374327
21.819750, 0.279105, 25.374327
21.822664, 0.279105, 25.374327
21.825661, 0.279105, 25.374327
21.828661, 0.279105, 25.374327
21.830862, 0.279105, 25.374327
21.833557, 0.279105, 25.374327
21.836489, 0.279105, 25.374327
21.839130, 0.279105, 25.374327
21.842487, 0.279105, 25.374327
21.845957, 0.279105, 25.374327
21.848456, 0.279105, 25.374327
21.850845, 0.279105, 25.374327
21.853521, 0.279105, 25.374327
21.856414, 0.279105, 25.374327
21.858467, 0.279105, 25.374327
21.861049, 0.279105, 25.374327
21.864166, 0.279105, 25.374327
21.867097, 0.279105, 25.374327
21.869368, 0.279105, 25.374327
21.872294, 0.279105, 25.374327
21.875215, 0.279105, 25.374327
21.878173, 0.279105, 25.374327
21.880886, 0.279105, 25.374327
21.883917, 0.279105, 25.374327
21.886917, 0.279105, 25.374327
21.890080, 0.279105, 25.374327
21.892316, 0.279105, 25.374327
21.894715, 0.279105, 25.374327
21.897819, 0.279105, 25.374327
21.900991, 0.279105, 25.374327
21.904101, 0.279105, 25.374327
21.908202, 0.279105, 25.374327
21.911201, 0.279105, 25.374327
21.913419, 0.279105, 25.374327
21.916051, 0.279105, 25.374327
21.919428, 0.279105, 25.374327
21.922172, 0.279105, 25.374327
21.924409, 0.279105, 25.374327
21.926828, 0.279105, 25.374327
21.930916, 0.279105, 25.374327
21.933911, 0.279105, 25.374327
21.936722, 0.279105, 25.374327
21.940001, 0.279105, 25.374327
21.942992, 0.279105, 25.374327
21.945862, 0.279105, 25.374327
21.948134, 0.279105, 25.374327
21.951853, 0.279105, 25.374327
21.954146, 0.279105, 25.374327
21.956535, 0.279105, 25.374327
21.959934, 0.279105, 25.374327
21.962694, 0.279105, 25.374327
21.964752, 0.279105, 25.374327
21.967138, 0.279105, 25.374327
21.970236, 0.279105, 25.374327
21.972537, 0.279105, 25.374327
21.974723, 0.279105, 25.374327
21.977266, 0.279105, 25.374327
21.981378, 0.279105, 25.374327
21.985412, 0.279105, 25.374327
21.988551, 0.279105, 25.374327
21.993804, 0.279105, 25.374327
21.996252, 0.279105, 25.374327
21.998828, 0.279105, 25.374327
22.001864, 0.279105, 25.374327
22.004936, 0.279105, 25.374327
22.007949, 0.279105, 25.374327
22.012238, 0.279105, 25.374327
22.016489, 0.279105, 25.374327
22.028568, 0.279105, 25.374327
22.033404, 0.279105, 25.374327
22.039059, 0.279105, 25.374327
22.046516, 0.279105, 25.374327
22.055446, 0.279105, 25.374327
22.064463, 0.279105, 25.374327
22.073641, 0.279105, 25.374327
22.097655, 0.279105, 25.374327
22.105435, 0.279105, 25.374327
22.109124, 0.279105, 25.374327
22.111965, 0.279105, 25.374327
22.114845, 0.279105, 25.374327
22.118648, 0.279105, 25.374327
22.127055, 0.279105, 25.374327
22.133854, 0.279105, 25.374327
22.139587, 0.279105, 25.374327
22.144318, 0.279105, 25.374327
22.148624, 0.279105, 25.374327
22.152435, 0.279105, 25.374327
22.156528, 0.279105, 25.374327
22.160331, 0.279105, 25.374327
22.163921, 0.279105, 25.374327
22.167403, 0.279105, 25.374327
22.170680, 0.279105, 25.374327
22.173905, 0.279105, 25.374327
22.177227, 0.279105, 25.374327
22.180886, 0.279105, 25.374327
22.184967, 0.279105, 25.374327
22.189308, 0.279105, 25.374327
22.193603, 0.279105, 25.374327
22.196802, 0.279105, 25.374327
22.198933, 0.279105, 25.374327
22.201457, 0.279105, 25.374327
22.204243, 0.279105, 25.374327
22.207856, 0.279105, 25.374327
22.212402, 0.279105, 25.374327
22.217768, 0.279105, 25.374327
22.230186, 0.279105, 25.374327
22.238557, 0.279105, 25.374327
22.246815, 0.279105, 25.374327
22.253344, 0.279105, 25.374327
22.259055, 0.279105, 25.374327
22.264474, 0.279105, 25.374327
22.269386, 0.279105, 25.374327
22.273651, 0.279105, 25.374327
22.278007, 0.279105, 25.374327
22.283153, 0.279105, 25.374327
22.288032, 0.279105, 25.374327
22.292139, 0.279105, 25.374327
22.296150, 0.279105, 25.374327
22.300389, 0.279105, 25.374327
22.303878, 0.279105, 25.374327
22.307390, 0.279105, 25.374327
22.310901, 0.279105, 25.374327
22.315094, 0.279105, 25.374327
22.324134, 0.279105, 25.374327
22.331335, 0.279105, 25.374327
22.337253, 0.279105, 25.374327
22.342542, 0.279105, 25.374327
22.347239, 0.279105, 25.374327
22.352237, 0.279105, 25.374327
22.356895, 0.279105, 25.374327
22.361227, 0.279105, 25.374327
22.366655, 0.279105, 25.374327
22.371652, 0.279105, 25.374327
22.375866, 0.279105, 25.374327
22.379781, 0.279105, 25.374327
22.383547, 0.279105, 25.374327
22.387285, 0.279105, 25.374327
22.390926, 0.279105, 25.374327
22.394579, 0.279105, 25.374327
22.398551, 0.279105, 25.374327
22.402490, 0.279105, 25.374327
22.406439, 0.279105, 25.374327
22.410060, 0.279105, 25.374327
22.413577, 0.279105, 25.374327
22.417319, 0.279105, 25.374327
22.420807, 0.279105, 25.374327
22.424429, 0.279105, 25.374327
22.428674, 0.279105, 25.374327
22.433634, 0.279105, 25.374327
22.438016, 0.279105, 25.374327
22.442001, 0.279105, 25.374327
22.445734, 0.279105, 25.374327
22.449754, 0.279105, 25.374327
22.453551, 0.279105, 25.374327
22.457284, 0.279105, 25.374327
22.460836, 0.279105, 25.374327
22.464368, 0.279105, 25.374327
22.467952, 0.279105, 25.374327
22.471657, 0.279105, 25.374327
22.475268, 0.279105, 25.374327
22.479054, 0.279105, 25.374327
22.482554, 0.279105, 25.374327
22.486375, 0.279105, 25.374327
22.489937, 0.279105, 25.374327
22.493534, 0.279105, 25.374327
22.497444, 0.279105, 25.374327
22.500350, 0.279105, 25.374327
22.503598, 0.279105, 25.374327
22.506946, 0.279105, 25.374327
22.510249, 0.279105, 25.374327
22.513542, 0.279105, 25.374327
22.516910, 0.279105, 25.374327
22.520185, 0.279105, 25.374327
22.523339, 0.279105, 25.374327
22.526399, 0.279105, 25.374327
22.530359, 0.279105, 25.374327
22.536833, 0.279105, 25.374327
22.542595, 0.279105, 25.374327
22.545705, 0.279105, 25.374327
22.548098, 0.279105, 25.374327
22.551082, 0.281654, 25.606053
22.554240, 0.279105, 25.374327
22.557370, 0.279105, 25.374327
22.561077, 0.279105, 25.374327
22.565883, 0.279105, 25.374327
22.570116, 0.279105, 25.374327
22.573985, 0.279105, 25.374327
22.577654, 0.279105, 25.374327
22.580372, 0.279105, 25.374327
22.582943, 0.279105, 25.374327
22.585797, 0.279105, 25.374327
22.589034, 0.279105, 25.374327
22.591971, 0.279105, 25.374327
22.594411, 0.279105, 25.374327
22.596859, 0.279105, 25.374327
22.599558, 0.281654, 25.606053
22.602809, 0.279105, 25.374327
22.605989, 0.281654, 25.606053
22.609306, 0.279105, 25.374327
22.612720, 0.279105, 25.374327
22.616115, 0.279105, 25.374327
22.619776, 0.279105, 25.374327
22.623387, 0.279105, 25.374327
22.626746, 0.279105, 25.374327
22.631141, 0.279105, 25.374327
22.635657, 0.279105, 25.374327
22.640839, 0.279105, 25.374327
22.646147, 0.279105, 25.374327
22.650595, 0.279105, 25.374327
22.654617, 0.279105, 25.374327
22.658410, 0.279105, 25.374327
22.663388, 0.279105, 25.374327
22.668279, 0.279105, 25.374327
22.673175, 0.279105, 25.374327
22.678662, 0.279105, 25.374327
22.684678, 0.279105, 25.374327
22.690306, 0.279105, 25.374327
22.693772, 0.279105, 25.374327
22.697763, 0.279105, 25.374327
22.701347, 0.279105, 25.374327
22.705435, 0.279105, 25.374327
22.709164, 0.279105, 25.374327
22.714012, 0.279105, 25.374327
22.719623, 0.279105, 25.374327
22.724932, 0.279105, 25.374327
22.730079, 0.279105, 25.374327
22.734831, 0.279105, 25.374327
22.739606, 0.279105, 25.374327
22.745908, 0.279105, 25.374327
22.750473, 0.279105, 25.374327
22.755018, 0.279105, 25.374327
22.759838, 0.279105, 25.374327
22.764831, 0.279105, 25.374327
22.769135, 0.279105, 25.374327
22.773436, 0.279105, 25.374327
22.777737, 0.279105, 25.374327
22.782214, 0.279105, 25.374327
22.787032, 0.279105, 25.374327
22.792521, 0.279105, 25.374327
22.796520, 0.279105, 25.374327
22.800204, 0.279105, 25.374327
22.804028, 0.279105, 25.374327
22.806378, 0.279105, 25.374327
22.810406, 0.279105, 25.374327
22.817041, 0.279105, 25.374327
22.825581, 0.279105, 25.374327
22.833875, 0.279105, 25.374327
22.841374, 0.279105, 25.374327
22.848289, 0.279105, 25.374327
22.854735, 0.279105, 25.374327
22.860595, 0.279105, 25.374327
22.865035, 0.279105, 25.374327
22.867838, 0.279105, 25.374327
22.870883, 0.279105, 25.374327
22.874265, 0.279105, 25.374327
22.878493, 0.279105, 25.374327
22.883280, 0.279105, 25.374327
22.887899, 0.279105, 25.374327
22.891874, 0.279105, 25.374327
22.895894, 0.279105, 25.374327
22.899565, 0.279105, 25.374327
22.903563, 0.279105, 25.374327
22.906132, 0.279105, 25.374327
22.909255, 0.279105, 25.374327
22.912734, 0.279105, 25.374327
22.916694, 0.279105, 25.374327
22.921210, 0.279105, 25.374327
22.926462, 0.279105, 25.374327
22.932291, 0.279105, 25.374327
22.937756, 0.279105, 25.374327
22.943573, 0.279105, 25.374327
22.950406, 0.279105, 25.374327
22.957628, 0.279105, 25.374327
22.963890, 0.279105, 25.374327
22.969856, 0.279105, 25.374327
22.976777, 0.279105, 25.374327
22.982971, 0.279105, 25.374327
22.989463, 0.279105, 25.374327
22.995993, 0.279105, 25.374327
23.001900, 0.279105, 25.374327
23.007918, 0.279105, 25.374327
23.013952, 0.279105, 25.374327
23.019719, 0.279105, 25.374327
23.025638, 0.279105, 25.374327
23.032381, 0.279105, 25.374327
23.038932, 0.279105, 25.374327
23.045083, 0.279105, 25.374327
23.052161, 0.279105, 25.374327
23.060456, 0.279105, 25.374327
23.068887, 0.279105, 25.374327
23.076345, 0.279105, 25.374327
23.082851, 0.279105, 25.374327
23.087582, 0.279105, 25.374327
23.092006, 0.279105, 25.374327
23.097417, 0.279105, 25.374327
23.102674, 0.279105, 25.374327
23.107557, 0.279105, 25.374327
23.112910, 0.279105, 25.374327
23.119625, 0.279105, 25.374327
23.125621, 0.279105, 25.374327
23.129230, 0.279105, 25.374327
23.131745, 0.279105, 25.374327
23.134650, 0.279105, 25.374327
23.137876, 0.279105, 25.374327
23.141160, 0.279105, 25.374327
23.144488, 0.279105, 25.374327
23.147311, 0.279105, 25.374327
23.150121, 0.279105, 25.374327
23.153711, 0.279105, 25.374327
23.157716, 0.279105, 25.374327
23.163067, 0.279105, 25.374327
23.168835, 0.279105, 25.374327
23.174343, 0.279105, 25.374327
23.179677, 0.279105, 25.374327
23.184927, 0.279105, 25.374327
23.192177, 0.279105, 25.374327
23.196619, 0.279105, 25.374327
23.199325, 0.279105, 25.374327
23.202146, 0.279105, 25.374327
23.205104, 0.279105, 25.374327
23.208305, 0.279105, 25.374327
23.211441, 0.279105, 25.374327
23.214890, 0.279105, 25.374327
23.217778, 0.279105, 25.374327
23.220394, 0.279105, 25.374327
23.223433, 0.279105, 25.374327
23.226769, 0.279105, 25.374327
23.230795, 0.279105, 25.374327
23.234585, 0.279105, 25.374327
23.238296, 0.279105, 25.374327
23.242357, 0.279105, 25.374327
23.249669, 0.279105, 25.374327
23.256178, 0.279105, 25.374327
23.262510, 0.279105, 25.374327
23.268924, 0.279105, 25.374327
23.274937, 0.279105, 25.374327
23.280740, 0.279105, 25.374327
23.285619, 0.279105, 25.374327
23.290248, 0.279105, 25.374327
23.294315, 0.279105, 25.374327
23.299289, 0.279105, 25.374327
23.304205, 0.279105, 25.374327
23.308468, 0.279105, 25.374327
23.312601, 0.279105, 25.374327
23.317057, 0.279105, 25.374327
23.321523, 0.279105, 25.374327
23.325848, 0.279105, 25.374327
23.330351, 0.279105, 25.374327
23.334691, 0.281654, 25.606053
23.338779, 0.279105, 25.374327
23.342583, 0.279105, 25.374327
23.346615, 0.279105, 25.374327
23.350296, 0.279105, 25.374327
23.353697, 0.279105, 25.374327
23.357022, 0.279105, 25.374327
23.360331, 0.279105, 25.374327
23.363564, 0.279105, 25.374327
23.366686, 0.279105, 25.374327
23.369897, 0.279105, 25.374327
23.373043, 0.279105, 25.374327
23.376152, 0.279105, 25.374327
23.379812, 0.279105, 25.374327
23.381760, 0.279105, 25.374327
23.384107, 0.279105, 25.374327
23.386778, 0.279105, 25.374327
23.389651, 0.279105, 25.374327
23.392488, 0.279105, 25.374327
23.395119, 0.279105, 25.374327
23.397113, 0.279105, 25.374327
23.399917, 0.279105, 25.374327
23.403353, 0.279105, 25.374327
23.406773, 0.279105, 25.374327
23.410192, 0.279105, 25.374327
23.413601, 0.279105, 25.374327
23.416881, 0.279105, 25.374327
23.420130, 0.279105, 25.374327
23.423326, 0.279105, 25.374327
23.426450, 0.281654, 25.606053
23.429701, 0.279105, 25.374327
23.433189, 0.279105, 25.374327
23.436482, 0.281654, 25.606053
23.439705, 0.279105, 25.374327
23.442996, 0.279105, 25.374327
23.446421, 0.279105, 25.374327
23.449660, 0.279105, 25.374327
23.453203, 0.279105, 25.374327
23.455126, 0.279105, 25.374327
23.457494, 0.279105, 25.374327
23.460051, 0.279105, 25.374327
23.463277, 0.279105, 25.374327
23.465667, 0.279105, 25.374327
23.468054, 0.279105, 25.374327
23.470711, 0.279105, 25.374327
23.473955, 0.279105, 25.374327
23.477182, 0.279105, 25.374327
23.480682, 0.279105, 25.374327
23.484689, 0.279105, 25.374327
23.489626, 0.279105, 25.374327
23.493926, 0.279105, 25.374327
23.497863, 0.279105, 25.374327
23.501552, 0.279105, 25.374327
23.504376, 0.279105, 25.374327
23.506833, 0.281654, 25.606053
23.509552, 0.279105, 25.374327
23.512579, 0.279105, 25.374327
23.516211, 0.279105, 25.374327
23.520067, 0.279105, 25.374327
23.523625, 0.279105, 25.374327
23.527049, 0.279105, 25.374327
23.530045, 0.279105, 25.374327
23.532840, 0.279105, 25.374327
23.536051, 0.279105, 25.374327
23.539488, 0.279105, 25.374327
23.543140, 0.279105, 25.374327
23.545682, 0.279105, 25.374327
23.548194, 0.281654, 25.606053
23.551059, 0.279105, 25.374327
23.554044, 0.279105, 25.374327
23.557034, 0.281654, 25.606053
23.559732, 0.279105, 25.374327
23.562970, 0.281654, 25.606053
23.567073, 0.279105, 25.374327
23.571058, 0.279105, 25.374327
23.575066, 0.279105, 25.374327
23.578845, 0.279105, 25.374327
23.582687, 0.279105, 25.374327
23.586567, 0.279105, 25.374327
23.590142, 0.279105, 25.374327
23.593612, 0.279105, 25.374327
23.597469, 0.279105, 25.374327
23.601528, 0.279105, 25.374327
23.607034, 0.279105, 25.374327
23.612491, 0.279105, 25.374327
23.619316, 0.279105, 25.374327
23.626451, 0.279105, 25.374327
23.631683, 0.279105, 25.374327
23.635764, 0.279105, 25.374327
23.639907, 0.279105, 25.374327
23.644559, 0.279105, 25.374327
23.649368, 0.279105, 25.374327
23.654480, 0.279105, 25.374327
23.659275, 0.279105, 25.374327
23.663830, 0.279105, 25.374327
23.668948, 0.279105, 25.374327
23.674379, 0.279105, 25.374327
23.679363, 0.279105, 25.374327
23.683908, 0.279105, 25.374327
23.688627, 0.279105, 25.374327
23.693550, 0.281654, 25.606053
23.697763, 0.281654, 25.606053
23.701911, 0.279105, 25.374327
23.706781, 0.279105, 25.374327
23.711596, 0.279105, 25.374327
23.715648, 0.279105, 25.374327
23.720350, 0.279105, 25.374327
23.726837, 0.279105, 25.374327
23.734660, 0.279105, 25.374327
23.741171, 0.279105, 25.374327
23.746644, 0.279105, 25.374327
23.751680, 0.281654, 25.606053
23.756655, 0.279105, 25.374327
23.762080, 0.279105, 25.374327
23.767433, 0.279105, 25.374327
23.772962, 0.279105, 25.374327
23.779086, 0.279105, 25.374327
23.786479, 0.279105, 25.374327
23.796057, 0.279105, 25.374327
23.803945, 0.279105, 25.374327
23.810645, 0.281654, 25.606053
23.816630, 0.279105, 25.374327
23.822669, 0.281654, 25.606053
23.829081, 0.279105, 25.374327
23.835779, 0.279105, 25.374327
23.842648, 0.281654, 25.606053
23.848770, 0.281654, 25.606053
23.855607, 0.279105, 25.374327
23.861018, 0.279105, 25.374327
23.868127, 0.279105, 25.374327
23.874239, 0.279105, 25.374327
23.882238, 0.279105, 25.374327
23.891468, 0.279105, 25.374327
23.898531, 0.279105, 25.374327
23.904249, 0.279105, 25.374327
23.909300, 0.279105, 25.374327
23.914949, 0.279105, 25.374327
23.920599, 0.279105, 25.374327
23.926005, 0.279105, 25.374327
23.929679, 0.279105, 25.374327
23.932469, 0.279105, 25.374327
23.935649, 0.279105, 25.374327
23.939101, 0.279105, 25.374327
23.942767, 0.281654, 25.606053
23.946046, 0.279105, 25.374327
23.948766, 0.279105, 25.374327
23.951665, 0.279105, 25.374327
23.954901, 0.279105, 25.374327
23.958513, 0.279105, 25.374327
23.965524, 0.279105, 25.374327
23.973540, 0.279105, 25.374327
23.978755, 0.279105, 25.374327
23.981509, 0.279105, 25.374327
23.984921, 0.279105, 25.374327
23.988474, 0.281654, 25.606053
23.992165, 0.279105, 25.374327
23.998594, 0.279105, 25.374327
24.001701, 0.279105, 25.374327
24.004535, 0.279105, 25.374327
24.007569, 0.279105, 25.374327
24.012288, 0.279105, 25.374327
24.019663, 0.279105, 25.374327
24.026363, 0.279105, 25.374327
24.032627, 0.279105, 25.374327
24.039488, 0.279105, 25.374327
24.045981, 0.279105, 25.374327
24.051960, 0.279105, 25.374327
24.057652, 0.279105, 25.374327
24.064235, 0.279105, 25.374327
24.071580, 0.279105, 25.374327
24.078856, 0.279105, 25.374327
24.086242, 0.279105, 25.374327
24.093231, 0.279105, 25.374327
24.099144, 0.279105, 25.374327
24.104050, 0.279105, 25.374327
24.108435, 0.279105, 25.374327
24.112692, 0.279105, 25.374327
24.117358, 0.279105, 25.374327
24.123453, 0.279105, 25.374327
24.127995, 0.279105, 25.374327
24.131483, 0.279105, 25.374327
24.135454, 0.279105, 25.374327
24.138713, 0.279105, 25.374327
24.143039, 0.279105, 25.374327
24.146500, 0.279105, 25.374327
24.150535, 0.279105, 25.374327
24.154498, 0.281654, 25.606053
24.158353, 0.281654, 25.606053
24.161920, 0.281654, 25.606053
24.165653, 0.281654, 25.606053
24.169470, 0.279105, 25.374327
24.173450, 0.279105, 25.374327
24.177202, 0.281654, 25.606053
24.181122, 0.279105, 25.374327
24.184811, 0.279105, 25.374327
24.188564, 0.279105, 25.374327
24.192402, 0.281654, 25.606053
24.196084, 0.279105, 25.374327
24.199616, 0.279105, 25.374327
24.203191, 0.279105, 25.374327
24.206643, 0.279105, 25.374327
24.209895, 0.279105, 25.374327
24.213196, 0.279105, 25.374327
24.216390, 0.279105, 25.374327
24.219570, 0.279105, 25.374327
24.222801, 0.279105, 25.374327
24.226220, 0.279105, 25.374327
24.229445, 0.279105, 25.374327
24.233926, 0.279105, 25.374327
24.237751, 0.279105, 25.374327
24.241808, 0.279105, 25.374327
24.247833, 0.279105, 25.374327
24.253182, 0.279105, 25.374327
24.257450, 0.279105, 25.374327
24.261464, 0.279105, 25.374327
24.265800, 0.279105, 25.374327
24.269686, 0.281654, 25.606053
24.273664, 0.279105, 25.374327
24.277677, 0.279105, 25.374327
24.281583, 0.279105, 25.374327
24.285664, 0.279105, 25.374327
24.289347, 0.279105, 25.374327
24.293243, 0.281654, 25.606053
24.297787, 0.279105, 25.374327
24.302021, 0.281654, 25.606053
24.306389, 0.279105, 25.374327
24.311422, 0.279105, 25.374327
24.315479, 0.279105, 25.374327
24.318951, 0.281654, 25.606053
24.322439, 0.279105, 25.374327
24.326025, 0.279105, 25.374327
24.329705, 0.279105, 25.374327
24.333843, 0.281654, 25.606053
24.338653, 0.281654, 25.606053
24.342989, 0.279105, 25.374327
24.347310, 0.279105, 25.374327
24.351452, 0.279105, 25.374327
24.355895, 0.279105, 25.374327
24.359921, 0.279105, 25.374327
24.363880, 0.279105, 25.374327
24.367794, 0.279105, 25.374327
24.371461, 0.279105, 25.374327
24.374989, 0.279105, 25.374327
24.378422, 0.281654, 25.606053
24.381791, 0.279105, 25.374327
24.385066, 0.281654, 25.606053
24.388359, 0.279105, 25.374327
24.391584, 0.279105, 25.374327
24.394891, 0.279105, 25.374327
24.398151, 0.279105, 25.374327
24.401289, 0.279105, 25.374327
24.404595, 0.279105, 25.374327
24.407720, 0.279105, 25.374327
24.410955, 0.281654, 25.606053
24.414248, 0.279105, 25.374327
24.417199, 0.279105, 25.374327
24.419620, 0.279105, 25.374327
24.422645, 0.279105, 25.374327
24.425685, 0.279105, 25.374327
24.429126, 0.279105, 25.374327
24.431711, 0.279105, 25.374327
24.434049, 0.279105, 25.374327
24.436751, 0.279105, 25.374327
24.439688, 0.279105, 25.374327
24.442785, 0.281654, 25.606053
24.446333, 0.279105, 25.374327
24.450366, 0.279105, 25.374327
24.454183, 0.279105, 25.374327
24.457956, 0.279105, 25.374327
24.461585, 0.279105, 25.374327
24.465160, 0.279105, 25.374327
24.468685, 0.279105, 25.374327
24.471995, 0.279105, 25.374327
24.475311, 0.279105, 25.374327
24.478796, 0.279105, 25.374327
24.481022, 0.279105, 25.374327
24.483646, 0.279105, 25.374327
24.486618, 0.279105, 25.374327
24.489833, 0.281654, 25.606053
24.492848, 0.279105, 25.374327
24.496028, 0.281654, 25.606053
24.499095, 0.279105, 25.374327
24.501827, 0.279105, 25.374327
24.505137, 0.279105, 25.374327
24.507959, 0.279105, 25.374327
24.510797, 0.279105, 25.374327
24.513948, 0.279105, 25.374327
24.517115, 0.279105, 25.374327
24.520356, 0.279105, 25.374327
24.523539, 0.279105, 25.374327
24.526814, 0.279105, 25.374327
24.530338, 0.279105, 25.374327
24.533933, 0.281654, 25.606053
24.537472, 0.279105, 25.374327
24.540916, 0.279105, 25.374327
24.544269, 0.279105, 25.374327
24.547753, 0.279105, 25.374327
24.551023, 0.279105, 25.374327
24.554245, 0.279105, 25.374327
24.557631, 0.279105, 25.374327
24.560886, 0.279105, 25.374327
24.564147, 0.279105, 25.374327
24.567368, 0.279105, 25.374327
24.570476, 0.279105, 25.374327
24.573520, 0.279105, 25.374327
24.576601, 0.279105, 25.374327
24.580085, 0.279105, 25.374327
24.583517, 0.279105, 25.374327
24.587296, 0.279105, 25.374327
24.591273, 0.279105, 25.374327
24.595403, 0.281654, 25.606053
24.602428, 0.279105, 25.374327
24.606701, 0.279105, 25.374327
24.611112, 0.279105, 25.374327
24.615403, 0.281654, 25.606053
24.621587, 0.279105, 25.374327
24.628392, 0.279105, 25.374327
24.633390, 0.279105, 25.374327
24.637759, 0.279105, 25.374327
24.642605, 0.279105, 25.374327
24.647814, 0.279105, 25.374327
24.652527, 0.279105, 25.374327
24.657099, 0.279105, 25.374327
24.661655, 0.279105, 25.374327
24.666900, 0.279105, 25.374327
24.676035, 0.279105, 25.374327
24.685008, 0.281654, 25.606053
24.692439, 0.279105, 25.374327
24.699561, 0.281654, 25.606053
24.706458, 0.279105, 25.374327
24.713316, 0.279105, 25.374327
24.720237, 0.279105, 25.374327
24.728197, 0.279105, 25.374327
24.738584, 0.279105, 25.374327
24.749286, 0.279105, 25.374327
24.757383, 0.279105, 25.374327
24.766053, 0.279105, 25.374327
24.775334, 0.279105, 25.374327
24.784012, 0.279105, 25.374327
24.789868, 0.279105, 25.374327
24.796169, 0.279105, 25.374327
24.803573, 0.279105, 25.374327
24.809711, 0.279105, 25.374327
24.815659, 0.279105, 25.374327
24.822370, 0.279105, 25.374327
24.828338, 0.281654, 25.606053
24.831824, 0.279105, 25.374327
24.834850, 0.279105, 25.374327
24.837874, 0.279105, 25.374327
24.842471, 0.281654, 25.606053
24.847932, 0.279105, 25.374327
24.853883, 0.279105, 25.374327
24.859646, 0.279105, 25.374327
24.865549, 0.279105, 25.374327
24.871973, 0.279105, 25.374327
24.877071, 0.279105, 25.374327
24.883454, 0.279105, 25.374327
24.889884, 0.279105, 25.374327
24.895882, 0.281654, 25.606053
24.899293, 0.279105, 25.374327
24.902854, 0.279105, 25.374327
24.907020, 0.279105, 25.374327
24.911711, 0.279105, 25.374327
24.916490, 0.281654, 25.606053
24.921935, 0.279105, 25.374327
24.928118, 0.279105, 25.374327
24.935578, 0.279105, 25.374327
24.944643, 0.279105, 25.374327
24.950110, 0.279105, 25.374327
24.953175, 0.279105, 25.374327
24.957701, 0.279105, 25.374327
24.962792, 0.279105, 25.374327
24.968335, 0.279105, 25.374327
24.973211, 0.279105, 25.374327
24.977807, 0.279105, 25.374327
24.980949, 0.279105, 25.374327
24.984931, 0.279105, 25.374327
24.987570, 0.279105, 25.374327
24.993370, 0.279105, 25.374327
24.998018, 0.279105, 25.374327
25.003065, 0.279105, 25.374327
25.005790, 0.279105, 25.374327
25.012933, 0.279105, 25.374327
25.028464, 0.279105, 25.374327
25.041781, 0.279105, 25.374327
25.049489, 0.279105, 25.374327
25.060192, 0.279105, 25.374327
25.069128, 0.279105, 25.374327
25.081058, 0.279105, 25.374327
25.089741, 0.279105, 25.374327
25.099755, 0.279105, 25.374327
25.107678, 0.279105, 25.374327
25.116260, 0.279105, 25.374327
25.127051, 0.279105, 25.374327
25.138327, 0.281654, 25.606053
25.146999, 0.279105, 25.374327
25.155245, 0.279105, 25.374327
25.163140, 0.279105, 25.374327
25.170057, 0.281654, 25.606053
25.177392, 0.279105, 25.374327
25.185387, 0.279105, 25.374327
25.196123, 0.279105, 25.374327
25.206233, 0.279105, 25.374327
25.215153, 0.279105, 25.374327
25.221661, 0.279105, 25.374327
25.234029, 0.279105, 25.374327
25.244182, 0.279105, 25.374327
25.251960, 0.279105, 25.374327
25.258078, 0.279105, 25.374327
25.265930, 0.279105, 25.374327
25.274233, 0.279105, 25.374327
25.281337, 0.279105, 25.374327
25.284602, 0.279105, 25.374327
25.287363, 0.279105, 25.374327
25.290281, 0.279105, 25.374327
25.293576, 0.279105, 25.374327
25.298264, 0.279105, 25.374327
25.305759, 0.279105, 25.374327
25.312885, 0.279105, 25.374327
25.319323, 0.279105, 25.374327
25.324954, 0.279105, 25.374327
25.330161, 0.281654, 25.606053
25.335290, 0.279105, 25.374327
25.339896, 0.279105, 25.374327
25.344190, 0.279105, 25.374327
25.348638, 0.279105, 25.374327
25.353726, 0.279105, 25.374327
25.358749, 0.279105, 25.374327
25.363390, 0.279105, 25.374327
25.367688, 0.279105, 25.374327
25.372213, 0.279105, 25.374327
25.376639, 0.279105, 25.374327
25.381892, 0.279105, 25.374327
25.387140, 0.279105, 25.374327
25.392193, 0.279105, 25.374327
25.396783, 0.279105, 25.374327
25.401003, 0.279105, 25.374327
25.405023, 0.279105, 25.374327
25.408912, 0.279105, 25.374327
25.412475, 0.279105, 25.374327
25.415922, 0.279105, 25.374327
25.419337, 0.279105, 25.374327
25.422748, 0.279105, 25.374327
25.425989, 0.281654, 25.606053
25.430090, 0.279105, 25.374327
25.432244, 0.279105, 25.374327
25.434676, 0.279105, 25.374327
25.437418, 0.279105, 25.374327
25.440500, 0.279105, 25.374327
25.443386, 0.279105, 25.374327
25.445614, 0.279105, 25.374327
25.447968, 0.279105, 25.374327
25.450947, 0.279105, 25.374327
25.454064, 0.279105, 25.374327
25.457241, 0.279105, 25.374327
25.460517, 0.279105, 25.374327
25.463954, 0.279105, 25.374327
25.467260, 0.279105, 25.374327
25.470613, 0.279105, 25.374327
25.474040, 0.279105, 25.374327
25.477743, 0.279105, 25.374327
25.481566, 0.279105, 25.374327
25.485020, 0.281654, 25.606053
25.488470, 0.281654, 25.606053
25.492342, 0.279105, 25.374327
25.496217, 0.279105, 25.374327
25.501396, 0.281654, 25.606053
25.506194, 0.279105, 25.374327
25.509502, 0.279105, 25.374327
25.512046, 0.279105, 25.374327
25.515063, 0.279105, 25.374327
25.518100, 0.279105, 25.374327
25.520447, 0.279105, 25.374327
25.524282, 0.279105, 25.374327
25.528172, 0.279105, 25.374327
25.532198, 0.279105, 25.374327
25.535791, 0.279105, 25.374327
25.539385, 0.279105, 25.374327
25.543176, 0.279105, 25.374327
25.549887, 0.279105, 25.374327
25.555387, 0.279105, 25.374327
25.560806, 0.279105, 25.374327
25.566299, 0.279105, 25.374327
25.572581, 0.279105, 25.374327
25.577259, 0.279105, 25.374327
25.581242, 0.279105, 25.374327
25.584807, 0.279105, 25.374327
25.588476, 0.279105, 25.374327
25.593119, 0.279105, 25.374327
25.599440, 0.279105, 25.374327
25.605804, 0.279105, 25.374327
25.611995, 0.279105, 25.374327
25.618084, 0.279105, 25.374327
25.621880, 0.279105, 25.374327
25.624817, 0.279105, 25.374327
25.627980, 0.281654, 25.606053
25.631854, 0.281654, 25.606053
25.635397, 0.281654, 25.606053
25.638896, 0.281654, 25.606053
25.641254, 0.279105, 25.374327
25.643923, 0.279105, 25.374327
25.647561, 0.279105, 25.374327
25.651525, 0.279105, 25.374327
25.654559, 0.279105, 25.374327
25.657662, 0.279105, 25.374327
25.661214, 0.279105, 25.374327
25.664627, 0.279105, 25.374327
25.667898, 0.279105, 25.374327
25.671438, 0.279105, 25.374327
25.674774, 0.279105, 25.374327
25.678254, 0.279105, 25.374327
25.683118, 0.279105, 25.374327
25.690451, 0.279105, 25.374327
25.701577, 0.279105, 25.374327
25.709972, 0.279105, 25.374327
25.718840, 0.279105, 25.374327
25.724872, 0.279105, 25.374327
25.729248, 0.279105, 25.374327
25.732262, 0.279105, 25.374327
25.736247, 0.279105, 25.374327
25.744381, 0.279105, 25.374327
25.752067, 0.281654, 25.606053
25.758442, 0.279105, 25.374327
25.764505, 0.279105, 25.374327
25.769818, 0.279105, 25.374327
25.774333, 0.279105, 25.374327
25.778727, 0.279105, 25.374327
25.785910, 0.279105, 25.374327
25.794555, 0.279105, 25.374327
25.801645, 0.279105, 25.374327
25.809493, 0.279105, 25.374327
25.815373, 0.279105, 25.374327
25.821607, 0.279105, 25.374327
25.828478, 0.279105, 25.374327
25.835710, 0.281654, 25.606053
25.839042, 0.279105, 25.374327
25.842316, 0.279105, 25.374327
25.846220, 0.279105, 25.374327
25.850009, 0.279105, 25.374327
25.852978, 0.279105, 25.374327
25.856133, 0.279105, 25.374327
25.859328, 0.279105, 25.374327
25.862810, 0.281654, 25.606053
25.868709, 0.279105, 25.374327
25.875429, 0.279105, 25.374327
25.881536, 0.279105, 25.374327
25.889091, 0.281654, 25.606053
25.896799, 0.279105, 25.374327
25.904020, 0.279105, 25.374327
25.910532, 0.279105, 25.374327
25.916390, 0.279105, 25.374327
25.922013, 0.279105, 25.374327
25.927309, 0.279105, 25.374327
25.933160, 0.279105, 25.374327
25.942362, 0.279105, 25.374327
25.951139, 0.279105, 25.374327
25.958178, 0.279105, 25.374327
25.965594, 0.279105, 25.374327
25.973018, 0.279105, 25.374327
25.979620, 0.279105, 25.374327
25.983781, 0.279105, 25.374327
25.988692, 0.279105, 25.374327
25.994150, 0.279105, 25.374327
25.998501, 0.279105, 25.374327
26.002638, 0.279105, 25.374327
26.006498, 0.279105, 25.374327
26.010950, 0.279105, 25.374327
26.016254, 0.279105, 25.374327
26.021053, 0.279105, 25.374327
26.025004, 0.279105, 25.374327
26.028880, 0.279105, 25.374327
26.033143, 0.279105, 25.374327
26.038942, 0.279105, 25.374327
26.046093, 0.279105, 25.374327
26.052494, 0.281654, 25.606053
26.058385, 0.279105, 25.374327
26.063896, 0.279105, 25.374327
26.068875, 0.279105, 25.374327
26.073319, 0.279105, 25.374327
26.077720, 0.279105, 25.374327
26.080787, 0.279105, 25.374327
26.085340, 0.279105, 25.374327
26.088908, 0.279105, 25.374327
26.094550, 0.279105, 25.374327
26.097899, 0.279105, 25.374327
26.102821, 0.279105, 25.374327
26.106117, 0.281654, 25.606053
26.110978, 0.279105, 25.374327
26.117164, 0.279105, 25.374327
26.122194, 0.279105, 25.374327
26.125810, 0.279105, 25.374327
26.129340, 0.279105, 25.374327
26.132817, 0.279105, 25.374327
26.136007, 0.281654, 25.606053
26.139056, 0.279105, 25.374327
26.142173, 0.279105, 25.374327
26.145146, 0.279105, 25.374327
26.148083, 0.279105, 25.374327
26.151026, 0.279105, 25.374327
26.153941, 0.279105, 25.374327
26.156881, 0.279105, 25.374327
26.159778, 0.279105, 25.374327
26.163132, 0.279105, 25.374327
26.166145, 0.279105, 25.374327
26.169089, 0.279105, 25.374327
26.171756, 0.279105, 25.374327
26.174811, 0.279105, 25.374327
26.177100, 0.279105, 25.374327
26.179936, 0.279105, 25.374327
26.183889, 0.281654, 25.606053
26.187500, 0.279105, 25.374327
26.190972, 0.279105, 25.374327
26.194625, 0.279105, 25.374327
26.198173, 0.279105, 25.374327
26.201752, 0.279105, 25.374327
26.205189, 0.279105, 25.374327
26.208635, 0.281654, 25.606053
26.212426, 0.279105, 25.374327
26.216341, 0.279105, 25.374327
26.219788, 0.279105, 25.374327
26.223606, 0.279105, 25.374327
26.228082, 0.279105, 25.374327
26.234047, 0.279105, 25.374327
26.241556, 0.279105, 25.374327
26.245295, 0.279105, 25.374327
26.248837, 0.279105, 25.374327
26.252281, 0.279105, 25.374327
26.255745, 0.279105, 25.374327
26.259360, 0.279105, 25.374327
26.263542, 0.279105, 25.374327
26.267958, 0.279105, 25.374327
26.272219, 0.279105, 25.374327
26.276274, 0.279105, 25.374327
26.280264, 0.279105, 25.374327
26.284076, 0.279105, 25.374327
26.287861, 0.279105, 25.374327
26.292740, 0.279105, 25.374327
26.298921, 0.279105, 25.374327
26.304130, 0.279105, 25.374327
26.309007, 0.279105, 25.374327
26.313006, 0.279105, 25.374327
26.317227, 0.281654, 25.606053
26.321909, 0.279105, 25.374327
26.326333, 0.279105, 25.374327
26.331108, 0.279105, 25.374327
26.335554, 0.279105, 25.374327
26.339779, 0.279105, 25.374327
26.343860, 0.279105, 25.374327
26.348336, 0.279105, 25.374327
26.353398, 0.279105, 25.374327
26.357730, 0.279105, 25.374327
26.361732, 0.279105, 25.374327
26.365612, 0.279105, 25.374327
26.369341, 0.279105, 25.374327
26.373229, 0.279105, 25.374327
26.376777, 0.279105, 25.374327
26.380964, 0.281654, 25.606053
26.384762, 0.279105, 25.374327
26.388490, 0.279105, 25.374327
26.392249, 0.279105, 25.374327
26.395871, 0.279105, 25.374327
26.399812, 0.279105, 25.374327
26.403122, 0.279105, 25.374327
26.406487, 0.279105, 25.374327
26.409933, 0.279105, 25.374327
26.413390, 0.279105, 25.374327
26.416906, 0.279105, 25.374327
26.420474, 0.279105, 25.374327
26.424051, 0.279105, 25.374327
26.427659, 0.279105, 25.374327
26.431111, 0.279105, 25.374327
26.434485, 0.279105, 25.374327
26.437968, 0.279105, 25.374327
26.441757, 0.279105, 25.374327
26.444242, 0.281654, 25.606053
26.446990, 0.279105, 25.374327
26.450389, 0.279105, 25.374327
26.453782, 0.279105, 25.374327
26.457010, 0.281654, 25.606053
26.460204, 0.279105, 25.374327
26.463221, 0.279105, 25.374327
26.465527, 0.279105, 25.374327
26.467823, 0.279105, 25.374327
26.471092, 0.279105, 25.374327
26.473908, 0.279105, 25.374327
26.476828, 0.279105, 25.374327
26.480037, 0.279105, 25.374327
26.483373, 0.281654, 25.606053
26.487501, 0.281654, 25.606053
26.493526, 0.279105, 25.374327
26.498399, 0.279105, 25.374327
26.501988, 0.279105, 25.374327
26.505224, 0.279105, 25.374327
26.508230, 0.279105, 25.374327
26.511716, 0.281654, 25.606053
26.515141, 0.279105, 25.374327
26.518189, 0.279105, 25.374327
26.521019, 0.279105, 25.374327
26.524129, 0.279105, 25.374327
26.527294, 0.279105, 25.374327
26.530508, 0.279105, 25.374327
26.534121, 0.279105, 25.374327
26.537206, 0.279105, 25.374327
26.540229, 0.279105, 25.374327
26.543409, 0.281654, 25.606053
26.547240, 0.279105, 25.374327
26.550845, 0.279105, 25.374327
26.554047, 0.279105, 25.374327
26.557436, 0.279105, 25.374327
26.560052, 0.281654, 25.606053
26.565522, 0.281654, 25.606053
26.571282, 0.279105, 25.374327
26.576416, 0.279105, 25.374327
26.579319, 0.279105, 25.374327
26.582150, 0.279105, 25.374327
26.585374, 0.279105, 25.374327
26.588473, 0.279105, 25.374327
26.592471, 0.279105, 25.374327
26.595194, 0.279105, 25.374327
26.598190, 0.279105, 25.374327
26.601426, 0.279105, 25.374327
26.605249, 0.279105, 25.374327
26.609042, 0.279105, 25.374327
26.612921, 0.279105, 25.374327
26.616924, 0.279105, 25.374327
26.620716, 0.279105, 25.374327
26.624330, 0.279105, 25.374327
26.627800, 0.279105, 25.374327
26.631344, 0.279105, 25.374327
26.635127, 0.279105, 25.374327
26.638511, 0.279105, 25.374327
26.641904, 0.279105, 25.374327
26.645244, 0.279105, 25.374327
26.648530, 0.281654, 25.606053
26.651794, 0.281654, 25.606053
26.654964, 0.279105, 25.374327
26.658041, 0.279105, 25.374327
26.661248, 0.279105, 25.374327
26.664651, 0.281654, 25.606053
26.668036, 0.279105, 25.374327
26.671318, 0.279105, 25.374327
26.674386, 0.279105, 25.374327
26.677721, 0.279105, 25.374327
26.681130, 0.279105, 25.374327
26.684388, 0.279105, 25.374327
26.687590, 0.281654, 25.606053
26.690691, 0.279105, 25.374327
26.693854, 0.279105, 25.374327
26.697057, 0.279105, 25.374327
26.700217, 0.279105, 25.374327
26.703337, 0.279105, 25.374327
26.706571, 0.279105, 25.374327
26.709661, 0.279105, 25.374327
26.712806, 0.279105, 25.374327
26.716255, 0.279105, 25.374327
26.719539, 0.279105, 25.374327
26.722780, 0.279105, 25.374327
26.726059, 0.279105, 25.374327
26.729245, 0.279105, 25.374327
26.732403, 0.281654, 25.606053
26.735788, 0.279105, 25.374327
26.738953, 0.279105, 25.374327
26.742076, 0.279105, 25.374327
26.745411, 0.279105, 25.374327
26.748951, 0.279105, 25.374327
26.752495, 0.279105, 25.374327
26.756026, 0.279105, 25.374327
26.759385, 0.279105, 25.374327
26.762660, 0.281654, 25.606053
26.766357, 0.279105, 25.374327
26.769856, 0.279105, 25.374327
26.773180, 0.279105, 25.374327
26.776526, 0.281654, 25.606053
26.780137, 0.279105, 25.374327
26.783829, 0.279105, 25.374327
26.787744, 0.279105, 25.374327
26.791441, 0.279105, 25.374327
26.795183, 0.279105, 25.374327
26.798314, 0.279105, 25.374327
26.800580, 0.279105, 25.374327
26.802808, 0.279105, 25.374327
26.805251, 0.279105, 25.374327
26.807943, 0.279105, 25.374327
26.811745, 0.279105, 25.374327
26.815348, 0.279105, 25.374327
26.818775, 0.279105, 25.374327
26.822215, 0.279105, 25.374327
26.825571, 0.279105, 25.374327
26.829375, 0.281654, 25.606053
26.833464, 0.279105, 25.374327
26.836887, 0.279105, 25.374327
26.840117, 0.279105, 25.374327
26.843422, 0.279105, 25.374327
26.846561, 0.279105, 25.374327
26.849779, 0.279105, 25.374327
26.852894, 0.279105, 25.374327
26.856163, 0.279105, 25.374327
26.859368, 0.279105, 25.374327
26.862806, 0.279105, 25.374327
26.866710, 0.279105, 25.374327
26.870341, 0.281654, 25.606053
26.873969, 0.279105, 25.374327
26.877405, 0.279105, 25.374327
26.881066, 0.279105, 25.374327
26.884578, 0.279105, 25.374327
26.887914, 0.279105, 25.374327
26.890987, 0.279105, 25.374327
26.894133, 0.279105, 25.374327
26.897432, 0.279105, 25.374327
26.900611, 0.281654, 25.606053
26.903837, 0.279105, 25.374327
26.907067, 0.281654, 25.606053
26.910312, 0.279105, 25.374327
26.914003, 0.279105, 25.374327
26.917162, 0.279105, 25.374327
26.920356, 0.279105, 25.374327
26.924103, 0.279105, 25.374327
26.926784, 0.279105, 25.374327
26.929257, 0.279105, 25.374327
26.931935, 0.279105, 25.374327
26.935383, 0.279105, 25.374327
26.939458, 0.279105, 25.374327
26.943508, 0.279105, 25.374327
26.946020, 0.279105, 25.374327
26.948347, 0.279105, 25.374327
26.950933, 0.279105, 25.374327
26.953853, 0.281654, 25.606053
26.956748, 0.279105, 25.374327
26.959642, 0.279105, 25.374327
26.962223, 0.279105, 25.374327
26.965354, 0.279105, 25.374327
26.968974, 0.279105, 25.374327
26.972557, 0.279105, 25.374327
26.976368, 0.279105, 25.374327
26.979007, 0.279105, 25.374327
26.981506, 0.279105, 25.374327
26.985056, 0.279105, 25.374327
26.989369, 0.279105, 25.374327
26.993201, 0.279105, 25.374327
26.997363, 0.279105, 25.374327
27.000821, 0.281654, 25.606053
27.004271, 0.279105, 25.374327
27.007457, 0.279105, 25.374327
27.010641, 0.279105, 25.374327
27.014030, 0.279105, 25.374327
27.017643, 0.281654, 25.606053
27.020910, 0.279105, 25.374327
27.024661, 0.281654, 25.606053
27.027632, 0.279105, 25.374327
27.030624, 0.279105, 25.374327
27.033520, 0.281654, 25.606053
27.036707, 0.279105, 25.374327
27.039613, 0.279105, 25.374327
27.042566, 0.279105, 25.374327
27.045667, 0.279105, 25.374327
27.048883, 0.279105, 25.374327
27.051971, 0.279105, 25.374327
27.055037, 0.279105, 25.374327
27.058272, 0.279105, 25.374327
27.061274, 0.279105, 25.374327
27.064288, 0.279105, 25.374327
27.067781, 0.279105, 25.374327
27.070039, 0.279105, 25.374327
27.073487, 0.279105, 25.374327
27.078053, 0.279105, 25.374327
27.082131, 0.281654, 25.606053
27.085575, 0.279105, 25.374327
27.089018, 0.279105, 25.374327
27.092444, 0.279105, 25.374327
27.095720, 0.279105, 25.374327
27.099057, 0.279105, 25.374327
27.102507, 0.279105, 25.374327
27.105947, 0.279105, 25.374327
27.109565, 0.279105, 25.374327
27.112157, 0.279105, 25.374327
27.114391, 0.279105, 25.374327
27.117760, 0.281654, 25.606053
27.120345, 0.279105, 25.374327
27.122683, 0.281654, 25.606053
27.125302, 0.279105, 25.374327
27.128484, 0.279105, 25.374327
27.131609, 0.279105, 25.374327
27.134850, 0.279105, 25.374327
27.138565, 0.279105, 25.374327
27.141684, 0.279105, 25.374327
27.144866, 0.279105, 25.374327
27.148363, 0.279105, 25.374327
27.151964, 0.279105, 25.374327
27.156856, 0.279105, 25.374327
27.162653, 0.279105, 25.374327
27.168863, 0.279105, 25.374327
27.175235, 0.279105, 25.374327
27.180638, 0.279105, 25.374327
27.185658, 0.279105, 25.374327
27.189507, 0.279105, 25.374327
27.193038, 0.279105, 25.374327
27.196557, 0.281654, 25.606053
27.200007, 0.279105, 25.374327
27.203138, 0.281654, 25.606053
27.206288, 0.279105, 25.374327
27.209477, 0.279105, 25.374327
27.212813, 0.281654, 25.606053
27.217044, 0.279105, 25.374327
27.219250, 0.279105, 25.374327
27.221697, 0.279105, 25.374327
27.224320, 0.281654, 25.606053
27.227023, 0.281654, 25.606053
27.231795, 0.279105, 25.374327
27.237039, 0.279105, 25.374327
27.240829, 0.279105, 25.374327
27.244909, 0.279105, 25.374327
27.249904, 0.281654, 25.606053
27.256371, 0.279105, 25.374327
27.261462, 0.279105, 25.374327
27.263920, 0.279105, 25.374327
27.267224, 0.281654, 25.606053
27.271107, 0.279105, 25.374327
27.274941, 0.281654, 25.606053
27.278969, 0.279105, 25.374327
27.282788, 0.279105, 25.374327
27.286624, 0.279105, 25.374327
27.290469, 0.281654, 25.606053
27.294088, 0.281654, 25.606053
27.297774, 0.281654, 25.606053
27.301882, 0.279105, 25.374327
27.307586, 0.279105, 25.374327
27.313128, 0.279105, 25.374327
27.318710, 0.281654, 25.606053
27.324161, 0.281654, 25.606053
27.329264, 0.279105, 25.374327
27.333141, 0.281654, 25.606053
27.336834, 0.279105, 25.374327
27.340549, 0.279105, 25.374327
27.344349, 0.279105, 25.374327
27.347935, 0.279105, 25.374327
27.351316, 0.279105, 25.374327
27.354675, 0.279105, 25.374327
27.357977, 0.279105, 25.374327
27.361248, 0.279105, 25.374327
27.364547, 0.279105, 25.374327
27.367924, 0.279105, 25.374327
27.371181, 0.279105, 25.374327
27.374267, 0.281654, 25.606053
27.377452, 0.279105, 25.374327
27.380640, 0.279105, 25.374327
27.383787, 0.281654, 25.606053
27.387097, 0.279105, 25.374327
27.390570, 0.279105, 25.374327
27.393663, 0.279105, 25.374327
27.396703, 0.281654, 25.606053
27.399351, 0.279105, 25.374327
27.402422, 0.279105, 25.374327
27.405568, 0.279105, 25.374327
27.408787, 0.279105, 25.374327
27.412077, 0.279105, 25.374327
27.415250, 0.281654, 25.606053
27.418415, 0.281654, 25.606053
27.421624, 0.281654, 25.606053
27.424547, 0.281654, 25.606053
27.427759, 0.279105, 25.374327
27.430739, 0.281654, 25.606053
27.433743, 0.281654, 25.606053
27.437230, 0.279105, 25.374327
27.440239, 0.279105, 25.374327
27.443246, 0.281654, 25.606053
27.446930, 0.281654, 25.606053
27.449460, 0.279105, 25.374327
27.452552, 0.279105, 25.374327
27.455836, 0.279105, 25.374327
27.459283, 0.279105, 25.374327
27.462838, 0.279105, 25.374327
27.466372, 0.279105, 25.374327
27.470013, 0.279105, 25.374327
27.473630, 0.279105, 25.374327
27.477299, 0.279105, 25.374327
27.480210, 0.281654, 25.606053
27.482953, 0.281654, 25.606053
27.485934, 0.281654, 25.606053
27.489347, 0.279105, 25.374327
27.491757, 0.279105, 25.374327
27.494016, 0.279105, 25.374327
27.496743, 0.279105, 25.374327
27.499937, 0.279105, 25.374327
27.503733, 0.281654, 25.606053
27.506802, 0.279105, 25.374327
27.509205, 0.281654, 25.606053
27.511720, 0.279105, 25.374327
27.514749, 0.279105, 25.374327
27.517951, 0.281654, 25.606053
27.521065, 0.279105, 25.374327
27.524054, 0.279105, 25.374327
27.526919, 0.279105, 25.374327
27.530339, 0.281654, 25.606053
27.533326, 0.279105, 25.374327
27.536225, 0.279105, 25.374327
27.539750, 0.279105, 25.374327
27.542773, 0.281654, 25.606053
27.545906, 0.281654, 25.606053
27.549100, 0.279105, 25.374327
27.552229, 0.279105, 25.374327
27.555247, 0.279105, 25.374327
27.558138, 0.279105, 25.374327
27.561018, 0.279105, 25.374327
27.564139, 0.279105, 25.374327
27.567181, 0.279105, 25.374327
27.570445, 0.279105, 25.374327
27.573707, 0.279105, 25.374327
27.576567, 0.279105, 25.374327
27.579950, 0.279105, 25.374327
27.582956, 0.281654, 25.606053
27.585907, 0.279105, 25.374327
27.589391, 0.279105, 25.374327
27.593095, 0.279105, 25.374327
27.595277, 0.281654, 25.606053
27.597889, 0.279105, 25.374327
27.600430, 0.279105, 25.374327
27.602902, 0.279105, 25.374327
27.605544, 0.279105, 25.374327
27.608282, 0.279105, 25.374327
27.611667, 0.279105, 25.374327
27.614121, 0.279105, 25.374327
27.616323, 0.279105, 25.374327
27.618792, 0.279105, 25.374327
27.621713, 0.279105, 25.374327
27.624882, 0.279105, 25.374327
27.627939, 0.279105, 25.374327
27.630922, 0.281654, 25.606053
27.634064, 0.279105, 25.374327
27.637113, 0.279105, 25.374327
27.640224, 0.281654, 25.606053
27.643714, 0.279105, 25.374327
27.646870, 0.281654, 25.606053
27.649926, 0.279105, 25.374327
27.654307, 0.279105, 25.374327
27.657216, 0.279105, 25.374327
27.660055, 0.279105, 25.374327
27.663266, 0.279105, 25.374327
27.666206, 0.279105, 25.374327
27.669157, 0.279105, 25.374327
27.672114, 0.279105, 25.374327
27.675522, 0.279105, 25.374327
27.678890, 0.279105, 25.374327
27.682790, 0.279105, 25.374327
27.686695, 0.279105, 25.374327
27.692708, 0.279105, 25.374327
27.699662, 0.281654, 25.606053
27.706365, 0.281654, 25.606053
27.712891, 0.279105, 25.374327
27.718241, 0.279105, 25.374327
27.722953, 0.281654, 25.606053
27.726816, 0.279105, 25.374327
27.730343, 0.279105, 25.374327
27.733984, 0.281654, 25.606053
27.737513, 0.279105, 25.374327
27.741123, 0.279105, 25.374327
27.744874, 0.279105, 25.374327
27.747401, 0.279105, 25.374327
27.750546, 0.279105, 25.374327
27.754471, 0.279105, 25.374327
27.757113, 0.281654, 25.606053
27.760042, 0.279105, 25.374327
27.763420, 0.279105, 25.374327
27.766816, 0.279105, 25.374327
27.770308, 0.281654, 25.606053
27.774242, 0.279105, 25.374327
27.778086, 0.281654, 25.606053
27.781881, 0.279105, 25.374327
27.786712, 0.279105, 25.374327
27.792154, 0.279105, 25.374327
27.795996, 0.279105, 25.374327
27.798827, 0.279105, 25.374327
27.802305, 0.279105, 25.374327
27.805388, 0.279105, 25.374327
27.808512, 0.279105, 25.374327
27.811802, 0.279105, 25.374327
27.815967, 0.279105, 25.374327
27.819992, 0.279105, 25.374327
27.823726, 0.279105, 25.374327
27.826831, 0.281654, 25.606053
27.831826, 0.279105, 25.374327
27.836699, 0.279105, 25.374327
27.840788, 0.279105, 25.374327
27.844431, 0.279105, 25.374327
27.850231, 0.279105, 25.374327
27.854528, 0.279105, 25.374327
27.858315, 0.281654, 25.606053
27.862226, 0.279105, 25.374327
27.866031, 0.279105, 25.374327
27.869685, 0.279105, 25.374327
27.873107, 0.279105, 25.374327
27.876490, 0.279105, 25.374327
27.880211, 0.279105, 25.374327
27.883758, 0.279105, 25.374327
27.886941, 0.279105, 25.374327
27.890257, 0.279105, 25.374327
27.893746, 0.279105, 25.374327
27.897346, 0.279105, 25.374327
27.900593, 0.279105, 25.374327
27.904184, 0.279105, 25.374327
27.907248, 0.279105, 25.374327
27.910439, 0.279105, 25.374327
27.914301, 0.279105, 25.374327
27.917144, 0.279105, 25.374327
27.919964, 0.279105, 25.374327
27.923144, 0.279105, 25.374327
27.926290, 0.279105, 25.374327
27.929630, 0.279105, 25.374327
27.932997, 0.279105, 25.374327
27.936354, 0.279105, 25.374327
27.939661, 0.279105, 25.374327
27.942805, 0.279105, 25.374327
27.947762, 0.279105, 25.374327
27.950275, 0.279105, 25.374327
27.953233, 0.279105, 25.374327
27.956355, 0.279105, 25.374327
27.959439, 0.279105, 25.374327
27.962976, 0.279105, 25.374327
27.966800, 0.279105, 25.374327
27.970370, 0.279105, 25.374327
27.973832, 0.279105, 25.374327
27.976294, 0.279105, 25.374327
27.978858, 0.279105, 25.374327
27.981416, 0.279105, 25.374327
27.984307, 0.279105, 25.374327
27.987153, 0.279105, 25.374327
27.990015, 0.279105, 25.374327
27.992831, 0.279105, 25.374327
27.996996, 0.279105, 25.374327
28.000408, 0.279105, 25.374327
28.004202, 0.279105, 25.374327
28.008765, 0.281654, 25.606053
28.014675, 0.279105, 25.374327
28.019285, 0.279105, 25.374327
28.023280, 0.279105, 25.374327
28.027124, 0.279105, 25.374327
28.031005, 0.279105, 25.374327
28.034952, 0.279105, 25.374327
28.039010, 0.279105, 25.374327
28.042893, 0.279105, 25.374327
28.046715, 0.279105, 25.374327
28.050148, 0.279105, 25.374327
28.053505, 0.279105, 25.374327
28.057182, 0.279105, 25.374327
28.060760, 0.279105, 25.374327
28.063153, 0.281654, 25.606053
28.065794, 0.279105, 25.374327
28.068545, 0.279105, 25.374327
28.071478, 0.281654, 25.606053
28.074596, 0.279105, 25.374327
28.078332, 0.279105, 25.374327
28.081800, 0.281654, 25.606053
28.085217, 0.279105, 25.374327
28.088637, 0.279105, 25.374327
28.091990, 0.279105, 25.374327
28.095321, 0.281654, 25.606053
28.098771, 0.279105, 25.374327
28.102182, 0.279105, 25.374327
28.105381, 0.279105, 25.374327
28.108764, 0.279105, 25.374327
28.111613, 0.281654, 25.606053
28.115716, 0.279105, 25.374327
28.119929, 0.279105, 25.374327
28.123804, 0.279105, 25.374327
28.127776, 0.279105, 25.374327
28.130156, 0.281654, 25.606053
28.132943, 0.279105, 25.374327
28.135827, 0.279105, 25.374327
28.138633, 0.281654, 25.606053
28.141043, 0.279105, 25.374327
28.144008, 0.279105, 25.374327
28.147456, 0.279105, 25.374327
28.150683, 0.279105, 25.374327
28.153128, 0.279105, 25.374327
28.155339, 0.279105, 25.374327
28.157901, 0.279105, 25.374327
28.160201, 0.281654, 25.606053
28.163538, 0.279105, 25.374327
28.166915, 0.281654, 25.606053
28.170605, 0.279105, 25.374327
28.174219, 0.279105, 25.374327
28.177629, 0.279105, 25.374327
28.179814, 0.279105, 25.374327
28.182395, 0.279105, 25.374327
28.185842, 0.279105, 25.374327
28.188793, 0.281654, 25.606053
28.191825, 0.279105, 25.374327
28.194668, 0.279105, 25.374327
28.197444, 0.279105, 25.374327
28.201115, 0.279105, 25.374327
28.204643, 0.279105, 25.374327
28.208076, 0.279105, 25.374327
28.211657, 0.279105, 25.374327
28.215549, 0.279105, 25.374327
28.220153, 0.281654, 25.606053
28.225856, 0.279105, 25.374327
28.232765, 0.279105, 25.374327
28.237879, 0.279105, 25.374327
28.242493, 0.279105, 25.374327
28.246222, 0.279105, 25.374327
28.249767, 0.279105, 25.374327
28.253058, 0.279105, 25.374327
28.256151, 0.281654, 25.606053
28.259143, 0.279105, 25.374327
28.262443, 0.279105, 25.374327
28.265749, 0.279105, 25.374327
28.269095, 0.279105, 25.374327
28.272583, 0.279105, 25.374327
28.275813, 0.279105, 25.374327
28.280048, 0.279105, 25.374327
28.282306, 0.279105, 25.374327
28.285297, 0.279105, 25.374327
28.288745, 0.279105, 25.374327
28.292532, 0.279105, 25.374327
28.298405, 0.279105, 25.374327
28.304581, 0.279105, 25.374327
28.309583, 0.279105, 25.374327
28.314073, 0.279105, 25.374327
28.317700, 0.279105, 25.374327
28.321152, 0.279105, 25.374327
28.324518, 0.279105, 25.374327
28.327867, 0.279105, 25.374327
28.331368, 0.279105, 25.374327
28.335428, 0.279105, 25.374327
28.340583, 0.279105, 25.374327
28.345448, 0.279105, 25.374327
28.349401, 0.281654, 25.606053
28.353670, 0.279105, 25.374327
28.358164, 0.279105, 25.374327
28.363229, 0.279105, 25.374327
28.368753, 0.279105, 25.374327
28.375216, 0.279105, 25.374327
28.383451, 0.279105, 25.374327
28.390528, 0.281654, 25.606053
28.396056, 0.279105, 25.374327
28.400909, 0.279105, 25.374327
28.404747, 0.279105, 25.374327
28.408131, 0.279105, 25.374327
28.411319, 0.279105, 25.374327
28.414520, 0.281654, 25.606053
28.417722, 0.279105, 25.374327
28.421682, 0.279105, 25.374327
28.424157, 0.281654, 25.606053
28.427283, 0.279105, 25.374327
28.429651, 0.279105, 25.374327
28.432723, 0.279105, 25.374327
28.436098, 0.279105, 25.374327
28.439499, 0.279105, 25.374327
28.443039, 0.279105, 25.374327
28.447675, 0.279105, 25.374327
28.451752, 0.279105, 25.374327
28.455590, 0.279105, 25.374327
28.459301, 0.279105, 25.374327
28.463425, 0.279105, 25.374327
28.467430, 0.279105, 25.374327
28.471577, 0.279105, 25.374327
28.475585, 0.279105, 25.374327
28.478723, 0.281654, 25.606053
28.481049, 0.279105, 25.374327
28.483798, 0.279105, 25.374327
28.486914, 0.281654, 25.606053
28.489988, 0.279105, 25.374327
28.492941, 0.281654, 25.606053
28.495335, 0.281654, 25.606053
28.498583, 0.279105, 25.374327
28.502116, 0.279105, 25.374327
28.505643, 0.281654, 25.606053
28.509131, 0.279105, 25.374327
28.512639, 0.279105, 25.374327
28.516172, 0.279105, 25.374327
28.519723, 0.279105, 25.374327
28.522958, 0.279105, 25.374327
28.526253, 0.279105, 25.374327
28.529615, 0.279105, 25.374327
28.533048, 0.279105, 25.374327
28.536345, 0.279105, 25.374327
28.539594, 0.279105, 25.374327
28.542798, 0.279105, 25.374327
28.546396, 0.279105, 25.374327
28.549183, 0.279105, 25.374327
28.551956, 0.279105, 25.374327
28.555204, 0.279105, 25.374327
28.558300, 0.279105, 25.374327
28.561570, 0.279105, 25.374327
28.564133, 0.279105, 25.374327
28.566641, 0.281654, 25.606053
28.569313, 0.279105, 25.374327
28.572121, 0.279105, 25.374327
28.574670, 0.279105, 25.374327
28.577208, 0.279105, 25.374327
28.581402, 0.279105, 25.374327
28.585578, 0.281654, 25.606053
28.589502, 0.281654, 25.606053
28.593265, 0.281654, 25.606053
28.597034, 0.279105, 25.374327
28.600663, 0.279105, 25.374327
28.604078, 0.279105, 25.374327
28.606535, 0.279105, 25.374327
28.608625, 0.281654, 25.606053
28.611086, 0.279105, 25.374327
28.613584, 0.279105, 25.374327
28.616437, 0.279105, 25.374327
28.618664, 0.281654, 25.606053
28.620973, 0.279105, 25.374327
28.623525, 0.279105, 25.374327
28.626264, 0.279105, 25.374327
28.629337, 0.279105, 25.374327
28.632322, 0.279105, 25.374327
28.635375, 0.281654, 25.606053
28.637838, 0.279105, 25.374327
28.641058, 0.279105, 25.374327
28.644473, 0.279105, 25.374327
28.648400, 0.279105, 25.374327
28.651034, 0.279105, 25.374327
28.653977, 0.279105, 25.374327
28.657334, 0.281654, 25.606053
28.660441, 0.279105, 25.374327
28.663778, 0.279105, 25.374327
28.667212, 0.279105, 25.374327
28.670483, 0.279105, 25.374327
28.673835, 0.281654, 25.606053
28.677250, 0.281654, 25.606053
28.681429, 0.279105, 25.374327
28.685419, 0.279105, 25.374327
28.689118, 0.281654, 25.606053
28.692624, 0.281654, 25.606053
28.696031, 0.279105, 25.374327
28.699496, 0.279105, 25.374327
28.702747, 0.279105, 25.374327
28.705853, 0.279105, 25.374327
28.709065, 0.279105, 25.374327
28.712237, 0.279105, 25.374327
28.715414, 0.279105, 25.374327
28.718389, 0.279105, 25.374327
28.721373, 0.279105, 25.374327
28.724391, 0.279105, 25.374327
28.727381, 0.279105, 25.374327
28.730678, 0.279105, 25.374327
28.733862, 0.281654, 25.606053
28.736851, 0.281654, 25.606053
28.740071, 0.279105, 25.374327
28.743168, 0.279105, 25.374327
28.746243, 0.281654, 25.606053
28.749332, 0.281654, 25.606053
28.752468, 0.279105, 25.374327
28.755544, 0.281654, 25.606053
28.758833, 0.281654, 25.606053
28.762010, 0.281654, 25.606053
28.765329, 0.281654, 25.606053
28.768537, 0.279105, 25.374327
28.771925, 0.281654, 25.606053
28.775081, 0.281654, 25.606053
28.778308, 0.279105, 25.374327
28.780303, 0.279105, 25.374327
28.782768, 0.279105, 25.374327
28.785580, 0.279105, 25.374327
28.789962, 0.279105, 25.374327
28.794551, 0.281654, 25.606053
28.796843, 0.279105, 25.374327
28.799752, 0.279105, 25.374327
28.802864, 0.279105, 25.374327
28.805969, 0.279105, 25.374327
28.809248, 0.281654, 25.606053
28.812574, 0.279105, 25.374327
28.815912, 0.279105, 25.374327
28.819272, 0.279105, 25.374327
28.822391, 0.279105, 25.374327
28.825347, 0.281654, 25.606053
28.829180, 0.281654, 25.606053
28.831833, 0.279105, 25.374327
28.834339, 0.279105, 25.374327
28.837422, 0.281654, 25.606053
28.840740, 0.279105, 25.374327
28.844041, 0.279105, 25.374327
28.847387, 0.281654, 25.606053
28.850765, 0.279105, 25.374327
28.854049, 0.279105, 25.374327
28.857359, 0.281654, 25.606053
28.860637, 0.281654, 25.606053
28.863987, 0.279105, 25.374327
28.867192, 0.279105, 25.374327
28.870168, 0.279105, 25.374327
28.873192, 0.281654, 25.606053
28.876184, 0.281654, 25.606053
28.880081, 0.279105, 25.374327
28.883331, 0.279105, 25.374327
28.886479, 0.281654, 25.606053
28.889478, 0.279105, 25.374327
28.893990, 0.279105, 25.374327
28.904938, 0.279105, 25.374327
28.912025, 0.279105, 25.374327
28.914704, 0.279105, 25.374327
28.917641, 0.281654, 25.606053
28.920670, 0.281654, 25.606053
28.925542, 0.279105, 25.374327
28.928971, 0.281654, 25.606053
28.931435, 0.279105, 25.374327
28.934259, 0.279105, 25.374327
28.937308, 0.279105, 25.374327
28.940337, 0.279105, 25.374327
28.943523, 0.279105, 25.374327
28.946553, 0.279105, 25.374327
28.950194, 0.281654, 25.606053
28.953493, 0.279105, 25.374327
28.956561, 0.281654, 25.606053
28.959739, 0.279105, 25.374327
28.962750, 0.281654, 25.606053
28.965585, 0.281654, 25.606053
28.969041, 0.281654, 25.606053
28.971828, 0.279105, 25.374327
28.974379, 0.279105, 25.374327
28.977784, 0.281654, 25.606053
28.982927, 0.279105, 25.374327
28.990120, 0.279105, 25.374327
28.997704, 0.281654, 25.606053
29.004329, 0.279105, 25.374327
29.009294, 0.279105, 25.374327
29.012532, 0.279105, 25.374327
29.015040, 0.279105, 25.374327
29.018276, 0.279105, 25.374327
29.021321, 0.279105, 25.374327
29.024324, 0.279105, 25.374327
29.027458, 0.281654, 25.606053
29.029670, 0.281654, 25.606053
29.033233, 0.279105, 25.374327
29.036714, 0.279105, 25.374327
29.040079, 0.279105, 25.374327
29.043558, 0.279105, 25.374327
29.047466, 0.281654, 25.606053
29.051211, 0.279105, 25.374327
29.055081, 0.281654, 25.606053
29.057612, 0.281654, 25.606053
29.060160, 0.279105, 25.374327
29.063198, 0.279105, 25.374327
29.066243, 0.279105, 25.374327
29.069222, 0.281654, 25.606053
29.072499, 0.279105, 25.374327
29.077144, 0.279105, 25.374327
29.079599, 0.281654, 25.606053
29.081927, 0.279105, 25.374327
29.085189, 0.279105, 25.374327
29.088512, 0.281654, 25.606053
29.091827, 0.281654, 25.606053
29.095046, 0.281654, 25.606053
29.098239, 0.279105, 25.374327
29.101533, 0.279105, 25.374327
29.104943, 0.281654, 25.606053
29.108298, 0.279105, 25.374327
29.111239, 0.279105, 25.374327
29.113719, 0.281654, 25.606053
29.116713, 0.279105, 25.374327
29.118879, 0.279105, 25.374327
29.121444, 0.279105, 25.374327
29.124157, 0.279105, 25.374327
29.127069, 0.279105, 25.374327
29.129397, 0.279105, 25.374327
29.133231, 0.281654, 25.606053
29.136047, 0.281654, 25.606053
29.138231, 0.279105, 25.374327
29.140533, 0.281654, 25.606053
29.143057, 0.279105, 25.374327
29.145771, 0.279105, 25.374327
29.149100, 0.279105, 25.374327
29.152703, 0.279105, 25.374327
29.156369, 0.281654, 25.606053
29.159855, 0.279105, 25.374327
29.162659, 0.281654, 25.606053
29.165154, 0.281654, 25.606053
29.167638, 0.281654, 25.606053
29.170251, 0.279105, 25.374327
29.173096, 0.279105, 25.374327
29.176157, 0.279105, 25.374327
29.180384, 0.279105, 25.374327
29.183750, 0.281654, 25.606053
29.187226, 0.279105, 25.374327
29.189213, 0.281654, 25.606053
29.191390, 0.279105, 25.374327
29.193957, 0.279105, 25.374327
29.196946, 0.279105, 25.374327
29.199573, 0.281654, 25.606053
29.202271, 0.281654, 25.606053
29.205143, 0.281654, 25.606053
29.207388, 0.279105, 25.374327
29.210019, 0.279105, 25.374327
29.212936, 0.279105, 25.374327
29.216523, 0.279105, 25.374327
29.218881, 0.281654, 25.606053
29.221252, 0.281654, 25.606053
29.223885, 0.281654, 25.606053
29.226778, 0.281654, 25.606053
29.229244, 0.279105, 25.374327
29.232322, 0.281654, 25.606053
29.236059, 0.279105, 25.374327
29.239798, 0.281654, 25.606053
29.243475, 0.281654, 25.606053
29.246571, 0.279105, 25.374327
29.249649, 0.281654, 25.606053
29.253170, 0.281654, 25.606053
29.256993, 0.279105, 25.374327
29.260540, 0.281654, 25.606053
29.263072, 0.281654, 25.606053
29.265412, 0.279105, 25.374327
29.268225, 0.279105, 25.374327
29.271222, 0.281654, 25.606053
29.274292, 0.281654, 25.606053
29.277845, 0.279105, 25.374327
29.282064, 0.281654, 25.606053
29.286429, 0.281654, 25.606053
29.290702, 0.281654, 25.606053
29.294638, 0.281654, 25.606053
29.298290, 0.279105, 25.374327
29.301750, 0.279105, 25.374327
29.305214, 0.281654, 25.606053
29.309358, 0.279105, 25.374327
29.313823, 0.281654, 25.606053
29.319426, 0.279105, 25.374327
29.324317, 0.281654, 25.606053
29.328735, 0.281654, 25.606053
29.332699, 0.281654, 25.606053
29.336722, 0.281654, 25.606053
29.340567, 0.281654, 25.606053
29.344410, 0.279105, 25.374327
29.346545, 0.279105, 25.374327
29.349592, 0.281654, 25.606053
29.352580, 0.279105, 25.374327
29.355639, 0.281654, 25.606053
29.358881, 0.279105, 25.374327
29.361415, 0.279105, 25.374327
29.364210, 0.281654, 25.606053
29.367127, 0.279105, 25.374327
29.369566, 0.279105, 25.374327
29.372003, 0.281654, 25.606053
29.374919, 0.281654, 25.606053
29.378191, 0.281654, 25.606053
29.381683, 0.281654, 25.606053
29.385116, 0.279105, 25.374327
29.388452, 0.281654, 25.606053
29.391774, 0.281654, 25.606053
29.395130, 0.281654, 25.606053
29.398591, 0.279105, 25.374327
29.402054, 0.281654, 25.606053
29.405582, 0.281654, 25.606053
29.409431, 0.281654, 25.606053
29.412313, 0.281654, 25.606053
29.414461, 0.281654, 25.606053
29.416908, 0.279105, 25.374327
29.419983, 0.284203, 25.837780
29.423669, 0.279105, 25.374327
29.426842, 0.281654, 25.606053
29.430191, 0.281654, 25.606053
29.433162, 0.281654, 25.606053
29.436287, 0.281654, 25.606053
29.439276, 0.281654, 25.606053
29.442284, 0.279105, 25.374327
29.445645, 0.279105, 25.374327
29.448750, 0.281654, 25.606053
29.452118, 0.281654, 25.606053
29.455211, 0.279105, 25.374327
29.458094, 0.279105, 25.374327
29.461073, 0.281654, 25.606053
29.464011, 0.281654, 25.606053
29.466954, 0.281654, 25.606053
29.469679, 0.281654, 25.606053
29.472634, 0.281654, 25.606053
29.475489, 0.279105, 25.374327
29.478490, 0.281654, 25.606053
29.481443, 0.279105, 25.374327
29.484860, 0.281654, 25.606053
29.487683, 0.279105, 25.374327
29.490634, 0.281654, 25.606053
29.493516, 0.281654, 25.606053
29.496344, 0.281654, 25.606053
29.499382, 0.281654, 25.606053
29.502202, 0.281654, 25.606053
29.504952, 0.279105, 25.374327
29.507720, 0.281654, 25.606053
29.510507, 0.279105, 25.374327
29.513489, 0.279105, 25.374327
29.516547, 0.281654, 25.606053
29.519610, 0.281654, 25.606053
29.522856, 0.279105, 25.374327
29.526720, 0.279105, 25.374327
29.528764, 0.281654, 25.606053
29.531450, 0.279105, 25.374327
29.536454, 0.281654, 25.606053
29.540334, 0.281654, 25.606053
29.544258, 0.279105, 25.374327
29.547860, 0.281654, 25.606053
29.551371, 0.279105, 25.374327
29.555067, 0.279105, 25.374327
29.558362, 0.281654, 25.606053
29.561363, 0.281654, 25.606053
29.564346, 0.279105, 25.374327
29.567591, 0.281654, 25.606053
29.570719, 0.281654, 25.606053
29.573868, 0.279105, 25.374327
29.577579, 0.279105, 25.374327
29.580485, 0.281654, 25.606053
29.583602, 0.281654, 25.606053
29.586754, 0.281654, 25.606053
29.590156, 0.281654, 25.606053
29.593338, 0.281654, 25.606053
29.596114, 0.281654, 25.606053
29.598764, 0.279105, 25.374327
29.601638, 0.281654, 25.606053
29.604708, 0.281654, 25.606053
29.608586, 0.281654, 25.606053
29.614361, 0.281654, 25.606053
29.619929, 0.281654, 25.606053
29.625132, 0.281654, 25.606053
29.629148, 0.281654, 25.606053
29.633377, 0.281654, 25.606053
29.636757, 0.281654, 25.606053
29.640036, 0.281654, 25.606053
29.643528, 0.279105, 25.374327
29.645839, 0.279105, 25.374327
29.648166, 0.281654, 25.606053
29.650734, 0.279105, 25.374327
29.653514, 0.281654, 25.606053
29.656213, 0.281654, 25.606053
29.658982, 0.281654, 25.606053
29.661477, 0.281654, 25.606053
29.664552, 0.279105, 25.374327
29.668034, 0.281654, 25.606053
29.671381, 0.281654, 25.606053
29.674969, 0.281654, 25.606053
29.678449, 0.281654, 25.606053
29.681908, 0.279105, 25.374327
29.684915, 0.281654, 25.606053
29.687040, 0.279105, 25.374327
29.689641, 0.281654, 25.606053
29.692359, 0.281654, 25.606053
29.695403, 0.281654, 25.606053
29.699467, 0.281654, 25.606053
29.704652, 0.281654, 25.606053
29.709043, 0.281654, 25.606053
29.713065, 0.279105, 25.374327
29.716244, 0.279105, 25.374327
29.718570, 0.281654, 25.606053
29.721146, 0.281654, 25.606053
29.724226, 0.279105, 25.374327
29.727662, 0.279105, 25.374327
29.729844, 0.281654, 25.606053
29.732194, 0.279105, 25.374327
29.735076, 0.281654, 25.606053
29.737790, 0.281654, 25.606053
29.740543, 0.281654, 25.606053
29.743698, 0.281654, 25.606053
29.746174, 0.281654, 25.606053
29.749493, 0.281654, 25.606053
29.752992, 0.279105, 25.374327
29.756748, 0.281654, 25.606053
29.760325, 0.281654, 25.606053
29.762530, 0.281654, 25.606053
29.765434, 0.281654, 25.606053
29.768238, 0.279105, 25.374327
29.771104, 0.281654, 25.606053
29.773907, 0.281654, 25.606053
29.777054, 0.281654, 25.606053
29.780494, 0.279105, 25.374327
29.784078, 0.281654, 25.606053
29.788643, 0.281654, 25.606053
29.792308, 0.281654, 25.606053
29.796557, 0.281654, 25.606053
29.798952, 0.281654, 25.606053
29.802971, 0.281654, 25.606053
29.806974, 0.281654, 25.606053
29.810981, 0.281654, 25.606053
29.814647, 0.281654, 25.606053
29.817333, 0.281654, 25.606053
29.819976, 0.279105, 25.374327
29.822826, 0.281654, 25.606053
29.825814, 0.279105, 25.374327
29.829419, 0.281654, 25.606053
29.831900, 0.281654, 25.606053
29.834677, 0.281654, 25.606053
29.838008, 0.281654, 25.606053
29.840850, 0.281654, 25.606053
29.843891, 0.281654, 25.606053
29.846135, 0.281654, 25.606053
29.849474, 0.279105, 25.374327
29.852937, 0.281654, 25.606053
29.856426, 0.281654, 25.606053
29.859848, 0.281654, 25.606053
29.863996, 0.281654, 25.606053
29.867170, 0.281654, 25.606053
29.869408, 0.279105, 25.374327
29.872241, 0.281654, 25.606053
29.875039, 0.279105, 25.374327
29.878180, 0.281654, 25.606053
29.881356, 0.279105, 25.374327
29.884425, 0.281654, 25.606053
29.887912, 0.281654, 25.606053
29.890065, 0.279105, 25.374327
29.892822, 0.281654, 25.606053
29.896204, 0.281654, 25.606053
29.899664, 0.281654, 25.606053
29.903155, 0.281654, 25.606053
29.906601, 0.281654, 25.606053
29.909955, 0.281654, 25.606053
29.912237, 0.279105, 25.374327
29.914719, 0.281654, 25.606053
29.917339, 0.281654, 25.606053
29.921008, 0.281654, 25.606053
29.923705, 0.281654, 25.606053
29.926354, 0.281654, 25.606053
29.929372, 0.281654, 25.606053
29.932409, 0.281654, 25.606053
29.935568, 0.281654, 25.606053
29.938878, 0.281654, 25.606053
29.942162, 0.281654, 25.606053
29.945054, 0.281654, 25.606053
29.947194, 0.279105, 25.374327
29.949822, 0.281654, 25.606053
29.952477, 0.281654, 25.606053
29.955503, 0.284203, 25.837780
29.958885, 0.279105, 25.374327
29.963767, 0.281654, 25.606053
29.972206, 0.281654, 25.606053
29.978505, 0.281654, 25.606053
29.981033, 0.281654, 25.606053
29.983707, 0.281654, 25.606053
29.986718, 0.281654, 25.606053
29.989621, 0.281654, 25.606053
29.993053, 0.279105, 25.374327
29.996510, 0.281654, 25.606053
29.999025, 0.281654, 25.606053
30.001783, 0.281654, 25.606053
30.004717, 0.281654, 25.606053
30.006705, 0.281654, 25.606053
30.008970, 0.281654, 25.606053
30.011678, 0.281654, 25.606053
30.014156, 0.281654, 25.606053
30.016804, 0.281654, 25.606053
30.019855, 0.279105, 25.374327
30.023016, 0.281654, 25.606053
30.026428, 0.281654, 25.606053
30.029545, 0.281654, 25.606053
30.032778, 0.281654, 25.606053
30.036133, 0.281654, 25.606053
30.039490, 0.279105, 25.374327
30.042782, 0.281654, 25.606053
30.046612, 0.281654, 25.606053
30.049231, 0.279105, 25.374327
30.051970, 0.281654, 25.606053
30.054872, 0.281654, 25.606053
30.058011, 0.281654, 25.606053
30.061799, 0.281654, 25.606053
30.064063, 0.281654, 25.606053
30.066588, 0.281654, 25.606053
30.068920, 0.281654, 25.606053
30.071881, 0.281654, 25.606053
30.075146, 0.281654, 25.606053
30.078363, 0.281654, 25.606053
30.080501, 0.281654, 25.606053
30.082943, 0.279105, 25.374327
30.085570, 0.281654, 25.606053
30.088065, 0.281654, 25.606053
30.090968, 0.281654, 25.606053
30.094389, 0.281654, 25.606053
30.097235, 0.281654, 25.606053
30.099538, 0.281654, 25.606053
30.102073, 0.279105, 25.374327
30.104695, 0.281654, 25.606053
30.108039, 0.281654, 25.606053
30.111614, 0.279105, 25.374327
30.114840, 0.281654, 25.606053
30.118316, 0.281654, 25.606053
30.120611, 0.281654, 25.606053
30.123417, 0.281654, 25.606053
30.126773, 0.281654, 25.606053
30.130646, 0.281654, 25.606053
30.134192, 0.281654, 25.606053
30.137579, 0.281654, 25.606053
30.140926, 0.281654, 25.606053
30.144175, 0.281654, 25.606053
30.146229, 0.281654, 25.606053
30.149177, 0.281654, 25.606053
30.151485, 0.281654, 25.606053
30.154404, 0.281654, 25.606053
30.157513, 0.281654, 25.606053
30.160773, 0.281654, 25.606053
30.162863, 0.281654, 25.606053
30.165129, 0.281654, 25.606053
30.168253, 0.281654, 25.606053
30.170568, 0.281654, 25.606053
30.173483, 0.281654, 25.606053
30.176772, 0.281654, 25.606053
30.180136, 0.281654, 25.606053
30.183255, 0.281654, 25.606053
30.186557, 0.281654, 25.606053
30.192400, 0.279105, 25.374327
30.196515, 0.281654, 25.606053
30.199369, 0.281654, 25.606053
30.202523, 0.281654, 25.606053
30.205465, 0.281654, 25.606053
30.208332, 0.281654, 25.606053
30.212217, 0.281654, 25.606053
30.216147, 0.281654, 25.606053
30.219721, 0.279105, 25.374327
30.223030, 0.281654, 25.606053
30.226351, 0.281654, 25.606053
30.230246, 0.281654, 25.606053
30.234187, 0.281654, 25.606053
30.238276, 0.279105, 25.374327
30.242199, 0.281654, 25.606053
30.246238, 0.281654, 25.606053
30.250020, 0.281654, 25.606053
30.254004, 0.281654, 25.606053
30.258037, 0.281654, 25.606053
30.264057, 0.281654, 25.606053
30.270470, 0.281654, 25.606053
30.275094, 0.279105, 25.374327
30.278106, 0.281654, 25.606053
30.280676, 0.281654, 25.606053
30.283711, 0.281654, 25.606053
30.286897, 0.281654, 25.606053
30.290195, 0.281654, 25.606053
30.293670, 0.281654, 25.606053
30.299247, 0.281654, 25.606053
30.303966, 0.281654, 25.606053
30.307737, 0.281654, 25.606053
30.311272, 0.281654, 25.606053
30.314702, 0.281654, 25.606053
30.317745, 0.281654, 25.606053
30.320821, 0.281654, 25.606053
30.323351, 0.281654, 25.606053
30.326484, 0.281654, 25.606053
30.329005, 0.281654, 25.606053
30.331472, 0.281654, 25.606053
30.334563, 0.281654, 25.606053
30.337478, 0.281654, 25.606053
30.340587, 0.281654, 25.606053
30.343587, 0.281654, 25.606053
30.345832, 0.281654, 25.606053
30.349442, 0.281654, 25.606053
30.353908, 0.281654, 25.606053
30.358015, 0.281654, 25.606053
30.362062, 0.281654, 25.606053
30.364919, 0.279105, 25.374327
30.367584, 0.281654, 25.606053
30.370440, 0.281654, 25.606053
30.373841, 0.279105, 25.374327
30.377570, 0.281654, 25.606053
30.380087, 0.281654, 25.606053
30.385317, 0.281654, 25.606053
30.389537, 0.281654, 25.606053
30.393345, 0.281654, 25.606053
30.395620, 0.281654, 25.606053
30.398077, 0.281654, 25.606053
30.400891, 0.281654, 25.606053
30.403650, 0.281654, 25.606053
30.406452, 0.281654, 25.606053
30.409221, 0.281654, 25.606053
30.412036, 0.281654, 25.606053
30.415244, 0.281654, 25.606053
30.418530, 0.281654, 25.606053
30.422229, 0.279105, 25.374327
30.425460, 0.281654, 25.606053
30.428804, 0.281654, 25.606053
30.432485, 0.281654, 25.606053
30.435981, 0.281654, 25.606053
30.439268, 0.279105, 25.374327
30.441992, 0.279105, 25.374327
30.444579, 0.279105, 25.374327
30.447312, 0.281654, 25.606053
30.449692, 0.281654, 25.606053
30.452049, 0.281654, 25.606053
30.455350, 0.281654, 25.606053
30.459493, 0.281654, 25.606053
30.463750, 0.281654, 25.606053
30.467567, 0.279105, 25.374327
30.471246, 0.281654, 25.606053
30.474669, 0.281654, 25.606053
30.477852, 0.281654, 25.606053
30.480885, 0.281654, 25.606053
30.483492, 0.281654, 25.606053
30.486506, 0.281654, 25.606053
30.490235, 0.281654, 25.606053
30.495043, 0.281654, 25.606053
30.501485, 0.281654, 25.606053
30.506894, 0.281654, 25.606053
30.511684, 0.281654, 25.606053
30.516128, 0.281654, 25.606053
30.520832, 0.281654, 25.606053
30.524507, 0.281654, 25.606053
30.527936, 0.281654, 25.606053
30.531560, 0.281654, 25.606053
30.534883, 0.281654, 25.606053
30.538218, 0.281654, 25.606053
30.541702, 0.281654, 25.606053
30.545393, 0.281654, 25.606053
30.549073, 0.281654, 25.606053
30.552503, 0.281654, 25.606053
30.555877, 0.281654, 25.606053
30.559276, 0.281654, 25.606053
30.562489, 0.281654, 25.606053
30.565782, 0.281654, 25.606053
30.569067, 0.281654, 25.606053
30.572139, 0.279105, 25.374327
30.575217, 0.281654, 25.606053
30.578530, 0.281654, 25.606053
30.581758, 0.281654, 25.606053
30.584981, 0.281654, 25.606053
30.588077, 0.281654, 25.606053
30.591209, 0.281654, 25.606053
30.594758, 0.281654, 25.606053
30.598097, 0.281654, 25.606053
30.600178, 0.281654, 25.606053
30.602850, 0.279105, 25.374327
30.605630, 0.284203, 25.837780
30.608349, 0.281654, 25.606053
30.611146, 0.281654, 25.606053
30.614290, 0.281654, 25.606053
30.617359, 0.281654, 25.606053
30.620380, 0.281654, 25.606053
30.623384, 0.281654, 25.606053
30.625646, 0.281654, 25.606053
30.628655, 0.281654, 25.606053
30.631181, 0.281654, 25.606053
30.634288, 0.281654, 25.606053
30.636622, 0.281654, 25.606053
30.639204, 0.281654, 25.606053
30.641898, 0.281654, 25.606053
30.646838, 0.281654, 25.606053
30.652170, 0.281654, 25.606053
30.655388, 0.281654, 25.606053
30.658815, 0.281654, 25.606053
30.662251, 0.281654, 25.606053
30.665411, 0.281654, 25.606053
30.668535, 0.281654, 25.606053
30.671402, 0.281654, 25.606053
30.675299, 0.281654, 25.606053
30.678600, 0.281654, 25.606053
30.681532, 0.281654, 25.606053
30.684993, 0.281654, 25.606053
30.688294, 0.281654, 25.606053
30.693158, 0.281654, 25.606053
30.696662, 0.281654, 25.606053
30.700468, 0.281654, 25.606053
30.706346, 0.281654, 25.606053
30.709494, 0.281654, 25.606053
30.712697, 0.281654, 25.606053
30.719067, 0.281654, 25.606053
30.727954, 0.281654, 25.606053
30.737158, 0.281654, 25.606053
30.744507, 0.279105, 25.374327
30.756274, 0.281654, 25.606053
30.766401, 0.281654, 25.606053
30.773452, 0.281654, 25.606053
30.781087, 0.279105, 25.374327
30.786476, 0.281654, 25.606053
30.791787, 0.281654, 25.606053
30.799255, 0.281654, 25.606053
30.805765, 0.281654, 25.606053
30.811913, 0.281654, 25.606053
30.818871, 0.281654, 25.606053
30.825930, 0.281654, 25.606053
30.838933, 0.279105, 25.374327
30.845743, 0.281654, 25.606053
30.857804, 0.279105, 25.374327
30.869190, 0.281654, 25.606053
30.876131, 0.281654, 25.606053
30.882120, 0.281654, 25.606053
30.886935, 0.281654, 25.606053
30.890902, 0.281654, 25.606053
30.894479, 0.281654, 25.606053
30.897838, 0.281654, 25.606053
30.901302, 0.281654, 25.606053
30.904811, 0.281654, 25.606053
30.908450, 0.281654, 25.606053
30.911982, 0.284203, 25.837780
30.915326, 0.281654, 25.606053
30.918620, 0.281654, 25.606053
30.921950, 0.281654, 25.606053
30.925142, 0.281654, 25.606053
30.928254, 0.284203, 25.837780
30.931414, 0.281654, 25.606053
30.934378, 0.281654, 25.606053
30.937377, 0.284203, 25.837780
30.940377, 0.281654, 25.606053
30.943365, 0.281654, 25.606053
30.946345, 0.281654, 25.606053
30.949601, 0.281654, 25.606053
30.953468, 0.284203, 25.837780
30.956600, 0.281654, 25.606053
30.959548, 0.281654, 25.606053
30.963423, 0.281654, 25.606053
30.965691, 0.281654, 25.606053
30.968488, 0.281654, 25.606053
30.972650, 0.281654, 25.606053
30.975694, 0.281654, 25.606053
30.978698, 0.281654, 25.606053
30.981956, 0.281654, 25.606053
30.985127, 0.281654, 25.606053
30.988127, 0.281654, 25.606053
30.991368, 0.281654, 25.606053
30.995228, 0.281654, 25.606053
31.000455, 0.281654, 25.606053
31.005508, 0.281654, 25.606053
31.010649, 0.281654, 25.606053
31.017374, 0.281654, 25.606053
31.024847, 0.281654, 25.606053
31.031981, 0.281654, 25.606053
31.037710, 0.281654, 25.606053
31.042751, 0.281654, 25.606053
31.047125, 0.281654, 25.606053
31.051244, 0.281654, 25.606053
31.055164, 0.281654, 25.606053
31.059086, 0.279105, 25.374327
31.063391, 0.281654, 25.606053
31.067889, 0.281654, 25.606053
31.071549, 0.281654, 25.606053
31.074833, 0.281654, 25.606053
31.078317, 0.281654, 25.606053
31.081803, 0.281654, 25.606053
31.085131, 0.281654, 25.606053
31.088396, 0.281654, 25.606053
31.091661, 0.281654, 25.606053
31.094782, 0.281654, 25.606053
31.098099, 0.281654, 25.606053
31.101593, 0.281654, 25.606053
31.104806, 0.281654, 25.606053
31.108026, 0.281654, 25.606053
31.110071, 0.281654, 25.606053
31.112988, 0.281654, 25.606053
31.117103, 0.281654, 25.606053
31.119623, 0.281654, 25.606053
31.122199, 0.281654, 25.606053
31.125008, 0.279105, 25.374327
31.128171, 0.281654, 25.606053
31.131440, 0.281654, 25.606053
31.134075, 0.281654, 25.606053
31.136774, 0.281654, 25.606053
31.139425, 0.281654, 25.606053
31.142167, 0.281654, 25.606053
31.144830, 0.281654, 25.606053
31.147979, 0.281654, 25.606053
31.151350, 0.284203, 25.837780
31.154710, 0.281654, 25.606053
31.157926, 0.281654, 25.606053
31.160256, 0.284203, 25.837780
31.163610, 0.281654, 25.606053
31.165772, 0.281654, 25.606053
31.168469, 0.281654, 25.606053
31.171294, 0.281654, 25.606053
31.174204, 0.281654, 25.606053
31.177690, 0.281654, 25.606053
31.180120, 0.281654, 25.606053
31.183069, 0.281654, 25.606053
31.186242, 0.281654, 25.606053
31.189587, 0.281654, 25.606053
31.192827, 0.281654, 25.606053
31.196251, 0.281654, 25.606053
31.200070, 0.281654, 25.606053
31.203508, 0.284203, 25.837780
31.206860, 0.281654, 25.606053
31.209557, 0.281654, 25.606053
31.211885, 0.284203, 25.837780
31.214537, 0.281654, 25.606053
31.217361, 0.281654, 25.606053
31.219667, 0.281654, 25.606053
31.222497, 0.284203, 25.837780
31.225537, 0.281654, 25.606053
31.228975, 0.281654, 25.606053
31.232406, 0.281654, 25.606053
31.235814, 0.281654, 25.606053
31.239120, 0.281654, 25.606053
31.242961, 0.284203, 25.837780
31.247629, 0.284203, 25.837780
31.253948, 0.281654, 25.606053
31.258870, 0.281654, 25.606053
31.263451, 0.284203, 25.837780
31.267089, 0.281654, 25.606053
31.270840, 0.281654, 25.606053
31.274398, 0.284203, 25.837780
31.278270, 0.284203, 25.837780
31.281885, 0.284203, 25.837780
31.284285, 0.281654, 25.606053
31.286866, 0.281654, 25.606053
31.289633, 0.284203, 25.837780
31.292583, 0.281654, 25.606053
31.295705, 0.281654, 25.606053
31.298853, 0.281654, 25.606053
31.302306, 0.281654, 25.606053
31.305614, 0.281654, 25.606053
31.308632, 0.284203, 25.837780
31.312053, 0.284203, 25.837780
31.315463, 0.284203, 25.837780
31.317870, 0.284203, 25.837780
31.320459, 0.281654, 25.606053
31.325391, 0.281654, 25.606053
31.330741, 0.281654, 25.606053
31.333999, 0.281654, 25.606053
31.336534, 0.281654, 25.606053
31.338977, 0.281654, 25.606053
31.341613, 0.281654, 25.606053
31.344768, 0.284203, 25.837780
31.349054, 0.281654, 25.606053
31.353251, 0.281654, 25.606053
31.355666, 0.284203, 25.837780
31.358912, 0.281654, 25.606053
31.362703, 0.281654, 25.606053
31.365072, 0.281654, 25.606053
31.367680, 0.281654, 25.606053
31.370559, 0.281654, 25.606053
31.373581, 0.281654, 25.606053
31.376685, 0.284203, 25.837780
31.378970, 0.284203, 25.837780
31.382436, 0.281654, 25.606053
31.386299, 0.281654, 25.606053
31.390044, 0.281654, 25.606053
31.393760, 0.284203, 25.837780
31.397348, 0.281654, 25.606053
31.401037, 0.281654, 25.606053
31.404450, 0.281654, 25.606053
31.407079, 0.284203, 25.837780
31.409698, 0.281654, 25.606053
31.412758, 0.281654, 25.606053
31.416303, 0.281654, 25.606053
31.420477, 0.281654, 25.606053
31.424029, 0.281654, 25.606053
31.426526, 0.284203, 25.837780
31.432168, 0.284203, 25.837780
31.437308, 0.284203, 25.837780
31.441939, 0.281654, 25.606053
31.446083, 0.281654, 25.606053
31.450192, 0.281654, 25.606053
31.453956, 0.284203, 25.837780
31.457550, 0.281654, 25.606053
31.461136, 0.281654, 25.606053
31.463412, 0.281654, 25.606053
31.465988, 0.281654, 25.606053
31.468553, 0.281654, 25.606053
31.471359, 0.281654, 25.606053
31.474500, 0.281654, 25.606053
31.477813, 0.281654, 25.606053
31.481262, 0.284203, 25.837780
31.485009, 0.281654, 25.606053
31.487759, 0.281654, 25.606053
31.490077, 0.281654, 25.606053
31.492832, 0.281654, 25.606053
31.495456, 0.284203, 25.837780
31.498555, 0.284203, 25.837780
31.502125, 0.281654, 25.606053
31.505790, 0.284203, 25.837780
31.509464, 0.281654, 25.606053
31.513419, 0.284203, 25.837780
31.516030, 0.281654, 25.606053
31.518680, 0.281654, 25.606053
31.521516, 0.281654, 25.606053
31.524456, 0.281654, 25.606053
31.527710, 0.281654, 25.606053
31.531000, 0.281654, 25.606053
31.534320, 0.281654, 25.606053
31.537693, 0.281654, 25.606053
31.540066, 0.281654, 25.606053
31.542842, 0.281654, 25.606053
31.546482, 0.284203, 25.837780
31.549479, 0.281654, 25.606053
31.552880, 0.281654, 25.606053
31.555852, 0.284203, 25.837780
31.558826, 0.284203, 25.837780
31.562536, 0.281654, 25.606053
31.565875, 0.281654, 25.606053
31.569130, 0.281654, 25.606053
31.572196, 0.281654, 25.606053
31.575196, 0.284203, 25.837780
31.578987, 0.281654, 25.606053
31.582144, 0.281654, 25.606053
31.585695, 0.281654, 25.606053
31.587865, 0.281654, 25.606053
31.591473, 0.281654, 25.606053
31.595037, 0.281654, 25.606053
31.598595, 0.281654, 25.606053
31.602091, 0.281654, 25.606053
31.605538, 0.281654, 25.606053
31.608926, 0.281654, 25.606053
31.612202, 0.281654, 25.606053
31.615603, 0.281654, 25.606053
31.618985, 0.281654, 25.606053
31.621063, 0.281654, 25.606053
31.623576, 0.281654, 25.606053
31.626415, 0.281654, 25.606053
31.631276, 0.281654, 25.606053
31.634818, 0.281654, 25.606053
31.639923, 0.281654, 25.606053
31.644461, 0.281654, 25.606053
31.647811, 0.281654, 25.606053
31.650415, 0.281654, 25.606053
31.652741, 0.284203, 25.837780
31.655312, 0.281654, 25.606053
31.657941, 0.284203, 25.837780
31.660975, 0.281654, 25.606053
31.663972, 0.281654, 25.606053
31.666915, 0.281654, 25.606053
31.670038, 0.281654, 25.606053
31.673050, 0.281654, 25.606053
31.675970, 0.281654, 25.606053
31.679109, 0.281654, 25.606053
31.682239, 0.281654, 25.606053
31.684537, 0.281654, 25.606053
31.687445, 0.281654, 25.606053
31.690627, 0.281654, 25.606053
31.693795, 0.281654, 25.606053
31.697107, 0.281654, 25.606053
31.700433, 0.284203, 25.837780
31.703807, 0.281654, 25.606053
31.706981, 0.281654, 25.606053
31.710199, 0.281654, 25.606053
31.713740, 0.284203, 25.837780
31.717147, 0.281654, 25.606053
31.720351, 0.281654, 25.606053
31.723647, 0.281654, 25.606053
31.726816, 0.284203, 25.837780
31.730158, 0.281654, 25.606053
31.733565, 0.281654, 25.606053
31.736827, 0.281654, 25.606053
31.739892, 0.281654, 25.606053
31.743173, 0.281654, 25.606053
31.746436, 0.284203, 25.837780
31.749779, 0.281654, 25.606053
31.752959, 0.281654, 25.606053
31.756049, 0.284203, 25.837780
31.760296, 0.281654, 25.606053
31.765491, 0.281654, 25.606053
31.770129, 0.281654, 25.606053
31.774062, 0.281654, 25.606053
31.777888, 0.284203, 25.837780
31.781809, 0.281654, 25.606053
31.787426, 0.281654, 25.606053
31.792781, 0.281654, 25.606053
31.797381, 0.281654, 25.606053
31.801346, 0.284203, 25.837780
31.805119, 0.281654, 25.606053
31.808742, 0.281654, 25.606053
31.812371, 0.281654, 25.606053
31.816426, 0.284203, 25.837780
31.819785, 0.281654, 25.606053
31.823131, 0.281654, 25.606053
31.826491, 0.281654, 25.606053
31.829694, 0.281654, 25.606053
31.832004, 0.281654, 25.606053
31.835122, 0.281654, 25.606053
31.837926, 0.281654, 25.606053
31.840735, 0.281654, 25.606053
31.843667, 0.281654, 25.606053
31.846363, 0.284203, 25.837780
31.849678, 0.281654, 25.606053
31.853135, 0.281654, 25.606053
31.856694, 0.284203, 25.837780
31.860090, 0.281654, 25.606053
31.863656, 0.284203, 25.837780
31.867265, 0.281654, 25.606053
31.870628, 0.281654, 25.606053
31.873918, 0.284203, 25.837780
31.876024, 0.284203, 25.837780
31.878857, 0.281654, 25.606053
31.881688, 0.281654, 25.606053
31.884845, 0.281654, 25.606053
31.887158, 0.284203, 25.837780
31.889388, 0.281654, 25.606053
31.891978, 0.281654, 25.606053
31.894818, 0.284203, 25.837780
31.897759, 0.284203, 25.837780
31.899973, 0.281654, 25.606053
31.902379, 0.284203, 25.837780
31.904985, 0.284203, 25.837780
31.907961, 0.281654, 25.606053
31.910923, 0.284203, 25.837780
31.913434, 0.281654, 25.606053
31.915578, 0.281654, 25.606053
31.918076, 0.284203, 25.837780
31.920819, 0.281654, 25.606053
31.923779, 0.281654, 25.606053
31.926678, 0.281654, 25.606053
31.929894, 0.281654, 25.606053
31.933115, 0.281654, 25.606053
31.936447, 0.281654, 25.606053
31.939787, 0.284203, 25.837780
31.943025, 0.284203, 25.837780
31.946669, 0.281654, 25.606053
31.950163, 0.281654, 25.606053
31.953418, 0.281654, 25.606053
31.957112, 0.281654, 25.606053
31.960294, 0.281654, 25.606053
31.963612, 0.281654, 25.606053
31.966770, 0.284203, 25.837780
31.969832, 0.281654, 25.606053
31.972967, 0.284203, 25.837780
31.975925, 0.281654, 25.606053
31.980312, 0.281654, 25.606053
31.982864, 0.284203, 25.837780
31.984915, 0.284203, 25.837780
31.987619, 0.281654, 25.606053
31.990807, 0.281654, 25.606053
31.994009, 0.284203, 25.837780
31.997089, 0.281654, 25.606053
32.000055, 0.281654, 25.606053
32.003537, 0.281654, 25.606053
32.007122, 0.281654, 25.606053
32.010517, 0.281654, 25.606053
32.014358, 0.281654, 25.606053
32.019629, 0.281654, 25.606053
32.030120, 0.281654, 25.606053
32.036937, 0.281654, 25.606053
32.041833, 0.281654, 25.606053
32.045916, 0.281654, 25.606053
32.048564, 0.281654, 25.606053
32.050988, 0.281654, 25.606053
32.053632, 0.281654, 25.606053
32.055846, 0.284203, 25.837780
32.058022, 0.281654, 25.606053
32.060641, 0.281654, 25.606053
32.063419, 0.284203, 25.837780
32.066649, 0.281654, 25.606053
32.069672, 0.284203, 25.837780
32.072585, 0.281654, 25.606053
32.075651, 0.281654, 25.606053
32.079283, 0.281654, 25.606053
32.083434, 0.281654, 25.606053
32.087543, 0.281654, 25.606053
32.091325, 0.281654, 25.606053
32.095481, 0.281654, 25.606053
32.101120, 0.281654, 25.606053
32.106127, 0.281654, 25.606053
32.110052, 0.281654, 25.606053
32.114119, 0.284203, 25.837780
32.117655, 0.284203, 25.837780
32.120939, 0.281654, 25.606053
32.124018, 0.281654, 25.606053
32.127111, 0.281654, 25.606053
32.130345, 0.284203, 25.837780
32.133680, 0.284203, 25.837780
32.136853, 0.281654, 25.606053
32.140019, 0.281654, 25.606053
32.143755, 0.281654, 25.606053
32.145879, 0.281654, 25.606053
32.148266, 0.281654, 25.606053
32.150942, 0.281654, 25.606053
32.154086, 0.281654, 25.606053
32.156832, 0.281654, 25.606053
32.159649, 0.281654, 25.606053
32.162514, 0.281654, 25.606053
32.165404, 0.281654, 25.606053
32.168323, 0.281654, 25.606053
32.171065, 0.284203, 25.837780
32.174062, 0.281654, 25.606053
32.176883, 0.284203, 25.837780
32.179884, 0.284203, 25.837780
32.183094, 0.281654, 25.606053
32.185340, 0.281654, 25.606053
32.188094, 0.281654, 25.606053
32.191102, 0.281654, 25.606053
32.194629, 0.281654, 25.606053
32.197857, 0.281654, 25.606053
32.201114, 0.281654, 25.606053
32.204192, 0.279105, 25.374327
32.207301, 0.281654, 25.606053
32.210367, 0.281654, 25.606053
32.213959, 0.281654, 25.606053
32.217153, 0.281654, 25.606053
32.220194, 0.281654, 25.606053
32.223408, 0.281654, 25.606053
32.226543, 0.284203, 25.837780
32.229728, 0.281654, 25.606053
32.232879, 0.281654, 25.606053
32.236082, 0.284203, 25.837780
32.239295, 0.284203, 25.837780
32.242285, 0.281654, 25.606053
32.245750, 0.281654, 25.606053
32.249144, 0.284203, 25.837780
32.253428, 0.281654, 25.606053
32.258219, 0.281654, 25.606053
32.262205, 0.281654, 25.606053
32.266241, 0.284203, 25.837780
32.270635, 0.281654, 25.606053
32.275103, 0.284203, 25.837780
32.279009, 0.281654, 25.606053
32.282594, 0.281654, 25.606053
32.286154, 0.281654, 25.606053
32.288248, 0.281654, 25.606053
32.290896, 0.284203, 25.837780
32.293798, 0.284203, 25.837780
32.296607, 0.281654, 25.606053
32.299662, 0.281654, 25.606053
32.303002, 0.281654, 25.606053
32.306268, 0.281654, 25.606053
32.309520, 0.281654, 25.606053
32.312733, 0.281654, 25.606053
32.316353, 0.284203, 25.837780
32.320353, 0.281654, 25.606053
32.324374, 0.281654, 25.606053
32.327907, 0.284203, 25.837780
32.330183, 0.281654, 25.606053
32.332934, 0.281654, 25.606053
32.335756, 0.281654, 25.606053
32.339996, 0.281654, 25.606053
32.343672, 0.284203, 25.837780
32.347189, 0.284203, 25.837780
32.350508, 0.284203, 25.837780
32.353691, 0.281654, 25.606053
32.356824, 0.284203, 25.837780
32.359935, 0.284203, 25.837780
32.363457, 0.281654, 25.606053
32.367452, 0.281654, 25.606053
32.371291, 0.281654, 25.606053
32.374912, 0.281654, 25.606053
32.378907, 0.284203, 25.837780
32.381051, 0.284203, 25.837780
32.383516, 0.281654, 25.606053
32.386263, 0.284203, 25.837780
32.389162, 0.284203, 25.837780
32.391933, 0.284203, 25.837780
32.394766, 0.284203, 25.837780
32.397991, 0.281654, 25.606053
32.401307, 0.281654, 25.606053
32.404669, 0.281654, 25.606053
32.408062, 0.281654, 25.606053
32.410367, 0.284203, 25.837780
32.412832, 0.284203, 25.837780
32.416022, 0.281654, 25.606053
32.419568, 0.284203, 25.837780
32.422837, 0.284203, 25.837780
32.426091, 0.284203, 25.837780
32.429630, 0.284203, 25.837780
32.433172, 0.281654, 25.606053
32.436742, 0.281654, 25.606053
32.440306, 0.281654, 25.606053
32.443980, 0.284203, 25.837780
32.447613, 0.284203, 25.837780
32.451159, 0.284203, 25.837780
32.454537, 0.281654, 25.606053
32.457811, 0.281654, 25.606053
32.461175, 0.281654, 25.606053
32.464534, 0.284203, 25.837780
32.467827, 0.284203, 25.837780
32.471170, 0.281654, 25.606053
32.473116, 0.281654, 25.606053
32.475196, 0.281654, 25.606053
32.477624, 0.281654, 25.606053
32.479988, 0.281654, 25.606053
32.483705, 0.281654, 25.606053
32.487747, 0.281654, 25.606053
32.491894, 0.281654, 25.606053
32.496160, 0.281654, 25.606053
32.501113, 0.281654, 25.606053
32.503323, 0.281654, 25.606053
32.505885, 0.281654, 25.606053
32.508672, 0.284203, 25.837780
32.511919, 0.281654, 25.606053
32.515010, 0.281654, 25.606053
32.517992, 0.281654, 25.606053
32.520844, 0.281654, 25.606053
32.523291, 0.284203, 25.837780
32.526116, 0.281654, 25.606053
32.529532, 0.281654, 25.606053
32.532998, 0.281654, 25.606053
32.536296, 0.284203, 25.837780
32.539755, 0.281654, 25.606053
32.543344, 0.284203, 25.837780
32.547109, 0.284203, 25.837780
32.550652, 0.284203, 25.837780
32.554490, 0.281654, 25.606053
32.558322, 0.281654, 25.606053
32.562206, 0.281654, 25.606053
32.566029, 0.281654, 25.606053
32.569469, 0.284203, 25.837780
32.572914, 0.284203, 25.837780
32.576162, 0.284203, 25.837780
32.579341, 0.281654, 25.606053
32.582859, 0.281654, 25.606053
32.586124, 0.284203, 25.837780
32.589547, 0.281654, 25.606053
32.592940, 0.281654, 25.606053
32.596999, 0.281654, 25.606053
32.601817, 0.284203, 25.837780
32.607024, 0.284203, 25.837780
32.612180, 0.281654, 25.606053
32.617602, 0.284203, 25.837780
32.622943, 0.281654, 25.606053
32.628612, 0.281654, 25.606053
32.634836, 0.281654, 25.606053
32.641264, 0.284203, 25.837780
32.647807, 0.284203, 25.837780
32.652754, 0.281654, 25.606053
32.656668, 0.281654, 25.606053
32.660379, 0.284203, 25.837780
32.663802, 0.284203, 25.837780
32.667457, 0.284203, 25.837780
32.669661, 0.281654, 25.606053
32.672327, 0.284203, 25.837780
32.675863, 0.284203, 25.837780
32.678296, 0.284203, 25.837780
32.681300, 0.284203, 25.837780
32.684608, 0.281654, 25.606053
32.687831, 0.281654, 25.606053
32.691021, 0.281654, 25.606053
32.694225, 0.284203, 25.837780
32.698004, 0.281654, 25.606053
32.701760, 0.281654, 25.606053
32.705278, 0.281654, 25.606053
32.708821, 0.281654, 25.606053
32.712283, 0.284203, 25.837780
32.715783, 0.284203, 25.837780
32.719121, 0.281654, 25.606053
32.722419, 0.281654, 25.606053
32.725487, 0.284203, 25.837780
32.728842, 0.281654, 25.606053
32.731992, 0.284203, 25.837780
32.735086, 0.281654, 25.606053
32.738198, 0.284203, 25.837780
32.741224, 0.281654, 25.606053
32.744198, 0.281654, 25.606053
32.747315, 0.284203, 25.837780
32.750557, 0.284203, 25.837780
32.753743, 0.281654, 25.606053
32.757069, 0.284203, 25.837780
32.760343, 0.281654, 25.606053
32.763809, 0.284203, 25.837780
32.767331, 0.281654, 25.606053
32.770492, 0.281654, 25.606053
32.773750, 0.284203, 25.837780
32.776719, 0.281654, 25.606053
32.780467, 0.281654, 25.606053
32.783808, 0.281654, 25.606053
32.787094, 0.284203, 25.837780
32.791332, 0.281654, 25.606053
32.795395, 0.281654, 25.606053
32.798888, 0.281654, 25.606053
32.802526, 0.281654, 25.606053
32.805920, 0.284203, 25.837780
32.809086, 0.281654, 25.606053
32.812431, 0.284203, 25.837780
32.815928, 0.281654, 25.606053
32.819242, 0.281654, 25.606053
32.822320, 0.284203, 25.837780
32.825544, 0.284203, 25.837780
32.829111, 0.281654, 25.606053
32.832338, 0.284203, 25.837780
32.835446, 0.284203, 25.837780
32.838698, 0.281654, 25.606053
32.842077, 0.284203, 25.837780
32.845307, 0.281654, 25.606053
32.848472, 0.284203, 25.837780
32.851801, 0.284203, 25.837780
32.855067, 0.284203, 25.837780
32.858090, 0.284203, 25.837780
32.861238, 0.281654, 25.606053
32.864455, 0.281654, 25.606053
32.867664, 0.281654, 25.606053
32.870912, 0.284203, 25.837780
32.874034, 0.284203, 25.837780
32.877179, 0.284203, 25.837780
32.880643, 0.284203, 25.837780
32.882636, 0.284203, 25.837780
32.885105, 0.281654, 25.606053
32.887772, 0.284203, 25.837780
32.890928, 0.281654, 25.606053
32.893492, 0.284203, 25.837780
32.898172, 0.281654, 25.606053
32.904050, 0.284203, 25.837780
32.909424, 0.284203, 25.837780
32.914167, 0.284203, 25.837780
32.918026, 0.284203, 25.837780
32.921685, 0.281654, 25.606053
32.925080, 0.281654, 25.606053
32.928341, 0.281654, 25.606053
32.931601, 0.284203, 25.837780
32.934671, 0.284203, 25.837780
32.937788, 0.281654, 25.606053
32.940864, 0.284203, 25.837780
32.943839, 0.281654, 25.606053
32.947280, 0.284203, 25.837780
32.951703, 0.281654, 25.606053
32.954677, 0.284203, 25.837780
32.957103, 0.281654, 25.606053
32.959775, 0.281654, 25.606053
32.963040, 0.281654, 25.606053
32.965985, 0.281654, 25.606053
32.968945, 0.284203, 25.837780
32.972028, 0.284203, 25.837780
32.975127, 0.281654, 25.606053
32.978564, 0.281654, 25.606053
32.982916, 0.284203, 25.837780
32.985653, 0.284203, 25.837780
32.988199, 0.281654, 25.606053
32.990949, 0.284203, 25.837780
32.994397, 0.284203, 25.837780
32.998810, 0.284203, 25.837780
33.001986, 0.284203, 25.837780
33.007312, 0.281654, 25.606053
33.011699, 0.284203, 25.837780
33.016921, 0.284203, 25.837780
33.020789, 0.284203, 25.837780
33.024495, 0.284203, 25.837780
33.027744, 0.281654, 25.606053
33.030345, 0.284203, 25.837780
33.033867, 0.281654, 25.606053
33.037365, 0.281654, 25.606053
33.040945, 0.284203, 25.837780
33.044027, 0.281654, 25.606053
33.047393, 0.284203, 25.837780
33.050462, 0.284203, 25.837780
33.053658, 0.284203, 25.837780
33.057125, 0.284203, 25.837780
33.060440, 0.281654, 25.606053
33.063888, 0.281654, 25.606053
33.067161, 0.281654, 25.606053
33.070439, 0.284203, 25.837780
33.073712, 0.284203, 25.837780
33.076988, 0.284203, 25.837780
33.080273, 0.284203, 25.837780
33.083396, 0.281654, 25.606053
33.087064, 0.281654, 25.606053
33.090231, 0.281654, 25.606053
33.093219, 0.281654, 25.606053
33.096531, 0.284203, 25.837780
33.099781, 0.284203, 25.837780
33.102896, 0.284203, 25.837780
33.106623, 0.281654, 25.606053
33.108472, 0.281654, 25.606053
33.111100, 0.284203, 25.837780
33.113744, 0.284203, 25.837780
33.116166, 0.284203, 25.837780
33.118811, 0.284203, 25.837780
33.121524, 0.284203, 25.837780
33.124353, 0.284203, 25.837780
33.127817, 0.281654, 25.606053
33.133188, 0.284203, 25.837780
33.140097, 0.281654, 25.606053
33.145358, 0.284203, 25.837780
33.151331, 0.284203, 25.837780
33.156488, 0.281654, 25.606053
33.160508, 0.281654, 25.606053
33.164621, 0.281654, 25.606053
33.168130, 0.284203, 25.837780
33.171566, 0.281654, 25.606053
33.174734, 0.281654, 25.606053
33.178214, 0.284203, 25.837780
33.181476, 0.284203, 25.837780
33.184713, 0.281654, 25.606053
33.187845, 0.281654, 25.606053
33.190800, 0.281654, 25.606053
33.194128, 0.281654, 25.606053
33.198372, 0.284203, 25.837780
33.200368, 0.281654, 25.606053
33.203134, 0.281654, 25.606053
33.205917, 0.284203, 25.837780
33.208686, 0.281654, 25.606053
33.211217, 0.281654, 25.606053
33.214070, 0.281654, 25.606053
33.217556, 0.281654, 25.606053
33.220459, 0.281654, 25.606053
33.223173, 0.284203, 25.837780
33.225899, 0.284203, 25.837780
33.230075, 0.284203, 25.837780
33.233120, 0.284203, 25.837780
33.236645, 0.284203, 25.837780
33.240504, 0.281654, 25.606053
33.247303, 0.284203, 25.837780
33.255004, 0.284203, 25.837780
33.262387, 0.284203, 25.837780
33.267995, 0.284203, 25.837780
33.273135, 0.284203, 25.837780
33.277153, 0.281654, 25.606053
33.281062, 0.281654, 25.606053
33.283901, 0.284203, 25.837780
33.286532, 0.284203, 25.837780
33.289259, 0.281654, 25.606053
33.292164, 0.284203, 25.837780
33.294543, 0.281654, 25.606053
33.297426, 0.281654, 25.606053
33.301319, 0.281654, 25.606053
33.304258, 0.284203, 25.837780
33.306577, 0.281654, 25.606053
33.309264, 0.281654, 25.606053
33.313317, 0.284203, 25.837780
33.315901, 0.281654, 25.606053
33.319489, 0.284203, 25.837780
33.323177, 0.284203, 25.837780
33.326755, 0.281654, 25.606053
33.330566, 0.281654, 25.606053
33.334710, 0.281654, 25.606053
33.340439, 0.284203, 25.837780
33.345591, 0.281654, 25.606053
33.350024, 0.284203, 25.837780
33.354379, 0.284203, 25.837780
33.358000, 0.281654, 25.606053
33.361513, 0.284203, 25.837780
33.364875, 0.284203, 25.837780
33.368249, 0.284203, 25.837780
33.371331, 0.281654, 25.606053
33.374362, 0.284203, 25.837780
33.377355, 0.284203, 25.837780
33.380813, 0.281654, 25.606053
33.384565, 0.281654, 25.606053
33.388207, 0.281654, 25.606053
33.391775, 0.284203, 25.837780
33.395921, 0.284203, 25.837780
33.399364, 0.284203, 25.837780
33.402694, 0.284203, 25.837780
33.406310, 0.284203, 25.837780
33.409477, 0.284203, 25.837780
33.413356, 0.284203, 25.837780
33.415810, 0.284203, 25.837780
33.418299, 0.284203, 25.837780
33.421177, 0.284203, 25.837780
33.424167, 0.284203, 25.837780
33.427542, 0.281654, 25.606053
33.431706, 0.281654, 25.606053
33.434544, 0.284203, 25.837780
33.437574, 0.284203, 25.837780
33.441348, 0.281654, 25.606053
33.444448, 0.281654, 25.606053
33.448904, 0.284203, 25.837780
33.454091, 0.284203, 25.837780
33.457555, 0.281654, 25.606053
33.459862, 0.284203, 25.837780
33.462682, 0.284203, 25.837780
33.465687, 0.284203, 25.837780
33.469334, 0.284203, 25.837780
33.472048, 0.284203, 25.837780
33.474816, 0.281654, 25.606053
33.478414, 0.284203, 25.837780
33.483350, 0.284203, 25.837780
33.487560, 0.281654, 25.606053
33.491408, 0.284203, 25.837780
33.495419, 0.284203, 25.837780
33.499026, 0.284203, 25.837780
33.501280, 0.281654, 25.606053
33.503808, 0.281654, 25.606053
33.506524, 0.284203, 25.837780
33.509013, 0.284203, 25.837780
33.512666, 0.284203, 25.837780
33.517170, 0.284203, 25.837780
33.521090, 0.281654, 25.606053
33.523674, 0.284203, 25.837780
33.526252, 0.281654, 25.606053
33.529281, 0.284203, 25.837780
33.532928, 0.284203, 25.837780
33.536486, 0.284203, 25.837780
33.540369, 0.281654, 25.606053
33.544360, 0.284203, 25.837780
33.546628, 0.284203, 25.837780
33.549172, 0.284203, 25.837780
33.551912, 0.281654, 25.606053
33.554627, 0.281654, 25.606053
33.557356, 0.281654, 25.606053
33.559860, 0.284203, 25.837780
33.563204, 0.281654, 25.606053
33.566058, 0.281654, 25.606053
33.569223, 0.281654, 25.606053
33.572204, 0.284203, 25.837780
33.574669, 0.284203, 25.837780
33.577223, 0.284203, 25.837780
33.580809, 0.284203, 25.837780
33.585133, 0.284203, 25.837780
33.588979, 0.281654, 25.606053
33.592649, 0.284203, 25.837780
33.596269, 0.284203, 25.837780
33.600248, 0.284203, 25.837780
33.603754, 0.284203, 25.837780
33.607251, 0.284203, 25.837780
33.611308, 0.284203, 25.837780
33.613569, 0.281654, 25.606053
33.615892, 0.284203, 25.837780
33.618564, 0.284203, 25.837780
33.621472, 0.284203, 25.837780
33.624580, 0.284203, 25.837780
33.627794, 0.284203, 25.837780
33.631554, 0.284203, 25.837780
33.634850, 0.284203, 25.837780
33.637995, 0.284203, 25.837780
33.641794, 0.284203, 25.837780
33.646450, 0.284203, 25.837780
33.648904, 0.284203, 25.837780
33.652465, 0.284203, 25.837780
33.656981, 0.281654, 25.606053
33.661390, 0.284203, 25.837780
33.664949, 0.284203, 25.837780
33.668915, 0.284203, 25.837780
33.672769, 0.284203, 25.837780
33.676806, 0.284203, 25.837780
33.681744, 0.284203, 25.837780
33.685197, 0.284203, 25.837780
33.688456, 0.284203, 25.837780
33.691903, 0.284203, 25.837780
33.695589, 0.284203, 25.837780
33.698829, 0.284203, 25.837780
33.702314, 0.284203, 25.837780
33.705688, 0.284203, 25.837780
33.709930, 0.284203, 25.837780
33.715640, 0.284203, 25.837780
33.720868, 0.284203, 25.837780
33.726631, 0.284203, 25.837780
33.734010, 0.284203, 25.837780
33.740584, 0.284203, 25.837780
33.748685, 0.284203, 25.837780
33.754953, 0.284203, 25.837780
33.760931, 0.284203, 25.837780
33.767342, 0.284203, 25.837780
33.772661, 0.284203, 25.837780
33.779163, 0.281654, 25.606053
33.783588, 0.284203, 25.837780
33.790953, 0.284203, 25.837780
33.797580, 0.284203, 25.837780
33.801591, 0.284203, 25.837780
33.805442, 0.284203, 25.837780
33.808906, 0.281654, 25.606053
33.812825, 0.284203, 25.837780
33.817685, 0.284203, 25.837780
33.821753, 0.284203, 25.837780
33.825990, 0.284203, 25.837780
33.832213, 0.284203, 25.837780
33.837919, 0.281654, 25.606053
33.844011, 0.284203, 25.837780
33.849741, 0.281654, 25.606053
33.855288, 0.284203, 25.837780
33.859953, 0.284203, 25.837780
33.864243, 0.284203, 25.837780
33.867115, 0.284203, 25.837780
33.869793, 0.284203, 25.837780
33.872608, 0.284203, 25.837780
33.876069, 0.284203, 25.837780
33.883757, 0.281654, 25.606053
33.890907, 0.284203, 25.837780
33.896623, 0.284203, 25.837780
33.901548, 0.284203, 25.837780
33.905707, 0.284203, 25.837780
33.909848, 0.284203, 25.837780
33.914594, 0.284203, 25.837780
33.919565, 0.284203, 25.837780
33.924217, 0.284203, 25.837780
33.928477, 0.284203, 25.837780
33.932508, 0.284203, 25.837780
33.935665, 0.284203, 25.837780
33.938188, 0.284203, 25.837780
33.940771, 0.284203, 25.837780
33.943600, 0.284203, 25.837780
33.946405, 0.284203, 25.837780
33.949967, 0.284203, 25.837780
33.953739, 0.284203, 25.837780
33.957328, 0.284203, 25.837780
33.960842, 0.284203, 25.837780
33.964324, 0.284203, 25.837780
33.967726, 0.284203, 25.837780
33.971098, 0.284203, 25.837780
33.974421, 0.284203, 25.837780
33.977647, 0.284203, 25.837780
33.979642, 0.284203, 25.837780
33.982121, 0.284203, 25.837780
33.985090, 0.284203, 25.837780
33.987730, 0.284203, 25.837780
33.990038, 0.284203, 25.837780
33.992518, 0.284203, 25.837780
33.995859, 0.284203, 25.837780
33.999004, 0.284203, 25.837780
34.003528, 0.284203, 25.837780
34.010634, 0.284203, 25.837780
34.017485, 0.284203, 25.837780
34.026907, 0.284203, 25.837780
34.033394, 0.284203, 25.837780
34.038835, 0.284203, 25.837780
34.043700, 0.284203, 25.837780
34.048290, 0.284203, 25.837780
34.052673, 0.284203, 25.837780
34.056810, 0.284203, 25.837780
34.060437, 0.284203, 25.837780
34.063976, 0.284203, 25.837780
34.067459, 0.284203, 25.837780
34.070800, 0.284203, 25.837780
34.074399, 0.284203, 25.837780
34.078112, 0.284203, 25.837780
34.082021, 0.284203, 25.837780
34.085857, 0.284203, 25.837780
34.088319, 0.284203, 25.837780
34.090768, 0.284203, 25.837780
34.093681, 0.284203, 25.837780
34.096642, 0.284203, 25.837780
34.099018, 0.284203, 25.837780
34.102981, 0.284203, 25.837780
34.106912, 0.284203, 25.837780
34.110915, 0.284203, 25.837780
34.115693, 0.284203, 25.837780
34.118275, 0.284203, 25.837780
34.120687, 0.284203, 25.837780
34.123585, 0.284203, 25.837780
34.126562, 0.284203, 25.837780
34.130504, 0.284203, 25.837780
34.133676, 0.284203, 25.837780
34.136682, 0.284203, 25.837780
34.139917, 0.284203, 25.837780
34.142982, 0.284203, 25.837780
34.146178, 0.284203, 25.837780
34.149453, 0.284203, 25.837780
34.152473, 0.284203, 25.837780
34.155561, 0.284203, 25.837780
34.159122, 0.284203, 25.837780
34.162202, 0.284203, 25.837780
34.164994, 0.284203, 25.837780
34.168054, 0.284203, 25.837780
34.171681, 0.284203, 25.837780
34.174397, 0.284203, 25.837780
34.177347, 0.284203, 25.837780
34.179986, 0.284203, 25.837780
34.182601, 0.284203, 25.837780
34.185749, 0.284203, 25.837780
34.188811, 0.284203, 25.837780
34.191272, 0.284203, 25.837780
34.194051, 0.284203, 25.837780
34.197235, 0.284203, 25.837780
34.200582, 0.284203, 25.837780
34.203958, 0.284203, 25.837780
34.207480, 0.284203, 25.837780
34.210959, 0.284203, 25.837780
34.214927, 0.284203, 25.837780
34.220456, 0.281654, 25.606053
34.223665, 0.284203, 25.837780
34.228475, 0.284203, 25.837780
34.233967, 0.284203, 25.837780
34.238686, 0.284203, 25.837780
34.242888, 0.284203, 25.837780
34.247399, 0.284203, 25.837780
34.250195, 0.284203, 25.837780
34.252873, 0.284203, 25.837780
34.256063, 0.284203, 25.837780
34.259745, 0.284203, 25.837780
34.262439, 0.284203, 25.837780
34.265433, 0.284203, 25.837780
34.268804, 0.284203, 25.837780
34.272281, 0.286752, 26.069506
34.275725, 0.284203, 25.837780
34.279260, 0.284203, 25.837780
34.282547, 0.284203, 25.837780
34.285773, 0.284203, 25.837780
34.289062, 0.284203, 25.837780
34.292327, 0.284203, 25.837780
34.295115, 0.284203, 25.837780
34.297245, 0.284203, 25.837780
34.299762, 0.284203, 25.837780
34.302091, 0.284203, 25.837780
34.304916, 0.286752, 26.069506
34.308396, 0.284203, 25.837780
34.311800, 0.284203, 25.837780
34.314342, 0.284203, 25.837780
34.316887, 0.284203, 25.837780
34.319798, 0.284203, 25.837780
34.322685, 0.284203, 25.837780
34.325609, 0.284203, 25.837780
34.328947, 0.284203, 25.837780
34.332550, 0.284203, 25.837780
34.336046, 0.284203, 25.837780
34.339436, 0.284203, 25.837780
34.342849, 0.284203, 25.837780
34.345774, 0.284203, 25.837780
34.348060, 0.284203, 25.837780
34.351627, 0.284203, 25.837780
34.355415, 0.284203, 25.837780
34.359215, 0.284203, 25.837780
34.363362, 0.286752, 26.069506
34.367342, 0.284203, 25.837780
34.371217, 0.284203, 25.837780
34.373354, 0.284203, 25.837780
34.375837, 0.284203, 25.837780
34.379017, 0.284203, 25.837780
34.381878, 0.284203, 25.837780
34.385369, 0.284203, 25.837780
34.389692, 0.284203, 25.837780
34.393846, 0.284203, 25.837780
34.397849, 0.284203, 25.837780
34.401941, 0.284203, 25.837780
34.405847, 0.284203, 25.837780
34.409503, 0.284203, 25.837780
34.413534, 0.284203, 25.837780
34.417352, 0.284203, 25.837780
34.420890, 0.284203, 25.837780
34.425022, 0.284203, 25.837780
34.429922, 0.284203, 25.837780
34.438414, 0.284203, 25.837780
34.446395, 0.286752, 26.069506
34.453074, 0.284203, 25.837780
34.458389, 0.284203, 25.837780
34.462972, 0.284203, 25.837780
34.467560, 0.284203, 25.837780
34.471306, 0.284203, 25.837780
34.474595, 0.284203, 25.837780
34.477756, 0.284203, 25.837780
34.480922, 0.284203, 25.837780
34.484053, 0.284203, 25.837780
34.487054, 0.284203, 25.837780
34.490095, 0.284203, 25.837780
34.493256, 0.284203, 25.837780
34.496432, 0.284203, 25.837780
34.499848, 0.284203, 25.837780
34.503399, 0.284203, 25.837780
34.507086, 0.284203, 25.837780
34.510492, 0.284203, 25.837780
34.513937, 0.284203, 25.837780
34.517539, 0.284203, 25.837780
34.520789, 0.284203, 25.837780
34.524042, 0.284203, 25.837780
34.527654, 0.284203, 25.837780
34.530204, 0.286752, 26.069506
34.532538, 0.284203, 25.837780
34.535399, 0.281654, 25.606053
34.538350, 0.284203, 25.837780
34.541377, 0.284203, 25.837780
34.544638, 0.284203, 25.837780
34.547535, 0.284203, 25.837780
34.550745, 0.284203, 25.837780
34.554466, 0.284203, 25.837780
34.557930, 0.284203, 25.837780
34.561490, 0.284203, 25.837780
34.564282, 0.284203, 25.837780
34.566657, 0.284203, 25.837780
34.569343, 0.284203, 25.837780
34.572082, 0.284203, 25.837780
34.574917, 0.284203, 25.837780
34.577815, 0.284203, 25.837780
34.580652, 0.284203, 25.837780
34.583543, 0.284203, 25.837780
34.586535, 0.284203, 25.837780
34.589365, 0.284203, 25.837780
34.592177, 0.284203, 25.837780
34.595532, 0.284203, 25.837780
34.597736, 0.284203, 25.837780
34.600354, 0.284203, 25.837780
34.603268, 0.284203, 25.837780
34.606377, 0.284203, 25.837780
34.608592, 0.284203, 25.837780
34.611190, 0.284203, 25.837780
34.613839, 0.284203, 25.837780
34.617474, 0.284203, 25.837780
34.621430, 0.284203, 25.837780
34.624996, 0.284203, 25.837780
34.627299, 0.284203, 25.837780
34.630761, 0.284203, 25.837780
34.634599, 0.284203, 25.837780
34.638029, 0.284203, 25.837780
34.641305, 0.284203, 25.837780
34.644678, 0.284203, 25.837780
34.648123, 0.284203, 25.837780
34.651560, 0.284203, 25.837780
34.654916, 0.284203, 25.837780
34.658128, 0.284203, 25.837780
34.661328, 0.284203, 25.837780
34.664735, 0.284203, 25.837780
34.668244, 0.284203, 25.837780
34.671988, 0.284203, 25.837780
34.675677, 0.284203, 25.837780
34.679568, 0.284203, 25.837780
34.683622, 0.284203, 25.837780
34.687501, 0.284203, 25.837780
34.691492, 0.284203, 25.837780
34.695119, 0.284203, 25.837780
34.698700, 0.284203, 25.837780
34.701751, 0.284203, 25.837780
34.704813, 0.284203, 25.837780
34.707821, 0.284203, 25.837780
34.711019, 0.284203, 25.837780
34.714232, 0.284203, 25.837780
34.717553, 0.284203, 25.837780
34.720975, 0.284203, 25.837780
34.724974, 0.284203, 25.837780
34.729297, 0.284203, 25.837780
34.734818, 0.284203, 25.837780
34.741166, 0.284203, 25.837780
34.746596, 0.284203, 25.837780
34.749813, 0.284203, 25.837780
34.752275, 0.284203, 25.837780
34.755214, 0.284203, 25.837780
34.758239, 0.284203, 25.837780
34.761515, 0.284203, 25.837780
34.764933, 0.284203, 25.837780
34.768161, 0.284203, 25.837780
34.771776, 0.284203, 25.837780
34.775375, 0.284203, 25.837780
34.779944, 0.284203, 25.837780
34.784146, 0.284203, 25.837780
34.786409, 0.284203, 25.837780
34.789500, 0.284203, 25.837780
34.795673, 0.286752, 26.069506
34.801173, 0.284203, 25.837780
34.807120, 0.284203, 25.837780
34.811602, 0.284203, 25.837780
34.814486, 0.284203, 25.837780
34.817393, 0.284203, 25.837780
34.820358, 0.284203, 25.837780
34.823502, 0.284203, 25.837780
34.826588, 0.284203, 25.837780
34.829824, 0.284203, 25.837780
34.833034, 0.284203, 25.837780
34.835729, 0.284203, 25.837780
34.839229, 0.284203, 25.837780
34.842745, 0.284203, 25.837780
34.846294, 0.284203, 25.837780
34.849696, 0.284203, 25.837780
34.853172, 0.284203, 25.837780
34.856476, 0.284203, 25.837780
34.859806, 0.284203, 25.837780
34.862971, 0.284203, 25.837780
34.866743, 0.284203, 25.837780
34.870845, 0.284203, 25.837780
34.875034, 0.284203, 25.837780
34.879615, 0.284203, 25.837780
34.884022, 0.284203, 25.837780
34.887983, 0.284203, 25.837780
34.891600, 0.284203, 25.837780
34.895605, 0.284203, 25.837780
34.898840, 0.284203, 25.837780
34.901983, 0.284203, 25.837780
34.905184, 0.284203, 25.837780
34.908143, 0.284203, 25.837780
34.911393, 0.284203, 25.837780
34.914632, 0.286752, 26.069506
34.917862, 0.284203, 25.837780
34.920994, 0.284203, 25.837780
34.924415, 0.284203, 25.837780
34.927002, 0.284203, 25.837780
34.930544, 0.284203, 25.837780
34.932525, 0.284203, 25.837780
34.935747, 0.284203, 25.837780
34.939533, 0.284203, 25.837780
34.944189, 0.284203, 25.837780
34.947413, 0.284203, 25.837780
34.950688, 0.284203, 25.837780
34.954078, 0.284203, 25.837780
34.956583, 0.284203, 25.837780
34.959521, 0.284203, 25.837780
34.962047, 0.284203, 25.837780
34.964726, 0.284203, 25.837780
34.967488, 0.284203, 25.837780
34.970349, 0.284203, 25.837780
34.973190, 0.284203, 25.837780
34.975640, 0.284203, 25.837780
34.978308, 0.284203, 25.837780
34.981696, 0.284203, 25.837780
34.985190, 0.284203, 25.837780
34.988726, 0.284203, 25.837780
34.992071, 0.284203, 25.837780
34.995358, 0.284203, 25.837780
34.998771, 0.284203, 25.837780
35.002199, 0.284203, 25.837780
35.005774, 0.284203, 25.837780
35.009098, 0.284203, 25.837780
35.011938, 0.284203, 25.837780
35.013953, 0.284203, 25.837780
35.016615, 0.284203, 25.837780
35.018894, 0.284203, 25.837780
35.021695, 0.284203, 25.837780
35.024796, 0.284203, 25.837780
35.029265, 0.284203, 25.837780
35.033265, 0.284203, 25.837780
35.036770, 0.284203, 25.837780
35.039942, 0.284203, 25.837780
35.043250, 0.284203, 25.837780
35.046463, 0.284203, 25.837780
35.049202, 0.284203, 25.837780
35.052057, 0.286752, 26.069506
35.054792, 0.284203, 25.837780
35.058139, 0.284203, 25.837780
35.061083, 0.284203, 25.837780
35.063559, 0.284203, 25.837780
35.066315, 0.284203, 25.837780
35.069479, 0.284203, 25.837780
35.073066, 0.284203, 25.837780
35.078829, 0.284203, 25.837780
35.084521, 0.284203, 25.837780
35.088791, 0.284203, 25.837780
35.090800, 0.284203, 25.837780
35.093393, 0.284203, 25.837780
35.095998, 0.284203, 25.837780
35.098411, 0.284203, 25.837780
35.101135, 0.284203, 25.837780
35.104108, 0.284203, 25.837780
35.107200, 0.284203, 25.837780
35.110450, 0.284203, 25.837780
35.115113, 0.284203, 25.837780
35.119399, 0.284203, 25.837780
35.123333, 0.284203, 25.837780
35.127037, 0.284203, 25.837780
35.129957, 0.284203, 25.837780
35.132117, 0.284203, 25.837780
35.135242, 0.284203, 25.837780
35.138043, 0.284203, 25.837780
35.140869, 0.284203, 25.837780
35.143830, 0.284203, 25.837780
35.146146, 0.284203, 25.837780
35.149352, 0.284203, 25.837780
35.151895, 0.284203, 25.837780
35.154094, 0.284203, 25.837780
35.156426, 0.284203, 25.837780
35.159169, 0.284203, 25.837780
35.161736, 0.284203, 25.837780
35.165036, 0.284203, 25.837780
35.168125, 0.284203, 25.837780
35.171285, 0.286752, 26.069506
35.173871, 0.284203, 25.837780
35.176475, 0.284203, 25.837780
35.179498, 0.284203, 25.837780
35.181900, 0.284203, 25.837780
35.184231, 0.284203, 25.837780
35.186769, 0.284203, 25.837780
35.189610, 0.284203, 25.837780
35.192321, 0.284203, 25.837780
35.194994, 0.284203, 25.837780
35.197114, 0.284203, 25.837780
35.199760, 0.284203, 25.837780
35.202724, 0.284203, 25.837780
35.205877, 0.284203, 25.837780
35.208970, 0.284203, 25.837780
35.212480, 0.284203, 25.837780
35.215995, 0.284203, 25.837780
35.219188, 0.284203, 25.837780
35.222496, 0.284203, 25.837780
35.225677, 0.284203, 25.837780
35.228543, 0.284203, 25.837780
35.231424, 0.284203, 25.837780
35.234213, 0.284203, 25.837780
35.236503, 0.284203, 25.837780
35.239081, 0.284203, 25.837780
35.242494, 0.284203, 25.837780
35.248110, 0.284203, 25.837780
35.253853, 0.284203, 25.837780
35.257724, 0.284203, 25.837780
35.261066, 0.286752, 26.069506
35.263966, 0.284203, 25.837780
35.267735, 0.286752, 26.069506
35.272256, 0.284203, 25.837780
35.277127, 0.284203, 25.837780
35.282001, 0.284203, 25.837780
35.286788, 0.284203, 25.837780
35.291202, 0.284203, 25.837780
35.295020, 0.284203, 25.837780
35.299535, 0.284203, 25.837780
35.304820, 0.284203, 25.837780
35.309563, 0.284203, 25.837780
35.314021, 0.284203, 25.837780
35.318194, 0.284203, 25.837780
35.321997, 0.286752, 26.069506
35.325616, 0.284203, 25.837780
35.328917, 0.284203, 25.837780
35.331170, 0.284203, 25.837780
35.334053, 0.284203, 25.837780
35.336737, 0.284203, 25.837780
35.339638, 0.284203, 25.837780
35.343680, 0.284203, 25.837780
35.347931, 0.286752, 26.069506
35.351776, 0.284203, 25.837780
35.355970, 0.284203, 25.837780
35.359434, 0.284203, 25.837780
35.361906, 0.284203, 25.837780
35.364118, 0.284203, 25.837780
35.367896, 0.284203, 25.837780
35.370978, 0.284203, 25.837780
35.373868, 0.284203, 25.837780
35.376721, 0.284203, 25.837780
35.379037, 0.286752, 26.069506
35.381448, 0.284203, 25.837780
35.384261, 0.284203, 25.837780
35.387499, 0.284203, 25.837780
35.389986, 0.284203, 25.837780
35.392154, 0.284203, 25.837780
35.394757, 0.284203, 25.837780
35.397702, 0.284203, 25.837780
35.400174, 0.284203, 25.837780
35.402851, 0.284203, 25.837780
35.405640, 0.284203, 25.837780
35.410254, 0.284203, 25.837780
35.415750, 0.284203, 25.837780
35.419306, 0.284203, 25.837780
35.421692, 0.284203, 25.837780
35.424132, 0.286752, 26.069506
35.427032, 0.286752, 26.069506
35.430627, 0.284203, 25.837780
35.433187, 0.284203, 25.837780
35.435384, 0.284203, 25.837780
35.438147, 0.284203, 25.837780
35.440467, 0.284203, 25.837780
35.443340, 0.286752, 26.069506
35.445808, 0.284203, 25.837780
35.448313, 0.284203, 25.837780
35.451233, 0.284203, 25.837780
35.454506, 0.284203, 25.837780
35.457828, 0.284203, 25.837780
35.460796, 0.284203, 25.837780
35.462848, 0.284203, 25.837780
35.465164, 0.284203, 25.837780
35.467894, 0.284203, 25.837780
35.470540, 0.286752, 26.069506
35.473223, 0.284203, 25.837780
35.475875, 0.284203, 25.837780
35.478283, 0.284203, 25.837780
35.481564, 0.284203, 25.837780
35.484990, 0.284203, 25.837780
35.488550, 0.284203, 25.837780
35.491942, 0.284203, 25.837780
35.495430, 0.284203, 25.837780
35.498869, 0.284203, 25.837780
35.502388, 0.286752, 26.069506
35.505811, 0.284203, 25.837780
35.509467, 0.284203, 25.837780
35.512059, 0.284203, 25.837780
35.514946, 0.284203, 25.837780
35.517841, 0.284203, 25.837780
35.520960, 0.286752, 26.069506
35.523971, 0.284203, 25.837780
35.527021, 0.286752, 26.069506
35.530661, 0.284203, 25.837780
35.532841, 0.284203, 25.837780
35.535213, 0.284203, 25.837780
35.537894, 0.284203, 25.837780
35.540979, 0.284203, 25.837780
35.545069, 0.284203, 25.837780
35.549375, 0.284203, 25.837780
35.553278, 0.284203, 25.837780
35.558298, 0.286752, 26.069506
35.563729, 0.284203, 25.837780
35.568626, 0.286752, 26.069506
35.574004, 0.286752, 26.069506
35.578622, 0.286752, 26.069506
35.582825, 0.284203, 25.837780
35.586695, 0.284203, 25.837780
35.590716, 0.284203, 25.837780
35.595920, 0.286752, 26.069506
35.602011, 0.286752, 26.069506
35.606423, 0.284203, 25.837780
35.610106, 0.286752, 26.069506
35.613865, 0.284203, 25.837780
35.617601, 0.284203, 25.837780
35.622060, 0.284203, 25.837780
35.630649, 0.284203, 25.837780
35.636584, 0.284203, 25.837780
35.640582, 0.284203, 25.837780
35.644486, 0.286752, 26.069506
35.649213, 0.284203, 25.837780
35.654387, 0.284203, 25.837780
35.657741, 0.284203, 25.837780
35.660528, 0.286752, 26.069506
35.663331, 0.286752, 26.069506
35.667891, 0.284203, 25.837780
35.675315, 0.284203, 25.837780
35.680597, 0.284203, 25.837780
35.684706, 0.284203, 25.837780
35.689295, 0.286752, 26.069506
35.694606, 0.284203, 25.837780
35.700396, 0.284203, 25.837780
35.707086, 0.284203, 25.837780
35.712605, 0.284203, 25.837780
35.718188, 0.284203, 25.837780
35.723790, 0.284203, 25.837780
35.728509, 0.286752, 26.069506
35.732757, 0.284203, 25.837780
35.737809, 0.286752, 26.069506
35.742818, 0.284203, 25.837780
35.747528, 0.284203, 25.837780
35.752874, 0.284203, 25.837780
35.758599, 0.284203, 25.837780
35.764220, 0.284203, 25.837780
35.769275, 0.284203, 25.837780
35.773836, 0.284203, 25.837780
35.778657, 0.284203, 25.837780
35.785353, 0.284203, 25.837780
35.791468, 0.284203, 25.837780
35.796211, 0.284203, 25.837780
35.799230, 0.286752, 26.069506
35.802165, 0.286752, 26.069506
35.805367, 0.284203, 25.837780
35.808470, 0.284203, 25.837780
35.811445, 0.284203, 25.837780
35.814267, 0.284203, 25.837780
35.817728, 0.284203, 25.837780
35.821165, 0.284203, 25.837780
35.824574, 0.284203, 25.837780
35.828166, 0.286752, 26.069506
35.832094, 0.284203, 25.837780
35.836178, 0.286752, 26.069506
35.840482, 0.286752, 26.069506
35.844905, 0.286752, 26.069506
35.849181, 0.286752, 26.069506
35.853570, 0.286752, 26.069506
35.858650, 0.286752, 26.069506
35.867491, 0.284203, 25.837780
35.876304, 0.284203, 25.837780
35.882646, 0.284203, 25.837780
35.888889, 0.284203, 25.837780
35.893907, 0.284203, 25.837780
35.899523, 0.284203, 25.837780
35.905209, 0.286752, 26.069506
35.909819, 0.286752, 26.069506
35.914058, 0.286752, 26.069506
35.917971, 0.284203, 25.837780
35.921198, 0.286752, 26.069506
35.924314, 0.284203, 25.837780
35.928867, 0.284203, 25.837780
35.938094, 0.284203, 25.837780
35.945350, 0.284203, 25.837780
35.954186, 0.284203, 25.837780
35.963741, 0.284203, 25.837780
35.973544, 0.286752, 26.069506
35.981839, 0.284203, 25.837780
35.988954, 0.284203, 25.837780
35.994923, 0.284203, 25.837780
36.000500, 0.284203, 25.837780
36.005361, 0.284203, 25.837780
36.009790, 0.286752, 26.069506
36.013792, 0.284203, 25.837780
36.017889, 0.284203, 25.837780
36.022039, 0.286752, 26.069506
36.025609, 0.284203, 25.837780
36.029527, 0.284203, 25.837780
36.033155, 0.284203, 25.837780
36.036570, 0.284203, 25.837780
36.039972, 0.284203, 25.837780
36.043130, 0.284203, 25.837780
36.045550, 0.284203, 25.837780
36.048403, 0.284203, 25.837780
36.051444, 0.284203, 25.837780
36.053928, 0.286752, 26.069506
36.057459, 0.284203, 25.837780
36.061048, 0.284203, 25.837780
36.065100, 0.284203, 25.837780
36.068794, 0.286752, 26.069506
36.072444, 0.284203, 25.837780
36.076092, 0.286752, 26.069506
36.079987, 0.284203, 25.837780
36.083925, 0.284203, 25.837780
36.087686, 0.286752, 26.069506
36.091619, 0.286752, 26.069506
36.095543, 0.284203, 25.837780
36.099170, 0.284203, 25.837780
36.102867, 0.284203, 25.837780
36.106937, 0.284203, 25.837780
36.110612, 0.286752, 26.069506
36.114419, 0.284203, 25.837780
36.118021, 0.284203, 25.837780
36.121562, 0.284203, 25.837780
36.125080, 0.284203, 25.837780
36.128898, 0.286752, 26.069506
36.132739, 0.284203, 25.837780
36.137582, 0.286752, 26.069506
36.142380, 0.284203, 25.837780
36.146742, 0.286752, 26.069506
36.150541, 0.284203, 25.837780
36.154613, 0.284203, 25.837780
36.157495, 0.284203, 25.837780
36.159996, 0.284203, 25.837780
36.163020, 0.284203, 25.837780
36.165269, 0.284203, 25.837780
36.167825, 0.284203, 25.837780
36.170609, 0.284203, 25.837780
36.173471, 0.284203, 25.837780
36.176633, 0.284203, 25.837780
36.179863, 0.284203, 25.837780
36.183095, 0.284203, 25.837780
36.186411, 0.286752, 26.069506
36.189635, 0.284203, 25.837780
36.192793, 0.284203, 25.837780
36.196058, 0.286752, 26.069506
36.199129, 0.286752, 26.069506
36.202145, 0.284203, 25.837780
36.205201, 0.284203, 25.837780
36.208182, 0.284203, 25.837780
36.211104, 0.286752, 26.069506
36.214091, 0.284203, 25.837780
36.217119, 0.284203, 25.837780
36.220042, 0.286752, 26.069506
36.222929, 0.284203, 25.837780
36.225844, 0.286752, 26.069506
36.228827, 0.286752, 26.069506
36.231745, 0.284203, 25.837780
36.234613, 0.284203, 25.837780
36.238734, 0.284203, 25.837780
36.241423, 0.286752, 26.069506
36.245798, 0.284203, 25.837780
36.256520, 0.284203, 25.837780
36.267698, 0.284203, 25.837780
36.271861, 0.284203, 25.837780
36.274656, 0.284203, 25.837780
36.277050, 0.284203, 25.837780
36.279645, 0.284203, 25.837780
36.282479, 0.284203, 25.837780
36.285507, 0.284203, 25.837780
36.289281, 0.284203, 25.837780
36.292422, 0.284203, 25.837780
36.295600, 0.284203, 25.837780
36.298962, 0.284203, 25.837780
36.302129, 0.286752, 26.069506
36.305210, 0.284203, 25.837780
36.308591, 0.286752, 26.069506
36.313091, 0.286752, 26.069506
36.316600, 0.284203, 25.837780
36.320531, 0.284203, 25.837780
36.327413, 0.286752, 26.069506
36.334965, 0.284203, 25.837780
36.341399, 0.284203, 25.837780
36.347156, 0.284203, 25.837780
36.352226, 0.286752, 26.069506
36.356919, 0.284203, 25.837780
36.360933, 0.286752, 26.069506
36.364655, 0.284203, 25.837780
36.368227, 0.284203, 25.837780
36.371600, 0.284203, 25.837780
36.374882, 0.286752, 26.069506
36.378418, 0.284203, 25.837780
36.381671, 0.284203, 25.837780
36.384945, 0.284203, 25.837780
36.388108, 0.286752, 26.069506
36.391142, 0.286752, 26.069506
36.394369, 0.284203, 25.837780
36.398503, 0.284203, 25.837780
36.402926, 0.284203, 25.837780
36.406666, 0.284203, 25.837780
36.410382, 0.284203, 25.837780
36.413432, 0.286752, 26.069506
36.416246, 0.286752, 26.069506
36.419705, 0.284203, 25.837780
36.422866, 0.284203, 25.837780
36.425917, 0.284203, 25.837780
36.428987, 0.284203, 25.837780
36.431378, 0.286752, 26.069506
36.434689, 0.284203, 25.837780
36.438350, 0.284203, 25.837780
36.441837, 0.284203, 25.837780
36.445444, 0.284203, 25.837780
36.449497, 0.284203, 25.837780
36.452735, 0.284203, 25.837780
36.455702, 0.286752, 26.069506
36.458791, 0.284203, 25.837780
36.462466, 0.284203, 25.837780
36.465586, 0.286752, 26.069506
36.468753, 0.284203, 25.837780
36.471568, 0.284203, 25.837780
36.474365, 0.286752, 26.069506
36.477531, 0.286752, 26.069506
36.481426, 0.284203, 25.837780
36.483734, 0.284203, 25.837780
36.486326, 0.284203, 25.837780
36.489746, 0.284203, 25.837780
36.492810, 0.286752, 26.069506
36.495769, 0.284203, 25.837780
36.498780, 0.284203, 25.837780
36.501997, 0.284203, 25.837780
36.505145, 0.284203, 25.837780
36.508485, 0.286752, 26.069506
36.512361, 0.286752, 26.069506
36.515883, 0.284203, 25.837780
36.518689, 0.284203, 25.837780
36.520655, 0.284203, 25.837780
36.523248, 0.284203, 25.837780
36.525987, 0.286752, 26.069506
36.529438, 0.284203, 25.837780
36.531958, 0.284203, 25.837780
36.534292, 0.284203, 25.837780
36.536966, 0.284203, 25.837780
36.539972, 0.284203, 25.837780
36.542982, 0.284203, 25.837780
36.545349, 0.284203, 25.837780
36.547941, 0.286752, 26.069506
36.551005, 0.284203, 25.837780
36.553932, 0.284203, 25.837780
36.557020, 0.284203, 25.837780
36.561181, 0.284203, 25.837780
36.564319, 0.286752, 26.069506
36.567087, 0.284203, 25.837780
36.569900, 0.284203, 25.837780
36.572547, 0.286752, 26.069506
36.575179, 0.286752, 26.069506
36.578170, 0.286752, 26.069506
36.581222, 0.286752, 26.069506
36.584192, 0.284203, 25.837780
36.586932, 0.286752, 26.069506
36.590376, 0.284203, 25.837780
36.592355, 0.284203, 25.837780
36.594669, 0.284203, 25.837780
36.597437, 0.286752, 26.069506
36.600521, 0.284203, 25.837780
36.603512, 0.286752, 26.069506
36.606627, 0.286752, 26.069506
36.609646, 0.284203, 25.837780
36.613449, 0.286752, 26.069506
36.617210, 0.284203, 25.837780
36.620053, 0.284203, 25.837780
36.622899, 0.284203, 25.837780
36.625676, 0.286752, 26.069506
36.629692, 0.286752, 26.069506
36.632308, 0.284203, 25.837780
36.634513, 0.284203, 25.837780
36.636989, 0.284203, 25.837780
36.639746, 0.284203, 25.837780
36.642708, 0.286752, 26.069506
36.645864, 0.284203, 25.837780
36.648949, 0.286752, 26.069506
36.652474, 0.286752, 26.069506
36.655954, 0.286752, 26.069506
36.660006, 0.286752, 26.069506
36.665317, 0.286752, 26.069506
36.670330, 0.286752, 26.069506
36.675862, 0.284203, 25.837780
36.681444, 0.286752, 26.069506
36.685683, 0.284203, 25.837780
36.689221, 0.284203, 25.837780
36.692926, 0.284203, 25.837780
36.696414, 0.284203, 25.837780
36.699715, 0.286752, 26.069506
36.703043, 0.284203, 25.837780
36.707997, 0.286752, 26.069506
36.712538, 0.286752, 26.069506
36.720377, 0.284203, 25.837780
36.727256, 0.284203, 25.837780
36.733097, 0.286752, 26.069506
36.737551, 0.284203, 25.837780
36.742626, 0.284203, 25.837780
36.747734, 0.284203, 25.837780
36.753912, 0.284203, 25.837780
36.759639, 0.284203, 25.837780
36.763385, 0.286752, 26.069506
36.768639, 0.286752, 26.069506
36.773404, 0.286752, 26.069506
36.777592, 0.286752, 26.069506
36.783755, 0.284203, 25.837780
36.795801, 0.284203, 25.837780
36.805363, 0.284203, 25.837780
36.815469, 0.284203, 25.837780
36.827185, 0.284203, 25.837780
36.835277, 0.284203, 25.837780
36.843943, 0.286752, 26.069506
36.851394, 0.284203, 25.837780
36.860070, 0.284203, 25.837780
36.865382, 0.284203, 25.837780
36.872087, 0.284203, 25.837780
36.880886, 0.284203, 25.837780
36.888264, 0.284203, 25.837780
36.893871, 0.286752, 26.069506
36.896841, 0.286752, 26.069506
36.899872, 0.286752, 26.069506
36.902975, 0.284203, 25.837780
36.906227, 0.284203, 25.837780
36.909390, 0.284203, 25.837780
36.912761, 0.286752, 26.069506
36.916069, 0.284203, 25.837780
36.919167, 0.284203, 25.837780
36.922214, 0.284203, 25.837780
36.925501, 0.284203, 25.837780
36.928902, 0.286752, 26.069506
36.931393, 0.286752, 26.069506
36.934671, 0.286752, 26.069506
36.936924, 0.284203, 25.837780
36.939621, 0.286752, 26.069506
36.942779, 0.284203, 25.837780
36.946375, 0.284203, 25.837780
36.948741, 0.286752, 26.069506
36.951507, 0.284203, 25.837780
36.954400, 0.284203, 25.837780
36.957245, 0.284203, 25.837780
36.959943, 0.284203, 25.837780
36.962975, 0.284203, 25.837780
36.965465, 0.284203, 25.837780
36.968506, 0.286752, 26.069506
36.971245, 0.284203, 25.837780
36.974125, 0.284203, 25.837780
36.977157, 0.284203, 25.837780
36.981285, 0.284203, 25.837780
36.985098, 0.284203, 25.837780
36.990490, 0.284203, 25.837780
36.994331, 0.286752, 26.069506
36.998825, 0.284203, 25.837780
37.003777, 0.284203, 25.837780
37.009876, 0.284203, 25.837780
37.012701, 0.284203, 25.837780
37.021751, 0.286752, 26.069506
37.030509, 0.284203, 25.837780
37.037098, 0.284203, 25.837780
37.042677, 0.286752, 26.069506
37.048273, 0.284203, 25.837780
37.053224, 0.284203, 25.837780
37.057369, 0.286752, 26.069506
37.061111, 0.284203, 25.837780
37.064780, 0.284203, 25.837780
37.068273, 0.284203, 25.837780
37.071670, 0.286752, 26.069506
37.074941, 0.284203, 25.837780
37.078243, 0.284203, 25.837780
37.082303, 0.284203, 25.837780
37.085620, 0.284203, 25.837780
37.088974, 0.284203, 25.837780
37.092276, 0.284203, 25.837780
37.095471, 0.284203, 25.837780
37.098640, 0.286752, 26.069506
37.101946, 0.284203, 25.837780
37.105076, 0.286752, 26.069506
37.108241, 0.284203, 25.837780
37.111644, 0.284203, 25.837780
37.114059, 0.284203, 25.837780
37.117062, 0.286752, 26.069506
37.120157, 0.284203, 25.837780
37.123429, 0.284203, 25.837780
37.126615, 0.286752, 26.069506
37.129414, 0.286752, 26.069506
37.132498, 0.286752, 26.069506
37.135620, 0.286752, 26.069506
37.138840, 0.284203, 25.837780
37.141510, 0.284203, 25.837780
37.143840, 0.286752, 26.069506
37.147248, 0.284203, 25.837780
37.150849, 0.284203, 25.837780
37.154530, 0.286752, 26.069506
37.158125, 0.286752, 26.069506
37.162319, 0.284203, 25.837780
37.165365, 0.286752, 26.069506
37.168107, 0.286752, 26.069506
37.171000, 0.284203, 25.837780
37.174067, 0.284203, 25.837780
37.177306, 0.284203, 25.837780
37.180835, 0.284203, 25.837780
37.184321, 0.286752, 26.069506
37.187672, 0.286752, 26.069506
37.191099, 0.284203, 25.837780
37.194457, 0.284203, 25.837780
37.197936, 0.286752, 26.069506
37.201418, 0.284203, 25.837780
37.204815, 0.284203, 25.837780
37.208053, 0.286752, 26.069506
37.211427, 0.284203, 25.837780
37.214687, 0.286752, 26.069506
37.218071, 0.284203, 25.837780
37.221195, 0.286752, 26.069506
37.224957, 0.284203, 25.837780
37.227237, 0.284203, 25.837780
37.229648, 0.284203, 25.837780
37.232348, 0.284203, 25.837780
37.235496, 0.286752, 26.069506
37.238515, 0.286752, 26.069506
37.241442, 0.286752, 26.069506
37.244322, 0.286752, 26.069506
37.247500, 0.286752, 26.069506
37.250966, 0.286752, 26.069506
37.255083, 0.286752, 26.069506
37.257820, 0.286752, 26.069506
37.260761, 0.284203, 25.837780
37.265625, 0.284203, 25.837780
37.273836, 0.284203, 25.837780
37.280442, 0.284203, 25.837780
37.285914, 0.284203, 25.837780
37.290634, 0.284203, 25.837780
37.294747, 0.286752, 26.069506
37.298480, 0.286752, 26.069506
37.302046, 0.284203, 25.837780
37.305580, 0.284203, 25.837780
37.308099, 0.286752, 26.069506
37.311909, 0.284203, 25.837780
37.317533, 0.286752, 26.069506
37.322551, 0.284203, 25.837780
37.326456, 0.284203, 25.837780
37.330003, 0.286752, 26.069506
37.332492, 0.286752, 26.069506
37.334975, 0.284203, 25.837780
37.337097, 0.284203, 25.837780
37.339603, 0.284203, 25.837780
37.342845, 0.286752, 26.069506
37.346513, 0.284203, 25.837780
37.349359, 0.284203, 25.837780
37.352201, 0.284203, 25.837780
37.355144, 0.284203, 25.837780
37.357423, 0.284203, 25.837780
37.360429, 0.284203, 25.837780
37.366119, 0.284203, 25.837780
37.371078, 0.284203, 25.837780
37.376029, 0.284203, 25.837780
37.382230, 0.286752, 26.069506
37.390774, 0.284203, 25.837780
37.398762, 0.284203, 25.837780
37.405233, 0.284203, 25.837780
37.410301, 0.284203, 25.837780
37.414597, 0.284203, 25.837780
37.418245, 0.286752, 26.069506
37.422590, 0.284203, 25.837780
37.424915, 0.284203, 25.837780
37.427773, 0.284203, 25.837780
37.430909, 0.286752, 26.069506
37.434849, 0.286752, 26.069506
37.438267, 0.286752, 26.069506
37.441672, 0.284203, 25.837780
37.444842, 0.284203, 25.837780
37.448524, 0.284203, 25.837780
37.452479, 0.286752, 26.069506
37.456574, 0.284203, 25.837780
37.460572, 0.284203, 25.837780
37.463999, 0.284203, 25.837780
37.466808, 0.286752, 26.069506
37.469404, 0.284203, 25.837780
37.472097, 0.284203, 25.837780
37.474832, 0.284203, 25.837780
37.477866, 0.284203, 25.837780
37.482345, 0.284203, 25.837780
37.487057, 0.284203, 25.837780
37.491067, 0.284203, 25.837780
37.496533, 0.286752, 26.069506
37.501586, 0.286752, 26.069506
37.505516, 0.284203, 25.837780
37.509203, 0.284203, 25.837780
37.512748, 0.286752, 26.069506
37.516769, 0.284203, 25.837780
37.519396, 0.286752, 26.069506
37.521916, 0.284203, 25.837780
37.524699, 0.284203, 25.837780
37.527774, 0.284203, 25.837780
37.531079, 0.284203, 25.837780
37.534329, 0.284203, 25.837780
37.537526, 0.284203, 25.837780
37.540802, 0.286752, 26.069506
37.543883, 0.286752, 26.069506
37.547084, 0.284203, 25.837780
37.550345, 0.284203, 25.837780
37.553381, 0.286752, 26.069506
37.557353, 0.284203, 25.837780
37.559562, 0.284203, 25.837780
37.562790, 0.284203, 25.837780
37.566796, 0.284203, 25.837780
37.570053, 0.284203, 25.837780
37.572838, 0.284203, 25.837780
37.575899, 0.286752, 26.069506
37.578525, 0.286752, 26.069506
37.581254, 0.284203, 25.837780
37.584564, 0.284203, 25.837780
37.588269, 0.284203, 25.837780
37.591732, 0.284203, 25.837780
37.595083, 0.284203, 25.837780
37.599418, 0.286752, 26.069506
37.603717, 0.286752, 26.069506
37.607502, 0.284203, 25.837780
37.611148, 0.284203, 25.837780
37.614741, 0.286752, 26.069506
37.618433, 0.286752, 26.069506
37.621783, 0.284203, 25.837780
37.625104, 0.284203, 25.837780
37.629218, 0.286752, 26.069506
37.631555, 0.284203, 25.837780
37.634265, 0.284203, 25.837780
37.637044, 0.284203, 25.837780
37.640534, 0.284203, 25.837780
37.643780, 0.284203, 25.837780
37.646544, 0.286752, 26.069506
37.649849, 0.284203, 25.837780
37.653321, 0.284203, 25.837780
37.656773, 0.286752, 26.069506
37.659843, 0.284203, 25.837780
37.662160, 0.284203, 25.837780
37.664910, 0.284203, 25.837780
37.667800, 0.284203, 25.837780
37.670757, 0.284203, 25.837780
37.673705, 0.284203, 25.837780
37.676768, 0.286752, 26.069506
37.680225, 0.284203, 25.837780
37.682808, 0.284203, 25.837780
37.686004, 0.286752, 26.069506
37.689542, 0.286752, 26.069506
37.693040, 0.286752, 26.069506
37.696461, 0.286752, 26.069506
37.700325, 0.284203, 25.837780
37.703794, 0.284203, 25.837780
37.707080, 0.286752, 26.069506
37.710457, 0.284203, 25.837780
37.714261, 0.284203, 25.837780
37.717905, 0.284203, 25.837780
37.721702, 0.286752, 26.069506
37.725178, 0.284203, 25.837780
37.728664, 0.284203, 25.837780
37.732349, 0.286752, 26.069506
37.735721, 0.286752, 26.069506
37.738940, 0.284203, 25.837780
37.742160, 0.286752, 26.069506
37.745344, 0.284203, 25.837780
37.747535, 0.284203, 25.837780
37.750112, 0.284203, 25.837780
37.752505, 0.286752, 26.069506
37.755304, 0.286752, 26.069506
37.758622, 0.284203, 25.837780
37.762478, 0.284203, 25.837780
37.764779, 0.284203, 25.837780
37.767110, 0.284203, 25.837780
37.769708, 0.286752, 26.069506
37.772279, 0.284203, 25.837780
37.776137, 0.284203, 25.837780
37.779322, 0.286752, 26.069506
37.782584, 0.286752, 26.069506
37.786609, 0.286752, 26.069506
37.789738, 0.286752, 26.069506
37.793496, 0.284203, 25.837780
37.796410, 0.284203, 25.837780
37.799809, 0.284203, 25.837780
37.803870, 0.286752, 26.069506
37.807894, 0.284203, 25.837780
37.811463, 0.286752, 26.069506
37.814319, 0.286752, 26.069506
37.817029, 0.284203, 25.837780
37.819950, 0.284203, 25.837780
37.823056, 0.284203, 25.837780
37.826278, 0.284203, 25.837780
37.829991, 0.284203, 25.837780
37.833656, 0.286752, 26.069506
37.837185, 0.286752, 26.069506
37.840693, 0.284203, 25.837780
37.843950, 0.286752, 26.069506
37.847392, 0.284203, 25.837780
37.850701, 0.284203, 25.837780
37.854320, 0.284203, 25.837780
37.856335, 0.284203, 25.837780
37.858795, 0.284203, 25.837780
37.861381, 0.286752, 26.069506
37.864365, 0.286752, 26.069506
37.867621, 0.286752, 26.069506
37.871472, 0.284203, 25.837780
37.875137, 0.284203, 25.837780
37.878821, 0.284203, 25.837780
37.882701, 0.284203, 25.837780
37.886596, 0.286752, 26.069506
37.890100, 0.284203, 25.837780
37.893314, 0.286752, 26.069506
37.897384, 0.284203, 25.837780
37.900009, 0.286752, 26.069506
37.903069, 0.286752, 26.069506
37.906083, 0.284203, 25.837780
37.909195, 0.286752, 26.069506
37.912549, 0.284203, 25.837780
37.915555, 0.284203, 25.837780
37.919651, 0.286752, 26.069506
37.923481, 0.284203, 25.837780
37.929675, 0.286752, 26.069506
37.936273, 0.286752, 26.069506
37.941468, 0.286752, 26.069506
37.944079, 0.284203, 25.837780
37.947495, 0.284203, 25.837780
37.951172, 0.284203, 25.837780
37.955047, 0.284203, 25.837780
37.958637, 0.284203, 25.837780
37.962239, 0.286752, 26.069506
37.966951, 0.286752, 26.069506
37.973200, 0.286752, 26.069506
37.978849, 0.286752, 26.069506
37.983805, 0.284203, 25.837780
37.987761, 0.284203, 25.837780
37.991470, 0.286752, 26.069506
37.994964, 0.286752, 26.069506
37.998396, 0.286752, 26.069506
38.001712, 0.284203, 25.837780
38.004739, 0.284203, 25.837780
38.008121, 0.284203, 25.837780
38.011571, 0.284203, 25.837780
38.014593, 0.284203, 25.837780
38.018111, 0.284203, 25.837780
38.021265, 0.286752, 26.069506
38.024359, 0.286752, 26.069506
38.027649, 0.286752, 26.069506
38.030744, 0.284203, 25.837780
38.033760, 0.284203, 25.837780
38.037401, 0.286752, 26.069506
38.039285, 0.286752, 26.069506
38.041772, 0.286752, 26.069506
38.044330, 0.286752, 26.069506
38.046829, 0.284203, 25.837780
38.050516, 0.284203, 25.837780
38.054354, 0.286752, 26.069506
38.058167, 0.284203, 25.837780
38.062280, 0.284203, 25.837780
38.066102, 0.284203, 25.837780
38.070759, 0.286752, 26.069506
38.077952, 0.284203, 25.837780
38.087589, 0.284203, 25.837780
38.095337, 0.286752, 26.069506
38.101145, 0.284203, 25.837780
38.105569, 0.286752, 26.069506
38.109349, 0.286752, 26.069506
38.113066, 0.284203, 25.837780
38.116579, 0.284203, 25.837780
38.119226, 0.286752, 26.069506
38.121682, 0.284203, 25.837780
38.124383, 0.286752, 26.069506
38.127754, 0.284203, 25.837780
38.130986, 0.286752, 26.069506
38.134197, 0.286752, 26.069506
38.137299, 0.284203, 25.837780
38.140578, 0.284203, 25.837780
38.144484, 0.286752, 26.069506
38.147834, 0.284203, 25.837780
38.151223, 0.284203, 25.837780
38.154397, 0.284203, 25.837780
38.157590, 0.286752, 26.069506
38.160680, 0.284203, 25.837780
38.163860, 0.284203, 25.837780
38.167071, 0.286752, 26.069506
38.169217, 0.286752, 26.069506
38.171685, 0.286752, 26.069506
38.174533, 0.286752, 26.069506
38.177908, 0.284203, 25.837780
38.181347, 0.284203, 25.837780
38.184719, 0.284203, 25.837780
38.188144, 0.286752, 26.069506
38.191533, 0.286752, 26.069506
38.194902, 0.284203, 25.837780
38.197723, 0.286752, 26.069506
38.200340, 0.284203, 25.837780
38.203828, 0.284203, 25.837780
38.207514, 0.286752, 26.069506
38.211154, 0.284203, 25.837780
38.215142, 0.286752, 26.069506
38.219248, 0.284203, 25.837780
38.222946, 0.286752, 26.069506
38.227333, 0.284203, 25.837780
38.230939, 0.284203, 25.837780
38.234376, 0.284203, 25.837780
38.237742, 0.284203, 25.837780
38.240864, 0.284203, 25.837780
38.243197, 0.284203, 25.837780
38.245967, 0.284203, 25.837780
38.248397, 0.284203, 25.837780
38.252207, 0.284203, 25.837780
38.257403, 0.284203, 25.837780
38.262259, 0.284203, 25.837780
38.267027, 0.286752, 26.069506
38.271333, 0.286752, 26.069506
38.275427, 0.284203, 25.837780
38.279672, 0.284203, 25.837780
38.283551, 0.286752, 26.069506
38.287199, 0.286752, 26.069506
38.290756, 0.286752, 26.069506
38.294251, 0.286752, 26.069506
38.297624, 0.284203, 25.837780
38.300855, 0.286752, 26.069506
38.304073, 0.284203, 25.837780
38.307201, 0.286752, 26.069506
38.310370, 0.284203, 25.837780
38.313615, 0.286752, 26.069506
38.315906, 0.284203, 25.837780
38.319034, 0.284203, 25.837780
38.321351, 0.284203, 25.837780
38.324621, 0.284203, 25.837780
38.328160, 0.286752, 26.069506
38.331809, 0.284203, 25.837780
38.335241, 0.284203, 25.837780
38.338767, 0.284203, 25.837780
38.342190, 0.284203, 25.837780
38.345092, 0.286752, 26.069506
38.347122, 0.286752, 26.069506
38.349958, 0.284203, 25.837780
38.352974, 0.286752, 26.069506
38.355964, 0.284203, 25.837780
38.359044, 0.284203, 25.837780
38.362088, 0.284203, 25.837780
38.365189, 0.286752, 26.069506
38.368706, 0.284203, 25.837780
38.372641, 0.284203, 25.837780
38.376147, 0.284203, 25.837780
38.378938, 0.284203, 25.837780
38.381846, 0.284203, 25.837780
38.385190, 0.284203, 25.837780
38.388334, 0.284203, 25.837780
38.391432, 0.284203, 25.837780
38.394352, 0.286752, 26.069506
38.397352, 0.284203, 25.837780
38.400797, 0.284203, 25.837780
38.403693, 0.284203, 25.837780
38.406538, 0.286752, 26.069506
38.409413, 0.284203, 25.837780
38.412898, 0.286752, 26.069506
38.415845, 0.284203, 25.837780
38.418745, 0.284203, 25.837780
38.421783, 0.286752, 26.069506
38.424634, 0.286752, 26.069506
38.427870, 0.284203, 25.837780
38.430340, 0.284203, 25.837780
38.432846, 0.284203, 25.837780
38.435924, 0.286752, 26.069506
38.438999, 0.284203, 25.837780
38.441980, 0.284203, 25.837780
38.445265, 0.286752, 26.069506
38.448953, 0.286752, 26.069506
38.453754, 0.286752, 26.069506
38.463231, 0.284203, 25.837780
38.470727, 0.284203, 25.837780
38.476385, 0.286752, 26.069506
38.480766, 0.286752, 26.069506
38.483764, 0.284203, 25.837780
38.488233, 0.286752, 26.069506
38.491650, 0.284203, 25.837780
38.494284, 0.286752, 26.069506
38.496800, 0.284203, 25.837780
38.499847, 0.286752, 26.069506
38.502817, 0.284203, 25.837780
38.505898, 0.284203, 25.837780
38.509064, 0.286752, 26.069506
38.512467, 0.286752, 26.069506
38.515907, 0.286752, 26.069506
38.519342, 0.286752, 26.069506
38.522680, 0.284203, 25.837780
38.525978, 0.284203, 25.837780
38.529418, 0.284203, 25.837780
38.532632, 0.286752, 26.069506
38.535820, 0.284203, 25.837780
38.539233, 0.284203, 25.837780
38.542375, 0.284203, 25.837780
38.545574, 0.284203, 25.837780
38.548764, 0.284203, 25.837780
38.552027, 0.286752, 26.069506
38.555209, 0.284203, 25.837780
38.558249, 0.284203, 25.837780
38.561640, 0.286752, 26.069506
38.564807, 0.284203, 25.837780
38.567980, 0.286752, 26.069506
38.571107, 0.284203, 25.837780
38.574279, 0.286752, 26.069506
38.577610, 0.286752, 26.069506
38.580911, 0.284203, 25.837780
38.584237, 0.284203, 25.837780
38.587450, 0.286752, 26.069506
38.591293, 0.286752, 26.069506
38.594317, 0.286752, 26.069506
38.597363, 0.284203, 25.837780
38.601018, 0.286752, 26.069506
38.605890, 0.284203, 25.837780
38.610852, 0.286752, 26.069506
38.613668, 0.286752, 26.069506
38.617022, 0.284203, 25.837780
38.620566, 0.284203, 25.837780
38.623941, 0.286752, 26.069506
38.627228, 0.284203, 25.837780
38.629241, 0.284203, 25.837780
38.631897, 0.284203, 25.837780
38.634670, 0.286752, 26.069506
38.637417, 0.286752, 26.069506
38.640262, 0.286752, 26.069506
38.643409, 0.286752, 26.069506
38.646575, 0.286752, 26.069506
38.649561, 0.284203, 25.837780
38.652091, 0.284203, 25.837780
38.654269, 0.284203, 25.837780
38.657192, 0.286752, 26.069506
38.660598, 0.284203, 25.837780
38.665131, 0.286752, 26.069506
38.668956, 0.284203, 25.837780
38.674023, 0.284203, 25.837780
38.681231, 0.286752, 26.069506
38.691263, 0.286752, 26.069506
38.698263, 0.284203, 25.837780
38.703936, 0.286752, 26.069506
38.708702, 0.286752, 26.069506
38.712590, 0.284203, 25.837780
38.716356, 0.284203, 25.837780
38.719616, 0.286752, 26.069506
38.722749, 0.284203, 25.837780
38.725867, 0.284203, 25.837780
38.728896, 0.284203, 25.837780
38.732088, 0.284203, 25.837780
38.735587, 0.286752, 26.069506
38.739064, 0.284203, 25.837780
38.742542, 0.284203, 25.837780
38.746225, 0.286752, 26.069506
38.749912, 0.286752, 26.069506
38.753441, 0.286752, 26.069506
38.756830, 0.286752, 26.069506
38.760069, 0.284203, 25.837780
38.763569, 0.284203, 25.837780
38.767044, 0.286752, 26.069506
38.770377, 0.286752, 26.069506
38.773850, 0.286752, 26.069506
38.777531, 0.286752, 26.069506
38.781271, 0.286752, 26.069506
38.784991, 0.284203, 25.837780
38.787735, 0.286752, 26.069506
38.790126, 0.286752, 26.069506
38.792798, 0.284203, 25.837780
38.795783, 0.286752, 26.069506
38.798656, 0.284203, 25.837780
38.801516, 0.284203, 25.837780
38.805092, 0.286752, 26.069506
38.809095, 0.286752, 26.069506
38.814922, 0.284203, 25.837780
38.821466, 0.286752, 26.069506
38.825068, 0.284203, 25.837780
38.827662, 0.286752, 26.069506
38.830988, 0.284203, 25.837780
38.833433, 0.286752, 26.069506
38.836138, 0.286752, 26.069506
38.839783, 0.286752, 26.069506
38.842996, 0.284203, 25.837780
38.845525, 0.286752, 26.069506
38.848377, 0.286752, 26.069506
38.851524, 0.284203, 25.837780
38.855049, 0.284203, 25.837780
38.858169, 0.284203, 25.837780
38.861287, 0.286752, 26.069506
38.864762, 0.286752, 26.069506
38.868216, 0.286752, 26.069506
38.871464, 0.286752, 26.069506
38.874563, 0.286752, 26.069506
38.877902, 0.286752, 26.069506
38.880992, 0.286752, 26.069506
38.884422, 0.284203, 25.837780
38.887520, 0.286752, 26.069506
38.890683, 0.286752, 26.069506
38.894188, 0.286752, 26.069506
38.897461, 0.286752, 26.069506
38.900545, 0.286752, 26.069506
38.903454, 0.284203, 25.837780
38.907435, 0.284203, 25.837780
38.909517, 0.286752, 26.069506
38.912440, 0.286752, 26.069506
38.916214, 0.284203, 25.837780
38.919692, 0.286752, 26.069506
38.922868, 0.286752, 26.069506
38.926118, 0.284203, 25.837780
38.929311, 0.284203, 25.837780
38.932688, 0.286752, 26.069506
38.936200, 0.286752, 26.069506
38.939810, 0.284203, 25.837780
38.943275, 0.286752, 26.069506
38.947236, 0.286752, 26.069506
38.951240, 0.284203, 25.837780
38.955638, 0.286752, 26.069506
38.959961, 0.286752, 26.069506
38.963682, 0.284203, 25.837780
38.967319, 0.286752, 26.069506
38.970506, 0.286752, 26.069506
38.973812, 0.284203, 25.837780
38.977762, 0.284203, 25.837780
38.981647, 0.286752, 26.069506
38.985558, 0.286752, 26.069506
38.989607, 0.284203, 25.837780
38.993456, 0.286752, 26.069506
38.997149, 0.286752, 26.069506
39.000703, 0.284203, 25.837780
39.004255, 0.286752, 26.069506
39.007516, 0.286752, 26.069506
39.010018, 0.286752, 26.069506
39.013024, 0.286752, 26.069506
39.016360, 0.284203, 25.837780
39.019624, 0.284203, 25.837780
39.022706, 0.284203, 25.837780
39.026045, 0.284203, 25.837780
39.029240, 0.286752, 26.069506
39.032616, 0.284203, 25.837780
39.035761, 0.284203, 25.837780
39.038898, 0.286752, 26.069506
39.042138, 0.286752, 26.069506
39.046205, 0.284203, 25.837780
39.048712, 0.286752, 26.069506
39.051300, 0.286752, 26.069506
39.054121, 0.286752, 26.069506
39.057672, 0.286752, 26.069506
39.061065, 0.286752, 26.069506
39.064369, 0.286752, 26.069506
39.068373, 0.286752, 26.069506
39.071571, 0.284203, 25.837780
39.074805, 0.284203, 25.837780
39.079186, 0.284203, 25.837780
39.081258, 0.286752, 26.069506
39.083616, 0.284203, 25.837780
39.087047, 0.286752, 26.069506
39.089609, 0.286752, 26.069506
39.092905, 0.286752, 26.069506
39.096717, 0.286752, 26.069506
39.100521, 0.286752, 26.069506
39.104208, 0.286752, 26.069506
39.107766, 0.286752, 26.069506
39.111199, 0.286752, 26.069506
39.114574, 0.286752, 26.069506
39.118020, 0.286752, 26.069506
39.121260, 0.284203, 25.837780
39.124398, 0.286752, 26.069506
39.127519, 0.286752, 26.069506
39.130882, 0.284203, 25.837780
39.133926, 0.284203, 25.837780
39.136936, 0.284203, 25.837780
39.140389, 0.284203, 25.837780
39.142750, 0.284203, 25.837780
39.145398, 0.284203, 25.837780
39.148316, 0.286752, 26.069506
39.151343, 0.286752, 26.069506
39.154473, 0.286752, 26.069506
39.157579, 0.286752, 26.069506
39.160824, 0.286752, 26.069506
39.163992, 0.286752, 26.069506
39.167125, 0.284203, 25.837780
39.171145, 0.286752, 26.069506
39.174311, 0.286752, 26.069506
39.177596, 0.284203, 25.837780
39.181166, 0.284203, 25.837780
39.184460, 0.284203, 25.837780
39.187893, 0.284203, 25.837780
39.191221, 0.284203, 25.837780
39.194642, 0.284203, 25.837780
39.197957, 0.286752, 26.069506
39.201457, 0.286752, 26.069506
39.204730, 0.284203, 25.837780
39.207836, 0.286752, 26.069506
39.211268, 0.286752, 26.069506
39.214576, 0.286752, 26.069506
39.217688, 0.284203, 25.837780
39.221172, 0.286752, 26.069506
39.223148, 0.286752, 26.069506
39.225352, 0.284203, 25.837780
39.228020, 0.286752, 26.069506
39.231260, 0.284203, 25.837780
39.234223, 0.284203, 25.837780
39.237218, 0.286752, 26.069506
39.240299, 0.286752, 26.069506
39.243449, 0.286752, 26.069506
39.246630, 0.284203, 25.837780
39.250040, 0.286752, 26.069506
39.253429, 0.286752, 26.069506
39.256603, 0.286752, 26.069506
39.259636, 0.286752, 26.069506
39.262908, 0.286752, 26.069506
39.265893, 0.284203, 25.837780
39.269239, 0.286752, 26.069506
39.273654, 0.286752, 26.069506
39.277529, 0.286752, 26.069506
39.281252, 0.284203, 25.837780
39.283952, 0.286752, 26.069506
39.287565, 0.286752, 26.069506
39.293700, 0.286752, 26.069506
39.296515, 0.286752, 26.069506
39.299455, 0.286752, 26.069506
39.302841, 0.284203, 25.837780
39.305918, 0.286752, 26.069506
39.308961, 0.286752, 26.069506
39.311666, 0.286752, 26.069506
39.314298, 0.286752, 26.069506
39.317529, 0.286752, 26.069506
39.320154, 0.284203, 25.837780
39.322604, 0.286752, 26.069506
39.325344, 0.284203, 25.837780
39.328428, 0.286752, 26.069506
39.331092, 0.286752, 26.069506
39.333579, 0.284203, 25.837780
39.336293, 0.284203, 25.837780
39.339069, 0.284203, 25.837780
39.342190, 0.284203, 25.837780
39.344696, 0.284203, 25.837780
39.347130, 0.286752, 26.069506
39.350501, 0.286752, 26.069506
39.354392, 0.286752, 26.069506
39.357683, 0.284203, 25.837780
39.361369, 0.284203, 25.837780
39.363677, 0.286752, 26.069506
39.366401, 0.286752, 26.069506
39.369099, 0.286752, 26.069506
39.372831, 0.284203, 25.837780
39.375284, 0.286752, 26.069506
39.377610, 0.286752, 26.069506
39.380142, 0.286752, 26.069506
39.384030, 0.286752, 26.069506
39.386350, 0.286752, 26.069506
39.388976, 0.284203, 25.837780
39.391962, 0.284203, 25.837780
39.394658, 0.284203, 25.837780
39.396878, 0.284203, 25.837780
39.399469, 0.286752, 26.069506
39.402641, 0.284203, 25.837780
39.405445, 0.284203, 25.837780
39.407972, 0.286752, 26.069506
39.410816, 0.286752, 26.069506
39.414052, 0.286752, 26.069506
39.417099, 0.284203, 25.837780
39.420176, 0.284203, 25.837780
39.423456, 0.284203, 25.837780
39.426599, 0.286752, 26.069506
39.429355, 0.284203, 25.837780
39.431800, 0.286752, 26.069506
39.434868, 0.286752, 26.069506
39.437677, 0.286752, 26.069506
39.440505, 0.284203, 25.837780
39.443572, 0.286752, 26.069506
39.446658, 0.286752, 26.069506
39.449641, 0.286752, 26.069506
39.452444, 0.284203, 25.837780
39.455649, 0.286752, 26.069506
39.458665, 0.284203, 25.837780
39.461643, 0.286752, 26.069506
39.464650, 0.286752, 26.069506
39.467751, 0.286752, 26.069506
39.470543, 0.286752, 26.069506
39.473482, 0.286752, 26.069506
39.476999, 0.286752, 26.069506
39.480266, 0.286752, 26.069506
39.483140, 0.286752, 26.069506
39.486908, 0.286752, 26.069506
39.489159, 0.286752, 26.069506
39.492007, 0.284203, 25.837780
39.495042, 0.284203, 25.837780
39.498390, 0.286752, 26.069506
39.503048, 0.284203, 25.837780
39.508523, 0.286752, 26.069506
39.513246, 0.284203, 25.837780
39.517981, 0.284203, 25.837780
39.522801, 0.286752, 26.069506
39.527760, 0.286752, 26.069506
39.531739, 0.286752, 26.069506
39.535473, 0.286752, 26.069506
39.539268, 0.286752, 26.069506
39.542534, 0.286752, 26.069506
39.546108, 0.284203, 25.837780
39.549588, 0.286752, 26.069506
39.552265, 0.284203, 25.837780
39.554962, 0.286752, 26.069506
39.557726, 0.286752, 26.069506
39.560845, 0.286752, 26.069506
39.563872, 0.284203, 25.837780
39.567219, 0.286752, 26.069506
39.570720, 0.286752, 26.069506
39.573979, 0.286752, 26.069506
39.577820, 0.284203, 25.837780
39.581243, 0.286752, 26.069506
39.584354, 0.286752, 26.069506
39.587315, 0.286752, 26.069506
39.590755, 0.286752, 26.069506
39.593330, 0.284203, 25.837780
39.596410, 0.284203, 25.837780
39.599449, 0.286752, 26.069506
39.602724, 0.286752, 26.069506
39.605865, 0.286752, 26.069506
39.608962, 0.284203, 25.837780
39.612573, 0.286752, 26.069506
39.614541, 0.284203, 25.837780
39.616900, 0.286752, 26.069506
39.619411, 0.286752, 26.069506
39.622124, 0.286752, 26.069506
39.625788, 0.286752, 26.069506
39.629497, 0.286752, 26.069506
39.632440, 0.286752, 26.069506
39.635015, 0.284203, 25.837780
39.637798, 0.286752, 26.069506
39.640983, 0.286752, 26.069506
39.644807, 0.284203, 25.837780
39.648494, 0.286752, 26.069506
39.652595, 0.284203, 25.837780
39.654647, 0.286752, 26.069506
39.657350, 0.284203, 25.837780
39.661361, 0.286752, 26.069506
39.673050, 0.286752, 26.069506
39.678889, 0.286752, 26.069506
39.681079, 0.286752, 26.069506
39.683948, 0.286752, 26.069506
39.686485, 0.286752, 26.069506
39.689162, 0.284203, 25.837780
39.692355, 0.286752, 26.069506
39.695744, 0.286752, 26.069506
39.699254, 0.286752, 26.069506
39.702602, 0.286752, 26.069506
39.705846, 0.286752, 26.069506
39.708990, 0.284203, 25.837780
39.712146, 0.284203, 25.837780
39.715482, 0.286752, 26.069506
39.719182, 0.286752, 26.069506
39.722695, 0.286752, 26.069506
39.727386, 0.284203, 25.837780
39.733187, 0.286752, 26.069506
39.739297, 0.286752, 26.069506
39.745164, 0.284203, 25.837780
39.751224, 0.286752, 26.069506
39.757467, 0.284203, 25.837780
39.764177, 0.286752, 26.069506
39.770073, 0.286752, 26.069506
39.775402, 0.284203, 25.837780
39.781249, 0.284203, 25.837780
39.786033, 0.286752, 26.069506
39.794018, 0.284203, 25.837780
39.797871, 0.286752, 26.069506
39.801567, 0.284203, 25.837780
39.805284, 0.286752, 26.069506
39.809226, 0.286752, 26.069506
39.815190, 0.286752, 26.069506
39.820624, 0.284203, 25.837780
39.825620, 0.286752, 26.069506
39.831274, 0.286752, 26.069506
39.836838, 0.286752, 26.069506
39.842164, 0.286752, 26.069506
39.849086, 0.286752, 26.069506
39.856132, 0.284203, 25.837780
39.863036, 0.284203, 25.837780
39.869537, 0.284203, 25.837780
39.875145, 0.286752, 26.069506
39.880456, 0.286752, 26.069506
39.886429, 0.284203, 25.837780
39.891195, 0.286752, 26.069506
39.894438, 0.286752, 26.069506
39.897487, 0.284203, 25.837780
39.900686, 0.286752, 26.069506
39.905731, 0.284203, 25.837780
39.908059, 0.286752, 26.069506
39.911220, 0.286752, 26.069506
39.914781, 0.286752, 26.069506
39.918013, 0.286752, 26.069506
39.921388, 0.286752, 26.069506
39.924687, 0.286752, 26.069506
39.928205, 0.284203, 25.837780
39.931378, 0.286752, 26.069506
39.934461, 0.284203, 25.837780
39.937748, 0.286752, 26.069506
39.940225, 0.286752, 26.069506
39.943097, 0.284203, 25.837780
39.947150, 0.284203, 25.837780
39.951892, 0.286752, 26.069506
39.956241, 0.286752, 26.069506
39.960227, 0.284203, 25.837780
39.965123, 0.284203, 25.837780
39.969722, 0.284203, 25.837780
39.973748, 0.286752, 26.069506
39.977845, 0.284203, 25.837780
39.981951, 0.284203, 25.837780
39.985666, 0.286752, 26.069506
39.989195, 0.286752, 26.069506
39.992685, 0.286752, 26.069506
39.996066, 0.284203, 25.837780
39.999798, 0.284203, 25.837780
40.002519, 0.286752, 26.069506
40.005216, 0.286752, 26.069506
40.008052, 0.286752, 26.069506
40.012297, 0.286752, 26.069506
40.015591, 0.286752, 26.069506
40.019084, 0.286752, 26.069506
40.022620, 0.286752, 26.069506
40.027413, 0.286752, 26.069506
40.031393, 0.284203, 25.837780
40.035283, 0.286752, 26.069506
40.041365, 0.286752, 26.069506
40.046634, 0.286752, 26.069506
40.052073, 0.286752, 26.069506
40.059109, 0.284203, 25.837780
40.064066, 0.286752, 26.069506
40.067742, 0.286752, 26.069506
40.071721, 0.284203, 25.837780
40.076470, 0.286752, 26.069506
40.080708, 0.284203, 25.837780
40.085035, 0.284203, 25.837780
40.088876, 0.286752, 26.069506
40.092524, 0.284203, 25.837780
40.095963, 0.284203, 25.837780
40.099299, 0.286752, 26.069506
40.102998, 0.286752, 26.069506
40.107271, 0.286752, 26.069506
40.112114, 0.284203, 25.837780
40.116242, 0.286752, 26.069506
40.120085, 0.286752, 26.069506
40.123975, 0.286752, 26.069506
40.127766, 0.286752, 26.069506
40.131320, 0.286752, 26.069506
40.135034, 0.284203, 25.837780
40.138597, 0.286752, 26.069506
40.142165, 0.286752, 26.069506
40.145872, 0.286752, 26.069506
40.149553, 0.286752, 26.069506
40.153290, 0.286752, 26.069506
40.156891, 0.284203, 25.837780
40.160269, 0.284203, 25.837780
40.164238, 0.284203, 25.837780
40.169558, 0.286752, 26.069506
40.174486, 0.286752, 26.069506
40.178574, 0.286752, 26.069506
40.182437, 0.286752, 26.069506
40.186317, 0.284203, 25.837780
40.189989, 0.286752, 26.069506
40.193567, 0.286752, 26.069506
40.196973, 0.286752, 26.069506
40.200348, 0.286752, 26.069506
40.203637, 0.284203, 25.837780
40.206843, 0.286752, 26.069506
40.210059, 0.286752, 26.069506
40.213631, 0.286752, 26.069506
40.216489, 0.284203, 25.837780
40.218615, 0.286752, 26.069506
40.221384, 0.286752, 26.069506
40.224622, 0.286752, 26.069506
40.227490, 0.286752, 26.069506
40.229899, 0.286752, 26.069506
40.232429, 0.286752, 26.069506
40.235466, 0.286752, 26.069506
40.238788, 0.284203, 25.837780
40.242726, 0.284203, 25.837780
40.247321, 0.284203, 25.837780
40.251562, 0.284203, 25.837780
40.255340, 0.286752, 26.069506
40.260150, 0.286752, 26.069506
40.266907, 0.286752, 26.069506
40.272087, 0.286752, 26.069506
40.276402, 0.286752, 26.069506
40.278598, 0.286752, 26.069506
40.281276, 0.286752, 26.069506
40.284193, 0.286752, 26.069506
40.287365, 0.286752, 26.069506
40.290322, 0.284203, 25.837780
40.293251, 0.286752, 26.069506
40.296178, 0.286752, 26.069506
40.299202, 0.284203, 25.837780
40.302932, 0.284203, 25.837780
40.306251, 0.284203, 25.837780
40.309850, 0.284203, 25.837780
40.314591, 0.286752, 26.069506
40.316623, 0.284203, 25.837780
40.319276, 0.284203, 25.837780
40.322652, 0.286752, 26.069506
40.326408, 0.284203, 25.837780
40.330424, 0.286752, 26.069506
40.334022, 0.284203, 25.837780
40.337566, 0.286752, 26.069506
40.341241, 0.284203, 25.837780
40.345491, 0.286752, 26.069506
40.349191, 0.286752, 26.069506
40.351416, 0.286752, 26.069506
40.353865, 0.286752, 26.069506
40.356722, 0.284203, 25.837780
40.360914, 0.284203, 25.837780
40.363813, 0.284203, 25.837780
40.366539, 0.284203, 25.837780
40.369445, 0.286752, 26.069506
40.372187, 0.284203, 25.837780
40.374957, 0.286752, 26.069506
40.378067, 0.286752, 26.069506
40.381279, 0.286752, 26.069506
40.384309, 0.284203, 25.837780
40.387325, 0.286752, 26.069506
40.389780, 0.286752, 26.069506
40.391951, 0.284203, 25.837780
40.394884, 0.286752, 26.069506
40.398541, 0.286752, 26.069506
40.402146, 0.284203, 25.837780
40.405087, 0.286752, 26.069506
40.408091, 0.286752, 26.069506
40.410970, 0.286752, 26.069506
40.413303, 0.284203, 25.837780
40.416195, 0.286752, 26.069506
40.419204, 0.286752, 26.069506
40.422170, 0.284203, 25.837780
40.425105, 0.284203, 25.837780
40.427871, 0.284203, 25.837780
40.430788, 0.286752, 26.069506
40.433765, 0.284203, 25.837780
40.436676, 0.286752, 26.069506
40.439825, 0.286752, 26.069506
40.442916, 0.284203, 25.837780
40.446634, 0.284203, 25.837780
40.450633, 0.286752, 26.069506
40.453630, 0.286752, 26.069506
40.456483, 0.284203, 25.837780
40.459419, 0.286752, 26.069506
40.462556, 0.286752, 26.069506
40.465578, 0.284203, 25.837780
40.469379, 0.284203, 25.837780
40.472456, 0.284203, 25.837780
40.475572, 0.286752, 26.069506
40.478976, 0.286752, 26.069506
40.482863, 0.286752, 26.069506
40.485378, 0.284203, 25.837780
40.488136, 0.286752, 26.069506
40.490857, 0.284203, 25.837780
40.494001, 0.286752, 26.069506
40.497111, 0.286752, 26.069506
40.500908, 0.286752, 26.069506
40.504369, 0.284203, 25.837780
40.507790, 0.286752, 26.069506
40.512219, 0.284203, 25.837780
40.515741, 0.286752, 26.069506
40.519184, 0.286752, 26.069506
40.522619, 0.284203, 25.837780
40.526046, 0.286752, 26.069506
40.528751, 0.284203, 25.837780
40.531045, 0.286752, 26.069506
40.533756, 0.286752, 26.069506
40.536435, 0.286752, 26.069506
40.539653, 0.286752, 26.069506
40.542137, 0.284203, 25.837780
40.544621, 0.286752, 26.069506
40.547344, 0.284203, 25.837780
40.551083, 0.286752, 26.069506
40.553651, 0.284203, 25.837780
40.556577, 0.284203, 25.837780
40.559458, 0.286752, 26.069506
40.562795, 0.286752, 26.069506
40.566763, 0.284203, 25.837780
40.570387, 0.286752, 26.069506
40.573941, 0.286752, 26.069506
40.577513, 0.286752, 26.069506
40.579833, 0.284203, 25.837780
40.583665, 0.286752, 26.069506
40.586673, 0.286752, 26.069506
40.589633, 0.284203, 25.837780
40.592553, 0.286752, 26.069506
40.595438, 0.286752, 26.069506
40.598112, 0.286752, 26.069506
40.600991, 0.286752, 26.069506
40.604072, 0.284203, 25.837780
40.606984, 0.286752, 26.069506
40.609938, 0.286752, 26.069506
40.613199, 0.286752, 26.069506
40.615852, 0.286752, 26.069506
40.618496, 0.284203, 25.837780
40.621592, 0.284203, 25.837780
40.624729, 0.286752, 26.069506
40.627992, 0.284203, 25.837780
40.631278, 0.284203, 25.837780
40.634901, 0.286752, 26.069506
40.638518, 0.286752, 26.069506
40.641396, 0.286752, 26.069506
40.644280, 0.284203, 25.837780
40.646762, 0.284203, 25.837780
40.649255, 0.284203, 25.837780
40.651953, 0.286752, 26.069506
40.654963, 0.286752, 26.069506
40.657424, 0.284203, 25.837780
40.659590, 0.286752, 26.069506
40.662710, 0.286752, 26.069506
40.665467, 0.286752, 26.069506
40.668451, 0.284203, 25.837780
40.671591, 0.286752, 26.069506
40.674985, 0.286752, 26.069506
40.677852, 0.286752, 26.069506
40.682317, 0.286752, 26.069506
40.687386, 0.286752, 26.069506
40.689722, 0.286752, 26.069506
40.692061, 0.286752, 26.069506
40.695518, 0.284203, 25.837780
40.698634, 0.286752, 26.069506
40.701055, 0.286752, 26.069506
40.703338, 0.286752, 26.069506
40.706465, 0.284203, 25.837780
40.708878, 0.284203, 25.837780
40.711602, 0.284203, 25.837780
40.714397, 0.284203, 25.837780
40.717692, 0.284203, 25.837780
40.721053, 0.284203, 25.837780
40.724613, 0.284203, 25.837780
40.728579, 0.286752, 26.069506
40.732563, 0.286752, 26.069506
40.736503, 0.286752, 26.069506
40.740210, 0.286752, 26.069506
40.743704, 0.286752, 26.069506
40.747563, 0.284203, 25.837780
40.750281, 0.286752, 26.069506
40.752325, 0.284203, 25.837780
40.754752, 0.284203, 25.837780
40.757534, 0.284203, 25.837780
40.760416, 0.286752, 26.069506
40.763378, 0.286752, 26.069506
40.766296, 0.284203, 25.837780
40.769340, 0.284203, 25.837780
40.772293, 0.284203, 25.837780
40.775320, 0.284203, 25.837780
40.778473, 0.284203, 25.837780
40.780935, 0.286752, 26.069506
40.784180, 0.286752, 26.069506
40.787965, 0.286752, 26.069506
40.791480, 0.286752, 26.069506
40.795291, 0.284203, 25.837780
40.799111, 0.286752, 26.069506
40.802086, 0.286752, 26.069506
40.804995, 0.284203, 25.837780
40.808416, 0.286752, 26.069506
40.811650, 0.284203, 25.837780
40.814403, 0.284203, 25.837780
40.817543, 0.284203, 25.837780
40.820481, 0.284203, 25.837780
40.822811, 0.286752, 26.069506
40.825172, 0.286752, 26.069506
40.828010, 0.284203, 25.837780
40.830796, 0.286752, 26.069506
40.833371, 0.286752, 26.069506
40.836250, 0.286752, 26.069506
40.839354, 0.286752, 26.069506
40.842577, 0.286752, 26.069506
40.845344, 0.286752, 26.069506
40.848914, 0.284203, 25.837780
40.851527, 0.286752, 26.069506
40.854251, 0.284203, 25.837780
40.857050, 0.286752, 26.069506
40.860217, 0.284203, 25.837780
40.863350, 0.286752, 26.069506
40.866518, 0.284203, 25.837780
40.869824, 0.286752, 26.069506
40.874250, 0.284203, 25.837780
40.878759, 0.286752, 26.069506
40.882715, 0.286752, 26.069506
40.886497, 0.286752, 26.069506
40.890156, 0.286752, 26.069506
40.894312, 0.286752, 26.069506
40.897842, 0.284203, 25.837780
40.901482, 0.284203, 25.837780
40.905464, 0.286752, 26.069506
40.909024, 0.286752, 26.069506
40.912477, 0.286752, 26.069506
40.916067, 0.284203, 25.837780
40.919368, 0.284203, 25.837780
40.922582, 0.286752, 26.069506
40.925920, 0.284203, 25.837780
40.929058, 0.284203, 25.837780
40.932232, 0.284203, 25.837780
40.935490, 0.286752, 26.069506
40.938656, 0.286752, 26.069506
40.941752, 0.284203, 25.837780
40.945046, 0.286752, 26.069506
40.948365, 0.286752, 26.069506
40.951582, 0.286752, 26.069506
40.954781, 0.286752, 26.069506
40.958090, 0.286752, 26.069506
40.962111, 0.284203, 25.837780
40.964883, 0.284203, 25.837780
40.967694, 0.286752, 26.069506
40.970673, 0.286752, 26.069506
40.973926, 0.286752, 26.069506
40.977518, 0.286752, 26.069506
40.980520, 0.286752, 26.069506
40.983183, 0.286752, 26.069506
40.986659, 0.284203, 25.837780
40.990529, 0.286752, 26.069506
40.993383, 0.286752, 26.069506
40.996791, 0.286752, 26.069506
40.999809, 0.286752, 26.069506
41.002769, 0.284203, 25.837780
41.005535, 0.286752, 26.069506
41.008262, 0.286752, 26.069506
41.011154, 0.286752, 26.069506
41.014165, 0.286752, 26.069506
41.017001, 0.284203, 25.837780
41.019737, 0.286752, 26.069506
41.022879, 0.286752, 26.069506
41.025718, 0.284203, 25.837780
41.028929, 0.284203, 25.837780
41.032610, 0.286752, 26.069506
41.034830, 0.286752, 26.069506
41.037373, 0.286752, 26.069506
41.040123, 0.286752, 26.069506
41.043534, 0.286752, 26.069506
41.046023, 0.286752, 26.069506
41.048225, 0.286752, 26.069506
41.050611, 0.286752, 26.069506
41.053398, 0.286752, 26.069506
41.056277, 0.284203, 25.837780
41.059095, 0.284203, 25.837780
41.062676, 0.286752, 26.069506
41.065023, 0.284203, 25.837780
41.067263, 0.286752, 26.069506
41.069853, 0.286752, 26.069506
41.073216, 0.286752, 26.069506
41.076551, 0.286752, 26.069506
41.079590, 0.286752, 26.069506
41.082593, 0.286752, 26.069506
41.085773, 0.284203, 25.837780
41.089797, 0.284203, 25.837780
41.092907, 0.286752, 26.069506
41.096203, 0.286752, 26.069506
41.099155, 0.286752, 26.069506
41.102292, 0.284203, 25.837780
41.105720, 0.286752, 26.069506
41.108870, 0.286752, 26.069506
41.113587, 0.286752, 26.069506
41.120516, 0.284203, 25.837780
41.125846, 0.286752, 26.069506
41.129183, 0.286752, 26.069506
41.131830, 0.284203, 25.837780
41.134631, 0.284203, 25.837780
41.137450, 0.286752, 26.069506
41.140561, 0.286752, 26.069506
41.143445, 0.286752, 26.069506
41.146398, 0.286752, 26.069506
41.149535, 0.286752, 26.069506
41.151393, 0.286752, 26.069506
41.154171, 0.286752, 26.069506
41.157147, 0.284203, 25.837780
41.160592, 0.286752, 26.069506
41.163798, 0.286752, 26.069506
41.166863, 0.284203, 25.837780
41.170809, 0.284203, 25.837780
41.173234, 0.286752, 26.069506
41.175699, 0.286752, 26.069506
41.178649, 0.286752, 26.069506
41.181876, 0.286752, 26.069506
41.185187, 0.284203, 25.837780
41.188374, 0.286752, 26.069506
41.191737, 0.284203, 25.837780
41.194546, 0.286752, 26.069506
41.196578, 0.284203, 25.837780
41.198954, 0.286752, 26.069506
41.201680, 0.286752, 26.069506
41.204458, 0.286752, 26.069506
41.207801, 0.286752, 26.069506
41.211128, 0.286752, 26.069506
41.214306, 0.286752, 26.069506
41.216953, 0.284203, 25.837780
41.219938, 0.286752, 26.069506
41.222147, 0.284203, 25.837780
41.224798, 0.286752, 26.069506
41.227736, 0.286752, 26.069506
41.230774, 0.286752, 26.069506
41.233041, 0.284203, 25.837780
41.235775, 0.284203, 25.837780
41.238793, 0.286752, 26.069506
41.242057, 0.286752, 26.069506
41.245025, 0.284203, 25.837780
41.248690, 0.286752, 26.069506
41.252735, 0.286752, 26.069506
41.256825, 0.286752, 26.069506
41.261202, 0.286752, 26.069506
41.265147, 0.286752, 26.069506
41.269892, 0.286752, 26.069506
41.273997, 0.286752, 26.069506
41.277952, 0.286752, 26.069506
41.281717, 0.286752, 26.069506
41.285151, 0.284203, 25.837780
41.288401, 0.286752, 26.069506
41.291757, 0.286752, 26.069506
41.294984, 0.286752, 26.069506
41.297960, 0.286752, 26.069506
41.300927, 0.286752, 26.069506
41.303985, 0.286752, 26.069506
41.306984, 0.286752, 26.069506
41.310099, 0.286752, 26.069506
41.315101, 0.286752, 26.069506
41.319560, 0.286752, 26.069506
41.323691, 0.286752, 26.069506
41.327357, 0.286752, 26.069506
41.330662, 0.284203, 25.837780
41.333950, 0.286752, 26.069506
41.336980, 0.286752, 26.069506
41.339972, 0.286752, 26.069506
41.343081, 0.284203, 25.837780
41.346341, 0.286752, 26.069506
41.349234, 0.286752, 26.069506
41.352131, 0.286752, 26.069506
41.355089, 0.286752, 26.069506
41.358223, 0.284203, 25.837780
41.361354, 0.286752, 26.069506
41.364529, 0.286752, 26.069506
41.367634, 0.286752, 26.069506
41.370480, 0.286752, 26.069506
41.374144, 0.286752, 26.069506
41.376690, 0.286752, 26.069506
41.378735, 0.286752, 26.069506
41.381751, 0.284203, 25.837780
41.384930, 0.286752, 26.069506
41.387998, 0.286752, 26.069506
41.390975, 0.284203, 25.837780
41.394061, 0.284203, 25.837780
41.397132, 0.284203, 25.837780
41.400159, 0.286752, 26.069506
41.403151, 0.286752, 26.069506
41.406241, 0.286752, 26.069506
41.409222, 0.286752, 26.069506
41.412192, 0.284203, 25.837780
41.415469, 0.286752, 26.069506
41.418435, 0.286752, 26.069506
41.421360, 0.284203, 25.837780
41.425176, 0.286752, 26.069506
41.427447, 0.286752, 26.069506
41.430496, 0.286752, 26.069506
41.433645, 0.284203, 25.837780
41.437094, 0.284203, 25.837780
41.439770, 0.286752, 26.069506
41.442426, 0.286752, 26.069506
41.445395, 0.286752, 26.069506
41.447374, 0.286752, 26.069506
41.449728, 0.286752, 26.069506
41.452400, 0.286752, 26.069506
41.455323, 0.286752, 26.069506
41.458098, 0.286752, 26.069506
41.461162, 0.286752, 26.069506
41.463504, 0.286752, 26.069506
41.465758, 0.286752, 26.069506
41.468204, 0.284203, 25.837780
41.470905, 0.286752, 26.069506
41.473900, 0.284203, 25.837780
41.476955, 0.286752, 26.069506
41.479241, 0.286752, 26.069506
41.481402, 0.286752, 26.069506
41.484111, 0.286752, 26.069506
41.488988, 0.286752, 26.069506
41.492615, 0.286752, 26.069506
41.495620, 0.286752, 26.069506
41.498804, 0.286752, 26.069506
41.502152, 0.284203, 25.837780
41.505599, 0.286752, 26.069506
41.509068, 0.286752, 26.069506
41.512874, 0.286752, 26.069506
41.516639, 0.284203, 25.837780
41.520218, 0.284203, 25.837780
41.524344, 0.286752, 26.069506
41.526506, 0.286752, 26.069506
41.529231, 0.284203, 25.837780
41.532051, 0.286752, 26.069506
41.534902, 0.284203, 25.837780
41.538249, 0.286752, 26.069506
41.541132, 0.286752, 26.069506
41.544078, 0.286752, 26.069506
41.547692, 0.286752, 26.069506
41.550913, 0.284203, 25.837780
41.554014, 0.286752, 26.069506
41.557462, 0.286752, 26.069506
41.560723, 0.284203, 25.837780
41.563651, 0.286752, 26.069506
41.567402, 0.286752, 26.069506
41.570211, 0.286752, 26.069506
41.572962, 0.286752, 26.069506
41.576209, 0.286752, 26.069506
41.579465, 0.286752, 26.069506
41.582042, 0.286752, 26.069506
41.585222, 0.286752, 26.069506
41.588900, 0.286752, 26.069506
41.592434, 0.284203, 25.837780
41.596055, 0.286752, 26.069506
41.599792, 0.284203, 25.837780
41.603298, 0.286752, 26.069506
41.606991, 0.284203, 25.837780
41.611212, 0.286752, 26.069506
41.616596, 0.286752, 26.069506
41.623569, 0.284203, 25.837780
41.629811, 0.286752, 26.069506
41.635708, 0.286752, 26.069506
41.640451, 0.286752, 26.069506
41.644498, 0.286752, 26.069506
41.648053, 0.286752, 26.069506
41.651555, 0.286752, 26.069506
41.654949, 0.286752, 26.069506
41.658056, 0.286752, 26.069506
41.661237, 0.286752, 26.069506
41.664504, 0.284203, 25.837780
41.667588, 0.286752, 26.069506
41.670783, 0.286752, 26.069506
41.673732, 0.284203, 25.837780
41.676912, 0.284203, 25.837780
41.680126, 0.284203, 25.837780
41.683172, 0.284203, 25.837780
41.686265, 0.284203, 25.837780
41.689374, 0.286752, 26.069506
41.692645, 0.286752, 26.069506
41.696238, 0.286752, 26.069506
41.700533, 0.284203, 25.837780
41.705161, 0.286752, 26.069506
41.709898, 0.284203, 25.837780
41.713953, 0.286752, 26.069506
41.717801, 0.284203, 25.837780
41.721280, 0.286752, 26.069506
41.724835, 0.286752, 26.069506
41.727957, 0.286752, 26.069506
41.731155, 0.284203, 25.837780
41.734454, 0.286752, 26.069506
41.737468, 0.286752, 26.069506
41.740794, 0.284203, 25.837780
41.743925, 0.284203, 25.837780
41.747260, 0.284203, 25.837780
41.750660, 0.284203, 25.837780
41.753795, 0.286752, 26.069506
41.756774, 0.286752, 26.069506
41.759889, 0.284203, 25.837780
41.763141, 0.286752, 26.069506
41.766400, 0.284203, 25.837780
41.769553, 0.284203, 25.837780
41.772824, 0.286752, 26.069506
41.776099, 0.286752, 26.069506
41.779222, 0.284203, 25.837780
41.782550, 0.284203, 25.837780
41.785511, 0.284203, 25.837780
41.788477, 0.284203, 25.837780
41.792565, 0.284203, 25.837780
41.796354, 0.286752, 26.069506
41.800018, 0.286752, 26.069506
41.803899, 0.284203, 25.837780
41.807562, 0.286752, 26.069506
41.811068, 0.284203, 25.837780
41.814824, 0.286752, 26.069506
41.818359, 0.286752, 26.069506
41.821728, 0.284203, 25.837780
41.825259, 0.286752, 26.069506
41.828468, 0.286752, 26.069506
41.831805, 0.286752, 26.069506
41.835115, 0.286752, 26.069506
41.838222, 0.284203, 25.837780
41.841464, 0.286752, 26.069506
41.844789, 0.286752, 26.069506
41.848324, 0.286752, 26.069506
41.851987, 0.284203, 25.837780
41.855258, 0.286752, 26.069506
41.858416, 0.284203, 25.837780
41.862339, 0.284203, 25.837780
41.865563, 0.284203, 25.837780
41.868830, 0.286752, 26.069506
41.872555, 0.284203, 25.837780
41.875644, 0.286752, 26.069506
41.878902, 0.286752, 26.069506
41.882277, 0.286752, 26.069506
41.885676, 0.284203, 25.837780
41.888835, 0.286752, 26.069506
41.892054, 0.284203, 25.837780
41.895539, 0.286752, 26.069506
41.898851, 0.286752, 26.069506
41.902248, 0.284203, 25.837780
41.905206, 0.286752, 26.069506
41.908147, 0.286752, 26.069506
41.912102, 0.286752, 26.069506
41.914833, 0.286752, 26.069506
41.916944, 0.284203, 25.837780
41.919399, 0.284203, 25.837780
41.922318, 0.284203, 25.837780
41.925093, 0.286752, 26.069506
41.928139, 0.286752, 26.069506
41.930992, 0.286752, 26.069506
41.933858, 0.284203, 25.837780
41.935947, 0.286752, 26.069506
41.938588, 0.284203, 25.837780
41.941593, 0.286752, 26.069506
41.945389, 0.286752, 26.069506
41.948077, 0.286752, 26.069506
41.950805, 0.284203, 25.837780
41.953964, 0.286752, 26.069506
41.955877, 0.286752, 26.069506
41.958377, 0.284203, 25.837780
41.961740, 0.284203, 25.837780
41.964940, 0.284203, 25.837780
41.967916, 0.286752, 26.069506
41.970672, 0.284203, 25.837780
41.973764, 0.284203, 25.837780
41.976143, 0.284203, 25.837780
41.978630, 0.286752, 26.069506
41.980927, 0.286752, 26.069506
41.983585, 0.284203, 25.837780
41.986346, 0.284203, 25.837780
41.989196, 0.284203, 25.837780
41.992095, 0.286752, 26.069506
41.995284, 0.286752, 26.069506
41.997507, 0.286752, 26.069506
42.000083, 0.286752, 26.069506
42.002962, 0.284203, 25.837780
42.006105, 0.284203, 25.837780
42.009273, 0.286752, 26.069506
42.012434, 0.284203, 25.837780
42.016216, 0.284203, 25.837780
42.019472, 0.284203, 25.837780
42.022738, 0.284203, 25.837780
42.026428, 0.284203, 25.837780
42.030332, 0.284203, 25.837780
42.033751, 0.286752, 26.069506
42.037802, 0.286752, 26.069506
42.040807, 0.284203, 25.837780
42.043701, 0.286752, 26.069506
42.046257, 0.284203, 25.837780
42.048484, 0.284203, 25.837780
42.051006, 0.286752, 26.069506
42.053651, 0.286752, 26.069506
42.056699, 0.286752, 26.069506
42.059473, 0.286752, 26.069506
42.061816, 0.284203, 25.837780
42.064038, 0.284203, 25.837780
42.067437, 0.284203, 25.837780
42.070428, 0.284203, 25.837780
42.073446, 0.286752, 26.069506
42.076360, 0.284203, 25.837780
42.079049, 0.284203, 25.837780
42.081541, 0.286752, 26.069506
42.084638, 0.286752, 26.069506
42.087847, 0.284203, 25.837780
42.090414, 0.286752, 26.069506
42.092616, 0.286752, 26.069506
42.095191, 0.286752, 26.069506
42.098441, 0.286752, 26.069506
42.101721, 0.284203, 25.837780
42.104834, 0.284203, 25.837780
42.107976, 0.284203, 25.837780
42.111604, 0.284203, 25.837780
42.113576, 0.286752, 26.069506
42.116045, 0.286752, 26.069506
42.119509, 0.284203, 25.837780
42.121981, 0.284203, 25.837780
42.124384, 0.286752, 26.069506
42.127068, 0.286752, 26.069506
42.130759, 0.284203, 25.837780
42.133809, 0.284203, 25.837780
42.136731, 0.284203, 25.837780
42.140007, 0.284203, 25.837780
42.143700, 0.286752, 26.069506
42.149567, 0.284203, 25.837780
42.154909, 0.284203, 25.837780
42.159398, 0.286752, 26.069506
42.163930, 0.284203, 25.837780
42.169525, 0.284203, 25.837780
42.175274, 0.284203, 25.837780
42.180534, 0.284203, 25.837780
42.185939, 0.286752, 26.069506
42.189724, 0.286752, 26.069506
42.193180, 0.286752, 26.069506
42.196451, 0.284203, 25.837780
42.199643, 0.284203, 25.837780
42.202901, 0.286752, 26.069506
42.206052, 0.284203, 25.837780
42.209235, 0.286752, 26.069506
42.212273, 0.286752, 26.069506
42.215428, 0.286752, 26.069506
42.218576, 0.284203, 25.837780
42.221623, 0.286752, 26.069506
42.224901, 0.286752, 26.069506
42.227909, 0.286752, 26.069506
42.231189, 0.284203, 25.837780
42.234542, 0.286752, 26.069506
42.237824, 0.284203, 25.837780
42.241077, 0.284203, 25.837780
42.244369, 0.286752, 26.069506
42.247794, 0.286752, 26.069506
42.251846, 0.286752, 26.069506
42.255862, 0.286752, 26.069506
42.259576, 0.284203, 25.837780
42.263686, 0.284203, 25.837780
42.267553, 0.284203, 25.837780
42.271516, 0.286752, 26.069506
42.275305, 0.284203, 25.837780
42.279185, 0.286752, 26.069506
42.282958, 0.284203, 25.837780
42.286774, 0.286752, 26.069506
42.290462, 0.286752, 26.069506
42.295023, 0.286752, 26.069506
42.298060, 0.286752, 26.069506
42.301311, 0.286752, 26.069506
42.304420, 0.286752, 26.069506
42.307359, 0.284203, 25.837780
42.309387, 0.284203, 25.837780
42.312457, 0.286752, 26.069506
42.315641, 0.286752, 26.069506
42.319030, 0.284203, 25.837780
42.322582, 0.286752, 26.069506
42.326130, 0.286752, 26.069506
42.330790, 0.286752, 26.069506
42.335622, 0.286752, 26.069506
42.339764, 0.286752, 26.069506
42.343440, 0.286752, 26.069506
42.346126, 0.284203, 25.837780
42.348813, 0.286752, 26.069506
42.351506, 0.286752, 26.069506
42.354399, 0.286752, 26.069506
42.357165, 0.286752, 26.069506
42.360660, 0.284203, 25.837780
42.363573, 0.286752, 26.069506
42.365938, 0.286752, 26.069506
42.368173, 0.286752, 26.069506
42.370933, 0.284203, 25.837780
42.373182, 0.284203, 25.837780
42.375494, 0.286752, 26.069506
42.378152, 0.284203, 25.837780
42.380896, 0.284203, 25.837780
42.383472, 0.286752, 26.069506
42.386049, 0.284203, 25.837780
42.388652, 0.284203, 25.837780
42.390979, 0.286752, 26.069506
42.393570, 0.284203, 25.837780
42.396130, 0.284203, 25.837780
42.398551, 0.286752, 26.069506
42.402322, 0.284203, 25.837780
42.405204, 0.284203, 25.837780
42.407672, 0.284203, 25.837780
42.410645, 0.286752, 26.069506
42.413870, 0.286752, 26.069506
42.416203, 0.286752, 26.069506
42.418715, 0.284203, 25.837780
42.421465, 0.284203, 25.837780
42.423589, 0.286752, 26.069506
42.425998, 0.286752, 26.069506
42.428729, 0.286752, 26.069506
42.431212, 0.286752, 26.069506
42.433467, 0.284203, 25.837780
42.435883, 0.284203, 25.837780
42.438544, 0.286752, 26.069506
42.441494, 0.284203, 25.837780
42.444480, 0.286752, 26.069506
42.446618, 0.284203, 25.837780
42.449208, 0.286752, 26.069506
42.451979, 0.286752, 26.069506
42.454153, 0.284203, 25.837780
42.456463, 0.286752, 26.069506
42.458995, 0.286752, 26.069506
42.462468, 0.286752, 26.069506
42.464993, 0.286752, 26.069506
42.467520, 0.284203, 25.837780
42.471048, 0.286752, 26.069506
42.473981, 0.286752, 26.069506
42.476878, 0.286752, 26.069506
42.479799, 0.284203, 25.837780
42.483066, 0.286752, 26.069506
42.487000, 0.286752, 26.069506
42.490956, 0.284203, 25.837780
42.496316, 0.284203, 25.837780
42.498475, 0.286752, 26.069506
42.501475, 0.284203, 25.837780
42.504690, 0.284203, 25.837780
42.507170, 0.284203, 25.837780
42.509414, 0.286752, 26.069506
42.512985, 0.286752, 26.069506
42.515919, 0.284203, 25.837780
42.518872, 0.286752, 26.069506
42.522166, 0.284203, 25.837780
42.525280, 0.284203, 25.837780
42.528686, 0.286752, 26.069506
42.532444, 0.284203, 25.837780
42.534512, 0.286752, 26.069506
42.536894, 0.286752, 26.069506
42.539653, 0.286752, 26.069506
42.542997, 0.286752, 26.069506
42.546222, 0.286752, 26.069506
42.548699, 0.286752, 26.069506
42.551043, 0.284203, 25.837780
42.554103, 0.284203, 25.837780
42.557045, 0.284203, 25.837780
42.559981, 0.284203, 25.837780
42.562872, 0.284203, 25.837780
42.566432, 0.286752, 26.069506
42.568689, 0.284203, 25.837780
42.571394, 0.284203, 25.837780
42.573848, 0.286752, 26.069506
42.576049, 0.286752, 26.069506
42.578905, 0.284203, 25.837780
42.582143, 0.286752, 26.069506
42.585741, 0.286752, 26.069506
42.589300, 0.286752, 26.069506
42.592634, 0.286752, 26.069506
42.596843, 0.284203, 25.837780
42.600251, 0.286752, 26.069506
42.603550, 0.284203, 25.837780
42.606923, 0.284203, 25.837780
42.610112, 0.286752, 26.069506
42.612845, 0.284203, 25.837780
42.615371, 0.286752, 26.069506
42.617901, 0.284203, 25.837780
42.620596, 0.284203, 25.837780
42.623588, 0.286752, 26.069506
42.626499, 0.284203, 25.837780
42.628960, 0.284203, 25.837780
42.632060, 0.286752, 26.069506
42.635305, 0.286752, 26.069506
42.637668, 0.286752, 26.069506
42.639851, 0.286752, 26.069506
42.642219, 0.286752, 26.069506
42.644974, 0.284203, 25.837780
42.648747, 0.286752, 26.069506
42.653498, 0.284203, 25.837780
42.658042, 0.286752, 26.069506
42.662794, 0.286752, 26.069506
42.667344, 0.286752, 26.069506
42.670250, 0.284203, 25.837780
42.673143, 0.286752, 26.069506
42.676096, 0.286752, 26.069506
42.679924, 0.286752, 26.069506
42.683533, 0.286752, 26.069506
42.687051, 0.286752, 26.069506
42.690524, 0.286752, 26.069506
42.694728, 0.284203, 25.837780
42.699164, 0.286752, 26.069506
42.702856, 0.286752, 26.069506
42.706306, 0.286752, 26.069506
42.709303, 0.286752, 26.069506
42.713169, 0.286752, 26.069506
42.716778, 0.286752, 26.069506
42.720079, 0.286752, 26.069506
42.725059, 0.286752, 26.069506
42.730727, 0.286752, 26.069506
42.735503, 0.286752, 26.069506
42.740018, 0.284203, 25.837780
42.746152, 0.286752, 26.069506
42.751286, 0.286752, 26.069506
42.756692, 0.286752, 26.069506
42.761792, 0.284203, 25.837780
42.766040, 0.286752, 26.069506
42.769888, 0.284203, 25.837780
42.773393, 0.286752, 26.069506
42.776752, 0.286752, 26.069506
42.779548, 0.284203, 25.837780
42.782607, 0.286752, 26.069506
42.786467, 0.284203, 25.837780
42.790027, 0.284203, 25.837780
42.793531, 0.284203, 25.837780
42.797137, 0.284203, 25.837780
42.800649, 0.286752, 26.069506
42.804146, 0.286752, 26.069506
42.807524, 0.286752, 26.069506
42.811013, 0.286752, 26.069506
42.813911, 0.286752, 26.069506
42.816935, 0.286752, 26.069506
42.820090, 0.284203, 25.837780
42.823474, 0.286752, 26.069506
42.827289, 0.286752, 26.069506
42.832077, 0.286752, 26.069506
42.836949, 0.284203, 25.837780
42.840696, 0.286752, 26.069506
42.844292, 0.284203, 25.837780
42.847742, 0.284203, 25.837780
42.851035, 0.286752, 26.069506
42.854281, 0.284203, 25.837780
42.857539, 0.286752, 26.069506
42.860664, 0.286752, 26.069506
42.864282, 0.286752, 26.069506
42.866554, 0.286752, 26.069506
42.869806, 0.284203, 25.837780
42.873236, 0.284203, 25.837780
42.877000, 0.286752, 26.069506
42.881360, 0.286752, 26.069506
42.885766, 0.284203, 25.837780
42.890487, 0.286752, 26.069506
42.894684, 0.286752, 26.069506
42.898960, 0.286752, 26.069506
42.903155, 0.284203, 25.837780
42.907701, 0.286752, 26.069506
42.913490, 0.286752, 26.069506
42.918701, 0.284203, 25.837780
42.922912, 0.286752, 26.069506
42.926713, 0.284203, 25.837780
42.930296, 0.286752, 26.069506
42.934227, 0.286752, 26.069506
42.938111, 0.286752, 26.069506
42.942102, 0.286752, 26.069506
42.945597, 0.286752, 26.069506
42.950035, 0.286752, 26.069506
42.953102, 0.286752, 26.069506
42.955821, 0.284203, 25.837780
42.958698, 0.286752, 26.069506
42.961851, 0.286752, 26.069506
42.964954, 0.284203, 25.837780
42.968196, 0.286752, 26.069506
42.971537, 0.284203, 25.837780
42.974785, 0.286752, 26.069506
42.978270, 0.286752, 26.069506
42.980442, 0.286752, 26.069506
42.982925, 0.284203, 25.837780
42.985801, 0.286752, 26.069506
42.988758, 0.284203, 25.837780
42.991704, 0.286752, 26.069506
42.994721, 0.286752, 26.069506
42.998452, 0.284203, 25.837780
43.001939, 0.286752, 26.069506
43.005319, 0.286752, 26.069506
43.009998, 0.286752, 26.069506
43.015456, 0.286752, 26.069506
43.018837, 0.286752, 26.069506
43.021345, 0.284203, 25.837780
43.030627, 0.286752, 26.069506
43.033228, 0.284203, 25.837780
43.041335, 0.286752, 26.069506
43.046580, 0.284203, 25.837780
43.049567, 0.286752, 26.069506
43.052262, 0.286752, 26.069506
43.055061, 0.286752, 26.069506
43.060233, 0.286752, 26.069506
43.066770, 0.286752, 26.069506
43.072290, 0.284203, 25.837780
43.076921, 0.286752, 26.069506
43.081035, 0.286752, 26.069506
43.088494, 0.284203, 25.837780
43.093852, 0.286752, 26.069506
43.100405, 0.286752, 26.069506
43.107347, 0.286752, 26.069506
43.113847, 0.286752, 26.069506
43.120046, 0.286752, 26.069506
43.125656, 0.286752, 26.069506
43.131995, 0.286752, 26.069506
43.136978, 0.286752, 26.069506
43.142959, 0.286752, 26.069506
43.149751, 0.286752, 26.069506
43.154531, 0.286752, 26.069506
43.159393, 0.286752, 26.069506
43.164476, 0.286752, 26.069506
43.170248, 0.286752, 26.069506
43.176693, 0.286752, 26.069506
43.184880, 0.286752, 26.069506
43.194659, 0.286752, 26.069506
43.205879, 0.286752, 26.069506
43.213087, 0.286752, 26.069506
43.219172, 0.286752, 26.069506
43.224529, 0.286752, 26.069506
43.229290, 0.286752, 26.069506
43.233452, 0.286752, 26.069506
43.237456, 0.286752, 26.069506
43.241773, 0.286752, 26.069506
43.245821, 0.286752, 26.069506
43.249656, 0.286752, 26.069506
43.253274, 0.286752, 26.069506
43.257102, 0.286752, 26.069506
43.260890, 0.286752, 26.069506
43.264865, 0.286752, 26.069506
43.268768, 0.286752, 26.069506
43.272838, 0.286752, 26.069506
43.276815, 0.286752, 26.069506
43.281159, 0.286752, 26.069506
43.286716, 0.286752, 26.069506
43.291440, 0.286752, 26.069506
43.295454, 0.286752, 26.069506
43.299411, 0.286752, 26.069506
43.303039, 0.286752, 26.069506
43.308252, 0.286752, 26.069506
43.313449, 0.286752, 26.069506
43.318071, 0.286752, 26.069506
43.321946, 0.286752, 26.069506
43.325552, 0.286752, 26.069506
43.329639, 0.286752, 26.069506
43.334656, 0.286752, 26.069506
43.336931, 0.286752, 26.069506
43.339698, 0.286752, 26.069506
43.342911, 0.286752, 26.069506
43.346269, 0.286752, 26.069506
43.349498, 0.286752, 26.069506
43.352639, 0.286752, 26.069506
43.355738, 0.286752, 26.069506
43.358793, 0.286752, 26.069506
43.361861, 0.286752, 26.069506
43.364857, 0.286752, 26.069506
43.368319, 0.286752, 26.069506
43.371505, 0.284203, 25.837780
43.374620, 0.286752, 26.069506
43.378365, 0.286752, 26.069506
43.380794, 0.286752, 26.069506
43.383746, 0.286752, 26.069506
43.387219, 0.286752, 26.069506
43.390738, 0.286752, 26.069506
43.394306, 0.286752, 26.069506
43.398008, 0.286752, 26.069506
43.401812, 0.286752, 26.069506
43.405407, 0.286752, 26.069506
43.408992, 0.286752, 26.069506
43.413137, 0.286752, 26.069506
43.415307, 0.286752, 26.069506
43.417969, 0.289301, 26.301233
43.420352, 0.286752, 26.069506
43.423238, 0.286752, 26.069506
43.426566, 0.286752, 26.069506
43.430292, 0.286752, 26.069506
43.433743, 0.286752, 26.069506
43.437021, 0.286752, 26.069506
43.440622, 0.284203, 25.837780
43.444167, 0.286752, 26.069506
43.446266, 0.286752, 26.069506
43.448655, 0.286752, 26.069506
43.451173, 0.286752, 26.069506
43.454028, 0.286752, 26.069506
43.456989, 0.286752, 26.069506
43.460418, 0.286752, 26.069506
43.463670, 0.286752, 26.069506
43.467010, 0.286752, 26.069506
43.470952, 0.286752, 26.069506
43.473622, 0.286752, 26.069506
43.476327, 0.286752, 26.069506
43.479777, 0.286752, 26.069506
43.482169, 0.286752, 26.069506
43.484919, 0.286752, 26.069506
43.487541, 0.286752, 26.069506
43.490411, 0.286752, 26.069506
43.493345, 0.286752, 26.069506
43.496167, 0.286752, 26.069506
43.498505, 0.286752, 26.069506
43.502164, 0.286752, 26.069506
43.504950, 0.286752, 26.069506
43.507761, 0.286752, 26.069506
43.510668, 0.286752, 26.069506
43.516147, 0.286752, 26.069506
43.526916, 0.286752, 26.069506
43.533646, 0.286752, 26.069506
43.538911, 0.286752, 26.069506
43.542885, 0.286752, 26.069506
43.546269, 0.286752, 26.069506
43.548751, 0.284203, 25.837780
43.551637, 0.286752, 26.069506
43.554641, 0.286752, 26.069506
43.557613, 0.286752, 26.069506
43.561020, 0.284203, 25.837780
43.564690, 0.286752, 26.069506
43.567349, 0.286752, 26.069506
43.570700, 0.286752, 26.069506
43.574150, 0.284203, 25.837780
43.577755, 0.286752, 26.069506
43.581256, 0.286752, 26.069506
43.584743, 0.284203, 25.837780
43.588729, 0.284203, 25.837780
43.592110, 0.286752, 26.069506
43.595102, 0.284203, 25.837780
43.598370, 0.286752, 26.069506
43.601562, 0.286752, 26.069506
43.604780, 0.286752, 26.069506
43.608197, 0.286752, 26.069506
43.611451, 0.286752, 26.069506
43.614831, 0.286752, 26.069506
43.618497, 0.286752, 26.069506
43.621803, 0.286752, 26.069506
43.624968, 0.286752, 26.069506
43.628227, 0.286752, 26.069506
43.632162, 0.286752, 26.069506
43.635447, 0.286752, 26.069506
43.638525, 0.286752, 26.069506
43.641554, 0.286752, 26.069506
43.645254, 0.284203, 25.837780
43.648142, 0.286752, 26.069506
43.650925, 0.286752, 26.069506
43.653748, 0.286752, 26.069506
43.656893, 0.286752, 26.069506
43.660420, 0.286752, 26.069506
43.663707, 0.286752, 26.069506
43.667177, 0.286752, 26.069506
43.670409, 0.284203, 25.837780
43.673872, 0.286752, 26.069506
43.677840, 0.286752, 26.069506
43.681425, 0.286752, 26.069506
43.684846, 0.286752, 26.069506
43.688369, 0.286752, 26.069506
43.691630, 0.286752, 26.069506
43.695259, 0.284203, 25.837780
43.697230, 0.286752, 26.069506
43.700518, 0.286752, 26.069506
43.702849, 0.286752, 26.069506
43.705609, 0.286752, 26.069506
43.708770, 0.286752, 26.069506
43.711455, 0.284203, 25.837780
43.716629, 0.286752, 26.069506
43.719691, 0.286752, 26.069506
43.721758, 0.286752, 26.069506
43.724295, 0.286752, 26.069506
43.727250, 0.286752, 26.069506
43.730162, 0.286752, 26.069506
43.733038, 0.286752, 26.069506
43.736181, 0.286752, 26.069506
43.739362, 0.286752, 26.069506
43.742577, 0.286752, 26.069506
43.746654, 0.286752, 26.069506
43.751883, 0.286752, 26.069506
43.756660, 0.286752, 26.069506
43.760656, 0.286752, 26.069506
43.764571, 0.286752, 26.069506
43.768571, 0.286752, 26.069506
43.772496, 0.286752, 26.069506
43.776864, 0.286752, 26.069506
43.780225, 0.286752, 26.069506
43.783565, 0.286752, 26.069506
43.786691, 0.286752, 26.069506
43.790194, 0.286752, 26.069506
43.793988, 0.286752, 26.069506
43.797062, 0.286752, 26.069506
43.800200, 0.286752, 26.069506
43.803166, 0.286752, 26.069506
43.805998, 0.286752, 26.069506
43.808782, 0.284203, 25.837780
43.811226, 0.286752, 26.069506
43.815291, 0.286752, 26.069506
43.819413, 0.286752, 26.069506
43.823204, 0.286752, 26.069506
43.826852, 0.286752, 26.069506
43.830834, 0.286752, 26.069506
43.834505, 0.284203, 25.837780
43.837940, 0.284203, 25.837780
43.841342, 0.286752, 26.069506
43.845211, 0.286752, 26.069506
43.848602, 0.286752, 26.069506
43.852436, 0.286752, 26.069506
43.855600, 0.286752, 26.069506
43.858562, 0.284203, 25.837780
43.861778, 0.286752, 26.069506
43.864959, 0.286752, 26.069506
43.868255, 0.286752, 26.069506
43.871621, 0.286752, 26.069506
43.874918, 0.286752, 26.069506
43.878562, 0.286752, 26.069506
43.881991, 0.286752, 26.069506
43.885147, 0.286752, 26.069506
43.888323, 0.286752, 26.069506
43.891640, 0.286752, 26.069506
43.895304, 0.286752, 26.069506
43.897611, 0.286752, 26.069506
43.899923, 0.286752, 26.069506
43.902556, 0.286752, 26.069506
43.905445, 0.286752, 26.069506
43.908527, 0.286752, 26.069506
43.912289, 0.286752, 26.069506
43.915302, 0.286752, 26.069506
43.918184, 0.286752, 26.069506
43.922120, 0.286752, 26.069506
43.925838, 0.284203, 25.837780
43.928819, 0.286752, 26.069506
43.931374, 0.286752, 26.069506
43.935761, 0.284203, 25.837780
43.939658, 0.286752, 26.069506
43.943838, 0.286752, 26.069506
43.948136, 0.286752, 26.069506
43.950973, 0.284203, 25.837780
43.953464, 0.286752, 26.069506
43.955662, 0.286752, 26.069506
43.958056, 0.284203, 25.837780
43.961031, 0.286752, 26.069506
43.964925, 0.286752, 26.069506
43.967230, 0.286752, 26.069506
43.969530, 0.286752, 26.069506
43.972126, 0.284203, 25.837780
43.975240, 0.286752, 26.069506
43.978708, 0.286752, 26.069506
43.982387, 0.286752, 26.069506
43.986530, 0.286752, 26.069506
43.989174, 0.284203, 25.837780
43.991767, 0.286752, 26.069506
43.994909, 0.284203, 25.837780
43.998145, 0.286752, 26.069506
44.001295, 0.286752, 26.069506
44.004480, 0.286752, 26.069506
44.007677, 0.286752, 26.069506
44.011388, 0.286752, 26.069506
44.013602, 0.286752, 26.069506
44.015921, 0.286752, 26.069506
44.018539, 0.286752, 26.069506
44.021351, 0.286752, 26.069506
44.024320, 0.286752, 26.069506
44.027455, 0.286752, 26.069506
44.030665, 0.286752, 26.069506
44.034393, 0.286752, 26.069506
44.037592, 0.286752, 26.069506
44.039827, 0.286752, 26.069506
44.042095, 0.286752, 26.069506
44.045386, 0.286752, 26.069506
44.048514, 0.286752, 26.069506
44.052093, 0.286752, 26.069506
44.056095, 0.286752, 26.069506
44.060096, 0.284203, 25.837780
44.063088, 0.286752, 26.069506
44.066004, 0.284203, 25.837780
44.069006, 0.286752, 26.069506
44.072054, 0.286752, 26.069506
44.075508, 0.286752, 26.069506
44.078258, 0.286752, 26.069506
44.081553, 0.286752, 26.069506
44.085308, 0.286752, 26.069506
44.088949, 0.286752, 26.069506
44.091335, 0.286752, 26.069506
44.094232, 0.289301, 26.301233
44.096771, 0.286752, 26.069506
44.099245, 0.286752, 26.069506
44.101727, 0.286752, 26.069506
44.104905, 0.286752, 26.069506
44.109856, 0.286752, 26.069506
44.116570, 0.286752, 26.069506
44.122442, 0.286752, 26.069506
44.124791, 0.286752, 26.069506
44.128758, 0.286752, 26.069506
44.133989, 0.286752, 26.069506
44.138188, 0.286752, 26.069506
44.141918, 0.286752, 26.069506
44.145568, 0.286752, 26.069506
44.148975, 0.286752, 26.069506
44.152284, 0.286752, 26.069506
44.155547, 0.286752, 26.069506
44.158707, 0.286752, 26.069506
44.162002, 0.286752, 26.069506
44.165152, 0.286752, 26.069506
44.168316, 0.286752, 26.069506
44.171488, 0.286752, 26.069506
44.174469, 0.286752, 26.069506
44.177949, 0.286752, 26.069506
44.180211, 0.286752, 26.069506
44.182598, 0.286752, 26.069506
44.186092, 0.286752, 26.069506
44.189257, 0.286752, 26.069506
44.194503, 0.284203, 25.837780
44.199499, 0.286752, 26.069506
44.203469, 0.286752, 26.069506
44.207531, 0.286752, 26.069506
44.211219, 0.286752, 26.069506
44.213746, 0.286752, 26.069506
44.216833, 0.286752, 26.069506
44.219779, 0.286752, 26.069506
44.222702, 0.286752, 26.069506
44.225560, 0.286752, 26.069506
44.228724, 0.286752, 26.069506
44.231577, 0.286752, 26.069506
44.234520, 0.286752, 26.069506
44.237597, 0.286752, 26.069506
44.240516, 0.286752, 26.069506
44.243480, 0.286752, 26.069506
44.246963, 0.286752, 26.069506
44.249651, 0.286752, 26.069506
44.251854, 0.286752, 26.069506
44.255361, 0.286752, 26.069506
44.259386, 0.286752, 26.069506
44.265031, 0.286752, 26.069506
44.270477, 0.286752, 26.069506
44.275848, 0.286752, 26.069506
44.280291, 0.284203, 25.837780
44.284059, 0.286752, 26.069506
44.287815, 0.286752, 26.069506
44.291431, 0.286752, 26.069506
44.295106, 0.286752, 26.069506
44.298672, 0.286752, 26.069506
44.302806, 0.286752, 26.069506
44.306166, 0.286752, 26.069506
44.309634, 0.284203, 25.837780
44.313142, 0.286752, 26.069506
44.316371, 0.286752, 26.069506
44.319533, 0.284203, 25.837780
44.322677, 0.284203, 25.837780
44.326115, 0.286752, 26.069506
44.329697, 0.286752, 26.069506
44.333072, 0.286752, 26.069506
44.336628, 0.286752, 26.069506
44.340101, 0.286752, 26.069506
44.343936, 0.284203, 25.837780
44.347627, 0.286752, 26.069506
44.351256, 0.286752, 26.069506
44.354703, 0.286752, 26.069506
44.358111, 0.286752, 26.069506
44.361581, 0.286752, 26.069506
44.365127, 0.286752, 26.069506
44.369025, 0.286752, 26.069506
44.372377, 0.286752, 26.069506
44.375556, 0.286752, 26.069506
44.378926, 0.286752, 26.069506
44.382030, 0.286752, 26.069506
44.385075, 0.286752, 26.069506
44.388058, 0.286752, 26.069506
44.391378, 0.286752, 26.069506
44.395007, 0.286752, 26.069506
44.397492, 0.286752, 26.069506
44.399738, 0.284203, 25.837780
44.402428, 0.286752, 26.069506
44.405097, 0.286752, 26.069506
44.408044, 0.286752, 26.069506
44.410824, 0.286752, 26.069506
44.413560, 0.286752, 26.069506
44.416424, 0.286752, 26.069506
44.419399, 0.286752, 26.069506
44.422272, 0.286752, 26.069506
44.425289, 0.286752, 26.069506
44.428349, 0.286752, 26.069506
44.430531, 0.286752, 26.069506
44.433204, 0.286752, 26.069506
44.435941, 0.284203, 25.837780
44.438828, 0.286752, 26.069506
44.441718, 0.286752, 26.069506
44.444686, 0.286752, 26.069506
44.447787, 0.286752, 26.069506
44.450986, 0.284203, 25.837780
44.454029, 0.286752, 26.069506
44.457215, 0.286752, 26.069506
44.460414, 0.286752, 26.069506
44.463637, 0.286752, 26.069506
44.466725, 0.286752, 26.069506
44.469760, 0.286752, 26.069506
44.472809, 0.286752, 26.069506
44.475826, 0.286752, 26.069506
44.478968, 0.286752, 26.069506
44.482124, 0.286752, 26.069506
44.485223, 0.286752, 26.069506
44.488690, 0.286752, 26.069506
44.491843, 0.286752, 26.069506
44.495052, 0.286752, 26.069506
44.498272, 0.286752, 26.069506
44.501499, 0.286752, 26.069506
44.504511, 0.286752, 26.069506
44.507489, 0.286752, 26.069506
44.511208, 0.286752, 26.069506
44.513189, 0.286752, 26.069506
44.515690, 0.286752, 26.069506
44.518291, 0.284203, 25.837780
44.520662, 0.286752, 26.069506
44.524061, 0.286752, 26.069506
44.527695, 0.286752, 26.069506
44.531360, 0.286752, 26.069506
44.533279, 0.286752, 26.069506
44.535645, 0.286752, 26.069506
44.538651, 0.286752, 26.069506
44.541621, 0.286752, 26.069506
44.544309, 0.286752, 26.069506
44.547016, 0.286752, 26.069506
44.550072, 0.286752, 26.069506
44.553264, 0.286752, 26.069506
44.556459, 0.286752, 26.069506
44.559625, 0.284203, 25.837780
44.561831, 0.286752, 26.069506
44.564290, 0.286752, 26.069506
44.566878, 0.286752, 26.069506
44.569756, 0.286752, 26.069506
44.572221, 0.286752, 26.069506
44.575267, 0.286752, 26.069506
44.578383, 0.286752, 26.069506
44.580863, 0.286752, 26.069506
44.583076, 0.286752, 26.069506
44.585571, 0.286752, 26.069506
44.588230, 0.286752, 26.069506
44.591421, 0.286752, 26.069506
44.594111, 0.286752, 26.069506
44.596881, 0.286752, 26.069506
44.600494, 0.286752, 26.069506
44.604237, 0.286752, 26.069506
44.608442, 0.286752, 26.069506
44.612028, 0.286752, 26.069506
44.614297, 0.286752, 26.069506
44.616524, 0.286752, 26.069506
44.619233, 0.286752, 26.069506
44.622035, 0.286752, 26.069506
44.624871, 0.286752, 26.069506
44.627536, 0.286752, 26.069506
44.630126, 0.286752, 26.069506
44.633425, 0.286752, 26.069506
44.636826, 0.286752, 26.069506
44.640418, 0.284203, 25.837780
44.643895, 0.286752, 26.069506
44.646131, 0.286752, 26.069506
44.648758, 0.286752, 26.069506
44.651603, 0.286752, 26.069506
44.654003, 0.286752, 26.069506
44.656908, 0.284203, 25.837780
44.660054, 0.286752, 26.069506
44.663830, 0.286752, 26.069506
44.667236, 0.286752, 26.069506
44.670467, 0.284203, 25.837780
44.673717, 0.286752, 26.069506
44.676981, 0.286752, 26.069506
44.679096, 0.286752, 26.069506
44.682271, 0.286752, 26.069506
44.684667, 0.286752, 26.069506
44.687318, 0.286752, 26.069506
44.690343, 0.286752, 26.069506
44.694047, 0.286752, 26.069506
44.696133, 0.286752, 26.069506
44.698462, 0.286752, 26.069506
44.701171, 0.286752, 26.069506
44.703700, 0.286752, 26.069506
44.706357, 0.286752, 26.069506
44.710002, 0.286752, 26.069506
44.714775, 0.289301, 26.301233
44.720278, 0.286752, 26.069506
44.727884, 0.286752, 26.069506
44.737180, 0.286752, 26.069506
44.744162, 0.286752, 26.069506
44.749569, 0.286752, 26.069506
44.753931, 0.286752, 26.069506
44.757744, 0.286752, 26.069506
44.761542, 0.286752, 26.069506
44.764907, 0.286752, 26.069506
44.768194, 0.286752, 26.069506
44.771348, 0.286752, 26.069506
44.774480, 0.286752, 26.069506
44.777654, 0.286752, 26.069506
44.780688, 0.286752, 26.069506
44.783900, 0.286752, 26.069506
44.787544, 0.286752, 26.069506
44.792744, 0.286752, 26.069506
44.797727, 0.286752, 26.069506
44.802525, 0.284203, 25.837780
44.807124, 0.286752, 26.069506
44.811443, 0.286752, 26.069506
44.817275, 0.286752, 26.069506
44.823536, 0.286752, 26.069506
44.829467, 0.286752, 26.069506
44.834941, 0.286752, 26.069506
44.838796, 0.286752, 26.069506
44.841223, 0.286752, 26.069506
44.844286, 0.286752, 26.069506
44.847557, 0.286752, 26.069506
44.851740, 0.286752, 26.069506
44.854866, 0.286752, 26.069506
44.857942, 0.286752, 26.069506
44.860967, 0.286752, 26.069506
44.864185, 0.286752, 26.069506
44.867471, 0.286752, 26.069506
44.870830, 0.286752, 26.069506
44.874188, 0.286752, 26.069506
44.877482, 0.286752, 26.069506
44.880792, 0.286752, 26.069506
44.883499, 0.286752, 26.069506
44.886201, 0.286752, 26.069506
44.889705, 0.286752, 26.069506
44.892471, 0.286752, 26.069506
44.895375, 0.286752, 26.069506
44.898452, 0.286752, 26.069506
44.901476, 0.286752, 26.069506
44.904472, 0.286752, 26.069506
44.907322, 0.289301, 26.301233
44.911080, 0.286752, 26.069506
44.913997, 0.286752, 26.069506
44.916749, 0.286752, 26.069506
44.919725, 0.286752, 26.069506
44.922503, 0.286752, 26.069506
44.925335, 0.286752, 26.069506
44.928805, 0.286752, 26.069506
44.930976, 0.286752, 26.069506
44.933354, 0.286752, 26.069506
44.936461, 0.284203, 25.837780
44.940046, 0.286752, 26.069506
44.942525, 0.286752, 26.069506
44.945665, 0.286752, 26.069506
44.949621, 0.286752, 26.069506
44.953393, 0.286752, 26.069506
44.956941, 0.286752, 26.069506
44.959773, 0.286752, 26.069506
44.962104, 0.286752, 26.069506
44.964484, 0.286752, 26.069506
44.967202, 0.286752, 26.069506
44.970505, 0.286752, 26.069506
44.975355, 0.286752, 26.069506
44.979338, 0.286752, 26.069506
44.983824, 0.286752, 26.069506
44.985810, 0.286752, 26.069506
44.988652, 0.286752, 26.069506
44.991610, 0.286752, 26.069506
44.995264, 0.286752, 26.069506
44.998011, 0.286752, 26.069506
45.000300, 0.284203, 25.837780
45.002796, 0.286752, 26.069506
45.005469, 0.286752, 26.069506
45.008241, 0.286752, 26.069506
45.011339, 0.286752, 26.069506
45.014632, 0.286752, 26.069506
45.017951, 0.286752, 26.069506
45.021410, 0.286752, 26.069506
45.024517, 0.286752, 26.069506
45.028000, 0.286752, 26.069506
45.030346, 0.286752, 26.069506
45.036225, 0.289301, 26.301233
45.044814, 0.286752, 26.069506
45.051090, 0.286752, 26.069506
45.056917, 0.286752, 26.069506
45.062300, 0.286752, 26.069506
45.067636, 0.286752, 26.069506
45.072657, 0.286752, 26.069506
45.077097, 0.289301, 26.301233
45.081821, 0.286752, 26.069506
45.085793, 0.286752, 26.069506
45.089487, 0.286752, 26.069506
45.093081, 0.286752, 26.069506
45.096592, 0.286752, 26.069506
45.100012, 0.286752, 26.069506
45.103513, 0.286752, 26.069506
45.106900, 0.286752, 26.069506
45.110308, 0.286752, 26.069506
45.114715, 0.286752, 26.069506
45.119673, 0.286752, 26.069506
45.123966, 0.286752, 26.069506
45.127837, 0.286752, 26.069506
45.131433, 0.286752, 26.069506
45.134946, 0.284203, 25.837780
45.138241, 0.286752, 26.069506
45.141435, 0.286752, 26.069506
45.145304, 0.286752, 26.069506
45.148567, 0.286752, 26.069506
45.151728, 0.289301, 26.301233
45.155097, 0.286752, 26.069506
45.158679, 0.286752, 26.069506
45.162275, 0.289301, 26.301233
45.165991, 0.286752, 26.069506
45.169619, 0.286752, 26.069506
45.173298, 0.286752, 26.069506
45.177209, 0.286752, 26.069506
45.181180, 0.286752, 26.069506
45.185130, 0.286752, 26.069506
45.188938, 0.286752, 26.069506
45.192619, 0.284203, 25.837780
45.196439, 0.286752, 26.069506
45.200006, 0.286752, 26.069506
45.203592, 0.286752, 26.069506
45.207067, 0.286752, 26.069506
45.210489, 0.289301, 26.301233
45.214045, 0.286752, 26.069506
45.217583, 0.286752, 26.069506
45.220999, 0.286752, 26.069506
45.224359, 0.286752, 26.069506
45.227913, 0.286752, 26.069506
45.231597, 0.286752, 26.069506
45.235184, 0.286752, 26.069506
45.238850, 0.286752, 26.069506
45.242174, 0.286752, 26.069506
45.245391, 0.286752, 26.069506
45.248948, 0.286752, 26.069506
45.253845, 0.286752, 26.069506
45.256563, 0.289301, 26.301233
45.258930, 0.286752, 26.069506
45.262149, 0.286752, 26.069506
45.265853, 0.289301, 26.301233
45.269308, 0.286752, 26.069506
45.272712, 0.289301, 26.301233
45.276160, 0.289301, 26.301233
45.280695, 0.286752, 26.069506
45.285720, 0.286752, 26.069506
45.290539, 0.286752, 26.069506
45.294714, 0.286752, 26.069506
45.298585, 0.286752, 26.069506
45.302222, 0.286752, 26.069506
45.305887, 0.286752, 26.069506
45.309349, 0.286752, 26.069506
45.313075, 0.286752, 26.069506
45.317214, 0.286752, 26.069506
45.321188, 0.286752, 26.069506
45.325237, 0.286752, 26.069506
45.330415, 0.286752, 26.069506
45.336162, 0.286752, 26.069506
45.341583, 0.289301, 26.301233
45.346959, 0.289301, 26.301233
45.352308, 0.289301, 26.301233
45.357220, 0.286752, 26.069506
45.361817, 0.286752, 26.069506
45.365660, 0.286752, 26.069506
45.369287, 0.286752, 26.069506
45.372747, 0.286752, 26.069506
45.376102, 0.286752, 26.069506
45.379463, 0.289301, 26.301233
45.382714, 0.286752, 26.069506
45.385914, 0.286752, 26.069506
45.389076, 0.286752, 26.069506
45.392233, 0.286752, 26.069506
45.396740, 0.286752, 26.069506
45.399870, 0.286752, 26.069506
45.403000, 0.286752, 26.069506
45.406215, 0.286752, 26.069506
45.409445, 0.286752, 26.069506
45.412796, 0.286752, 26.069506
45.415266, 0.286752, 26.069506
45.418375, 0.286752, 26.069506
45.421562, 0.289301, 26.301233
45.424789, 0.286752, 26.069506
45.428181, 0.286752, 26.069506
45.430884, 0.286752, 26.069506
45.433365, 0.286752, 26.069506
45.436086, 0.289301, 26.301233
45.439181, 0.289301, 26.301233
45.442171, 0.286752, 26.069506
45.445654, 0.286752, 26.069506
45.450369, 0.286752, 26.069506
45.454436, 0.286752, 26.069506
45.458250, 0.289301, 26.301233
45.461905, 0.289301, 26.301233
45.465725, 0.286752, 26.069506
45.469242, 0.286752, 26.069506
45.472690, 0.289301, 26.301233
45.476063, 0.286752, 26.069506
45.479650, 0.286752, 26.069506
45.482894, 0.286752, 26.069506
45.486289, 0.286752, 26.069506
45.489584, 0.286752, 26.069506
45.492677, 0.286752, 26.069506
45.495995, 0.286752, 26.069506
45.499228, 0.286752, 26.069506
45.502331, 0.286752, 26.069506
45.505495, 0.286752, 26.069506
45.508743, 0.286752, 26.069506
45.512005, 0.286752, 26.069506
45.515466, 0.286752, 26.069506
45.518745, 0.286752, 26.069506
45.521955, 0.286752, 26.069506
45.525128, 0.286752, 26.069506
45.528363, 0.286752, 26.069506
45.531759, 0.286752, 26.069506
45.535082, 0.289301, 26.301233
45.538599, 0.286752, 26.069506
45.541999, 0.286752, 26.069506
45.545350, 0.286752, 26.069506
45.549046, 0.286752, 26.069506
45.551587, 0.286752, 26.069506
45.554167, 0.289301, 26.301233
45.557010, 0.289301, 26.301233
45.560013, 0.289301, 26.301233
45.563222, 0.286752, 26.069506
45.566900, 0.286752, 26.069506
45.573248, 0.286752, 26.069506
45.585146, 0.286752, 26.069506
45.592987, 0.286752, 26.069506
45.597569, 0.286752, 26.069506
45.603270, 0.286752, 26.069506
45.608272, 0.286752, 26.069506
45.612344, 0.286752, 26.069506
45.616005, 0.286752, 26.069506
45.620019, 0.289301, 26.301233
45.624020, 0.286752, 26.069506
45.627884, 0.286752, 26.069506
45.631893, 0.286752, 26.069506
45.635817, 0.286752, 26.069506
45.639805, 0.286752, 26.069506
45.643659, 0.286752, 26.069506
45.647950, 0.286752, 26.069506
45.652805, 0.289301, 26.301233
45.656786, 0.286752, 26.069506
45.660413, 0.289301, 26.301233
45.664547, 0.286752, 26.069506
45.670257, 0.286752, 26.069506
45.674631, 0.286752, 26.069506
45.680261, 0.286752, 26.069506
45.685081, 0.289301, 26.301233
45.689261, 0.286752, 26.069506
45.693059, 0.289301, 26.301233
45.697103, 0.289301, 26.301233
45.701331, 0.289301, 26.301233
45.705383, 0.286752, 26.069506
45.709378, 0.286752, 26.069506
45.713473, 0.289301, 26.301233
45.717993, 0.286752, 26.069506
45.722159, 0.286752, 26.069506
45.726144, 0.289301, 26.301233
45.732064, 0.286752, 26.069506
45.737776, 0.286752, 26.069506
45.743606, 0.289301, 26.301233
45.749425, 0.286752, 26.069506
45.754947, 0.289301, 26.301233
45.758616, 0.286752, 26.069506
45.764978, 0.289301, 26.301233
45.772697, 0.286752, 26.069506
45.780171, 0.286752, 26.069506
45.787009, 0.286752, 26.069506
45.792456, 0.289301, 26.301233
45.799934, 0.289301, 26.301233
45.807307, 0.289301, 26.301233
45.813694, 0.289301, 26.301233
45.835837, 0.286752, 26.069506
45.842872, 0.289301, 26.301233
45.846966, 0.289301, 26.301233
45.849805, 0.289301, 26.301233
45.852545, 0.286752, 26.069506
45.856097, 0.289301, 26.301233
45.868944, 0.289301, 26.301233
45.874537, 0.289301, 26.301233
45.878176, 0.286752, 26.069506
45.881823, 0.289301, 26.301233
45.885392, 0.286752, 26.069506
45.889947, 0.289301, 26.301233
45.894969, 0.289301, 26.301233
45.900157, 0.286752, 26.069506
45.904059, 0.286752, 26.069506
45.907739, 0.289301, 26.301233
45.912367, 0.289301, 26.301233
45.917849, 0.289301, 26.301233
45.922637, 0.286752, 26.069506
45.925767, 0.286752, 26.069506
45.929245, 0.289301, 26.301233
45.932532, 0.286752, 26.069506
45.935962, 0.289301, 26.301233
45.939344, 0.289301, 26.301233
45.943260, 0.289301, 26.301233
45.948183, 0.289301, 26.301233
45.952795, 0.286752, 26.069506
45.957578, 0.289301, 26.301233
45.962192, 0.289301, 26.301233
45.968024, 0.289301, 26.301233
45.973594, 0.289301, 26.301233
45.979040, 0.289301, 26.301233
45.984375, 0.289301, 26.301233
45.989564, 0.289301, 26.301233
45.995308, 0.286752, 26.069506
46.000604, 0.289301, 26.301233
46.005482, 0.289301, 26.301233
46.011195, 0.286752, 26.069506
46.015958, 0.286752, 26.069506
46.019572, 0.289301, 26.301233
46.025613, 0.289301, 26.301233
46.032469, 0.289301, 26.301233
46.039595, 0.289301, 26.301233
46.045193, 0.286752, 26.069506
46.049798, 0.286752, 26.069506
46.056474, 0.286752, 26.069506
46.064220, 0.289301, 26.301233
46.072609, 0.289301, 26.301233
46.088114, 0.286752, 26.069506
46.101852, 0.289301, 26.301233
46.115477, 0.289301, 26.301233
46.125373, 0.286752, 26.069506
46.136063, 0.289301, 26.301233
46.141787, 0.286752, 26.069506
46.146118, 0.286752, 26.069506
46.157157, 0.289301, 26.301233
46.169529, 0.289301, 26.301233
46.182629, 0.286752, 26.069506
46.190910, 0.289301, 26.301233
46.200448, 0.286752, 26.069506
46.213281, 0.286752, 26.069506
46.218541, 0.286752, 26.069506
46.221496, 0.289301, 26.301233
46.225210, 0.286752, 26.069506
46.232375, 0.289301, 26.301233
46.242312, 0.286752, 26.069506
46.251516, 0.289301, 26.301233
46.259354, 0.289301, 26.301233
46.267421, 0.289301, 26.301233
46.276791, 0.289301, 26.301233
46.279891, 0.289301, 26.301233
46.283440, 0.289301, 26.301233
46.287279, 0.289301, 26.301233
46.291238, 0.289301, 26.301233
46.295280, 0.286752, 26.069506
46.299889, 0.289301, 26.301233
46.304839, 0.289301, 26.301233
46.309463, 0.289301, 26.301233
46.314118, 0.289301, 26.301233
46.319749, 0.286752, 26.069506
46.326840, 0.289301, 26.301233
46.333089, 0.289301, 26.301233
46.338500, 0.286752, 26.069506
46.345097, 0.289301, 26.301233
46.349941, 0.286752, 26.069506
46.353533, 0.289301, 26.301233
46.357188, 0.289301, 26.301233
46.360970, 0.286752, 26.069506
46.365002, 0.289301, 26.301233
46.370666, 0.286752, 26.069506
46.378693, 0.289301, 26.301233
46.382627, 0.289301, 26.301233
46.386276, 0.289301, 26.301233
46.390093, 0.289301, 26.301233
46.394782, 0.289301, 26.301233
46.400927, 0.289301, 26.301233
46.406596, 0.286752, 26.069506
46.413041, 0.289301, 26.301233
46.420752, 0.289301, 26.301233
46.434175, 0.289301, 26.301233
46.444323, 0.289301, 26.301233
46.446997, 0.286752, 26.069506
46.449700, 0.289301, 26.301233
46.452677, 0.286752, 26.069506
46.455860, 0.289301, 26.301233
46.459156, 0.289301, 26.301233
46.462728, 0.289301, 26.301233
46.466739, 0.289301, 26.301233
46.470954, 0.289301, 26.301233
46.475001, 0.289301, 26.301233
46.479508, 0.289301, 26.301233
46.483954, 0.286752, 26.069506
46.486541, 0.289301, 26.301233
46.489671, 0.289301, 26.301233
46.495282, 0.289301, 26.301233
46.506972, 0.289301, 26.301233
46.516552, 0.289301, 26.301233
46.523771, 0.289301, 26.301233
46.528002, 0.289301, 26.301233
46.534470, 0.289301, 26.301233
46.540076, 0.289301, 26.301233
46.545342, 0.289301, 26.301233
46.549787, 0.289301, 26.301233
46.554220, 0.289301, 26.301233
46.558690, 0.289301, 26.301233
46.563736, 0.289301, 26.301233
46.568592, 0.289301, 26.301233
46.573774, 0.289301, 26.301233
46.578792, 0.289301, 26.301233
46.583089, 0.289301, 26.301233
46.587130, 0.289301, 26.301233
46.591292, 0.289301, 26.301233
46.595304, 0.289301, 26.301233
46.599153, 0.289301, 26.301233
46.602763, 0.289301, 26.301233
46.606264, 0.289301, 26.301233
46.609752, 0.289301, 26.301233
46.613565, 0.289301, 26.301233
46.616993, 0.289301, 26.301233
46.620517, 0.289301, 26.301233
46.623871, 0.289301, 26.301233
46.627401, 0.289301, 26.301233
46.630696, 0.289301, 26.301233
46.633471, 0.289301, 26.301233
46.636406, 0.289301, 26.301233
46.639561, 0.289301, 26.301233
46.643092, 0.286752, 26.069506
46.646346, 0.289301, 26.301233
46.649618, 0.289301, 26.301233
46.653096, 0.289301, 26.301233
46.656898, 0.286752, 26.069506
46.660953, 0.289301, 26.301233
46.664765, 0.289301, 26.301233
46.668647, 0.289301, 26.301233
46.672642, 0.289301, 26.301233
46.676320, 0.289301, 26.301233
46.680138, 0.289301, 26.301233
46.685045, 0.289301, 26.301233
46.689372, 0.289301, 26.301233
46.693366, 0.289301, 26.301233
46.697106, 0.289301, 26.301233
46.700832, 0.289301, 26.301233
46.704739, 0.289301, 26.301233
46.708731, 0.289301, 26.301233
46.712836, 0.289301, 26.301233
46.716740, 0.289301, 26.301233
46.720425, 0.289301, 26.301233
46.724061, 0.289301, 26.301233
46.727539, 0.289301, 26.301233
46.731077, 0.289301, 26.301233
46.734871, 0.289301, 26.301233
46.738619, 0.289301, 26.301233
46.742356, 0.289301, 26.301233
46.746102, 0.289301, 26.301233
46.749687, 0.289301, 26.301233
46.753292, 0.289301, 26.301233
46.756801, 0.289301, 26.301233
46.760193, 0.289301, 26.301233
46.763862, 0.289301, 26.301233
46.767491, 0.289301, 26.301233
46.770973, 0.286752, 26.069506
46.774499, 0.289301, 26.301233
46.777930, 0.289301, 26.301233
46.782146, 0.289301, 26.301233
46.785842, 0.289301, 26.301233
46.791151, 0.289301, 26.301233
46.797625, 0.289301, 26.301233
46.803623, 0.289301, 26.301233
46.808936, 0.289301, 26.301233
46.813971, 0.289301, 26.301233
46.817822, 0.289301, 26.301233
46.821377, 0.289301, 26.301233
46.824788, 0.289301, 26.301233
46.828051, 0.289301, 26.301233
46.831247, 0.289301, 26.301233
46.834384, 0.289301, 26.301233
46.837419, 0.289301, 26.301233
46.840464, 0.289301, 26.301233
46.843486, 0.289301, 26.301233
46.847443, 0.289301, 26.301233
46.849941, 0.289301, 26.301233
46.852816, 0.289301, 26.301233
46.855873, 0.289301, 26.301233
46.858868, 0.289301, 26.301233
46.861877, 0.289301, 26.301233
46.865380, 0.289301, 26.301233
46.868612, 0.289301, 26.301233
46.873419, 0.289301, 26.301233
46.876852, 0.289301, 26.301233
46.880328, 0.289301, 26.301233
46.883806, 0.289301, 26.301233
46.887213, 0.289301, 26.301233
46.890453, 0.289301, 26.301233
46.894108, 0.289301, 26.301233
46.897385, 0.286752, 26.069506
46.900534, 0.289301, 26.301233
46.903689, 0.289301, 26.301233
46.907554, 0.289301, 26.301233
46.909875, 0.289301, 26.301233
46.913175, 0.286752, 26.069506
46.917182, 0.289301, 26.301233
46.922885, 0.289301, 26.301233
46.929607, 0.289301, 26.301233
46.935208, 0.289301, 26.301233
46.940617, 0.289301, 26.301233
46.946106, 0.289301, 26.301233
46.951077, 0.286752, 26.069506
46.955620, 0.289301, 26.301233
46.959508, 0.289301, 26.301233
46.963276, 0.289301, 26.301233
46.966726, 0.289301, 26.301233
46.970039, 0.289301, 26.301233
46.973227, 0.289301, 26.301233
46.976498, 0.289301, 26.301233
46.979938, 0.289301, 26.301233
46.983013, 0.289301, 26.301233
46.986159, 0.289301, 26.301233
46.989450, 0.289301, 26.301233
46.992667, 0.289301, 26.301233
46.996425, 0.289301, 26.301233
47.000076, 0.289301, 26.301233
47.003561, 0.289301, 26.301233
47.007106, 0.289301, 26.301233
47.010476, 0.289301, 26.301233
47.014294, 0.289301, 26.301233
47.017731, 0.289301, 26.301233
47.019740, 0.289301, 26.301233
47.022004, 0.289301, 26.301233
47.024688, 0.289301, 26.301233
47.028542, 0.289301, 26.301233
47.030999, 0.289301, 26.301233
47.033324, 0.289301, 26.301233
47.036387, 0.289301, 26.301233
47.041230, 0.289301, 26.301233
47.046571, 0.289301, 26.301233
47.051726, 0.289301, 26.301233
47.056650, 0.289301, 26.301233
47.062093, 0.289301, 26.301233
47.067977, 0.289301, 26.301233
47.073165, 0.289301, 26.301233
47.080235, 0.289301, 26.301233
47.088267, 0.289301, 26.301233
47.094906, 0.289301, 26.301233
47.097738, 0.289301, 26.301233
47.100779, 0.289301, 26.301233
47.104348, 0.289301, 26.301233
47.108499, 0.289301, 26.301233
47.112958, 0.289301, 26.301233
47.119885, 0.289301, 26.301233
47.127555, 0.289301, 26.301233
47.135393, 0.289301, 26.301233
47.146835, 0.289301, 26.301233
47.155971, 0.289301, 26.301233
47.165464, 0.289301, 26.301233
47.173433, 0.289301, 26.301233
47.180341, 0.289301, 26.301233
47.187262, 0.289301, 26.301233
47.193771, 0.289301, 26.301233
47.199903, 0.289301, 26.301233
47.207057, 0.289301, 26.301233
47.215373, 0.289301, 26.301233
47.222484, 0.289301, 26.301233
47.228962, 0.289301, 26.301233
47.236019, 0.286752, 26.069506
47.241251, 0.286752, 26.069506
47.246752, 0.289301, 26.301233
47.254281, 0.286752, 26.069506
47.263000, 0.289301, 26.301233
47.273512, 0.289301, 26.301233
47.281470, 0.289301, 26.301233
47.288542, 0.289301, 26.301233
47.296535, 0.289301, 26.301233
47.303621, 0.289301, 26.301233
47.309584, 0.289301, 26.301233
47.315519, 0.289301, 26.301233
47.321092, 0.289301, 26.301233
47.326535, 0.289301, 26.301233
47.331805, 0.289301, 26.301233
47.336858, 0.289301, 26.301233
47.341209, 0.289301, 26.301233
47.345287, 0.289301, 26.301233
47.349455, 0.289301, 26.301233
47.353620, 0.289301, 26.301233
47.358005, 0.289301, 26.301233
47.362819, 0.289301, 26.301233
47.367301, 0.289301, 26.301233
47.372026, 0.289301, 26.301233
47.377032, 0.289301, 26.301233
47.382009, 0.289301, 26.301233
47.387146, 0.289301, 26.301233
47.391989, 0.289301, 26.301233
47.397201, 0.289301, 26.301233
47.402520, 0.289301, 26.301233
47.407543, 0.289301, 26.301233
47.413281, 0.289301, 26.301233
47.418063, 0.289301, 26.301233
47.422006, 0.289301, 26.301233
47.424829, 0.289301, 26.301233
47.427597, 0.289301, 26.301233
47.430624, 0.289301, 26.301233
47.436672, 0.289301, 26.301233
47.447264, 0.289301, 26.301233
47.456447, 0.289301, 26.301233
47.464512, 0.289301, 26.301233
47.471711, 0.289301, 26.301233
47.477984, 0.289301, 26.301233
47.484311, 0.289301, 26.301233
47.492762, 0.289301, 26.301233
47.500697, 0.289301, 26.301233
47.507151, 0.289301, 26.301233
47.513691, 0.289301, 26.301233
47.520935, 0.289301, 26.301233
47.527491, 0.289301, 26.301233
47.533115, 0.289301, 26.301233
47.538115, 0.289301, 26.301233
47.543056, 0.289301, 26.301233
47.547667, 0.289301, 26.301233
47.551803, 0.289301, 26.301233
47.556778, 0.289301, 26.301233
47.565224, 0.289301, 26.301233
47.575763, 0.289301, 26.301233
47.584811, 0.289301, 26.301233
47.591293, 0.289301, 26.301233
47.596947, 0.289301, 26.301233
47.602447, 0.289301, 26.301233
47.607642, 0.289301, 26.301233
47.613306, 0.289301, 26.301233
47.618803, 0.289301, 26.301233
47.624093, 0.289301, 26.301233
47.630050, 0.289301, 26.301233
47.636310, 0.289301, 26.301233
47.641340, 0.289301, 26.301233
47.646654, 0.289301, 26.301233
47.650491, 0.289301, 26.301233
47.653385, 0.289301, 26.301233
47.656763, 0.289301, 26.301233
47.660697, 0.289301, 26.301233
47.664367, 0.289301, 26.301233
47.667816, 0.289301, 26.301233
47.671610, 0.289301, 26.301233
47.675316, 0.289301, 26.301233
47.678512, 0.289301, 26.301233
47.681012, 0.289301, 26.301233
47.684250, 0.289301, 26.301233
47.687689, 0.289301, 26.301233
47.691254, 0.289301, 26.301233
47.695214, 0.289301, 26.301233
47.699337, 0.289301, 26.301233
47.703461, 0.289301, 26.301233
47.707466, 0.289301, 26.301233
47.710931, 0.289301, 26.301233
47.713989, 0.289301, 26.301233
47.717153, 0.289301, 26.301233
47.720289, 0.289301, 26.301233
47.722926, 0.289301, 26.301233
47.725296, 0.289301, 26.301233
47.728901, 0.289301, 26.301233
47.732706, 0.289301, 26.301233
47.736476, 0.289301, 26.301233
47.740117, 0.289301, 26.301233
47.743710, 0.289301, 26.301233
47.749294, 0.289301, 26.301233
47.754454, 0.289301, 26.301233
47.759768, 0.289301, 26.301233
47.764517, 0.289301, 26.301233
47.769341, 0.289301, 26.301233
47.773971, 0.289301, 26.301233
47.778230, 0.289301, 26.301233
47.782296, 0.289301, 26.301233
47.787659, 0.289301, 26.301233
47.792924, 0.289301, 26.301233
47.796601, 0.289301, 26.301233
47.799125, 0.289301, 26.301233
47.801749, 0.289301, 26.301233
47.804626, 0.289301, 26.301233
47.807584, 0.289301, 26.301233
47.810642, 0.289301, 26.301233
47.814455, 0.289301, 26.301233
47.818088, 0.289301, 26.301233
47.821575, 0.289301, 26.301233
47.825430, 0.289301, 26.301233
47.829431, 0.289301, 26.301233
47.832192, 0.289301, 26.301233
47.834771, 0.289301, 26.301233
47.837601, 0.289301, 26.301233
47.840555, 0.289301, 26.301233
47.843746, 0.289301, 26.301233
47.847429, 0.289301, 26.301233
47.851902, 0.289301, 26.301233
47.856049, 0.289301, 26.301233
47.859943, 0.289301, 26.301233
47.863902, 0.289301, 26.301233
47.867919, 0.289301, 26.301233
47.871406, 0.289301, 26.301233
47.874810, 0.289301, 26.301233
47.878535, 0.289301, 26.301233
47.882195, 0.289301, 26.301233
47.886164, 0.289301, 26.301233
47.889847, 0.289301, 26.301233
47.893318, 0.289301, 26.301233
47.897260, 0.289301, 26.301233
47.900852, 0.289301, 26.301233
47.904249, 0.289301, 26.301233
47.908283, 0.289301, 26.301233
47.911513, 0.289301, 26.301233
47.914678, 0.289301, 26.301233
47.918748, 0.289301, 26.301233
47.923070, 0.289301, 26.301233
47.926941, 0.289301, 26.301233
47.930263, 0.289301, 26.301233
47.933428, 0.289301, 26.301233
47.936564, 0.289301, 26.301233
47.939552, 0.289301, 26.301233
47.942685, 0.289301, 26.301233
47.946266, 0.289301, 26.301233
47.950717, 0.289301, 26.301233
47.953964, 0.289301, 26.301233
47.957459, 0.289301, 26.301233
47.960867, 0.289301, 26.301233
47.963802, 0.289301, 26.301233
47.966993, 0.289301, 26.301233
47.970154, 0.289301, 26.301233
47.972684, 0.289301, 26.301233
47.975373, 0.289301, 26.301233
47.978575, 0.289301, 26.301233
47.981679, 0.289301, 26.301233
47.984859, 0.289301, 26.301233
47.988015, 0.289301, 26.301233
47.991154, 0.289301, 26.301233
47.994532, 0.289301, 26.301233
47.996828, 0.289301, 26.301233
47.999974, 0.289301, 26.301233
48.004055, 0.289301, 26.301233
48.008304, 0.289301, 26.301233
48.013314, 0.289301, 26.301233
48.018346, 0.289301, 26.301233
48.023128, 0.289301, 26.301233
48.027401, 0.289301, 26.301233
48.029679, 0.289301, 26.301233
48.032563, 0.289301, 26.301233
48.035481, 0.289301, 26.301233
48.038421, 0.289301, 26.301233
48.041564, 0.289301, 26.301233
48.044696, 0.289301, 26.301233
48.047742, 0.289301, 26.301233
48.050717, 0.289301, 26.301233
48.053892, 0.289301, 26.301233
48.057057, 0.289301, 26.301233
48.060135, 0.289301, 26.301233
48.062831, 0.289301, 26.301233
48.065783, 0.289301, 26.301233
48.069824, 0.289301, 26.301233
48.076301, 0.289301, 26.301233
48.083363, 0.289301, 26.301233
48.090260, 0.289301, 26.301233
48.099484, 0.289301, 26.301233
48.107620, 0.289301, 26.301233
48.114737, 0.289301, 26.301233
48.120232, 0.289301, 26.301233
48.125531, 0.289301, 26.301233
48.131721, 0.289301, 26.301233
48.138347, 0.289301, 26.301233
48.144628, 0.289301, 26.301233
48.152176, 0.289301, 26.301233
48.163730, 0.289301, 26.301233
48.174338, 0.289301, 26.301233
48.184222, 0.289301, 26.301233
48.193497, 0.289301, 26.301233
48.203211, 0.289301, 26.301233
48.210709, 0.289301, 26.301233
48.217954, 0.289301, 26.301233
48.224655, 0.289301, 26.301233
48.229377, 0.289301, 26.301233
48.232365, 0.289301, 26.301233
48.235492, 0.289301, 26.301233
48.238895, 0.289301, 26.301233
48.242139, 0.289301, 26.301233
48.246252, 0.289301, 26.301233
48.251987, 0.289301, 26.301233
48.257163, 0.289301, 26.301233
48.262185, 0.289301, 26.301233
48.269432, 0.289301, 26.301233
48.275566, 0.289301, 26.301233
48.279841, 0.289301, 26.301233
48.285950, 0.289301, 26.301233
48.293087, 0.289301, 26.301233
48.299256, 0.289301, 26.301233
48.304956, 0.289301, 26.301233
48.310758, 0.289301, 26.301233
48.316399, 0.289301, 26.301233
48.322084, 0.289301, 26.301233
48.328067, 0.289301, 26.301233
48.334978, 0.289301, 26.301233
48.341227, 0.289301, 26.301233
48.347793, 0.289301, 26.301233
48.356887, 0.289301, 26.301233
48.364431, 0.289301, 26.301233
48.370421, 0.289301, 26.301233
48.375903, 0.289301, 26.301233
48.382011, 0.289301, 26.301233
48.387779, 0.289301, 26.301233
48.393893, 0.289301, 26.301233
48.403360, 0.289301, 26.301233
48.410608, 0.289301, 26.301233
48.416180, 0.289301, 26.301233
48.419368, 0.289301, 26.301233
48.422724, 0.289301, 26.301233
48.426480, 0.289301, 26.301233
48.434292, 0.289301, 26.301233
48.445542, 0.289301, 26.301233
48.453211, 0.289301, 26.301233
48.460591, 0.289301, 26.301233
48.466938, 0.289301, 26.301233
48.472184, 0.289301, 26.301233
48.475420, 0.289301, 26.301233
48.479684, 0.289301, 26.301233
48.483443, 0.289301, 26.301233
48.487243, 0.289301, 26.301233
48.491015, 0.289301, 26.301233
48.496373, 0.289301, 26.301233
48.502643, 0.289301, 26.301233
48.509813, 0.289301, 26.301233
48.518220, 0.289301, 26.301233
48.527429, 0.289301, 26.301233
48.536565, 0.289301, 26.301233
48.544086, 0.289301, 26.301233
48.550802, 0.289301, 26.301233
48.557903, 0.289301, 26.301233
48.564572, 0.289301, 26.301233
48.571594, 0.289301, 26.301233
48.579691, 0.289301, 26.301233
48.587430, 0.289301, 26.301233
48.593871, 0.289301, 26.301233
48.599890, 0.289301, 26.301233
48.604419, 0.289301, 26.301233
48.606862, 0.289301, 26.301233
48.609894, 0.289301, 26.301233
48.613407, 0.289301, 26.301233
48.617185, 0.289301, 26.301233
48.620639, 0.289301, 26.301233
48.624520, 0.289301, 26.301233
48.628590, 0.289301, 26.301233
48.631391, 0.289301, 26.301233
48.634900, 0.289301, 26.301233
48.639002, 0.289301, 26.301233
48.641299, 0.289301, 26.301233
48.646710, 0.289301, 26.301233
48.653980, 0.289301, 26.301233
48.656682, 0.289301, 26.301233
48.660427, 0.289301, 26.301233
48.663767, 0.289301, 26.301233
48.667510, 0.289301, 26.301233
48.672608, 0.289301, 26.301233
48.681223, 0.289301, 26.301233
48.690961, 0.289301, 26.301233
48.697673, 0.289301, 26.301233
48.703174, 0.289301, 26.301233
48.708262, 0.289301, 26.301233
48.714441, 0.289301, 26.301233
48.719334, 0.289301, 26.301233
48.723438, 0.289301, 26.301233
48.727613, 0.289301, 26.301233
48.731806, 0.289301, 26.301233
48.736235, 0.289301, 26.301233
48.740152, 0.289301, 26.301233
48.746626, 0.289301, 26.301233
48.754729, 0.289301, 26.301233
48.763418, 0.289301, 26.301233
48.772027, 0.289301, 26.301233
48.781019, 0.289301, 26.301233
48.787558, 0.289301, 26.301233
48.794415, 0.289301, 26.301233
48.801116, 0.289301, 26.301233
48.807370, 0.289301, 26.301233
48.813109, 0.289301, 26.301233
48.818280, 0.289301, 26.301233
48.822902, 0.289301, 26.301233
48.826882, 0.289301, 26.301233
48.830677, 0.289301, 26.301233
48.834301, 0.289301, 26.301233
48.837864, 0.289301, 26.301233
48.841450, 0.289301, 26.301233
48.845064, 0.289301, 26.301233
48.849933, 0.289301, 26.301233
48.854945, 0.289301, 26.301233
48.859864, 0.289301, 26.301233
48.864412, 0.289301, 26.301233
48.868393, 0.289301, 26.301233
48.872153, 0.289301, 26.301233
48.875836, 0.289301, 26.301233
48.879402, 0.289301, 26.301233
48.882931, 0.289301, 26.301233
48.886410, 0.289301, 26.301233
48.889770, 0.289301, 26.301233
48.893273, 0.289301, 26.301233
48.896737, 0.289301, 26.301233
48.900111, 0.289301, 26.301233
48.903586, 0.289301, 26.301233
48.906958, 0.289301, 26.301233
48.910242, 0.289301, 26.301233
48.913560, 0.289301, 26.301233
48.916960, 0.289301, 26.301233
48.920498, 0.289301, 26.301233
48.924397, 0.289301, 26.301233
48.928125, 0.289301, 26.301233
48.931275, 0.289301, 26.301233
48.934287, 0.289301, 26.301233
48.937335, 0.289301, 26.301233
48.940356, 0.289301, 26.301233
48.943880, 0.289301, 26.301233
48.946373, 0.289301, 26.301233
48.949457, 0.289301, 26.301233
48.952750, 0.289301, 26.301233
48.956435, 0.289301, 26.301233
48.960410, 0.289301, 26.301233
48.965017, 0.289301, 26.301233
48.972351, 0.289301, 26.301233
48.980151, 0.289301, 26.301233
48.987468, 0.289301, 26.301233
48.993590, 0.289301, 26.301233
48.998897, 0.289301, 26.301233
49.003571, 0.289301, 26.301233
49.007583, 0.289301, 26.301233
49.011230, 0.289301, 26.301233
49.014865, 0.289301, 26.301233
49.018463, 0.289301, 26.301233
49.023836, 0.289301, 26.301233
49.031008, 0.289301, 26.301233
49.040318, 0.289301, 26.301233
49.048560, 0.289301, 26.301233
49.055534, 0.289301, 26.301233
49.069941, 0.289301, 26.301233
49.100138, 0.289301, 26.301233
49.105806, 0.289301, 26.301233
49.109764, 0.289301, 26.301233
49.112668, 0.289301, 26.301233
49.115578, 0.289301, 26.301233
49.119831, 0.289301, 26.301233
49.126646, 0.289301, 26.301233
49.134439, 0.289301, 26.301233
49.142012, 0.289301, 26.301233
49.154342, 0.289301, 26.301233
49.163498, 0.289301, 26.301233
49.170648, 0.289301, 26.301233
49.177218, 0.289301, 26.301233
49.185098, 0.289301, 26.301233
49.192759, 0.289301, 26.301233
49.206961, 0.289301, 26.301233
49.235961, 0.289301, 26.301233
49.242480, 0.289301, 26.301233
49.246706, 0.289301, 26.301233
49.249740, 0.289301, 26.301233
49.256990, 0.289301, 26.301233
49.281509, 0.289301, 26.301233
49.295540, 0.289301, 26.301233
49.299437, 0.289301, 26.301233
49.302517, 0.289301, 26.301233
49.305455, 0.289301, 26.301233
49.308836, 0.289301, 26.301233
49.315100, 0.289301, 26.301233
49.320509, 0.289301, 26.301233
49.326394, 0.289301, 26.301233
49.332921, 0.289301, 26.301233
49.340262, 0.289301, 26.301233
49.345342, 0.289301, 26.301233
49.349218, 0.289301, 26.301233
49.353256, 0.289301, 26.301233
49.358749, 0.289301, 26.301233
49.365505, 0.289301, 26.301233
49.371595, 0.289301, 26.301233
49.376596, 0.289301, 26.301233
49.382079, 0.289301, 26.301233
49.387319, 0.289301, 26.301233
49.392304, 0.289301, 26.301233
49.397053, 0.289301, 26.301233
49.401209, 0.289301, 26.301233
49.405934, 0.289301, 26.301233
49.411363, 0.289301, 26.301233
49.426104, 0.289301, 26.301233
49.437862, 0.291850, 26.532959
49.447090, 0.289301, 26.301233
49.454975, 0.289301, 26.301233
49.461505, 0.289301, 26.301233
49.468067, 0.289301, 26.301233
49.473573, 0.289301, 26.301233
49.476647, 0.289301, 26.301233
49.480143, 0.289301, 26.301233
49.485313, 0.289301, 26.301233
49.491533, 0.289301, 26.301233
49.499099, 0.289301, 26.301233
49.506345, 0.289301, 26.301233
49.513096, 0.289301, 26.301233
49.519742, 0.289301, 26.301233
49.526452, 0.289301, 26.301233
49.529954, 0.289301, 26.301233
49.532997, 0.289301, 26.301233
49.538009, 0.289301, 26.301233
49.543548, 0.289301, 26.301233
49.546852, 0.289301, 26.301233
49.549494, 0.289301, 26.301233
49.552423, 0.289301, 26.301233
49.555836, 0.289301, 26.301233
49.559192, 0.289301, 26.301233
49.563216, 0.289301, 26.301233
49.568846, 0.289301, 26.301233
49.574296, 0.289301, 26.301233
49.579795, 0.289301, 26.301233
49.588070, 0.289301, 26.301233
49.597318, 0.289301, 26.301233
49.604422, 0.289301, 26.301233
49.606981, 0.289301, 26.301233
49.610217, 0.289301, 26.301233
49.613710, 0.289301, 26.301233
49.619757, 0.289301, 26.301233
49.625071, 0.289301, 26.301233
49.629688, 0.289301, 26.301233
49.632116, 0.289301, 26.301233
49.635036, 0.289301, 26.301233
49.638604, 0.289301, 26.301233
49.642364, 0.289301, 26.301233
49.646708, 0.289301, 26.301233
49.652376, 0.289301, 26.301233
49.658079, 0.289301, 26.301233
49.663385, 0.289301, 26.301233
49.668669, 0.289301, 26.301233
49.673260, 0.289301, 26.301233
49.678027, 0.289301, 26.301233
49.682234, 0.289301, 26.301233
49.685792, 0.289301, 26.301233
49.689105, 0.289301, 26.301233
49.692394, 0.289301, 26.301233
49.696363, 0.289301, 26.301233
49.700236, 0.289301, 26.301233
49.703846, 0.289301, 26.301233
49.707573, 0.289301, 26.301233
49.710938, 0.289301, 26.301233
49.714237, 0.289301, 26.301233
49.717883, 0.289301, 26.301233
49.721475, 0.289301, 26.301233
49.726003, 0.289301, 26.301233
49.730536, 0.289301, 26.301233
49.735234, 0.289301, 26.301233
49.739837, 0.289301, 26.301233
49.743809, 0.289301, 26.301233
49.748124, 0.289301, 26.301233
49.752064, 0.289301, 26.301233
49.755502, 0.289301, 26.301233
49.759439, 0.291850, 26.532959
49.762560, 0.289301, 26.301233
49.769418, 0.289301, 26.301233
49.775262, 0.289301, 26.301233
49.780789, 0.289301, 26.301233
49.785250, 0.289301, 26.301233
49.790160, 0.289301, 26.301233
49.795439, 0.291850, 26.532959
49.800225, 0.289301, 26.301233
49.804357, 0.289301, 26.301233
49.808242, 0.289301, 26.301233
49.812140, 0.289301, 26.301233
49.815777, 0.289301, 26.301233
49.819288, 0.289301, 26.301233
49.822685, 0.289301, 26.301233
49.826076, 0.289301, 26.301233
49.830361, 0.289301, 26.301233
49.834403, 0.289301, 26.301233
49.839601, 0.289301, 26.301233
49.844595, 0.289301, 26.301233
49.849698, 0.289301, 26.301233
49.855048, 0.289301, 26.301233
49.860187, 0.289301, 26.301233
49.865533, 0.289301, 26.301233
49.869808, 0.289301, 26.301233
49.872014, 0.289301, 26.301233
49.874777, 0.289301, 26.301233
49.878148, 0.289301, 26.301233
49.881803, 0.289301, 26.301233
49.886120, 0.289301, 26.301233
49.890383, 0.289301, 26.301233
49.894006, 0.289301, 26.301233
49.897720, 0.289301, 26.301233
49.900792, 0.289301, 26.301233
49.902995, 0.289301, 26.301233
49.906238, 0.289301, 26.301233
49.909824, 0.289301, 26.301233
49.913516, 0.289301, 26.301233
49.917053, 0.289301, 26.301233
49.920727, 0.289301, 26.301233
49.925657, 0.289301, 26.301233
49.929757, 0.289301, 26.301233
49.932328, 0.289301, 26.301233
49.934872, 0.289301, 26.301233
49.937651, 0.289301, 26.301233
49.940713, 0.289301, 26.301233
49.944088, 0.289301, 26.301233
49.947918, 0.291850, 26.532959
49.952330, 0.289301, 26.301233
49.957311, 0.289301, 26.301233
49.960963, 0.289301, 26.301233
49.963501, 0.289301, 26.301233
49.966571, 0.289301, 26.301233
49.969825, 0.289301, 26.301233
49.973100, 0.291850, 26.532959
49.976378, 0.289301, 26.301233
49.980593, 0.289301, 26.301233
49.984453, 0.289301, 26.301233
49.988133, 0.289301, 26.301233
49.993408, 0.289301, 26.301233
49.997106, 0.289301, 26.301233
50.001556, 0.289301, 26.301233
50.006089, 0.289301, 26.301233
50.010157, 0.289301, 26.301233
50.014095, 0.289301, 26.301233
50.017911, 0.289301, 26.301233
50.021709, 0.289301, 26.301233
50.025471, 0.291850, 26.532959
50.029284, 0.289301, 26.301233
50.033269, 0.289301, 26.301233
50.037175, 0.291850, 26.532959
50.041047, 0.289301, 26.301233
50.044506, 0.289301, 26.301233
50.047899, 0.289301, 26.301233
50.051791, 0.289301, 26.301233
50.055852, 0.289301, 26.301233
50.059454, 0.289301, 26.301233
50.063323, 0.289301, 26.301233
50.067090, 0.289301, 26.301233
50.070647, 0.289301, 26.301233
50.074252, 0.289301, 26.301233
50.077643, 0.289301, 26.301233
50.080902, 0.289301, 26.301233
50.084264, 0.289301, 26.301233
50.086963, 0.289301, 26.301233
50.090408, 0.289301, 26.301233
50.094184, 0.289301, 26.301233
50.099061, 0.289301, 26.301233
50.106156, 0.289301, 26.301233
50.112915, 0.289301, 26.301233
50.119288, 0.289301, 26.301233
50.124471, 0.291850, 26.532959
50.129383, 0.289301, 26.301233
50.133703, 0.289301, 26.301233
50.138216, 0.289301, 26.301233
50.144365, 0.289301, 26.301233
50.151310, 0.289301, 26.301233
50.157055, 0.289301, 26.301233
50.162971, 0.289301, 26.301233
50.168592, 0.289301, 26.301233
50.173895, 0.289301, 26.301233
50.179135, 0.289301, 26.301233
50.184098, 0.289301, 26.301233
50.188375, 0.291850, 26.532959
50.194068, 0.289301, 26.301233
50.200439, 0.289301, 26.301233
50.206304, 0.289301, 26.301233
50.212368, 0.289301, 26.301233
50.217870, 0.289301, 26.301233
50.223009, 0.289301, 26.301233
50.227920, 0.289301, 26.301233
50.231929, 0.289301, 26.301233
50.235642, 0.289301, 26.301233
50.239183, 0.289301, 26.301233
50.242621, 0.291850, 26.532959
50.246453, 0.289301, 26.301233
50.250667, 0.289301, 26.301233
50.254034, 0.289301, 26.301233
50.257610, 0.289301, 26.301233
50.261505, 0.289301, 26.301233
50.266503, 0.291850, 26.532959
50.271684, 0.289301, 26.301233
50.276658, 0.289301, 26.301233
50.281423, 0.289301, 26.301233
50.286552, 0.291850, 26.532959
50.291356, 0.289301, 26.301233
50.295465, 0.289301, 26.301233
50.299374, 0.289301, 26.301233
50.302929, 0.289301, 26.301233
50.306433, 0.291850, 26.532959
50.309873, 0.289301, 26.301233
50.313274, 0.289301, 26.301233
50.316864, 0.289301, 26.301233
50.321140, 0.291850, 26.532959
50.326588, 0.289301, 26.301233
50.333318, 0.291850, 26.532959
50.341197, 0.289301, 26.301233
50.348373, 0.289301, 26.301233
50.354461, 0.289301, 26.301233
50.359973, 0.291850, 26.532959
50.365512, 0.289301, 26.301233
50.370958, 0.289301, 26.301233
50.376636, 0.289301, 26.301233
50.381803, 0.289301, 26.301233
50.386472, 0.289301, 26.301233
50.390367, 0.289301, 26.301233
50.394258, 0.289301, 26.301233
50.398192, 0.289301, 26.301233
50.402520, 0.289301, 26.301233
50.407952, 0.291850, 26.532959
50.413010, 0.289301, 26.301233
50.417669, 0.289301, 26.301233
50.421680, 0.289301, 26.301233
50.425379, 0.289301, 26.301233
50.428871, 0.289301, 26.301233
50.432361, 0.291850, 26.532959
50.435790, 0.289301, 26.301233
50.439143, 0.291850, 26.532959
50.442485, 0.289301, 26.301233
50.445768, 0.289301, 26.301233
50.449002, 0.289301, 26.301233
50.452268, 0.289301, 26.301233
50.455507, 0.289301, 26.301233
50.458860, 0.289301, 26.301233
50.462172, 0.289301, 26.301233
50.465577, 0.289301, 26.301233
50.469171, 0.291850, 26.532959
50.473264, 0.289301, 26.301233
50.476800, 0.289301, 26.301233
50.480842, 0.289301, 26.301233
50.484721, 0.289301, 26.301233
50.488738, 0.289301, 26.301233
50.492783, 0.289301, 26.301233
50.497338, 0.289301, 26.301233
50.501404, 0.289301, 26.301233
50.505401, 0.289301, 26.301233
50.509185, 0.291850, 26.532959
50.513007, 0.289301, 26.301233
50.516684, 0.289301, 26.301233
50.520252, 0.289301, 26.301233
50.523614, 0.291850, 26.532959
50.527437, 0.289301, 26.301233
50.530997, 0.289301, 26.301233
50.534531, 0.289301, 26.301233
50.538021, 0.289301, 26.301233
50.541261, 0.289301, 26.301233
50.544655, 0.289301, 26.301233
50.548238, 0.291850, 26.532959
50.551539, 0.289301, 26.301233
50.554977, 0.289301, 26.301233
50.558577, 0.289301, 26.301233
50.561813, 0.291850, 26.532959
50.565251, 0.291850, 26.532959
50.569166, 0.289301, 26.301233
50.572338, 0.289301, 26.301233
50.575784, 0.289301, 26.301233
50.579902, 0.289301, 26.301233
50.583217, 0.289301, 26.301233
50.586397, 0.289301, 26.301233
50.589916, 0.289301, 26.301233
50.593176, 0.289301, 26.301233
50.596846, 0.291850, 26.532959
50.598793, 0.291850, 26.532959
50.601824, 0.289301, 26.301233
50.605526, 0.289301, 26.301233
50.608822, 0.289301, 26.301233
50.612133, 0.289301, 26.301233
50.615474, 0.289301, 26.301233
50.618412, 0.289301, 26.301233
50.621373, 0.291850, 26.532959
50.624613, 0.289301, 26.301233
50.628560, 0.289301, 26.301233
50.632403, 0.289301, 26.301233
50.636843, 0.291850, 26.532959
50.645606, 0.291850, 26.532959
50.655302, 0.289301, 26.301233
50.662967, 0.289301, 26.301233
50.668300, 0.289301, 26.301233
50.672273, 0.291850, 26.532959
50.675973, 0.289301, 26.301233
50.679651, 0.289301, 26.301233
50.683097, 0.289301, 26.301233
50.686412, 0.289301, 26.301233
50.689737, 0.291850, 26.532959
50.692926, 0.289301, 26.301233
50.696557, 0.291850, 26.532959
50.699838, 0.289301, 26.301233
50.703006, 0.289301, 26.301233
50.706310, 0.289301, 26.301233
50.709733, 0.289301, 26.301233
50.713619, 0.291850, 26.532959
50.716319, 0.289301, 26.301233
50.719103, 0.289301, 26.301233
50.722115, 0.291850, 26.532959
50.725563, 0.289301, 26.301233
50.729369, 0.289301, 26.301233
50.732886, 0.289301, 26.301233
50.736233, 0.289301, 26.301233
50.740341, 0.289301, 26.301233
50.744650, 0.289301, 26.301233
50.748538, 0.289301, 26.301233
50.752308, 0.289301, 26.301233
50.755531, 0.289301, 26.301233
50.757985, 0.289301, 26.301233
50.761076, 0.289301, 26.301233
50.764388, 0.291850, 26.532959
50.768529, 0.289301, 26.301233
50.772201, 0.289301, 26.301233
50.775527, 0.289301, 26.301233
50.778962, 0.289301, 26.301233
50.782666, 0.289301, 26.301233
50.786048, 0.289301, 26.301233
50.789040, 0.289301, 26.301233
50.792281, 0.289301, 26.301233
50.795141, 0.291850, 26.532959
50.799144, 0.289301, 26.301233
50.803290, 0.289301, 26.301233
50.807194, 0.289301, 26.301233
50.811147, 0.289301, 26.301233
50.814993, 0.291850, 26.532959
50.818678, 0.289301, 26.301233
50.822290, 0.291850, 26.532959
50.825707, 0.289301, 26.301233
50.829533, 0.289301, 26.301233
50.833116, 0.291850, 26.532959
50.836555, 0.291850, 26.532959
50.839848, 0.289301, 26.301233
50.843296, 0.289301, 26.301233
50.846827, 0.291850, 26.532959
50.850158, 0.289301, 26.301233
50.853430, 0.289301, 26.301233
50.856674, 0.289301, 26.301233
50.860079, 0.289301, 26.301233
50.863946, 0.291850, 26.532959
50.866796, 0.291850, 26.532959
50.869742, 0.289301, 26.301233
50.872696, 0.289301, 26.301233
50.876007, 0.289301, 26.301233
50.879619, 0.289301, 26.301233
50.883073, 0.289301, 26.301233
50.886552, 0.291850, 26.532959
50.890133, 0.291850, 26.532959
50.893871, 0.289301, 26.301233
50.896137, 0.291850, 26.532959
50.898600, 0.289301, 26.301233
50.901483, 0.291850, 26.532959
50.904442, 0.289301, 26.301233
50.907553, 0.289301, 26.301233
50.911102, 0.289301, 26.301233
50.914289, 0.291850, 26.532959
50.917209, 0.291850, 26.532959
50.920756, 0.289301, 26.301233
50.924780, 0.289301, 26.301233
50.928762, 0.291850, 26.532959
50.932441, 0.289301, 26.301233
50.936242, 0.289301, 26.301233
50.940461, 0.289301, 26.301233
50.944886, 0.289301, 26.301233
50.950016, 0.291850, 26.532959
50.956792, 0.289301, 26.301233
50.963086, 0.289301, 26.301233
50.968688, 0.289301, 26.301233
50.973220, 0.291850, 26.532959
50.977413, 0.289301, 26.301233
50.981755, 0.289301, 26.301233
50.985627, 0.289301, 26.301233
50.988250, 0.289301, 26.301233
50.991203, 0.289301, 26.301233
50.994288, 0.289301, 26.301233
50.997763, 0.289301, 26.301233
51.000979, 0.291850, 26.532959
51.004193, 0.289301, 26.301233
51.007527, 0.289301, 26.301233
51.010636, 0.291850, 26.532959
51.013717, 0.289301, 26.301233
51.017208, 0.289301, 26.301233
51.021458, 0.289301, 26.301233
51.024762, 0.289301, 26.301233
51.028555, 0.289301, 26.301233
51.031086, 0.289301, 26.301233
51.034191, 0.291850, 26.532959
51.037413, 0.291850, 26.532959
51.040924, 0.289301, 26.301233
51.044546, 0.289301, 26.301233
51.048236, 0.289301, 26.301233
51.052237, 0.289301, 26.301233
51.056026, 0.289301, 26.301233
51.059950, 0.289301, 26.301233
51.063791, 0.289301, 26.301233
51.066475, 0.289301, 26.301233
51.069314, 0.291850, 26.532959
51.072356, 0.289301, 26.301233
51.075396, 0.289301, 26.301233
51.079312, 0.291850, 26.532959
51.082660, 0.289301, 26.301233
51.085975, 0.289301, 26.301233
51.089358, 0.289301, 26.301233
51.092720, 0.291850, 26.532959
51.095165, 0.291850, 26.532959
51.097933, 0.289301, 26.301233
51.102261, 0.289301, 26.301233
51.106060, 0.289301, 26.301233
51.110216, 0.289301, 26.301233
51.112973, 0.289301, 26.301233
51.115721, 0.289301, 26.301233
51.119089, 0.289301, 26.301233
51.122676, 0.289301, 26.301233
51.125968, 0.289301, 26.301233
51.129612, 0.289301, 26.301233
51.133009, 0.289301, 26.301233
51.136432, 0.289301, 26.301233
51.139659, 0.289301, 26.301233
51.142970, 0.289301, 26.301233
51.146338, 0.289301, 26.301233
51.149841, 0.289301, 26.301233
51.153723, 0.291850, 26.532959
51.157088, 0.289301, 26.301233
51.160315, 0.289301, 26.301233
51.164000, 0.289301, 26.301233
51.167606, 0.289301, 26.301233
51.170974, 0.289301, 26.301233
51.174238, 0.289301, 26.301233
51.177807, 0.289301, 26.301233
51.181531, 0.289301, 26.301233
51.185060, 0.289301, 26.301233
51.188314, 0.289301, 26.301233
51.191556, 0.291850, 26.532959
51.195015, 0.289301, 26.301233
51.198338, 0.291850, 26.532959
51.202027, 0.289301, 26.301233
51.205545, 0.291850, 26.532959
51.208973, 0.289301, 26.301233
51.212920, 0.291850, 26.532959
51.216366, 0.289301, 26.301233
51.219788, 0.289301, 26.301233
51.223255, 0.289301, 26.301233
51.227342, 0.291850, 26.532959
51.231100, 0.291850, 26.532959
51.234932, 0.289301, 26.301233
51.238351, 0.289301, 26.301233
51.240807, 0.289301, 26.301233
51.243330, 0.291850, 26.532959
51.245989, 0.289301, 26.301233
51.249142, 0.291850, 26.532959
51.252479, 0.289301, 26.301233
51.256108, 0.291850, 26.532959
51.260140, 0.289301, 26.301233
51.266284, 0.289301, 26.301233
51.272816, 0.289301, 26.301233
51.280563, 0.291850, 26.532959
51.287010, 0.289301, 26.301233
51.292457, 0.291850, 26.532959
51.297402, 0.289301, 26.301233
51.300342, 0.289301, 26.301233
51.302751, 0.289301, 26.301233
51.305116, 0.291850, 26.532959
51.308046, 0.291850, 26.532959
51.311242, 0.289301, 26.301233
51.318229, 0.289301, 26.301233
51.324357, 0.291850, 26.532959
51.330898, 0.289301, 26.301233
51.336877, 0.291850, 26.532959
51.342351, 0.291850, 26.532959
51.348612, 0.289301, 26.301233
51.351168, 0.291850, 26.532959
51.353610, 0.291850, 26.532959
51.356379, 0.291850, 26.532959
51.359396, 0.291850, 26.532959
51.363826, 0.289301, 26.301233
51.366687, 0.289301, 26.301233
51.370257, 0.291850, 26.532959
51.374893, 0.289301, 26.301233
51.381557, 0.291850, 26.532959
51.387399, 0.289301, 26.301233
51.392859, 0.289301, 26.301233
51.397684, 0.291850, 26.532959
51.404755, 0.289301, 26.301233
51.410420, 0.289301, 26.301233
51.414932, 0.289301, 26.301233
51.419008, 0.289301, 26.301233
51.422698, 0.291850, 26.532959
51.424905, 0.289301, 26.301233
51.428114, 0.289301, 26.301233
51.431690, 0.289301, 26.301233
51.435328, 0.291850, 26.532959
51.438724, 0.291850, 26.532959
51.442261, 0.289301, 26.301233
51.445694, 0.291850, 26.532959
51.449098, 0.289301, 26.301233
51.452641, 0.289301, 26.301233
51.455780, 0.289301, 26.301233
51.458902, 0.291850, 26.532959
51.462364, 0.289301, 26.301233
51.465614, 0.289301, 26.301233
51.468685, 0.291850, 26.532959
51.471825, 0.289301, 26.301233
51.475043, 0.289301, 26.301233
51.479219, 0.289301, 26.301233
51.481505, 0.289301, 26.301233
51.484509, 0.289301, 26.301233
51.488315, 0.291850, 26.532959
51.492106, 0.289301, 26.301233
51.496229, 0.291850, 26.532959
51.500102, 0.289301, 26.301233
51.504183, 0.291850, 26.532959
51.507975, 0.291850, 26.532959
51.511788, 0.289301, 26.301233
51.515670, 0.291850, 26.532959
51.519243, 0.289301, 26.301233
51.522751, 0.291850, 26.532959
51.524997, 0.289301, 26.301233
51.527535, 0.289301, 26.301233
51.530585, 0.291850, 26.532959
51.534023, 0.291850, 26.532959
51.537046, 0.289301, 26.301233
51.540116, 0.289301, 26.301233
51.543166, 0.291850, 26.532959
51.546615, 0.289301, 26.301233
51.550056, 0.289301, 26.301233
51.553899, 0.289301, 26.301233
51.556312, 0.289301, 26.301233
51.559786, 0.289301, 26.301233
51.564066, 0.291850, 26.532959
51.568373, 0.289301, 26.301233
51.572408, 0.289301, 26.301233
51.576526, 0.289301, 26.301233
51.580891, 0.289301, 26.301233
51.584892, 0.289301, 26.301233
51.588695, 0.289301, 26.301233
51.592416, 0.289301, 26.301233
51.596208, 0.289301, 26.301233
51.599725, 0.289301, 26.301233
51.602963, 0.289301, 26.301233
51.606549, 0.289301, 26.301233
51.610282, 0.289301, 26.301233
51.613265, 0.291850, 26.532959
51.615974, 0.291850, 26.532959
51.618589, 0.289301, 26.301233
51.621594, 0.289301, 26.301233
51.625007, 0.291850, 26.532959
51.629180, 0.291850, 26.532959
51.632883, 0.291850, 26.532959
51.636414, 0.291850, 26.532959
51.639980, 0.289301, 26.301233
51.643449, 0.291850, 26.532959
51.646819, 0.289301, 26.301233
51.650270, 0.289301, 26.301233
51.653571, 0.291850, 26.532959
51.657217, 0.291850, 26.532959
51.661136, 0.289301, 26.301233
51.664380, 0.291850, 26.532959
51.667857, 0.291850, 26.532959
51.671126, 0.289301, 26.301233
51.674435, 0.289301, 26.301233
51.678454, 0.291850, 26.532959
51.683610, 0.291850, 26.532959
51.689920, 0.289301, 26.301233
51.696347, 0.289301, 26.301233
51.701925, 0.289301, 26.301233
51.706989, 0.289301, 26.301233
51.712014, 0.291850, 26.532959
51.715896, 0.289301, 26.301233
51.719539, 0.291850, 26.532959
51.723073, 0.289301, 26.301233
51.726789, 0.291850, 26.532959
51.731026, 0.289301, 26.301233
51.737361, 0.289301, 26.301233
51.745329, 0.289301, 26.301233
51.753192, 0.291850, 26.532959
51.760995, 0.289301, 26.301233
51.767644, 0.291850, 26.532959
51.773373, 0.291850, 26.532959
51.778359, 0.289301, 26.301233
51.782579, 0.289301, 26.301233
51.786406, 0.289301, 26.301233
51.790536, 0.291850, 26.532959
51.795331, 0.291850, 26.532959
51.799186, 0.289301, 26.301233
51.802952, 0.291850, 26.532959
51.806699, 0.291850, 26.532959
51.810305, 0.291850, 26.532959
51.814087, 0.289301, 26.301233
51.817733, 0.289301, 26.301233
51.821197, 0.289301, 26.301233
51.824830, 0.289301, 26.301233
51.828170, 0.289301, 26.301233
51.831564, 0.289301, 26.301233
51.835897, 0.289301, 26.301233
51.842641, 0.289301, 26.301233
51.848581, 0.289301, 26.301233
51.853758, 0.291850, 26.532959
51.858064, 0.289301, 26.301233
51.862306, 0.291850, 26.532959
51.866227, 0.289301, 26.301233
51.869946, 0.289301, 26.301233
51.873334, 0.291850, 26.532959
51.876799, 0.291850, 26.532959
51.881192, 0.289301, 26.301233
51.884555, 0.289301, 26.301233
51.887806, 0.291850, 26.532959
51.891394, 0.289301, 26.301233
51.895285, 0.289301, 26.301233
51.898767, 0.291850, 26.532959
51.902451, 0.289301, 26.301233
51.904483, 0.289301, 26.301233
51.906829, 0.289301, 26.301233
51.909402, 0.291850, 26.532959
51.912906, 0.289301, 26.301233
51.915277, 0.289301, 26.301233
51.917712, 0.289301, 26.301233
51.920836, 0.291850, 26.532959
51.924484, 0.291850, 26.532959
51.927227, 0.291850, 26.532959
51.930334, 0.289301, 26.301233
51.934040, 0.289301, 26.301233
51.937516, 0.289301, 26.301233
51.941062, 0.291850, 26.532959
51.943630, 0.289301, 26.301233
51.946976, 0.291850, 26.532959
51.949981, 0.291850, 26.532959
51.953145, 0.289301, 26.301233
51.956437, 0.289301, 26.301233
51.959755, 0.289301, 26.301233
51.962577, 0.289301, 26.301233
51.964779, 0.289301, 26.301233
51.967709, 0.291850, 26.532959
51.970691, 0.291850, 26.532959
51.974781, 0.289301, 26.301233
51.979370, 0.289301, 26.301233
51.982421, 0.291850, 26.532959
51.985124, 0.289301, 26.301233
51.988219, 0.291850, 26.532959
51.991392, 0.291850, 26.532959
51.995298, 0.291850, 26.532959
52.000307, 0.289301, 26.301233
52.005441, 0.289301, 26.301233
52.009943, 0.291850, 26.532959
52.013891, 0.291850, 26.532959
52.017638, 0.289301, 26.301233
52.021870, 0.289301, 26.301233
52.025851, 0.289301, 26.301233
52.030623, 0.291850, 26.532959
52.034627, 0.289301, 26.301233
52.040019, 0.289301, 26.301233
52.057887, 0.289301, 26.301233
52.063012, 0.289301, 26.301233
52.066140, 0.289301, 26.301233
52.068744, 0.289301, 26.301233
52.071989, 0.289301, 26.301233
52.087246, 0.291850, 26.532959
52.111469, 0.289301, 26.301233
52.118148, 0.289301, 26.301233
52.121596, 0.289301, 26.301233
52.124895, 0.291850, 26.532959
52.128181, 0.289301, 26.301233
52.133109, 0.291850, 26.532959
52.142149, 0.291850, 26.532959
52.156316, 0.289301, 26.301233
52.170443, 0.289301, 26.301233
52.183361, 0.289301, 26.301233
52.194213, 0.289301, 26.301233
52.206295, 0.289301, 26.301233
52.217323, 0.291850, 26.532959
52.226067, 0.289301, 26.301233
52.232413, 0.291850, 26.532959
52.239344, 0.289301, 26.301233
52.245370, 0.289301, 26.301233
52.250338, 0.289301, 26.301233
52.254446, 0.289301, 26.301233
52.258050, 0.289301, 26.301233
52.261429, 0.289301, 26.301233
52.264458, 0.289301, 26.301233
52.267433, 0.289301, 26.301233
52.273322, 0.289301, 26.301233
52.279321, 0.291850, 26.532959
52.283297, 0.289301, 26.301233
52.287268, 0.289301, 26.301233
52.290360, 0.289301, 26.301233
52.293498, 0.291850, 26.532959
52.297310, 0.289301, 26.301233
52.300618, 0.289301, 26.301233
52.303879, 0.289301, 26.301233
52.306474, 0.291850, 26.532959
52.309070, 0.291850, 26.532959
52.311752, 0.291850, 26.532959
52.314372, 0.289301, 26.301233
52.319007, 0.291850, 26.532959
52.323728, 0.289301, 26.301233
52.328526, 0.289301, 26.301233
52.333016, 0.289301, 26.301233
52.338699, 0.291850, 26.532959
52.343374, 0.291850, 26.532959
52.345803, 0.289301, 26.301233
52.348895, 0.289301, 26.301233
52.352410, 0.289301, 26.301233
52.356091, 0.291850, 26.532959
52.360011, 0.291850, 26.532959
52.364256, 0.289301, 26.301233
52.370535, 0.289301, 26.301233
52.376119, 0.291850, 26.532959
52.381481, 0.289301, 26.301233
52.385365, 0.289301, 26.301233
52.389541, 0.289301, 26.301233
52.393236, 0.291850, 26.532959
52.396337, 0.289301, 26.301233
52.399629, 0.289301, 26.301233
52.402793, 0.291850, 26.532959
52.406222, 0.289301, 26.301233
52.410226, 0.289301, 26.301233
52.413301, 0.289301, 26.301233
52.417102, 0.291850, 26.532959
52.420995, 0.289301, 26.301233
52.424731, 0.289301, 26.301233
52.428184, 0.289301, 26.301233
52.430628, 0.291850, 26.532959
52.433415, 0.289301, 26.301233
52.436768, 0.289301, 26.301233
52.441186, 0.289301, 26.301233
52.443729, 0.289301, 26.301233
52.448000, 0.291850, 26.532959
52.453198, 0.289301, 26.301233
52.457819, 0.291850, 26.532959
52.461805, 0.289301, 26.301233
52.465264, 0.289301, 26.301233
52.468538, 0.289301, 26.301233
52.473334, 0.289301, 26.301233
52.478842, 0.289301, 26.301233
52.481429, 0.291850, 26.532959
52.485250, 0.289301, 26.301233
52.489275, 0.291850, 26.532959
52.493311, 0.289301, 26.301233
52.497421, 0.291850, 26.532959
52.501261, 0.291850, 26.532959
52.504960, 0.291850, 26.532959
52.509180, 0.289301, 26.301233
52.512148, 0.289301, 26.301233
52.514782, 0.289301, 26.301233
52.517916, 0.291850, 26.532959
52.520939, 0.291850, 26.532959
52.524076, 0.289301, 26.301233
52.527390, 0.289301, 26.301233
52.530629, 0.289301, 26.301233
52.533813, 0.291850, 26.532959
52.537144, 0.289301, 26.301233
52.540216, 0.289301, 26.301233
52.543287, 0.289301, 26.301233
52.547689, 0.289301, 26.301233
52.550380, 0.291850, 26.532959
52.552721, 0.289301, 26.301233
52.555784, 0.289301, 26.301233
52.558762, 0.289301, 26.301233
52.561684, 0.291850, 26.532959
52.564670, 0.291850, 26.532959
52.567747, 0.289301, 26.301233
52.570775, 0.289301, 26.301233
52.573864, 0.289301, 26.301233
52.577047, 0.289301, 26.301233
52.580785, 0.289301, 26.301233
52.583561, 0.289301, 26.301233
52.586505, 0.289301, 26.301233
52.589361, 0.289301, 26.301233
52.592209, 0.289301, 26.301233
52.595505, 0.289301, 26.301233
52.598322, 0.289301, 26.301233
52.601675, 0.289301, 26.301233
52.604953, 0.289301, 26.301233
52.608471, 0.291850, 26.532959
52.612084, 0.289301, 26.301233
52.614387, 0.291850, 26.532959
52.617135, 0.291850, 26.532959
52.619937, 0.289301, 26.301233
52.622839, 0.289301, 26.301233
52.626003, 0.291850, 26.532959
52.629228, 0.289301, 26.301233
52.632537, 0.289301, 26.301233
52.635947, 0.289301, 26.301233
52.639999, 0.289301, 26.301233
52.643831, 0.289301, 26.301233
52.646836, 0.289301, 26.301233
52.649277, 0.289301, 26.301233
52.651601, 0.289301, 26.301233
52.654238, 0.289301, 26.301233
52.656901, 0.289301, 26.301233
52.659972, 0.291850, 26.532959
52.662844, 0.289301, 26.301233
52.665677, 0.291850, 26.532959
52.668908, 0.291850, 26.532959
52.671907, 0.291850, 26.532959
52.675022, 0.289301, 26.301233
52.678200, 0.289301, 26.301233
52.680416, 0.289301, 26.301233
52.683105, 0.289301, 26.301233
52.686112, 0.289301, 26.301233
52.689105, 0.289301, 26.301233
52.692121, 0.289301, 26.301233
52.695632, 0.289301, 26.301233
52.697844, 0.289301, 26.301233
52.701255, 0.289301, 26.301233
52.703595, 0.289301, 26.301233
52.706091, 0.289301, 26.301233
52.709005, 0.289301, 26.301233
52.712149, 0.291850, 26.532959
52.714676, 0.289301, 26.301233
52.717309, 0.291850, 26.532959
52.720268, 0.289301, 26.301233
52.723200, 0.289301, 26.301233
52.726178, 0.289301, 26.301233
52.728527, 0.289301, 26.301233
52.730918, 0.291850, 26.532959
52.733737, 0.289301, 26.301233
52.736814, 0.291850, 26.532959
52.740647, 0.289301, 26.301233
52.744896, 0.289301, 26.301233
52.747223, 0.289301, 26.301233
52.749853, 0.289301, 26.301233
52.752715, 0.289301, 26.301233
52.755759, 0.291850, 26.532959
52.758945, 0.291850, 26.532959
52.762431, 0.289301, 26.301233
52.765641, 0.289301, 26.301233
52.768839, 0.289301, 26.301233
52.771572, 0.289301, 26.301233
52.773944, 0.291850, 26.532959
52.776931, 0.289301, 26.301233
52.780305, 0.289301, 26.301233
52.783577, 0.289301, 26.301233
52.786794, 0.289301, 26.301233
52.789244, 0.289301, 26.301233
52.791805, 0.289301, 26.301233
52.794986, 0.289301, 26.301233
52.797936, 0.289301, 26.301233
52.800817, 0.289301, 26.301233
52.803682, 0.289301, 26.301233
52.806547, 0.289301, 26.301233
52.810280, 0.289301, 26.301233
52.814107, 0.289301, 26.301233
52.817609, 0.291850, 26.532959
52.821196, 0.291850, 26.532959
52.824441, 0.289301, 26.301233
52.827765, 0.289301, 26.301233
52.831192, 0.289301, 26.301233
52.834365, 0.289301, 26.301233
52.837356, 0.291850, 26.532959
52.840338, 0.289301, 26.301233
52.843272, 0.289301, 26.301233
52.846400, 0.289301, 26.301233
52.849472, 0.289301, 26.301233
52.852364, 0.289301, 26.301233
52.855320, 0.289301, 26.301233
52.858131, 0.291850, 26.532959
52.861455, 0.291850, 26.532959
52.864389, 0.291850, 26.532959
52.867355, 0.289301, 26.301233
52.871291, 0.289301, 26.301233
52.874675, 0.291850, 26.532959
52.876864, 0.289301, 26.301233
52.879880, 0.289301, 26.301233
52.882898, 0.289301, 26.301233
52.886040, 0.289301, 26.301233
52.889163, 0.289301, 26.301233
52.892475, 0.289301, 26.301233
52.896408, 0.289301, 26.301233
52.899825, 0.289301, 26.301233
52.903419, 0.289301, 26.301233
52.906769, 0.289301, 26.301233
52.910098, 0.289301, 26.301233
52.913604, 0.289301, 26.301233
52.917263, 0.289301, 26.301233
52.920702, 0.289301, 26.301233
52.923720, 0.291850, 26.532959
52.926151, 0.289301, 26.301233
52.929335, 0.289301, 26.301233
52.933068, 0.289301, 26.301233
52.936209, 0.289301, 26.301233
52.939425, 0.289301, 26.301233
52.942649, 0.289301, 26.301233
52.945507, 0.289301, 26.301233
52.948381, 0.289301, 26.301233
52.951374, 0.289301, 26.301233
52.954361, 0.291850, 26.532959
52.957314, 0.289301, 26.301233
52.960451, 0.289301, 26.301233
52.964047, 0.289301, 26.301233
52.967743, 0.289301, 26.301233
52.971260, 0.289301, 26.301233
52.974933, 0.289301, 26.301233
52.978179, 0.289301, 26.301233
52.980280, 0.289301, 26.301233
52.982942, 0.289301, 26.301233
52.985442, 0.289301, 26.301233
52.988215, 0.289301, 26.301233
52.991163, 0.289301, 26.301233
52.994582, 0.289301, 26.301233
52.998063, 0.289301, 26.301233
53.001331, 0.289301, 26.301233
53.004691, 0.289301, 26.301233
53.007961, 0.289301, 26.301233
53.011420, 0.291850, 26.532959
53.014792, 0.289301, 26.301233
53.016855, 0.289301, 26.301233
53.019332, 0.289301, 26.301233
53.022211, 0.289301, 26.301233
53.024448, 0.289301, 26.301233
53.029174, 0.289301, 26.301233
53.034625, 0.289301, 26.301233
53.039532, 0.289301, 26.301233
53.043604, 0.289301, 26.301233
53.045890, 0.289301, 26.301233
53.049121, 0.291850, 26.532959
53.052334, 0.289301, 26.301233
53.055929, 0.289301, 26.301233
53.059279, 0.289301, 26.301233
53.062619, 0.289301, 26.301233
53.067305, 0.289301, 26.301233
53.070412, 0.291850, 26.532959
53.074093, 0.291850, 26.532959
53.078515, 0.289301, 26.301233
53.082273, 0.289301, 26.301233
53.086293, 0.289301, 26.301233
53.089830, 0.289301, 26.301233
53.093838, 0.289301, 26.301233
53.096826, 0.289301, 26.301233
53.099665, 0.289301, 26.301233
53.102549, 0.291850, 26.532959
53.105623, 0.289301, 26.301233
53.108979, 0.289301, 26.301233
53.112516, 0.291850, 26.532959
53.115191, 0.289301, 26.301233
53.117534, 0.289301, 26.301233
53.120217, 0.289301, 26.301233
53.122948, 0.289301, 26.301233
53.127392, 0.289301, 26.301233
53.131511, 0.289301, 26.301233
53.135023, 0.289301, 26.301233
53.138314, 0.289301, 26.301233
53.142741, 0.289301, 26.301233
53.149478, 0.289301, 26.301233
53.154838, 0.289301, 26.301233
53.159496, 0.289301, 26.301233
53.163421, 0.289301, 26.301233
53.167388, 0.289301, 26.301233
53.170871, 0.289301, 26.301233
53.174129, 0.289301, 26.301233
53.177474, 0.291850, 26.532959
53.180664, 0.289301, 26.301233
53.183771, 0.291850, 26.532959
53.187320, 0.289301, 26.301233
53.190763, 0.291850, 26.532959
53.194364, 0.289301, 26.301233
53.198137, 0.289301, 26.301233
53.202344, 0.289301, 26.301233
53.204574, 0.289301, 26.301233
53.208038, 0.289301, 26.301233
53.211479, 0.289301, 26.301233
53.213830, 0.289301, 26.301233
53.216753, 0.289301, 26.301233
53.220598, 0.289301, 26.301233
53.223652, 0.289301, 26.301233
53.227097, 0.289301, 26.301233
53.229313, 0.289301, 26.301233
53.232303, 0.289301, 26.301233
53.236086, 0.289301, 26.301233
53.240487, 0.289301, 26.301233
53.244201, 0.289301, 26.301233
53.246359, 0.289301, 26.301233
53.249129, 0.289301, 26.301233
53.251995, 0.291850, 26.532959
53.254926, 0.289301, 26.301233
53.257791, 0.289301, 26.301233
53.261199, 0.289301, 26.301233
53.265061, 0.289301, 26.301233
53.270490, 0.289301, 26.301233
53.278424, 0.289301, 26.301233
53.283551, 0.289301, 26.301233
53.289732, 0.289301, 26.301233
53.294758, 0.289301, 26.301233
53.299336, 0.289301, 26.301233
53.303928, 0.291850, 26.532959
53.310203, 0.289301, 26.301233
53.314780, 0.289301, 26.301233
53.320468, 0.289301, 26.301233
53.325530, 0.289301, 26.301233
53.329977, 0.291850, 26.532959
53.333560, 0.289301, 26.301233
53.335969, 0.291850, 26.532959
53.339022, 0.289301, 26.301233
53.342320, 0.289301, 26.301233
53.346033, 0.289301, 26.301233
53.349293, 0.289301, 26.301233
53.352810, 0.289301, 26.301233
53.356522, 0.291850, 26.532959
53.360315, 0.289301, 26.301233
53.364655, 0.289301, 26.301233
53.369710, 0.289301, 26.301233
53.374107, 0.289301, 26.301233
53.378228, 0.289301, 26.301233
53.382279, 0.289301, 26.301233
53.386235, 0.289301, 26.301233
53.389816, 0.289301, 26.301233
53.394558, 0.289301, 26.301233
53.398324, 0.289301, 26.301233
53.402063, 0.289301, 26.301233
53.404636, 0.289301, 26.301233
53.406793, 0.289301, 26.301233
53.409306, 0.289301, 26.301233
53.412543, 0.291850, 26.532959
53.415171, 0.289301, 26.301233
53.417622, 0.289301, 26.301233
53.420384, 0.289301, 26.301233
53.423416, 0.289301, 26.301233
53.426629, 0.289301, 26.301233
53.430234, 0.289301, 26.301233
53.433688, 0.289301, 26.301233
53.437496, 0.289301, 26.301233
53.440950, 0.289301, 26.301233
53.444916, 0.289301, 26.301233
53.447234, 0.289301, 26.301233
53.449684, 0.289301, 26.301233
53.452478, 0.289301, 26.301233
53.455509, 0.289301, 26.301233
53.458346, 0.289301, 26.301233
53.461276, 0.289301, 26.301233
53.464253, 0.289301, 26.301233
53.467175, 0.289301, 26.301233
53.470081, 0.289301, 26.301233
53.473002, 0.289301, 26.301233
53.476029, 0.289301, 26.301233
53.478700, 0.289301, 26.301233
53.480784, 0.289301, 26.301233
53.484002, 0.289301, 26.301233
53.487624, 0.289301, 26.301233
53.490290, 0.289301, 26.301233
53.493007, 0.289301, 26.301233
53.496656, 0.289301, 26.301233
53.503161, 0.289301, 26.301233
53.509015, 0.289301, 26.301233
53.511861, 0.289301, 26.301233
53.514709, 0.289301, 26.301233
53.517681, 0.289301, 26.301233
53.520724, 0.289301, 26.301233
53.523704, 0.289301, 26.301233
53.527689, 0.289301, 26.301233
53.531059, 0.289301, 26.301233
53.534079, 0.289301, 26.301233
53.537108, 0.289301, 26.301233
53.540393, 0.291850, 26.532959
53.543630, 0.289301, 26.301233
53.547237, 0.289301, 26.301233
53.550912, 0.289301, 26.301233
53.554283, 0.289301, 26.301233
53.556814, 0.289301, 26.301233
53.558929, 0.289301, 26.301233
53.561870, 0.289301, 26.301233
53.564970, 0.289301, 26.301233
53.567094, 0.289301, 26.301233
53.570096, 0.289301, 26.301233
53.573557, 0.289301, 26.301233
53.577411, 0.289301, 26.301233
53.580988, 0.289301, 26.301233
53.584389, 0.289301, 26.301233
53.587782, 0.289301, 26.301233
53.591128, 0.289301, 26.301233
53.594496, 0.289301, 26.301233
53.597862, 0.289301, 26.301233
53.601210, 0.289301, 26.301233
53.604424, 0.289301, 26.301233
53.607849, 0.289301, 26.301233
53.611448, 0.289301, 26.301233
53.613513, 0.289301, 26.301233
53.615918, 0.289301, 26.301233
53.618717, 0.289301, 26.301233
53.621368, 0.289301, 26.301233
53.624076, 0.289301, 26.301233
53.627006, 0.289301, 26.301233
53.630040, 0.289301, 26.301233
53.633017, 0.289301, 26.301233
53.636350, 0.289301, 26.301233
53.639379, 0.289301, 26.301233
53.642237, 0.289301, 26.301233
53.645446, 0.289301, 26.301233
53.647461, 0.289301, 26.301233
53.650455, 0.289301, 26.301233
53.653673, 0.289301, 26.301233
53.656767, 0.289301, 26.301233
53.660474, 0.289301, 26.301233
53.662730, 0.289301, 26.301233
53.665376, 0.289301, 26.301233
53.668214, 0.289301, 26.301233
53.670988, 0.289301, 26.301233
53.673774, 0.289301, 26.301233
53.676572, 0.289301, 26.301233
53.679805, 0.289301, 26.301233
53.681962, 0.289301, 26.301233
53.684904, 0.289301, 26.301233
53.688022, 0.291850, 26.532959
53.691252, 0.289301, 26.301233
53.694578, 0.289301, 26.301233
53.698230, 0.289301, 26.301233
53.701786, 0.289301, 26.301233
53.705198, 0.289301, 26.301233
53.708829, 0.289301, 26.301233
53.712544, 0.289301, 26.301233
53.716339, 0.289301, 26.301233
53.719786, 0.289301, 26.301233
53.723207, 0.289301, 26.301233
53.726596, 0.289301, 26.301233
53.729990, 0.289301, 26.301233
53.732142, 0.289301, 26.301233
53.734688, 0.289301, 26.301233
53.737386, 0.289301, 26.301233
53.740258, 0.289301, 26.301233
53.743081, 0.289301, 26.301233
53.745961, 0.289301, 26.301233
53.749154, 0.289301, 26.301233
53.752096, 0.289301, 26.301233
53.755157, 0.289301, 26.301233
53.757922, 0.289301, 26.301233
53.761330, 0.289301, 26.301233
53.764707, 0.289301, 26.301233
53.767576, 0.289301, 26.301233
53.770533, 0.289301, 26.301233
53.773416, 0.289301, 26.301233
53.776267, 0.289301, 26.301233
53.779174, 0.289301, 26.301233
53.782201, 0.289301, 26.301233
53.785392, 0.289301, 26.301233
53.788215, 0.289301, 26.301233
53.791981, 0.289301, 26.301233
53.796373, 0.289301, 26.301233
53.799764, 0.289301, 26.301233
53.802993, 0.289301, 26.301233
53.806307, 0.289301, 26.301233
53.809427, 0.289301, 26.301233
53.813204, 0.289301, 26.301233
53.816458, 0.291850, 26.532959
53.819604, 0.289301, 26.301233
53.822896, 0.289301, 26.301233
53.825960, 0.289301, 26.301233
53.829246, 0.289301, 26.301233
53.832443, 0.289301, 26.301233
53.835812, 0.289301, 26.301233
53.839636, 0.289301, 26.301233
53.843340, 0.289301, 26.301233
53.846737, 0.291850, 26.532959
53.850029, 0.289301, 26.301233
53.853843, 0.289301, 26.301233
53.856099, 0.289301, 26.301233
53.858562, 0.289301, 26.301233
53.861629, 0.289301, 26.301233
53.864857, 0.289301, 26.301233
53.868097, 0.289301, 26.301233
53.871284, 0.289301, 26.301233
53.874471, 0.289301, 26.301233
53.878320, 0.289301, 26.301233
53.882826, 0.289301, 26.301233
53.886820, 0.289301, 26.301233
53.890419, 0.289301, 26.301233
53.894019, 0.289301, 26.301233
53.897507, 0.289301, 26.301233
53.900720, 0.289301, 26.301233
53.903832, 0.289301, 26.301233
53.907051, 0.289301, 26.301233
53.910710, 0.289301, 26.301233
53.913410, 0.289301, 26.301233
53.915587, 0.289301, 26.301233
53.919122, 0.291850, 26.532959
53.922031, 0.289301, 26.301233
53.924870, 0.289301, 26.301233
53.929574, 0.289301, 26.301233
53.934040, 0.289301, 26.301233
53.937852, 0.289301, 26.301233
53.941276, 0.289301, 26.301233
53.944601, 0.289301, 26.301233
53.948319, 0.289301, 26.301233
53.952360, 0.289301, 26.301233
53.956364, 0.289301, 26.301233
53.960725, 0.289301, 26.301233
53.964405, 0.289301, 26.301233
53.968166, 0.289301, 26.301233
53.971745, 0.289301, 26.301233
53.974939, 0.289301, 26.301233
53.978633, 0.289301, 26.301233
53.982054, 0.289301, 26.301233
53.985322, 0.289301, 26.301233
53.988317, 0.291850, 26.532959
53.991405, 0.289301, 26.301233
53.994751, 0.289301, 26.301233
53.997993, 0.289301, 26.301233
54.001399, 0.289301, 26.301233
54.004627, 0.289301, 26.301233
54.007675, 0.289301, 26.301233
54.011470, 0.289301, 26.301233
54.013758, 0.289301, 26.301233
54.015905, 0.289301, 26.301233
54.018432, 0.289301, 26.301233
54.021409, 0.289301, 26.301233
54.024357, 0.289301, 26.301233
54.027423, 0.289301, 26.301233
54.030871, 0.289301, 26.301233
54.033165, 0.289301, 26.301233
54.035407, 0.289301, 26.301233
54.037915, 0.289301, 26.301233
54.041121, 0.289301, 26.301233
54.045494, 0.289301, 26.301233
54.048785, 0.289301, 26.301233
54.051598, 0.289301, 26.301233
54.055208, 0.291850, 26.532959
54.058761, 0.289301, 26.301233
54.063014, 0.289301, 26.301233
54.065398, 0.289301, 26.301233
54.067535, 0.289301, 26.301233
54.069886, 0.289301, 26.301233
54.073099, 0.289301, 26.301233
54.076840, 0.289301, 26.301233
54.081201, 0.289301, 26.301233
54.085296, 0.289301, 26.301233
54.088947, 0.289301, 26.301233
54.093313, 0.289301, 26.301233
54.097210, 0.289301, 26.301233
54.100343, 0.289301, 26.301233
54.103611, 0.289301, 26.301233
54.105776, 0.289301, 26.301233
54.108863, 0.289301, 26.301233
54.112431, 0.289301, 26.301233
54.115705, 0.291850, 26.532959
54.118929, 0.289301, 26.301233
54.122358, 0.289301, 26.301233
54.125862, 0.289301, 26.301233
54.128291, 0.289301, 26.301233
54.130744, 0.289301, 26.301233
54.134252, 0.289301, 26.301233
54.137008, 0.289301, 26.301233
54.139491, 0.289301, 26.301233
54.142414, 0.291850, 26.532959
54.145076, 0.289301, 26.301233
54.147219, 0.289301, 26.301233
54.149564, 0.289301, 26.301233
54.152655, 0.289301, 26.301233
54.155425, 0.289301, 26.301233
54.158079, 0.289301, 26.301233
54.160726, 0.289301, 26.301233
54.163418, 0.289301, 26.301233
54.165734, 0.289301, 26.301233
54.168199, 0.289301, 26.301233
54.170836, 0.289301, 26.301233
54.173571, 0.289301, 26.301233
54.175912, 0.289301, 26.301233
54.179673, 0.289301, 26.301233
54.181925, 0.289301, 26.301233
54.184961, 0.291850, 26.532959
54.187283, 0.291850, 26.532959
54.189813, 0.289301, 26.301233
54.192618, 0.289301, 26.301233
54.196378, 0.289301, 26.301233
54.198461, 0.289301, 26.301233
54.200855, 0.289301, 26.301233
54.203866, 0.289301, 26.301233
54.206660, 0.289301, 26.301233
54.209459, 0.289301, 26.301233
54.211745, 0.289301, 26.301233
54.215353, 0.289301, 26.301233
54.217704, 0.289301, 26.301233
54.220323, 0.289301, 26.301233
54.223413, 0.289301, 26.301233
54.225311, 0.289301, 26.301233
54.227956, 0.289301, 26.301233
54.231268, 0.289301, 26.301233
54.234409, 0.289301, 26.301233
54.236916, 0.289301, 26.301233
54.239336, 0.289301, 26.301233
54.242044, 0.289301, 26.301233
54.245487, 0.289301, 26.301233
54.249062, 0.289301, 26.301233
54.252527, 0.289301, 26.301233
54.256765, 0.289301, 26.301233
54.260907, 0.289301, 26.301233
54.264336, 0.289301, 26.301233
54.267929, 0.289301, 26.301233
54.271474, 0.289301, 26.301233
54.274971, 0.289301, 26.301233
54.278674, 0.289301, 26.301233
54.281966, 0.289301, 26.301233
54.285433, 0.289301, 26.301233
54.288743, 0.289301, 26.301233
54.292024, 0.289301, 26.301233
54.295664, 0.289301, 26.301233
54.299145, 0.289301, 26.301233
54.302574, 0.289301, 26.301233
54.306160, 0.289301, 26.301233
54.309619, 0.289301, 26.301233
54.313091, 0.289301, 26.301233
54.316644, 0.289301, 26.301233
54.319967, 0.289301, 26.301233
54.323255, 0.289301, 26.301233
54.326767, 0.289301, 26.301233
54.331422, 0.289301, 26.301233
54.336965, 0.289301, 26.301233
54.342505, 0.289301, 26.301233
54.348471, 0.289301, 26.301233
54.354898, 0.289301, 26.301233
54.360510, 0.289301, 26.301233
54.365835, 0.289301, 26.301233
54.370219, 0.289301, 26.301233
54.374321, 0.289301, 26.301233
54.378606, 0.289301, 26.301233
54.381973, 0.289301, 26.301233
54.384631, 0.289301, 26.301233
54.387464, 0.289301, 26.301233
54.390349, 0.289301, 26.301233
54.394218, 0.289301, 26.301233
54.397003, 0.289301, 26.301233
54.399627, 0.289301, 26.301233
54.402420, 0.289301, 26.301233
54.406233, 0.289301, 26.301233
54.416454, 0.289301, 26.301233
54.426013, 0.289301, 26.301233
54.429461, 0.289301, 26.301233
54.432406, 0.289301, 26.301233
54.435369, 0.289301, 26.301233
54.440291, 0.289301, 26.301233
54.443841, 0.291850, 26.532959
54.446559, 0.289301, 26.301233
54.449735, 0.289301, 26.301233
54.452655, 0.289301, 26.301233
54.455841, 0.289301, 26.301233
54.459468, 0.289301, 26.301233
54.463412, 0.289301, 26.301233
54.468071, 0.289301, 26.301233
54.471954, 0.289301, 26.301233
54.475667, 0.289301, 26.301233
54.479583, 0.289301, 26.301233
54.483277, 0.289301, 26.301233
54.486839, 0.289301, 26.301233
54.490230, 0.289301, 26.301233
54.493532, 0.289301, 26.301233
54.497000, 0.289301, 26.301233
54.500466, 0.289301, 26.301233
54.503780, 0.289301, 26.301233
54.506865, 0.289301, 26.301233
54.510148, 0.289301, 26.301233
54.513519, 0.289301, 26.301233
54.516765, 0.289301, 26.301233
54.520141, 0.289301, 26.301233
54.523417, 0.289301, 26.301233
54.526730, 0.289301, 26.301233
54.530107, 0.289301, 26.301233
54.533421, 0.289301, 26.301233
54.536708, 0.289301, 26.301233
54.539999, 0.289301, 26.301233
54.543383, 0.289301, 26.301233
54.546997, 0.289301, 26.301233
54.550793, 0.289301, 26.301233
54.553122, 0.289301, 26.301233
54.555255, 0.291850, 26.532959
54.557794, 0.289301, 26.301233
54.560727, 0.291850, 26.532959
54.563949, 0.289301, 26.301233
54.567236, 0.289301, 26.301233
54.570433, 0.289301, 26.301233
54.573512, 0.289301, 26.301233
54.576619, 0.289301, 26.301233
54.579056, 0.289301, 26.301233
54.582535, 0.289301, 26.301233
54.585442, 0.289301, 26.301233
54.588152, 0.289301, 26.301233
54.591579, 0.289301, 26.301233
54.594204, 0.289301, 26.301233
54.597806, 0.291850, 26.532959
54.601418, 0.289301, 26.301233
54.603704, 0.289301, 26.301233
54.605913, 0.291850, 26.532959
54.608314, 0.289301, 26.301233
54.611330, 0.289301, 26.301233
54.614398, 0.289301, 26.301233
54.617399, 0.289301, 26.301233
54.620288, 0.289301, 26.301233
54.623809, 0.289301, 26.301233
54.626858, 0.289301, 26.301233
54.629911, 0.289301, 26.301233
54.633102, 0.289301, 26.301233
54.635985, 0.289301, 26.301233
54.638993, 0.289301, 26.301233
54.642039, 0.289301, 26.301233
54.645670, 0.289301, 26.301233
54.647752, 0.289301, 26.301233
54.650360, 0.289301, 26.301233
54.654122, 0.289301, 26.301233
54.657523, 0.291850, 26.532959
54.660993, 0.289301, 26.301233
54.664600, 0.289301, 26.301233
54.668329, 0.291850, 26.532959
54.672101, 0.289301, 26.301233
54.675604, 0.289301, 26.301233
54.678941, 0.289301, 26.301233
54.681328, 0.289301, 26.301233
54.684387, 0.289301, 26.301233
54.687157, 0.289301, 26.301233
54.690649, 0.289301, 26.301233
54.695469, 0.289301, 26.301233
54.700306, 0.289301, 26.301233
54.704873, 0.289301, 26.301233
54.708402, 0.289301, 26.301233
54.711809, 0.289301, 26.301233
54.714919, 0.289301, 26.301233
54.717902, 0.289301, 26.301233
54.720782, 0.289301, 26.301233
54.723968, 0.289301, 26.301233
54.727131, 0.289301, 26.301233
54.729986, 0.289301, 26.301233
54.733335, 0.289301, 26.301233
54.736491, 0.289301, 26.301233
54.739145, 0.289301, 26.301233
54.741837, 0.289301, 26.301233
54.744886, 0.289301, 26.301233
54.747865, 0.289301, 26.301233
54.751269, 0.289301, 26.301233
54.755516, 0.289301, 26.301233
54.759399, 0.289301, 26.301233
54.765014, 0.289301, 26.301233
54.771506, 0.289301, 26.301233
54.782056, 0.289301, 26.301233
54.789820, 0.289301, 26.301233
54.807180, 0.289301, 26.301233
54.812997, 0.289301, 26.301233
54.816308, 0.289301, 26.301233
54.818803, 0.289301, 26.301233
54.821271, 0.289301, 26.301233
54.824060, 0.289301, 26.301233
54.827141, 0.289301, 26.301233
54.830490, 0.289301, 26.301233
54.834064, 0.289301, 26.301233
54.837521, 0.289301, 26.301233
54.840984, 0.289301, 26.301233
54.844619, 0.289301, 26.301233
54.848104, 0.289301, 26.301233
54.851406, 0.289301, 26.301233
54.854806, 0.289301, 26.301233
54.858912, 0.289301, 26.301233
54.862314, 0.289301, 26.301233
54.864881, 0.289301, 26.301233
54.867900, 0.289301, 26.301233
54.871302, 0.289301, 26.301233
54.874506, 0.289301, 26.301233
54.877973, 0.289301, 26.301233
54.881593, 0.289301, 26.301233
54.885169, 0.289301, 26.301233
54.888949, 0.289301, 26.301233
54.892454, 0.289301, 26.301233
54.895813, 0.289301, 26.301233
54.899256, 0.289301, 26.301233
54.902714, 0.289301, 26.301233
54.906054, 0.289301, 26.301233
54.909335, 0.289301, 26.301233
54.912622, 0.289301, 26.301233
54.916027, 0.289301, 26.301233
54.919225, 0.289301, 26.301233
54.922127, 0.289301, 26.301233
54.925179, 0.289301, 26.301233
54.928398, 0.289301, 26.301233
54.931579, 0.289301, 26.301233
54.934950, 0.289301, 26.301233
54.938006, 0.289301, 26.301233
54.940275, 0.289301, 26.301233
54.943211, 0.289301, 26.301233
54.946417, 0.289301, 26.301233
54.948636, 0.289301, 26.301233
54.950984, 0.289301, 26.301233
54.953677, 0.289301, 26.301233
54.956818, 0.289301, 26.301233
54.959746, 0.289301, 26.301233
54.962648, 0.289301, 26.301233
54.964935, 0.289301, 26.301233
54.967440, 0.289301, 26.301233
54.970177, 0.289301, 26.301233
54.973067, 0.289301, 26.301233
54.976464, 0.289301, 26.301233
54.980020, 0.289301, 26.301233
54.982309, 0.289301, 26.301233
54.984832, 0.289301, 26.301233
54.988231, 0.289301, 26.301233
54.991051, 0.289301, 26.301233
54.993980, 0.289301, 26.301233
54.997045, 0.289301, 26.301233
54.999769, 0.289301, 26.301233
55.002881, 0.289301, 26.301233
55.006116, 0.289301, 26.301233
55.009231, 0.289301, 26.301233
55.014590, 0.289301, 26.301233
55.021255, 0.289301, 26.301233
55.029038, 0.289301, 26.301233
55.032869, 0.289301, 26.301233
55.038052, 0.289301, 26.301233
55.040621, 0.289301, 26.301233
55.043761, 0.289301, 26.301233
55.046219, 0.289301, 26.301233
55.048833, 0.289301, 26.301233
55.058696, 0.289301, 26.301233
55.084213, 0.289301, 26.301233
55.090004, 0.289301, 26.301233
55.093191, 0.289301, 26.301233
55.095885, 0.289301, 26.301233
55.098425, 0.289301, 26.301233
55.101478, 0.289301, 26.301233
55.106436, 0.289301, 26.301233
55.113561, 0.289301, 26.301233
55.119974, 0.289301, 26.301233
55.127537, 0.289301, 26.301233
55.140081, 0.289301, 26.301233
55.154913, 0.289301, 26.301233
55.163383, 0.289301, 26.301233
55.171876, 0.289301, 26.301233
55.184502, 0.289301, 26.301233
55.196940, 0.289301, 26.301233
55.208192, 0.289301, 26.301233
55.217120, 0.289301, 26.301233
55.224569, 0.289301, 26.301233
55.231103, 0.289301, 26.301233
55.236720, 0.289301, 26.301233
55.241839, 0.289301, 26.301233
55.246185, 0.289301, 26.301233
55.250218, 0.289301, 26.301233
55.253948, 0.289301, 26.301233
55.257590, 0.289301, 26.301233
55.262081, 0.289301, 26.301233
55.266407, 0.289301, 26.301233
55.270383, 0.289301, 26.301233
55.274811, 0.289301, 26.301233
55.283495, 0.289301, 26.301233
55.291763, 0.289301, 26.301233
55.297982, 0.289301, 26.301233
55.303541, 0.289301, 26.301233
55.309076, 0.289301, 26.301233
55.314764, 0.289301, 26.301233
55.319950, 0.289301, 26.301233
55.324888, 0.289301, 26.301233
55.329645, 0.289301, 26.301233
55.334618, 0.289301, 26.301233
55.339426, 0.289301, 26.301233
55.343734, 0.289301, 26.301233
55.347540, 0.289301, 26.301233
55.351320, 0.291850, 26.532959
55.354803, 0.289301, 26.301233
55.358229, 0.289301, 26.301233
55.361700, 0.289301, 26.301233
55.365103, 0.289301, 26.301233
55.368474, 0.289301, 26.301233
55.371895, 0.289301, 26.301233
55.375363, 0.289301, 26.301233
55.378084, 0.289301, 26.301233
55.381687, 0.289301, 26.301233
55.386008, 0.289301, 26.301233
55.389590, 0.289301, 26.301233
55.393053, 0.289301, 26.301233
55.397864, 0.289301, 26.301233
55.400607, 0.289301, 26.301233
55.403331, 0.289301, 26.301233
55.406236, 0.289301, 26.301233
55.409324, 0.289301, 26.301233
55.413039, 0.289301, 26.301233
55.418393, 0.289301, 26.301233
55.423380, 0.289301, 26.301233
55.428761, 0.289301, 26.301233
55.433847, 0.289301, 26.301233
55.438376, 0.289301, 26.301233
55.442524, 0.289301, 26.301233
55.445604, 0.289301, 26.301233
55.448457, 0.289301, 26.301233
55.451790, 0.289301, 26.301233
55.455112, 0.289301, 26.301233
55.458343, 0.289301, 26.301233
55.461550, 0.289301, 26.301233
55.464710, 0.289301, 26.301233
55.468002, 0.289301, 26.301233
55.471249, 0.289301, 26.301233
55.474366, 0.289301, 26.301233
55.477541, 0.289301, 26.301233
55.481577, 0.289301, 26.301233
55.484701, 0.289301, 26.301233
55.487813, 0.289301, 26.301233
55.491295, 0.289301, 26.301233
55.494583, 0.289301, 26.301233
55.496881, 0.289301, 26.301233
55.502338, 0.289301, 26.301233
55.507979, 0.289301, 26.301233
55.512985, 0.289301, 26.301233
55.516711, 0.289301, 26.301233
55.520833, 0.289301, 26.301233
55.523510, 0.289301, 26.301233
55.525933, 0.289301, 26.301233
55.529170, 0.289301, 26.301233
55.532131, 0.289301, 26.301233
55.535210, 0.289301, 26.301233
55.538348, 0.289301, 26.301233
55.541762, 0.289301, 26.301233
55.545439, 0.289301, 26.301233
55.549351, 0.289301, 26.301233
55.553344, 0.289301, 26.301233
55.557242, 0.289301, 26.301233
55.561229, 0.289301, 26.301233
55.565303, 0.289301, 26.301233
55.569060, 0.289301, 26.301233
55.572695, 0.289301, 26.301233
55.576118, 0.289301, 26.301233
55.579523, 0.289301, 26.301233
55.583201, 0.289301, 26.301233
55.586635, 0.289301, 26.301233
55.590071, 0.289301, 26.301233
55.593821, 0.289301, 26.301233
55.595922, 0.289301, 26.301233
55.598435, 0.289301, 26.301233
55.602207, 0.289301, 26.301233
55.605443, 0.289301, 26.301233
55.610075, 0.289301, 26.301233
55.616076, 0.289301, 26.301233
55.624580, 0.289301, 26.301233
55.636132, 0.289301, 26.301233
55.643425, 0.289301, 26.301233
55.648873, 0.289301, 26.301233
55.653352, 0.289301, 26.301233
55.657596, 0.289301, 26.301233
55.661324, 0.289301, 26.301233
55.665149, 0.289301, 26.301233
55.667713, 0.289301, 26.301233
55.670226, 0.291850, 26.532959
55.673081, 0.289301, 26.301233
55.676188, 0.291850, 26.532959
55.679996, 0.289301, 26.301233
55.683455, 0.289301, 26.301233
55.687086, 0.289301, 26.301233
55.690550, 0.289301, 26.301233
55.693984, 0.289301, 26.301233
55.697647, 0.289301, 26.301233
55.700937, 0.289301, 26.301233
55.704029, 0.289301, 26.301233
55.707255, 0.289301, 26.301233
55.710532, 0.289301, 26.301233
55.713698, 0.289301, 26.301233
55.717895, 0.289301, 26.301233
55.720312, 0.289301, 26.301233
55.722906, 0.289301, 26.301233
55.726423, 0.289301, 26.301233
55.730448, 0.289301, 26.301233
55.734100, 0.291850, 26.532959
55.737631, 0.289301, 26.301233
55.741163, 0.289301, 26.301233
55.744580, 0.289301, 26.301233
55.747875, 0.289301, 26.301233
55.749995, 0.289301, 26.301233
55.752603, 0.289301, 26.301233
55.755589, 0.289301, 26.301233
55.758696, 0.289301, 26.301233
55.762537, 0.289301, 26.301233
55.766187, 0.289301, 26.301233
55.769386, 0.289301, 26.301233
55.772496, 0.289301, 26.301233
55.775458, 0.289301, 26.301233
55.778779, 0.289301, 26.301233
55.781821, 0.289301, 26.301233
55.784870, 0.289301, 26.301233
55.788808, 0.289301, 26.301233
55.792210, 0.289301, 26.301233
55.795163, 0.289301, 26.301233
55.797519, 0.289301, 26.301233
55.800428, 0.289301, 26.301233
55.803567, 0.289301, 26.301233
55.807154, 0.289301, 26.301233
55.810844, 0.289301, 26.301233
55.815024, 0.289301, 26.301233
55.818945, 0.289301, 26.301233
55.822699, 0.289301, 26.301233
55.826259, 0.289301, 26.301233
55.829207, 0.289301, 26.301233
55.831391, 0.289301, 26.301233
55.833960, 0.289301, 26.301233
55.836819, 0.289301, 26.301233
55.840065, 0.289301, 26.301233
55.843879, 0.289301, 26.301233
55.846899, 0.289301, 26.301233
55.850183, 0.289301, 26.301233
55.853158, 0.289301, 26.301233
55.856190, 0.289301, 26.301233
55.859279, 0.289301, 26.301233
55.861840, 0.289301, 26.301233
55.864520, 0.289301, 26.301233
55.867984, 0.289301, 26.301233
55.870866, 0.289301, 26.301233
55.873117, 0.289301, 26.301233
55.875433, 0.289301, 26.301233
55.878449, 0.289301, 26.301233
55.881265, 0.289301, 26.301233
55.883626, 0.289301, 26.301233
55.886322, 0.289301, 26.301233
55.890057, 0.289301, 26.301233
55.894005, 0.289301, 26.301233
55.897748, 0.289301, 26.301233
55.900492, 0.289301, 26.301233
55.902772, 0.289301, 26.301233
55.905301, 0.289301, 26.301233
55.907942, 0.289301, 26.301233
55.912600, 0.289301, 26.301233
55.915561, 0.289301, 26.301233
55.918236, 0.289301, 26.301233
55.920703, 0.289301, 26.301233
55.923209, 0.289301, 26.301233
55.926374, 0.289301, 26.301233
55.929263, 0.289301, 26.301233
55.931678, 0.289301, 26.301233
55.934397, 0.289301, 26.301233
55.937415, 0.289301, 26.301233
55.940479, 0.289301, 26.301233
55.943621, 0.289301, 26.301233
55.946978, 0.289301, 26.301233
55.950338, 0.289301, 26.301233
55.952446, 0.289301, 26.301233
55.955183, 0.289301, 26.301233
55.958345, 0.289301, 26.301233
55.961151, 0.289301, 26.301233
55.963643, 0.289301, 26.301233
55.969792, 0.289301, 26.301233
55.972386, 0.289301, 26.301233
55.975675, 0.289301, 26.301233
55.979334, 0.289301, 26.301233
55.982448, 0.289301, 26.301233
55.986084, 0.289301, 26.301233
55.989990, 0.289301, 26.301233
55.994101, 0.289301, 26.301233
55.996200, 0.289301, 26.301233
55.998552, 0.289301, 26.301233
56.001205, 0.289301, 26.301233
56.004717, 0.289301, 26.301233
56.007515, 0.289301, 26.301233
56.010325, 0.289301, 26.301233
56.014124, 0.289301, 26.301233
56.016987, 0.289301, 26.301233
56.019811, 0.289301, 26.301233
56.022727, 0.289301, 26.301233
56.025644, 0.289301, 26.301233
56.028653, 0.289301, 26.301233
56.031620, 0.289301, 26.301233
56.034938, 0.289301, 26.301233
56.037918, 0.289301, 26.301233
56.040935, 0.289301, 26.301233
56.044634, 0.289301, 26.301233
56.047870, 0.289301, 26.301233
56.050353, 0.289301, 26.301233
56.053288, 0.289301, 26.301233
56.055975, 0.289301, 26.301233
56.058848, 0.289301, 26.301233
56.061944, 0.289301, 26.301233
56.065158, 0.289301, 26.301233
56.068040, 0.289301, 26.301233
56.070911, 0.289301, 26.301233
56.074351, 0.289301, 26.301233
56.077553, 0.289301, 26.301233
56.080696, 0.286752, 26.069506
56.084357, 0.289301, 26.301233
56.086574, 0.289301, 26.301233
56.088844, 0.289301, 26.301233
56.091525, 0.289301, 26.301233
56.094867, 0.289301, 26.301233
56.097249, 0.289301, 26.301233
56.099489, 0.289301, 26.301233
56.101943, 0.289301, 26.301233
56.104939, 0.289301, 26.301233
56.108018, 0.289301, 26.301233
56.111845, 0.289301, 26.301233
56.115813, 0.289301, 26.301233
56.118150, 0.289301, 26.301233
56.120535, 0.289301, 26.301233
56.123249, 0.289301, 26.301233
56.126139, 0.289301, 26.301233
56.128634, 0.289301, 26.301233
56.131310, 0.289301, 26.301233
56.134342, 0.289301, 26.301233
56.137207, 0.289301, 26.301233
56.140688, 0.289301, 26.301233
56.146461, 0.289301, 26.301233
56.152757, 0.289301, 26.301233
56.155853, 0.289301, 26.301233
56.158818, 0.289301, 26.301233
56.161376, 0.289301, 26.301233
56.164439, 0.289301, 26.301233
56.167155, 0.289301, 26.301233
56.169920, 0.289301, 26.301233
56.173069, 0.289301, 26.301233
56.176682, 0.289301, 26.301233
56.180349, 0.289301, 26.301233
56.184055, 0.289301, 26.301233
56.187822, 0.289301, 26.301233
56.191218, 0.289301, 26.301233
56.194526, 0.289301, 26.301233
56.198104, 0.289301, 26.301233
56.201381, 0.289301, 26.301233
56.204489, 0.289301, 26.301233
56.208333, 0.289301, 26.301233
56.210805, 0.289301, 26.301233
56.214495, 0.289301, 26.301233
56.218200, 0.289301, 26.301233
56.221848, 0.289301, 26.301233
56.225308, 0.289301, 26.301233
56.229232, 0.289301, 26.301233
56.234837, 0.289301, 26.301233
56.243374, 0.289301, 26.301233
56.246031, 0.289301, 26.301233
56.248919, 0.289301, 26.301233
56.253362, 0.289301, 26.301233
56.258260, 0.289301, 26.301233
56.261620, 0.289301, 26.301233
56.264312, 0.289301, 26.301233
56.267266, 0.289301, 26.301233
56.270753, 0.289301, 26.301233
56.275566, 0.289301, 26.301233
56.280037, 0.289301, 26.301233
56.283164, 0.289301, 26.301233
56.286731, 0.289301, 26.301233
56.291423, 0.289301, 26.301233
56.295162, 0.289301, 26.301233
56.297716, 0.289301, 26.301233
56.300303, 0.289301, 26.301233
56.303010, 0.289301, 26.301233
56.306049, 0.289301, 26.301233
56.308985, 0.289301, 26.301233
56.312001, 0.289301, 26.301233
56.315147, 0.289301, 26.301233
56.318160, 0.289301, 26.301233
56.321111, 0.289301, 26.301233
56.324464, 0.289301, 26.301233
56.327383, 0.289301, 26.301233
56.329761, 0.289301, 26.301233
56.332847, 0.289301, 26.301233
56.336215, 0.289301, 26.301233
56.339461, 0.289301, 26.301233
56.342854, 0.289301, 26.301233
56.346428, 0.289301, 26.301233
56.348812, 0.289301, 26.301233
56.351174, 0.289301, 26.301233
56.353944, 0.289301, 26.301233
56.357026, 0.289301, 26.301233
56.360331, 0.289301, 26.301233
56.362899, 0.289301, 26.301233
56.365272, 0.289301, 26.301233
56.367944, 0.289301, 26.301233
56.370882, 0.289301, 26.301233
56.373963, 0.289301, 26.301233
56.377457, 0.289301, 26.301233
56.380012, 0.289301, 26.301233
56.382344, 0.289301, 26.301233
56.384821, 0.289301, 26.301233
56.387722, 0.289301, 26.301233
56.390074, 0.289301, 26.301233
56.392326, 0.289301, 26.301233
56.394883, 0.289301, 26.301233
56.397860, 0.289301, 26.301233
56.400804, 0.289301, 26.301233
56.403856, 0.289301, 26.301233
56.406819, 0.289301, 26.301233
56.409854, 0.289301, 26.301233
56.412161, 0.289301, 26.301233
56.414894, 0.289301, 26.301233
56.418186, 0.289301, 26.301233
56.421431, 0.289301, 26.301233
56.424633, 0.289301, 26.301233
56.428240, 0.289301, 26.301233
56.431588, 0.289301, 26.301233
56.434822, 0.289301, 26.301233
56.438335, 0.289301, 26.301233
56.441643, 0.289301, 26.301233
56.444462, 0.289301, 26.301233
56.446615, 0.289301, 26.301233
56.450500, 0.289301, 26.301233
56.453107, 0.289301, 26.301233
56.455823, 0.289301, 26.301233
56.458574, 0.289301, 26.301233
56.461937, 0.289301, 26.301233
56.465418, 0.289301, 26.301233
56.471506, 0.289301, 26.301233
56.477904, 0.289301, 26.301233
56.481280, 0.289301, 26.301233
56.484390, 0.289301, 26.301233
56.487614, 0.289301, 26.301233
56.490620, 0.289301, 26.301233
56.494063, 0.289301, 26.301233
56.497412, 0.289301, 26.301233
56.500403, 0.289301, 26.301233
56.503220, 0.289301, 26.301233
56.506240, 0.289301, 26.301233
56.509239, 0.289301, 26.301233
56.511902, 0.289301, 26.301233
56.514120, 0.289301, 26.301233
56.516904, 0.289301, 26.301233
56.520331, 0.289301, 26.301233
56.523625, 0.289301, 26.301233
56.528049, 0.289301, 26.301233
56.531470, 0.289301, 26.301233
56.534910, 0.289301, 26.301233
56.538303, 0.289301, 26.301233
56.541596, 0.289301, 26.301233
56.544477, 0.289301, 26.301233
56.546953, 0.289301, 26.301233
56.549753, 0.289301, 26.301233
56.552654, 0.289301, 26.301233
56.556152, 0.289301, 26.301233
56.560245, 0.289301, 26.301233
56.563773, 0.289301, 26.301233
56.567385, 0.289301, 26.301233
56.570595, 0.289301, 26.301233
56.573676, 0.289301, 26.301233
56.577542, 0.289301, 26.301233
56.579571, 0.289301, 26.301233
56.582044, 0.289301, 26.301233
56.585140, 0.289301, 26.301233
56.587772, 0.289301, 26.301233
56.589952, 0.289301, 26.301233
56.592202, 0.289301, 26.301233
56.594924, 0.289301, 26.301233
56.597247, 0.289301, 26.301233
56.599574, 0.289301, 26.301233
56.602133, 0.289301, 26.301233
56.605009, 0.289301, 26.301233
56.608288, 0.289301, 26.301233
56.611465, 0.289301, 26.301233
56.614523, 0.289301, 26.301233
56.617709, 0.289301, 26.301233
56.620929, 0.289301, 26.301233
56.624274, 0.289301, 26.301233
56.627993, 0.289301, 26.301233
56.631614, 0.289301, 26.301233
56.635214, 0.289301, 26.301233
56.638657, 0.289301, 26.301233
56.642014, 0.289301, 26.301233
56.645373, 0.289301, 26.301233
56.648617, 0.289301, 26.301233
56.651856, 0.289301, 26.301233
56.655057, 0.289301, 26.301233
56.658440, 0.289301, 26.301233
56.661816, 0.289301, 26.301233
56.665230, 0.289301, 26.301233
56.668467, 0.289301, 26.301233
56.671621, 0.289301, 26.301233
56.674902, 0.289301, 26.301233
56.678379, 0.289301, 26.301233
56.681649, 0.289301, 26.301233
56.684817, 0.289301, 26.301233
56.687905, 0.289301, 26.301233
56.691097, 0.289301, 26.301233
56.694497, 0.289301, 26.301233
56.697850, 0.289301, 26.301233
56.701185, 0.289301, 26.301233
56.704472, 0.289301, 26.301233
56.707566, 0.289301, 26.301233
56.711048, 0.289301, 26.301233
56.714341, 0.289301, 26.301233
56.717551, 0.289301, 26.301233
56.720772, 0.289301, 26.301233
56.724018, 0.289301, 26.301233
56.727541, 0.289301, 26.301233
56.730833, 0.289301, 26.301233
56.734318, 0.289301, 26.301233
56.737423, 0.291850, 26.532959
56.740547, 0.289301, 26.301233
56.743829, 0.289301, 26.301233
56.747212, 0.289301, 26.301233
56.750522, 0.289301, 26.301233
56.753646, 0.289301, 26.301233
56.756758, 0.289301, 26.301233
56.760232, 0.289301, 26.301233
56.763602, 0.289301, 26.301233
56.766885, 0.289301, 26.301233
56.770268, 0.289301, 26.301233
56.773536, 0.289301, 26.301233
56.776850, 0.289301, 26.301233
56.780164, 0.289301, 26.301233
56.783626, 0.289301, 26.301233
56.786985, 0.289301, 26.301233
56.790399, 0.289301, 26.301233
56.793771, 0.289301, 26.301233
56.798357, 0.289301, 26.301233
56.802537, 0.289301, 26.301233
56.806606, 0.289301, 26.301233
56.810271, 0.289301, 26.301233
56.814053, 0.289301, 26.301233
56.819187, 0.289301, 26.301233
56.830047, 0.289301, 26.301233
56.838039, 0.289301, 26.301233
56.843652, 0.289301, 26.301233
56.845956, 0.289301, 26.301233
56.848758, 0.289301, 26.301233
56.851917, 0.289301, 26.301233
56.854952, 0.289301, 26.301233
56.858255, 0.289301, 26.301233
56.861579, 0.289301, 26.301233
56.864635, 0.289301, 26.301233
56.868134, 0.289301, 26.301233
56.871837, 0.289301, 26.301233
56.875531, 0.289301, 26.301233
56.879468, 0.289301, 26.301233
56.883611, 0.289301, 26.301233
56.885537, 0.289301, 26.301233
56.887868, 0.289301, 26.301233
56.890639, 0.289301, 26.301233
56.894451, 0.289301, 26.301233
56.898558, 0.289301, 26.301233
56.901542, 0.289301, 26.301233
56.904332, 0.289301, 26.301233
56.907361, 0.289301, 26.301233
56.910593, 0.289301, 26.301233
56.913851, 0.289301, 26.301233
56.917046, 0.289301, 26.301233
56.920241, 0.289301, 26.301233
56.923764, 0.289301, 26.301233
56.927215, 0.289301, 26.301233
56.930545, 0.289301, 26.301233
56.933915, 0.289301, 26.301233
56.937169, 0.289301, 26.301233
56.940349, 0.289301, 26.301233
56.943658, 0.289301, 26.301233
56.947071, 0.289301, 26.301233
56.950503, 0.289301, 26.301233
56.953826, 0.289301, 26.301233
56.955785, 0.289301, 26.301233
56.958145, 0.289301, 26.301233
56.960824, 0.289301, 26.301233
56.963829, 0.289301, 26.301233
56.966710, 0.289301, 26.301233
56.969570, 0.289301, 26.301233
56.972429, 0.289301, 26.301233
56.975850, 0.289301, 26.301233
56.979655, 0.289301, 26.301233
56.983390, 0.289301, 26.301233
56.986918, 0.289301, 26.301233
56.990811, 0.289301, 26.301233
56.999865, 0.289301, 26.301233
57.013555, 0.289301, 26.301233
57.022099, 0.289301, 26.301233
57.027881, 0.289301, 26.301233
57.030270, 0.289301, 26.301233
57.033573, 0.289301, 26.301233
57.036160, 0.289301, 26.301233
57.038800, 0.289301, 26.301233
57.041794, 0.289301, 26.301233
57.044496, 0.289301, 26.301233
57.046721, 0.289301, 26.301233
57.049335, 0.289301, 26.301233
57.052409, 0.289301, 26.301233
57.055313, 0.289301, 26.301233
57.058193, 0.289301, 26.301233
57.061851, 0.289301, 26.301233
57.064377, 0.289301, 26.301233
57.067812, 0.289301, 26.301233
57.071334, 0.289301, 26.301233
57.074474, 0.289301, 26.301233
57.077278, 0.289301, 26.301233
57.079546, 0.289301, 26.301233
57.082099, 0.289301, 26.301233
57.084734, 0.289301, 26.301233
57.087694, 0.289301, 26.301233
57.090640, 0.289301, 26.301233
57.094268, 0.289301, 26.301233
57.097264, 0.289301, 26.301233
57.100173, 0.289301, 26.301233
57.103610, 0.289301, 26.301233
57.105760, 0.289301, 26.301233
57.109126, 0.289301, 26.301233
57.113228, 0.289301, 26.301233
57.115544, 0.289301, 26.301233
57.117840, 0.289301, 26.301233
57.120515, 0.289301, 26.301233
57.123084, 0.289301, 26.301233
57.125806, 0.289301, 26.301233
57.129654, 0.289301, 26.301233
57.134098, 0.289301, 26.301233
57.137765, 0.289301, 26.301233
57.141373, 0.289301, 26.301233
57.144843, 0.289301, 26.301233
57.147324, 0.289301, 26.301233
57.150109, 0.289301, 26.301233
57.153833, 0.289301, 26.301233
57.157059, 0.289301, 26.301233
57.160081, 0.289301, 26.301233
57.163556, 0.289301, 26.301233
57.166441, 0.289301, 26.301233
57.169238, 0.289301, 26.301233
57.172004, 0.289301, 26.301233
57.175123, 0.289301, 26.301233
57.177491, 0.289301, 26.301233
57.180591, 0.289301, 26.301233
57.184260, 0.289301, 26.301233
57.187728, 0.289301, 26.301233
57.191110, 0.289301, 26.301233
57.194916, 0.289301, 26.301233
57.198304, 0.289301, 26.301233
57.201740, 0.289301, 26.301233
57.205710, 0.289301, 26.301233
57.209035, 0.289301, 26.301233
57.212779, 0.289301, 26.301233
57.216520, 0.289301, 26.301233
57.220178, 0.289301, 26.301233
57.223613, 0.289301, 26.301233
57.227271, 0.289301, 26.301233
57.230894, 0.289301, 26.301233
57.234291, 0.289301, 26.301233
57.237924, 0.289301, 26.301233
57.241185, 0.289301, 26.301233
57.244511, 0.289301, 26.301233
57.247933, 0.289301, 26.301233
57.251169, 0.289301, 26.301233
57.254392, 0.289301, 26.301233
57.257756, 0.289301, 26.301233
57.261750, 0.289301, 26.301233
57.265764, 0.289301, 26.301233
57.268923, 0.289301, 26.301233
57.272227, 0.289301, 26.301233
57.276326, 0.289301, 26.301233
57.280665, 0.289301, 26.301233
57.285714, 0.289301, 26.301233
57.290939, 0.289301, 26.301233
57.295065, 0.289301, 26.301233
57.299575, 0.289301, 26.301233
57.304126, 0.289301, 26.301233
57.308260, 0.289301, 26.301233
57.312528, 0.289301, 26.301233
57.316615, 0.289301, 26.301233
57.320037, 0.289301, 26.301233
57.323242, 0.289301, 26.301233
57.326281, 0.289301, 26.301233
57.329460, 0.289301, 26.301233
57.332381, 0.289301, 26.301233
57.335293, 0.289301, 26.301233
57.338673, 0.289301, 26.301233
57.342307, 0.289301, 26.301233
57.346879, 0.289301, 26.301233
57.352945, 0.289301, 26.301233
57.357910, 0.289301, 26.301233
57.363120, 0.289301, 26.301233
57.365338, 0.289301, 26.301233
57.367841, 0.289301, 26.301233
57.370633, 0.289301, 26.301233
57.373436, 0.289301, 26.301233
57.376349, 0.289301, 26.301233
57.379453, 0.289301, 26.301233
57.382958, 0.289301, 26.301233
57.386491, 0.289301, 26.301233
57.390115, 0.289301, 26.301233
57.393587, 0.289301, 26.301233
57.397417, 0.289301, 26.301233
57.401223, 0.289301, 26.301233
57.404910, 0.289301, 26.301233
57.408399, 0.289301, 26.301233
57.411310, 0.289301, 26.301233
57.413738, 0.289301, 26.301233
57.416987, 0.289301, 26.301233
57.420620, 0.289301, 26.301233
57.423761, 0.289301, 26.301233
57.426214, 0.289301, 26.301233
57.429332, 0.289301, 26.301233
57.432431, 0.289301, 26.301233
57.435477, 0.289301, 26.301233
57.438900, 0.289301, 26.301233
57.443126, 0.289301, 26.301233
57.447218, 0.289301, 26.301233
57.451109, 0.289301, 26.301233
57.456286, 0.289301, 26.301233
57.461649, 0.289301, 26.301233
57.465719, 0.289301, 26.301233
57.469501, 0.289301, 26.301233
57.471658, 0.289301, 26.301233
57.475245, 0.289301, 26.301233
57.480122, 0.289301, 26.301233
57.484849, 0.289301, 26.301233
57.489087, 0.289301, 26.301233
57.493057, 0.289301, 26.301233
57.496697, 0.289301, 26.301233
57.500248, 0.289301, 26.301233
57.504516, 0.289301, 26.301233
57.510465, 0.289301, 26.301233
57.517486, 0.289301, 26.301233
58.025761, 0.289301, 26.301233
58.034460, 0.289301, 26.301233
58.043971, 0.289301, 26.301233
58.067297, 0.289301, 26.301233
58.079368, 0.289301, 26.301233
58.084545, 0.289301, 26.301233
58.092535, 0.289301, 26.301233
58.096601, 0.289301, 26.301233
58.099422, 0.289301, 26.301233
58.102533, 0.289301, 26.301233
58.106782, 0.289301, 26.301233
58.122206, 0.289301, 26.301233
58.133459, 0.289301, 26.301233
58.136949, 0.289301, 26.301233
58.139620, 0.289301, 26.301233
58.142007, 0.289301, 26.301233
58.145602, 0.289301, 26.301233
58.149113, 0.291850, 26.532959
58.154062, 0.289301, 26.301233
58.177328, 0.289301, 26.301233
58.186091, 0.289301, 26.301233
58.189776, 0.289301, 26.301233
58.192512, 0.289301, 26.301233
58.195139, 0.289301, 26.301233
58.197767, 0.289301, 26.301233
58.202088, 0.289301, 26.301233
58.206661, 0.289301, 26.301233
58.211046, 0.289301, 26.301233
58.215215, 0.289301, 26.301233
58.221756, 0.289301, 26.301233
58.229476, 0.289301, 26.301233
58.236273, 0.289301, 26.301233
58.243186, 0.289301, 26.301233
58.250546, 0.289301, 26.301233
58.264570, 0.289301, 26.301233
58.272210, 0.289301, 26.301233
58.277285, 0.289301, 26.301233
58.291465, 0.289301, 26.301233
58.304652, 0.289301, 26.301233
58.315365, 0.289301, 26.301233
58.324464, 0.289301, 26.301233
58.331739, 0.289301, 26.301233
58.338892, 0.289301, 26.301233
58.348148, 0.289301, 26.301233
58.358765, 0.289301, 26.301233
58.367844, 0.289301, 26.301233
58.374468, 0.289301, 26.301233
58.380437, 0.289301, 26.301233
58.385834, 0.289301, 26.301233
58.391157, 0.289301, 26.301233
58.396218, 0.289301, 26.301233
58.400925, 0.289301, 26.301233
58.405164, 0.289301, 26.301233
58.409408, 0.289301, 26.301233
58.413579, 0.289301, 26.301233
58.417503, 0.289301, 26.301233
58.421387, 0.289301, 26.301233
58.425293, 0.289301, 26.301233
58.429217, 0.289301, 26.301233
58.433158, 0.289301, 26.301233
58.437045, 0.289301, 26.301233
58.441136, 0.289301, 26.301233
58.445147, 0.289301, 26.301233
58.449103, 0.289301, 26.301233
58.453001, 0.289301, 26.301233
58.456837, 0.289301, 26.301233
58.460887, 0.289301, 26.301233
58.464486, 0.289301, 26.301233
58.467872, 0.289301, 26.301233
58.471429, 0.289301, 26.301233
58.474794, 0.289301, 26.301233
58.478731, 0.289301, 26.301233
58.482368, 0.289301, 26.301233
58.485600, 0.289301, 26.301233
58.488684, 0.289301, 26.301233
58.491132, 0.289301, 26.301233
58.493305, 0.289301, 26.301233
58.495955, 0.289301, 26.301233
58.498571, 0.289301, 26.301233
58.501388, 0.291850, 26.532959
58.504052, 0.289301, 26.301233
58.506753, 0.289301, 26.301233
58.509534, 0.289301, 26.301233
58.512403, 0.289301, 26.301233
58.514685, 0.289301, 26.301233
58.516826, 0.289301, 26.301233
58.519079, 0.289301, 26.301233
58.521686, 0.289301, 26.301233
58.524398, 0.289301, 26.301233
58.527168, 0.289301, 26.301233
58.530223, 0.289301, 26.301233
58.533093, 0.289301, 26.301233
58.536002, 0.289301, 26.301233
58.538828, 0.289301, 26.301233
58.541910, 0.289301, 26.301233
58.546095, 0.289301, 26.301233
58.551338, 0.289301, 26.301233
58.555012, 0.289301, 26.301233
58.559370, 0.289301, 26.301233
58.563447, 0.289301, 26.301233
58.568444, 0.289301, 26.301233
58.574805, 0.291850, 26.532959
58.583564, 0.289301, 26.301233
58.589944, 0.289301, 26.301233
58.594897, 0.289301, 26.301233
58.599944, 0.289301, 26.301233
58.604039, 0.289301, 26.301233
58.608133, 0.289301, 26.301233
58.612023, 0.289301, 26.301233
58.615428, 0.289301, 26.301233
58.618637, 0.289301, 26.301233
58.621925, 0.289301, 26.301233
58.625004, 0.289301, 26.301233
58.628265, 0.289301, 26.301233
58.631456, 0.289301, 26.301233
58.634795, 0.289301, 26.301233
58.637848, 0.289301, 26.301233
58.640933, 0.289301, 26.301233
58.644163, 0.289301, 26.301233
58.647411, 0.289301, 26.301233
58.650580, 0.289301, 26.301233
58.653740, 0.289301, 26.301233
58.656913, 0.289301, 26.301233
58.660105, 0.289301, 26.301233
58.664079, 0.289301, 26.301233
58.668069, 0.289301, 26.301233
58.671887, 0.289301, 26.301233
58.675475, 0.289301, 26.301233
58.678948, 0.289301, 26.301233
58.682157, 0.289301, 26.301233
58.685269, 0.289301, 26.301233
58.688756, 0.289301, 26.301233
58.690922, 0.289301, 26.301233
58.693837, 0.289301, 26.301233
58.697598, 0.289301, 26.301233
58.701767, 0.289301, 26.301233
58.706038, 0.289301, 26.301233
58.710594, 0.289301, 26.301233
58.715188, 0.289301, 26.301233
58.719491, 0.289301, 26.301233
58.723582, 0.289301, 26.301233
58.727421, 0.289301, 26.301233
58.731225, 0.289301, 26.301233
58.734961, 0.289301, 26.301233
58.738481, 0.289301, 26.301233
58.741901, 0.289301, 26.301233
58.745343, 0.289301, 26.301233
58.748873, 0.289301, 26.301233
58.752264, 0.289301, 26.301233
58.755643, 0.289301, 26.301233
58.758984, 0.289301, 26.301233
58.762793, 0.289301, 26.301233
58.766118, 0.289301, 26.301233
58.770158, 0.289301, 26.301233
58.772567, 0.289301, 26.301233
58.774729, 0.289301, 26.301233
58.777556, 0.289301, 26.301233
58.780873, 0.289301, 26.301233
58.783621, 0.289301, 26.301233
58.786286, 0.289301, 26.301233
58.789168, 0.289301, 26.301233
58.792473, 0.289301, 26.301233
58.795829, 0.289301, 26.301233
58.799208, 0.289301, 26.301233
58.801333, 0.289301, 26.301233
58.803640, 0.289301, 26.301233
58.806328, 0.289301, 26.301233
58.808990, 0.289301, 26.301233
58.811982, 0.289301, 26.301233
58.814949, 0.289301, 26.301233
58.817831, 0.289301, 26.301233
58.820837, 0.289301, 26.301233
58.823735, 0.289301, 26.301233
58.826639, 0.289301, 26.301233
58.829644, 0.289301, 26.301233
58.832954, 0.289301, 26.301233
58.836047, 0.289301, 26.301233
58.838995, 0.291850, 26.532959
58.842627, 0.289301, 26.301233
58.845575, 0.289301, 26.301233
58.848549, 0.289301, 26.301233
58.851493, 0.289301, 26.301233
58.853671, 0.289301, 26.301233
58.856211, 0.289301, 26.301233
58.859304, 0.289301, 26.301233
58.863115, 0.289301, 26.301233
58.866439, 0.289301, 26.301233
58.869729, 0.289301, 26.301233
58.872868, 0.289301, 26.301233
58.876034, 0.289301, 26.301233
58.879847, 0.289301, 26.301233
58.883643, 0.289301, 26.301233
58.887128, 0.289301, 26.301233
58.890634, 0.289301, 26.301233
58.894114, 0.289301, 26.301233
58.896143, 0.289301, 26.301233
58.898537, 0.289301, 26.301233
58.901223, 0.289301, 26.301233
58.904806, 0.289301, 26.301233
58.907932, 0.289301, 26.301233
58.911787, 0.289301, 26.301233
58.915239, 0.289301, 26.301233
58.918352, 0.289301, 26.301233
58.921512, 0.289301, 26.301233
58.924565, 0.289301, 26.301233
58.927662, 0.289301, 26.301233
58.930104, 0.289301, 26.301233
58.933369, 0.289301, 26.301233
58.936747, 0.289301, 26.301233
58.940148, 0.289301, 26.301233
58.943812, 0.289301, 26.301233
58.947578, 0.289301, 26.301233
58.951061, 0.289301, 26.301233
58.954092, 0.289301, 26.301233
58.956029, 0.289301, 26.301233
58.958536, 0.289301, 26.301233
58.961351, 0.289301, 26.301233
58.964550, 0.289301, 26.301233
58.967576, 0.289301, 26.301233
58.970440, 0.289301, 26.301233
58.973377, 0.289301, 26.301233
58.976866, 0.289301, 26.301233
58.980724, 0.289301, 26.301233
58.984519, 0.289301, 26.301233
58.988030, 0.289301, 26.301233
58.991433, 0.289301, 26.301233
58.995042, 0.289301, 26.301233
58.997425, 0.289301, 26.301233
59.000722, 0.289301, 26.301233
59.004860, 0.289301, 26.301233
59.008858, 0.289301, 26.301233
59.012797, 0.289301, 26.301233
59.016450, 0.289301, 26.301233
59.019833, 0.289301, 26.301233
59.023111, 0.289301, 26.301233
59.026544, 0.289301, 26.301233
59.030069, 0.289301, 26.301233
59.033368, 0.289301, 26.301233
59.037029, 0.289301, 26.301233
59.040271, 0.289301, 26.301233
59.043877, 0.289301, 26.301233
59.046377, 0.289301, 26.301233
59.048675, 0.289301, 26.301233
59.051268, 0.289301, 26.301233
59.053976, 0.289301, 26.301233
59.056906, 0.289301, 26.301233
59.059692, 0.289301, 26.301233
59.062912, 0.289301, 26.301233
59.066080, 0.289301, 26.301233
59.068419, 0.289301, 26.301233
59.071286, 0.289301, 26.301233
59.074335, 0.289301, 26.301233
59.078088, 0.289301, 26.301233
59.080807, 0.289301, 26.301233
59.083116, 0.289301, 26.301233
59.085748, 0.289301, 26.301233
59.089774, 0.289301, 26.301233
59.095564, 0.289301, 26.301233
59.102140, 0.289301, 26.301233
59.109514, 0.289301, 26.301233
59.116541, 0.289301, 26.301233
59.123695, 0.289301, 26.301233
59.129695, 0.289301, 26.301233
59.135751, 0.289301, 26.301233
59.141101, 0.289301, 26.301233
59.148210, 0.289301, 26.301233
59.156776, 0.289301, 26.301233
59.166178, 0.289301, 26.301233
59.173444, 0.289301, 26.301233
59.182831, 0.289301, 26.301233
59.190369, 0.289301, 26.301233
59.197759, 0.289301, 26.301233
59.204203, 0.289301, 26.301233
59.210753, 0.289301, 26.301233
59.217403, 0.289301, 26.301233
59.224719, 0.289301, 26.301233
59.232475, 0.289301, 26.301233
59.241312, 0.289301, 26.301233
59.249592, 0.289301, 26.301233
59.256954, 0.289301, 26.301233
59.264973, 0.289301, 26.301233
59.272112, 0.289301, 26.301233
59.278466, 0.289301, 26.301233
59.284477, 0.289301, 26.301233
59.290665, 0.289301, 26.301233
59.296222, 0.289301, 26.301233
59.301308, 0.291850, 26.532959
59.305430, 0.289301, 26.301233
59.309457, 0.289301, 26.301233
59.313896, 0.289301, 26.301233
59.318967, 0.289301, 26.301233
59.324521, 0.289301, 26.301233
59.330011, 0.289301, 26.301233
59.334968, 0.289301, 26.301233
59.340445, 0.289301, 26.301233
59.346494, 0.289301, 26.301233
59.353004, 0.289301, 26.301233
59.358202, 0.289301, 26.301233
59.363259, 0.289301, 26.301233
59.366755, 0.289301, 26.301233
59.371164, 0.289301, 26.301233
59.374919, 0.289301, 26.301233
59.383512, 0.289301, 26.301233
59.393125, 0.289301, 26.301233
59.402519, 0.289301, 26.301233
59.412488, 0.289301, 26.301233
59.418938, 0.289301, 26.301233
59.425113, 0.289301, 26.301233
59.431063, 0.289301, 26.301233
59.436611, 0.289301, 26.301233
59.442304, 0.289301, 26.301233
59.445179, 0.289301, 26.301233
59.448974, 0.289301, 26.301233
59.454044, 0.289301, 26.301233
59.459881, 0.289301, 26.301233
59.468611, 0.289301, 26.301233
59.475495, 0.289301, 26.301233
59.481791, 0.289301, 26.301233
59.488611, 0.289301, 26.301233
59.495289, 0.289301, 26.301233
59.502192, 0.289301, 26.301233
59.511951, 0.289301, 26.301233
59.523193, 0.289301, 26.301233
59.535522, 0.289301, 26.301233
59.546472, 0.289301, 26.301233
59.555223, 0.289301, 26.301233
59.559795, 0.289301, 26.301233
59.564526, 0.289301, 26.301233
59.570986, 0.289301, 26.301233
59.576627, 0.289301, 26.301233
59.582514, 0.289301, 26.301233
59.587032, 0.289301, 26.301233
59.591743, 0.289301, 26.301233
59.596905, 0.289301, 26.301233
59.601831, 0.289301, 26.301233
59.606460, 0.289301, 26.301233
59.610759, 0.289301, 26.301233
59.614918, 0.289301, 26.301233
59.619084, 0.289301, 26.301233
59.624454, 0.289301, 26.301233
59.630429, 0.289301, 26.301233
59.635111, 0.289301, 26.301233
59.639375, 0.291850, 26.532959
59.644156, 0.289301, 26.301233
59.649140, 0.289301, 26.301233
59.654170, 0.289301, 26.301233
59.658867, 0.289301, 26.301233
59.663539, 0.289301, 26.301233
59.667451, 0.289301, 26.301233
59.671201, 0.289301, 26.301233
59.674752, 0.289301, 26.301233
59.678247, 0.289301, 26.301233
59.681747, 0.289301, 26.301233
59.685211, 0.289301, 26.301233
59.688549, 0.289301, 26.301233
59.691914, 0.289301, 26.301233
59.695274, 0.289301, 26.301233
59.698639, 0.289301, 26.301233
59.702125, 0.289301, 26.301233
59.705481, 0.289301, 26.301233
59.708710, 0.289301, 26.301233
59.712217, 0.289301, 26.301233
59.715693, 0.289301, 26.301233
59.719105, 0.289301, 26.301233
59.722563, 0.289301, 26.301233
59.725955, 0.289301, 26.301233
59.729349, 0.289301, 26.301233
59.733203, 0.289301, 26.301233
59.737047, 0.289301, 26.301233
59.740778, 0.289301, 26.301233
59.744729, 0.289301, 26.301233
59.748485, 0.289301, 26.301233
59.752123, 0.289301, 26.301233
59.755717, 0.289301, 26.301233
59.759239, 0.289301, 26.301233
59.762840, 0.291850, 26.532959
59.766256, 0.289301, 26.301233
59.769692, 0.289301, 26.301233
59.773075, 0.289301, 26.301233
59.776379, 0.289301, 26.301233
59.779713, 0.289301, 26.301233
59.783316, 0.289301, 26.301233
59.785996, 0.289301, 26.301233
59.788469, 0.289301, 26.301233
59.791497, 0.289301, 26.301233
59.794654, 0.289301, 26.301233
59.797622, 0.289301, 26.301233
59.800535, 0.289301, 26.301233
59.803357, 0.289301, 26.301233
59.805463, 0.289301, 26.301233
59.807774, 0.289301, 26.301233
59.810689, 0.289301, 26.301233
59.813975, 0.289301, 26.301233
59.816381, 0.289301, 26.301233
59.819048, 0.289301, 26.301233
59.821760, 0.289301, 26.301233
59.824647, 0.289301, 26.301233
59.827595, 0.289301, 26.301233
59.830169, 0.289301, 26.301233
59.832442, 0.289301, 26.301233
59.835606, 0.289301, 26.301233
59.838474, 0.289301, 26.301233
59.841434, 0.289301, 26.301233
59.845019, 0.289301, 26.301233
59.849372, 0.289301, 26.301233
59.853759, 0.289301, 26.301233
59.862624, 0.289301, 26.301233
59.873474, 0.289301, 26.301233
59.880845, 0.289301, 26.301233
59.886434, 0.289301, 26.301233
59.891635, 0.289301, 26.301233
59.895817, 0.289301, 26.301233
59.899492, 0.289301, 26.301233
59.902943, 0.289301, 26.301233
59.906352, 0.289301, 26.301233
59.909664, 0.289301, 26.301233
59.912883, 0.289301, 26.301233
59.916223, 0.289301, 26.301233
59.919440, 0.289301, 26.301233
59.922640, 0.289301, 26.301233
59.926975, 0.289301, 26.301233
59.930615, 0.289301, 26.301233
59.933876, 0.289301, 26.301233
59.937209, 0.289301, 26.301233
59.940369, 0.289301, 26.301233
59.943594, 0.289301, 26.301233
59.946991, 0.289301, 26.301233
59.950153, 0.289301, 26.301233
59.953370, 0.289301, 26.301233
59.956533, 0.289301, 26.301233
59.959793, 0.289301, 26.301233
59.963201, 0.289301, 26.301233
59.967009, 0.289301, 26.301233
59.970583, 0.289301, 26.301233
59.974024, 0.289301, 26.301233
59.977709, 0.289301, 26.301233
59.981180, 0.289301, 26.301233
59.984576, 0.291850, 26.532959
59.988409, 0.289301, 26.301233
59.992062, 0.289301, 26.301233
59.995683, 0.289301, 26.301233
59.999538, 0.289301, 26.301233
60.003007, 0.289301, 26.301233
