Time (s),Voltage (V),Pressure
0.848449, 0.057672, 5.243432
0.963696, 0.057672, 5.243432
1.050551, 0.057672, 5.243432
1.090167, 0.057672, 5.243432
1.187406, 0.057672, 5.243432
1.207734, 0.057672, 5.243432
1.213071, 0.057672, 5.243432
1.216635, 0.057672, 5.243432
1.220189, 0.057672, 5.243432
1.223437, 0.057672, 5.243432
1.227021, 0.057672, 5.243432
1.231470, 0.057672, 5.243432
1.235723, 0.057672, 5.243432
1.238999, 0.057672, 5.243432
1.242461, 0.057672, 5.243432
1.250642, 0.057672, 5.243432
1.254256, 0.057672, 5.243432
1.261374, 0.057672, 5.243432
1.269134, 0.057672, 5.243432
1.275367, 0.057672, 5.243432
1.281507, 0.057672, 5.243432
1.287754, 0.057672, 5.243432
1.293511, 0.057672, 5.243432
1.298800, 0.057672, 5.243432
1.303427, 0.057672, 5.243432
1.307879, 0.057672, 5.243432
1.312153, 0.057672, 5.243432
1.316354, 0.057672, 5.243432
1.320595, 0.055122, 5.011607
1.324992, 0.057672, 5.243432
1.330060, 0.057672, 5.243432
1.334971, 0.057672, 5.243432
1.339703, 0.057672, 5.243432
1.343941, 0.057672, 5.243432
1.347941, 0.057672, 5.243432
1.351799, 0.057672, 5.243432
1.355503, 0.057672, 5.243432
1.359350, 0.057672, 5.243432
1.363251, 0.057672, 5.243432
1.367233, 0.057672, 5.243432
1.371163, 0.057672, 5.243432
1.375339, 0.057672, 5.243432
1.379580, 0.057672, 5.243432
1.383882, 0.057672, 5.243432
1.388058, 0.057672, 5.243432
1.392116, 0.057672, 5.243432
1.395983, 0.057672, 5.243432
1.399838, 0.057672, 5.243432
1.404045, 0.057672, 5.243432
1.408252, 0.057672, 5.243432
1.412540, 0.055122, 5.011607
1.416770, 0.057672, 5.243432
1.420653, 0.057672, 5.243432
1.423868, 0.057672, 5.243432
1.429033, 0.057672, 5.243432
1.432362, 0.057672, 5.243432
1.436715, 0.055122, 5.011607
1.441239, 0.055122, 5.011607
1.445456, 0.055122, 5.011607
1.449385, 0.057672, 5.243432
1.453553, 0.057672, 5.243432
1.457358, 0.057672, 5.243432
1.461344, 0.057672, 5.243432
1.465427, 0.057672, 5.243432
1.469360, 0.057672, 5.243432
1.473605, 0.057672, 5.243432
1.476855, 0.057672, 5.243432
1.479546, 0.057672, 5.243432
1.482441, 0.057672, 5.243432
1.485804, 0.057672, 5.243432
1.489216, 0.057672, 5.243432
1.492521, 0.057672, 5.243432
1.495983, 0.057672, 5.243432
1.499451, 0.057672, 5.243432
1.503809, 0.057672, 5.243432
1.507742, 0.057672, 5.243432
1.511035, 0.057672, 5.243432
1.514359, 0.055122, 5.011607
1.517581, 0.057672, 5.243432
1.521062, 0.057672, 5.243432
1.524711, 0.057672, 5.243432
1.528349, 0.057672, 5.243432
1.532027, 0.057672, 5.243432
1.536486, 0.057672, 5.243432
1.540040, 0.057672, 5.243432
1.543542, 0.057672, 5.243432
1.547013, 0.057672, 5.243432
1.551305, 0.057672, 5.243432
1.554789, 0.057672, 5.243432
1.558815, 0.057672, 5.243432
1.561926, 0.057672, 5.243432
1.565122, 0.057672, 5.243432
1.568024, 0.057672, 5.243432
1.573100, 0.060222, 5.475256
1.577875, 0.055122, 5.011607
1.582858, 0.057672, 5.243432
1.587211, 0.057672, 5.243432
1.590588, 0.060222, 5.475256
1.594584, 0.057672, 5.243432
1.600880, 0.055122, 5.011607
1.745623, 0.060222, 5.475256
1.752022, 0.057672, 5.243432
1.764586, 0.057672, 5.243432
1.770256, 0.057672, 5.243432
1.774836, 0.057672, 5.243432
1.777346, 0.057672, 5.243432
1.779697, 0.057672, 5.243432
1.782378, 0.057672, 5.243432
1.786599, 0.057672, 5.243432
1.790333, 0.057672, 5.243432
1.792975, 0.057672, 5.243432
1.796951, 0.055122, 5.011607
1.800596, 0.057672, 5.243432
1.804591, 0.057672, 5.243432
1.808338, 0.057672, 5.243432
1.812416, 0.057672, 5.243432
1.815976, 0.057672, 5.243432
1.820628, 0.057672, 5.243432
1.824906, 0.057672, 5.243432
1.828776, 0.057672, 5.243432
1.832582, 0.057672, 5.243432
1.836103, 0.057672, 5.243432
1.840140, 0.057672, 5.243432
1.844792, 0.057672, 5.243432
1.851640, 0.057672, 5.243432
1.873232, 0.057672, 5.243432
1.878833, 0.055122, 5.011607
1.882455, 0.057672, 5.243432
1.885429, 0.057672, 5.243432
1.889372, 0.057672, 5.243432
1.898071, 0.057672, 5.243432
1.920687, 0.057672, 5.243432
1.943934, 0.057672, 5.243432
1.949404, 0.057672, 5.243432
1.953233, 0.057672, 5.243432
1.956435, 0.057672, 5.243432
1.969591, 0.057672, 5.243432
1.984601, 0.057672, 5.243432
1.990138, 0.055122, 5.011607
1.993657, 0.057672, 5.243432
1.996800, 0.057672, 5.243432
2.004503, 0.057672, 5.243432
2.025871, 0.055122, 5.011607
2.036353, 0.057672, 5.243432
2.040378, 0.057672, 5.243432
2.043453, 0.057672, 5.243432
2.046881, 0.057672, 5.243432
2.051157, 0.057672, 5.243432
2.056788, 0.057672, 5.243432
2.072100, 0.057672, 5.243432
2.084068, 0.057672, 5.243432
2.088084, 0.057672, 5.243432
2.091354, 0.057672, 5.243432
2.094435, 0.055122, 5.011607
2.100405, 0.057672, 5.243432
2.107063, 0.057672, 5.243432
2.114875, 0.055122, 5.011607
2.123567, 0.057672, 5.243432
2.132555, 0.057672, 5.243432
2.139679, 0.057672, 5.243432
2.146285, 0.057672, 5.243432
2.153687, 0.057672, 5.243432
2.157376, 0.057672, 5.243432
2.161023, 0.057672, 5.243432
2.164726, 0.057672, 5.243432
2.168872, 0.057672, 5.243432
2.173081, 0.057672, 5.243432
2.177344, 0.057672, 5.243432
2.192611, 0.057672, 5.243432
2.207508, 0.055122, 5.011607
2.211871, 0.055122, 5.011607
2.215266, 0.057672, 5.243432
2.219128, 0.057672, 5.243432
2.223025, 0.057672, 5.243432
2.227557, 0.057672, 5.243432
2.244871, 0.057672, 5.243432
2.263305, 0.057672, 5.243432
2.269344, 0.057672, 5.243432
2.275073, 0.057672, 5.243432
2.302400, 0.057672, 5.243432
2.316255, 0.057672, 5.243432
2.321802, 0.057672, 5.243432
2.327371, 0.057672, 5.243432
2.331260, 0.057672, 5.243432
2.335504, 0.057672, 5.243432
2.341573, 0.055122, 5.011607
2.359323, 0.057672, 5.243432
2.369746, 0.057672, 5.243432
2.373497, 0.057672, 5.243432
2.376342, 0.057672, 5.243432
2.379141, 0.057672, 5.243432
2.381937, 0.060222, 5.475256
2.385714, 0.057672, 5.243432
2.411996, 0.057672, 5.243432
2.420676, 0.057672, 5.243432
2.425400, 0.057672, 5.243432
2.428416, 0.057672, 5.243432
2.434304, 0.060222, 5.475256
2.457475, 0.057672, 5.243432
2.468800, 0.057672, 5.243432
2.475163, 0.055122, 5.011607
2.480207, 0.057672, 5.243432
2.483141, 0.057672, 5.243432
2.486947, 0.057672, 5.243432
2.506522, 0.057672, 5.243432
2.517844, 0.057672, 5.243432
2.521747, 0.057672, 5.243432
2.524743, 0.057672, 5.243432
2.527754, 0.055122, 5.011607
2.531042, 0.055122, 5.011607
2.534974, 0.057672, 5.243432
2.539375, 0.057672, 5.243432
2.543727, 0.057672, 5.243432
2.548583, 0.057672, 5.243432
2.553476, 0.057672, 5.243432
2.558846, 0.057672, 5.243432
2.563562, 0.057672, 5.243432
2.567957, 0.057672, 5.243432
2.572313, 0.057672, 5.243432
2.576593, 0.057672, 5.243432
2.581277, 0.057672, 5.243432
2.586019, 0.057672, 5.243432
2.590768, 0.057672, 5.243432
2.595290, 0.057672, 5.243432
2.599836, 0.057672, 5.243432
2.604582, 0.057672, 5.243432
2.608059, 0.057672, 5.243432
2.611431, 0.057672, 5.243432
2.614884, 0.057672, 5.243432
2.619067, 0.057672, 5.243432
2.622436, 0.057672, 5.243432
2.625991, 0.057672, 5.243432
2.631556, 0.057672, 5.243432
2.635147, 0.057672, 5.243432
2.637655, 0.057672, 5.243432
2.640125, 0.057672, 5.243432
2.642803, 0.057672, 5.243432
2.651287, 0.057672, 5.243432
2.669943, 0.057672, 5.243432
2.676586, 0.057672, 5.243432
2.680089, 0.057672, 5.243432
2.683047, 0.057672, 5.243432
2.687314, 0.057672, 5.243432
2.693616, 0.057672, 5.243432
2.699358, 0.060222, 5.475256
2.705381, 0.055122, 5.011607
2.709803, 0.057672, 5.243432
2.712984, 0.055122, 5.011607
2.716601, 0.057672, 5.243432
2.721830, 0.057672, 5.243432
2.724508, 0.057672, 5.243432
2.727489, 0.057672, 5.243432
2.738578, 0.057672, 5.243432
2.757214, 0.057672, 5.243432
2.761630, 0.057672, 5.243432
2.764631, 0.057672, 5.243432
2.767271, 0.057672, 5.243432
2.770376, 0.057672, 5.243432
2.776185, 0.057672, 5.243432
2.781813, 0.057672, 5.243432
2.789033, 0.057672, 5.243432
2.795106, 0.057672, 5.243432
2.798710, 0.057672, 5.243432
2.802062, 0.057672, 5.243432
2.805090, 0.055122, 5.011607
2.807948, 0.057672, 5.243432
2.810835, 0.057672, 5.243432
2.813635, 0.057672, 5.243432
2.816622, 0.060222, 5.475256
2.819978, 0.057672, 5.243432
2.823227, 0.057672, 5.243432
2.826421, 0.060222, 5.475256
2.830412, 0.057672, 5.243432
2.836028, 0.057672, 5.243432
2.840809, 0.057672, 5.243432
2.845241, 0.057672, 5.243432
2.849584, 0.057672, 5.243432
2.854498, 0.057672, 5.243432
2.857518, 0.057672, 5.243432
2.860558, 0.057672, 5.243432
2.863795, 0.057672, 5.243432
2.867377, 0.057672, 5.243432
2.871477, 0.057672, 5.243432
2.875546, 0.055122, 5.011607
2.878796, 0.057672, 5.243432
2.882099, 0.057672, 5.243432
2.887453, 0.057672, 5.243432
2.892397, 0.057672, 5.243432
2.898328, 0.057672, 5.243432
2.903882, 0.057672, 5.243432
2.909065, 0.057672, 5.243432
2.913585, 0.057672, 5.243432
2.918401, 0.057672, 5.243432
2.922520, 0.055122, 5.011607
2.926393, 0.057672, 5.243432
2.930556, 0.057672, 5.243432
2.934354, 0.057672, 5.243432
2.937220, 0.055122, 5.011607
2.940275, 0.057672, 5.243432
2.943565, 0.057672, 5.243432
2.951009, 0.057672, 5.243432
2.956880, 0.057672, 5.243432
2.960360, 0.057672, 5.243432
2.963505, 0.057672, 5.243432
2.966769, 0.057672, 5.243432
2.970730, 0.057672, 5.243432
2.974462, 0.057672, 5.243432
2.977638, 0.057672, 5.243432
2.980529, 0.057672, 5.243432
2.983621, 0.057672, 5.243432
2.986750, 0.057672, 5.243432
2.991426, 0.057672, 5.243432
2.996288, 0.055122, 5.011607
2.999872, 0.057672, 5.243432
3.002923, 0.057672, 5.243432
3.006003, 0.057672, 5.243432
3.009292, 0.057672, 5.243432
3.012684, 0.057672, 5.243432
3.018206, 0.057672, 5.243432
3.020693, 0.057672, 5.243432
3.028444, 0.057672, 5.243432
3.036172, 0.057672, 5.243432
3.042672, 0.055122, 5.011607
3.048096, 0.055122, 5.011607
3.052990, 0.057672, 5.243432
3.057676, 0.057672, 5.243432
3.061742, 0.057672, 5.243432
3.065869, 0.057672, 5.243432
3.069502, 0.057672, 5.243432
3.072431, 0.057672, 5.243432
3.075463, 0.057672, 5.243432
3.079113, 0.057672, 5.243432
3.084190, 0.057672, 5.243432
3.089612, 0.057672, 5.243432
3.094226, 0.060222, 5.475256
3.110286, 0.057672, 5.243432
3.124811, 0.057672, 5.243432
3.129307, 0.057672, 5.243432
3.132629, 0.057672, 5.243432
3.135745, 0.057672, 5.243432
3.138871, 0.057672, 5.243432
3.142069, 0.057672, 5.243432
3.145928, 0.055122, 5.011607
3.154004, 0.055122, 5.011607
3.173001, 0.057672, 5.243432
3.178109, 0.057672, 5.243432
3.181653, 0.057672, 5.243432
3.184792, 0.057672, 5.243432
3.187843, 0.057672, 5.243432
3.191385, 0.057672, 5.243432
3.195902, 0.057672, 5.243432
3.209803, 0.057672, 5.243432
3.225986, 0.057672, 5.243432
3.230885, 0.057672, 5.243432
3.234449, 0.057672, 5.243432
3.237317, 0.057672, 5.243432
3.240964, 0.057672, 5.243432
3.243764, 0.055122, 5.011607
3.246500, 0.057672, 5.243432
3.249805, 0.057672, 5.243432
3.255007, 0.055122, 5.011607
3.273428, 0.057672, 5.243432
3.278947, 0.057672, 5.243432
3.282428, 0.057672, 5.243432
3.286230, 0.055122, 5.011607
3.289747, 0.057672, 5.243432
3.294315, 0.057672, 5.243432
3.305424, 0.057672, 5.243432
3.323801, 0.057672, 5.243432
3.328357, 0.057672, 5.243432
3.331533, 0.057672, 5.243432
3.334235, 0.057672, 5.243432
3.337011, 0.057672, 5.243432
3.339919, 0.057672, 5.243432
3.343021, 0.057672, 5.243432
3.346287, 0.055122, 5.011607
3.349586, 0.057672, 5.243432
3.352904, 0.057672, 5.243432
3.358186, 0.057672, 5.243432
3.363166, 0.057672, 5.243432
3.366880, 0.057672, 5.243432
3.369996, 0.057672, 5.243432
3.372761, 0.055122, 5.011607
3.375623, 0.057672, 5.243432
3.378872, 0.057672, 5.243432
3.382208, 0.057672, 5.243432
3.387091, 0.057672, 5.243432
3.396955, 0.057672, 5.243432
3.419672, 0.057672, 5.243432
3.425890, 0.057672, 5.243432
3.429560, 0.057672, 5.243432
3.432415, 0.057672, 5.243432
3.435490, 0.057672, 5.243432
3.439769, 0.055122, 5.011607
3.445565, 0.057672, 5.243432
3.450869, 0.055122, 5.011607
3.455880, 0.057672, 5.243432
3.460678, 0.057672, 5.243432
3.464886, 0.057672, 5.243432
3.469095, 0.057672, 5.243432
3.480150, 0.060222, 5.475256
3.484228, 0.057672, 5.243432
3.488434, 0.057672, 5.243432
3.492675, 0.057672, 5.243432
3.496658, 0.057672, 5.243432
3.500508, 0.057672, 5.243432
3.504572, 0.057672, 5.243432
3.508402, 0.057672, 5.243432
3.512208, 0.057672, 5.243432
3.515762, 0.057672, 5.243432
3.519831, 0.057672, 5.243432
3.523489, 0.057672, 5.243432
3.527502, 0.057672, 5.243432
3.530995, 0.057672, 5.243432
3.534745, 0.057672, 5.243432
3.538444, 0.057672, 5.243432
3.542089, 0.057672, 5.243432
3.545973, 0.057672, 5.243432
3.549717, 0.057672, 5.243432
3.553449, 0.057672, 5.243432
3.557895, 0.057672, 5.243432
3.562483, 0.057672, 5.243432
3.567337, 0.057672, 5.243432
3.573681, 0.057672, 5.243432
3.579162, 0.057672, 5.243432
3.584433, 0.057672, 5.243432
3.588117, 0.057672, 5.243432
3.590930, 0.057672, 5.243432
3.593711, 0.057672, 5.243432
3.597248, 0.057672, 5.243432
3.601269, 0.057672, 5.243432
3.604812, 0.055122, 5.011607
3.610311, 0.057672, 5.243432
3.614893, 0.055122, 5.011607
3.619140, 0.055122, 5.011607
3.623081, 0.057672, 5.243432
3.627029, 0.057672, 5.243432
3.630586, 0.057672, 5.243432
3.634282, 0.057672, 5.243432
3.638129, 0.057672, 5.243432
3.641079, 0.057672, 5.243432
3.644104, 0.055122, 5.011607
3.647430, 0.057672, 5.243432
3.650170, 0.057672, 5.243432
3.653473, 0.057672, 5.243432
3.657489, 0.055122, 5.011607
3.661277, 0.057672, 5.243432
3.664312, 0.057672, 5.243432
3.667062, 0.057672, 5.243432
3.670549, 0.057672, 5.243432
3.673958, 0.057672, 5.243432
3.677315, 0.057672, 5.243432
3.680147, 0.057672, 5.243432
3.683146, 0.057672, 5.243432
3.686423, 0.057672, 5.243432
3.690828, 0.057672, 5.243432
3.696004, 0.057672, 5.243432
3.700246, 0.057672, 5.243432
3.703778, 0.057672, 5.243432
3.706709, 0.057672, 5.243432
3.709302, 0.057672, 5.243432
3.712242, 0.057672, 5.243432
3.715442, 0.057672, 5.243432
3.718916, 0.055122, 5.011607
3.724228, 0.055122, 5.011607
3.729319, 0.057672, 5.243432
3.733726, 0.057672, 5.243432
3.737526, 0.057672, 5.243432
3.740501, 0.057672, 5.243432
3.743454, 0.057672, 5.243432
3.746550, 0.057672, 5.243432
3.750293, 0.057672, 5.243432
3.753463, 0.057672, 5.243432
3.756745, 0.057672, 5.243432
3.760027, 0.055122, 5.011607
3.763329, 0.057672, 5.243432
3.766790, 0.057672, 5.243432
3.770693, 0.057672, 5.243432
3.774033, 0.057672, 5.243432
3.777411, 0.057672, 5.243432
3.780870, 0.057672, 5.243432
3.784297, 0.055122, 5.011607
3.788677, 0.057672, 5.243432
3.792756, 0.055122, 5.011607
3.796878, 0.057672, 5.243432
3.801962, 0.057672, 5.243432
3.805053, 0.055122, 5.011607
3.807757, 0.057672, 5.243432
3.810681, 0.057672, 5.243432
3.813903, 0.057672, 5.243432
3.817998, 0.057672, 5.243432
3.821336, 0.057672, 5.243432
3.824749, 0.057672, 5.243432
3.829399, 0.057672, 5.243432
3.844139, 0.057672, 5.243432
3.853577, 0.060222, 5.475256
3.857724, 0.057672, 5.243432
3.861835, 0.057672, 5.243432
3.874624, 0.057672, 5.243432
3.896598, 0.055122, 5.011607
3.902479, 0.057672, 5.243432
3.905637, 0.057672, 5.243432
3.908456, 0.057672, 5.243432
3.911304, 0.057672, 5.243432
3.914458, 0.057672, 5.243432
3.917763, 0.057672, 5.243432
3.921206, 0.055122, 5.011607
3.925130, 0.057672, 5.243432
3.939000, 0.057672, 5.243432
3.957231, 0.057672, 5.243432
3.961711, 0.057672, 5.243432
3.964773, 0.057672, 5.243432
3.967521, 0.060222, 5.475256
3.970084, 0.057672, 5.243432
3.973259, 0.057672, 5.243432
3.976467, 0.057672, 5.243432
3.980772, 0.057672, 5.243432
4.002370, 0.057672, 5.243432
4.008847, 0.057672, 5.243432
4.012591, 0.057672, 5.243432
4.015832, 0.057672, 5.243432
4.018925, 0.057672, 5.243432
4.021848, 0.057672, 5.243432
4.026664, 0.055122, 5.011607
4.032442, 0.057672, 5.243432
4.036101, 0.057672, 5.243432
4.038673, 0.057672, 5.243432
4.041422, 0.057672, 5.243432
4.047155, 0.057672, 5.243432
4.053186, 0.057672, 5.243432
4.058273, 0.057672, 5.243432
4.062520, 0.057672, 5.243432
4.066860, 0.057672, 5.243432
4.070724, 0.057672, 5.243432
4.074234, 0.057672, 5.243432
4.077584, 0.057672, 5.243432
4.080901, 0.057672, 5.243432
4.084124, 0.057672, 5.243432
4.087411, 0.057672, 5.243432
4.090513, 0.057672, 5.243432
4.093670, 0.057672, 5.243432
4.097068, 0.057672, 5.243432
4.100764, 0.057672, 5.243432
4.109498, 0.057672, 5.243432
4.126376, 0.057672, 5.243432
4.151867, 0.057672, 5.243432
4.163052, 0.057672, 5.243432
4.167294, 0.057672, 5.243432
4.170248, 0.057672, 5.243432
4.172785, 0.057672, 5.243432
4.175551, 0.057672, 5.243432
4.178647, 0.055122, 5.011607
4.182518, 0.057672, 5.243432
4.193342, 0.057672, 5.243432
4.209902, 0.057672, 5.243432
4.214202, 0.057672, 5.243432
4.217595, 0.057672, 5.243432
4.220313, 0.057672, 5.243432
4.222931, 0.057672, 5.243432
4.225782, 0.057672, 5.243432
4.228773, 0.055122, 5.011607
4.231772, 0.057672, 5.243432
4.235184, 0.057672, 5.243432
4.238797, 0.057672, 5.243432
4.242528, 0.057672, 5.243432
4.246516, 0.057672, 5.243432
4.249632, 0.057672, 5.243432
4.252407, 0.057672, 5.243432
4.255278, 0.057672, 5.243432
4.258737, 0.057672, 5.243432
4.261710, 0.057672, 5.243432
4.264655, 0.057672, 5.243432
4.267758, 0.057672, 5.243432
4.270819, 0.055122, 5.011607
4.274019, 0.057672, 5.243432
4.278055, 0.057672, 5.243432
4.281728, 0.057672, 5.243432
4.284744, 0.057672, 5.243432
4.290165, 0.057672, 5.243432
4.298909, 0.057672, 5.243432
4.309501, 0.057672, 5.243432
4.325935, 0.057672, 5.243432
4.341899, 0.057672, 5.243432
4.352805, 0.057672, 5.243432
4.362836, 0.057672, 5.243432
4.371887, 0.057672, 5.243432
4.383354, 0.055122, 5.011607
4.393516, 0.057672, 5.243432
4.402177, 0.057672, 5.243432
4.410652, 0.057672, 5.243432
4.417536, 0.057672, 5.243432
4.422267, 0.057672, 5.243432
4.427537, 0.057672, 5.243432
4.433448, 0.057672, 5.243432
4.440250, 0.057672, 5.243432
4.446130, 0.055122, 5.011607
4.452760, 0.057672, 5.243432
4.464723, 0.057672, 5.243432
4.475877, 0.060222, 5.475256
4.490448, 0.057672, 5.243432
4.500173, 0.057672, 5.243432
4.504932, 0.055122, 5.011607
4.509210, 0.057672, 5.243432
4.513060, 0.057672, 5.243432
4.516902, 0.057672, 5.243432
4.522890, 0.057672, 5.243432
4.525042, 0.057672, 5.243432
4.533716, 0.057672, 5.243432
4.549085, 0.057672, 5.243432
4.559850, 0.057672, 5.243432
4.568307, 0.057672, 5.243432
4.581586, 0.055122, 5.011607
4.589973, 0.057672, 5.243432
4.593032, 0.057672, 5.243432
4.595507, 0.055122, 5.011607
4.598687, 0.057672, 5.243432
4.605228, 0.057672, 5.243432
4.610334, 0.057672, 5.243432
4.615226, 0.057672, 5.243432
4.620023, 0.057672, 5.243432
4.624522, 0.057672, 5.243432
4.628710, 0.057672, 5.243432
4.632739, 0.057672, 5.243432
4.636573, 0.057672, 5.243432
4.641136, 0.057672, 5.243432
4.647512, 0.057672, 5.243432
4.652978, 0.057672, 5.243432
4.655477, 0.055122, 5.011607
4.657825, 0.057672, 5.243432
4.661589, 0.055122, 5.011607
4.666575, 0.057672, 5.243432
4.679524, 0.057672, 5.243432
4.697684, 0.057672, 5.243432
4.704063, 0.057672, 5.243432
4.709455, 0.057672, 5.243432
4.717162, 0.057672, 5.243432
4.726023, 0.057672, 5.243432
4.735262, 0.057672, 5.243432
4.740941, 0.057672, 5.243432
4.746183, 0.057672, 5.243432
4.751798, 0.057672, 5.243432
4.757537, 0.057672, 5.243432
4.762482, 0.057672, 5.243432
4.771196, 0.057672, 5.243432
4.774067, 0.057672, 5.243432
4.776880, 0.057672, 5.243432
4.779835, 0.057672, 5.243432
4.782947, 0.057672, 5.243432
4.786192, 0.057672, 5.243432
4.789261, 0.057672, 5.243432
4.792529, 0.057672, 5.243432
4.795930, 0.057672, 5.243432
4.799342, 0.057672, 5.243432
4.803484, 0.057672, 5.243432
4.808051, 0.057672, 5.243432
4.812753, 0.057672, 5.243432
4.816412, 0.057672, 5.243432
4.820316, 0.057672, 5.243432
4.824181, 0.057672, 5.243432
4.827161, 0.057672, 5.243432
4.831137, 0.057672, 5.243432
4.835343, 0.057672, 5.243432
4.851168, 0.057672, 5.243432
4.877356, 0.057672, 5.243432
4.883191, 0.057672, 5.243432
4.887203, 0.057672, 5.243432
4.890095, 0.057672, 5.243432
4.892695, 0.057672, 5.243432
4.895785, 0.057672, 5.243432
4.899053, 0.057672, 5.243432
4.903752, 0.057672, 5.243432
4.935848, 0.057672, 5.243432
4.949127, 0.055122, 5.011607
4.954205, 0.057672, 5.243432
4.957604, 0.057672, 5.243432
4.960369, 0.055122, 5.011607
4.962935, 0.057672, 5.243432
4.965886, 0.057672, 5.243432
4.984882, 0.057672, 5.243432
5.003105, 0.057672, 5.243432
5.007984, 0.057672, 5.243432
5.011464, 0.057672, 5.243432
5.014336, 0.057672, 5.243432
5.017332, 0.057672, 5.243432
5.022893, 0.057672, 5.243432
5.044652, 0.057672, 5.243432
5.055801, 0.057672, 5.243432
5.059850, 0.057672, 5.243432
5.062962, 0.057672, 5.243432
5.066179, 0.057672, 5.243432
5.069780, 0.057672, 5.243432
5.073989, 0.057672, 5.243432
5.088770, 0.057672, 5.243432
5.108455, 0.057672, 5.243432
5.113032, 0.055122, 5.011607
5.116274, 0.057672, 5.243432
5.119328, 0.057672, 5.243432
5.123149, 0.057672, 5.243432
5.127908, 0.057672, 5.243432
5.131921, 0.057672, 5.243432
5.136285, 0.057672, 5.243432
5.139876, 0.057672, 5.243432
5.143412, 0.057672, 5.243432
5.146786, 0.057672, 5.243432
5.150201, 0.057672, 5.243432
5.153501, 0.057672, 5.243432
5.156882, 0.055122, 5.011607
5.160660, 0.055122, 5.011607
5.162936, 0.057672, 5.243432
5.165544, 0.057672, 5.243432
5.180404, 0.057672, 5.243432
5.189475, 0.057672, 5.243432
5.196324, 0.057672, 5.243432
5.201198, 0.055122, 5.011607
5.203994, 0.055122, 5.011607
5.206803, 0.057672, 5.243432
5.209810, 0.057672, 5.243432
5.212481, 0.055122, 5.011607
5.215446, 0.057672, 5.243432
5.218891, 0.057672, 5.243432
5.223050, 0.057672, 5.243432
5.226362, 0.057672, 5.243432
5.229643, 0.057672, 5.243432
5.239618, 0.057672, 5.243432
5.248990, 0.057672, 5.243432
5.256994, 0.057672, 5.243432
5.262538, 0.057672, 5.243432
5.265116, 0.057672, 5.243432
5.269537, 0.057672, 5.243432
5.278409, 0.057672, 5.243432
5.305263, 0.055122, 5.011607
5.316573, 0.057672, 5.243432
5.320589, 0.057672, 5.243432
5.323496, 0.057672, 5.243432
5.326030, 0.057672, 5.243432
5.328962, 0.055122, 5.011607
5.332111, 0.057672, 5.243432
5.345879, 0.055122, 5.011607
5.371141, 0.057672, 5.243432
5.376268, 0.057672, 5.243432
5.379636, 0.057672, 5.243432
5.382158, 0.057672, 5.243432
5.386024, 0.057672, 5.243432
5.396317, 0.057672, 5.243432
5.424063, 0.055122, 5.011607
5.430773, 0.055122, 5.011607
5.435036, 0.057672, 5.243432
5.438133, 0.057672, 5.243432
5.441258, 0.057672, 5.243432
5.444782, 0.057672, 5.243432
5.450194, 0.057672, 5.243432
5.469930, 0.057672, 5.243432
5.483606, 0.057672, 5.243432
5.487961, 0.057672, 5.243432
5.491120, 0.057672, 5.243432
5.493770, 0.057672, 5.243432
5.496561, 0.057672, 5.243432
5.499539, 0.057672, 5.243432
5.502775, 0.057672, 5.243432
5.506275, 0.057672, 5.243432
5.509806, 0.057672, 5.243432
5.513726, 0.057672, 5.243432
5.522858, 0.057672, 5.243432
5.538617, 0.057672, 5.243432
5.549107, 0.057672, 5.243432
5.559023, 0.057672, 5.243432
5.567017, 0.057672, 5.243432
5.575070, 0.057672, 5.243432
5.582037, 0.057672, 5.243432
5.590812, 0.057672, 5.243432
5.600163, 0.057672, 5.243432
5.608806, 0.057672, 5.243432
5.615988, 0.055122, 5.011607
5.625345, 0.057672, 5.243432
5.632322, 0.057672, 5.243432
5.636363, 0.057672, 5.243432
5.638939, 0.057672, 5.243432
5.641175, 0.057672, 5.243432
5.643803, 0.055122, 5.011607
5.646564, 0.057672, 5.243432
5.652182, 0.057672, 5.243432
5.674294, 0.057672, 5.243432
5.679337, 0.055122, 5.011607
5.682579, 0.057672, 5.243432
5.685463, 0.057672, 5.243432
5.688094, 0.057672, 5.243432
5.690922, 0.057672, 5.243432
5.693949, 0.057672, 5.243432
5.697314, 0.057672, 5.243432
5.701189, 0.055122, 5.011607
5.706232, 0.057672, 5.243432
5.710396, 0.057672, 5.243432
5.713130, 0.060222, 5.475256
5.718052, 0.057672, 5.243432
5.723927, 0.057672, 5.243432
5.728885, 0.057672, 5.243432
5.732963, 0.057672, 5.243432
5.736975, 0.057672, 5.243432
5.740634, 0.057672, 5.243432
5.744129, 0.057672, 5.243432
5.749026, 0.055122, 5.011607
5.752450, 0.057672, 5.243432
5.755858, 0.057672, 5.243432
5.759179, 0.057672, 5.243432
5.762432, 0.057672, 5.243432
5.765765, 0.057672, 5.243432
5.770289, 0.057672, 5.243432
5.772810, 0.057672, 5.243432
5.775271, 0.057672, 5.243432
5.778032, 0.057672, 5.243432
5.781555, 0.057672, 5.243432
5.785495, 0.057672, 5.243432
5.790532, 0.057672, 5.243432
5.815090, 0.057672, 5.243432
5.827299, 0.057672, 5.243432
5.831879, 0.057672, 5.243432
5.836847, 0.057672, 5.243432
5.839815, 0.057672, 5.243432
5.842494, 0.057672, 5.243432
5.845359, 0.060222, 5.475256
5.848815, 0.057672, 5.243432
5.861377, 0.057672, 5.243432
5.876216, 0.057672, 5.243432
5.880248, 0.057672, 5.243432
5.883220, 0.057672, 5.243432
5.885759, 0.057672, 5.243432
5.888164, 0.057672, 5.243432
5.891285, 0.055122, 5.011607
5.901997, 0.057672, 5.243432
5.917180, 0.057672, 5.243432
5.933364, 0.057672, 5.243432
5.938192, 0.057672, 5.243432
5.958917, 0.057672, 5.243432
5.975922, 0.057672, 5.243432
5.980429, 0.057672, 5.243432
5.983700, 0.057672, 5.243432
5.986556, 0.057672, 5.243432
5.989508, 0.057672, 5.243432
5.992874, 0.057672, 5.243432
5.996986, 0.057672, 5.243432
6.007525, 0.057672, 5.243432
6.031073, 0.055122, 5.011607
6.037450, 0.057672, 5.243432
6.040845, 0.057672, 5.243432
6.043240, 0.057672, 5.243432
6.045557, 0.057672, 5.243432
6.048144, 0.057672, 5.243432
6.051339, 0.057672, 5.243432
6.055577, 0.055122, 5.011607
6.069512, 0.057672, 5.243432
6.082860, 0.057672, 5.243432
6.087459, 0.057672, 5.243432
6.090573, 0.057672, 5.243432
6.093097, 0.057672, 5.243432
6.095559, 0.057672, 5.243432
6.098305, 0.057672, 5.243432
6.101219, 0.057672, 5.243432
6.104188, 0.057672, 5.243432
6.107635, 0.057672, 5.243432
6.111847, 0.057672, 5.243432
6.115163, 0.057672, 5.243432
6.121011, 0.057672, 5.243432
6.127968, 0.057672, 5.243432
6.134329, 0.057672, 5.243432
6.140100, 0.057672, 5.243432
6.143710, 0.057672, 5.243432
6.147144, 0.057672, 5.243432
6.149506, 0.057672, 5.243432
6.154400, 0.057672, 5.243432
6.160008, 0.057672, 5.243432
6.163813, 0.057672, 5.243432
6.167619, 0.057672, 5.243432
6.172394, 0.057672, 5.243432
6.180252, 0.057672, 5.243432
6.186529, 0.057672, 5.243432
6.192268, 0.057672, 5.243432
6.197311, 0.055122, 5.011607
6.202253, 0.057672, 5.243432
6.206469, 0.057672, 5.243432
6.210597, 0.060222, 5.475256
6.214186, 0.055122, 5.011607
6.217753, 0.060222, 5.475256
6.221673, 0.057672, 5.243432
6.225411, 0.057672, 5.243432
6.228900, 0.055122, 5.011607
6.232195, 0.057672, 5.243432
6.235681, 0.057672, 5.243432
6.239179, 0.057672, 5.243432
6.242737, 0.057672, 5.243432
6.246161, 0.057672, 5.243432
6.250386, 0.057672, 5.243432
6.254472, 0.057672, 5.243432
6.258754, 0.057672, 5.243432
6.263594, 0.057672, 5.243432
6.269192, 0.057672, 5.243432
6.278005, 0.057672, 5.243432
6.284494, 0.057672, 5.243432
6.290575, 0.057672, 5.243432
6.296180, 0.057672, 5.243432
6.301571, 0.057672, 5.243432
6.308383, 0.060222, 5.475256
6.312297, 0.057672, 5.243432
6.316217, 0.057672, 5.243432
6.320256, 0.057672, 5.243432
6.325919, 0.057672, 5.243432
6.333059, 0.057672, 5.243432
6.339831, 0.057672, 5.243432
6.346128, 0.057672, 5.243432
6.352883, 0.057672, 5.243432
6.356731, 0.057672, 5.243432
6.359668, 0.057672, 5.243432
6.362596, 0.057672, 5.243432
6.366040, 0.057672, 5.243432
6.369464, 0.057672, 5.243432
6.373428, 0.057672, 5.243432
6.377251, 0.057672, 5.243432
6.381082, 0.057672, 5.243432
6.384763, 0.057672, 5.243432
6.388329, 0.057672, 5.243432
6.391904, 0.055122, 5.011607
6.395631, 0.057672, 5.243432
6.398892, 0.055122, 5.011607
6.403444, 0.055122, 5.011607
6.407160, 0.057672, 5.243432
6.410452, 0.057672, 5.243432
6.413928, 0.057672, 5.243432
6.417682, 0.057672, 5.243432
6.421702, 0.057672, 5.243432
6.426511, 0.057672, 5.243432
6.430588, 0.057672, 5.243432
6.434018, 0.057672, 5.243432
6.440087, 0.057672, 5.243432
6.446248, 0.057672, 5.243432
6.452272, 0.057672, 5.243432
6.457793, 0.057672, 5.243432
6.463130, 0.057672, 5.243432
6.468145, 0.057672, 5.243432
6.472276, 0.057672, 5.243432
6.476032, 0.057672, 5.243432
6.480032, 0.057672, 5.243432
6.484236, 0.057672, 5.243432
6.488573, 0.057672, 5.243432
6.491688, 0.057672, 5.243432
6.494526, 0.057672, 5.243432
6.498229, 0.057672, 5.243432
6.501487, 0.057672, 5.243432
6.504421, 0.057672, 5.243432
6.507983, 0.057672, 5.243432
6.512358, 0.057672, 5.243432
6.517499, 0.057672, 5.243432
6.520758, 0.057672, 5.243432
6.527226, 0.057672, 5.243432
6.533067, 0.057672, 5.243432
6.538521, 0.057672, 5.243432
6.542866, 0.057672, 5.243432
6.546850, 0.055122, 5.011607
6.550898, 0.057672, 5.243432
6.553592, 0.057672, 5.243432
6.556384, 0.057672, 5.243432
6.559515, 0.057672, 5.243432
6.562869, 0.055122, 5.011607
6.568429, 0.057672, 5.243432
6.575277, 0.055122, 5.011607
6.581408, 0.057672, 5.243432
6.587131, 0.057672, 5.243432
6.592325, 0.057672, 5.243432
6.598142, 0.057672, 5.243432
6.603681, 0.057672, 5.243432
6.608726, 0.057672, 5.243432
6.613421, 0.057672, 5.243432
6.618193, 0.057672, 5.243432
6.622605, 0.057672, 5.243432
6.626763, 0.057672, 5.243432
6.630548, 0.057672, 5.243432
6.634232, 0.057672, 5.243432
6.637938, 0.055122, 5.011607
6.641653, 0.057672, 5.243432
6.645199, 0.057672, 5.243432
6.648777, 0.057672, 5.243432
6.652788, 0.057672, 5.243432
6.656193, 0.057672, 5.243432
6.660436, 0.055122, 5.011607
6.663490, 0.055122, 5.011607
6.666451, 0.057672, 5.243432
6.670152, 0.057672, 5.243432
6.673618, 0.057672, 5.243432
6.676763, 0.057672, 5.243432
6.680076, 0.057672, 5.243432
6.684010, 0.057672, 5.243432
6.689078, 0.057672, 5.243432
6.692732, 0.055122, 5.011607
6.696793, 0.057672, 5.243432
6.701197, 0.057672, 5.243432
6.705276, 0.057672, 5.243432
6.709048, 0.057672, 5.243432
6.712888, 0.057672, 5.243432
6.716648, 0.055122, 5.011607
6.720824, 0.057672, 5.243432
6.725094, 0.057672, 5.243432
6.729675, 0.057672, 5.243432
6.736532, 0.055122, 5.011607
6.745129, 0.057672, 5.243432
6.753727, 0.057672, 5.243432
6.767188, 0.055122, 5.011607
6.772807, 0.057672, 5.243432
6.776808, 0.055122, 5.011607
6.780416, 0.055122, 5.011607
6.785445, 0.057672, 5.243432
6.801637, 0.057672, 5.243432
6.805034, 0.055122, 5.011607
6.808129, 0.057672, 5.243432
6.811539, 0.057672, 5.243432
6.817842, 0.057672, 5.243432
6.828811, 0.057672, 5.243432
6.838087, 0.055122, 5.011607
6.843310, 0.057672, 5.243432
6.847770, 0.055122, 5.011607
6.852305, 0.057672, 5.243432
6.855644, 0.057672, 5.243432
6.858998, 0.057672, 5.243432
6.862420, 0.057672, 5.243432
6.866003, 0.055122, 5.011607
6.870586, 0.055122, 5.011607
6.875219, 0.057672, 5.243432
6.879887, 0.057672, 5.243432
6.884364, 0.057672, 5.243432
6.888823, 0.057672, 5.243432
6.893157, 0.055122, 5.011607
6.897205, 0.057672, 5.243432
6.901081, 0.057672, 5.243432
6.906176, 0.057672, 5.243432
6.909829, 0.057672, 5.243432
6.913655, 0.057672, 5.243432
6.917359, 0.057672, 5.243432
6.921001, 0.057672, 5.243432
6.926021, 0.057672, 5.243432
6.929919, 0.057672, 5.243432
6.933981, 0.057672, 5.243432
6.938547, 0.057672, 5.243432
6.942892, 0.057672, 5.243432
6.946363, 0.057672, 5.243432
6.949765, 0.057672, 5.243432
6.953432, 0.057672, 5.243432
6.957769, 0.055122, 5.011607
6.961261, 0.057672, 5.243432
6.964590, 0.057672, 5.243432
6.967971, 0.057672, 5.243432
6.971764, 0.057672, 5.243432
6.975128, 0.057672, 5.243432
6.978539, 0.057672, 5.243432
6.981844, 0.057672, 5.243432
6.985353, 0.057672, 5.243432
6.988756, 0.057672, 5.243432
6.992166, 0.057672, 5.243432
6.995476, 0.057672, 5.243432
6.998728, 0.057672, 5.243432
7.002360, 0.057672, 5.243432
7.005761, 0.057672, 5.243432
7.009092, 0.057672, 5.243432
7.013825, 0.057672, 5.243432
7.016655, 0.057672, 5.243432
7.019432, 0.057672, 5.243432
7.023682, 0.057672, 5.243432
7.027634, 0.057672, 5.243432
7.031446, 0.055122, 5.011607
7.035548, 0.057672, 5.243432
7.039371, 0.055122, 5.011607
7.045056, 0.057672, 5.243432
7.054741, 0.057672, 5.243432
7.061538, 0.057672, 5.243432
7.067837, 0.057672, 5.243432
7.074326, 0.055122, 5.011607
7.080843, 0.057672, 5.243432
7.085842, 0.057672, 5.243432
7.089816, 0.057672, 5.243432
7.093601, 0.057672, 5.243432
7.097229, 0.057672, 5.243432
7.101090, 0.057672, 5.243432
7.104907, 0.057672, 5.243432
7.108846, 0.057672, 5.243432
7.112603, 0.057672, 5.243432
7.116224, 0.057672, 5.243432
7.119524, 0.057672, 5.243432
7.124524, 0.057672, 5.243432
7.129754, 0.057672, 5.243432
7.147658, 0.055122, 5.011607
7.171418, 0.057672, 5.243432
7.177849, 0.057672, 5.243432
7.181391, 0.055122, 5.011607
7.184189, 0.057672, 5.243432
7.187014, 0.057672, 5.243432
7.190295, 0.057672, 5.243432
7.194060, 0.057672, 5.243432
7.198446, 0.057672, 5.243432
7.203483, 0.057672, 5.243432
7.208874, 0.057672, 5.243432
7.214184, 0.057672, 5.243432
7.219487, 0.057672, 5.243432
7.226923, 0.057672, 5.243432
7.234087, 0.057672, 5.243432
7.325684, 0.057672, 5.243432
7.330033, 0.057672, 5.243432
7.334465, 0.057672, 5.243432
7.338382, 0.057672, 5.243432
7.342119, 0.057672, 5.243432
7.345940, 0.057672, 5.243432
7.349973, 0.057672, 5.243432
7.353840, 0.057672, 5.243432
7.356371, 0.057672, 5.243432
7.358734, 0.057672, 5.243432
7.361377, 0.057672, 5.243432
7.363961, 0.060222, 5.475256
7.366753, 0.057672, 5.243432
7.371523, 0.057672, 5.243432
7.376189, 0.057672, 5.243432
7.383815, 0.057672, 5.243432
7.388268, 0.055122, 5.011607
7.392786, 0.057672, 5.243432
7.397120, 0.055122, 5.011607
7.400117, 0.057672, 5.243432
7.402846, 0.057672, 5.243432
7.405953, 0.057672, 5.243432
7.409410, 0.057672, 5.243432
7.412862, 0.057672, 5.243432
7.416437, 0.057672, 5.243432
7.420488, 0.057672, 5.243432
7.424822, 0.057672, 5.243432
7.429271, 0.057672, 5.243432
7.433549, 0.057672, 5.243432
7.437982, 0.057672, 5.243432
7.442124, 0.057672, 5.243432
7.447173, 0.057672, 5.243432
7.453172, 0.057672, 5.243432
7.464469, 0.057672, 5.243432
7.471744, 0.057672, 5.243432
7.477134, 0.057672, 5.243432
7.482863, 0.057672, 5.243432
7.487061, 0.057672, 5.243432
7.489366, 0.057672, 5.243432
7.505295, 0.057672, 5.243432
7.529165, 0.057672, 5.243432
7.557454, 0.057672, 5.243432
7.564258, 0.057672, 5.243432
7.567736, 0.057672, 5.243432
7.570983, 0.057672, 5.243432
7.575267, 0.057672, 5.243432
7.580325, 0.057672, 5.243432
7.585600, 0.057672, 5.243432
7.590948, 0.055122, 5.011607
7.599661, 0.057672, 5.243432
7.603090, 0.057672, 5.243432
7.622278, 0.057672, 5.243432
7.641948, 0.060222, 5.475256
7.646383, 0.057672, 5.243432
7.649524, 0.057672, 5.243432
7.652491, 0.057672, 5.243432
7.655423, 0.057672, 5.243432
7.658422, 0.057672, 5.243432
7.661560, 0.057672, 5.243432
7.664615, 0.057672, 5.243432
7.667857, 0.057672, 5.243432
7.671446, 0.057672, 5.243432
7.674926, 0.057672, 5.243432
7.678344, 0.057672, 5.243432
7.681792, 0.057672, 5.243432
7.685151, 0.057672, 5.243432
7.688429, 0.055122, 5.011607
7.691756, 0.057672, 5.243432
7.695039, 0.057672, 5.243432
7.698241, 0.057672, 5.243432
7.701503, 0.057672, 5.243432
7.704688, 0.057672, 5.243432
7.707814, 0.057672, 5.243432
7.711079, 0.057672, 5.243432
7.714366, 0.057672, 5.243432
7.717627, 0.057672, 5.243432
7.720958, 0.057672, 5.243432
7.724193, 0.057672, 5.243432
7.727441, 0.057672, 5.243432
7.731237, 0.057672, 5.243432
7.736976, 0.057672, 5.243432
7.740992, 0.057672, 5.243432
7.744769, 0.057672, 5.243432
7.748499, 0.055122, 5.011607
7.755610, 0.057672, 5.243432
7.762695, 0.057672, 5.243432
7.765239, 0.057672, 5.243432
7.768337, 0.057672, 5.243432
7.770997, 0.057672, 5.243432
7.773536, 0.057672, 5.243432
7.776120, 0.057672, 5.243432
7.778849, 0.057672, 5.243432
7.781547, 0.057672, 5.243432
7.784342, 0.057672, 5.243432
7.787122, 0.057672, 5.243432
7.789786, 0.060222, 5.475256
7.792443, 0.057672, 5.243432
7.795938, 0.057672, 5.243432
7.799783, 0.057672, 5.243432
7.802153, 0.057672, 5.243432
7.807164, 0.057672, 5.243432
7.812068, 0.057672, 5.243432
7.816911, 0.057672, 5.243432
7.823524, 0.057672, 5.243432
7.831279, 0.057672, 5.243432
7.845578, 0.057672, 5.243432
7.867160, 0.057672, 5.243432
7.890743, 0.057672, 5.243432
7.895895, 0.057672, 5.243432
7.899246, 0.057672, 5.243432
7.901949, 0.055122, 5.011607
7.905110, 0.057672, 5.243432
7.909550, 0.057672, 5.243432
7.915032, 0.057672, 5.243432
7.921406, 0.057672, 5.243432
7.927193, 0.057672, 5.243432
7.932300, 0.057672, 5.243432
7.937811, 0.057672, 5.243432
7.940735, 0.055122, 5.011607
7.942796, 0.057672, 5.243432
7.945259, 0.057672, 5.243432
7.948078, 0.057672, 5.243432
7.952399, 0.055122, 5.011607
7.957202, 0.057672, 5.243432
7.961980, 0.057672, 5.243432
7.966518, 0.057672, 5.243432
7.971476, 0.057672, 5.243432
7.976336, 0.057672, 5.243432
7.980870, 0.057672, 5.243432
7.985872, 0.057672, 5.243432
7.990343, 0.057672, 5.243432
7.994482, 0.057672, 5.243432
7.998449, 0.057672, 5.243432
8.003459, 0.057672, 5.243432
8.007390, 0.057672, 5.243432
8.013657, 0.057672, 5.243432
8.039750, 0.057672, 5.243432
8.064354, 0.057672, 5.243432
8.070771, 0.057672, 5.243432
8.074437, 0.057672, 5.243432
8.077316, 0.057672, 5.243432
8.080184, 0.057672, 5.243432
8.083310, 0.057672, 5.243432
8.086765, 0.057672, 5.243432
8.090161, 0.057672, 5.243432
8.093759, 0.057672, 5.243432
8.097850, 0.057672, 5.243432
8.101724, 0.057672, 5.243432
8.106061, 0.055122, 5.011607
8.112443, 0.057672, 5.243432
8.136280, 0.057672, 5.243432
8.145441, 0.057672, 5.243432
8.149556, 0.057672, 5.243432
8.152716, 0.057672, 5.243432
8.155787, 0.057672, 5.243432
8.158651, 0.057672, 5.243432
8.161641, 0.055122, 5.011607
8.164621, 0.057672, 5.243432
8.167789, 0.057672, 5.243432
8.171175, 0.057672, 5.243432
8.177262, 0.057672, 5.243432
8.201266, 0.057672, 5.243432
8.211400, 0.057672, 5.243432
8.215534, 0.057672, 5.243432
8.219130, 0.057672, 5.243432
8.222142, 0.057672, 5.243432
8.225462, 0.057672, 5.243432
8.229605, 0.055122, 5.011607
8.242019, 0.057672, 5.243432
8.267385, 0.057672, 5.243432
8.272975, 0.057672, 5.243432
8.276437, 0.057672, 5.243432
8.279387, 0.057672, 5.243432
8.282582, 0.057672, 5.243432
8.286517, 0.057672, 5.243432
8.293302, 0.057672, 5.243432
8.318017, 0.057672, 5.243432
8.328245, 0.057672, 5.243432
8.332172, 0.057672, 5.243432
8.335109, 0.057672, 5.243432
8.337537, 0.057672, 5.243432
8.340114, 0.057672, 5.243432
8.343097, 0.057672, 5.243432
8.346787, 0.057672, 5.243432
8.351434, 0.057672, 5.243432
8.369365, 0.057672, 5.243432
8.388708, 0.057672, 5.243432
8.396169, 0.057672, 5.243432
8.411593, 0.057672, 5.243432
8.438362, 0.057672, 5.243432
8.447095, 0.057672, 5.243432
8.451068, 0.057672, 5.243432
8.454101, 0.057672, 5.243432
8.457214, 0.057672, 5.243432
8.461169, 0.057672, 5.243432
8.465585, 0.057672, 5.243432
8.471555, 0.055122, 5.011607
8.480172, 0.057672, 5.243432
8.490939, 0.057672, 5.243432
8.499859, 0.057672, 5.243432
8.510485, 0.057672, 5.243432
8.517817, 0.057672, 5.243432
8.520686, 0.057672, 5.243432
8.522949, 0.057672, 5.243432
8.527873, 0.057672, 5.243432
8.538123, 0.057672, 5.243432
8.557453, 0.057672, 5.243432
8.569563, 0.057672, 5.243432
8.573362, 0.055122, 5.011607
8.576025, 0.057672, 5.243432
8.578476, 0.057672, 5.243432
8.580996, 0.055122, 5.011607
8.583792, 0.057672, 5.243432
8.586863, 0.057672, 5.243432
8.589829, 0.057672, 5.243432
8.592852, 0.057672, 5.243432
8.602313, 0.057672, 5.243432
8.626756, 0.057672, 5.243432
8.646847, 0.057672, 5.243432
8.652591, 0.057672, 5.243432
8.657911, 0.057672, 5.243432
8.669652, 0.057672, 5.243432
8.694671, 0.057672, 5.243432
8.709355, 0.057672, 5.243432
8.713825, 0.060222, 5.475256
8.717288, 0.057672, 5.243432
8.720591, 0.057672, 5.243432
8.724709, 0.057672, 5.243432
8.730816, 0.057672, 5.243432
8.737246, 0.057672, 5.243432
8.744544, 0.057672, 5.243432
8.752396, 0.057672, 5.243432
8.758630, 0.057672, 5.243432
8.762866, 0.057672, 5.243432
8.766926, 0.057672, 5.243432
8.770352, 0.057672, 5.243432
8.773179, 0.057672, 5.243432
8.775952, 0.057672, 5.243432
8.779003, 0.057672, 5.243432
8.782336, 0.057672, 5.243432
8.786010, 0.057672, 5.243432
8.789562, 0.057672, 5.243432
8.793054, 0.057672, 5.243432
8.796895, 0.057672, 5.243432
8.799928, 0.057672, 5.243432
8.802469, 0.057672, 5.243432
8.805298, 0.060222, 5.475256
8.808380, 0.057672, 5.243432
8.811593, 0.057672, 5.243432
8.814994, 0.057672, 5.243432
8.821406, 0.057672, 5.243432
8.846604, 0.057672, 5.243432
8.864735, 0.057672, 5.243432
8.869507, 0.057672, 5.243432
8.872819, 0.057672, 5.243432
8.875349, 0.057672, 5.243432
8.877906, 0.057672, 5.243432
8.880911, 0.057672, 5.243432
8.885293, 0.057672, 5.243432
8.896740, 0.057672, 5.243432
8.916409, 0.055122, 5.011607
8.922585, 0.057672, 5.243432
8.927438, 0.057672, 5.243432
8.934570, 0.055122, 5.011607
8.940619, 0.057672, 5.243432
8.946226, 0.057672, 5.243432
8.952406, 0.057672, 5.243432
8.958613, 0.057672, 5.243432
8.963921, 0.057672, 5.243432
8.968665, 0.057672, 5.243432
8.972655, 0.057672, 5.243432
8.976293, 0.057672, 5.243432
8.979693, 0.057672, 5.243432
8.983236, 0.057672, 5.243432
8.986699, 0.055122, 5.011607
8.990023, 0.057672, 5.243432
8.993207, 0.057672, 5.243432
8.996459, 0.055122, 5.011607
9.000733, 0.057672, 5.243432
9.003990, 0.057672, 5.243432
9.007155, 0.057672, 5.243432
9.010486, 0.057672, 5.243432
9.014070, 0.057672, 5.243432
9.017387, 0.057672, 5.243432
9.021131, 0.057672, 5.243432
9.024913, 0.057672, 5.243432
9.028551, 0.057672, 5.243432
9.031912, 0.057672, 5.243432
9.035474, 0.057672, 5.243432
9.038876, 0.057672, 5.243432
9.042889, 0.057672, 5.243432
9.046480, 0.057672, 5.243432
9.049820, 0.057672, 5.243432
9.053685, 0.057672, 5.243432
9.057135, 0.057672, 5.243432
9.060639, 0.057672, 5.243432
9.064196, 0.057672, 5.243432
9.067759, 0.057672, 5.243432
9.071354, 0.057672, 5.243432
9.075440, 0.057672, 5.243432
9.080616, 0.057672, 5.243432
9.090522, 0.057672, 5.243432
9.114902, 0.057672, 5.243432
9.128578, 0.057672, 5.243432
9.132770, 0.057672, 5.243432
9.135854, 0.057672, 5.243432
9.138373, 0.057672, 5.243432
9.141897, 0.057672, 5.243432
9.147177, 0.057672, 5.243432
9.152865, 0.057672, 5.243432
9.160205, 0.057672, 5.243432
9.166358, 0.057672, 5.243432
9.170656, 0.057672, 5.243432
9.174252, 0.055122, 5.011607
9.177704, 0.057672, 5.243432
9.181179, 0.057672, 5.243432
9.184476, 0.057672, 5.243432
9.187676, 0.060222, 5.475256
9.190841, 0.057672, 5.243432
9.194176, 0.057672, 5.243432
9.197279, 0.057672, 5.243432
9.200428, 0.057672, 5.243432
9.203826, 0.057672, 5.243432
9.207128, 0.057672, 5.243432
9.210364, 0.057672, 5.243432
9.213730, 0.057672, 5.243432
9.217074, 0.057672, 5.243432
9.220761, 0.057672, 5.243432
9.225404, 0.057672, 5.243432
9.229299, 0.057672, 5.243432
9.233059, 0.055122, 5.011607
9.236807, 0.057672, 5.243432
9.240249, 0.057672, 5.243432
9.243664, 0.057672, 5.243432
9.246876, 0.055122, 5.011607
9.250104, 0.057672, 5.243432
9.253489, 0.057672, 5.243432
9.257067, 0.057672, 5.243432
9.260915, 0.057672, 5.243432
9.266257, 0.057672, 5.243432
9.295689, 0.057672, 5.243432
9.308752, 0.057672, 5.243432
9.312914, 0.060222, 5.475256
9.315947, 0.057672, 5.243432
9.318707, 0.057672, 5.243432
9.321909, 0.057672, 5.243432
9.326301, 0.057672, 5.243432
9.332654, 0.055122, 5.011607
9.341591, 0.057672, 5.243432
9.363018, 0.057672, 5.243432
9.387761, 0.057672, 5.243432
9.400567, 0.057672, 5.243432
9.404480, 0.057672, 5.243432
9.407573, 0.057672, 5.243432
9.411147, 0.057672, 5.243432
9.421551, 0.057672, 5.243432
9.434402, 0.057672, 5.243432
9.445605, 0.057672, 5.243432
9.454745, 0.057672, 5.243432
9.461911, 0.057672, 5.243432
9.468324, 0.057672, 5.243432
9.474814, 0.057672, 5.243432
9.480799, 0.057672, 5.243432
9.486576, 0.057672, 5.243432
9.491885, 0.057672, 5.243432
9.497038, 0.057672, 5.243432
9.503072, 0.057672, 5.243432
9.506702, 0.057672, 5.243432
9.510240, 0.057672, 5.243432
9.513815, 0.057672, 5.243432
9.519711, 0.057672, 5.243432
9.527584, 0.057672, 5.243432
9.537135, 0.057672, 5.243432
9.546792, 0.057672, 5.243432
9.559714, 0.057672, 5.243432
9.577223, 0.057672, 5.243432
9.601133, 0.057672, 5.243432
9.617272, 0.057672, 5.243432
9.621206, 0.057672, 5.243432
9.624185, 0.057672, 5.243432
9.627480, 0.057672, 5.243432
9.631863, 0.057672, 5.243432
9.637632, 0.057672, 5.243432
9.643341, 0.057672, 5.243432
9.649134, 0.057672, 5.243432
9.654733, 0.057672, 5.243432
9.660043, 0.057672, 5.243432
9.665112, 0.057672, 5.243432
9.670417, 0.055122, 5.011607
9.675342, 0.057672, 5.243432
9.680136, 0.057672, 5.243432
9.685784, 0.057672, 5.243432
9.691014, 0.057672, 5.243432
9.696196, 0.057672, 5.243432
9.701377, 0.057672, 5.243432
9.706718, 0.055122, 5.011607
9.718567, 0.057672, 5.243432
9.724849, 0.057672, 5.243432
9.728945, 0.057672, 5.243432
9.741158, 0.057672, 5.243432
9.766747, 0.057672, 5.243432
9.772517, 0.057672, 5.243432
9.775908, 0.057672, 5.243432
9.778691, 0.057672, 5.243432
9.781837, 0.057672, 5.243432
9.786732, 0.057672, 5.243432
9.792471, 0.057672, 5.243432
9.798519, 0.057672, 5.243432
9.805502, 0.057672, 5.243432
9.830623, 0.057672, 5.243432
9.863851, 0.057672, 5.243432
9.873544, 0.057672, 5.243432
9.879683, 0.057672, 5.243432
9.887525, 0.057672, 5.243432
9.891286, 0.057672, 5.243432
9.896821, 0.055122, 5.011607
9.918405, 0.057672, 5.243432
9.931275, 0.057672, 5.243432
9.935484, 0.057672, 5.243432
9.938623, 0.060222, 5.475256
9.941154, 0.057672, 5.243432
9.943705, 0.057672, 5.243432
9.946963, 0.057672, 5.243432
9.951097, 0.057672, 5.243432
9.961168, 0.057672, 5.243432
9.986299, 0.057672, 5.243432
9.992224, 0.057672, 5.243432
9.995732, 0.057672, 5.243432
9.999028, 0.057672, 5.243432
10.001917, 0.057672, 5.243432
10.005170, 0.057672, 5.243432
10.010332, 0.057672, 5.243432
10.032841, 0.057672, 5.243432
10.045850, 0.057672, 5.243432
10.049581, 0.057672, 5.243432
10.052638, 0.057672, 5.243432
10.056296, 0.057672, 5.243432
10.069180, 0.057672, 5.243432
10.082313, 0.057672, 5.243432
10.105172, 0.057672, 5.243432
10.110454, 0.057672, 5.243432
10.113839, 0.057672, 5.243432
10.116578, 0.057672, 5.243432
10.119694, 0.057672, 5.243432
10.123793, 0.057672, 5.243432
10.128827, 0.057672, 5.243432
10.134165, 0.057672, 5.243432
10.141468, 0.057672, 5.243432
10.154875, 0.057672, 5.243432
10.163076, 0.057672, 5.243432
10.169495, 0.057672, 5.243432
10.175292, 0.057672, 5.243432
10.180594, 0.057672, 5.243432
10.185413, 0.057672, 5.243432
10.188956, 0.057672, 5.243432
10.193403, 0.057672, 5.243432
10.197689, 0.057672, 5.243432
10.206815, 0.057672, 5.243432
10.210547, 0.057672, 5.243432
10.214697, 0.057672, 5.243432
10.218665, 0.057672, 5.243432
10.223078, 0.057672, 5.243432
10.227694, 0.057672, 5.243432
10.231929, 0.057672, 5.243432
10.236092, 0.057672, 5.243432
10.239915, 0.057672, 5.243432
10.243732, 0.057672, 5.243432
10.247571, 0.057672, 5.243432
10.252917, 0.057672, 5.243432
10.257468, 0.057672, 5.243432
10.262000, 0.057672, 5.243432
10.267832, 0.057672, 5.243432
10.277602, 0.057672, 5.243432
10.284881, 0.057672, 5.243432
10.290816, 0.057672, 5.243432
10.296782, 0.057672, 5.243432
10.302090, 0.060222, 5.475256
10.306899, 0.057672, 5.243432
10.311383, 0.057672, 5.243432
10.315691, 0.057672, 5.243432
10.319966, 0.057672, 5.243432
10.324073, 0.057672, 5.243432
10.327939, 0.055122, 5.011607
10.331711, 0.057672, 5.243432
10.335552, 0.057672, 5.243432
10.339508, 0.057672, 5.243432
10.349230, 0.057672, 5.243432
10.359498, 0.060222, 5.475256
10.366334, 0.057672, 5.243432
10.371886, 0.057672, 5.243432
10.376683, 0.057672, 5.243432
10.381277, 0.057672, 5.243432
10.385693, 0.057672, 5.243432
10.390101, 0.057672, 5.243432
10.395920, 0.057672, 5.243432
10.400062, 0.057672, 5.243432
10.404389, 0.057672, 5.243432
10.408375, 0.057672, 5.243432
10.412207, 0.055122, 5.011607
10.415833, 0.057672, 5.243432
10.419984, 0.057672, 5.243432
10.423576, 0.057672, 5.243432
10.427244, 0.057672, 5.243432
10.430884, 0.057672, 5.243432
10.433567, 0.057672, 5.243432
10.436969, 0.060222, 5.475256
10.441669, 0.057672, 5.243432
10.446061, 0.057672, 5.243432
10.450366, 0.057672, 5.243432
10.455393, 0.057672, 5.243432
10.459427, 0.057672, 5.243432
10.463491, 0.057672, 5.243432
10.467068, 0.057672, 5.243432
10.472410, 0.057672, 5.243432
10.475895, 0.060222, 5.475256
10.478837, 0.057672, 5.243432
10.481661, 0.057672, 5.243432
10.484383, 0.057672, 5.243432
10.506114, 0.057672, 5.243432
10.535592, 0.057672, 5.243432
10.542993, 0.060222, 5.475256
10.547000, 0.057672, 5.243432
10.549913, 0.057672, 5.243432
10.552482, 0.057672, 5.243432
10.555330, 0.057672, 5.243432
10.558359, 0.057672, 5.243432
10.561561, 0.057672, 5.243432
10.565556, 0.057672, 5.243432
10.571041, 0.057672, 5.243432
10.576518, 0.057672, 5.243432
10.581525, 0.057672, 5.243432
10.593202, 0.057672, 5.243432
10.608447, 0.057672, 5.243432
10.625097, 0.057672, 5.243432
10.648265, 0.057672, 5.243432
10.663125, 0.057672, 5.243432
10.667343, 0.057672, 5.243432
10.670435, 0.057672, 5.243432
10.673667, 0.057672, 5.243432
10.680648, 0.057672, 5.243432
10.691562, 0.057672, 5.243432
10.704058, 0.057672, 5.243432
10.718987, 0.057672, 5.243432
10.728481, 0.057672, 5.243432
10.737318, 0.057672, 5.243432
10.745458, 0.057672, 5.243432
10.753166, 0.057672, 5.243432
10.761629, 0.057672, 5.243432
10.766742, 0.057672, 5.243432
10.770670, 0.057672, 5.243432
10.776470, 0.057672, 5.243432
10.781226, 0.057672, 5.243432
10.786380, 0.057672, 5.243432
10.791503, 0.057672, 5.243432
10.795992, 0.057672, 5.243432
10.807653, 0.057672, 5.243432
10.833188, 0.057672, 5.243432
10.859090, 0.057672, 5.243432
10.863731, 0.057672, 5.243432
10.867368, 0.057672, 5.243432
10.870614, 0.057672, 5.243432
10.879741, 0.057672, 5.243432
10.908293, 0.057672, 5.243432
10.923031, 0.057672, 5.243432
10.927456, 0.057672, 5.243432
10.930709, 0.057672, 5.243432
10.933671, 0.057672, 5.243432
10.936274, 0.057672, 5.243432
10.939054, 0.057672, 5.243432
10.942856, 0.057672, 5.243432
10.947997, 0.057672, 5.243432
10.962516, 0.060222, 5.475256
10.985169, 0.060222, 5.475256
10.991500, 0.057672, 5.243432
10.995508, 0.057672, 5.243432
10.998078, 0.057672, 5.243432
11.001063, 0.057672, 5.243432
11.009854, 0.057672, 5.243432
11.015433, 0.060222, 5.475256
11.020256, 0.057672, 5.243432
11.023851, 0.057672, 5.243432
11.027373, 0.060222, 5.475256
11.030845, 0.057672, 5.243432
11.034568, 0.057672, 5.243432
11.038133, 0.055122, 5.011607
11.041500, 0.055122, 5.011607
11.044787, 0.057672, 5.243432
11.047962, 0.057672, 5.243432
11.051163, 0.057672, 5.243432
11.054476, 0.057672, 5.243432
11.057610, 0.057672, 5.243432
11.060661, 0.060222, 5.475256
11.066691, 0.057672, 5.243432
11.070334, 0.057672, 5.243432
11.073698, 0.057672, 5.243432
11.076944, 0.057672, 5.243432
11.080177, 0.057672, 5.243432
11.083454, 0.057672, 5.243432
11.086690, 0.057672, 5.243432
11.089885, 0.057672, 5.243432
11.093856, 0.057672, 5.243432
11.097187, 0.057672, 5.243432
11.100402, 0.057672, 5.243432
11.103611, 0.057672, 5.243432
11.106888, 0.057672, 5.243432
11.110140, 0.057672, 5.243432
11.113465, 0.057672, 5.243432
11.117227, 0.057672, 5.243432
11.122454, 0.057672, 5.243432
11.125038, 0.057672, 5.243432
11.127378, 0.057672, 5.243432
11.130088, 0.057672, 5.243432
11.133215, 0.057672, 5.243432
11.136884, 0.057672, 5.243432
11.140117, 0.057672, 5.243432
11.143231, 0.057672, 5.243432
11.146434, 0.057672, 5.243432
11.149558, 0.057672, 5.243432
11.152702, 0.057672, 5.243432
11.155630, 0.057672, 5.243432
11.158603, 0.057672, 5.243432
11.161997, 0.057672, 5.243432
11.166181, 0.057672, 5.243432
11.172829, 0.057672, 5.243432
11.179011, 0.057672, 5.243432
11.185131, 0.057672, 5.243432
11.189585, 0.057672, 5.243432
11.193781, 0.057672, 5.243432
11.198883, 0.057672, 5.243432
11.204077, 0.055122, 5.011607
11.207472, 0.057672, 5.243432
11.210196, 0.057672, 5.243432
11.213129, 0.057672, 5.243432
11.216757, 0.057672, 5.243432
11.220362, 0.057672, 5.243432
11.223260, 0.057672, 5.243432
11.225587, 0.057672, 5.243432
11.228033, 0.057672, 5.243432
11.230600, 0.057672, 5.243432
11.233315, 0.057672, 5.243432
11.236136, 0.057672, 5.243432
11.239021, 0.057672, 5.243432
11.241878, 0.057672, 5.243432
11.245005, 0.057672, 5.243432
11.248366, 0.057672, 5.243432
11.254800, 0.057672, 5.243432
11.273370, 0.057672, 5.243432
11.286458, 0.057672, 5.243432
11.290545, 0.057672, 5.243432
11.293488, 0.057672, 5.243432
11.296124, 0.057672, 5.243432
11.298695, 0.057672, 5.243432
11.301572, 0.060222, 5.475256
11.304949, 0.057672, 5.243432
11.309453, 0.057672, 5.243432
11.326584, 0.057672, 5.243432
11.331805, 0.057672, 5.243432
11.335569, 0.057672, 5.243432
11.338166, 0.057672, 5.243432
11.340582, 0.057672, 5.243432
11.343030, 0.057672, 5.243432
11.345980, 0.057672, 5.243432
11.349146, 0.057672, 5.243432
11.352295, 0.060222, 5.475256
11.355881, 0.057672, 5.243432
11.360561, 0.057672, 5.243432
11.365067, 0.055122, 5.011607
11.368745, 0.057672, 5.243432
11.372087, 0.057672, 5.243432
11.375622, 0.057672, 5.243432
11.380058, 0.057672, 5.243432
11.384321, 0.057672, 5.243432
11.389143, 0.057672, 5.243432
11.394142, 0.057672, 5.243432
11.398089, 0.057672, 5.243432
11.401991, 0.057672, 5.243432
11.405338, 0.057672, 5.243432
11.408842, 0.057672, 5.243432
11.412191, 0.057672, 5.243432
11.415643, 0.057672, 5.243432
11.419206, 0.057672, 5.243432
11.422460, 0.057672, 5.243432
11.425688, 0.057672, 5.243432
11.429685, 0.057672, 5.243432
11.433525, 0.057672, 5.243432
11.436734, 0.057672, 5.243432
11.439824, 0.057672, 5.243432
11.442807, 0.055122, 5.011607
11.445790, 0.057672, 5.243432
11.449104, 0.057672, 5.243432
11.452308, 0.057672, 5.243432
11.455292, 0.057672, 5.243432
11.458425, 0.057672, 5.243432
11.461472, 0.057672, 5.243432
11.464163, 0.057672, 5.243432
11.466791, 0.057672, 5.243432
11.469586, 0.057672, 5.243432
11.472386, 0.057672, 5.243432
11.475167, 0.057672, 5.243432
11.478095, 0.057672, 5.243432
11.481689, 0.057672, 5.243432
11.486565, 0.057672, 5.243432
11.492328, 0.057672, 5.243432
11.498861, 0.057672, 5.243432
11.501746, 0.057672, 5.243432
11.503993, 0.057672, 5.243432
11.506565, 0.057672, 5.243432
11.509395, 0.057672, 5.243432
11.512356, 0.057672, 5.243432
11.515330, 0.057672, 5.243432
11.520044, 0.057672, 5.243432
11.526087, 0.057672, 5.243432
11.530928, 0.057672, 5.243432
11.533037, 0.057672, 5.243432
11.535583, 0.057672, 5.243432
11.538310, 0.057672, 5.243432
11.541186, 0.057672, 5.243432
11.544092, 0.057672, 5.243432
11.546987, 0.057672, 5.243432
11.550223, 0.057672, 5.243432
11.553566, 0.057672, 5.243432
11.556048, 0.057672, 5.243432
11.558593, 0.060222, 5.475256
11.561570, 0.057672, 5.243432
11.564830, 0.057672, 5.243432
11.568406, 0.057672, 5.243432
11.572079, 0.057672, 5.243432
11.575150, 0.057672, 5.243432
11.578165, 0.057672, 5.243432
11.581276, 0.055122, 5.011607
11.584687, 0.057672, 5.243432
11.587228, 0.060222, 5.475256
11.590533, 0.057672, 5.243432
11.592678, 0.057672, 5.243432
11.595170, 0.057672, 5.243432
11.597990, 0.057672, 5.243432
11.603676, 0.057672, 5.243432
11.608103, 0.057672, 5.243432
11.612307, 0.057672, 5.243432
11.616271, 0.057672, 5.243432
11.620320, 0.057672, 5.243432
11.623315, 0.057672, 5.243432
11.625802, 0.057672, 5.243432
11.628647, 0.057672, 5.243432
11.631675, 0.057672, 5.243432
11.634955, 0.057672, 5.243432
11.638138, 0.057672, 5.243432
11.641961, 0.057672, 5.243432
11.644398, 0.057672, 5.243432
11.646812, 0.057672, 5.243432
11.649380, 0.057672, 5.243432
11.652713, 0.057672, 5.243432
11.656000, 0.057672, 5.243432
11.659067, 0.057672, 5.243432
11.662366, 0.057672, 5.243432
11.665285, 0.057672, 5.243432
11.670208, 0.057672, 5.243432
11.674153, 0.057672, 5.243432
11.677954, 0.057672, 5.243432
11.681977, 0.057672, 5.243432
11.685993, 0.057672, 5.243432
11.688392, 0.057672, 5.243432
11.690907, 0.057672, 5.243432
11.693569, 0.057672, 5.243432
11.696396, 0.057672, 5.243432
11.699549, 0.057672, 5.243432
11.704454, 0.057672, 5.243432
11.708565, 0.055122, 5.011607
11.712417, 0.057672, 5.243432
11.716062, 0.057672, 5.243432
11.720002, 0.057672, 5.243432
11.724179, 0.057672, 5.243432
11.731066, 0.057672, 5.243432
11.737064, 0.057672, 5.243432
11.742829, 0.057672, 5.243432
11.748162, 0.057672, 5.243432
11.752527, 0.057672, 5.243432
11.755385, 0.057672, 5.243432
11.758107, 0.055122, 5.011607
11.760963, 0.055122, 5.011607
11.763955, 0.057672, 5.243432
11.767155, 0.057672, 5.243432
11.770189, 0.057672, 5.243432
11.773188, 0.057672, 5.243432
11.776210, 0.057672, 5.243432
11.779736, 0.057672, 5.243432
11.782879, 0.057672, 5.243432
11.786132, 0.057672, 5.243432
11.789280, 0.057672, 5.243432
11.792233, 0.057672, 5.243432
11.795163, 0.057672, 5.243432
11.798841, 0.057672, 5.243432
11.802557, 0.057672, 5.243432
11.805628, 0.057672, 5.243432
11.808686, 0.057672, 5.243432
11.811682, 0.057672, 5.243432
11.814625, 0.057672, 5.243432
11.817742, 0.057672, 5.243432
11.820698, 0.057672, 5.243432
11.823513, 0.057672, 5.243432
11.826847, 0.055122, 5.011607
11.830460, 0.057672, 5.243432
11.833089, 0.057672, 5.243432
11.837027, 0.057672, 5.243432
11.840430, 0.057672, 5.243432
11.843643, 0.057672, 5.243432
11.847610, 0.057672, 5.243432
11.852280, 0.057672, 5.243432
11.855156, 0.057672, 5.243432
11.857738, 0.057672, 5.243432
11.862850, 0.057672, 5.243432
11.867578, 0.057672, 5.243432
11.873074, 0.057672, 5.243432
11.877990, 0.057672, 5.243432
11.880306, 0.057672, 5.243432
11.882654, 0.057672, 5.243432
11.885352, 0.057672, 5.243432
11.888268, 0.057672, 5.243432
11.892109, 0.057672, 5.243432
11.895175, 0.057672, 5.243432
11.898209, 0.057672, 5.243432
11.902939, 0.057672, 5.243432
11.906177, 0.057672, 5.243432
11.909373, 0.057672, 5.243432
11.912381, 0.057672, 5.243432
11.915366, 0.060222, 5.475256
11.918505, 0.057672, 5.243432
11.921810, 0.057672, 5.243432
11.924748, 0.057672, 5.243432
11.927684, 0.057672, 5.243432
11.930926, 0.057672, 5.243432
11.934324, 0.055122, 5.011607
11.937594, 0.057672, 5.243432
11.940606, 0.057672, 5.243432
11.943523, 0.057672, 5.243432
11.946405, 0.057672, 5.243432
11.950461, 0.057672, 5.243432
11.953578, 0.057672, 5.243432
11.956579, 0.057672, 5.243432
11.959731, 0.057672, 5.243432
11.962705, 0.057672, 5.243432
11.965776, 0.057672, 5.243432
11.968927, 0.057672, 5.243432
11.972800, 0.057672, 5.243432
11.975976, 0.055122, 5.011607
11.979025, 0.057672, 5.243432
11.983572, 0.057672, 5.243432
11.986496, 0.057672, 5.243432
11.991016, 0.057672, 5.243432
11.994271, 0.057672, 5.243432
11.997919, 0.057672, 5.243432
12.002298, 0.057672, 5.243432
12.006869, 0.057672, 5.243432
12.011320, 0.057672, 5.243432
12.015329, 0.057672, 5.243432
12.019229, 0.057672, 5.243432
12.022364, 0.057672, 5.243432
12.025308, 0.057672, 5.243432
12.028324, 0.055122, 5.011607
12.031158, 0.057672, 5.243432
12.034435, 0.057672, 5.243432
12.037284, 0.057672, 5.243432
12.040117, 0.057672, 5.243432
12.042834, 0.057672, 5.243432
12.045667, 0.057672, 5.243432
12.048581, 0.057672, 5.243432
12.051448, 0.057672, 5.243432
12.054215, 0.060222, 5.475256
12.057208, 0.057672, 5.243432
12.060191, 0.057672, 5.243432
12.063263, 0.055122, 5.011607
12.066513, 0.057672, 5.243432
12.069605, 0.057672, 5.243432
12.072645, 0.060222, 5.475256
12.075504, 0.057672, 5.243432
12.078670, 0.057672, 5.243432
12.081468, 0.057672, 5.243432
12.083741, 0.057672, 5.243432
12.086089, 0.057672, 5.243432
12.089092, 0.057672, 5.243432
12.091800, 0.057672, 5.243432
12.096524, 0.057672, 5.243432
12.101305, 0.057672, 5.243432
12.104238, 0.057672, 5.243432
12.106638, 0.057672, 5.243432
12.109590, 0.057672, 5.243432
12.112017, 0.060222, 5.475256
12.114504, 0.057672, 5.243432
12.117159, 0.057672, 5.243432
12.120655, 0.057672, 5.243432
12.123343, 0.057672, 5.243432
12.126065, 0.057672, 5.243432
12.128711, 0.057672, 5.243432
12.131445, 0.057672, 5.243432
12.135112, 0.057672, 5.243432
12.137878, 0.057672, 5.243432
12.140832, 0.057672, 5.243432
12.143512, 0.057672, 5.243432
12.146339, 0.057672, 5.243432
12.149151, 0.057672, 5.243432
12.153529, 0.055122, 5.011607
12.155946, 0.057672, 5.243432
12.158409, 0.057672, 5.243432
12.161122, 0.057672, 5.243432
12.163865, 0.057672, 5.243432
12.166935, 0.055122, 5.011607
12.170146, 0.057672, 5.243432
12.173229, 0.057672, 5.243432
12.176201, 0.057672, 5.243432
12.179021, 0.057672, 5.243432
12.183106, 0.057672, 5.243432
12.185770, 0.057672, 5.243432
12.188055, 0.057672, 5.243432
12.190857, 0.060222, 5.475256
12.193475, 0.057672, 5.243432
12.196118, 0.057672, 5.243432
12.198841, 0.057672, 5.243432
12.203259, 0.057672, 5.243432
12.205461, 0.060222, 5.475256
12.207899, 0.057672, 5.243432
12.210539, 0.057672, 5.243432
12.213197, 0.057672, 5.243432
12.215996, 0.057672, 5.243432
12.219049, 0.057672, 5.243432
12.222705, 0.057672, 5.243432
12.224893, 0.057672, 5.243432
12.227120, 0.057672, 5.243432
12.229653, 0.057672, 5.243432
12.232450, 0.057672, 5.243432
12.235315, 0.057672, 5.243432
12.238008, 0.057672, 5.243432
12.240772, 0.057672, 5.243432
12.244233, 0.057672, 5.243432
12.246508, 0.057672, 5.243432
12.249132, 0.057672, 5.243432
12.254853, 0.057672, 5.243432
12.259350, 0.057672, 5.243432
12.263075, 0.057672, 5.243432
12.266891, 0.057672, 5.243432
12.271217, 0.057672, 5.243432
12.275456, 0.060222, 5.475256
12.277925, 0.057672, 5.243432
12.280244, 0.057672, 5.243432
12.283608, 0.055122, 5.011607
12.287503, 0.057672, 5.243432
12.291165, 0.057672, 5.243432
12.294639, 0.057672, 5.243432
12.297962, 0.057672, 5.243432
12.302407, 0.057672, 5.243432
12.305526, 0.057672, 5.243432
12.308466, 0.057672, 5.243432
12.312588, 0.057672, 5.243432
12.315265, 0.057672, 5.243432
12.317234, 0.060222, 5.475256
12.320833, 0.057672, 5.243432
12.324206, 0.057672, 5.243432
12.327397, 0.057672, 5.243432
12.330669, 0.057672, 5.243432
12.335383, 0.057672, 5.243432
12.337620, 0.057672, 5.243432
12.340160, 0.057672, 5.243432
12.343076, 0.057672, 5.243432
12.346095, 0.057672, 5.243432
12.349552, 0.057672, 5.243432
12.352847, 0.057672, 5.243432
12.355472, 0.055122, 5.011607
12.357368, 0.057672, 5.243432
12.359334, 0.057672, 5.243432
12.362214, 0.055122, 5.011607
12.365108, 0.057672, 5.243432
12.367874, 0.057672, 5.243432
12.370356, 0.057672, 5.243432
12.373004, 0.057672, 5.243432
12.375797, 0.057672, 5.243432
12.378721, 0.057672, 5.243432
12.381464, 0.057672, 5.243432
12.385778, 0.057672, 5.243432
12.388911, 0.057672, 5.243432
12.391938, 0.057672, 5.243432
12.394971, 0.057672, 5.243432
12.397930, 0.057672, 5.243432
12.400897, 0.057672, 5.243432
12.404846, 0.060222, 5.475256
12.409211, 0.057672, 5.243432
12.413259, 0.057672, 5.243432
12.416555, 0.060222, 5.475256
12.418883, 0.057672, 5.243432
12.421208, 0.057672, 5.243432
12.423519, 0.057672, 5.243432
12.425983, 0.055122, 5.011607
12.428642, 0.057672, 5.243432
12.431299, 0.057672, 5.243432
12.434881, 0.057672, 5.243432
12.437895, 0.057672, 5.243432
12.440806, 0.057672, 5.243432
12.444439, 0.057672, 5.243432
12.446727, 0.057672, 5.243432
12.449396, 0.057672, 5.243432
12.452643, 0.057672, 5.243432
12.456557, 0.057672, 5.243432
12.459993, 0.057672, 5.243432
12.462824, 0.057672, 5.243432
12.467317, 0.057672, 5.243432
12.470746, 0.057672, 5.243432
12.473149, 0.057672, 5.243432
12.475674, 0.057672, 5.243432
12.478145, 0.057672, 5.243432
12.480680, 0.057672, 5.243432
12.483945, 0.057672, 5.243432
12.486678, 0.057672, 5.243432
12.489393, 0.057672, 5.243432
12.492292, 0.057672, 5.243432
12.495192, 0.055122, 5.011607
12.497224, 0.055122, 5.011607
12.499820, 0.057672, 5.243432
12.502063, 0.057672, 5.243432
12.504256, 0.057672, 5.243432
12.507767, 0.055122, 5.011607
12.510081, 0.057672, 5.243432
12.512553, 0.057672, 5.243432
12.515284, 0.057672, 5.243432
12.519110, 0.060222, 5.475256
12.521637, 0.057672, 5.243432
12.524257, 0.060222, 5.475256
12.528472, 0.057672, 5.243432
12.531923, 0.060222, 5.475256
12.535419, 0.057672, 5.243432
12.537535, 0.057672, 5.243432
12.539682, 0.057672, 5.243432
12.541994, 0.057672, 5.243432
12.544573, 0.057672, 5.243432
12.547479, 0.057672, 5.243432
12.550384, 0.057672, 5.243432
12.552817, 0.060222, 5.475256
12.555164, 0.057672, 5.243432
12.558165, 0.057672, 5.243432
12.560836, 0.055122, 5.011607
12.563592, 0.057672, 5.243432
12.566539, 0.057672, 5.243432
12.569002, 0.057672, 5.243432
12.571408, 0.057672, 5.243432
12.573844, 0.057672, 5.243432
12.576480, 0.057672, 5.243432
12.579093, 0.057672, 5.243432
12.581795, 0.057672, 5.243432
12.584722, 0.060222, 5.475256
12.587487, 0.057672, 5.243432
12.590425, 0.057672, 5.243432
12.594041, 0.057672, 5.243432
12.596433, 0.057672, 5.243432
12.599013, 0.057672, 5.243432
12.602015, 0.057672, 5.243432
12.604242, 0.057672, 5.243432
12.606761, 0.057672, 5.243432
12.609140, 0.057672, 5.243432
12.611771, 0.057672, 5.243432
12.614477, 0.057672, 5.243432
12.617821, 0.057672, 5.243432
12.622246, 0.057672, 5.243432
12.625426, 0.057672, 5.243432
12.628444, 0.057672, 5.243432
12.631408, 0.057672, 5.243432
12.635860, 0.057672, 5.243432
12.638989, 0.060222, 5.475256
12.642005, 0.057672, 5.243432
12.645468, 0.057672, 5.243432
12.648414, 0.057672, 5.243432
12.651975, 0.057672, 5.243432
12.655297, 0.057672, 5.243432
12.657348, 0.057672, 5.243432
12.659738, 0.057672, 5.243432
12.662385, 0.057672, 5.243432
12.665219, 0.055122, 5.011607
12.668781, 0.057672, 5.243432
12.670891, 0.057672, 5.243432
12.673620, 0.057672, 5.243432
12.677539, 0.057672, 5.243432
12.679490, 0.057672, 5.243432
12.681397, 0.057672, 5.243432
12.685436, 0.057672, 5.243432
12.690791, 0.057672, 5.243432
12.695451, 0.057672, 5.243432
12.699363, 0.057672, 5.243432
12.702888, 0.057672, 5.243432
12.706098, 0.057672, 5.243432
12.709057, 0.057672, 5.243432
12.711876, 0.057672, 5.243432
12.714732, 0.057672, 5.243432
12.717647, 0.057672, 5.243432
12.720327, 0.057672, 5.243432
12.723101, 0.060222, 5.475256
12.725997, 0.057672, 5.243432
12.728642, 0.057672, 5.243432
12.731272, 0.057672, 5.243432
12.734829, 0.057672, 5.243432
12.737425, 0.057672, 5.243432
12.740254, 0.057672, 5.243432
12.742959, 0.057672, 5.243432
12.745839, 0.057672, 5.243432
12.748798, 0.057672, 5.243432
12.752575, 0.057672, 5.243432
12.755365, 0.057672, 5.243432
12.759621, 0.057672, 5.243432
12.763259, 0.057672, 5.243432
12.765439, 0.057672, 5.243432
12.767999, 0.057672, 5.243432
12.770585, 0.057672, 5.243432
12.773464, 0.057672, 5.243432
12.776799, 0.057672, 5.243432
12.781209, 0.057672, 5.243432
12.784539, 0.055122, 5.011607
12.786939, 0.057672, 5.243432
12.789345, 0.057672, 5.243432
12.792117, 0.057672, 5.243432
12.794940, 0.057672, 5.243432
12.797908, 0.057672, 5.243432
12.801102, 0.057672, 5.243432
12.803645, 0.057672, 5.243432
12.806187, 0.057672, 5.243432
12.809728, 0.057672, 5.243432
12.813787, 0.057672, 5.243432
12.816176, 0.057672, 5.243432
12.820301, 0.057672, 5.243432
12.826931, 0.057672, 5.243432
12.832736, 0.057672, 5.243432
12.838213, 0.057672, 5.243432
12.843021, 0.057672, 5.243432
12.846392, 0.057672, 5.243432
12.850281, 0.057672, 5.243432
12.854884, 0.060222, 5.475256
12.859743, 0.057672, 5.243432
12.862598, 0.057672, 5.243432
12.865378, 0.057672, 5.243432
12.868388, 0.057672, 5.243432
12.871423, 0.057672, 5.243432
12.874671, 0.057672, 5.243432
12.877897, 0.057672, 5.243432
12.881175, 0.060222, 5.475256
12.884449, 0.057672, 5.243432
12.887922, 0.057672, 5.243432
12.891608, 0.057672, 5.243432
12.895422, 0.057672, 5.243432
12.899627, 0.057672, 5.243432
12.903494, 0.057672, 5.243432
12.906981, 0.057672, 5.243432
12.910520, 0.057672, 5.243432
12.913754, 0.057672, 5.243432
12.917246, 0.057672, 5.243432
12.920752, 0.055122, 5.011607
12.924139, 0.057672, 5.243432
12.928013, 0.057672, 5.243432
12.931099, 0.057672, 5.243432
12.935492, 0.057672, 5.243432
12.939165, 0.055122, 5.011607
12.942320, 0.057672, 5.243432
12.946607, 0.057672, 5.243432
12.949464, 0.057672, 5.243432
12.952847, 0.057672, 5.243432
12.955511, 0.057672, 5.243432
12.958332, 0.057672, 5.243432
12.961803, 0.057672, 5.243432
12.965740, 0.057672, 5.243432
12.970580, 0.057672, 5.243432
12.974598, 0.057672, 5.243432
12.977785, 0.057672, 5.243432
12.981794, 0.057672, 5.243432
12.985485, 0.057672, 5.243432
12.989089, 0.057672, 5.243432
12.992237, 0.057672, 5.243432
12.994529, 0.057672, 5.243432
12.996961, 0.057672, 5.243432
12.999794, 0.060222, 5.475256
13.002642, 0.057672, 5.243432
13.005577, 0.057672, 5.243432
13.008426, 0.057672, 5.243432
13.012971, 0.057672, 5.243432
13.015900, 0.057672, 5.243432
13.018863, 0.057672, 5.243432
13.021743, 0.057672, 5.243432
13.024526, 0.057672, 5.243432
13.027277, 0.057672, 5.243432
13.030095, 0.057672, 5.243432
13.032933, 0.057672, 5.243432
13.036039, 0.055122, 5.011607
13.038994, 0.057672, 5.243432
13.042033, 0.057672, 5.243432
13.044932, 0.057672, 5.243432
13.047761, 0.057672, 5.243432
13.051487, 0.057672, 5.243432
13.053813, 0.057672, 5.243432
13.056151, 0.057672, 5.243432
13.058554, 0.055122, 5.011607
13.061218, 0.057672, 5.243432
13.063854, 0.057672, 5.243432
13.066741, 0.057672, 5.243432
13.069569, 0.057672, 5.243432
13.072560, 0.057672, 5.243432
13.075321, 0.057672, 5.243432
13.078067, 0.057672, 5.243432
13.081467, 0.057672, 5.243432
13.086266, 0.057672, 5.243432
13.089147, 0.055122, 5.011607
13.092215, 0.057672, 5.243432
13.094992, 0.057672, 5.243432
13.097920, 0.057672, 5.243432
13.100896, 0.057672, 5.243432
13.103714, 0.057672, 5.243432
13.106647, 0.057672, 5.243432
13.109345, 0.057672, 5.243432
13.112792, 0.055122, 5.011607
13.116352, 0.057672, 5.243432
13.119422, 0.057672, 5.243432
13.122705, 0.057672, 5.243432
13.124914, 0.057672, 5.243432
13.127204, 0.057672, 5.243432
13.129562, 0.057672, 5.243432
13.132206, 0.057672, 5.243432
13.135202, 0.057672, 5.243432
13.137945, 0.057672, 5.243432
13.140693, 0.057672, 5.243432
13.143652, 0.057672, 5.243432
13.146538, 0.057672, 5.243432
13.149542, 0.057672, 5.243432
13.153154, 0.057672, 5.243432
13.156753, 0.057672, 5.243432
13.159714, 0.057672, 5.243432
13.162729, 0.057672, 5.243432
13.165676, 0.057672, 5.243432
13.168644, 0.057672, 5.243432
13.171694, 0.057672, 5.243432
13.174493, 0.055122, 5.011607
13.177240, 0.055122, 5.011607
13.180081, 0.057672, 5.243432
13.183746, 0.055122, 5.011607
13.186194, 0.057672, 5.243432
13.188593, 0.057672, 5.243432
13.191037, 0.057672, 5.243432
13.195509, 0.057672, 5.243432
13.198746, 0.057672, 5.243432
13.202822, 0.057672, 5.243432
13.207569, 0.057672, 5.243432
13.211466, 0.057672, 5.243432
13.214935, 0.057672, 5.243432
13.218749, 0.057672, 5.243432
13.221807, 0.057672, 5.243432
13.224819, 0.060222, 5.475256
13.227516, 0.057672, 5.243432
13.230325, 0.060222, 5.475256
13.233173, 0.057672, 5.243432
13.235911, 0.057672, 5.243432
13.238607, 0.057672, 5.243432
13.241106, 0.057672, 5.243432
13.244609, 0.057672, 5.243432
13.247928, 0.057672, 5.243432
13.252145, 0.057672, 5.243432
13.254759, 0.057672, 5.243432
13.257431, 0.057672, 5.243432
13.260140, 0.057672, 5.243432
13.262750, 0.057672, 5.243432
13.264704, 0.057672, 5.243432
13.267359, 0.057672, 5.243432
13.270589, 0.057672, 5.243432
13.273449, 0.057672, 5.243432
13.277428, 0.057672, 5.243432
13.281824, 0.057672, 5.243432
13.284973, 0.057672, 5.243432
13.289233, 0.057672, 5.243432
13.293253, 0.057672, 5.243432
13.298096, 0.057672, 5.243432
13.304210, 0.057672, 5.243432
13.311121, 0.057672, 5.243432
13.315815, 0.057672, 5.243432
13.320921, 0.057672, 5.243432
13.324278, 0.057672, 5.243432
13.327250, 0.057672, 5.243432
13.330307, 0.057672, 5.243432
13.333809, 0.057672, 5.243432
13.337092, 0.057672, 5.243432
13.340196, 0.057672, 5.243432
13.343201, 0.057672, 5.243432
13.346246, 0.057672, 5.243432
13.349276, 0.057672, 5.243432
13.352412, 0.060222, 5.475256
13.355401, 0.057672, 5.243432
13.358382, 0.057672, 5.243432
13.362209, 0.057672, 5.243432
13.365439, 0.057672, 5.243432
13.368836, 0.057672, 5.243432
13.372319, 0.057672, 5.243432
13.375653, 0.057672, 5.243432
13.378889, 0.057672, 5.243432
13.382827, 0.057672, 5.243432
13.386407, 0.057672, 5.243432
13.389611, 0.057672, 5.243432
13.392876, 0.057672, 5.243432
13.395967, 0.057672, 5.243432
13.399034, 0.057672, 5.243432
13.402900, 0.057672, 5.243432
13.406735, 0.057672, 5.243432
13.410659, 0.057672, 5.243432
13.415839, 0.057672, 5.243432
13.420865, 0.057672, 5.243432
13.425920, 0.057672, 5.243432
13.429923, 0.057672, 5.243432
13.434482, 0.057672, 5.243432
13.437464, 0.057672, 5.243432
13.440395, 0.057672, 5.243432
13.442876, 0.057672, 5.243432
13.446951, 0.057672, 5.243432
13.455033, 0.057672, 5.243432
13.460040, 0.057672, 5.243432
13.465616, 0.057672, 5.243432
13.470602, 0.057672, 5.243432
13.475616, 0.057672, 5.243432
13.479087, 0.055122, 5.011607
13.481897, 0.057672, 5.243432
13.485561, 0.057672, 5.243432
13.488619, 0.057672, 5.243432
13.491718, 0.057672, 5.243432
13.494858, 0.057672, 5.243432
13.497908, 0.057672, 5.243432
13.501458, 0.057672, 5.243432
13.504988, 0.057672, 5.243432
13.508130, 0.057672, 5.243432
13.511181, 0.057672, 5.243432
13.514430, 0.057672, 5.243432
13.518195, 0.057672, 5.243432
13.523006, 0.057672, 5.243432
13.526275, 0.057672, 5.243432
13.529483, 0.057672, 5.243432
13.532912, 0.057672, 5.243432
13.537503, 0.057672, 5.243432
13.540713, 0.057672, 5.243432
13.543907, 0.057672, 5.243432
13.547004, 0.057672, 5.243432
13.550241, 0.057672, 5.243432
13.553378, 0.057672, 5.243432
13.556317, 0.057672, 5.243432
13.559224, 0.057672, 5.243432
13.562257, 0.057672, 5.243432
13.565342, 0.057672, 5.243432
13.568764, 0.057672, 5.243432
13.571886, 0.055122, 5.011607
13.575353, 0.057672, 5.243432
13.578454, 0.057672, 5.243432
13.581471, 0.057672, 5.243432
13.585891, 0.057672, 5.243432
13.588401, 0.057672, 5.243432
13.591184, 0.057672, 5.243432
13.594445, 0.057672, 5.243432
13.597434, 0.057672, 5.243432
13.600493, 0.057672, 5.243432
13.603681, 0.057672, 5.243432
13.606733, 0.057672, 5.243432
13.609648, 0.057672, 5.243432
13.612561, 0.057672, 5.243432
13.616183, 0.057672, 5.243432
13.619227, 0.055122, 5.011607
13.623671, 0.057672, 5.243432
13.627748, 0.057672, 5.243432
13.631279, 0.057672, 5.243432
13.635544, 0.057672, 5.243432
13.639251, 0.055122, 5.011607
13.642431, 0.057672, 5.243432
13.645809, 0.057672, 5.243432
13.648977, 0.057672, 5.243432
13.652303, 0.057672, 5.243432
13.655375, 0.057672, 5.243432
13.658504, 0.055122, 5.011607
13.661391, 0.057672, 5.243432
13.664356, 0.057672, 5.243432
13.667616, 0.057672, 5.243432
13.670702, 0.057672, 5.243432
13.673659, 0.057672, 5.243432
13.677639, 0.057672, 5.243432
13.681201, 0.057672, 5.243432
13.684904, 0.057672, 5.243432
13.687774, 0.057672, 5.243432
13.690613, 0.057672, 5.243432
13.693506, 0.057672, 5.243432
13.696601, 0.055122, 5.011607
13.699675, 0.057672, 5.243432
13.702784, 0.057672, 5.243432
13.706081, 0.057672, 5.243432
13.708998, 0.057672, 5.243432
13.711113, 0.057672, 5.243432
13.713351, 0.057672, 5.243432
13.716575, 0.057672, 5.243432
13.724388, 0.057672, 5.243432
13.728641, 0.057672, 5.243432
13.731532, 0.057672, 5.243432
13.734213, 0.057672, 5.243432
13.736781, 0.057672, 5.243432
13.739262, 0.057672, 5.243432
13.741891, 0.055122, 5.011607
13.744502, 0.057672, 5.243432
13.747454, 0.057672, 5.243432
13.750623, 0.057672, 5.243432
13.754419, 0.057672, 5.243432
13.757725, 0.060222, 5.475256
13.761496, 0.057672, 5.243432
13.764521, 0.057672, 5.243432
13.768891, 0.057672, 5.243432
13.772061, 0.057672, 5.243432
13.774359, 0.055122, 5.011607
13.777011, 0.057672, 5.243432
13.780984, 0.055122, 5.011607
13.784360, 0.060222, 5.475256
13.787935, 0.057672, 5.243432
13.791114, 0.055122, 5.011607
13.794408, 0.057672, 5.243432
13.797842, 0.057672, 5.243432
13.802085, 0.057672, 5.243432
13.805578, 0.057672, 5.243432
13.808928, 0.055122, 5.011607
13.812253, 0.057672, 5.243432
13.815570, 0.057672, 5.243432
13.819253, 0.057672, 5.243432
13.821547, 0.055122, 5.011607
13.824380, 0.055122, 5.011607
13.827639, 0.055122, 5.011607
13.831167, 0.057672, 5.243432
13.834822, 0.057672, 5.243432
13.838389, 0.057672, 5.243432
13.841148, 0.055122, 5.011607
13.844003, 0.057672, 5.243432
13.847402, 0.057672, 5.243432
13.851106, 0.055122, 5.011607
13.854693, 0.057672, 5.243432
13.858206, 0.057672, 5.243432
13.861875, 0.057672, 5.243432
13.865652, 0.055122, 5.011607
13.869513, 0.057672, 5.243432
13.873214, 0.057672, 5.243432
13.876247, 0.057672, 5.243432
13.878955, 0.057672, 5.243432
13.881846, 0.057672, 5.243432
13.889284, 0.057672, 5.243432
13.894662, 0.057672, 5.243432
13.899408, 0.057672, 5.243432
13.901961, 0.057672, 5.243432
13.905507, 0.055122, 5.011607
13.908514, 0.057672, 5.243432
13.912875, 0.057672, 5.243432
13.916810, 0.057672, 5.243432
13.919752, 0.055122, 5.011607
13.922501, 0.057672, 5.243432
13.926504, 0.057672, 5.243432
13.932374, 0.057672, 5.243432
13.935999, 0.057672, 5.243432
13.938915, 0.057672, 5.243432
13.941382, 0.055122, 5.011607
13.944170, 0.057672, 5.243432
13.947782, 0.057672, 5.243432
13.951419, 0.057672, 5.243432
13.955058, 0.057672, 5.243432
13.958873, 0.057672, 5.243432
13.962686, 0.057672, 5.243432
13.966488, 0.057672, 5.243432
13.970216, 0.057672, 5.243432
13.972791, 0.057672, 5.243432
13.975547, 0.057672, 5.243432
13.978474, 0.057672, 5.243432
13.981528, 0.057672, 5.243432
13.984996, 0.057672, 5.243432
13.988764, 0.057672, 5.243432
13.991978, 0.055122, 5.011607
13.995238, 0.057672, 5.243432
13.997786, 0.057672, 5.243432
14.001534, 0.057672, 5.243432
14.004037, 0.057672, 5.243432
14.006659, 0.057672, 5.243432
14.009547, 0.057672, 5.243432
14.012481, 0.057672, 5.243432
14.015563, 0.057672, 5.243432
14.018777, 0.057672, 5.243432
14.022080, 0.057672, 5.243432
14.025115, 0.057672, 5.243432
14.028122, 0.057672, 5.243432
14.031204, 0.057672, 5.243432
14.034624, 0.057672, 5.243432
14.037995, 0.057672, 5.243432
14.041303, 0.057672, 5.243432
14.044609, 0.057672, 5.243432
14.048455, 0.057672, 5.243432
14.052896, 0.057672, 5.243432
14.064889, 0.055122, 5.011607
14.086226, 0.055122, 5.011607
14.091926, 0.057672, 5.243432
14.095053, 0.057672, 5.243432
14.097542, 0.057672, 5.243432
14.100181, 0.057672, 5.243432
14.102546, 0.057672, 5.243432
14.105047, 0.057672, 5.243432
14.107637, 0.057672, 5.243432
14.110493, 0.055122, 5.011607
14.113340, 0.057672, 5.243432
14.116252, 0.060222, 5.475256
14.119374, 0.057672, 5.243432
14.122328, 0.057672, 5.243432
14.125777, 0.057672, 5.243432
14.128784, 0.057672, 5.243432
14.131698, 0.057672, 5.243432
14.135952, 0.057672, 5.243432
14.138984, 0.055122, 5.011607
14.141868, 0.057672, 5.243432
14.144909, 0.057672, 5.243432
14.148044, 0.057672, 5.243432
14.152496, 0.057672, 5.243432
14.156060, 0.057672, 5.243432
14.159471, 0.057672, 5.243432
14.163497, 0.057672, 5.243432
14.168125, 0.057672, 5.243432
14.173891, 0.057672, 5.243432
14.179032, 0.057672, 5.243432
14.183996, 0.060222, 5.475256
14.187565, 0.057672, 5.243432
14.190680, 0.057672, 5.243432
14.193910, 0.057672, 5.243432
14.197605, 0.057672, 5.243432
14.202167, 0.057672, 5.243432
14.205336, 0.057672, 5.243432
14.208270, 0.057672, 5.243432
14.211235, 0.057672, 5.243432
14.214209, 0.057672, 5.243432
14.217311, 0.057672, 5.243432
14.220931, 0.057672, 5.243432
14.224135, 0.057672, 5.243432
14.227329, 0.057672, 5.243432
14.230662, 0.057672, 5.243432
14.234195, 0.057672, 5.243432
14.237446, 0.057672, 5.243432
14.240771, 0.057672, 5.243432
14.243924, 0.057672, 5.243432
14.246996, 0.057672, 5.243432
14.250319, 0.057672, 5.243432
14.255555, 0.057672, 5.243432
14.259685, 0.057672, 5.243432
14.262062, 0.057672, 5.243432
14.264622, 0.057672, 5.243432
14.267731, 0.057672, 5.243432
14.272876, 0.057672, 5.243432
14.276185, 0.057672, 5.243432
14.279084, 0.057672, 5.243432
14.282080, 0.057672, 5.243432
14.285214, 0.057672, 5.243432
14.287764, 0.057672, 5.243432
14.291062, 0.057672, 5.243432
14.295705, 0.057672, 5.243432
14.299865, 0.057672, 5.243432
14.304584, 0.055122, 5.011607
14.308260, 0.057672, 5.243432
14.312817, 0.057672, 5.243432
14.317161, 0.057672, 5.243432
14.320961, 0.057672, 5.243432
14.324314, 0.057672, 5.243432
14.327518, 0.055122, 5.011607
14.331114, 0.057672, 5.243432
14.335469, 0.057672, 5.243432
14.338863, 0.055122, 5.011607
14.342234, 0.057672, 5.243432
14.345349, 0.057672, 5.243432
14.348551, 0.060222, 5.475256
14.352017, 0.057672, 5.243432
14.355232, 0.057672, 5.243432
14.358490, 0.057672, 5.243432
14.362580, 0.055122, 5.011607
14.366691, 0.057672, 5.243432
14.371736, 0.057672, 5.243432
14.374742, 0.057672, 5.243432
14.377210, 0.057672, 5.243432
14.380028, 0.057672, 5.243432
14.383289, 0.057672, 5.243432
14.388554, 0.057672, 5.243432
14.393645, 0.057672, 5.243432
14.398089, 0.055122, 5.011607
14.402416, 0.057672, 5.243432
14.405804, 0.055122, 5.011607
14.408723, 0.057672, 5.243432
14.411334, 0.057672, 5.243432
14.414044, 0.057672, 5.243432
14.419085, 0.057672, 5.243432
14.426373, 0.057672, 5.243432
14.431409, 0.057672, 5.243432
14.435442, 0.057672, 5.243432
14.439052, 0.057672, 5.243432
14.441787, 0.057672, 5.243432
14.444343, 0.057672, 5.243432
14.447151, 0.055122, 5.011607
14.453168, 0.057672, 5.243432
14.458634, 0.057672, 5.243432
14.463330, 0.057672, 5.243432
14.467283, 0.057672, 5.243432
14.470315, 0.057672, 5.243432
14.472833, 0.057672, 5.243432
14.475375, 0.060222, 5.475256
14.478488, 0.055122, 5.011607
14.481318, 0.057672, 5.243432
14.484628, 0.057672, 5.243432
14.487991, 0.057672, 5.243432
14.491814, 0.057672, 5.243432
14.494953, 0.057672, 5.243432
14.498152, 0.057672, 5.243432
14.501532, 0.057672, 5.243432
14.504690, 0.055122, 5.011607
14.507863, 0.055122, 5.011607
14.510899, 0.057672, 5.243432
14.513921, 0.057672, 5.243432
14.517135, 0.057672, 5.243432
14.521073, 0.057672, 5.243432
14.523771, 0.057672, 5.243432
14.526385, 0.057672, 5.243432
14.530082, 0.057672, 5.243432
14.533340, 0.055122, 5.011607
14.536509, 0.060222, 5.475256
14.539785, 0.057672, 5.243432
14.542905, 0.057672, 5.243432
14.545968, 0.057672, 5.243432
14.549255, 0.057672, 5.243432
14.553559, 0.057672, 5.243432
14.555787, 0.057672, 5.243432
14.558224, 0.057672, 5.243432
14.561713, 0.057672, 5.243432
14.563933, 0.057672, 5.243432
14.568403, 0.057672, 5.243432
14.573254, 0.057672, 5.243432
14.576164, 0.057672, 5.243432
14.578872, 0.057672, 5.243432
14.581666, 0.057672, 5.243432
14.584846, 0.057672, 5.243432
14.587783, 0.057672, 5.243432
14.591484, 0.057672, 5.243432
14.594595, 0.055122, 5.011607
14.597655, 0.057672, 5.243432
14.601313, 0.057672, 5.243432
14.604429, 0.057672, 5.243432
14.607447, 0.057672, 5.243432
14.611059, 0.057672, 5.243432
14.615491, 0.057672, 5.243432
14.619740, 0.057672, 5.243432
14.622513, 0.057672, 5.243432
14.625399, 0.057672, 5.243432
14.628331, 0.057672, 5.243432
14.631921, 0.057672, 5.243432
14.634858, 0.057672, 5.243432
14.637092, 0.057672, 5.243432
14.639305, 0.057672, 5.243432
14.643884, 0.057672, 5.243432
14.649729, 0.057672, 5.243432
14.673897, 0.057672, 5.243432
14.692043, 0.057672, 5.243432
14.696699, 0.057672, 5.243432
14.699800, 0.057672, 5.243432
14.703618, 0.057672, 5.243432
14.706848, 0.057672, 5.243432
14.709835, 0.057672, 5.243432
14.716027, 0.057672, 5.243432
14.733238, 0.057672, 5.243432
14.739701, 0.057672, 5.243432
14.743333, 0.057672, 5.243432
14.746366, 0.057672, 5.243432
14.748653, 0.057672, 5.243432
14.751195, 0.057672, 5.243432
14.753926, 0.057672, 5.243432
14.756567, 0.057672, 5.243432
14.759240, 0.057672, 5.243432
14.761998, 0.057672, 5.243432
14.766252, 0.057672, 5.243432
14.769473, 0.057672, 5.243432
14.772569, 0.057672, 5.243432
14.775496, 0.057672, 5.243432
14.778483, 0.055122, 5.011607
14.781353, 0.057672, 5.243432
14.785426, 0.057672, 5.243432
14.789068, 0.057672, 5.243432
14.792338, 0.057672, 5.243432
14.795414, 0.055122, 5.011607
14.798689, 0.057672, 5.243432
14.802514, 0.057672, 5.243432
14.806321, 0.057672, 5.243432
14.809715, 0.057672, 5.243432
14.813266, 0.055122, 5.011607
14.817877, 0.057672, 5.243432
14.821280, 0.057672, 5.243432
14.825141, 0.055122, 5.011607
14.830257, 0.057672, 5.243432
14.835907, 0.060222, 5.475256
14.840120, 0.055122, 5.011607
14.844233, 0.057672, 5.243432
14.848566, 0.057672, 5.243432
14.853221, 0.057672, 5.243432
14.857881, 0.057672, 5.243432
14.861927, 0.057672, 5.243432
14.866872, 0.057672, 5.243432
14.870020, 0.057672, 5.243432
14.872594, 0.057672, 5.243432
14.876601, 0.057672, 5.243432
14.878746, 0.057672, 5.243432
14.881117, 0.057672, 5.243432
14.884603, 0.057672, 5.243432
14.888248, 0.057672, 5.243432
14.890863, 0.057672, 5.243432
14.893569, 0.057672, 5.243432
14.899472, 0.057672, 5.243432
14.903163, 0.057672, 5.243432
14.907168, 0.057672, 5.243432
14.911982, 0.057672, 5.243432
14.917081, 0.057672, 5.243432
14.919625, 0.057672, 5.243432
14.924690, 0.057672, 5.243432
14.927656, 0.055122, 5.011607
14.930606, 0.057672, 5.243432
14.934744, 0.057672, 5.243432
14.937882, 0.057672, 5.243432
14.940685, 0.057672, 5.243432
14.943596, 0.055122, 5.011607
14.946566, 0.057672, 5.243432
14.949703, 0.057672, 5.243432
14.952399, 0.057672, 5.243432
14.956154, 0.057672, 5.243432
14.959327, 0.057672, 5.243432
14.962382, 0.057672, 5.243432
14.965551, 0.057672, 5.243432
14.968913, 0.057672, 5.243432
14.972132, 0.057672, 5.243432
14.975410, 0.057672, 5.243432
14.978571, 0.055122, 5.011607
14.981977, 0.057672, 5.243432
14.985398, 0.057672, 5.243432
14.988568, 0.057672, 5.243432
14.991801, 0.057672, 5.243432
14.994829, 0.057672, 5.243432
14.997893, 0.055122, 5.011607
15.001564, 0.057672, 5.243432
15.004909, 0.057672, 5.243432
15.008184, 0.057672, 5.243432
15.012879, 0.057672, 5.243432
15.020016, 0.057672, 5.243432
15.027997, 0.057672, 5.243432
15.033791, 0.055122, 5.011607
15.036205, 0.057672, 5.243432
15.039054, 0.055122, 5.011607
15.043299, 0.057672, 5.243432
15.046751, 0.055122, 5.011607
15.050159, 0.057672, 5.243432
15.053119, 0.057672, 5.243432
15.055677, 0.057672, 5.243432
15.058675, 0.057672, 5.243432
15.061874, 0.057672, 5.243432
15.065059, 0.057672, 5.243432
15.068368, 0.057672, 5.243432
15.071607, 0.057672, 5.243432
15.074668, 0.057672, 5.243432
15.077790, 0.057672, 5.243432
15.080986, 0.057672, 5.243432
15.084063, 0.057672, 5.243432
15.087059, 0.057672, 5.243432
15.090105, 0.055122, 5.011607
15.093057, 0.057672, 5.243432
15.096135, 0.057672, 5.243432
15.099661, 0.057672, 5.243432
15.102780, 0.057672, 5.243432
15.105692, 0.057672, 5.243432
15.108517, 0.057672, 5.243432
15.111550, 0.057672, 5.243432
15.114499, 0.060222, 5.475256
15.117604, 0.057672, 5.243432
15.120991, 0.057672, 5.243432
15.124312, 0.057672, 5.243432
15.127375, 0.057672, 5.243432
15.130656, 0.057672, 5.243432
15.135656, 0.057672, 5.243432
15.137808, 0.057672, 5.243432
15.140388, 0.057672, 5.243432
15.144161, 0.057672, 5.243432
15.147314, 0.057672, 5.243432
15.150658, 0.057672, 5.243432
15.155345, 0.057672, 5.243432
15.157959, 0.057672, 5.243432
15.160082, 0.055122, 5.011607
15.162400, 0.057672, 5.243432
15.164822, 0.055122, 5.011607
15.167860, 0.057672, 5.243432
15.174054, 0.057672, 5.243432
15.203266, 0.057672, 5.243432
15.217157, 0.057672, 5.243432
15.221280, 0.057672, 5.243432
15.224089, 0.055122, 5.011607
15.226361, 0.057672, 5.243432
15.228556, 0.057672, 5.243432
15.230856, 0.057672, 5.243432
15.233894, 0.055122, 5.011607
15.237567, 0.057672, 5.243432
15.240511, 0.057672, 5.243432
15.243987, 0.055122, 5.011607
15.247770, 0.057672, 5.243432
15.251615, 0.057672, 5.243432
15.256844, 0.057672, 5.243432
15.259001, 0.055122, 5.011607
15.261130, 0.057672, 5.243432
15.264114, 0.057672, 5.243432
15.266718, 0.057672, 5.243432
15.269954, 0.057672, 5.243432
15.273205, 0.057672, 5.243432
15.276209, 0.057672, 5.243432
15.279165, 0.057672, 5.243432
15.282260, 0.057672, 5.243432
15.285605, 0.057672, 5.243432
15.288710, 0.055122, 5.011607
15.291735, 0.057672, 5.243432
15.294861, 0.057672, 5.243432
15.297937, 0.057672, 5.243432
15.301032, 0.055122, 5.011607
15.304156, 0.057672, 5.243432
15.307091, 0.057672, 5.243432
15.310042, 0.057672, 5.243432
15.313529, 0.057672, 5.243432
15.317470, 0.057672, 5.243432
15.320814, 0.057672, 5.243432
15.325087, 0.057672, 5.243432
15.329555, 0.057672, 5.243432
15.332954, 0.057672, 5.243432
15.336120, 0.057672, 5.243432
15.339537, 0.057672, 5.243432
15.342803, 0.055122, 5.011607
15.345097, 0.057672, 5.243432
15.348471, 0.057672, 5.243432
15.351479, 0.057672, 5.243432
15.354217, 0.057672, 5.243432
15.356982, 0.055122, 5.011607
15.359818, 0.055122, 5.011607
15.362727, 0.057672, 5.243432
15.366782, 0.057672, 5.243432
15.369931, 0.057672, 5.243432
15.373189, 0.057672, 5.243432
15.376496, 0.057672, 5.243432
15.379569, 0.055122, 5.011607
15.382722, 0.057672, 5.243432
15.386099, 0.057672, 5.243432
15.389102, 0.057672, 5.243432
15.392248, 0.057672, 5.243432
15.395841, 0.057672, 5.243432
15.399028, 0.057672, 5.243432
15.402406, 0.057672, 5.243432
15.405556, 0.057672, 5.243432
15.408682, 0.057672, 5.243432
15.411764, 0.057672, 5.243432
15.416863, 0.057672, 5.243432
15.420920, 0.057672, 5.243432
15.423803, 0.057672, 5.243432
15.428388, 0.057672, 5.243432
15.430908, 0.057672, 5.243432
15.433890, 0.057672, 5.243432
15.437544, 0.057672, 5.243432
15.441848, 0.057672, 5.243432
15.444596, 0.057672, 5.243432
15.447924, 0.057672, 5.243432
15.452402, 0.057672, 5.243432
15.457467, 0.057672, 5.243432
15.459594, 0.055122, 5.011607
15.461565, 0.057672, 5.243432
15.464177, 0.057672, 5.243432
15.466654, 0.057672, 5.243432
15.469265, 0.057672, 5.243432
15.472107, 0.057672, 5.243432
15.475011, 0.057672, 5.243432
15.478305, 0.057672, 5.243432
15.481556, 0.057672, 5.243432
15.485017, 0.057672, 5.243432
15.488373, 0.057672, 5.243432
15.491567, 0.057672, 5.243432
15.494656, 0.057672, 5.243432
15.498416, 0.057672, 5.243432
15.501933, 0.057672, 5.243432
15.504511, 0.057672, 5.243432
15.507054, 0.055122, 5.011607
15.510492, 0.057672, 5.243432
15.514394, 0.057672, 5.243432
15.519802, 0.057672, 5.243432
15.525627, 0.057672, 5.243432
15.530812, 0.057672, 5.243432
15.535228, 0.057672, 5.243432
15.539223, 0.057672, 5.243432
15.542848, 0.057672, 5.243432
15.546307, 0.057672, 5.243432
15.550041, 0.057672, 5.243432
15.553635, 0.057672, 5.243432
15.557211, 0.057672, 5.243432
15.560116, 0.057672, 5.243432
15.562265, 0.057672, 5.243432
15.565687, 0.057672, 5.243432
15.569057, 0.057672, 5.243432
15.571979, 0.057672, 5.243432
15.574908, 0.057672, 5.243432
15.577874, 0.057672, 5.243432
15.581323, 0.057672, 5.243432
15.584731, 0.057672, 5.243432
15.587833, 0.055122, 5.011607
15.591065, 0.057672, 5.243432
15.594352, 0.057672, 5.243432
15.598159, 0.057672, 5.243432
15.602011, 0.055122, 5.011607
15.605173, 0.057672, 5.243432
15.608321, 0.057672, 5.243432
15.611222, 0.057672, 5.243432
15.613522, 0.057672, 5.243432
15.616252, 0.057672, 5.243432
15.619039, 0.057672, 5.243432
15.623503, 0.057672, 5.243432
15.627543, 0.057672, 5.243432
15.630938, 0.057672, 5.243432
15.634938, 0.057672, 5.243432
15.637707, 0.057672, 5.243432
15.640485, 0.057672, 5.243432
15.645273, 0.057672, 5.243432
15.651379, 0.057672, 5.243432
15.654370, 0.057672, 5.243432
15.656731, 0.057672, 5.243432
15.659196, 0.057672, 5.243432
15.661636, 0.055122, 5.011607
15.664074, 0.057672, 5.243432
15.667633, 0.057672, 5.243432
15.670737, 0.057672, 5.243432
15.673814, 0.057672, 5.243432
15.677265, 0.057672, 5.243432
15.680955, 0.060222, 5.475256
15.684404, 0.057672, 5.243432
15.688008, 0.057672, 5.243432
15.691045, 0.057672, 5.243432
15.693800, 0.060222, 5.475256
15.696784, 0.057672, 5.243432
15.700485, 0.057672, 5.243432
15.703770, 0.057672, 5.243432
15.707111, 0.057672, 5.243432
15.711289, 0.057672, 5.243432
15.715206, 0.055122, 5.011607
15.719368, 0.057672, 5.243432
15.723921, 0.057672, 5.243432
15.728867, 0.057672, 5.243432
15.732478, 0.057672, 5.243432
15.735741, 0.057672, 5.243432
15.740506, 0.057672, 5.243432
15.745993, 0.057672, 5.243432
15.751108, 0.055122, 5.011607
15.753744, 0.057672, 5.243432
15.758365, 0.057672, 5.243432
15.761759, 0.057672, 5.243432
15.764792, 0.057672, 5.243432
15.767856, 0.057672, 5.243432
15.771099, 0.057672, 5.243432
15.775044, 0.057672, 5.243432
15.778292, 0.057672, 5.243432
15.781451, 0.057672, 5.243432
15.785175, 0.057672, 5.243432
15.788752, 0.057672, 5.243432
15.793012, 0.057672, 5.243432
15.795611, 0.057672, 5.243432
15.798150, 0.057672, 5.243432
15.802053, 0.057672, 5.243432
15.804627, 0.057672, 5.243432
15.807037, 0.057672, 5.243432
15.811321, 0.057672, 5.243432
15.816244, 0.057672, 5.243432
15.819930, 0.057672, 5.243432
15.823050, 0.057672, 5.243432
15.828235, 0.057672, 5.243432
15.836035, 0.057672, 5.243432
15.842858, 0.057672, 5.243432
15.848063, 0.057672, 5.243432
15.851968, 0.057672, 5.243432
15.854514, 0.057672, 5.243432
15.857436, 0.057672, 5.243432
15.861010, 0.057672, 5.243432
15.866283, 0.057672, 5.243432
15.870688, 0.057672, 5.243432
15.875253, 0.057672, 5.243432
15.878408, 0.057672, 5.243432
15.881884, 0.057672, 5.243432
15.886082, 0.057672, 5.243432
15.890293, 0.057672, 5.243432
15.895322, 0.057672, 5.243432
15.899242, 0.057672, 5.243432
15.903256, 0.055122, 5.011607
15.906880, 0.057672, 5.243432
15.910225, 0.057672, 5.243432
15.913644, 0.057672, 5.243432
15.917031, 0.057672, 5.243432
15.920307, 0.057672, 5.243432
15.923620, 0.057672, 5.243432
15.926708, 0.057672, 5.243432
15.929771, 0.057672, 5.243432
15.933073, 0.055122, 5.011607
15.936574, 0.057672, 5.243432
15.939805, 0.057672, 5.243432
15.943507, 0.057672, 5.243432
15.946767, 0.057672, 5.243432
15.950317, 0.057672, 5.243432
15.953451, 0.057672, 5.243432
15.955842, 0.057672, 5.243432
15.958208, 0.057672, 5.243432
15.961370, 0.057672, 5.243432
15.965816, 0.057672, 5.243432
15.969664, 0.057672, 5.243432
15.973206, 0.057672, 5.243432
15.976719, 0.057672, 5.243432
15.983146, 0.057672, 5.243432
15.987326, 0.057672, 5.243432
15.990129, 0.057672, 5.243432
15.993085, 0.057672, 5.243432
15.995706, 0.057672, 5.243432
15.998426, 0.057672, 5.243432
16.001366, 0.057672, 5.243432
16.004481, 0.057672, 5.243432
16.007283, 0.057672, 5.243432
16.010576, 0.057672, 5.243432
16.014870, 0.057672, 5.243432
16.018561, 0.057672, 5.243432
16.022174, 0.057672, 5.243432
16.025479, 0.057672, 5.243432
16.028740, 0.057672, 5.243432
16.032314, 0.057672, 5.243432
16.036910, 0.057672, 5.243432
16.041500, 0.055122, 5.011607
16.045630, 0.057672, 5.243432
16.050005, 0.055122, 5.011607
16.053437, 0.057672, 5.243432
16.056820, 0.057672, 5.243432
16.060341, 0.057672, 5.243432
16.063597, 0.057672, 5.243432
16.066920, 0.057672, 5.243432
16.070459, 0.057672, 5.243432
16.073788, 0.057672, 5.243432
16.077035, 0.057672, 5.243432
16.080539, 0.057672, 5.243432
16.084456, 0.057672, 5.243432
16.087729, 0.057672, 5.243432
16.090976, 0.057672, 5.243432
16.094161, 0.057672, 5.243432
16.097217, 0.057672, 5.243432
16.101239, 0.057672, 5.243432
16.104209, 0.057672, 5.243432
16.106531, 0.057672, 5.243432
16.109062, 0.057672, 5.243432
16.112046, 0.055122, 5.011607
16.115254, 0.057672, 5.243432
16.118766, 0.057672, 5.243432
16.122817, 0.057672, 5.243432
16.126169, 0.057672, 5.243432
16.129477, 0.057672, 5.243432
16.132737, 0.057672, 5.243432
16.135742, 0.057672, 5.243432
16.138215, 0.057672, 5.243432
16.140627, 0.057672, 5.243432
16.143380, 0.057672, 5.243432
16.146308, 0.057672, 5.243432
16.150367, 0.057672, 5.243432
16.154207, 0.057672, 5.243432
16.157266, 0.057672, 5.243432
16.160019, 0.057672, 5.243432
16.163569, 0.057672, 5.243432
16.165801, 0.057672, 5.243432
16.168762, 0.057672, 5.243432
16.171994, 0.057672, 5.243432
16.175654, 0.057672, 5.243432
16.178645, 0.057672, 5.243432
16.181797, 0.057672, 5.243432
16.186712, 0.055122, 5.011607
16.190088, 0.057672, 5.243432
16.193682, 0.057672, 5.243432
16.196929, 0.057672, 5.243432
16.201968, 0.057672, 5.243432
16.206137, 0.057672, 5.243432
16.209918, 0.057672, 5.243432
16.213822, 0.057672, 5.243432
16.217720, 0.057672, 5.243432
16.220993, 0.057672, 5.243432
16.224335, 0.057672, 5.243432
16.227903, 0.055122, 5.011607
16.231469, 0.057672, 5.243432
16.235403, 0.057672, 5.243432
16.238869, 0.057672, 5.243432
16.242267, 0.057672, 5.243432
16.245580, 0.057672, 5.243432
16.249174, 0.057672, 5.243432
16.252647, 0.055122, 5.011607
16.255691, 0.057672, 5.243432
16.260680, 0.057672, 5.243432
16.265254, 0.055122, 5.011607
16.270345, 0.057672, 5.243432
16.274020, 0.057672, 5.243432
16.276901, 0.057672, 5.243432
16.280393, 0.057672, 5.243432
16.284496, 0.057672, 5.243432
16.288334, 0.057672, 5.243432
16.291198, 0.057672, 5.243432
16.294050, 0.057672, 5.243432
16.297064, 0.057672, 5.243432
16.300578, 0.057672, 5.243432
16.303630, 0.057672, 5.243432
16.306125, 0.057672, 5.243432
16.310326, 0.057672, 5.243432
16.314218, 0.057672, 5.243432
16.317977, 0.057672, 5.243432
16.321633, 0.057672, 5.243432
16.325000, 0.057672, 5.243432
16.328277, 0.057672, 5.243432
16.332954, 0.057672, 5.243432
16.336336, 0.057672, 5.243432
16.339586, 0.057672, 5.243432
16.342681, 0.055122, 5.011607
16.345716, 0.057672, 5.243432
16.348814, 0.057672, 5.243432
16.352027, 0.057672, 5.243432
16.354982, 0.055122, 5.011607
16.357889, 0.057672, 5.243432
16.362233, 0.057672, 5.243432
16.364760, 0.057672, 5.243432
16.367501, 0.055122, 5.011607
16.371298, 0.057672, 5.243432
16.373737, 0.055122, 5.011607
16.376341, 0.057672, 5.243432
16.379310, 0.057672, 5.243432
16.383075, 0.057672, 5.243432
16.387840, 0.057672, 5.243432
16.413528, 0.057672, 5.243432
16.434199, 0.057672, 5.243432
16.438750, 0.057672, 5.243432
16.441855, 0.057672, 5.243432
16.444298, 0.055122, 5.011607
16.446560, 0.057672, 5.243432
16.449066, 0.057672, 5.243432
16.451916, 0.057672, 5.243432
16.454679, 0.057672, 5.243432
16.457484, 0.055122, 5.011607
16.460368, 0.057672, 5.243432
16.464363, 0.057672, 5.243432
16.466572, 0.057672, 5.243432
16.470384, 0.055122, 5.011607
16.474634, 0.057672, 5.243432
16.477403, 0.057672, 5.243432
16.479896, 0.057672, 5.243432
16.482807, 0.057672, 5.243432
16.485867, 0.057672, 5.243432
16.488909, 0.057672, 5.243432
16.492007, 0.057672, 5.243432
16.494400, 0.057672, 5.243432
16.497083, 0.057672, 5.243432
16.500121, 0.057672, 5.243432
16.502897, 0.057672, 5.243432
16.505545, 0.055122, 5.011607
16.509111, 0.057672, 5.243432
16.512305, 0.057672, 5.243432
16.515643, 0.057672, 5.243432
16.519526, 0.055122, 5.011607
16.522668, 0.057672, 5.243432
16.525969, 0.057672, 5.243432
16.529037, 0.057672, 5.243432
16.532191, 0.055122, 5.011607
16.535594, 0.057672, 5.243432
16.538624, 0.057672, 5.243432
16.541533, 0.057672, 5.243432
16.544940, 0.057672, 5.243432
16.548030, 0.057672, 5.243432
16.551368, 0.057672, 5.243432
16.554678, 0.057672, 5.243432
16.557762, 0.057672, 5.243432
16.560788, 0.057672, 5.243432
16.563780, 0.057672, 5.243432
16.567525, 0.055122, 5.011607
16.570286, 0.057672, 5.243432
16.573007, 0.057672, 5.243432
16.576088, 0.057672, 5.243432
16.579073, 0.055122, 5.011607
16.581964, 0.057672, 5.243432
16.585169, 0.057672, 5.243432
16.588087, 0.057672, 5.243432
16.590990, 0.057672, 5.243432
16.593851, 0.057672, 5.243432
16.596891, 0.057672, 5.243432
16.599931, 0.057672, 5.243432
16.602907, 0.057672, 5.243432
16.606581, 0.057672, 5.243432
16.608780, 0.057672, 5.243432
16.612271, 0.057672, 5.243432
16.615981, 0.055122, 5.011607
16.620380, 0.055122, 5.011607
16.622565, 0.057672, 5.243432
16.625291, 0.057672, 5.243432
16.628182, 0.057672, 5.243432
16.630515, 0.057672, 5.243432
16.632994, 0.057672, 5.243432
16.641121, 0.057672, 5.243432
16.643447, 0.055122, 5.011607
16.645785, 0.055122, 5.011607
16.648253, 0.060222, 5.475256
16.651148, 0.057672, 5.243432
16.653964, 0.057672, 5.243432
16.656907, 0.057672, 5.243432
16.659842, 0.057672, 5.243432
16.662815, 0.057672, 5.243432
16.666837, 0.055122, 5.011607
16.672246, 0.057672, 5.243432
16.677047, 0.057672, 5.243432
16.680124, 0.057672, 5.243432
16.682584, 0.057672, 5.243432
16.685243, 0.057672, 5.243432
16.688283, 0.057672, 5.243432
16.692022, 0.057672, 5.243432
16.695308, 0.057672, 5.243432
16.699336, 0.057672, 5.243432
16.702933, 0.055122, 5.011607
16.706159, 0.057672, 5.243432
16.709673, 0.057672, 5.243432
16.712846, 0.057672, 5.243432
16.716104, 0.057672, 5.243432
16.719379, 0.055122, 5.011607
16.722482, 0.057672, 5.243432
16.725496, 0.057672, 5.243432
16.729574, 0.057672, 5.243432
16.734663, 0.057672, 5.243432
16.738942, 0.057672, 5.243432
16.742521, 0.057672, 5.243432
16.745890, 0.057672, 5.243432
16.749963, 0.057672, 5.243432
16.752938, 0.055122, 5.011607
16.755309, 0.057672, 5.243432
16.758116, 0.057672, 5.243432
16.761432, 0.057672, 5.243432
16.764163, 0.055122, 5.011607
16.767552, 0.057672, 5.243432
16.773511, 0.057672, 5.243432
16.798145, 0.057672, 5.243432
16.812543, 0.057672, 5.243432
16.816713, 0.057672, 5.243432
16.819784, 0.057672, 5.243432
16.822309, 0.057672, 5.243432
16.824603, 0.057672, 5.243432
16.827061, 0.057672, 5.243432
16.829764, 0.057672, 5.243432
16.834490, 0.057672, 5.243432
16.846184, 0.057672, 5.243432
16.875792, 0.057672, 5.243432
16.892767, 0.057672, 5.243432
16.897700, 0.057672, 5.243432
16.900971, 0.057672, 5.243432
16.904112, 0.057672, 5.243432
16.908046, 0.055122, 5.011607
16.911176, 0.057672, 5.243432
16.914487, 0.057672, 5.243432
16.919137, 0.055122, 5.011607
16.929139, 0.057672, 5.243432
16.963501, 0.057672, 5.243432
17.002038, 0.057672, 5.243432
17.026189, 0.057672, 5.243432
17.031642, 0.055122, 5.011607
17.035107, 0.057672, 5.243432
17.037908, 0.057672, 5.243432
17.040651, 0.057672, 5.243432
17.044127, 0.055122, 5.011607
17.047993, 0.057672, 5.243432
17.052084, 0.057672, 5.243432
17.058230, 0.057672, 5.243432
17.078640, 0.057672, 5.243432
17.102940, 0.057672, 5.243432
17.126224, 0.057672, 5.243432
17.144407, 0.057672, 5.243432
17.149837, 0.057672, 5.243432
17.153592, 0.057672, 5.243432
17.156568, 0.057672, 5.243432
17.159376, 0.057672, 5.243432
17.162685, 0.057672, 5.243432
17.167360, 0.057672, 5.243432
17.172894, 0.057672, 5.243432
17.176114, 0.057672, 5.243432
17.179069, 0.060222, 5.475256
17.182116, 0.057672, 5.243432
17.185355, 0.057672, 5.243432
17.188544, 0.057672, 5.243432
17.193028, 0.057672, 5.243432
17.196291, 0.057672, 5.243432
17.199486, 0.057672, 5.243432
17.202930, 0.057672, 5.243432
17.206252, 0.057672, 5.243432
17.209509, 0.055122, 5.011607
17.213414, 0.057672, 5.243432
17.215947, 0.057672, 5.243432
17.218619, 0.055122, 5.011607
17.221858, 0.057672, 5.243432
17.226089, 0.057672, 5.243432
17.234671, 0.057672, 5.243432
17.255409, 0.057672, 5.243432
17.283085, 0.057672, 5.243432
17.306166, 0.057672, 5.243432
17.331305, 0.057672, 5.243432
17.349491, 0.057672, 5.243432
17.354937, 0.057672, 5.243432
17.358406, 0.057672, 5.243432
17.361398, 0.057672, 5.243432
17.364733, 0.057672, 5.243432
17.373373, 0.057672, 5.243432
17.394310, 0.057672, 5.243432
17.418319, 0.055122, 5.011607
17.440666, 0.057672, 5.243432
17.452502, 0.057672, 5.243432
17.456888, 0.057672, 5.243432
17.459891, 0.057672, 5.243432
17.462796, 0.055122, 5.011607
17.466568, 0.057672, 5.243432
17.476220, 0.057672, 5.243432
17.496579, 0.057672, 5.243432
17.521615, 0.057672, 5.243432
17.543392, 0.057672, 5.243432
17.552684, 0.055122, 5.011607
17.556680, 0.057672, 5.243432
17.559718, 0.057672, 5.243432
17.562571, 0.055122, 5.011607
17.565757, 0.057672, 5.243432
17.570900, 0.057672, 5.243432
17.581632, 0.057672, 5.243432
17.594071, 0.057672, 5.243432
17.604210, 0.057672, 5.243432
17.616194, 0.057672, 5.243432
17.638490, 0.057672, 5.243432
17.661579, 0.057672, 5.243432
17.670076, 0.055122, 5.011607
17.673703, 0.057672, 5.243432
17.676411, 0.057672, 5.243432
17.678614, 0.057672, 5.243432
17.680752, 0.055122, 5.011607
17.683219, 0.057672, 5.243432
17.685934, 0.057672, 5.243432
17.688683, 0.057672, 5.243432
17.691535, 0.055122, 5.011607
17.694196, 0.055122, 5.011607
17.697076, 0.057672, 5.243432
17.699997, 0.057672, 5.243432
17.703070, 0.057672, 5.243432
17.706375, 0.057672, 5.243432
17.709498, 0.057672, 5.243432
17.712810, 0.057672, 5.243432
17.715802, 0.057672, 5.243432
17.718711, 0.057672, 5.243432
17.721716, 0.057672, 5.243432
17.725161, 0.057672, 5.243432
17.727789, 0.057672, 5.243432
17.730387, 0.057672, 5.243432
17.733198, 0.057672, 5.243432
17.736430, 0.057672, 5.243432
17.739576, 0.057672, 5.243432
17.742553, 0.057672, 5.243432
17.746962, 0.057672, 5.243432
17.749872, 0.057672, 5.243432
17.752942, 0.057672, 5.243432
17.756978, 0.057672, 5.243432
17.760227, 0.057672, 5.243432
17.763872, 0.055122, 5.011607
17.767581, 0.057672, 5.243432
17.771067, 0.057672, 5.243432
17.774193, 0.057672, 5.243432
17.776805, 0.057672, 5.243432
17.779595, 0.057672, 5.243432
17.782599, 0.057672, 5.243432
17.785789, 0.057672, 5.243432
17.789047, 0.057672, 5.243432
17.792508, 0.057672, 5.243432
17.795816, 0.057672, 5.243432
17.798986, 0.057672, 5.243432
17.802146, 0.057672, 5.243432
17.805301, 0.057672, 5.243432
17.808405, 0.057672, 5.243432
17.811484, 0.057672, 5.243432
17.814556, 0.057672, 5.243432
17.817821, 0.057672, 5.243432
17.821071, 0.057672, 5.243432
17.824253, 0.057672, 5.243432
17.827359, 0.055122, 5.011607
17.830430, 0.057672, 5.243432
17.833538, 0.057672, 5.243432
17.836836, 0.057672, 5.243432
17.840062, 0.057672, 5.243432
17.843318, 0.057672, 5.243432
17.846357, 0.057672, 5.243432
17.849529, 0.057672, 5.243432
17.852861, 0.057672, 5.243432
17.857096, 0.057672, 5.243432
17.860289, 0.057672, 5.243432
17.863384, 0.057672, 5.243432
17.866522, 0.057672, 5.243432
17.869635, 0.057672, 5.243432
17.872706, 0.057672, 5.243432
17.875821, 0.057672, 5.243432
17.878889, 0.055122, 5.011607
17.881902, 0.055122, 5.011607
17.885123, 0.057672, 5.243432
17.888370, 0.055122, 5.011607
17.891592, 0.057672, 5.243432
17.894978, 0.057672, 5.243432
17.898222, 0.055122, 5.011607
17.901413, 0.057672, 5.243432
17.904630, 0.057672, 5.243432
17.908604, 0.057672, 5.243432
17.912047, 0.055122, 5.011607
17.915453, 0.057672, 5.243432
17.921481, 0.057672, 5.243432
17.925750, 0.057672, 5.243432
17.931415, 0.057672, 5.243432
17.938096, 0.057672, 5.243432
17.943942, 0.057672, 5.243432
17.948788, 0.057672, 5.243432
17.953163, 0.057672, 5.243432
17.957019, 0.057672, 5.243432
17.960697, 0.057672, 5.243432
17.964159, 0.057672, 5.243432
17.967535, 0.057672, 5.243432
17.970865, 0.057672, 5.243432
17.974086, 0.057672, 5.243432
17.977315, 0.057672, 5.243432
17.980480, 0.057672, 5.243432
17.983624, 0.055122, 5.011607
17.986679, 0.057672, 5.243432
17.989931, 0.055122, 5.011607
17.993155, 0.057672, 5.243432
17.996331, 0.055122, 5.011607
17.999840, 0.057672, 5.243432
18.003303, 0.055122, 5.011607
18.006648, 0.057672, 5.243432
18.010051, 0.057672, 5.243432
18.013423, 0.057672, 5.243432
18.017252, 0.057672, 5.243432
18.021270, 0.057672, 5.243432
18.024947, 0.057672, 5.243432
18.029139, 0.057672, 5.243432
18.032748, 0.057672, 5.243432
18.036420, 0.055122, 5.011607
18.040068, 0.057672, 5.243432
18.043686, 0.057672, 5.243432
18.048165, 0.057672, 5.243432
18.053189, 0.057672, 5.243432
18.057196, 0.057672, 5.243432
18.060989, 0.057672, 5.243432
18.064997, 0.057672, 5.243432
18.069289, 0.057672, 5.243432
18.073222, 0.055122, 5.011607
18.077092, 0.057672, 5.243432
18.081318, 0.057672, 5.243432
18.084572, 0.057672, 5.243432
18.087495, 0.057672, 5.243432
18.090612, 0.057672, 5.243432
18.093978, 0.057672, 5.243432
18.097472, 0.057672, 5.243432
18.101236, 0.057672, 5.243432
18.105117, 0.057672, 5.243432
18.108869, 0.057672, 5.243432
18.112500, 0.055122, 5.011607
18.117010, 0.057672, 5.243432
18.120968, 0.057672, 5.243432
18.124257, 0.057672, 5.243432
18.127544, 0.057672, 5.243432
18.130917, 0.055122, 5.011607
18.135318, 0.057672, 5.243432
18.138306, 0.057672, 5.243432
18.141180, 0.055122, 5.011607
18.144175, 0.057672, 5.243432
18.147192, 0.057672, 5.243432
18.150848, 0.055122, 5.011607
18.154674, 0.057672, 5.243432
18.159144, 0.057672, 5.243432
18.163377, 0.055122, 5.011607
18.167123, 0.057672, 5.243432
18.171029, 0.057672, 5.243432
18.174548, 0.057672, 5.243432
18.176794, 0.057672, 5.243432
18.180364, 0.057672, 5.243432
18.186740, 0.057672, 5.243432
18.193118, 0.057672, 5.243432
18.199813, 0.055122, 5.011607
18.203697, 0.057672, 5.243432
18.209133, 0.057672, 5.243432
18.213856, 0.057672, 5.243432
18.217368, 0.057672, 5.243432
18.220422, 0.057672, 5.243432
18.223099, 0.057672, 5.243432
18.225803, 0.057672, 5.243432
18.228677, 0.057672, 5.243432
18.231553, 0.057672, 5.243432
18.234625, 0.057672, 5.243432
18.238162, 0.057672, 5.243432
18.242003, 0.057672, 5.243432
18.245776, 0.057672, 5.243432
18.250391, 0.057672, 5.243432
18.256274, 0.057672, 5.243432
18.278338, 0.057672, 5.243432
18.301664, 0.057672, 5.243432
18.324282, 0.057672, 5.243432
18.336632, 0.057672, 5.243432
18.340806, 0.057672, 5.243432
18.343902, 0.057672, 5.243432
18.346442, 0.057672, 5.243432
18.348860, 0.055122, 5.011607
18.351541, 0.057672, 5.243432
18.354925, 0.057672, 5.243432
18.357974, 0.055122, 5.011607
18.361139, 0.057672, 5.243432
18.364635, 0.057672, 5.243432
18.368516, 0.057672, 5.243432
18.372553, 0.057672, 5.243432
18.376640, 0.057672, 5.243432
18.380963, 0.057672, 5.243432
18.385643, 0.057672, 5.243432
18.391572, 0.057672, 5.243432
18.396369, 0.057672, 5.243432
18.400715, 0.057672, 5.243432
18.406758, 0.055122, 5.011607
18.426524, 0.057672, 5.243432
18.448801, 0.057672, 5.243432
18.462513, 0.055122, 5.011607
18.466531, 0.057672, 5.243432
18.469623, 0.060222, 5.475256
18.472332, 0.055122, 5.011607
18.474855, 0.055122, 5.011607
18.477511, 0.055122, 5.011607
18.480376, 0.057672, 5.243432
18.483800, 0.057672, 5.243432
18.487659, 0.057672, 5.243432
18.491629, 0.057672, 5.243432
18.495679, 0.055122, 5.011607
18.499572, 0.057672, 5.243432
18.503661, 0.057672, 5.243432
18.507750, 0.057672, 5.243432
18.511847, 0.057672, 5.243432
18.515763, 0.057672, 5.243432
18.519573, 0.057672, 5.243432
18.523438, 0.057672, 5.243432
18.527377, 0.057672, 5.243432
18.531434, 0.057672, 5.243432
18.535997, 0.057672, 5.243432
18.540816, 0.057672, 5.243432
18.550648, 0.057672, 5.243432
18.573926, 0.057672, 5.243432
18.590031, 0.057672, 5.243432
18.594401, 0.057672, 5.243432
18.597483, 0.057672, 5.243432
18.600063, 0.057672, 5.243432
18.602490, 0.057672, 5.243432
18.605020, 0.057672, 5.243432
18.608068, 0.057672, 5.243432
18.611887, 0.057672, 5.243432
18.615965, 0.055122, 5.011607
18.619644, 0.057672, 5.243432
18.623731, 0.057672, 5.243432
18.627836, 0.057672, 5.243432
18.632189, 0.057672, 5.243432
18.636743, 0.057672, 5.243432
18.641027, 0.057672, 5.243432
18.645178, 0.057672, 5.243432
18.649133, 0.057672, 5.243432
18.653317, 0.057672, 5.243432
18.657278, 0.057672, 5.243432
18.661038, 0.057672, 5.243432
18.664641, 0.055122, 5.011607
18.668373, 0.057672, 5.243432
18.672017, 0.057672, 5.243432
18.675658, 0.055122, 5.011607
18.679404, 0.057672, 5.243432
18.682922, 0.057672, 5.243432
18.686468, 0.057672, 5.243432
18.690164, 0.057672, 5.243432
18.694057, 0.057672, 5.243432
18.698192, 0.057672, 5.243432
18.702438, 0.057672, 5.243432
18.706470, 0.055122, 5.011607
18.710636, 0.057672, 5.243432
18.714943, 0.057672, 5.243432
18.718328, 0.057672, 5.243432
18.720735, 0.057672, 5.243432
18.723757, 0.055122, 5.011607
18.727781, 0.057672, 5.243432
18.731991, 0.057672, 5.243432
18.736712, 0.057672, 5.243432
18.741123, 0.057672, 5.243432
18.745254, 0.057672, 5.243432
18.749150, 0.057672, 5.243432
18.753193, 0.057672, 5.243432
18.757340, 0.057672, 5.243432
18.761580, 0.057672, 5.243432
18.765524, 0.057672, 5.243432
18.769448, 0.057672, 5.243432
18.773383, 0.057672, 5.243432
18.777123, 0.057672, 5.243432
18.781025, 0.057672, 5.243432
18.784987, 0.057672, 5.243432
18.789003, 0.057672, 5.243432
18.792854, 0.057672, 5.243432
18.796727, 0.055122, 5.011607
18.800488, 0.057672, 5.243432
18.804495, 0.057672, 5.243432
18.808231, 0.057672, 5.243432
18.811721, 0.057672, 5.243432
18.815269, 0.057672, 5.243432
18.818567, 0.057672, 5.243432
18.821827, 0.055122, 5.011607
18.825266, 0.057672, 5.243432
18.829196, 0.057672, 5.243432
18.833847, 0.057672, 5.243432
18.837635, 0.057672, 5.243432
18.840949, 0.057672, 5.243432
18.844286, 0.057672, 5.243432
18.848076, 0.057672, 5.243432
18.852365, 0.057672, 5.243432
18.856584, 0.057672, 5.243432
18.860595, 0.057672, 5.243432
18.864850, 0.057672, 5.243432
18.870666, 0.055122, 5.011607
18.875793, 0.057672, 5.243432
18.880260, 0.057672, 5.243432
18.884603, 0.057672, 5.243432
18.888828, 0.057672, 5.243432
18.892894, 0.057672, 5.243432
18.896734, 0.057672, 5.243432
18.900735, 0.057672, 5.243432
18.904866, 0.057672, 5.243432
18.908961, 0.057672, 5.243432
18.913038, 0.057672, 5.243432
18.917335, 0.057672, 5.243432
18.921599, 0.057672, 5.243432
18.925646, 0.057672, 5.243432
18.929570, 0.057672, 5.243432
18.933502, 0.057672, 5.243432
18.938135, 0.057672, 5.243432
18.942836, 0.057672, 5.243432
18.947268, 0.057672, 5.243432
18.952018, 0.055122, 5.011607
18.956655, 0.057672, 5.243432
18.960854, 0.057672, 5.243432
18.964866, 0.057672, 5.243432
18.969045, 0.057672, 5.243432
18.973169, 0.057672, 5.243432
18.977394, 0.057672, 5.243432
18.981462, 0.057672, 5.243432
18.985375, 0.057672, 5.243432
18.989501, 0.057672, 5.243432
18.993842, 0.055122, 5.011607
18.998305, 0.057672, 5.243432
19.004701, 0.057672, 5.243432
19.009820, 0.057672, 5.243432
19.013458, 0.057672, 5.243432
19.016184, 0.057672, 5.243432
19.019203, 0.057672, 5.243432
19.022616, 0.057672, 5.243432
19.025902, 0.057672, 5.243432
19.029478, 0.057672, 5.243432
19.033504, 0.057672, 5.243432
19.037431, 0.057672, 5.243432
19.041183, 0.057672, 5.243432
19.044770, 0.057672, 5.243432
19.048291, 0.057672, 5.243432
19.051859, 0.055122, 5.011607
19.055338, 0.057672, 5.243432
19.058866, 0.057672, 5.243432
19.062272, 0.057672, 5.243432
19.065633, 0.057672, 5.243432
19.069383, 0.057672, 5.243432
19.072751, 0.057672, 5.243432
19.075979, 0.057672, 5.243432
19.079221, 0.057672, 5.243432
19.082452, 0.057672, 5.243432
19.085819, 0.057672, 5.243432
19.089203, 0.057672, 5.243432
19.092843, 0.057672, 5.243432
19.096449, 0.057672, 5.243432
19.100115, 0.057672, 5.243432
19.103688, 0.057672, 5.243432
19.107111, 0.057672, 5.243432
19.110547, 0.057672, 5.243432
19.113906, 0.057672, 5.243432
19.117192, 0.057672, 5.243432
19.120533, 0.057672, 5.243432
19.123781, 0.057672, 5.243432
19.126897, 0.057672, 5.243432
19.130043, 0.057672, 5.243432
19.133168, 0.057672, 5.243432
19.136298, 0.057672, 5.243432
19.139647, 0.057672, 5.243432
19.143465, 0.057672, 5.243432
19.147040, 0.057672, 5.243432
19.150621, 0.057672, 5.243432
19.154295, 0.057672, 5.243432
19.158017, 0.057672, 5.243432
19.161679, 0.057672, 5.243432
19.165180, 0.057672, 5.243432
19.168723, 0.057672, 5.243432
19.172119, 0.057672, 5.243432
19.175653, 0.055122, 5.011607
19.179106, 0.057672, 5.243432
19.182525, 0.057672, 5.243432
19.186236, 0.057672, 5.243432
19.189915, 0.057672, 5.243432
19.193497, 0.057672, 5.243432
19.196959, 0.057672, 5.243432
19.200347, 0.057672, 5.243432
19.204358, 0.057672, 5.243432
19.208290, 0.057672, 5.243432
19.212025, 0.057672, 5.243432
19.215602, 0.057672, 5.243432
19.219521, 0.057672, 5.243432
19.222991, 0.057672, 5.243432
19.226495, 0.057672, 5.243432
19.229886, 0.057672, 5.243432
19.233344, 0.057672, 5.243432
19.237008, 0.057672, 5.243432
19.240676, 0.057672, 5.243432
19.244225, 0.057672, 5.243432
19.248209, 0.057672, 5.243432
19.252555, 0.057672, 5.243432
19.256655, 0.057672, 5.243432
19.260867, 0.057672, 5.243432
19.265051, 0.057672, 5.243432
19.269414, 0.055122, 5.011607
19.273690, 0.057672, 5.243432
19.277805, 0.057672, 5.243432
19.281849, 0.057672, 5.243432
19.286000, 0.057672, 5.243432
19.289975, 0.057672, 5.243432
19.293909, 0.057672, 5.243432
19.297732, 0.057672, 5.243432
19.301561, 0.057672, 5.243432
19.305273, 0.057672, 5.243432
19.308905, 0.055122, 5.011607
19.312621, 0.057672, 5.243432
19.316339, 0.055122, 5.011607
19.319964, 0.057672, 5.243432
19.323599, 0.057672, 5.243432
19.327134, 0.055122, 5.011607
19.330685, 0.057672, 5.243432
19.334212, 0.055122, 5.011607
19.337716, 0.055122, 5.011607
19.341200, 0.057672, 5.243432
19.344671, 0.057672, 5.243432
19.348077, 0.057672, 5.243432
19.351658, 0.055122, 5.011607
19.354985, 0.057672, 5.243432
19.357517, 0.057672, 5.243432
19.360103, 0.055122, 5.011607
19.362884, 0.057672, 5.243432
19.365857, 0.057672, 5.243432
19.369118, 0.057672, 5.243432
19.372310, 0.057672, 5.243432
19.375526, 0.057672, 5.243432
19.378684, 0.057672, 5.243432
19.381811, 0.057672, 5.243432
19.385048, 0.057672, 5.243432
19.387571, 0.057672, 5.243432
19.390300, 0.057672, 5.243432
19.393305, 0.057672, 5.243432
19.397617, 0.057672, 5.243432
19.401538, 0.057672, 5.243432
19.404209, 0.057672, 5.243432
19.406810, 0.057672, 5.243432
19.409500, 0.057672, 5.243432
19.412330, 0.057672, 5.243432
19.415398, 0.057672, 5.243432
19.418536, 0.057672, 5.243432
19.421771, 0.057672, 5.243432
19.424464, 0.057672, 5.243432
19.427297, 0.057672, 5.243432
19.429895, 0.057672, 5.243432
19.432599, 0.057672, 5.243432
19.435323, 0.057672, 5.243432
19.438064, 0.057672, 5.243432
19.440886, 0.057672, 5.243432
19.443767, 0.057672, 5.243432
19.446776, 0.057672, 5.243432
19.449811, 0.057672, 5.243432
19.452126, 0.055122, 5.011607
19.454673, 0.055122, 5.011607
19.457317, 0.057672, 5.243432
19.460183, 0.055122, 5.011607
19.463257, 0.057672, 5.243432
19.467251, 0.057672, 5.243432
19.470504, 0.057672, 5.243432
19.474345, 0.057672, 5.243432
19.476865, 0.057672, 5.243432
19.479412, 0.057672, 5.243432
19.481965, 0.057672, 5.243432
19.485576, 0.057672, 5.243432
19.487996, 0.055122, 5.011607
19.490533, 0.057672, 5.243432
19.493266, 0.057672, 5.243432
19.496480, 0.057672, 5.243432
19.499830, 0.057672, 5.243432
19.503328, 0.057672, 5.243432
19.506819, 0.057672, 5.243432
19.510012, 0.057672, 5.243432
19.513129, 0.057672, 5.243432
19.516453, 0.057672, 5.243432
19.519524, 0.057672, 5.243432
19.522724, 0.057672, 5.243432
19.526094, 0.057672, 5.243432
19.529035, 0.057672, 5.243432
19.532099, 0.057672, 5.243432
19.535568, 0.057672, 5.243432
19.538024, 0.057672, 5.243432
19.540873, 0.055122, 5.011607
19.543511, 0.057672, 5.243432
19.546199, 0.057672, 5.243432
19.548925, 0.057672, 5.243432
19.551863, 0.057672, 5.243432
19.554749, 0.057672, 5.243432
19.557854, 0.057672, 5.243432
19.560837, 0.055122, 5.011607
19.563850, 0.057672, 5.243432
19.567722, 0.057672, 5.243432
19.570681, 0.057672, 5.243432
19.573607, 0.057672, 5.243432
19.577013, 0.057672, 5.243432
19.579730, 0.057672, 5.243432
19.582058, 0.057672, 5.243432
19.584858, 0.057672, 5.243432
19.587466, 0.057672, 5.243432
19.589731, 0.057672, 5.243432
19.592001, 0.055122, 5.011607
19.594847, 0.057672, 5.243432
19.598576, 0.057672, 5.243432
19.602148, 0.055122, 5.011607
19.604330, 0.057672, 5.243432
19.607005, 0.057672, 5.243432
19.609790, 0.057672, 5.243432
19.612192, 0.055122, 5.011607
19.614777, 0.057672, 5.243432
19.617664, 0.057672, 5.243432
19.620477, 0.057672, 5.243432
19.623334, 0.057672, 5.243432
19.626346, 0.057672, 5.243432
19.629238, 0.057672, 5.243432
19.631758, 0.057672, 5.243432
19.634671, 0.055122, 5.011607
19.637261, 0.057672, 5.243432
19.640086, 0.057672, 5.243432
19.643068, 0.057672, 5.243432
19.646105, 0.057672, 5.243432
19.649313, 0.057672, 5.243432
19.653129, 0.055122, 5.011607
19.655405, 0.057672, 5.243432
19.657856, 0.060222, 5.475256
19.660494, 0.055122, 5.011607
19.663303, 0.057672, 5.243432
19.666816, 0.057672, 5.243432
19.671474, 0.057672, 5.243432
19.673941, 0.057672, 5.243432
19.676511, 0.057672, 5.243432
19.679486, 0.057672, 5.243432
19.682567, 0.057672, 5.243432
19.686049, 0.057672, 5.243432
19.688777, 0.055122, 5.011607
19.691418, 0.057672, 5.243432
19.694144, 0.057672, 5.243432
19.697099, 0.057672, 5.243432
19.700441, 0.057672, 5.243432
19.703329, 0.057672, 5.243432
19.706090, 0.057672, 5.243432
19.709175, 0.055122, 5.011607
19.712263, 0.057672, 5.243432
19.715605, 0.055122, 5.011607
19.718667, 0.057672, 5.243432
19.721538, 0.055122, 5.011607
19.724254, 0.057672, 5.243432
19.727092, 0.055122, 5.011607
19.729920, 0.057672, 5.243432
19.732773, 0.057672, 5.243432
19.735215, 0.057672, 5.243432
19.738663, 0.057672, 5.243432
19.740948, 0.057672, 5.243432
19.743384, 0.057672, 5.243432
19.746025, 0.057672, 5.243432
19.748914, 0.057672, 5.243432
19.751973, 0.057672, 5.243432
19.755122, 0.055122, 5.011607
19.758306, 0.057672, 5.243432
19.761295, 0.057672, 5.243432
19.764380, 0.057672, 5.243432
19.767704, 0.057672, 5.243432
19.770764, 0.055122, 5.011607
19.773649, 0.057672, 5.243432
19.776552, 0.055122, 5.011607
19.779997, 0.057672, 5.243432
19.782261, 0.057672, 5.243432
19.785550, 0.055122, 5.011607
19.787685, 0.057672, 5.243432
19.790173, 0.055122, 5.011607
19.792832, 0.057672, 5.243432
19.795462, 0.057672, 5.243432
19.798243, 0.057672, 5.243432
19.801808, 0.057672, 5.243432
19.804333, 0.057672, 5.243432
19.806819, 0.055122, 5.011607
19.809576, 0.057672, 5.243432
19.812329, 0.057672, 5.243432
19.815070, 0.057672, 5.243432
19.817454, 0.057672, 5.243432
19.820549, 0.057672, 5.243432
19.823188, 0.057672, 5.243432
19.825690, 0.057672, 5.243432
19.828450, 0.057672, 5.243432
19.832625, 0.057672, 5.243432
19.837734, 0.057672, 5.243432
19.841809, 0.057672, 5.243432
19.845268, 0.057672, 5.243432
19.848359, 0.057672, 5.243432
19.851986, 0.057672, 5.243432
19.855015, 0.055122, 5.011607
19.858140, 0.057672, 5.243432
19.861334, 0.057672, 5.243432
19.864753, 0.057672, 5.243432
19.867991, 0.057672, 5.243432
19.871224, 0.057672, 5.243432
19.874409, 0.057672, 5.243432
19.877716, 0.057672, 5.243432
19.881186, 0.057672, 5.243432
19.884935, 0.057672, 5.243432
19.888742, 0.057672, 5.243432
19.893134, 0.055122, 5.011607
19.897344, 0.057672, 5.243432
19.901799, 0.057672, 5.243432
19.906157, 0.057672, 5.243432
19.910616, 0.057672, 5.243432
19.915245, 0.057672, 5.243432
19.919010, 0.057672, 5.243432
19.922657, 0.055122, 5.011607
19.926243, 0.055122, 5.011607
19.929754, 0.057672, 5.243432
19.933231, 0.057672, 5.243432
19.936773, 0.057672, 5.243432
19.940579, 0.057672, 5.243432
19.944337, 0.057672, 5.243432
19.947666, 0.057672, 5.243432
19.950986, 0.057672, 5.243432
19.954260, 0.057672, 5.243432
19.957647, 0.057672, 5.243432
19.960989, 0.057672, 5.243432
19.964054, 0.057672, 5.243432
19.967210, 0.057672, 5.243432
19.970595, 0.057672, 5.243432
19.973945, 0.057672, 5.243432
19.977260, 0.055122, 5.011607
19.980149, 0.057672, 5.243432
19.983232, 0.057672, 5.243432
19.986447, 0.057672, 5.243432
19.989496, 0.057672, 5.243432
19.992592, 0.057672, 5.243432
19.995618, 0.057672, 5.243432
19.998655, 0.057672, 5.243432
20.001745, 0.057672, 5.243432
20.005223, 0.055122, 5.011607
20.008437, 0.057672, 5.243432
20.011327, 0.057672, 5.243432
20.014881, 0.057672, 5.243432
20.018843, 0.057672, 5.243432
20.022550, 0.057672, 5.243432
20.025913, 0.057672, 5.243432
20.029408, 0.057672, 5.243432
20.032490, 0.057672, 5.243432
20.035817, 0.055122, 5.011607
20.039145, 0.057672, 5.243432
20.042404, 0.057672, 5.243432
20.045384, 0.057672, 5.243432
20.048497, 0.057672, 5.243432
20.051725, 0.057672, 5.243432
20.055726, 0.055122, 5.011607
20.058212, 0.057672, 5.243432
20.060594, 0.055122, 5.011607
20.063084, 0.055122, 5.011607
20.065907, 0.055122, 5.011607
20.069209, 0.057672, 5.243432
20.072406, 0.057672, 5.243432
20.075572, 0.055122, 5.011607
20.078630, 0.057672, 5.243432
20.081891, 0.057672, 5.243432
20.085016, 0.057672, 5.243432
20.088071, 0.057672, 5.243432
20.091160, 0.057672, 5.243432
20.094026, 0.055122, 5.011607
20.097000, 0.057672, 5.243432
20.100015, 0.057672, 5.243432
20.103138, 0.057672, 5.243432
20.106407, 0.055122, 5.011607
20.109292, 0.055122, 5.011607
20.112374, 0.057672, 5.243432
20.115326, 0.057672, 5.243432
20.118710, 0.057672, 5.243432
20.121642, 0.057672, 5.243432
20.124465, 0.057672, 5.243432
20.127981, 0.057672, 5.243432
20.131330, 0.057672, 5.243432
20.134386, 0.055122, 5.011607
20.137730, 0.057672, 5.243432
20.139951, 0.057672, 5.243432
20.142398, 0.057672, 5.243432
20.145003, 0.057672, 5.243432
20.148968, 0.057672, 5.243432
20.151794, 0.057672, 5.243432
20.154897, 0.057672, 5.243432
20.158231, 0.057672, 5.243432
20.160644, 0.057672, 5.243432
20.163182, 0.057672, 5.243432
20.165708, 0.057672, 5.243432
20.169534, 0.057672, 5.243432
20.172267, 0.055122, 5.011607
20.174916, 0.055122, 5.011607
20.178480, 0.055122, 5.011607
20.181198, 0.055122, 5.011607
20.186645, 0.055122, 5.011607
20.189367, 0.057672, 5.243432
20.191840, 0.057672, 5.243432
20.194546, 0.057672, 5.243432
20.197371, 0.055122, 5.011607
20.201884, 0.057672, 5.243432
20.204830, 0.057672, 5.243432
20.207706, 0.057672, 5.243432
20.210440, 0.057672, 5.243432
20.214105, 0.055122, 5.011607
20.217171, 0.055122, 5.011607
20.219788, 0.055122, 5.011607
20.222184, 0.057672, 5.243432
20.224706, 0.057672, 5.243432
20.227450, 0.055122, 5.011607
20.230647, 0.055122, 5.011607
20.234311, 0.057672, 5.243432
20.236529, 0.055122, 5.011607
20.238942, 0.057672, 5.243432
20.241359, 0.057672, 5.243432
20.244307, 0.057672, 5.243432
20.247923, 0.057672, 5.243432
20.251963, 0.057672, 5.243432
20.255859, 0.057672, 5.243432
20.260658, 0.055122, 5.011607
20.276384, 0.055122, 5.011607
20.281125, 0.055122, 5.011607
20.284997, 0.057672, 5.243432
20.287516, 0.057672, 5.243432
20.289632, 0.057672, 5.243432
20.291829, 0.057672, 5.243432
20.294430, 0.057672, 5.243432
20.297226, 0.057672, 5.243432
20.300108, 0.057672, 5.243432
20.303024, 0.057672, 5.243432
20.306017, 0.057672, 5.243432
20.309035, 0.057672, 5.243432
20.312042, 0.057672, 5.243432
20.315034, 0.057672, 5.243432
20.318204, 0.057672, 5.243432
20.321240, 0.055122, 5.011607
20.324223, 0.057672, 5.243432
20.327438, 0.055122, 5.011607
20.330533, 0.057672, 5.243432
20.333533, 0.055122, 5.011607
20.336757, 0.055122, 5.011607
20.339906, 0.057672, 5.243432
20.343055, 0.057672, 5.243432
20.346197, 0.055122, 5.011607
20.349329, 0.057672, 5.243432
20.352442, 0.055122, 5.011607
20.355468, 0.057672, 5.243432
20.358589, 0.057672, 5.243432
20.361617, 0.057672, 5.243432
20.364648, 0.057672, 5.243432
20.368584, 0.057672, 5.243432
20.371541, 0.057672, 5.243432
20.374374, 0.057672, 5.243432
20.377171, 0.057672, 5.243432
20.379991, 0.055122, 5.011607
20.382691, 0.055122, 5.011607
20.385536, 0.055122, 5.011607
20.389592, 0.057672, 5.243432
20.392404, 0.055122, 5.011607
20.394969, 0.057672, 5.243432
20.398074, 0.055122, 5.011607
20.401287, 0.057672, 5.243432
20.403852, 0.055122, 5.011607
20.406392, 0.057672, 5.243432
20.409855, 0.057672, 5.243432
20.412374, 0.057672, 5.243432
20.414962, 0.057672, 5.243432
20.418286, 0.057672, 5.243432
20.421242, 0.055122, 5.011607
20.423582, 0.057672, 5.243432
20.426103, 0.057672, 5.243432
20.429749, 0.057672, 5.243432
20.433133, 0.055122, 5.011607
20.435803, 0.057672, 5.243432
20.438815, 0.057672, 5.243432
20.442855, 0.057672, 5.243432
20.446641, 0.055122, 5.011607
20.450761, 0.057672, 5.243432
20.453721, 0.057672, 5.243432
20.456192, 0.057672, 5.243432
20.458585, 0.057672, 5.243432
20.461135, 0.057672, 5.243432
20.463812, 0.057672, 5.243432
20.467074, 0.057672, 5.243432
20.472207, 0.057672, 5.243432
20.475048, 0.057672, 5.243432
20.477962, 0.057672, 5.243432
20.480871, 0.057672, 5.243432
20.484382, 0.057672, 5.243432
20.487496, 0.057672, 5.243432
20.490333, 0.057672, 5.243432
20.493478, 0.057672, 5.243432
20.496611, 0.057672, 5.243432
20.499905, 0.057672, 5.243432
20.503079, 0.057672, 5.243432
20.506189, 0.057672, 5.243432
20.509577, 0.057672, 5.243432
20.512669, 0.057672, 5.243432
20.516546, 0.055122, 5.011607
20.519912, 0.055122, 5.011607
20.523111, 0.057672, 5.243432
20.526397, 0.057672, 5.243432
20.529541, 0.057672, 5.243432
20.532994, 0.057672, 5.243432
20.535210, 0.057672, 5.243432
20.537462, 0.057672, 5.243432
20.539753, 0.057672, 5.243432
20.541930, 0.057672, 5.243432
20.544495, 0.057672, 5.243432
20.548054, 0.057672, 5.243432
20.550457, 0.057672, 5.243432
20.552993, 0.057672, 5.243432
20.555714, 0.055122, 5.011607
20.558689, 0.057672, 5.243432
20.561758, 0.057672, 5.243432
20.564787, 0.057672, 5.243432
20.568801, 0.057672, 5.243432
20.571272, 0.055122, 5.011607
20.573621, 0.057672, 5.243432
20.576192, 0.057672, 5.243432
20.579121, 0.057672, 5.243432
20.581995, 0.057672, 5.243432
20.586439, 0.057672, 5.243432
20.589947, 0.057672, 5.243432
20.592278, 0.055122, 5.011607
20.594717, 0.055122, 5.011607
20.597282, 0.057672, 5.243432
20.600790, 0.057672, 5.243432
20.603250, 0.057672, 5.243432
20.605898, 0.057672, 5.243432
20.609149, 0.057672, 5.243432
20.611873, 0.057672, 5.243432
20.614239, 0.057672, 5.243432
20.617991, 0.055122, 5.011607
20.622362, 0.057672, 5.243432
20.626304, 0.057672, 5.243432
20.629902, 0.057672, 5.243432
20.633367, 0.055122, 5.011607
20.635682, 0.057672, 5.243432
20.638073, 0.057672, 5.243432
20.641250, 0.055122, 5.011607
20.643514, 0.055122, 5.011607
20.646131, 0.057672, 5.243432
20.649253, 0.055122, 5.011607
20.651942, 0.055122, 5.011607
20.654386, 0.057672, 5.243432
20.656850, 0.057672, 5.243432
20.659877, 0.055122, 5.011607
20.662401, 0.057672, 5.243432
20.664920, 0.057672, 5.243432
20.667603, 0.057672, 5.243432
20.671015, 0.057672, 5.243432
20.673571, 0.057672, 5.243432
20.676184, 0.057672, 5.243432
20.679012, 0.057672, 5.243432
20.681868, 0.057672, 5.243432
20.684447, 0.057672, 5.243432
20.686735, 0.057672, 5.243432
20.689177, 0.057672, 5.243432
20.693148, 0.057672, 5.243432
20.696445, 0.057672, 5.243432
20.698938, 0.057672, 5.243432
20.701477, 0.057672, 5.243432
20.703834, 0.057672, 5.243432
20.706205, 0.055122, 5.011607
20.709264, 0.057672, 5.243432
20.713075, 0.057672, 5.243432
20.716045, 0.057672, 5.243432
20.719295, 0.057672, 5.243432
20.721538, 0.057672, 5.243432
20.724185, 0.057672, 5.243432
20.727173, 0.057672, 5.243432
20.730226, 0.057672, 5.243432
20.733316, 0.057672, 5.243432
20.736077, 0.057672, 5.243432
20.738658, 0.057672, 5.243432
20.741313, 0.055122, 5.011607
20.744209, 0.055122, 5.011607
20.747497, 0.055122, 5.011607
20.751032, 0.055122, 5.011607
20.754609, 0.055122, 5.011607
20.758102, 0.057672, 5.243432
20.761580, 0.057672, 5.243432
20.764883, 0.057672, 5.243432
20.768132, 0.057672, 5.243432
20.771839, 0.057672, 5.243432
20.774869, 0.057672, 5.243432
20.777876, 0.057672, 5.243432
20.780739, 0.057672, 5.243432
20.783959, 0.057672, 5.243432
20.786431, 0.057672, 5.243432
20.788816, 0.057672, 5.243432
20.791437, 0.055122, 5.011607
20.794373, 0.055122, 5.011607
20.797200, 0.055122, 5.011607
20.800205, 0.055122, 5.011607
20.803252, 0.057672, 5.243432
20.806231, 0.057672, 5.243432
20.809226, 0.055122, 5.011607
20.812189, 0.057672, 5.243432
20.815143, 0.057672, 5.243432
20.819314, 0.057672, 5.243432
20.821596, 0.057672, 5.243432
20.824042, 0.057672, 5.243432
20.826719, 0.057672, 5.243432
20.829584, 0.055122, 5.011607
20.832616, 0.057672, 5.243432
20.835485, 0.057672, 5.243432
20.837897, 0.057672, 5.243432
20.840597, 0.057672, 5.243432
20.843378, 0.057672, 5.243432
20.846308, 0.057672, 5.243432
20.849468, 0.057672, 5.243432
20.852313, 0.057672, 5.243432
20.854802, 0.055122, 5.011607
20.857301, 0.057672, 5.243432
20.860388, 0.057672, 5.243432
20.863300, 0.057672, 5.243432
20.866308, 0.055122, 5.011607
20.869118, 0.057672, 5.243432
20.872145, 0.057672, 5.243432
20.875027, 0.057672, 5.243432
20.878080, 0.057672, 5.243432
20.881108, 0.057672, 5.243432
20.883904, 0.057672, 5.243432
20.886473, 0.057672, 5.243432
20.888922, 0.057672, 5.243432
20.892959, 0.057672, 5.243432
20.895963, 0.055122, 5.011607
20.898374, 0.057672, 5.243432
20.901231, 0.055122, 5.011607
20.903583, 0.057672, 5.243432
20.906237, 0.057672, 5.243432
20.909093, 0.057672, 5.243432
20.912313, 0.057672, 5.243432
20.914788, 0.057672, 5.243432
20.918744, 0.057672, 5.243432
20.922815, 0.057672, 5.243432
20.925331, 0.055122, 5.011607
20.927758, 0.057672, 5.243432
20.930462, 0.057672, 5.243432
20.933458, 0.057672, 5.243432
20.936498, 0.057672, 5.243432
20.939574, 0.057672, 5.243432
20.942566, 0.055122, 5.011607
20.945540, 0.057672, 5.243432
20.948511, 0.057672, 5.243432
20.951697, 0.055122, 5.011607
20.955117, 0.055122, 5.011607
20.957475, 0.057672, 5.243432
20.960241, 0.057672, 5.243432
20.963150, 0.057672, 5.243432
20.966464, 0.057672, 5.243432
20.969310, 0.057672, 5.243432
20.972154, 0.057672, 5.243432
20.975444, 0.057672, 5.243432
20.978398, 0.057672, 5.243432
20.980971, 0.055122, 5.011607
20.983475, 0.057672, 5.243432
20.985903, 0.057672, 5.243432
20.988340, 0.055122, 5.011607
20.991081, 0.057672, 5.243432
20.994066, 0.057672, 5.243432
20.996968, 0.055122, 5.011607
20.999995, 0.057672, 5.243432
21.003121, 0.057672, 5.243432
21.006260, 0.055122, 5.011607
21.009162, 0.055122, 5.011607
21.012016, 0.057672, 5.243432
21.014991, 0.057672, 5.243432
21.018109, 0.057672, 5.243432
21.021132, 0.057672, 5.243432
21.024240, 0.057672, 5.243432
21.027336, 0.057672, 5.243432
21.030479, 0.057672, 5.243432
21.033471, 0.057672, 5.243432
21.035916, 0.055122, 5.011607
21.038443, 0.057672, 5.243432
21.040798, 0.057672, 5.243432
21.043319, 0.057672, 5.243432
21.046092, 0.057672, 5.243432
21.048882, 0.057672, 5.243432
21.051957, 0.057672, 5.243432
21.055070, 0.055122, 5.011607
21.058149, 0.057672, 5.243432
21.061853, 0.057672, 5.243432
21.064817, 0.057672, 5.243432
21.068162, 0.057672, 5.243432
21.071208, 0.057672, 5.243432
21.074178, 0.057672, 5.243432
21.077681, 0.057672, 5.243432
21.081121, 0.057672, 5.243432
21.083634, 0.055122, 5.011607
21.086396, 0.057672, 5.243432
21.089376, 0.057672, 5.243432
21.092637, 0.055122, 5.011607
21.096024, 0.057672, 5.243432
21.099689, 0.057672, 5.243432
21.103262, 0.057672, 5.243432
21.106789, 0.055122, 5.011607
21.110091, 0.055122, 5.011607
21.113408, 0.057672, 5.243432
21.116845, 0.055122, 5.011607
21.119921, 0.055122, 5.011607
21.122973, 0.057672, 5.243432
21.125806, 0.057672, 5.243432
21.129518, 0.057672, 5.243432
21.131950, 0.057672, 5.243432
21.135164, 0.057672, 5.243432
21.137731, 0.057672, 5.243432
21.140517, 0.055122, 5.011607
21.143629, 0.057672, 5.243432
21.146596, 0.055122, 5.011607
21.150038, 0.057672, 5.243432
21.152710, 0.057672, 5.243432
21.155164, 0.057672, 5.243432
21.157691, 0.057672, 5.243432
21.160442, 0.057672, 5.243432
21.163334, 0.057672, 5.243432
21.166917, 0.057672, 5.243432
21.170884, 0.057672, 5.243432
21.173262, 0.057672, 5.243432
21.175905, 0.057672, 5.243432
21.178869, 0.055122, 5.011607
21.181786, 0.057672, 5.243432
21.184939, 0.057672, 5.243432
21.187201, 0.057672, 5.243432
21.190498, 0.055122, 5.011607
21.192948, 0.057672, 5.243432
21.195815, 0.055122, 5.011607
21.199415, 0.057672, 5.243432
21.202170, 0.057672, 5.243432
21.204790, 0.057672, 5.243432
21.207542, 0.057672, 5.243432
21.210489, 0.057672, 5.243432
21.213332, 0.057672, 5.243432
21.216998, 0.057672, 5.243432
21.219874, 0.057672, 5.243432
21.222148, 0.057672, 5.243432
21.224393, 0.057672, 5.243432
21.227173, 0.057672, 5.243432
21.230262, 0.057672, 5.243432
21.233587, 0.057672, 5.243432
21.236790, 0.057672, 5.243432
21.239926, 0.057672, 5.243432
21.243283, 0.055122, 5.011607
21.246411, 0.055122, 5.011607
21.249492, 0.055122, 5.011607
21.253067, 0.055122, 5.011607
21.256823, 0.057672, 5.243432
21.260806, 0.055122, 5.011607
21.267300, 0.057672, 5.243432
21.270938, 0.057672, 5.243432
21.274283, 0.057672, 5.243432
21.277815, 0.057672, 5.243432
21.281540, 0.057672, 5.243432
21.285342, 0.057672, 5.243432
21.289119, 0.057672, 5.243432
21.292596, 0.055122, 5.011607
21.296007, 0.057672, 5.243432
21.299362, 0.057672, 5.243432
21.302715, 0.055122, 5.011607
21.305962, 0.057672, 5.243432
21.309165, 0.057672, 5.243432
21.312346, 0.057672, 5.243432
21.315620, 0.057672, 5.243432
21.318897, 0.055122, 5.011607
21.322244, 0.055122, 5.011607
21.325473, 0.057672, 5.243432
21.328720, 0.057672, 5.243432
21.332032, 0.057672, 5.243432
21.335315, 0.057672, 5.243432
21.338498, 0.060222, 5.475256
21.341634, 0.057672, 5.243432
21.344767, 0.055122, 5.011607
21.347785, 0.057672, 5.243432
21.350982, 0.057672, 5.243432
21.354020, 0.057672, 5.243432
21.357169, 0.057672, 5.243432
21.359730, 0.057672, 5.243432
21.363049, 0.057672, 5.243432
21.365636, 0.057672, 5.243432
21.370469, 0.055122, 5.011607
21.374065, 0.055122, 5.011607
21.377163, 0.057672, 5.243432
21.380562, 0.055122, 5.011607
21.384007, 0.057672, 5.243432
21.388506, 0.057672, 5.243432
21.391239, 0.055122, 5.011607
21.393811, 0.057672, 5.243432
21.396580, 0.057672, 5.243432
21.399408, 0.057672, 5.243432
21.402466, 0.057672, 5.243432
21.405440, 0.057672, 5.243432
21.408536, 0.057672, 5.243432
21.411739, 0.055122, 5.011607
21.415348, 0.057672, 5.243432
21.418675, 0.055122, 5.011607
21.421953, 0.055122, 5.011607
21.425051, 0.057672, 5.243432
21.428270, 0.057672, 5.243432
21.431393, 0.057672, 5.243432
21.434791, 0.057672, 5.243432
21.438153, 0.057672, 5.243432
21.441361, 0.057672, 5.243432
21.444517, 0.055122, 5.011607
21.447528, 0.057672, 5.243432
21.450492, 0.057672, 5.243432
21.453635, 0.055122, 5.011607
21.456816, 0.057672, 5.243432
21.459895, 0.055122, 5.011607
21.462925, 0.057672, 5.243432
21.465802, 0.057672, 5.243432
21.468940, 0.057672, 5.243432
21.472102, 0.057672, 5.243432
21.475214, 0.057672, 5.243432
21.478369, 0.057672, 5.243432
21.481242, 0.057672, 5.243432
21.484410, 0.057672, 5.243432
21.487276, 0.057672, 5.243432
21.490309, 0.057672, 5.243432
21.493322, 0.057672, 5.243432
21.496186, 0.057672, 5.243432
21.499305, 0.057672, 5.243432
21.502589, 0.057672, 5.243432
21.506663, 0.057672, 5.243432
21.509464, 0.055122, 5.011607
21.512160, 0.057672, 5.243432
21.515294, 0.055122, 5.011607
21.518587, 0.057672, 5.243432
21.521323, 0.057672, 5.243432
21.524028, 0.057672, 5.243432
21.527691, 0.057672, 5.243432
21.530141, 0.055122, 5.011607
21.533199, 0.055122, 5.011607
21.536616, 0.057672, 5.243432
21.539092, 0.057672, 5.243432
21.541649, 0.057672, 5.243432
21.544308, 0.057672, 5.243432
21.548424, 0.055122, 5.011607
21.551396, 0.057672, 5.243432
21.554174, 0.057672, 5.243432
21.556841, 0.057672, 5.243432
21.558956, 0.057672, 5.243432
21.561590, 0.055122, 5.011607
21.564170, 0.057672, 5.243432
21.566776, 0.055122, 5.011607
21.569146, 0.057672, 5.243432
21.571634, 0.057672, 5.243432
21.574124, 0.057672, 5.243432
21.576701, 0.055122, 5.011607
21.579322, 0.055122, 5.011607
21.582002, 0.055122, 5.011607
21.585736, 0.057672, 5.243432
21.588573, 0.057672, 5.243432
21.591191, 0.055122, 5.011607
21.593972, 0.057672, 5.243432
21.596997, 0.057672, 5.243432
21.601038, 0.057672, 5.243432
21.603250, 0.057672, 5.243432
21.605434, 0.057672, 5.243432
21.608865, 0.057672, 5.243432
21.611259, 0.055122, 5.011607
21.613626, 0.057672, 5.243432
21.616366, 0.057672, 5.243432
21.619376, 0.057672, 5.243432
21.622264, 0.057672, 5.243432
21.625167, 0.055122, 5.011607
21.628192, 0.057672, 5.243432
21.631191, 0.057672, 5.243432
21.634374, 0.055122, 5.011607
21.637534, 0.057672, 5.243432
21.640642, 0.057672, 5.243432
21.643701, 0.055122, 5.011607
21.646677, 0.057672, 5.243432
21.650648, 0.057672, 5.243432
21.653440, 0.057672, 5.243432
21.656070, 0.055122, 5.011607
21.659124, 0.055122, 5.011607
21.661843, 0.057672, 5.243432
21.664579, 0.057672, 5.243432
21.667137, 0.057672, 5.243432
21.671092, 0.057672, 5.243432
21.673431, 0.057672, 5.243432
21.675885, 0.057672, 5.243432
21.679037, 0.057672, 5.243432
21.682326, 0.055122, 5.011607
21.685550, 0.055122, 5.011607
21.688318, 0.057672, 5.243432
21.690999, 0.055122, 5.011607
21.695026, 0.057672, 5.243432
21.697479, 0.057672, 5.243432
21.699986, 0.055122, 5.011607
21.704436, 0.057672, 5.243432
21.709169, 0.057672, 5.243432
21.712273, 0.057672, 5.243432
21.714854, 0.055122, 5.011607
21.718088, 0.055122, 5.011607
21.720248, 0.055122, 5.011607
21.722760, 0.055122, 5.011607
21.725987, 0.057672, 5.243432
21.729245, 0.055122, 5.011607
21.731770, 0.055122, 5.011607
21.734220, 0.055122, 5.011607
21.736439, 0.055122, 5.011607
21.738842, 0.057672, 5.243432
21.741571, 0.057672, 5.243432
21.744423, 0.055122, 5.011607
21.747939, 0.055122, 5.011607
21.750971, 0.055122, 5.011607
21.753421, 0.055122, 5.011607
21.756711, 0.057672, 5.243432
21.759845, 0.055122, 5.011607
21.762535, 0.055122, 5.011607
21.765102, 0.055122, 5.011607
21.768598, 0.057672, 5.243432
21.771087, 0.055122, 5.011607
21.773616, 0.055122, 5.011607
21.777048, 0.055122, 5.011607
21.780528, 0.055122, 5.011607
21.783110, 0.057672, 5.243432
21.785169, 0.055122, 5.011607
21.788178, 0.057672, 5.243432
21.790521, 0.057672, 5.243432
21.792937, 0.057672, 5.243432
21.795762, 0.057672, 5.243432
21.798859, 0.055122, 5.011607
21.802783, 0.057672, 5.243432
21.805483, 0.055122, 5.011607
21.808298, 0.055122, 5.011607
21.811255, 0.057672, 5.243432
21.814163, 0.057672, 5.243432
21.817160, 0.055122, 5.011607
21.819508, 0.055122, 5.011607
21.822051, 0.057672, 5.243432
21.826711, 0.057672, 5.243432
21.832663, 0.057672, 5.243432
21.837286, 0.057672, 5.243432
21.840436, 0.057672, 5.243432
21.844555, 0.057672, 5.243432
21.847186, 0.057672, 5.243432
21.850678, 0.057672, 5.243432
21.856560, 0.057672, 5.243432
21.860744, 0.057672, 5.243432
21.863497, 0.057672, 5.243432
21.866164, 0.057672, 5.243432
21.869163, 0.057672, 5.243432
21.872124, 0.057672, 5.243432
21.874885, 0.055122, 5.011607
21.877846, 0.057672, 5.243432
21.880991, 0.055122, 5.011607
21.884694, 0.057672, 5.243432
21.888476, 0.057672, 5.243432
21.891959, 0.055122, 5.011607
21.895544, 0.057672, 5.243432
21.899099, 0.057672, 5.243432
21.903262, 0.055122, 5.011607
21.912100, 0.057672, 5.243432
21.936693, 0.057672, 5.243432
21.948495, 0.057672, 5.243432
21.952510, 0.057672, 5.243432
21.955452, 0.057672, 5.243432
21.957898, 0.055122, 5.011607
21.960272, 0.057672, 5.243432
21.962882, 0.057672, 5.243432
21.966095, 0.057672, 5.243432
21.969535, 0.055122, 5.011607
21.972760, 0.057672, 5.243432
21.977036, 0.057672, 5.243432
21.980168, 0.057672, 5.243432
21.983296, 0.057672, 5.243432
21.986430, 0.057672, 5.243432
21.989656, 0.057672, 5.243432
21.992803, 0.057672, 5.243432
21.995891, 0.057672, 5.243432
21.999187, 0.057672, 5.243432
22.002488, 0.057672, 5.243432
22.005914, 0.057672, 5.243432
22.009193, 0.055122, 5.011607
22.012424, 0.057672, 5.243432
22.016060, 0.057672, 5.243432
22.018785, 0.057672, 5.243432
22.021564, 0.055122, 5.011607
22.024292, 0.055122, 5.011607
22.027344, 0.055122, 5.011607
22.030902, 0.057672, 5.243432
22.033868, 0.055122, 5.011607
22.037027, 0.057672, 5.243432
22.039968, 0.057672, 5.243432
22.042979, 0.057672, 5.243432
22.046521, 0.057672, 5.243432
22.049303, 0.057672, 5.243432
22.051704, 0.055122, 5.011607
22.054304, 0.055122, 5.011607
22.056963, 0.057672, 5.243432
22.059715, 0.057672, 5.243432
22.062512, 0.055122, 5.011607
22.065511, 0.055122, 5.011607
22.068584, 0.055122, 5.011607
22.071683, 0.055122, 5.011607
22.074862, 0.057672, 5.243432
22.078077, 0.057672, 5.243432
22.081180, 0.055122, 5.011607
22.084294, 0.055122, 5.011607
22.087366, 0.055122, 5.011607
22.090437, 0.057672, 5.243432
22.093328, 0.057672, 5.243432
22.096243, 0.057672, 5.243432
22.099712, 0.057672, 5.243432
22.102539, 0.055122, 5.011607
22.104960, 0.057672, 5.243432
22.108768, 0.057672, 5.243432
22.111724, 0.055122, 5.011607
22.114315, 0.055122, 5.011607
22.118334, 0.055122, 5.011607
22.120583, 0.057672, 5.243432
22.123139, 0.057672, 5.243432
22.126128, 0.055122, 5.011607
22.129113, 0.057672, 5.243432
22.132199, 0.055122, 5.011607
22.136774, 0.057672, 5.243432
22.139299, 0.057672, 5.243432
22.141596, 0.057672, 5.243432
22.144202, 0.057672, 5.243432
22.147323, 0.057672, 5.243432
22.150197, 0.057672, 5.243432
22.152869, 0.057672, 5.243432
22.155416, 0.055122, 5.011607
22.159451, 0.057672, 5.243432
22.162509, 0.055122, 5.011607
22.165200, 0.057672, 5.243432
22.168232, 0.057672, 5.243432
22.170669, 0.055122, 5.011607
22.173301, 0.055122, 5.011607
22.175932, 0.057672, 5.243432
22.178920, 0.057672, 5.243432
22.181717, 0.057672, 5.243432
22.184838, 0.057672, 5.243432
22.187175, 0.055122, 5.011607
22.189683, 0.055122, 5.011607
22.192387, 0.057672, 5.243432
22.195297, 0.057672, 5.243432
22.199224, 0.057672, 5.243432
22.202313, 0.057672, 5.243432
22.205305, 0.057672, 5.243432
22.208313, 0.057672, 5.243432
22.211248, 0.057672, 5.243432
22.214192, 0.057672, 5.243432
22.217548, 0.055122, 5.011607
22.220520, 0.057672, 5.243432
22.223584, 0.057672, 5.243432
22.226614, 0.055122, 5.011607
22.230229, 0.055122, 5.011607
22.232706, 0.055122, 5.011607
22.235406, 0.057672, 5.243432
22.238141, 0.055122, 5.011607
22.240962, 0.055122, 5.011607
22.243751, 0.057672, 5.243432
22.246883, 0.057672, 5.243432
22.251623, 0.057672, 5.243432
22.254061, 0.055122, 5.011607
22.256712, 0.057672, 5.243432
22.259725, 0.057672, 5.243432
22.262815, 0.055122, 5.011607
22.266367, 0.055122, 5.011607
22.270089, 0.057672, 5.243432
22.273361, 0.057672, 5.243432
22.276937, 0.057672, 5.243432
22.280543, 0.057672, 5.243432
22.282929, 0.057672, 5.243432
22.285414, 0.055122, 5.011607
22.288887, 0.055122, 5.011607
22.291857, 0.055122, 5.011607
22.294371, 0.055122, 5.011607
22.297216, 0.057672, 5.243432
22.300593, 0.057672, 5.243432
22.303791, 0.057672, 5.243432
22.306686, 0.057672, 5.243432
22.309639, 0.057672, 5.243432
22.312631, 0.055122, 5.011607
22.315600, 0.057672, 5.243432
22.318464, 0.057672, 5.243432
22.320874, 0.057672, 5.243432
22.323528, 0.055122, 5.011607
22.326464, 0.055122, 5.011607
22.330262, 0.057672, 5.243432
22.333642, 0.057672, 5.243432
22.336672, 0.057672, 5.243432
22.339476, 0.057672, 5.243432
22.341942, 0.057672, 5.243432
22.344815, 0.055122, 5.011607
22.347989, 0.057672, 5.243432
22.351365, 0.055122, 5.011607
22.354500, 0.057672, 5.243432
22.357755, 0.057672, 5.243432
22.361066, 0.057672, 5.243432
22.364439, 0.057672, 5.243432
22.367876, 0.055122, 5.011607
22.371178, 0.057672, 5.243432
22.374439, 0.055122, 5.011607
22.377551, 0.057672, 5.243432
22.380754, 0.057672, 5.243432
22.384722, 0.057672, 5.243432
22.387437, 0.057672, 5.243432
22.390261, 0.057672, 5.243432
22.392953, 0.057672, 5.243432
22.397040, 0.055122, 5.011607
22.399885, 0.055122, 5.011607
22.402653, 0.055122, 5.011607
22.405815, 0.057672, 5.243432
22.408159, 0.057672, 5.243432
22.410725, 0.057672, 5.243432
22.414330, 0.055122, 5.011607
22.417603, 0.057672, 5.243432
22.420553, 0.057672, 5.243432
22.423652, 0.055122, 5.011607
22.426571, 0.057672, 5.243432
22.429568, 0.057672, 5.243432
22.432619, 0.055122, 5.011607
22.436149, 0.055122, 5.011607
22.438549, 0.057672, 5.243432
22.441091, 0.055122, 5.011607
22.443800, 0.057672, 5.243432
22.446534, 0.055122, 5.011607
22.449401, 0.057672, 5.243432
22.452493, 0.055122, 5.011607
22.455524, 0.057672, 5.243432
22.458666, 0.057672, 5.243432
22.461661, 0.057672, 5.243432
22.464846, 0.055122, 5.011607
22.468830, 0.057672, 5.243432
22.471165, 0.055122, 5.011607
22.474639, 0.055122, 5.011607
22.477929, 0.055122, 5.011607
22.480454, 0.055122, 5.011607
22.483392, 0.057672, 5.243432
22.485668, 0.055122, 5.011607
22.488155, 0.057672, 5.243432
22.490709, 0.057672, 5.243432
22.493507, 0.057672, 5.243432
22.495983, 0.055122, 5.011607
22.498489, 0.055122, 5.011607
22.501234, 0.055122, 5.011607
22.503935, 0.055122, 5.011607
22.506343, 0.057672, 5.243432
22.510063, 0.057672, 5.243432
22.514548, 0.057672, 5.243432
22.517456, 0.057672, 5.243432
22.520509, 0.055122, 5.011607
22.523663, 0.057672, 5.243432
22.526165, 0.055122, 5.011607
22.528353, 0.055122, 5.011607
22.531028, 0.057672, 5.243432
22.534386, 0.057672, 5.243432
22.537158, 0.057672, 5.243432
22.539850, 0.057672, 5.243432
22.542768, 0.055122, 5.011607
22.545990, 0.055122, 5.011607
22.548318, 0.057672, 5.243432
22.551010, 0.057672, 5.243432
22.554585, 0.055122, 5.011607
22.557556, 0.057672, 5.243432
22.560460, 0.055122, 5.011607
22.563547, 0.057672, 5.243432
22.567223, 0.057672, 5.243432
22.569907, 0.055122, 5.011607
22.572408, 0.057672, 5.243432
22.576023, 0.057672, 5.243432
22.578560, 0.057672, 5.243432
22.581254, 0.057672, 5.243432
22.585004, 0.057672, 5.243432
22.587309, 0.055122, 5.011607
22.589634, 0.055122, 5.011607
22.592226, 0.055122, 5.011607
22.595683, 0.055122, 5.011607
22.598167, 0.055122, 5.011607
22.601834, 0.057672, 5.243432
22.605568, 0.055122, 5.011607
22.608093, 0.057672, 5.243432
22.610514, 0.057672, 5.243432
22.613135, 0.057672, 5.243432
22.616344, 0.057672, 5.243432
22.618743, 0.057672, 5.243432
22.621292, 0.057672, 5.243432
22.624928, 0.057672, 5.243432
22.628925, 0.057672, 5.243432
22.631452, 0.057672, 5.243432
22.634636, 0.057672, 5.243432
22.636862, 0.057672, 5.243432
22.639214, 0.057672, 5.243432
22.641875, 0.057672, 5.243432
22.645374, 0.055122, 5.011607
22.648749, 0.057672, 5.243432
22.651219, 0.057672, 5.243432
22.653586, 0.057672, 5.243432
22.657119, 0.057672, 5.243432
22.660278, 0.057672, 5.243432
22.662764, 0.057672, 5.243432
22.665265, 0.057672, 5.243432
22.668499, 0.055122, 5.011607
22.672573, 0.055122, 5.011607
22.676642, 0.057672, 5.243432
22.679266, 0.057672, 5.243432
22.681617, 0.057672, 5.243432
22.684320, 0.055122, 5.011607
22.686884, 0.055122, 5.011607
22.690116, 0.057672, 5.243432
22.692611, 0.057672, 5.243432
22.696305, 0.055122, 5.011607
22.699360, 0.057672, 5.243432
22.701759, 0.057672, 5.243432
22.704309, 0.057672, 5.243432
22.706764, 0.057672, 5.243432
22.709476, 0.057672, 5.243432
22.712432, 0.055122, 5.011607
22.715453, 0.055122, 5.011607
22.717880, 0.055122, 5.011607
22.720418, 0.057672, 5.243432
22.723113, 0.057672, 5.243432
22.726878, 0.057672, 5.243432
22.730116, 0.057672, 5.243432
22.732808, 0.057672, 5.243432
22.735361, 0.057672, 5.243432
22.737873, 0.055122, 5.011607
22.740233, 0.055122, 5.011607
22.742986, 0.055122, 5.011607
22.746697, 0.055122, 5.011607
22.749057, 0.055122, 5.011607
22.751904, 0.057672, 5.243432
22.755765, 0.057672, 5.243432
22.758517, 0.057672, 5.243432
22.760927, 0.057672, 5.243432
22.763449, 0.057672, 5.243432
22.766841, 0.055122, 5.011607
22.770955, 0.057672, 5.243432
22.773644, 0.057672, 5.243432
22.776464, 0.057672, 5.243432
22.779116, 0.055122, 5.011607
22.782116, 0.057672, 5.243432
22.786431, 0.055122, 5.011607
22.788767, 0.055122, 5.011607
22.791192, 0.055122, 5.011607
22.794368, 0.057672, 5.243432
22.797779, 0.057672, 5.243432
22.799970, 0.057672, 5.243432
22.801882, 0.057672, 5.243432
22.804190, 0.057672, 5.243432
22.806710, 0.055122, 5.011607
22.809485, 0.057672, 5.243432
22.812271, 0.055122, 5.011607
22.815119, 0.057672, 5.243432
22.819557, 0.057672, 5.243432
22.822941, 0.057672, 5.243432
22.826576, 0.057672, 5.243432
22.829361, 0.057672, 5.243432
22.831804, 0.055122, 5.011607
22.835405, 0.057672, 5.243432
22.837552, 0.057672, 5.243432
22.839906, 0.057672, 5.243432
22.843066, 0.055122, 5.011607
22.848287, 0.057672, 5.243432
22.851107, 0.057672, 5.243432
22.853977, 0.055122, 5.011607
22.857514, 0.057672, 5.243432
22.860828, 0.057672, 5.243432
22.864290, 0.055122, 5.011607
22.867383, 0.057672, 5.243432
22.870472, 0.057672, 5.243432
22.873811, 0.057672, 5.243432
22.877140, 0.057672, 5.243432
22.880199, 0.057672, 5.243432
22.883130, 0.057672, 5.243432
22.885741, 0.055122, 5.011607
22.889931, 0.057672, 5.243432
22.893081, 0.055122, 5.011607
22.895829, 0.055122, 5.011607
22.898750, 0.055122, 5.011607
22.903811, 0.055122, 5.011607
22.907220, 0.055122, 5.011607
22.910364, 0.055122, 5.011607
22.913433, 0.055122, 5.011607
22.916989, 0.055122, 5.011607
22.919942, 0.055122, 5.011607
22.922649, 0.055122, 5.011607
22.925803, 0.055122, 5.011607
22.928950, 0.055122, 5.011607
22.931299, 0.055122, 5.011607
22.935372, 0.057672, 5.243432
22.940430, 0.057672, 5.243432
22.944518, 0.057672, 5.243432
22.948386, 0.057672, 5.243432
22.952776, 0.057672, 5.243432
22.955344, 0.057672, 5.243432
22.957860, 0.057672, 5.243432
22.961488, 0.057672, 5.243432
22.963840, 0.057672, 5.243432
22.966365, 0.057672, 5.243432
22.969329, 0.057672, 5.243432
22.972369, 0.055122, 5.011607
22.975271, 0.055122, 5.011607
22.978155, 0.057672, 5.243432
22.980793, 0.057672, 5.243432
22.984711, 0.057672, 5.243432
22.988725, 0.057672, 5.243432
22.992707, 0.055122, 5.011607
22.996233, 0.055122, 5.011607
22.999727, 0.055122, 5.011607
23.003066, 0.057672, 5.243432
23.006393, 0.055122, 5.011607
23.009634, 0.057672, 5.243432
23.012833, 0.055122, 5.011607
23.016092, 0.057672, 5.243432
23.019253, 0.055122, 5.011607
23.022494, 0.057672, 5.243432
23.025748, 0.057672, 5.243432
23.028924, 0.055122, 5.011607
23.032415, 0.055122, 5.011607
23.036513, 0.055122, 5.011607
23.040617, 0.057672, 5.243432
23.044452, 0.055122, 5.011607
23.048155, 0.057672, 5.243432
23.052051, 0.055122, 5.011607
23.054723, 0.055122, 5.011607
23.057169, 0.057672, 5.243432
23.059947, 0.057672, 5.243432
23.062768, 0.057672, 5.243432
23.065686, 0.057672, 5.243432
23.068701, 0.055122, 5.011607
23.071927, 0.055122, 5.011607
23.075166, 0.057672, 5.243432
23.078274, 0.057672, 5.243432
23.081951, 0.055122, 5.011607
23.084452, 0.055122, 5.011607
23.087097, 0.057672, 5.243432
23.089806, 0.057672, 5.243432
23.092504, 0.057672, 5.243432
23.095316, 0.057672, 5.243432
23.098075, 0.057672, 5.243432
23.101736, 0.055122, 5.011607
23.104375, 0.055122, 5.011607
23.107024, 0.055122, 5.011607
23.110270, 0.057672, 5.243432
23.113228, 0.055122, 5.011607
23.115691, 0.055122, 5.011607
23.118512, 0.057672, 5.243432
23.121403, 0.057672, 5.243432
23.124243, 0.057672, 5.243432
23.127108, 0.055122, 5.011607
23.130739, 0.057672, 5.243432
23.133425, 0.057672, 5.243432
23.136544, 0.057672, 5.243432
23.138698, 0.055122, 5.011607
23.142958, 0.057672, 5.243432
23.147372, 0.057672, 5.243432
23.150416, 0.057672, 5.243432
23.153445, 0.057672, 5.243432
23.155858, 0.057672, 5.243432
23.158326, 0.055122, 5.011607
23.161150, 0.055122, 5.011607
23.163788, 0.057672, 5.243432
23.166767, 0.057672, 5.243432
23.169200, 0.057672, 5.243432
23.173356, 0.057672, 5.243432
23.177579, 0.057672, 5.243432
23.181693, 0.057672, 5.243432
23.184792, 0.057672, 5.243432
23.186967, 0.055122, 5.011607
23.189168, 0.057672, 5.243432
23.194443, 0.057672, 5.243432
23.198398, 0.057672, 5.243432
23.202498, 0.057672, 5.243432
23.205139, 0.057672, 5.243432
23.207428, 0.057672, 5.243432
23.210881, 0.057672, 5.243432
23.214066, 0.055122, 5.011607
23.217432, 0.055122, 5.011607
23.220555, 0.057672, 5.243432
23.222895, 0.057672, 5.243432
23.225500, 0.057672, 5.243432
23.228367, 0.057672, 5.243432
23.232951, 0.055122, 5.011607
23.235215, 0.057672, 5.243432
23.237662, 0.057672, 5.243432
23.240930, 0.055122, 5.011607
23.244558, 0.055122, 5.011607
23.247709, 0.055122, 5.011607
23.250379, 0.055122, 5.011607
23.252582, 0.055122, 5.011607
23.254790, 0.055122, 5.011607
23.257349, 0.057672, 5.243432
23.261456, 0.057672, 5.243432
23.266272, 0.057672, 5.243432
23.269442, 0.057672, 5.243432
23.271736, 0.057672, 5.243432
23.274163, 0.057672, 5.243432
23.276553, 0.055122, 5.011607
23.279133, 0.057672, 5.243432
23.282441, 0.055122, 5.011607
23.285608, 0.055122, 5.011607
23.288487, 0.055122, 5.011607
23.292204, 0.055122, 5.011607
23.294531, 0.055122, 5.011607
23.297076, 0.057672, 5.243432
23.299892, 0.057672, 5.243432
23.302815, 0.055122, 5.011607
23.305726, 0.057672, 5.243432
23.309554, 0.057672, 5.243432
23.312439, 0.055122, 5.011607
23.314942, 0.057672, 5.243432
23.317879, 0.057672, 5.243432
23.322510, 0.055122, 5.011607
23.325387, 0.055122, 5.011607
23.327958, 0.055122, 5.011607
23.331007, 0.057672, 5.243432
23.334224, 0.057672, 5.243432
23.337589, 0.057672, 5.243432
23.341105, 0.057672, 5.243432
23.345214, 0.057672, 5.243432
23.350067, 0.057672, 5.243432
23.353345, 0.057672, 5.243432
23.355897, 0.055122, 5.011607
23.359441, 0.057672, 5.243432
23.362513, 0.057672, 5.243432
23.364974, 0.055122, 5.011607
23.368261, 0.055122, 5.011607
23.373012, 0.055122, 5.011607
23.377420, 0.057672, 5.243432
23.380451, 0.055122, 5.011607
23.383028, 0.057672, 5.243432
23.385718, 0.057672, 5.243432
23.388519, 0.057672, 5.243432
23.391145, 0.057672, 5.243432
23.393729, 0.057672, 5.243432
23.397267, 0.057672, 5.243432
23.400863, 0.057672, 5.243432
23.404027, 0.055122, 5.011607
23.407343, 0.055122, 5.011607
23.410614, 0.055122, 5.011607
23.413813, 0.055122, 5.011607
23.416552, 0.057672, 5.243432
23.419517, 0.057672, 5.243432
23.422081, 0.057672, 5.243432
23.424626, 0.055122, 5.011607
23.427421, 0.057672, 5.243432
23.430362, 0.055122, 5.011607
23.433506, 0.055122, 5.011607
23.436750, 0.055122, 5.011607
23.440145, 0.055122, 5.011607
23.443418, 0.055122, 5.011607
23.446692, 0.057672, 5.243432
23.449807, 0.055122, 5.011607
23.453070, 0.055122, 5.011607
23.456347, 0.057672, 5.243432
23.459324, 0.057672, 5.243432
23.462272, 0.057672, 5.243432
23.465140, 0.055122, 5.011607
23.468819, 0.055122, 5.011607
23.471223, 0.055122, 5.011607
23.473658, 0.055122, 5.011607
23.476227, 0.057672, 5.243432
23.479046, 0.055122, 5.011607
23.481835, 0.055122, 5.011607
23.484837, 0.057672, 5.243432
23.488413, 0.055122, 5.011607
23.490800, 0.057672, 5.243432
23.493322, 0.055122, 5.011607
23.496468, 0.055122, 5.011607
23.499958, 0.055122, 5.011607
23.502205, 0.057672, 5.243432
23.504598, 0.057672, 5.243432
23.507380, 0.055122, 5.011607
23.510420, 0.055122, 5.011607
23.513871, 0.055122, 5.011607
23.517155, 0.057672, 5.243432
23.520067, 0.057672, 5.243432
23.522714, 0.055122, 5.011607
23.525407, 0.055122, 5.011607
23.528402, 0.055122, 5.011607
23.531549, 0.057672, 5.243432
23.534710, 0.057672, 5.243432
23.537273, 0.057672, 5.243432
23.539745, 0.055122, 5.011607
23.542455, 0.055122, 5.011607
23.545250, 0.055122, 5.011607
23.548151, 0.055122, 5.011607
23.551893, 0.057672, 5.243432
23.555104, 0.057672, 5.243432
23.557996, 0.057672, 5.243432
23.560868, 0.057672, 5.243432
23.563799, 0.055122, 5.011607
23.566882, 0.055122, 5.011607
23.570115, 0.055122, 5.011607
23.573031, 0.055122, 5.011607
23.576101, 0.055122, 5.011607
23.579033, 0.057672, 5.243432
23.581969, 0.055122, 5.011607
23.584937, 0.057672, 5.243432
23.587976, 0.057672, 5.243432
23.591034, 0.057672, 5.243432
23.593997, 0.055122, 5.011607
23.596910, 0.055122, 5.011607
23.600185, 0.057672, 5.243432
23.602699, 0.055122, 5.011607
23.607469, 0.057672, 5.243432
23.610640, 0.057672, 5.243432
23.613192, 0.055122, 5.011607
23.615966, 0.057672, 5.243432
23.618803, 0.055122, 5.011607
23.621301, 0.057672, 5.243432
23.624294, 0.055122, 5.011607
23.628985, 0.057672, 5.243432
23.632312, 0.057672, 5.243432
23.636602, 0.055122, 5.011607
23.639093, 0.055122, 5.011607
23.641890, 0.055122, 5.011607
23.646801, 0.057672, 5.243432
23.650713, 0.055122, 5.011607
23.655089, 0.055122, 5.011607
23.659128, 0.057672, 5.243432
23.662923, 0.057672, 5.243432
23.666625, 0.057672, 5.243432
23.669886, 0.055122, 5.011607
23.672918, 0.057672, 5.243432
23.675938, 0.057672, 5.243432
23.679065, 0.057672, 5.243432
23.682423, 0.055122, 5.011607
23.685586, 0.055122, 5.011607
23.688776, 0.055122, 5.011607
23.692093, 0.055122, 5.011607
23.695631, 0.055122, 5.011607
23.698782, 0.057672, 5.243432
23.701872, 0.057672, 5.243432
23.705123, 0.055122, 5.011607
23.708476, 0.057672, 5.243432
23.711561, 0.057672, 5.243432
23.714834, 0.055122, 5.011607
23.717919, 0.055122, 5.011607
23.721044, 0.057672, 5.243432
23.724216, 0.057672, 5.243432
23.727224, 0.057672, 5.243432
23.730347, 0.057672, 5.243432
23.733645, 0.055122, 5.011607
23.736911, 0.057672, 5.243432
23.740018, 0.057672, 5.243432
23.743170, 0.057672, 5.243432
23.746076, 0.055122, 5.011607
23.748949, 0.055122, 5.011607
23.752006, 0.055122, 5.011607
23.755076, 0.055122, 5.011607
23.758163, 0.057672, 5.243432
23.761289, 0.055122, 5.011607
23.764130, 0.055122, 5.011607
23.768047, 0.055122, 5.011607
23.770482, 0.057672, 5.243432
23.772976, 0.057672, 5.243432
23.775529, 0.055122, 5.011607
23.779022, 0.055122, 5.011607
23.781441, 0.055122, 5.011607
23.784285, 0.055122, 5.011607
23.786469, 0.055122, 5.011607
23.791344, 0.057672, 5.243432
23.795528, 0.055122, 5.011607
23.799893, 0.057672, 5.243432
23.803198, 0.055122, 5.011607
23.805686, 0.057672, 5.243432
23.808495, 0.055122, 5.011607
23.811973, 0.057672, 5.243432
23.814854, 0.057672, 5.243432
23.818550, 0.057672, 5.243432
23.820630, 0.057672, 5.243432
23.822900, 0.057672, 5.243432
23.825711, 0.055122, 5.011607
23.828758, 0.055122, 5.011607
23.831338, 0.057672, 5.243432
23.833935, 0.055122, 5.011607
23.836759, 0.057672, 5.243432
23.840487, 0.055122, 5.011607
23.842931, 0.057672, 5.243432
23.845532, 0.057672, 5.243432
23.848660, 0.057672, 5.243432
23.852857, 0.055122, 5.011607
23.856712, 0.057672, 5.243432
23.860227, 0.055122, 5.011607
23.863532, 0.057672, 5.243432
23.866651, 0.057672, 5.243432
23.870418, 0.057672, 5.243432
23.873424, 0.057672, 5.243432
23.876337, 0.057672, 5.243432
23.879044, 0.055122, 5.011607
23.881856, 0.055122, 5.011607
23.884807, 0.055122, 5.011607
23.887603, 0.055122, 5.011607
23.890587, 0.057672, 5.243432
23.893346, 0.057672, 5.243432
23.896244, 0.057672, 5.243432
23.899162, 0.057672, 5.243432
23.902227, 0.057672, 5.243432
23.905105, 0.057672, 5.243432
23.908090, 0.057672, 5.243432
23.911931, 0.057672, 5.243432
23.913982, 0.057672, 5.243432
23.916780, 0.055122, 5.011607
23.919052, 0.057672, 5.243432
23.921426, 0.055122, 5.011607
23.924278, 0.055122, 5.011607
23.927485, 0.057672, 5.243432
23.930721, 0.057672, 5.243432
23.934515, 0.057672, 5.243432
23.937855, 0.055122, 5.011607
23.941831, 0.057672, 5.243432
23.945094, 0.057672, 5.243432
23.947757, 0.057672, 5.243432
23.951149, 0.057672, 5.243432
23.953785, 0.055122, 5.011607
23.956547, 0.057672, 5.243432
23.959472, 0.057672, 5.243432
23.963657, 0.057672, 5.243432
23.967059, 0.057672, 5.243432
23.970861, 0.055122, 5.011607
23.974290, 0.057672, 5.243432
23.977644, 0.055122, 5.011607
23.981427, 0.055122, 5.011607
23.984296, 0.057672, 5.243432
23.986615, 0.057672, 5.243432
23.988794, 0.055122, 5.011607
23.991778, 0.055122, 5.011607
23.995050, 0.055122, 5.011607
23.998234, 0.057672, 5.243432
24.000876, 0.055122, 5.011607
24.003596, 0.057672, 5.243432
24.006529, 0.057672, 5.243432
24.009390, 0.055122, 5.011607
24.012332, 0.057672, 5.243432
24.015391, 0.057672, 5.243432
24.018580, 0.057672, 5.243432
24.022015, 0.057672, 5.243432
24.025535, 0.057672, 5.243432
24.029043, 0.055122, 5.011607
24.032432, 0.057672, 5.243432
24.035843, 0.055122, 5.011607
24.039222, 0.055122, 5.011607
24.042704, 0.057672, 5.243432
24.046086, 0.057672, 5.243432
24.049410, 0.055122, 5.011607
24.052680, 0.057672, 5.243432
24.056091, 0.057672, 5.243432
24.059533, 0.055122, 5.011607
24.062900, 0.057672, 5.243432
24.066105, 0.055122, 5.011607
24.069542, 0.057672, 5.243432
24.073035, 0.055122, 5.011607
24.076318, 0.055122, 5.011607
24.079566, 0.057672, 5.243432
24.082961, 0.057672, 5.243432
24.086227, 0.057672, 5.243432
24.089435, 0.057672, 5.243432
24.092919, 0.055122, 5.011607
24.096281, 0.057672, 5.243432
24.099591, 0.057672, 5.243432
24.103125, 0.055122, 5.011607
24.106702, 0.057672, 5.243432
24.110037, 0.055122, 5.011607
24.113316, 0.057672, 5.243432
24.116296, 0.057672, 5.243432
24.119562, 0.057672, 5.243432
24.123000, 0.057672, 5.243432
24.126410, 0.055122, 5.011607
24.129486, 0.057672, 5.243432
24.132470, 0.057672, 5.243432
24.135976, 0.057672, 5.243432
24.139245, 0.057672, 5.243432
24.142265, 0.057672, 5.243432
24.145235, 0.057672, 5.243432
24.148213, 0.055122, 5.011607
24.151848, 0.055122, 5.011607
24.155594, 0.057672, 5.243432
24.158723, 0.055122, 5.011607
24.162373, 0.057672, 5.243432
24.165933, 0.057672, 5.243432
24.169481, 0.057672, 5.243432
24.173096, 0.055122, 5.011607
24.176767, 0.057672, 5.243432
24.180564, 0.057672, 5.243432
24.184477, 0.057672, 5.243432
24.188340, 0.055122, 5.011607
24.192771, 0.057672, 5.243432
24.196515, 0.055122, 5.011607
24.199781, 0.055122, 5.011607
24.204687, 0.057672, 5.243432
24.207176, 0.055122, 5.011607
24.209621, 0.057672, 5.243432
24.212427, 0.057672, 5.243432
24.215278, 0.055122, 5.011607
24.218376, 0.055122, 5.011607
24.221518, 0.057672, 5.243432
24.224522, 0.057672, 5.243432
24.227593, 0.057672, 5.243432
24.230527, 0.055122, 5.011607
24.233723, 0.055122, 5.011607
24.236895, 0.055122, 5.011607
24.240054, 0.057672, 5.243432
24.243047, 0.057672, 5.243432
24.245977, 0.057672, 5.243432
24.249028, 0.057672, 5.243432
24.252197, 0.057672, 5.243432
24.255213, 0.055122, 5.011607
24.258143, 0.055122, 5.011607
24.261037, 0.057672, 5.243432
24.264205, 0.055122, 5.011607
24.267374, 0.057672, 5.243432
24.270627, 0.055122, 5.011607
24.273878, 0.055122, 5.011607
24.276967, 0.055122, 5.011607
24.280026, 0.055122, 5.011607
24.283785, 0.057672, 5.243432
24.287082, 0.057672, 5.243432
24.290224, 0.055122, 5.011607
24.293360, 0.057672, 5.243432
24.296412, 0.055122, 5.011607
24.299445, 0.057672, 5.243432
24.303256, 0.057672, 5.243432
24.305752, 0.057672, 5.243432
24.308215, 0.055122, 5.011607
24.310800, 0.055122, 5.011607
24.313619, 0.055122, 5.011607
24.316456, 0.055122, 5.011607
24.319467, 0.055122, 5.011607
24.322441, 0.057672, 5.243432
24.325685, 0.057672, 5.243432
24.328723, 0.055122, 5.011607
24.331763, 0.057672, 5.243432
24.334926, 0.055122, 5.011607
24.338088, 0.055122, 5.011607
24.341128, 0.057672, 5.243432
24.344217, 0.055122, 5.011607
24.347342, 0.057672, 5.243432
24.350524, 0.057672, 5.243432
24.353647, 0.057672, 5.243432
24.357138, 0.055122, 5.011607
24.359707, 0.057672, 5.243432
24.362113, 0.057672, 5.243432
24.364561, 0.057672, 5.243432
24.367200, 0.055122, 5.011607
24.369922, 0.055122, 5.011607
24.372706, 0.055122, 5.011607
24.375561, 0.055122, 5.011607
24.378421, 0.055122, 5.011607
24.381403, 0.055122, 5.011607
24.384537, 0.055122, 5.011607
24.387704, 0.057672, 5.243432
24.391194, 0.055122, 5.011607
24.394384, 0.055122, 5.011607
24.397462, 0.055122, 5.011607
24.400848, 0.057672, 5.243432
24.403999, 0.057672, 5.243432
24.407348, 0.057672, 5.243432
24.410215, 0.055122, 5.011607
24.413355, 0.057672, 5.243432
24.416192, 0.057672, 5.243432
24.419256, 0.057672, 5.243432
24.422278, 0.057672, 5.243432
24.425347, 0.055122, 5.011607
24.429039, 0.057672, 5.243432
24.431359, 0.057672, 5.243432
24.434700, 0.057672, 5.243432
24.439784, 0.057672, 5.243432
24.443260, 0.057672, 5.243432
24.445902, 0.055122, 5.011607
24.448279, 0.055122, 5.011607
24.451014, 0.055122, 5.011607
24.453706, 0.055122, 5.011607
24.457013, 0.057672, 5.243432
24.459394, 0.057672, 5.243432
24.461912, 0.055122, 5.011607
24.464485, 0.055122, 5.011607
24.468106, 0.057672, 5.243432
24.470684, 0.057672, 5.243432
24.472829, 0.055122, 5.011607
24.475244, 0.055122, 5.011607
24.478156, 0.055122, 5.011607
24.481105, 0.057672, 5.243432
24.484227, 0.057672, 5.243432
24.486342, 0.057672, 5.243432
24.488786, 0.057672, 5.243432
24.491069, 0.055122, 5.011607
24.494659, 0.057672, 5.243432
24.498959, 0.057672, 5.243432
24.502637, 0.057672, 5.243432
24.505632, 0.057672, 5.243432
24.508030, 0.057672, 5.243432
24.510584, 0.055122, 5.011607
24.513233, 0.055122, 5.011607
24.516195, 0.057672, 5.243432
24.519012, 0.057672, 5.243432
24.521528, 0.055122, 5.011607
24.524756, 0.055122, 5.011607
24.528236, 0.055122, 5.011607
24.530869, 0.057672, 5.243432
24.534521, 0.057672, 5.243432
24.536676, 0.057672, 5.243432
24.539125, 0.057672, 5.243432
24.541910, 0.057672, 5.243432
24.545444, 0.057672, 5.243432
24.547891, 0.055122, 5.011607
24.550985, 0.055122, 5.011607
24.554683, 0.055122, 5.011607
24.557759, 0.055122, 5.011607
24.560129, 0.055122, 5.011607
24.562627, 0.055122, 5.011607
24.566370, 0.057672, 5.243432
24.568903, 0.055122, 5.011607
24.571509, 0.057672, 5.243432
24.574613, 0.055122, 5.011607
24.577969, 0.055122, 5.011607
24.580739, 0.057672, 5.243432
24.584154, 0.055122, 5.011607
24.586684, 0.057672, 5.243432
24.589227, 0.057672, 5.243432
24.591830, 0.055122, 5.011607
24.594992, 0.057672, 5.243432
24.597527, 0.055122, 5.011607
24.599946, 0.057672, 5.243432
24.602460, 0.057672, 5.243432
24.605481, 0.055122, 5.011607
24.608061, 0.055122, 5.011607
24.610543, 0.057672, 5.243432
24.613231, 0.055122, 5.011607
24.616708, 0.055122, 5.011607
24.619330, 0.055122, 5.011607
24.621886, 0.055122, 5.011607
24.624536, 0.057672, 5.243432
24.628024, 0.055122, 5.011607
24.630389, 0.057672, 5.243432
24.633606, 0.057672, 5.243432
24.636542, 0.057672, 5.243432
24.639054, 0.057672, 5.243432
24.641888, 0.055122, 5.011607
24.644855, 0.057672, 5.243432
24.647793, 0.055122, 5.011607
24.652016, 0.055122, 5.011607
24.654473, 0.055122, 5.011607
24.657839, 0.057672, 5.243432
24.660203, 0.055122, 5.011607
24.662647, 0.055122, 5.011607
24.665651, 0.055122, 5.011607
24.669985, 0.055122, 5.011607
24.672944, 0.055122, 5.011607
24.675466, 0.055122, 5.011607
24.678854, 0.057672, 5.243432
24.681244, 0.055122, 5.011607
24.684127, 0.057672, 5.243432
24.686305, 0.055122, 5.011607
24.690170, 0.057672, 5.243432
24.693192, 0.057672, 5.243432
24.695586, 0.057672, 5.243432
24.698770, 0.057672, 5.243432
24.701668, 0.055122, 5.011607
24.703781, 0.057672, 5.243432
24.706382, 0.055122, 5.011607
24.710207, 0.055122, 5.011607
24.713838, 0.055122, 5.011607
24.717919, 0.057672, 5.243432
24.720831, 0.057672, 5.243432
24.723841, 0.057672, 5.243432
24.726341, 0.055122, 5.011607
24.728841, 0.057672, 5.243432
24.731549, 0.057672, 5.243432
24.735631, 0.057672, 5.243432
24.738026, 0.057672, 5.243432
24.740484, 0.057672, 5.243432
24.743250, 0.055122, 5.011607
24.746244, 0.057672, 5.243432
24.749675, 0.055122, 5.011607
24.752018, 0.057672, 5.243432
24.754691, 0.055122, 5.011607
24.757368, 0.055122, 5.011607
24.760759, 0.057672, 5.243432
24.763398, 0.057672, 5.243432
24.766297, 0.055122, 5.011607
24.768971, 0.055122, 5.011607
24.771636, 0.057672, 5.243432
24.774471, 0.055122, 5.011607
24.777469, 0.055122, 5.011607
24.780512, 0.055122, 5.011607
24.784088, 0.055122, 5.011607
24.786836, 0.057672, 5.243432
24.789063, 0.055122, 5.011607
24.792824, 0.055122, 5.011607
24.796879, 0.057672, 5.243432
24.801203, 0.057672, 5.243432
24.804493, 0.055122, 5.011607
24.806959, 0.055122, 5.011607
24.809287, 0.055122, 5.011607
24.812038, 0.057672, 5.243432
24.814828, 0.055122, 5.011607
24.818600, 0.057672, 5.243432
24.821422, 0.055122, 5.011607
24.825216, 0.055122, 5.011607
24.829370, 0.055122, 5.011607
24.833519, 0.057672, 5.243432
24.836719, 0.055122, 5.011607
24.842964, 0.057672, 5.243432
24.848723, 0.057672, 5.243432
24.853048, 0.057672, 5.243432
24.857361, 0.055122, 5.011607
24.861435, 0.057672, 5.243432
24.865538, 0.055122, 5.011607
24.869393, 0.055122, 5.011607
24.873382, 0.057672, 5.243432
24.879835, 0.055122, 5.011607
24.883950, 0.057672, 5.243432
24.886635, 0.055122, 5.011607
24.889572, 0.055122, 5.011607
24.892371, 0.057672, 5.243432
24.895279, 0.057672, 5.243432
24.897970, 0.055122, 5.011607
24.901273, 0.055122, 5.011607
24.906297, 0.055122, 5.011607
24.911262, 0.057672, 5.243432
24.916080, 0.057672, 5.243432
24.919870, 0.057672, 5.243432
24.923338, 0.057672, 5.243432
24.926787, 0.055122, 5.011607
24.930175, 0.055122, 5.011607
24.933678, 0.057672, 5.243432
24.937402, 0.057672, 5.243432
24.941195, 0.057672, 5.243432
24.945222, 0.055122, 5.011607
24.949455, 0.055122, 5.011607
24.952881, 0.055122, 5.011607
24.956071, 0.057672, 5.243432
24.958751, 0.057672, 5.243432
24.961453, 0.055122, 5.011607
24.964391, 0.057672, 5.243432
24.968131, 0.057672, 5.243432
24.971130, 0.057672, 5.243432
24.974079, 0.055122, 5.011607
24.976923, 0.057672, 5.243432
24.979463, 0.057672, 5.243432
24.981995, 0.057672, 5.243432
24.985815, 0.055122, 5.011607
24.988752, 0.055122, 5.011607
24.991588, 0.057672, 5.243432
24.994422, 0.055122, 5.011607
24.997388, 0.055122, 5.011607
25.001300, 0.055122, 5.011607
25.003771, 0.057672, 5.243432
25.006307, 0.055122, 5.011607
25.009013, 0.055122, 5.011607
25.012243, 0.055122, 5.011607
25.015398, 0.055122, 5.011607
25.018445, 0.055122, 5.011607
25.021061, 0.055122, 5.011607
25.025149, 0.057672, 5.243432
25.028119, 0.055122, 5.011607
25.031167, 0.057672, 5.243432
25.034235, 0.055122, 5.011607
25.037683, 0.057672, 5.243432
25.041010, 0.055122, 5.011607
25.044292, 0.055122, 5.011607
25.047653, 0.057672, 5.243432
25.050842, 0.057672, 5.243432
25.054092, 0.055122, 5.011607
25.057587, 0.057672, 5.243432
25.060732, 0.055122, 5.011607
25.063910, 0.055122, 5.011607
25.067215, 0.057672, 5.243432
25.070325, 0.055122, 5.011607
25.073420, 0.055122, 5.011607
25.076402, 0.057672, 5.243432
25.079333, 0.055122, 5.011607
25.082614, 0.055122, 5.011607
25.084904, 0.055122, 5.011607
25.087335, 0.057672, 5.243432
25.090217, 0.055122, 5.011607
25.092452, 0.057672, 5.243432
25.095051, 0.057672, 5.243432
25.098085, 0.055122, 5.011607
25.101753, 0.055122, 5.011607
25.104256, 0.055122, 5.011607
25.106799, 0.057672, 5.243432
25.111207, 0.057672, 5.243432
25.113925, 0.057672, 5.243432
25.117050, 0.055122, 5.011607
25.119735, 0.057672, 5.243432
25.122682, 0.055122, 5.011607
25.125377, 0.057672, 5.243432
25.128401, 0.057672, 5.243432
25.131604, 0.055122, 5.011607
25.134510, 0.055122, 5.011607
25.136701, 0.055122, 5.011607
25.140367, 0.055122, 5.011607
25.143919, 0.057672, 5.243432
25.146587, 0.055122, 5.011607
25.149181, 0.055122, 5.011607
25.151542, 0.057672, 5.243432
25.153954, 0.057672, 5.243432
25.156651, 0.057672, 5.243432
25.160336, 0.055122, 5.011607
25.162782, 0.055122, 5.011607
25.165431, 0.055122, 5.011607
25.170278, 0.057672, 5.243432
25.174297, 0.057672, 5.243432
25.177891, 0.057672, 5.243432
25.181510, 0.057672, 5.243432
25.184452, 0.057672, 5.243432
25.186599, 0.055122, 5.011607
25.189568, 0.055122, 5.011607
25.192046, 0.055122, 5.011607
25.194715, 0.057672, 5.243432
25.197418, 0.057672, 5.243432
25.201531, 0.055122, 5.011607
25.204057, 0.055122, 5.011607
25.206576, 0.055122, 5.011607
25.209566, 0.057672, 5.243432
25.212413, 0.055122, 5.011607
25.215495, 0.055122, 5.011607
25.218586, 0.055122, 5.011607
25.221231, 0.055122, 5.011607
25.223610, 0.055122, 5.011607
25.226010, 0.057672, 5.243432
25.228650, 0.055122, 5.011607
25.231793, 0.055122, 5.011607
25.235712, 0.055122, 5.011607
25.238496, 0.055122, 5.011607
25.242062, 0.057672, 5.243432
25.244343, 0.055122, 5.011607
25.246769, 0.055122, 5.011607
25.249831, 0.057672, 5.243432
25.252741, 0.055122, 5.011607
25.255806, 0.057672, 5.243432
25.258723, 0.057672, 5.243432
25.262507, 0.055122, 5.011607
25.265064, 0.057672, 5.243432
25.268482, 0.057672, 5.243432
25.273605, 0.055122, 5.011607
25.278743, 0.057672, 5.243432
25.282341, 0.055122, 5.011607
25.287044, 0.055122, 5.011607
25.289695, 0.055122, 5.011607
25.292033, 0.055122, 5.011607
25.294241, 0.055122, 5.011607
25.296648, 0.057672, 5.243432
25.299480, 0.055122, 5.011607
25.302318, 0.055122, 5.011607
25.305154, 0.057672, 5.243432
25.308017, 0.055122, 5.011607
25.310423, 0.055122, 5.011607
25.312768, 0.055122, 5.011607
25.314955, 0.055122, 5.011607
25.317388, 0.057672, 5.243432
25.319698, 0.055122, 5.011607
25.322960, 0.055122, 5.011607
25.326396, 0.055122, 5.011607
25.329402, 0.057672, 5.243432
25.331926, 0.057672, 5.243432
25.335165, 0.055122, 5.011607
25.339261, 0.055122, 5.011607
25.343260, 0.057672, 5.243432
25.347101, 0.057672, 5.243432
25.350522, 0.055122, 5.011607
25.354288, 0.057672, 5.243432
25.357779, 0.055122, 5.011607
25.361122, 0.055122, 5.011607
25.364445, 0.055122, 5.011607
25.368149, 0.057672, 5.243432
25.370897, 0.057672, 5.243432
25.373705, 0.057672, 5.243432
25.376596, 0.057672, 5.243432
25.379429, 0.055122, 5.011607
25.382282, 0.055122, 5.011607
25.385780, 0.055122, 5.011607
25.388691, 0.057672, 5.243432
25.390930, 0.057672, 5.243432
25.393604, 0.055122, 5.011607
25.396599, 0.055122, 5.011607
25.399725, 0.055122, 5.011607
25.402865, 0.055122, 5.011607
25.406147, 0.057672, 5.243432
25.409417, 0.055122, 5.011607
25.412669, 0.055122, 5.011607
25.415880, 0.057672, 5.243432
25.419711, 0.055122, 5.011607
25.422255, 0.055122, 5.011607
25.424844, 0.057672, 5.243432
25.428218, 0.055122, 5.011607
25.430985, 0.057672, 5.243432
25.433528, 0.055122, 5.011607
25.435837, 0.055122, 5.011607
25.438269, 0.057672, 5.243432
25.440816, 0.057672, 5.243432
25.443642, 0.055122, 5.011607
25.446714, 0.057672, 5.243432
25.449938, 0.057672, 5.243432
25.453211, 0.057672, 5.243432
25.456454, 0.055122, 5.011607
25.459935, 0.055122, 5.011607
25.463268, 0.055122, 5.011607
25.466518, 0.057672, 5.243432
25.469810, 0.057672, 5.243432
25.473094, 0.055122, 5.011607
25.476262, 0.057672, 5.243432
25.479363, 0.057672, 5.243432
25.482465, 0.057672, 5.243432
25.485867, 0.055122, 5.011607
25.489181, 0.055122, 5.011607
25.491925, 0.055122, 5.011607
25.494787, 0.057672, 5.243432
25.497617, 0.055122, 5.011607
25.501106, 0.055122, 5.011607
25.503906, 0.055122, 5.011607
25.506823, 0.057672, 5.243432
25.509626, 0.055122, 5.011607
25.512397, 0.055122, 5.011607
25.516479, 0.057672, 5.243432
25.520236, 0.055122, 5.011607
25.522961, 0.057672, 5.243432
25.525570, 0.057672, 5.243432
25.528536, 0.055122, 5.011607
25.532603, 0.057672, 5.243432
25.534965, 0.057672, 5.243432
25.537204, 0.055122, 5.011607
25.539860, 0.057672, 5.243432
25.542753, 0.055122, 5.011607
25.546064, 0.057672, 5.243432
25.548675, 0.055122, 5.011607
25.551057, 0.055122, 5.011607
25.553283, 0.055122, 5.011607
25.555614, 0.057672, 5.243432
25.558366, 0.057672, 5.243432
25.561802, 0.057672, 5.243432
25.564264, 0.055122, 5.011607
25.567001, 0.057672, 5.243432
25.570402, 0.057672, 5.243432
25.573195, 0.055122, 5.011607
25.575614, 0.057672, 5.243432
25.578326, 0.055122, 5.011607
25.581247, 0.055122, 5.011607
25.584331, 0.055122, 5.011607
25.587404, 0.055122, 5.011607
25.591336, 0.055122, 5.011607
25.593901, 0.055122, 5.011607
25.596539, 0.055122, 5.011607
25.599770, 0.055122, 5.011607
25.602655, 0.055122, 5.011607
25.605110, 0.055122, 5.011607
25.607774, 0.055122, 5.011607
25.611433, 0.055122, 5.011607
25.613909, 0.057672, 5.243432
25.616419, 0.055122, 5.011607
25.620734, 0.055122, 5.011607
25.623874, 0.057672, 5.243432
25.626451, 0.055122, 5.011607
25.629719, 0.055122, 5.011607
25.632096, 0.057672, 5.243432
25.635031, 0.057672, 5.243432
25.637890, 0.055122, 5.011607
25.641510, 0.055122, 5.011607
25.643733, 0.055122, 5.011607
25.646215, 0.057672, 5.243432
25.648936, 0.055122, 5.011607
25.651294, 0.057672, 5.243432
25.653988, 0.055122, 5.011607
25.656645, 0.055122, 5.011607
25.659651, 0.055122, 5.011607
25.662009, 0.055122, 5.011607
25.664567, 0.057672, 5.243432
25.666857, 0.055122, 5.011607
25.670312, 0.055122, 5.011607
25.673925, 0.055122, 5.011607
25.676619, 0.055122, 5.011607
25.679070, 0.057672, 5.243432
25.681613, 0.055122, 5.011607
25.684853, 0.055122, 5.011607
25.688095, 0.055122, 5.011607
25.691270, 0.055122, 5.011607
25.693439, 0.055122, 5.011607
25.695939, 0.057672, 5.243432
25.699231, 0.055122, 5.011607
25.702146, 0.055122, 5.011607
25.704730, 0.057672, 5.243432
25.707366, 0.055122, 5.011607
25.710425, 0.055122, 5.011607
25.713436, 0.055122, 5.011607
25.716232, 0.057672, 5.243432
25.720585, 0.055122, 5.011607
25.724491, 0.055122, 5.011607
25.727943, 0.055122, 5.011607
25.731657, 0.055122, 5.011607
25.736557, 0.055122, 5.011607
25.740884, 0.055122, 5.011607
25.744642, 0.057672, 5.243432
25.748247, 0.055122, 5.011607
25.751145, 0.055122, 5.011607
25.753871, 0.057672, 5.243432
25.756275, 0.057672, 5.243432
25.758760, 0.057672, 5.243432
25.761627, 0.055122, 5.011607
25.765087, 0.057672, 5.243432
25.768553, 0.057672, 5.243432
25.771895, 0.055122, 5.011607
25.775129, 0.055122, 5.011607
25.778243, 0.055122, 5.011607
25.782265, 0.057672, 5.243432
25.785539, 0.055122, 5.011607
25.788746, 0.055122, 5.011607
25.792551, 0.055122, 5.011607
25.795634, 0.055122, 5.011607
25.797620, 0.055122, 5.011607
25.800005, 0.055122, 5.011607
25.802801, 0.057672, 5.243432
25.805533, 0.057672, 5.243432
25.808274, 0.057672, 5.243432
25.811235, 0.055122, 5.011607
25.813944, 0.055122, 5.011607
25.816399, 0.055122, 5.011607
25.819227, 0.055122, 5.011607
25.821998, 0.057672, 5.243432
25.824985, 0.055122, 5.011607
25.827848, 0.055122, 5.011607
25.831338, 0.055122, 5.011607
25.833836, 0.057672, 5.243432
25.836379, 0.055122, 5.011607
25.839002, 0.055122, 5.011607
25.842065, 0.057672, 5.243432
25.845344, 0.055122, 5.011607
25.848694, 0.055122, 5.011607
25.852432, 0.055122, 5.011607
25.855960, 0.055122, 5.011607
25.859443, 0.055122, 5.011607
25.862801, 0.057672, 5.243432
25.866420, 0.055122, 5.011607
25.869930, 0.055122, 5.011607
25.873274, 0.055122, 5.011607
25.876495, 0.057672, 5.243432
25.879777, 0.055122, 5.011607
25.883019, 0.055122, 5.011607
25.886208, 0.055122, 5.011607
25.889290, 0.057672, 5.243432
25.892503, 0.055122, 5.011607
25.895547, 0.055122, 5.011607
25.898839, 0.055122, 5.011607
25.902290, 0.055122, 5.011607
25.905656, 0.057672, 5.243432
25.908966, 0.055122, 5.011607
25.912388, 0.055122, 5.011607
25.915560, 0.057672, 5.243432
25.918895, 0.055122, 5.011607
25.922133, 0.055122, 5.011607
25.925174, 0.055122, 5.011607
25.928462, 0.057672, 5.243432
25.931414, 0.057672, 5.243432
25.934278, 0.055122, 5.011607
25.937399, 0.055122, 5.011607
25.940314, 0.055122, 5.011607
25.943129, 0.057672, 5.243432
25.946083, 0.055122, 5.011607
25.948978, 0.057672, 5.243432
25.952433, 0.057672, 5.243432
25.955873, 0.055122, 5.011607
25.959275, 0.057672, 5.243432
25.962662, 0.055122, 5.011607
25.966121, 0.057672, 5.243432
25.969507, 0.055122, 5.011607
25.972640, 0.055122, 5.011607
25.975687, 0.057672, 5.243432
25.979765, 0.055122, 5.011607
25.982798, 0.057672, 5.243432
25.985785, 0.055122, 5.011607
25.989019, 0.057672, 5.243432
25.991877, 0.057672, 5.243432
25.994768, 0.057672, 5.243432
25.998329, 0.055122, 5.011607
26.001357, 0.057672, 5.243432
26.004238, 0.057672, 5.243432
26.007295, 0.055122, 5.011607
26.010725, 0.057672, 5.243432
26.014335, 0.057672, 5.243432
26.017992, 0.055122, 5.011607
26.021379, 0.055122, 5.011607
26.024585, 0.057672, 5.243432
26.028361, 0.057672, 5.243432
26.031024, 0.055122, 5.011607
26.033725, 0.055122, 5.011607
26.036826, 0.055122, 5.011607
26.040590, 0.055122, 5.011607
26.044004, 0.055122, 5.011607
26.047538, 0.055122, 5.011607
26.051387, 0.055122, 5.011607
26.055202, 0.055122, 5.011607
26.059355, 0.055122, 5.011607
26.063439, 0.055122, 5.011607
26.067483, 0.055122, 5.011607
26.071437, 0.055122, 5.011607
26.075181, 0.055122, 5.011607
26.078672, 0.055122, 5.011607
26.082044, 0.055122, 5.011607
26.085451, 0.055122, 5.011607
26.088991, 0.055122, 5.011607
26.092294, 0.057672, 5.243432
26.095483, 0.057672, 5.243432
26.099585, 0.057672, 5.243432
26.102572, 0.055122, 5.011607
26.104825, 0.055122, 5.011607
26.107888, 0.057672, 5.243432
26.110759, 0.055122, 5.011607
26.113205, 0.055122, 5.011607
26.116407, 0.055122, 5.011607
26.119723, 0.055122, 5.011607
26.122466, 0.057672, 5.243432
26.125207, 0.055122, 5.011607
26.128678, 0.055122, 5.011607
26.131428, 0.057672, 5.243432
26.135239, 0.057672, 5.243432
26.141378, 0.055122, 5.011607
26.145247, 0.057672, 5.243432
26.148882, 0.055122, 5.011607
26.151793, 0.055122, 5.011607
26.154728, 0.055122, 5.011607
26.157763, 0.055122, 5.011607
26.160899, 0.055122, 5.011607
26.163989, 0.055122, 5.011607
26.167226, 0.055122, 5.011607
26.170533, 0.057672, 5.243432
26.173858, 0.055122, 5.011607
26.177035, 0.055122, 5.011607
26.180365, 0.055122, 5.011607
26.184041, 0.055122, 5.011607
26.187200, 0.055122, 5.011607
26.190403, 0.055122, 5.011607
26.193393, 0.057672, 5.243432
26.196427, 0.055122, 5.011607
26.199776, 0.055122, 5.011607
26.203631, 0.055122, 5.011607
26.206480, 0.055122, 5.011607
26.209277, 0.057672, 5.243432
26.212260, 0.055122, 5.011607
26.215145, 0.055122, 5.011607
26.218084, 0.055122, 5.011607
26.221129, 0.055122, 5.011607
26.223997, 0.055122, 5.011607
26.226945, 0.055122, 5.011607
26.229904, 0.055122, 5.011607
26.232871, 0.055122, 5.011607
26.235918, 0.055122, 5.011607
26.239007, 0.055122, 5.011607
26.242877, 0.057672, 5.243432
26.245620, 0.057672, 5.243432
26.248304, 0.055122, 5.011607
26.252931, 0.057672, 5.243432
26.255602, 0.055122, 5.011607
26.258330, 0.055122, 5.011607
26.261019, 0.055122, 5.011607
26.263593, 0.055122, 5.011607
26.266330, 0.057672, 5.243432
26.269177, 0.057672, 5.243432
26.272671, 0.055122, 5.011607
26.275666, 0.057672, 5.243432
26.278539, 0.055122, 5.011607
26.282472, 0.057672, 5.243432
26.286008, 0.055122, 5.011607
26.288271, 0.057672, 5.243432
26.290935, 0.057672, 5.243432
26.293932, 0.057672, 5.243432
26.297430, 0.055122, 5.011607
26.301071, 0.057672, 5.243432
26.304286, 0.055122, 5.011607
26.307838, 0.055122, 5.011607
26.311456, 0.055122, 5.011607
26.314829, 0.055122, 5.011607
26.318120, 0.057672, 5.243432
26.321509, 0.055122, 5.011607
26.324954, 0.057672, 5.243432
26.328351, 0.055122, 5.011607
26.331683, 0.055122, 5.011607
26.334974, 0.057672, 5.243432
26.338143, 0.057672, 5.243432
26.341450, 0.055122, 5.011607
26.344503, 0.055122, 5.011607
26.347440, 0.055122, 5.011607
26.350489, 0.055122, 5.011607
26.353498, 0.055122, 5.011607
26.356547, 0.057672, 5.243432
26.359698, 0.055122, 5.011607
26.362903, 0.057672, 5.243432
26.366454, 0.055122, 5.011607
26.369458, 0.055122, 5.011607
26.372529, 0.057672, 5.243432
26.375477, 0.057672, 5.243432
26.378425, 0.055122, 5.011607
26.381452, 0.057672, 5.243432
26.384414, 0.057672, 5.243432
26.387413, 0.055122, 5.011607
26.390880, 0.055122, 5.011607
26.394274, 0.057672, 5.243432
26.397353, 0.057672, 5.243432
26.401022, 0.055122, 5.011607
26.403602, 0.055122, 5.011607
26.406119, 0.055122, 5.011607
26.408846, 0.055122, 5.011607
26.411707, 0.057672, 5.243432
26.414822, 0.057672, 5.243432
26.418186, 0.057672, 5.243432
26.421606, 0.055122, 5.011607
26.424776, 0.055122, 5.011607
26.428082, 0.057672, 5.243432
26.431321, 0.055122, 5.011607
26.434706, 0.055122, 5.011607
26.438031, 0.057672, 5.243432
26.441254, 0.057672, 5.243432
26.444372, 0.055122, 5.011607
26.447483, 0.055122, 5.011607
26.450717, 0.055122, 5.011607
26.454542, 0.055122, 5.011607
26.456640, 0.055122, 5.011607
26.458942, 0.055122, 5.011607
26.461857, 0.055122, 5.011607
26.464566, 0.057672, 5.243432
26.467430, 0.055122, 5.011607
26.470317, 0.057672, 5.243432
26.474263, 0.055122, 5.011607
26.477187, 0.057672, 5.243432
26.480095, 0.055122, 5.011607
26.483218, 0.055122, 5.011607
26.486142, 0.055122, 5.011607
26.489014, 0.057672, 5.243432
26.492416, 0.055122, 5.011607
26.495735, 0.055122, 5.011607
26.498373, 0.055122, 5.011607
26.502351, 0.055122, 5.011607
26.505071, 0.055122, 5.011607
26.507928, 0.055122, 5.011607
26.510543, 0.055122, 5.011607
26.514094, 0.055122, 5.011607
26.516467, 0.055122, 5.011607
26.518679, 0.055122, 5.011607
26.521228, 0.055122, 5.011607
26.525812, 0.055122, 5.011607
26.528405, 0.055122, 5.011607
26.531230, 0.055122, 5.011607
26.534647, 0.055122, 5.011607
26.537684, 0.057672, 5.243432
26.542372, 0.055122, 5.011607
26.546345, 0.057672, 5.243432
26.550419, 0.057672, 5.243432
26.553910, 0.057672, 5.243432
26.556360, 0.055122, 5.011607
26.558504, 0.055122, 5.011607
26.560872, 0.055122, 5.011607
26.563487, 0.055122, 5.011607
26.566152, 0.055122, 5.011607
26.568871, 0.057672, 5.243432
26.572036, 0.057672, 5.243432
26.574443, 0.055122, 5.011607
26.576942, 0.057672, 5.243432
26.579660, 0.057672, 5.243432
26.582939, 0.055122, 5.011607
26.586424, 0.057672, 5.243432
26.589767, 0.057672, 5.243432
26.593128, 0.057672, 5.243432
26.596287, 0.055122, 5.011607
26.600082, 0.055122, 5.011607
26.602766, 0.055122, 5.011607
26.605165, 0.055122, 5.011607
26.607513, 0.057672, 5.243432
26.610045, 0.057672, 5.243432
26.612865, 0.055122, 5.011607
26.615712, 0.055122, 5.011607
26.619225, 0.055122, 5.011607
26.621923, 0.057672, 5.243432
26.624585, 0.057672, 5.243432
26.627512, 0.055122, 5.011607
26.630337, 0.057672, 5.243432
26.633670, 0.057672, 5.243432
26.635791, 0.057672, 5.243432
26.639062, 0.057672, 5.243432
26.641114, 0.057672, 5.243432
26.643749, 0.055122, 5.011607
26.646676, 0.057672, 5.243432
26.650349, 0.055122, 5.011607
26.652984, 0.057672, 5.243432
26.655528, 0.055122, 5.011607
26.658479, 0.055122, 5.011607
26.661224, 0.055122, 5.011607
26.664126, 0.055122, 5.011607
26.668277, 0.055122, 5.011607
26.670664, 0.057672, 5.243432
26.673047, 0.057672, 5.243432
26.675569, 0.055122, 5.011607
26.679426, 0.057672, 5.243432
26.682519, 0.055122, 5.011607
26.684680, 0.055122, 5.011607
26.686918, 0.055122, 5.011607
26.689295, 0.055122, 5.011607
26.691907, 0.057672, 5.243432
26.694934, 0.055122, 5.011607
26.698760, 0.057672, 5.243432
26.701021, 0.055122, 5.011607
26.703301, 0.057672, 5.243432
26.705965, 0.055122, 5.011607
26.709193, 0.055122, 5.011607
26.712256, 0.057672, 5.243432
26.715297, 0.055122, 5.011607
26.719093, 0.057672, 5.243432
26.722380, 0.055122, 5.011607
26.725573, 0.055122, 5.011607
26.729354, 0.055122, 5.011607
26.731794, 0.057672, 5.243432
26.736781, 0.055122, 5.011607
26.740149, 0.055122, 5.011607
26.742470, 0.057672, 5.243432
26.744743, 0.055122, 5.011607
26.747290, 0.057672, 5.243432
26.750164, 0.055122, 5.011607
26.753251, 0.055122, 5.011607
26.756611, 0.055122, 5.011607
26.759701, 0.055122, 5.011607
26.762010, 0.055122, 5.011607
26.764493, 0.055122, 5.011607
26.767957, 0.055122, 5.011607
26.770441, 0.055122, 5.011607
26.773084, 0.055122, 5.011607
26.775683, 0.057672, 5.243432
26.779268, 0.055122, 5.011607
26.781614, 0.055122, 5.011607
26.784242, 0.055122, 5.011607
26.787021, 0.055122, 5.011607
26.789927, 0.055122, 5.011607
26.792758, 0.057672, 5.243432
26.795615, 0.055122, 5.011607
26.798663, 0.055122, 5.011607
26.802295, 0.055122, 5.011607
26.804744, 0.055122, 5.011607
26.807806, 0.055122, 5.011607
26.810555, 0.057672, 5.243432
26.812918, 0.055122, 5.011607
26.815803, 0.055122, 5.011607
26.819608, 0.055122, 5.011607
26.822522, 0.057672, 5.243432
26.824877, 0.055122, 5.011607
26.827925, 0.055122, 5.011607
26.831163, 0.055122, 5.011607
26.833952, 0.057672, 5.243432
26.836413, 0.055122, 5.011607
26.839212, 0.055122, 5.011607
26.841782, 0.055122, 5.011607
26.844535, 0.055122, 5.011607
26.847770, 0.055122, 5.011607
26.851165, 0.057672, 5.243432
26.853324, 0.057672, 5.243432
26.855742, 0.055122, 5.011607
26.858748, 0.055122, 5.011607
26.861590, 0.057672, 5.243432
26.864434, 0.055122, 5.011607
26.867723, 0.055122, 5.011607
26.870276, 0.055122, 5.011607
26.872830, 0.055122, 5.011607
26.875554, 0.055122, 5.011607
26.879222, 0.055122, 5.011607
26.881759, 0.055122, 5.011607
26.884129, 0.055122, 5.011607
26.886550, 0.055122, 5.011607
26.889916, 0.057672, 5.243432
26.892335, 0.057672, 5.243432
26.894865, 0.055122, 5.011607
26.897446, 0.055122, 5.011607
26.900681, 0.055122, 5.011607
26.904213, 0.055122, 5.011607
26.907432, 0.055122, 5.011607
26.910228, 0.055122, 5.011607
26.912867, 0.057672, 5.243432
26.915413, 0.057672, 5.243432
26.917828, 0.057672, 5.243432
26.922118, 0.055122, 5.011607
26.925467, 0.055122, 5.011607
26.928273, 0.055122, 5.011607
26.930945, 0.057672, 5.243432
26.933744, 0.057672, 5.243432
26.936591, 0.055122, 5.011607
26.939740, 0.057672, 5.243432
26.942706, 0.057672, 5.243432
26.945775, 0.055122, 5.011607
26.948791, 0.055122, 5.011607
26.952041, 0.055122, 5.011607
26.955181, 0.055122, 5.011607
26.958825, 0.055122, 5.011607
26.961706, 0.055122, 5.011607
26.964574, 0.055122, 5.011607
26.967457, 0.055122, 5.011607
26.970491, 0.055122, 5.011607
26.973421, 0.057672, 5.243432
26.976355, 0.057672, 5.243432
26.979500, 0.055122, 5.011607
26.982462, 0.055122, 5.011607
26.985422, 0.055122, 5.011607
26.988459, 0.055122, 5.011607
26.991398, 0.055122, 5.011607
26.994690, 0.055122, 5.011607
26.997109, 0.055122, 5.011607
26.999676, 0.055122, 5.011607
27.002462, 0.055122, 5.011607
27.005485, 0.055122, 5.011607
27.008757, 0.055122, 5.011607
27.012698, 0.055122, 5.011607
27.016727, 0.055122, 5.011607
27.020507, 0.057672, 5.243432
27.024215, 0.057672, 5.243432
27.027384, 0.057672, 5.243432
27.030578, 0.057672, 5.243432
27.033614, 0.057672, 5.243432
27.036756, 0.057672, 5.243432
27.040031, 0.055122, 5.011607
27.043057, 0.055122, 5.011607
27.046031, 0.057672, 5.243432
27.049215, 0.055122, 5.011607
27.052033, 0.057672, 5.243432
27.054597, 0.055122, 5.011607
27.057156, 0.055122, 5.011607
27.060218, 0.057672, 5.243432
27.063070, 0.055122, 5.011607
27.066160, 0.055122, 5.011607
27.069503, 0.055122, 5.011607
27.072670, 0.057672, 5.243432
27.075674, 0.057672, 5.243432
27.078672, 0.055122, 5.011607
27.081815, 0.057672, 5.243432
27.084861, 0.057672, 5.243432
27.087952, 0.057672, 5.243432
27.091205, 0.055122, 5.011607
27.094783, 0.055122, 5.011607
27.098050, 0.055122, 5.011607
27.101378, 0.057672, 5.243432
27.104660, 0.057672, 5.243432
27.107926, 0.055122, 5.011607
27.111117, 0.057672, 5.243432
27.114437, 0.055122, 5.011607
27.118627, 0.057672, 5.243432
27.121685, 0.055122, 5.011607
27.124566, 0.055122, 5.011607
27.127510, 0.055122, 5.011607
27.130510, 0.055122, 5.011607
27.133824, 0.057672, 5.243432
27.136685, 0.055122, 5.011607
27.140940, 0.055122, 5.011607
27.143766, 0.057672, 5.243432
27.146487, 0.057672, 5.243432
27.149392, 0.057672, 5.243432
27.152559, 0.055122, 5.011607
27.155227, 0.055122, 5.011607
27.158061, 0.055122, 5.011607
27.160939, 0.055122, 5.011607
27.163840, 0.055122, 5.011607
27.167314, 0.055122, 5.011607
27.170466, 0.055122, 5.011607
27.173654, 0.057672, 5.243432
27.176726, 0.055122, 5.011607
27.179611, 0.055122, 5.011607
27.182519, 0.055122, 5.011607
27.185433, 0.057672, 5.243432
27.188882, 0.057672, 5.243432
27.190991, 0.057672, 5.243432
27.193477, 0.057672, 5.243432
27.196235, 0.055122, 5.011607
27.199706, 0.055122, 5.011607
27.203235, 0.057672, 5.243432
27.205675, 0.055122, 5.011607
27.208269, 0.055122, 5.011607
27.210930, 0.055122, 5.011607
27.213832, 0.055122, 5.011607
27.216821, 0.055122, 5.011607
27.219927, 0.055122, 5.011607
27.223240, 0.057672, 5.243432
27.226551, 0.057672, 5.243432
27.228865, 0.057672, 5.243432
27.231291, 0.055122, 5.011607
27.235051, 0.055122, 5.011607
27.238257, 0.055122, 5.011607
27.240868, 0.055122, 5.011607
27.244067, 0.055122, 5.011607
27.246607, 0.057672, 5.243432
27.249142, 0.057672, 5.243432
27.251515, 0.057672, 5.243432
27.254930, 0.057672, 5.243432
27.257322, 0.055122, 5.011607
27.259856, 0.055122, 5.011607
27.263373, 0.055122, 5.011607
27.266927, 0.055122, 5.011607
27.269490, 0.055122, 5.011607
27.271922, 0.055122, 5.011607
27.275166, 0.055122, 5.011607
27.278196, 0.055122, 5.011607
27.281211, 0.055122, 5.011607
27.285225, 0.055122, 5.011607
27.288434, 0.055122, 5.011607
27.291622, 0.055122, 5.011607
27.295000, 0.055122, 5.011607
27.298447, 0.057672, 5.243432
27.303140, 0.057672, 5.243432
27.306264, 0.055122, 5.011607
27.308698, 0.055122, 5.011607
27.311128, 0.057672, 5.243432
27.314893, 0.057672, 5.243432
27.317557, 0.055122, 5.011607
27.320366, 0.057672, 5.243432
27.322731, 0.055122, 5.011607
27.326051, 0.055122, 5.011607
27.328307, 0.055122, 5.011607
27.330985, 0.055122, 5.011607
27.334244, 0.055122, 5.011607
27.336677, 0.055122, 5.011607
27.338929, 0.057672, 5.243432
27.341462, 0.055122, 5.011607
27.344311, 0.057672, 5.243432
27.347265, 0.057672, 5.243432
27.350253, 0.055122, 5.011607
27.354079, 0.057672, 5.243432
27.356821, 0.055122, 5.011607
27.359159, 0.055122, 5.011607
27.362108, 0.055122, 5.011607
27.366494, 0.055122, 5.011607
27.368887, 0.055122, 5.011607
27.371475, 0.055122, 5.011607
27.374480, 0.057672, 5.243432
27.377997, 0.055122, 5.011607
27.381343, 0.055122, 5.011607
27.384146, 0.057672, 5.243432
27.386572, 0.057672, 5.243432
27.389045, 0.057672, 5.243432
27.391690, 0.057672, 5.243432
27.394528, 0.057672, 5.243432
27.396925, 0.057672, 5.243432
27.399358, 0.057672, 5.243432
27.401893, 0.055122, 5.011607
27.404743, 0.055122, 5.011607
27.407554, 0.055122, 5.011607
27.410058, 0.057672, 5.243432
27.412710, 0.057672, 5.243432
27.415456, 0.057672, 5.243432
27.417867, 0.057672, 5.243432
27.420521, 0.055122, 5.011607
27.423398, 0.055122, 5.011607
27.426202, 0.055122, 5.011607
27.429172, 0.057672, 5.243432
27.432168, 0.055122, 5.011607
27.435551, 0.057672, 5.243432
27.438705, 0.057672, 5.243432
27.441940, 0.055122, 5.011607
27.445153, 0.055122, 5.011607
27.448126, 0.057672, 5.243432
27.451866, 0.057672, 5.243432
27.454452, 0.055122, 5.011607
27.456978, 0.055122, 5.011607
27.459619, 0.055122, 5.011607
27.462297, 0.055122, 5.011607
27.466247, 0.055122, 5.011607
27.469480, 0.055122, 5.011607
27.472247, 0.055122, 5.011607
27.475714, 0.055122, 5.011607
27.478657, 0.057672, 5.243432
27.481607, 0.055122, 5.011607
27.484861, 0.055122, 5.011607
27.487952, 0.055122, 5.011607
27.490994, 0.055122, 5.011607
27.494556, 0.057672, 5.243432
27.497877, 0.055122, 5.011607
27.500627, 0.057672, 5.243432
27.503512, 0.055122, 5.011607
27.507451, 0.055122, 5.011607
27.510468, 0.055122, 5.011607
27.513423, 0.057672, 5.243432
27.516312, 0.055122, 5.011607
27.518493, 0.055122, 5.011607
27.521031, 0.057672, 5.243432
27.524243, 0.055122, 5.011607
27.527579, 0.055122, 5.011607
27.530825, 0.055122, 5.011607
27.534711, 0.055122, 5.011607
27.537462, 0.055122, 5.011607
27.540018, 0.055122, 5.011607
27.542882, 0.055122, 5.011607
27.545969, 0.055122, 5.011607
27.548434, 0.055122, 5.011607
27.551198, 0.057672, 5.243432
27.554012, 0.055122, 5.011607
27.557001, 0.055122, 5.011607
27.560560, 0.055122, 5.011607
27.563961, 0.057672, 5.243432
27.568129, 0.057672, 5.243432
27.571191, 0.057672, 5.243432
27.573780, 0.055122, 5.011607
27.576384, 0.055122, 5.011607
27.579374, 0.057672, 5.243432
27.582646, 0.055122, 5.011607
27.584897, 0.057672, 5.243432
27.587169, 0.055122, 5.011607
27.589743, 0.057672, 5.243432
27.592391, 0.055122, 5.011607
27.595297, 0.057672, 5.243432
27.598778, 0.055122, 5.011607
27.602011, 0.055122, 5.011607
27.604343, 0.055122, 5.011607
27.606784, 0.057672, 5.243432
27.609611, 0.057672, 5.243432
27.612466, 0.057672, 5.243432
27.615380, 0.057672, 5.243432
27.619788, 0.055122, 5.011607
27.622593, 0.055122, 5.011607
27.625171, 0.057672, 5.243432
27.627935, 0.055122, 5.011607
27.630935, 0.057672, 5.243432
27.635073, 0.055122, 5.011607
27.638721, 0.057672, 5.243432
27.642221, 0.055122, 5.011607
27.645648, 0.055122, 5.011607
27.648999, 0.055122, 5.011607
27.652789, 0.057672, 5.243432
27.655349, 0.055122, 5.011607
27.657936, 0.057672, 5.243432
27.660586, 0.055122, 5.011607
27.663400, 0.055122, 5.011607
27.667203, 0.055122, 5.011607
27.669880, 0.057672, 5.243432
27.672554, 0.055122, 5.011607
27.675269, 0.055122, 5.011607
27.678145, 0.055122, 5.011607
27.680929, 0.057672, 5.243432
27.683804, 0.055122, 5.011607
27.686851, 0.057672, 5.243432
27.689978, 0.055122, 5.011607
27.693142, 0.055122, 5.011607
27.696690, 0.057672, 5.243432
27.699205, 0.055122, 5.011607
27.701595, 0.055122, 5.011607
27.704309, 0.055122, 5.011607
27.707496, 0.055122, 5.011607
27.710456, 0.055122, 5.011607
27.713506, 0.055122, 5.011607
27.716474, 0.055122, 5.011607
27.719487, 0.055122, 5.011607
27.722529, 0.057672, 5.243432
27.725780, 0.057672, 5.243432
27.728626, 0.055122, 5.011607
27.731438, 0.057672, 5.243432
27.734290, 0.055122, 5.011607
27.737265, 0.055122, 5.011607
27.740172, 0.055122, 5.011607
27.743081, 0.057672, 5.243432
27.747342, 0.055122, 5.011607
27.751025, 0.055122, 5.011607
27.753519, 0.055122, 5.011607
27.755970, 0.055122, 5.011607
27.758501, 0.057672, 5.243432
27.761660, 0.057672, 5.243432
27.764711, 0.057672, 5.243432
27.767820, 0.055122, 5.011607
27.770343, 0.057672, 5.243432
27.772814, 0.055122, 5.011607
27.775548, 0.055122, 5.011607
27.778469, 0.055122, 5.011607
27.781198, 0.055122, 5.011607
27.784657, 0.055122, 5.011607
27.787185, 0.057672, 5.243432
27.789997, 0.055122, 5.011607
27.793290, 0.057672, 5.243432
27.796307, 0.055122, 5.011607
27.799055, 0.057672, 5.243432
27.803161, 0.055122, 5.011607
27.806018, 0.057672, 5.243432
27.809001, 0.057672, 5.243432
27.811422, 0.057672, 5.243432
27.813742, 0.055122, 5.011607
27.816042, 0.057672, 5.243432
27.818714, 0.057672, 5.243432
27.821955, 0.057672, 5.243432
27.827150, 0.055122, 5.011607
27.831163, 0.055122, 5.011607
27.834377, 0.055122, 5.011607
27.837455, 0.055122, 5.011607
27.840531, 0.055122, 5.011607
27.846149, 0.055122, 5.011607
27.850095, 0.055122, 5.011607
27.853803, 0.055122, 5.011607
27.857127, 0.055122, 5.011607
27.860471, 0.057672, 5.243432
27.863796, 0.055122, 5.011607
27.867830, 0.055122, 5.011607
27.871683, 0.057672, 5.243432
27.874584, 0.055122, 5.011607
27.877703, 0.057672, 5.243432
27.880924, 0.055122, 5.011607
27.883751, 0.055122, 5.011607
27.886941, 0.055122, 5.011607
27.890219, 0.055122, 5.011607
27.893612, 0.055122, 5.011607
27.897094, 0.057672, 5.243432
27.900469, 0.057672, 5.243432
27.904142, 0.055122, 5.011607
27.907860, 0.055122, 5.011607
27.911935, 0.055122, 5.011607
27.916159, 0.055122, 5.011607
27.922107, 0.055122, 5.011607
27.926659, 0.055122, 5.011607
27.930109, 0.055122, 5.011607
27.933908, 0.055122, 5.011607
27.937485, 0.057672, 5.243432
27.943124, 0.055122, 5.011607
27.947779, 0.057672, 5.243432
27.954548, 0.055122, 5.011607
27.958912, 0.057672, 5.243432
27.963299, 0.055122, 5.011607
27.968353, 0.057672, 5.243432
27.971310, 0.055122, 5.011607
27.974499, 0.055122, 5.011607
27.977160, 0.057672, 5.243432
27.979858, 0.055122, 5.011607
27.982789, 0.055122, 5.011607
27.987094, 0.055122, 5.011607
27.993575, 0.057672, 5.243432
27.998676, 0.057672, 5.243432
28.001141, 0.055122, 5.011607
28.005432, 0.055122, 5.011607
28.010077, 0.057672, 5.243432
28.013081, 0.055122, 5.011607
28.017375, 0.055122, 5.011607
28.022057, 0.055122, 5.011607
28.026100, 0.055122, 5.011607
28.029482, 0.057672, 5.243432
28.032641, 0.055122, 5.011607
28.035745, 0.055122, 5.011607
28.038905, 0.055122, 5.011607
28.042016, 0.057672, 5.243432
28.045201, 0.055122, 5.011607
28.048288, 0.057672, 5.243432
28.051455, 0.055122, 5.011607
28.054747, 0.055122, 5.011607
28.058015, 0.055122, 5.011607
28.061156, 0.055122, 5.011607
28.064681, 0.055122, 5.011607
28.068518, 0.055122, 5.011607
28.071599, 0.055122, 5.011607
28.074799, 0.055122, 5.011607
28.077943, 0.055122, 5.011607
28.080977, 0.055122, 5.011607
28.084394, 0.055122, 5.011607
28.087521, 0.055122, 5.011607
28.090689, 0.055122, 5.011607
28.094392, 0.055122, 5.011607
28.097826, 0.055122, 5.011607
28.100411, 0.057672, 5.243432
28.103234, 0.057672, 5.243432
28.106254, 0.055122, 5.011607
28.109207, 0.055122, 5.011607
28.112179, 0.055122, 5.011607
28.115267, 0.055122, 5.011607
28.118490, 0.055122, 5.011607
28.121776, 0.057672, 5.243432
28.124754, 0.055122, 5.011607
28.127759, 0.055122, 5.011607
28.130808, 0.055122, 5.011607
28.135292, 0.055122, 5.011607
28.137767, 0.057672, 5.243432
28.140155, 0.057672, 5.243432
28.142760, 0.057672, 5.243432
28.146413, 0.055122, 5.011607
28.149398, 0.055122, 5.011607
28.152692, 0.055122, 5.011607
28.156309, 0.057672, 5.243432
28.158883, 0.057672, 5.243432
28.161072, 0.057672, 5.243432
28.163765, 0.057672, 5.243432
28.166503, 0.055122, 5.011607
28.170901, 0.057672, 5.243432
28.174706, 0.057672, 5.243432
28.177217, 0.057672, 5.243432
28.179787, 0.057672, 5.243432
28.183691, 0.055122, 5.011607
28.186523, 0.055122, 5.011607
28.189446, 0.057672, 5.243432
28.192532, 0.055122, 5.011607
28.195516, 0.057672, 5.243432
28.198621, 0.057672, 5.243432
28.202011, 0.055122, 5.011607
28.205154, 0.055122, 5.011607
28.207807, 0.057672, 5.243432
28.210729, 0.057672, 5.243432
28.468059, 0.055122, 5.011607
28.475305, 0.055122, 5.011607
28.491302, 0.055122, 5.011607
28.522581, 0.055122, 5.011607
28.560173, 0.055122, 5.011607
28.603298, 0.055122, 5.011607
28.630909, 0.055122, 5.011607
28.666551, 0.055122, 5.011607
28.692926, 0.057672, 5.243432
28.719195, 0.055122, 5.011607
28.744756, 0.057672, 5.243432
28.778946, 0.055122, 5.011607
28.801490, 0.057672, 5.243432
28.824287, 0.055122, 5.011607
28.838272, 0.055122, 5.011607
28.843408, 0.057672, 5.243432
28.846672, 0.057672, 5.243432
28.849668, 0.057672, 5.243432
28.853266, 0.057672, 5.243432
28.863173, 0.055122, 5.011607
28.884191, 0.055122, 5.011607
28.905795, 0.055122, 5.011607
28.930693, 0.055122, 5.011607
28.966503, 0.055122, 5.011607
29.026557, 0.055122, 5.011607
29.052542, 0.055122, 5.011607
29.076805, 0.057672, 5.243432
29.084347, 0.055122, 5.011607
29.088779, 0.055122, 5.011607
29.093075, 0.055122, 5.011607
29.097511, 0.055122, 5.011607
29.100403, 0.055122, 5.011607
29.108035, 0.055122, 5.011607
29.130324, 0.057672, 5.243432
29.151491, 0.057672, 5.243432
29.178053, 0.057672, 5.243432
29.200183, 0.055122, 5.011607
29.206688, 0.055122, 5.011607
29.210872, 0.055122, 5.011607
29.213995, 0.055122, 5.011607
29.217278, 0.055122, 5.011607
29.223299, 0.055122, 5.011607
29.232130, 0.055122, 5.011607
29.244419, 0.055122, 5.011607
29.264893, 0.055122, 5.011607
29.286623, 0.057672, 5.243432
29.308890, 0.057672, 5.243432
29.330528, 0.055122, 5.011607
29.352435, 0.057672, 5.243432
29.374418, 0.057672, 5.243432
29.396460, 0.057672, 5.243432
29.406375, 0.057672, 5.243432
29.411036, 0.055122, 5.011607
29.414266, 0.055122, 5.011607
29.417666, 0.055122, 5.011607
29.425072, 0.055122, 5.011607
29.446133, 0.055122, 5.011607
29.470132, 0.055122, 5.011607
29.492999, 0.055122, 5.011607
29.516817, 0.057672, 5.243432
29.541984, 0.055122, 5.011607
29.564226, 0.055122, 5.011607
29.572876, 0.055122, 5.011607
29.576720, 0.057672, 5.243432
29.579673, 0.055122, 5.011607
29.582621, 0.055122, 5.011607
29.587261, 0.055122, 5.011607
29.607260, 0.057672, 5.243432
29.628632, 0.057672, 5.243432
29.652007, 0.055122, 5.011607
29.674160, 0.055122, 5.011607
29.681877, 0.057672, 5.243432
29.685864, 0.057672, 5.243432
29.689287, 0.055122, 5.011607
29.691935, 0.055122, 5.011607
29.694892, 0.055122, 5.011607
29.698320, 0.057672, 5.243432
29.702518, 0.055122, 5.011607
29.707647, 0.057672, 5.243432
29.713468, 0.055122, 5.011607
29.723275, 0.055122, 5.011607
29.732423, 0.055122, 5.011607
29.740555, 0.055122, 5.011607
29.748949, 0.055122, 5.011607
29.769177, 0.057672, 5.243432
29.790805, 0.057672, 5.243432
29.812680, 0.057672, 5.243432
29.834478, 0.057672, 5.243432
29.846893, 0.055122, 5.011607
29.851424, 0.057672, 5.243432
29.854468, 0.055122, 5.011607
29.857230, 0.055122, 5.011607
29.860224, 0.057672, 5.243432
29.863382, 0.057672, 5.243432
29.866713, 0.055122, 5.011607
29.870535, 0.055122, 5.011607
29.874385, 0.057672, 5.243432
29.878484, 0.055122, 5.011607
29.883324, 0.055122, 5.011607
29.887634, 0.055122, 5.011607
29.894053, 0.057672, 5.243432
29.899067, 0.055122, 5.011607
29.901331, 0.055122, 5.011607
29.906432, 0.055122, 5.011607
29.912268, 0.055122, 5.011607
29.916959, 0.055122, 5.011607
29.923072, 0.055122, 5.011607
29.929239, 0.055122, 5.011607
29.935968, 0.055122, 5.011607
29.942977, 0.055122, 5.011607
29.949074, 0.055122, 5.011607
29.955045, 0.055122, 5.011607
29.961268, 0.057672, 5.243432
29.966908, 0.055122, 5.011607
29.972508, 0.055122, 5.011607
29.977839, 0.055122, 5.011607
29.983622, 0.055122, 5.011607
29.988471, 0.057672, 5.243432
29.993315, 0.055122, 5.011607
29.997350, 0.057672, 5.243432
30.000988, 0.055122, 5.011607
30.005283, 0.055122, 5.011607
30.009371, 0.057672, 5.243432
30.013323, 0.055122, 5.011607
30.017620, 0.057672, 5.243432
30.022807, 0.055122, 5.011607
30.027807, 0.055122, 5.011607
30.032031, 0.055122, 5.011607
30.036106, 0.055122, 5.011607
30.041732, 0.057672, 5.243432
30.047361, 0.057672, 5.243432
30.049951, 0.055122, 5.011607
30.055792, 0.055122, 5.011607
30.062973, 0.057672, 5.243432
30.070430, 0.057672, 5.243432
30.076876, 0.057672, 5.243432
30.084324, 0.055122, 5.011607
30.092335, 0.055122, 5.011607
30.099522, 0.057672, 5.243432
30.106554, 0.055122, 5.011607
30.113180, 0.057672, 5.243432
30.119920, 0.057672, 5.243432
30.127590, 0.055122, 5.011607
30.133567, 0.055122, 5.011607
30.138386, 0.055122, 5.011607
30.143449, 0.055122, 5.011607
30.149859, 0.055122, 5.011607
30.156683, 0.057672, 5.243432
30.162737, 0.055122, 5.011607
30.166732, 0.055122, 5.011607
30.173131, 0.055122, 5.011607
30.181925, 0.057672, 5.243432
30.192331, 0.057672, 5.243432
30.210127, 0.057672, 5.243432
30.233812, 0.055122, 5.011607
30.257872, 0.057672, 5.243432
30.282313, 0.055122, 5.011607
30.306995, 0.057672, 5.243432
30.331325, 0.055122, 5.011607
30.353833, 0.055122, 5.011607
30.360260, 0.055122, 5.011607
30.363887, 0.055122, 5.011607
30.367282, 0.057672, 5.243432
30.370834, 0.057672, 5.243432
30.375670, 0.057672, 5.243432
30.383501, 0.057672, 5.243432
30.398090, 0.057672, 5.243432
30.418986, 0.057672, 5.243432
30.440891, 0.057672, 5.243432
30.466957, 0.055122, 5.011607
30.492080, 0.057672, 5.243432
30.500002, 0.057672, 5.243432
30.504078, 0.055122, 5.011607
30.507236, 0.055122, 5.011607
30.510179, 0.055122, 5.011607
30.513837, 0.055122, 5.011607
30.517623, 0.057672, 5.243432
30.520278, 0.057672, 5.243432
30.523322, 0.057672, 5.243432
30.536099, 0.055122, 5.011607
30.558219, 0.055122, 5.011607
30.582107, 0.055122, 5.011607
30.603830, 0.055122, 5.011607
30.624625, 0.057672, 5.243432
30.630343, 0.057672, 5.243432
30.633892, 0.057672, 5.243432
30.636806, 0.057672, 5.243432
30.639824, 0.057672, 5.243432
30.643643, 0.055122, 5.011607
30.651764, 0.055122, 5.011607
30.667482, 0.055122, 5.011607
30.680472, 0.055122, 5.011607
30.692859, 0.055122, 5.011607
30.700543, 0.057672, 5.243432
30.709805, 0.055122, 5.011607
30.718794, 0.057672, 5.243432
30.727230, 0.055122, 5.011607
30.732440, 0.057672, 5.243432
30.734745, 0.055122, 5.011607
30.737474, 0.055122, 5.011607
30.741304, 0.055122, 5.011607
30.750027, 0.057672, 5.243432
30.761777, 0.057672, 5.243432
30.770426, 0.055122, 5.011607
30.780020, 0.055122, 5.011607
30.788474, 0.055122, 5.011607
30.797739, 0.055122, 5.011607
30.802259, 0.055122, 5.011607
30.808340, 0.057672, 5.243432
30.822154, 0.055122, 5.011607
30.834982, 0.055122, 5.011607
30.840640, 0.055122, 5.011607
30.858626, 0.055122, 5.011607
30.875447, 0.055122, 5.011607
30.913366, 0.055122, 5.011607
30.942941, 0.055122, 5.011607
30.966762, 0.055122, 5.011607
30.998610, 0.055122, 5.011607
31.012319, 0.055122, 5.011607
31.017396, 0.055122, 5.011607
31.020676, 0.055122, 5.011607
31.023703, 0.057672, 5.243432
31.027107, 0.055122, 5.011607
31.032720, 0.055122, 5.011607
31.045625, 0.055122, 5.011607
31.054699, 0.055122, 5.011607
31.063295, 0.057672, 5.243432
31.084961, 0.057672, 5.243432
31.110292, 0.055122, 5.011607
31.134369, 0.055122, 5.011607
31.158614, 0.057672, 5.243432
31.181127, 0.057672, 5.243432
31.187355, 0.057672, 5.243432
31.191222, 0.057672, 5.243432
31.194523, 0.057672, 5.243432
31.198162, 0.057672, 5.243432
31.208195, 0.057672, 5.243432
31.229016, 0.055122, 5.011607
31.251606, 0.057672, 5.243432
31.277987, 0.057672, 5.243432
31.301904, 0.055122, 5.011607
31.326266, 0.057672, 5.243432
31.344655, 0.055122, 5.011607
31.349748, 0.055122, 5.011607
31.353284, 0.057672, 5.243432
31.356532, 0.055122, 5.011607
31.361247, 0.055122, 5.011607
31.378664, 0.055122, 5.011607
31.401597, 0.055122, 5.011607
31.446978, 0.055122, 5.011607
31.478555, 0.055122, 5.011607
31.501065, 0.055122, 5.011607
31.523434, 0.055122, 5.011607
31.546320, 0.055122, 5.011607
31.566582, 0.055122, 5.011607
31.572540, 0.055122, 5.011607
31.576091, 0.055122, 5.011607
31.579213, 0.057672, 5.243432
31.582715, 0.055122, 5.011607
31.588244, 0.057672, 5.243432
31.605877, 0.055122, 5.011607
31.627054, 0.055122, 5.011607
31.648856, 0.055122, 5.011607
31.673189, 0.057672, 5.243432
31.700557, 0.055122, 5.011607
31.722865, 0.057672, 5.243432
31.745095, 0.057672, 5.243432
31.765985, 0.055122, 5.011607
31.772455, 0.057672, 5.243432
31.776203, 0.055122, 5.011607
31.779253, 0.055122, 5.011607
31.782042, 0.057672, 5.243432
31.785174, 0.055122, 5.011607
31.788631, 0.055122, 5.011607
31.792320, 0.055122, 5.011607
31.796237, 0.055122, 5.011607
31.800987, 0.057672, 5.243432
31.806989, 0.055122, 5.011607
31.819240, 0.055122, 5.011607
31.841042, 0.055122, 5.011607
31.864261, 0.057672, 5.243432
31.889605, 0.055122, 5.011607
31.916543, 0.057672, 5.243432
31.923202, 0.057672, 5.243432
31.926604, 0.057672, 5.243432
31.929570, 0.057672, 5.243432
31.933349, 0.055122, 5.011607
31.937808, 0.055122, 5.011607
31.941545, 0.055122, 5.011607
31.945489, 0.055122, 5.011607
31.950275, 0.055122, 5.011607
31.963501, 0.057672, 5.243432
31.987837, 0.057672, 5.243432
32.016676, 0.057672, 5.243432
32.042877, 0.057672, 5.243432
32.076570, 0.055122, 5.011607
32.085648, 0.055122, 5.011607
32.089768, 0.057672, 5.243432
32.093030, 0.057672, 5.243432
32.096296, 0.057672, 5.243432
32.100865, 0.057672, 5.243432
32.109415, 0.057672, 5.243432
32.127498, 0.057672, 5.243432
32.149452, 0.055122, 5.011607
32.175442, 0.057672, 5.243432
32.201087, 0.057672, 5.243432
32.209902, 0.057672, 5.243432
32.214682, 0.055122, 5.011607
32.218296, 0.055122, 5.011607
32.222305, 0.055122, 5.011607
32.231551, 0.055122, 5.011607
32.252524, 0.055122, 5.011607
32.273654, 0.057672, 5.243432
32.295932, 0.057672, 5.243432
32.318497, 0.055122, 5.011607
32.341492, 0.055122, 5.011607
32.363430, 0.057672, 5.243432
32.381454, 0.057672, 5.243432
32.387179, 0.057672, 5.243432
32.390645, 0.057672, 5.243432
32.394668, 0.055122, 5.011607
32.398026, 0.057672, 5.243432
32.409984, 0.055122, 5.011607
32.431603, 0.055122, 5.011607
32.453338, 0.055122, 5.011607
32.475774, 0.055122, 5.011607
32.498565, 0.055122, 5.011607
32.519733, 0.057672, 5.243432
32.526158, 0.055122, 5.011607
32.529836, 0.055122, 5.011607
32.532745, 0.055122, 5.011607
32.535657, 0.055122, 5.011607
32.539527, 0.055122, 5.011607
32.552115, 0.055122, 5.011607
32.572336, 0.055122, 5.011607
32.595602, 0.055122, 5.011607
32.619060, 0.055122, 5.011607
32.642691, 0.057672, 5.243432
32.660232, 0.057672, 5.243432
32.665353, 0.055122, 5.011607
32.668715, 0.055122, 5.011607
32.671590, 0.057672, 5.243432
32.674537, 0.055122, 5.011607
32.678117, 0.055122, 5.011607
32.694034, 0.055122, 5.011607
32.723435, 0.055122, 5.011607
32.747739, 0.057672, 5.243432
32.771284, 0.057672, 5.243432
32.794623, 0.057672, 5.243432
32.805740, 0.057672, 5.243432
32.809544, 0.055122, 5.011607
32.812491, 0.055122, 5.011607
32.815411, 0.055122, 5.011607
32.820034, 0.055122, 5.011607
32.825486, 0.057672, 5.243432
32.831151, 0.055122, 5.011607
32.836150, 0.057672, 5.243432
32.840973, 0.057672, 5.243432
32.845511, 0.055122, 5.011607
32.850199, 0.055122, 5.011607
32.853392, 0.055122, 5.011607
32.857991, 0.055122, 5.011607
32.863072, 0.055122, 5.011607
32.868380, 0.055122, 5.011607
32.872976, 0.055122, 5.011607
32.876530, 0.057672, 5.243432
32.881460, 0.057672, 5.243432
32.886930, 0.057672, 5.243432
32.892089, 0.057672, 5.243432
32.898511, 0.055122, 5.011607
32.906540, 0.055122, 5.011607
32.917040, 0.055122, 5.011607
32.928059, 0.055122, 5.011607
32.934684, 0.055122, 5.011607
32.941089, 0.055122, 5.011607
32.953519, 0.055122, 5.011607
32.960468, 0.055122, 5.011607
32.969226, 0.057672, 5.243432
32.977305, 0.055122, 5.011607
32.983733, 0.057672, 5.243432
32.992979, 0.057672, 5.243432
33.002072, 0.055122, 5.011607
33.009577, 0.055122, 5.011607
33.015860, 0.055122, 5.011607
33.021272, 0.057672, 5.243432
33.026097, 0.055122, 5.011607
33.030198, 0.055122, 5.011607
33.032393, 0.055122, 5.011607
33.035560, 0.057672, 5.243432
33.040383, 0.055122, 5.011607
33.044725, 0.055122, 5.011607
33.048951, 0.055122, 5.011607
33.053088, 0.055122, 5.011607
33.057731, 0.057672, 5.243432
33.063186, 0.057672, 5.243432
33.069127, 0.055122, 5.011607
33.074394, 0.055122, 5.011607
33.079394, 0.055122, 5.011607
33.084874, 0.055122, 5.011607
33.089788, 0.055122, 5.011607
33.093322, 0.055122, 5.011607
33.096375, 0.057672, 5.243432
33.100561, 0.057672, 5.243432
33.106231, 0.055122, 5.011607
33.112338, 0.055122, 5.011607
33.118207, 0.057672, 5.243432
33.125244, 0.055122, 5.011607
33.131786, 0.055122, 5.011607
33.134547, 0.055122, 5.011607
33.139262, 0.055122, 5.011607
33.145004, 0.057672, 5.243432
33.149604, 0.055122, 5.011607
33.153344, 0.057672, 5.243432
33.157170, 0.057672, 5.243432
33.161045, 0.057672, 5.243432
33.164794, 0.055122, 5.011607
33.168878, 0.055122, 5.011607
33.173064, 0.057672, 5.243432
33.177543, 0.057672, 5.243432
33.182394, 0.055122, 5.011607
33.187394, 0.055122, 5.011607
33.192467, 0.055122, 5.011607
33.197359, 0.057672, 5.243432
33.202641, 0.057672, 5.243432
33.208431, 0.055122, 5.011607
33.216161, 0.057672, 5.243432
33.224071, 0.055122, 5.011607
33.231097, 0.055122, 5.011607
33.239833, 0.055122, 5.011607
33.247091, 0.055122, 5.011607
33.254280, 0.055122, 5.011607
33.262580, 0.055122, 5.011607
33.272480, 0.055122, 5.011607
33.289744, 0.057672, 5.243432
33.313648, 0.057672, 5.243432
33.340797, 0.055122, 5.011607
33.365268, 0.055122, 5.011607
33.389967, 0.055122, 5.011607
33.398206, 0.057672, 5.243432
33.402632, 0.055122, 5.011607
33.405832, 0.057672, 5.243432
33.408841, 0.057672, 5.243432
33.412306, 0.055122, 5.011607
33.419526, 0.055122, 5.011607
33.430585, 0.055122, 5.011607
33.437200, 0.055122, 5.011607
33.439591, 0.055122, 5.011607
33.442156, 0.055122, 5.011607
33.448478, 0.055122, 5.011607
33.460200, 0.057672, 5.243432
33.481949, 0.055122, 5.011607
33.504347, 0.057672, 5.243432
33.526143, 0.055122, 5.011607
33.549590, 0.055122, 5.011607
33.571502, 0.055122, 5.011607
33.592956, 0.055122, 5.011607
33.614600, 0.055122, 5.011607
33.636130, 0.055122, 5.011607
33.643881, 0.055122, 5.011607
33.647939, 0.055122, 5.011607
33.651312, 0.055122, 5.011607
33.654820, 0.055122, 5.011607
33.659329, 0.057672, 5.243432
33.666390, 0.057672, 5.243432
33.682409, 0.057672, 5.243432
33.701236, 0.057672, 5.243432
33.723104, 0.055122, 5.011607
33.744805, 0.055122, 5.011607
33.766252, 0.055122, 5.011607
33.788026, 0.055122, 5.011607
33.795422, 0.055122, 5.011607
33.799307, 0.055122, 5.011607
33.802475, 0.057672, 5.243432
33.805415, 0.057672, 5.243432
33.808515, 0.055122, 5.011607
33.811802, 0.055122, 5.011607
33.817630, 0.055122, 5.011607
33.833659, 0.055122, 5.011607
33.851335, 0.055122, 5.011607
33.863780, 0.055122, 5.011607
33.890466, 0.055122, 5.011607
33.918217, 0.055122, 5.011607
33.943492, 0.055122, 5.011607
33.968016, 0.055122, 5.011607
33.980700, 0.057672, 5.243432
33.987371, 0.057672, 5.243432
33.991148, 0.057672, 5.243432
33.994541, 0.057672, 5.243432
33.999330, 0.055122, 5.011607
34.015442, 0.055122, 5.011607
34.037333, 0.055122, 5.011607
34.061615, 0.057672, 5.243432
34.086779, 0.055122, 5.011607
34.110787, 0.055122, 5.011607
34.144556, 0.055122, 5.011607
34.175514, 0.055122, 5.011607
34.192161, 0.055122, 5.011607
34.197250, 0.055122, 5.011607
34.201732, 0.057672, 5.243432
34.205654, 0.055122, 5.011607
34.222687, 0.057672, 5.243432
34.247806, 0.057672, 5.243432
34.289117, 0.055122, 5.011607
34.312131, 0.057672, 5.243432
34.334756, 0.055122, 5.011607
34.357066, 0.055122, 5.011607
34.380348, 0.057672, 5.243432
34.387379, 0.055122, 5.011607
34.391363, 0.055122, 5.011607
34.395186, 0.057672, 5.243432
34.399369, 0.055122, 5.011607
34.410055, 0.057672, 5.243432
34.419008, 0.055122, 5.011607
34.423536, 0.055122, 5.011607
34.432576, 0.055122, 5.011607
34.458828, 0.057672, 5.243432
34.490111, 0.055122, 5.011607
34.529679, 0.057672, 5.243432
34.555102, 0.055122, 5.011607
34.580334, 0.057672, 5.243432
34.605144, 0.055122, 5.011607
34.627457, 0.057672, 5.243432
34.653271, 0.057672, 5.243432
34.676124, 0.055122, 5.011607
34.698454, 0.057672, 5.243432
34.721004, 0.055122, 5.011607
34.725348, 0.055122, 5.011607
34.728562, 0.057672, 5.243432
34.731840, 0.055122, 5.011607
34.734987, 0.057672, 5.243432
34.745657, 0.057672, 5.243432
34.766776, 0.055122, 5.011607
34.787971, 0.057672, 5.243432
34.811750, 0.055122, 5.011607
34.834612, 0.057672, 5.243432
34.856941, 0.057672, 5.243432
34.878876, 0.055122, 5.011607
34.902238, 0.057672, 5.243432
34.931732, 0.055122, 5.011607
34.955821, 0.055122, 5.011607
34.979582, 0.055122, 5.011607
35.003385, 0.057672, 5.243432
35.030014, 0.055122, 5.011607
35.044741, 0.055122, 5.011607
35.048420, 0.057672, 5.243432
35.051824, 0.055122, 5.011607
35.055424, 0.055122, 5.011607
35.060108, 0.055122, 5.011607
35.078749, 0.055122, 5.011607
35.103416, 0.055122, 5.011607
35.130081, 0.057672, 5.243432
35.156049, 0.057672, 5.243432
35.181641, 0.055122, 5.011607
35.193590, 0.055122, 5.011607
35.197969, 0.055122, 5.011607
35.201113, 0.055122, 5.011607
35.204092, 0.057672, 5.243432
35.208005, 0.055122, 5.011607
35.218213, 0.055122, 5.011607
35.230178, 0.055122, 5.011607
35.235964, 0.057672, 5.243432
35.243999, 0.057672, 5.243432
35.251233, 0.055122, 5.011607
35.257908, 0.057672, 5.243432
35.264033, 0.055122, 5.011607
35.270419, 0.055122, 5.011607
35.280754, 0.055122, 5.011607
35.296843, 0.057672, 5.243432
35.316654, 0.055122, 5.011607
35.337779, 0.055122, 5.011607
35.359440, 0.055122, 5.011607
35.381652, 0.057672, 5.243432
35.403396, 0.055122, 5.011607
35.427804, 0.057672, 5.243432
35.443441, 0.055122, 5.011607
35.448688, 0.055122, 5.011607
35.452088, 0.057672, 5.243432
35.455000, 0.057672, 5.243432
35.458153, 0.057672, 5.243432
35.461581, 0.055122, 5.011607
35.466072, 0.055122, 5.011607
35.470055, 0.055122, 5.011607
35.474755, 0.055122, 5.011607
35.480235, 0.055122, 5.011607
35.484091, 0.057672, 5.243432
35.487472, 0.055122, 5.011607
35.490682, 0.055122, 5.011607
35.493131, 0.055122, 5.011607
35.496001, 0.057672, 5.243432
35.499110, 0.055122, 5.011607
35.503533, 0.055122, 5.011607
35.507045, 0.057672, 5.243432
35.509239, 0.055122, 5.011607
35.511656, 0.057672, 5.243432
35.515628, 0.055122, 5.011607
35.522911, 0.057672, 5.243432
35.528835, 0.057672, 5.243432
35.533516, 0.055122, 5.011607
35.538076, 0.055122, 5.011607
35.542284, 0.055122, 5.011607
35.546868, 0.055122, 5.011607
35.550763, 0.055122, 5.011607
35.554672, 0.057672, 5.243432
35.558521, 0.055122, 5.011607
35.562164, 0.057672, 5.243432
35.565618, 0.055122, 5.011607
35.569482, 0.055122, 5.011607
35.573244, 0.055122, 5.011607
35.577298, 0.055122, 5.011607
35.581320, 0.057672, 5.243432
35.585503, 0.055122, 5.011607
35.589764, 0.055122, 5.011607
35.594634, 0.055122, 5.011607
35.599624, 0.055122, 5.011607
35.603115, 0.057672, 5.243432
35.607744, 0.055122, 5.011607
35.612224, 0.055122, 5.011607
35.616282, 0.055122, 5.011607
35.620192, 0.057672, 5.243432
35.623848, 0.055122, 5.011607
35.627661, 0.057672, 5.243432
35.631765, 0.055122, 5.011607
35.634590, 0.055122, 5.011607
35.638681, 0.055122, 5.011607
35.642457, 0.055122, 5.011607
35.646285, 0.055122, 5.011607
35.650059, 0.055122, 5.011607
35.654267, 0.055122, 5.011607
35.658701, 0.055122, 5.011607
35.663362, 0.055122, 5.011607
35.667524, 0.055122, 5.011607
35.672501, 0.057672, 5.243432
35.677572, 0.055122, 5.011607
35.680597, 0.055122, 5.011607
35.683369, 0.057672, 5.243432
35.687026, 0.057672, 5.243432
35.691593, 0.057672, 5.243432
35.696536, 0.057672, 5.243432
35.701597, 0.057672, 5.243432
35.705241, 0.055122, 5.011607
35.710238, 0.057672, 5.243432
35.713963, 0.055122, 5.011607
35.717483, 0.055122, 5.011607
35.720050, 0.055122, 5.011607
35.723033, 0.057672, 5.243432
35.726729, 0.055122, 5.011607
35.730167, 0.055122, 5.011607
35.734490, 0.055122, 5.011607
35.740108, 0.057672, 5.243432
35.752119, 0.055122, 5.011607
35.772424, 0.057672, 5.243432
35.796496, 0.055122, 5.011607
35.820792, 0.057672, 5.243432
35.845452, 0.055122, 5.011607
35.856164, 0.055122, 5.011607
35.860233, 0.055122, 5.011607
35.863171, 0.055122, 5.011607
35.865692, 0.055122, 5.011607
35.868047, 0.057672, 5.243432
35.870723, 0.055122, 5.011607
35.874017, 0.057672, 5.243432
35.878377, 0.055122, 5.011607
35.882781, 0.057672, 5.243432
35.887234, 0.057672, 5.243432
35.891952, 0.055122, 5.011607
35.897052, 0.055122, 5.011607
35.901933, 0.055122, 5.011607
35.906781, 0.057672, 5.243432
35.911303, 0.055122, 5.011607
35.915564, 0.057672, 5.243432
35.919285, 0.057672, 5.243432
35.922313, 0.057672, 5.243432
35.925430, 0.057672, 5.243432
35.928613, 0.055122, 5.011607
35.931981, 0.055122, 5.011607
35.935929, 0.057672, 5.243432
35.940124, 0.057672, 5.243432
35.943040, 0.055122, 5.011607
35.947538, 0.055122, 5.011607
35.951327, 0.055122, 5.011607
35.953879, 0.055122, 5.011607
35.958606, 0.055122, 5.011607
35.964159, 0.055122, 5.011607
35.969921, 0.055122, 5.011607
35.973505, 0.057672, 5.243432
35.976189, 0.057672, 5.243432
35.979283, 0.057672, 5.243432
35.984058, 0.055122, 5.011607
35.991036, 0.055122, 5.011607
35.993959, 0.057672, 5.243432
35.996329, 0.057672, 5.243432
35.999201, 0.055122, 5.011607
36.002841, 0.057672, 5.243432
36.005966, 0.055122, 5.011607
36.009068, 0.055122, 5.011607
36.012194, 0.055122, 5.011607
36.022639, 0.055122, 5.011607
36.027089, 0.055122, 5.011607
36.030867, 0.055122, 5.011607
36.037236, 0.055122, 5.011607
36.045604, 0.055122, 5.011607
36.065441, 0.057672, 5.243432
36.089127, 0.055122, 5.011607
36.112896, 0.055122, 5.011607
36.134085, 0.055122, 5.011607
36.139567, 0.057672, 5.243432
36.142823, 0.055122, 5.011607
36.145454, 0.057672, 5.243432
36.147793, 0.055122, 5.011607
36.151291, 0.055122, 5.011607
36.155524, 0.055122, 5.011607
36.159698, 0.055122, 5.011607
36.163878, 0.055122, 5.011607
36.168378, 0.055122, 5.011607
36.173231, 0.055122, 5.011607
36.178225, 0.055122, 5.011607
36.183428, 0.055122, 5.011607
36.188838, 0.057672, 5.243432
36.194080, 0.055122, 5.011607
36.199080, 0.055122, 5.011607
36.204249, 0.055122, 5.011607
36.207460, 0.055122, 5.011607
36.211514, 0.057672, 5.243432
36.214598, 0.057672, 5.243432
36.221302, 0.055122, 5.011607
36.227466, 0.055122, 5.011607
36.232956, 0.055122, 5.011607
36.235974, 0.055122, 5.011607
36.241078, 0.055122, 5.011607
36.255452, 0.055122, 5.011607
36.267080, 0.057672, 5.243432
36.291207, 0.057672, 5.243432
36.315778, 0.057672, 5.243432
36.340893, 0.057672, 5.243432
36.366303, 0.055122, 5.011607
36.390735, 0.055122, 5.011607
36.415418, 0.057672, 5.243432
36.440655, 0.055122, 5.011607
36.464416, 0.055122, 5.011607
36.489155, 0.055122, 5.011607
36.512483, 0.055122, 5.011607
36.529322, 0.055122, 5.011607
36.535062, 0.055122, 5.011607
36.538463, 0.055122, 5.011607
36.541387, 0.055122, 5.011607
36.544651, 0.055122, 5.011607
36.548979, 0.057672, 5.243432
36.557999, 0.055122, 5.011607
36.567662, 0.057672, 5.243432
36.591667, 0.055122, 5.011607
36.614049, 0.055122, 5.011607
36.636580, 0.055122, 5.011607
36.659144, 0.057672, 5.243432
36.681177, 0.057672, 5.243432
36.705788, 0.057672, 5.243432
36.729067, 0.055122, 5.011607
36.753521, 0.055122, 5.011607
36.776249, 0.057672, 5.243432
36.800726, 0.055122, 5.011607
36.825373, 0.055122, 5.011607
36.835852, 0.055122, 5.011607
36.840600, 0.055122, 5.011607
36.845158, 0.057672, 5.243432
36.851303, 0.055122, 5.011607
36.859040, 0.055122, 5.011607
36.876726, 0.055122, 5.011607
36.901784, 0.055122, 5.011607
36.927734, 0.057672, 5.243432
36.956287, 0.055122, 5.011607
36.983825, 0.057672, 5.243432
37.010368, 0.055122, 5.011607
37.035172, 0.055122, 5.011607
37.068701, 0.057672, 5.243432
37.094261, 0.057672, 5.243432
37.118332, 0.055122, 5.011607
37.143723, 0.057672, 5.243432
37.165954, 0.057672, 5.243432
37.172558, 0.055122, 5.011607
37.177334, 0.055122, 5.011607
37.180689, 0.055122, 5.011607
37.184565, 0.055122, 5.011607
37.189768, 0.055122, 5.011607
37.201133, 0.057672, 5.243432
37.206097, 0.055122, 5.011607
37.221299, 0.055122, 5.011607
37.249840, 0.055122, 5.011607
37.276254, 0.057672, 5.243432
37.304738, 0.057672, 5.243432
37.322064, 0.055122, 5.011607
37.326964, 0.055122, 5.011607
37.330877, 0.057672, 5.243432
37.334762, 0.057672, 5.243432
37.338810, 0.057672, 5.243432
37.346878, 0.055122, 5.011607
37.366479, 0.055122, 5.011607
37.394360, 0.055122, 5.011607
37.419058, 0.057672, 5.243432
37.442826, 0.055122, 5.011607
37.470058, 0.055122, 5.011607
37.496115, 0.055122, 5.011607
37.520731, 0.055122, 5.011607
37.542383, 0.055122, 5.011607
37.547872, 0.057672, 5.243432
37.551310, 0.055122, 5.011607
37.554215, 0.057672, 5.243432
37.557285, 0.057672, 5.243432
37.561117, 0.057672, 5.243432
37.567383, 0.055122, 5.011607
37.587483, 0.055122, 5.011607
37.612242, 0.057672, 5.243432
37.639394, 0.055122, 5.011607
37.662318, 0.055122, 5.011607
37.683534, 0.055122, 5.011607
37.690199, 0.057672, 5.243432
37.693953, 0.055122, 5.011607
37.697032, 0.055122, 5.011607
37.700185, 0.057672, 5.243432
37.703733, 0.055122, 5.011607
37.707531, 0.057672, 5.243432
37.711347, 0.055122, 5.011607
37.715624, 0.055122, 5.011607
37.720130, 0.055122, 5.011607
37.724562, 0.055122, 5.011607
37.729838, 0.055122, 5.011607
37.736086, 0.055122, 5.011607
37.741891, 0.055122, 5.011607
37.747475, 0.057672, 5.243432
37.753559, 0.057672, 5.243432
37.759991, 0.055122, 5.011607
37.766025, 0.055122, 5.011607
37.772729, 0.055122, 5.011607
37.778788, 0.055122, 5.011607
37.784554, 0.055122, 5.011607
37.790173, 0.057672, 5.243432
37.794690, 0.057672, 5.243432
37.798853, 0.055122, 5.011607
37.803253, 0.057672, 5.243432
37.807123, 0.055122, 5.011607
37.811653, 0.055122, 5.011607
37.814676, 0.057672, 5.243432
37.818768, 0.057672, 5.243432
37.823098, 0.057672, 5.243432
37.827288, 0.055122, 5.011607
37.832931, 0.057672, 5.243432
37.849254, 0.057672, 5.243432
37.877779, 0.055122, 5.011607
37.901562, 0.057672, 5.243432
37.923515, 0.055122, 5.011607
37.946192, 0.055122, 5.011607
37.968152, 0.057672, 5.243432
37.990296, 0.055122, 5.011607
38.014831, 0.055122, 5.011607
38.040577, 0.057672, 5.243432
38.062715, 0.055122, 5.011607
38.069555, 0.057672, 5.243432
38.073251, 0.055122, 5.011607
38.076242, 0.055122, 5.011607
38.079406, 0.055122, 5.011607
38.091880, 0.057672, 5.243432
38.107182, 0.057672, 5.243432
38.137149, 0.055122, 5.011607
38.159459, 0.055122, 5.011607
38.186691, 0.055122, 5.011607
38.210588, 0.057672, 5.243432
38.236910, 0.057672, 5.243432
38.259220, 0.055122, 5.011607
38.281108, 0.057672, 5.243432
38.305966, 0.057672, 5.243432
38.331083, 0.057672, 5.243432
38.355254, 0.057672, 5.243432
38.379033, 0.057672, 5.243432
38.387035, 0.057672, 5.243432
38.390980, 0.057672, 5.243432
38.394089, 0.055122, 5.011607
38.397164, 0.055122, 5.011607
38.400535, 0.055122, 5.011607
38.407861, 0.057672, 5.243432
38.415435, 0.055122, 5.011607
38.424678, 0.057672, 5.243432
38.434707, 0.057672, 5.243432
38.446680, 0.057672, 5.243432
38.465610, 0.055122, 5.011607
38.487157, 0.057672, 5.243432
38.508996, 0.057672, 5.243432
38.530686, 0.055122, 5.011607
38.554554, 0.055122, 5.011607
38.576909, 0.055122, 5.011607
38.600912, 0.057672, 5.243432
38.624108, 0.057672, 5.243432
38.648978, 0.055122, 5.011607
38.671927, 0.055122, 5.011607
38.694475, 0.055122, 5.011607
38.719560, 0.057672, 5.243432
38.730039, 0.055122, 5.011607
38.734738, 0.057672, 5.243432
38.738132, 0.055122, 5.011607
38.741364, 0.055122, 5.011607
38.749924, 0.057672, 5.243432
38.773259, 0.057672, 5.243432
38.795547, 0.055122, 5.011607
38.822651, 0.055122, 5.011607
38.845118, 0.057672, 5.243432
38.867067, 0.055122, 5.011607
38.891592, 0.055122, 5.011607
38.916504, 0.055122, 5.011607
38.939266, 0.055122, 5.011607
38.961396, 0.057672, 5.243432
38.984258, 0.057672, 5.243432
39.008006, 0.055122, 5.011607
39.037504, 0.055122, 5.011607
39.060473, 0.055122, 5.011607
39.082223, 0.057672, 5.243432
39.098122, 0.055122, 5.011607
39.103119, 0.057672, 5.243432
39.106388, 0.057672, 5.243432
39.109237, 0.057672, 5.243432
39.112265, 0.055122, 5.011607
39.116155, 0.057672, 5.243432
39.118515, 0.055122, 5.011607
39.120772, 0.057672, 5.243432
39.123301, 0.055122, 5.011607
39.126183, 0.057672, 5.243432
39.129090, 0.057672, 5.243432
39.132219, 0.057672, 5.243432
39.135519, 0.055122, 5.011607
39.139107, 0.055122, 5.011607
39.142729, 0.055122, 5.011607
39.146371, 0.055122, 5.011607
39.149951, 0.055122, 5.011607
39.152903, 0.057672, 5.243432
39.156361, 0.055122, 5.011607
39.159561, 0.055122, 5.011607
39.162933, 0.055122, 5.011607
39.166371, 0.057672, 5.243432
39.169918, 0.055122, 5.011607
39.173395, 0.055122, 5.011607
39.176915, 0.055122, 5.011607
39.180327, 0.055122, 5.011607
39.183525, 0.055122, 5.011607
39.186859, 0.055122, 5.011607
39.190096, 0.057672, 5.243432
39.193380, 0.055122, 5.011607
39.196899, 0.057672, 5.243432
39.201476, 0.055122, 5.011607
39.204676, 0.055122, 5.011607
39.207900, 0.055122, 5.011607
39.211000, 0.057672, 5.243432
39.213568, 0.055122, 5.011607
39.217656, 0.055122, 5.011607
39.226619, 0.057672, 5.243432
39.231973, 0.055122, 5.011607
39.235795, 0.055122, 5.011607
39.238075, 0.055122, 5.011607
39.240620, 0.055122, 5.011607
39.244145, 0.055122, 5.011607
39.246801, 0.057672, 5.243432
39.249893, 0.057672, 5.243432
39.253273, 0.057672, 5.243432
39.256720, 0.057672, 5.243432
39.261177, 0.055122, 5.011607
39.267479, 0.057672, 5.243432
39.273994, 0.055122, 5.011607
39.281861, 0.055122, 5.011607
39.288117, 0.055122, 5.011607
39.291700, 0.057672, 5.243432
39.294335, 0.055122, 5.011607
39.296420, 0.055122, 5.011607
39.299181, 0.055122, 5.011607
39.302724, 0.055122, 5.011607
39.305700, 0.055122, 5.011607
39.308761, 0.057672, 5.243432
39.311927, 0.057672, 5.243432
39.315570, 0.055122, 5.011607
39.319497, 0.055122, 5.011607
39.322565, 0.055122, 5.011607
39.324830, 0.057672, 5.243432
39.328834, 0.057672, 5.243432
39.333058, 0.057672, 5.243432
39.337114, 0.055122, 5.011607
39.340748, 0.055122, 5.011607
39.344317, 0.057672, 5.243432
39.347848, 0.057672, 5.243432
39.351150, 0.055122, 5.011607
39.353656, 0.055122, 5.011607
39.356359, 0.057672, 5.243432
39.360378, 0.057672, 5.243432
39.365980, 0.057672, 5.243432
39.369860, 0.057672, 5.243432
39.373200, 0.055122, 5.011607
39.376323, 0.057672, 5.243432
39.379111, 0.055122, 5.011607
39.381987, 0.055122, 5.011607
39.385426, 0.055122, 5.011607
39.388806, 0.055122, 5.011607
39.392139, 0.055122, 5.011607
39.395266, 0.057672, 5.243432
39.398682, 0.055122, 5.011607
39.402519, 0.057672, 5.243432
39.406532, 0.055122, 5.011607
39.409412, 0.055122, 5.011607
39.412419, 0.057672, 5.243432
39.415200, 0.055122, 5.011607
39.418577, 0.055122, 5.011607
39.421021, 0.057672, 5.243432
39.423877, 0.057672, 5.243432
39.426608, 0.055122, 5.011607
39.428930, 0.055122, 5.011607
39.431506, 0.055122, 5.011607
39.437948, 0.057672, 5.243432
39.441256, 0.057672, 5.243432
39.445701, 0.055122, 5.011607
39.450544, 0.057672, 5.243432
39.454888, 0.057672, 5.243432
39.458980, 0.055122, 5.011607
39.463015, 0.055122, 5.011607
39.467127, 0.057672, 5.243432
39.470986, 0.057672, 5.243432
39.474782, 0.055122, 5.011607
39.479627, 0.055122, 5.011607
39.483512, 0.055122, 5.011607
39.487789, 0.057672, 5.243432
39.491880, 0.057672, 5.243432
39.495161, 0.057672, 5.243432
39.498413, 0.057672, 5.243432
39.501981, 0.057672, 5.243432
39.505328, 0.057672, 5.243432
39.508672, 0.055122, 5.011607
39.511843, 0.055122, 5.011607
39.515097, 0.055122, 5.011607
39.518439, 0.057672, 5.243432
39.522243, 0.057672, 5.243432
39.525075, 0.057672, 5.243432
39.527524, 0.055122, 5.011607
39.530176, 0.055122, 5.011607
39.534042, 0.057672, 5.243432
39.537328, 0.055122, 5.011607
39.540410, 0.057672, 5.243432
39.543610, 0.057672, 5.243432
39.546704, 0.057672, 5.243432
39.548819, 0.055122, 5.011607
39.551542, 0.057672, 5.243432
39.554572, 0.055122, 5.011607
39.557474, 0.057672, 5.243432
39.560626, 0.057672, 5.243432
39.563808, 0.055122, 5.011607
39.567413, 0.055122, 5.011607
39.570037, 0.055122, 5.011607
39.572395, 0.055122, 5.011607
39.575062, 0.055122, 5.011607
39.577112, 0.055122, 5.011607
39.579387, 0.057672, 5.243432
39.581967, 0.055122, 5.011607
39.585071, 0.057672, 5.243432
39.588054, 0.055122, 5.011607
39.591070, 0.055122, 5.011607
39.594168, 0.057672, 5.243432
39.597546, 0.057672, 5.243432
39.601395, 0.057672, 5.243432
39.603529, 0.055122, 5.011607
39.605650, 0.057672, 5.243432
39.607902, 0.057672, 5.243432
39.612557, 0.055122, 5.011607
39.615955, 0.055122, 5.011607
39.619199, 0.057672, 5.243432
39.622022, 0.055122, 5.011607
39.624520, 0.055122, 5.011607
39.627479, 0.057672, 5.243432
39.631153, 0.057672, 5.243432
39.634617, 0.055122, 5.011607
39.637194, 0.055122, 5.011607
39.642634, 0.055122, 5.011607
39.647791, 0.057672, 5.243432
39.652549, 0.057672, 5.243432
39.657067, 0.057672, 5.243432
39.661540, 0.057672, 5.243432
39.665864, 0.057672, 5.243432
39.668226, 0.057672, 5.243432
39.670736, 0.057672, 5.243432
39.673613, 0.057672, 5.243432
39.677159, 0.055122, 5.011607
39.679363, 0.055122, 5.011607
39.682360, 0.055122, 5.011607
39.686445, 0.055122, 5.011607
39.690220, 0.057672, 5.243432
39.693964, 0.055122, 5.011607
39.696690, 0.055122, 5.011607
39.698730, 0.055122, 5.011607
39.702942, 0.055122, 5.011607
39.706499, 0.057672, 5.243432
39.709261, 0.057672, 5.243432
39.711857, 0.057672, 5.243432
39.714553, 0.057672, 5.243432
39.717828, 0.057672, 5.243432
39.720230, 0.057672, 5.243432
39.723070, 0.055122, 5.011607
39.726004, 0.057672, 5.243432
39.729231, 0.057672, 5.243432
39.732802, 0.057672, 5.243432
39.735423, 0.055122, 5.011607
39.738105, 0.057672, 5.243432
39.741734, 0.055122, 5.011607
39.744961, 0.055122, 5.011607
39.748234, 0.057672, 5.243432
39.753538, 0.055122, 5.011607
39.759350, 0.055122, 5.011607
39.764262, 0.057672, 5.243432
39.768367, 0.055122, 5.011607
39.770979, 0.057672, 5.243432
39.774162, 0.057672, 5.243432
39.777362, 0.055122, 5.011607
39.781248, 0.055122, 5.011607
39.783801, 0.057672, 5.243432
39.786272, 0.057672, 5.243432
39.789294, 0.057672, 5.243432
39.792249, 0.057672, 5.243432
39.795400, 0.055122, 5.011607
39.797416, 0.057672, 5.243432
39.799863, 0.057672, 5.243432
39.802687, 0.057672, 5.243432
39.805443, 0.057672, 5.243432
39.808541, 0.057672, 5.243432
39.811909, 0.055122, 5.011607
39.815028, 0.055122, 5.011607
39.817431, 0.057672, 5.243432
39.819681, 0.055122, 5.011607
39.822013, 0.057672, 5.243432
39.824874, 0.057672, 5.243432
39.828131, 0.057672, 5.243432
39.830047, 0.055122, 5.011607
39.832422, 0.057672, 5.243432
39.835141, 0.055122, 5.011607
39.837927, 0.055122, 5.011607
39.840351, 0.055122, 5.011607
39.844213, 0.055122, 5.011607
39.850935, 0.055122, 5.011607
39.856622, 0.057672, 5.243432
39.862330, 0.055122, 5.011607
39.865976, 0.057672, 5.243432
39.869590, 0.055122, 5.011607
39.873841, 0.057672, 5.243432
39.881442, 0.055122, 5.011607
39.887198, 0.057672, 5.243432
39.892671, 0.057672, 5.243432
39.896302, 0.057672, 5.243432
39.899814, 0.057672, 5.243432
39.905782, 0.057672, 5.243432
39.909898, 0.057672, 5.243432
39.913137, 0.055122, 5.011607
39.916546, 0.055122, 5.011607
39.919919, 0.057672, 5.243432
39.923324, 0.055122, 5.011607
39.926730, 0.055122, 5.011607
39.929776, 0.057672, 5.243432
39.933118, 0.055122, 5.011607
39.937084, 0.057672, 5.243432
39.943678, 0.055122, 5.011607
39.949055, 0.055122, 5.011607
39.953692, 0.057672, 5.243432
39.957224, 0.057672, 5.243432
39.960660, 0.057672, 5.243432
39.963195, 0.057672, 5.243432
39.965601, 0.055122, 5.011607
39.969645, 0.057672, 5.243432
39.974013, 0.057672, 5.243432
39.978083, 0.055122, 5.011607
39.981403, 0.057672, 5.243432
39.984795, 0.055122, 5.011607
39.987328, 0.055122, 5.011607
39.989908, 0.057672, 5.243432
39.992544, 0.055122, 5.011607
39.995322, 0.055122, 5.011607
39.998468, 0.055122, 5.011607
40.001688, 0.055122, 5.011607
40.004677, 0.057672, 5.243432
40.007832, 0.055122, 5.011607
40.010834, 0.055122, 5.011607
40.013805, 0.057672, 5.243432
40.017377, 0.057672, 5.243432
40.019719, 0.057672, 5.243432
40.022209, 0.055122, 5.011607
40.024972, 0.057672, 5.243432
40.027957, 0.057672, 5.243432
40.031045, 0.057672, 5.243432
40.035171, 0.057672, 5.243432
40.038082, 0.055122, 5.011607
40.040845, 0.057672, 5.243432
40.043680, 0.055122, 5.011607
40.046636, 0.055122, 5.011607
40.050441, 0.057672, 5.243432
40.053654, 0.057672, 5.243432
40.056677, 0.055122, 5.011607
40.059538, 0.057672, 5.243432
40.062321, 0.057672, 5.243432
40.065650, 0.057672, 5.243432
40.069146, 0.057672, 5.243432
40.071840, 0.057672, 5.243432
40.074490, 0.057672, 5.243432
40.077143, 0.055122, 5.011607
40.079976, 0.057672, 5.243432
40.082854, 0.057672, 5.243432
40.086235, 0.055122, 5.011607
40.088724, 0.057672, 5.243432
40.092244, 0.057672, 5.243432
40.096011, 0.057672, 5.243432
40.099257, 0.057672, 5.243432
40.102463, 0.055122, 5.011607
40.105165, 0.057672, 5.243432
40.108284, 0.057672, 5.243432
40.111348, 0.057672, 5.243432
40.114633, 0.057672, 5.243432
40.119191, 0.055122, 5.011607
40.122336, 0.057672, 5.243432
40.125385, 0.057672, 5.243432
40.128510, 0.057672, 5.243432
40.131957, 0.057672, 5.243432
40.136132, 0.057672, 5.243432
40.139778, 0.055122, 5.011607
40.143141, 0.055122, 5.011607
40.147542, 0.057672, 5.243432
40.152468, 0.057672, 5.243432
40.154996, 0.057672, 5.243432
40.157379, 0.055122, 5.011607
40.159999, 0.055122, 5.011607
40.162842, 0.055122, 5.011607
40.165601, 0.057672, 5.243432
40.168465, 0.055122, 5.011607
40.171629, 0.055122, 5.011607
40.173702, 0.055122, 5.011607
40.176256, 0.057672, 5.243432
40.178748, 0.057672, 5.243432
40.181322, 0.057672, 5.243432
40.184066, 0.057672, 5.243432
40.186920, 0.057672, 5.243432
40.189785, 0.055122, 5.011607
40.192664, 0.057672, 5.243432
40.195526, 0.057672, 5.243432
40.198402, 0.057672, 5.243432
40.201399, 0.057672, 5.243432
40.204190, 0.055122, 5.011607
40.207123, 0.057672, 5.243432
40.210054, 0.055122, 5.011607
40.212931, 0.057672, 5.243432
40.215693, 0.057672, 5.243432
40.218716, 0.057672, 5.243432
40.222068, 0.055122, 5.011607
40.225434, 0.057672, 5.243432
40.228144, 0.055122, 5.011607
40.230815, 0.057672, 5.243432
40.235616, 0.057672, 5.243432
40.238414, 0.055122, 5.011607
40.241322, 0.057672, 5.243432
40.244059, 0.057672, 5.243432
40.246929, 0.057672, 5.243432
40.250299, 0.055122, 5.011607
40.253305, 0.057672, 5.243432
40.256022, 0.057672, 5.243432
40.258865, 0.057672, 5.243432
40.261589, 0.055122, 5.011607
40.264814, 0.057672, 5.243432
40.268263, 0.057672, 5.243432
40.271174, 0.057672, 5.243432
40.274356, 0.057672, 5.243432
40.277315, 0.057672, 5.243432
40.280077, 0.057672, 5.243432
40.283324, 0.057672, 5.243432
40.287108, 0.055122, 5.011607
40.290352, 0.055122, 5.011607
40.293495, 0.055122, 5.011607
40.296527, 0.057672, 5.243432
40.300734, 0.057672, 5.243432
40.303771, 0.055122, 5.011607
40.306973, 0.055122, 5.011607
40.310887, 0.055122, 5.011607
40.314078, 0.055122, 5.011607
40.317930, 0.055122, 5.011607
40.321002, 0.055122, 5.011607
40.324230, 0.055122, 5.011607
40.327412, 0.057672, 5.243432
40.330762, 0.055122, 5.011607
40.334109, 0.055122, 5.011607
40.337208, 0.057672, 5.243432
40.340351, 0.057672, 5.243432
40.343826, 0.057672, 5.243432
40.347564, 0.055122, 5.011607
40.352059, 0.055122, 5.011607
40.355201, 0.055122, 5.011607
40.358250, 0.057672, 5.243432
40.361339, 0.057672, 5.243432
40.369281, 0.057672, 5.243432
40.373033, 0.057672, 5.243432
40.376490, 0.055122, 5.011607
40.380910, 0.057672, 5.243432
40.383566, 0.055122, 5.011607
40.385651, 0.057672, 5.243432
40.388183, 0.055122, 5.011607
40.391011, 0.055122, 5.011607
40.393899, 0.057672, 5.243432
40.397030, 0.057672, 5.243432
40.400484, 0.057672, 5.243432
40.403568, 0.057672, 5.243432
40.407238, 0.057672, 5.243432
40.410359, 0.057672, 5.243432
40.412303, 0.055122, 5.011607
40.414545, 0.055122, 5.011607
40.417684, 0.055122, 5.011607
40.420975, 0.057672, 5.243432
40.423666, 0.057672, 5.243432
40.426427, 0.055122, 5.011607
40.428672, 0.057672, 5.243432
40.431037, 0.055122, 5.011607
40.433747, 0.055122, 5.011607
40.436623, 0.057672, 5.243432
40.438940, 0.055122, 5.011607
40.441792, 0.057672, 5.243432
40.444077, 0.057672, 5.243432
40.446433, 0.055122, 5.011607
40.449093, 0.055122, 5.011607
40.452384, 0.057672, 5.243432
40.455401, 0.057672, 5.243432
40.459844, 0.057672, 5.243432
40.462912, 0.055122, 5.011607
40.466588, 0.057672, 5.243432
40.470055, 0.057672, 5.243432
40.473089, 0.055122, 5.011607
40.475878, 0.055122, 5.011607
40.478362, 0.055122, 5.011607
40.481849, 0.057672, 5.243432
40.484922, 0.055122, 5.011607
40.487319, 0.057672, 5.243432
40.490161, 0.057672, 5.243432
40.493040, 0.057672, 5.243432
40.496011, 0.055122, 5.011607
40.499078, 0.057672, 5.243432
40.502187, 0.057672, 5.243432
40.505085, 0.055122, 5.011607
40.508150, 0.057672, 5.243432
40.511191, 0.057672, 5.243432
40.514151, 0.055122, 5.011607
40.517589, 0.055122, 5.011607
40.520612, 0.055122, 5.011607
40.523598, 0.055122, 5.011607
40.526720, 0.057672, 5.243432
40.529713, 0.055122, 5.011607
40.532726, 0.057672, 5.243432
40.535759, 0.057672, 5.243432
40.538850, 0.057672, 5.243432
40.541920, 0.057672, 5.243432
40.544939, 0.055122, 5.011607
40.547991, 0.057672, 5.243432
40.551205, 0.057672, 5.243432
40.554336, 0.055122, 5.011607
40.557485, 0.055122, 5.011607
40.560145, 0.055122, 5.011607
40.562573, 0.055122, 5.011607
40.565230, 0.057672, 5.243432
40.568265, 0.055122, 5.011607
40.571083, 0.055122, 5.011607
40.573670, 0.055122, 5.011607
40.576232, 0.055122, 5.011607
40.579050, 0.055122, 5.011607
40.582053, 0.055122, 5.011607
40.585787, 0.057672, 5.243432
40.588248, 0.060222, 5.475256
40.590772, 0.057672, 5.243432
40.593496, 0.055122, 5.011607
40.596225, 0.057672, 5.243432
40.599492, 0.057672, 5.243432
40.602485, 0.057672, 5.243432
40.605194, 0.057672, 5.243432
40.608077, 0.057672, 5.243432
40.610753, 0.057672, 5.243432
40.613585, 0.057672, 5.243432
40.617216, 0.055122, 5.011607
40.620188, 0.055122, 5.011607
40.622594, 0.055122, 5.011607
40.625830, 0.055122, 5.011607
40.628534, 0.055122, 5.011607
40.631025, 0.055122, 5.011607
40.634441, 0.055122, 5.011607
40.637032, 0.055122, 5.011607
40.640510, 0.057672, 5.243432
40.643080, 0.055122, 5.011607
40.645910, 0.057672, 5.243432
40.648894, 0.057672, 5.243432
40.652161, 0.057672, 5.243432
40.654735, 0.057672, 5.243432
40.657353, 0.057672, 5.243432
40.660680, 0.055122, 5.011607
40.664029, 0.055122, 5.011607
40.670052, 0.057672, 5.243432
40.673161, 0.055122, 5.011607
40.676170, 0.055122, 5.011607
40.679335, 0.057672, 5.243432
40.683178, 0.055122, 5.011607
40.686212, 0.055122, 5.011607
40.689135, 0.055122, 5.011607
40.692081, 0.057672, 5.243432
40.695003, 0.055122, 5.011607
40.697929, 0.057672, 5.243432
40.701595, 0.057672, 5.243432
40.705165, 0.057672, 5.243432
40.708137, 0.057672, 5.243432
40.711069, 0.057672, 5.243432
40.714010, 0.055122, 5.011607
40.717715, 0.055122, 5.011607
40.720672, 0.055122, 5.011607
40.723731, 0.057672, 5.243432
40.726667, 0.055122, 5.011607
40.729671, 0.055122, 5.011607
40.733119, 0.057672, 5.243432
40.736210, 0.057672, 5.243432
40.739324, 0.057672, 5.243432
40.742312, 0.057672, 5.243432
40.745400, 0.057672, 5.243432
40.748775, 0.057672, 5.243432
40.752054, 0.057672, 5.243432
40.755026, 0.055122, 5.011607
40.757986, 0.055122, 5.011607
40.761235, 0.055122, 5.011607
40.764216, 0.055122, 5.011607
40.768357, 0.057672, 5.243432
40.771733, 0.055122, 5.011607
40.774752, 0.055122, 5.011607
40.777740, 0.055122, 5.011607
40.780853, 0.057672, 5.243432
40.783912, 0.055122, 5.011607
40.786944, 0.055122, 5.011607
40.789904, 0.055122, 5.011607
40.792978, 0.055122, 5.011607
40.795913, 0.057672, 5.243432
40.798935, 0.055122, 5.011607
40.802092, 0.055122, 5.011607
40.805045, 0.055122, 5.011607
40.807991, 0.055122, 5.011607
40.810949, 0.057672, 5.243432
40.813935, 0.057672, 5.243432
40.817413, 0.057672, 5.243432
40.820545, 0.055122, 5.011607
40.823712, 0.055122, 5.011607
40.826661, 0.055122, 5.011607
40.829628, 0.057672, 5.243432
40.834003, 0.055122, 5.011607
40.837358, 0.055122, 5.011607
40.840561, 0.055122, 5.011607
40.843651, 0.057672, 5.243432
40.846693, 0.057672, 5.243432
40.849441, 0.057672, 5.243432
40.852093, 0.057672, 5.243432
40.855056, 0.055122, 5.011607
40.858036, 0.057672, 5.243432
40.861062, 0.055122, 5.011607
40.864230, 0.057672, 5.243432
40.868590, 0.057672, 5.243432
40.872315, 0.057672, 5.243432
40.875515, 0.055122, 5.011607
40.878982, 0.055122, 5.011607
40.881836, 0.057672, 5.243432
40.888810, 0.055122, 5.011607
40.892551, 0.057672, 5.243432
40.896028, 0.055122, 5.011607
40.900481, 0.055122, 5.011607
40.904286, 0.057672, 5.243432
40.908644, 0.055122, 5.011607
40.911811, 0.057672, 5.243432
40.914937, 0.057672, 5.243432
40.918676, 0.057672, 5.243432
40.922366, 0.057672, 5.243432
40.925732, 0.055122, 5.011607
40.929124, 0.057672, 5.243432
40.932495, 0.057672, 5.243432
40.935958, 0.055122, 5.011607
40.939265, 0.055122, 5.011607
40.942649, 0.055122, 5.011607
40.945765, 0.055122, 5.011607
40.948899, 0.057672, 5.243432
40.952278, 0.057672, 5.243432
40.955700, 0.057672, 5.243432
40.958925, 0.057672, 5.243432
40.961796, 0.057672, 5.243432
40.964094, 0.057672, 5.243432
40.966909, 0.055122, 5.011607
40.971746, 0.057672, 5.243432
40.976273, 0.057672, 5.243432
40.980457, 0.057672, 5.243432
40.984609, 0.057672, 5.243432
40.988461, 0.055122, 5.011607
40.992080, 0.057672, 5.243432
40.995801, 0.057672, 5.243432
40.999681, 0.057672, 5.243432
41.003243, 0.055122, 5.011607
41.006753, 0.057672, 5.243432
41.010205, 0.055122, 5.011607
41.013692, 0.055122, 5.011607
41.017098, 0.055122, 5.011607
41.019237, 0.057672, 5.243432
41.021616, 0.057672, 5.243432
41.024272, 0.057672, 5.243432
41.026952, 0.057672, 5.243432
41.029847, 0.055122, 5.011607
41.032631, 0.057672, 5.243432
41.036027, 0.055122, 5.011607
41.038826, 0.057672, 5.243432
41.041930, 0.055122, 5.011607
41.043953, 0.055122, 5.011607
41.046172, 0.055122, 5.011607
41.048947, 0.057672, 5.243432
41.052671, 0.057672, 5.243432
41.056432, 0.055122, 5.011607
41.060242, 0.055122, 5.011607
41.064020, 0.057672, 5.243432
41.066546, 0.055122, 5.011607
41.070671, 0.057672, 5.243432
41.073745, 0.057672, 5.243432
41.075925, 0.057672, 5.243432
41.078299, 0.057672, 5.243432
41.080988, 0.055122, 5.011607
41.085197, 0.055122, 5.011607
41.088432, 0.055122, 5.011607
41.091118, 0.055122, 5.011607
41.093669, 0.057672, 5.243432
41.096540, 0.057672, 5.243432
41.102057, 0.057672, 5.243432
41.104720, 0.055122, 5.011607
41.107425, 0.057672, 5.243432
41.110120, 0.057672, 5.243432
41.112894, 0.057672, 5.243432
41.115831, 0.055122, 5.011607
41.119045, 0.055122, 5.011607
41.121879, 0.057672, 5.243432
41.124604, 0.055122, 5.011607
41.127389, 0.055122, 5.011607
41.130311, 0.055122, 5.011607
41.133745, 0.057672, 5.243432
41.136764, 0.055122, 5.011607
41.139572, 0.057672, 5.243432
41.142243, 0.055122, 5.011607
41.146273, 0.057672, 5.243432
41.149591, 0.057672, 5.243432
41.152684, 0.057672, 5.243432
41.155713, 0.055122, 5.011607
41.159051, 0.055122, 5.011607
41.162332, 0.055122, 5.011607
41.166018, 0.057672, 5.243432
41.169125, 0.057672, 5.243432
41.172024, 0.055122, 5.011607
41.175061, 0.057672, 5.243432
41.178070, 0.057672, 5.243432
41.181031, 0.055122, 5.011607
41.184059, 0.057672, 5.243432
41.187097, 0.055122, 5.011607
41.190052, 0.057672, 5.243432
41.192994, 0.057672, 5.243432
41.195906, 0.057672, 5.243432
41.198842, 0.057672, 5.243432
41.201773, 0.055122, 5.011607
41.204708, 0.057672, 5.243432
41.207685, 0.055122, 5.011607
41.210621, 0.057672, 5.243432
41.213526, 0.055122, 5.011607
41.216548, 0.055122, 5.011607
41.219582, 0.055122, 5.011607
41.222558, 0.057672, 5.243432
41.225479, 0.057672, 5.243432
41.228386, 0.055122, 5.011607
41.231309, 0.057672, 5.243432
41.234248, 0.057672, 5.243432
41.237200, 0.057672, 5.243432
41.240243, 0.055122, 5.011607
41.243216, 0.057672, 5.243432
41.246132, 0.055122, 5.011607
41.249114, 0.057672, 5.243432
41.251820, 0.055122, 5.011607
41.254002, 0.057672, 5.243432
41.256531, 0.055122, 5.011607
41.259193, 0.055122, 5.011607
41.261896, 0.055122, 5.011607
41.264558, 0.055122, 5.011607
41.268028, 0.055122, 5.011607
41.270394, 0.055122, 5.011607
41.272907, 0.057672, 5.243432
41.275459, 0.057672, 5.243432
41.279130, 0.057672, 5.243432
41.282587, 0.055122, 5.011607
41.285838, 0.055122, 5.011607
41.289053, 0.057672, 5.243432
41.292274, 0.057672, 5.243432
41.295273, 0.057672, 5.243432
41.298425, 0.057672, 5.243432
41.301564, 0.057672, 5.243432
41.304600, 0.057672, 5.243432
41.307563, 0.055122, 5.011607
41.310522, 0.055122, 5.011607
41.313466, 0.055122, 5.011607
41.316420, 0.057672, 5.243432
41.319384, 0.057672, 5.243432
41.322330, 0.057672, 5.243432
41.325243, 0.057672, 5.243432
41.328345, 0.057672, 5.243432
41.331317, 0.057672, 5.243432
41.334391, 0.055122, 5.011607
41.337945, 0.057672, 5.243432
41.340943, 0.057672, 5.243432
41.343948, 0.055122, 5.011607
41.346965, 0.055122, 5.011607
41.349927, 0.057672, 5.243432
41.352927, 0.057672, 5.243432
41.355923, 0.057672, 5.243432
41.358956, 0.055122, 5.011607
41.361934, 0.055122, 5.011607
41.365671, 0.057672, 5.243432
41.368990, 0.057672, 5.243432
41.372349, 0.057672, 5.243432
41.375080, 0.055122, 5.011607
41.377599, 0.055122, 5.011607
41.380417, 0.057672, 5.243432
41.383761, 0.057672, 5.243432
41.387669, 0.057672, 5.243432
41.389952, 0.057672, 5.243432
41.392088, 0.055122, 5.011607
41.396559, 0.057672, 5.243432
41.404333, 0.057672, 5.243432
41.410730, 0.057672, 5.243432
41.416285, 0.057672, 5.243432
41.420816, 0.057672, 5.243432
41.425215, 0.055122, 5.011607
41.429366, 0.055122, 5.011607
41.433093, 0.057672, 5.243432
41.436738, 0.057672, 5.243432
41.439669, 0.057672, 5.243432
41.442532, 0.055122, 5.011607
41.445767, 0.055122, 5.011607
41.449778, 0.057672, 5.243432
41.453999, 0.057672, 5.243432
41.458040, 0.055122, 5.011607
41.462167, 0.057672, 5.243432
41.465975, 0.057672, 5.243432
41.469449, 0.055122, 5.011607
41.472991, 0.055122, 5.011607
41.476977, 0.055122, 5.011607
41.481030, 0.055122, 5.011607
41.485301, 0.055122, 5.011607
41.489421, 0.057672, 5.243432
41.493403, 0.055122, 5.011607
41.497087, 0.055122, 5.011607
41.500734, 0.057672, 5.243432
41.503571, 0.057672, 5.243432
41.506106, 0.057672, 5.243432
41.508704, 0.057672, 5.243432
41.512046, 0.057672, 5.243432
41.516056, 0.057672, 5.243432
41.522017, 0.055122, 5.011607
41.527490, 0.057672, 5.243432
41.532125, 0.057672, 5.243432
41.535889, 0.055122, 5.011607
41.538673, 0.057672, 5.243432
41.541261, 0.057672, 5.243432
41.547194, 0.057672, 5.243432
41.552288, 0.057672, 5.243432
41.557146, 0.057672, 5.243432
41.561560, 0.057672, 5.243432
41.565531, 0.055122, 5.011607
41.568832, 0.055122, 5.011607
41.572031, 0.057672, 5.243432
41.575318, 0.055122, 5.011607
41.578676, 0.055122, 5.011607
41.582096, 0.057672, 5.243432
41.587157, 0.057672, 5.243432
41.592264, 0.055122, 5.011607
41.596055, 0.057672, 5.243432
41.601063, 0.055122, 5.011607
41.604403, 0.057672, 5.243432
41.606937, 0.057672, 5.243432
41.609199, 0.057672, 5.243432
41.611968, 0.057672, 5.243432
41.615698, 0.057672, 5.243432
41.619927, 0.057672, 5.243432
41.624688, 0.055122, 5.011607
41.629185, 0.055122, 5.011607
41.633564, 0.057672, 5.243432
41.636921, 0.057672, 5.243432
41.639535, 0.057672, 5.243432
41.642103, 0.057672, 5.243432
41.645355, 0.057672, 5.243432
41.649283, 0.055122, 5.011607
41.653192, 0.057672, 5.243432
41.656894, 0.055122, 5.011607
41.660599, 0.057672, 5.243432
41.664478, 0.055122, 5.011607
41.667957, 0.055122, 5.011607
41.670597, 0.057672, 5.243432
41.673412, 0.057672, 5.243432
41.677299, 0.055122, 5.011607
41.681672, 0.057672, 5.243432
41.685594, 0.057672, 5.243432
41.690816, 0.055122, 5.011607
41.696201, 0.057672, 5.243432
41.700534, 0.057672, 5.243432
41.703636, 0.057672, 5.243432
41.706790, 0.055122, 5.011607
41.709566, 0.057672, 5.243432
41.713360, 0.055122, 5.011607
41.717933, 0.055122, 5.011607
41.722634, 0.055122, 5.011607
41.727217, 0.057672, 5.243432
41.732055, 0.057672, 5.243432
41.736688, 0.055122, 5.011607
41.741119, 0.057672, 5.243432
41.745374, 0.055122, 5.011607
41.749267, 0.057672, 5.243432
41.752631, 0.055122, 5.011607
41.755604, 0.057672, 5.243432
41.758460, 0.057672, 5.243432
41.761279, 0.055122, 5.011607
41.764496, 0.057672, 5.243432
41.768626, 0.057672, 5.243432
41.773459, 0.057672, 5.243432
41.777814, 0.055122, 5.011607
41.781900, 0.057672, 5.243432
41.785608, 0.057672, 5.243432
41.789842, 0.057672, 5.243432
41.794456, 0.055122, 5.011607
41.798827, 0.055122, 5.011607
41.802273, 0.057672, 5.243432
41.805194, 0.055122, 5.011607
41.807986, 0.057672, 5.243432
41.810793, 0.057672, 5.243432
41.813707, 0.057672, 5.243432
41.817278, 0.055122, 5.011607
41.821215, 0.057672, 5.243432
41.825219, 0.055122, 5.011607
41.829202, 0.055122, 5.011607
41.833463, 0.057672, 5.243432
41.836634, 0.055122, 5.011607
41.839542, 0.055122, 5.011607
41.841793, 0.055122, 5.011607
41.844859, 0.057672, 5.243432
41.848375, 0.057672, 5.243432
41.854562, 0.057672, 5.243432
41.859256, 0.055122, 5.011607
41.862734, 0.057672, 5.243432
41.865920, 0.057672, 5.243432
41.868924, 0.057672, 5.243432
41.871936, 0.055122, 5.011607
41.874954, 0.055122, 5.011607
41.880223, 0.057672, 5.243432
41.886085, 0.057672, 5.243432
41.890012, 0.057672, 5.243432
41.893363, 0.057672, 5.243432
41.896718, 0.057672, 5.243432
41.900517, 0.057672, 5.243432
41.903274, 0.055122, 5.011607
41.906173, 0.055122, 5.011607
41.909752, 0.057672, 5.243432
41.913267, 0.057672, 5.243432
41.917336, 0.055122, 5.011607
41.920896, 0.055122, 5.011607
41.926440, 0.055122, 5.011607
41.930883, 0.057672, 5.243432
41.933475, 0.055122, 5.011607
41.935524, 0.055122, 5.011607
41.938624, 0.055122, 5.011607
41.941862, 0.055122, 5.011607
41.944945, 0.057672, 5.243432
41.948134, 0.057672, 5.243432
41.951922, 0.055122, 5.011607
41.956396, 0.057672, 5.243432
41.961455, 0.055122, 5.011607
41.965738, 0.057672, 5.243432
41.968973, 0.057672, 5.243432
41.971263, 0.057672, 5.243432
41.973413, 0.055122, 5.011607
41.975778, 0.057672, 5.243432
41.978589, 0.055122, 5.011607
41.981682, 0.057672, 5.243432
41.984862, 0.055122, 5.011607
41.988013, 0.055122, 5.011607
41.991291, 0.055122, 5.011607
41.994342, 0.055122, 5.011607
41.997411, 0.057672, 5.243432
42.000506, 0.057672, 5.243432
42.003681, 0.055122, 5.011607
42.006836, 0.055122, 5.011607
42.009938, 0.055122, 5.011607
42.012985, 0.055122, 5.011607
42.016213, 0.057672, 5.243432
42.019462, 0.055122, 5.011607
42.023234, 0.057672, 5.243432
42.025319, 0.057672, 5.243432
42.027626, 0.057672, 5.243432
42.031587, 0.055122, 5.011607
42.037129, 0.055122, 5.011607
42.042359, 0.055122, 5.011607
42.046858, 0.055122, 5.011607
42.050912, 0.057672, 5.243432
42.054065, 0.055122, 5.011607
42.057121, 0.057672, 5.243432
42.060368, 0.055122, 5.011607
42.063417, 0.055122, 5.011607
42.066078, 0.055122, 5.011607
42.069469, 0.057672, 5.243432
42.074088, 0.057672, 5.243432
42.077949, 0.057672, 5.243432
42.081834, 0.055122, 5.011607
42.086172, 0.057672, 5.243432
42.090561, 0.057672, 5.243432
42.094875, 0.057672, 5.243432
42.099219, 0.057672, 5.243432
42.103446, 0.055122, 5.011607
42.107115, 0.057672, 5.243432
42.110923, 0.057672, 5.243432
42.113937, 0.057672, 5.243432
42.117596, 0.057672, 5.243432
42.122020, 0.057672, 5.243432
42.126090, 0.055122, 5.011607
42.130122, 0.055122, 5.011607
42.133784, 0.055122, 5.011607
42.136766, 0.055122, 5.011607
42.139352, 0.057672, 5.243432
42.142463, 0.057672, 5.243432
42.146279, 0.057672, 5.243432
42.150054, 0.057672, 5.243432
42.153742, 0.057672, 5.243432
42.157213, 0.057672, 5.243432
42.160606, 0.057672, 5.243432
42.164180, 0.057672, 5.243432
42.168773, 0.057672, 5.243432
42.173081, 0.057672, 5.243432
42.177843, 0.057672, 5.243432
42.183080, 0.055122, 5.011607
42.186891, 0.057672, 5.243432
42.190073, 0.055122, 5.011607
42.192826, 0.055122, 5.011607
42.195678, 0.055122, 5.011607
42.198890, 0.057672, 5.243432
42.203096, 0.055122, 5.011607
42.206516, 0.057672, 5.243432
42.210149, 0.057672, 5.243432
42.213860, 0.057672, 5.243432
42.217168, 0.057672, 5.243432
42.220663, 0.057672, 5.243432
42.223387, 0.057672, 5.243432
42.225902, 0.057672, 5.243432
42.228611, 0.057672, 5.243432
42.231543, 0.055122, 5.011607
42.235211, 0.057672, 5.243432
42.239663, 0.055122, 5.011607
42.242751, 0.055122, 5.011607
42.245801, 0.055122, 5.011607
42.249409, 0.057672, 5.243432
42.252495, 0.057672, 5.243432
42.255535, 0.057672, 5.243432
42.258775, 0.055122, 5.011607
42.262412, 0.055122, 5.011607
42.264576, 0.057672, 5.243432
42.266988, 0.057672, 5.243432
42.269389, 0.057672, 5.243432
42.271963, 0.057672, 5.243432
42.274579, 0.057672, 5.243432
42.277676, 0.055122, 5.011607
42.280878, 0.057672, 5.243432
42.285104, 0.055122, 5.011607
42.288225, 0.057672, 5.243432
42.291432, 0.055122, 5.011607
42.294928, 0.055122, 5.011607
42.297967, 0.055122, 5.011607
42.301315, 0.057672, 5.243432
42.304393, 0.057672, 5.243432
42.307962, 0.055122, 5.011607
42.311124, 0.057672, 5.243432
42.314669, 0.055122, 5.011607
42.317923, 0.057672, 5.243432
42.321104, 0.057672, 5.243432
42.323927, 0.057672, 5.243432
42.326732, 0.057672, 5.243432
42.329548, 0.057672, 5.243432
42.332940, 0.057672, 5.243432
42.336206, 0.055122, 5.011607
42.338969, 0.057672, 5.243432
42.341611, 0.057672, 5.243432
42.345147, 0.057672, 5.243432
42.347720, 0.057672, 5.243432
42.350387, 0.057672, 5.243432
42.352977, 0.057672, 5.243432
42.355606, 0.057672, 5.243432
42.358257, 0.055122, 5.011607
42.360915, 0.057672, 5.243432
42.363700, 0.057672, 5.243432
42.366636, 0.057672, 5.243432
42.369507, 0.057672, 5.243432
42.372292, 0.057672, 5.243432
42.375087, 0.055122, 5.011607
42.377880, 0.057672, 5.243432
42.380658, 0.057672, 5.243432
42.383769, 0.055122, 5.011607
42.386814, 0.055122, 5.011607
42.389064, 0.057672, 5.243432
42.391385, 0.057672, 5.243432
42.394204, 0.057672, 5.243432
42.396961, 0.055122, 5.011607
42.399791, 0.057672, 5.243432
42.403160, 0.057672, 5.243432
42.406073, 0.057672, 5.243432
42.408975, 0.057672, 5.243432
42.411818, 0.057672, 5.243432
42.414921, 0.057672, 5.243432
42.417884, 0.057672, 5.243432
42.420782, 0.055122, 5.011607
42.423576, 0.057672, 5.243432
42.426364, 0.057672, 5.243432
42.429093, 0.057672, 5.243432
42.431827, 0.055122, 5.011607
42.434514, 0.057672, 5.243432
42.437223, 0.055122, 5.011607
42.439851, 0.057672, 5.243432
42.442515, 0.055122, 5.011607
42.445159, 0.057672, 5.243432
42.448080, 0.057672, 5.243432
42.450291, 0.055122, 5.011607
42.452601, 0.057672, 5.243432
42.455241, 0.057672, 5.243432
42.458733, 0.057672, 5.243432
42.461174, 0.055122, 5.011607
42.463661, 0.057672, 5.243432
42.466658, 0.057672, 5.243432
42.469352, 0.057672, 5.243432
42.471928, 0.057672, 5.243432
42.475428, 0.057672, 5.243432
42.478368, 0.055122, 5.011607
42.480939, 0.055122, 5.011607
42.484137, 0.057672, 5.243432
42.486492, 0.055122, 5.011607
42.488984, 0.057672, 5.243432
42.491603, 0.057672, 5.243432
42.494354, 0.057672, 5.243432
42.497253, 0.057672, 5.243432
42.500409, 0.057672, 5.243432
42.503113, 0.057672, 5.243432
42.505603, 0.057672, 5.243432
42.508080, 0.057672, 5.243432
42.511165, 0.057672, 5.243432
42.513290, 0.057672, 5.243432
42.515898, 0.057672, 5.243432
42.521503, 0.057672, 5.243432
42.526297, 0.057672, 5.243432
42.530208, 0.057672, 5.243432
42.533402, 0.057672, 5.243432
42.536396, 0.057672, 5.243432
42.538622, 0.057672, 5.243432
42.540828, 0.057672, 5.243432
42.543220, 0.055122, 5.011607
42.545845, 0.057672, 5.243432
42.549069, 0.057672, 5.243432
42.552668, 0.057672, 5.243432
42.554837, 0.057672, 5.243432
42.557217, 0.055122, 5.011607
42.559849, 0.057672, 5.243432
42.562904, 0.057672, 5.243432
42.565826, 0.055122, 5.011607
42.568790, 0.055122, 5.011607
42.571399, 0.057672, 5.243432
42.573972, 0.057672, 5.243432
42.576697, 0.057672, 5.243432
42.579449, 0.057672, 5.243432
42.582582, 0.055122, 5.011607
42.585628, 0.055122, 5.011607
42.588084, 0.055122, 5.011607
42.590551, 0.057672, 5.243432
42.593884, 0.057672, 5.243432
42.596157, 0.057672, 5.243432
42.598643, 0.057672, 5.243432
42.602196, 0.057672, 5.243432
42.605344, 0.057672, 5.243432
42.607863, 0.057672, 5.243432
42.610183, 0.055122, 5.011607
42.613306, 0.057672, 5.243432
42.617232, 0.055122, 5.011607
42.620177, 0.057672, 5.243432
42.622661, 0.057672, 5.243432
42.624953, 0.057672, 5.243432
42.627482, 0.057672, 5.243432
42.630126, 0.057672, 5.243432
42.633204, 0.057672, 5.243432
42.638588, 0.057672, 5.243432
42.642759, 0.057672, 5.243432
42.646033, 0.057672, 5.243432
42.648858, 0.055122, 5.011607
42.651435, 0.057672, 5.243432
42.653864, 0.055122, 5.011607
42.656286, 0.057672, 5.243432
42.658913, 0.055122, 5.011607
42.661485, 0.057672, 5.243432
42.664527, 0.055122, 5.011607
42.667629, 0.057672, 5.243432
42.669772, 0.057672, 5.243432
42.672115, 0.057672, 5.243432
42.675843, 0.055122, 5.011607
42.679582, 0.055122, 5.011607
42.683058, 0.055122, 5.011607
42.686277, 0.057672, 5.243432
42.688635, 0.055122, 5.011607
42.691596, 0.057672, 5.243432
42.694346, 0.057672, 5.243432
42.697008, 0.057672, 5.243432
42.700207, 0.055122, 5.011607
42.702659, 0.055122, 5.011607
42.705444, 0.055122, 5.011607
42.708044, 0.057672, 5.243432
42.710735, 0.057672, 5.243432
42.713685, 0.057672, 5.243432
42.718272, 0.055122, 5.011607
42.720875, 0.057672, 5.243432
42.723382, 0.055122, 5.011607
42.726295, 0.057672, 5.243432
42.728902, 0.057672, 5.243432
42.731730, 0.055122, 5.011607
42.735085, 0.055122, 5.011607
42.738210, 0.057672, 5.243432
42.740383, 0.055122, 5.011607
42.742892, 0.057672, 5.243432
42.746008, 0.057672, 5.243432
42.749437, 0.057672, 5.243432
42.751934, 0.057672, 5.243432
42.754512, 0.057672, 5.243432
42.757135, 0.057672, 5.243432
42.759839, 0.055122, 5.011607
42.762589, 0.055122, 5.011607
42.766644, 0.057672, 5.243432
42.769923, 0.055122, 5.011607
42.772305, 0.055122, 5.011607
42.774954, 0.057672, 5.243432
42.778029, 0.057672, 5.243432
42.782177, 0.057672, 5.243432
42.785904, 0.057672, 5.243432
42.788299, 0.055122, 5.011607
42.790550, 0.057672, 5.243432
42.792932, 0.055122, 5.011607
42.795622, 0.057672, 5.243432
42.798571, 0.055122, 5.011607
42.802627, 0.057672, 5.243432
42.806625, 0.055122, 5.011607
42.810328, 0.055122, 5.011607
42.813634, 0.057672, 5.243432
42.817807, 0.057672, 5.243432
42.820262, 0.057672, 5.243432
42.822587, 0.057672, 5.243432
42.825156, 0.057672, 5.243432
42.827719, 0.057672, 5.243432
42.830469, 0.057672, 5.243432
42.834088, 0.057672, 5.243432
42.837218, 0.057672, 5.243432
42.839240, 0.057672, 5.243432
42.841617, 0.057672, 5.243432
42.844352, 0.057672, 5.243432
42.847284, 0.057672, 5.243432
42.862016, 0.057672, 5.243432
42.866981, 0.057672, 5.243432
42.870454, 0.057672, 5.243432
42.873601, 0.057672, 5.243432
42.876672, 0.057672, 5.243432
42.879730, 0.055122, 5.011607
42.882824, 0.057672, 5.243432
42.885945, 0.057672, 5.243432
42.889110, 0.055122, 5.011607
42.892269, 0.055122, 5.011607
42.895655, 0.057672, 5.243432
42.899184, 0.057672, 5.243432
42.902988, 0.055122, 5.011607
42.906769, 0.057672, 5.243432
42.910178, 0.057672, 5.243432
42.913372, 0.057672, 5.243432
42.916470, 0.057672, 5.243432
42.919731, 0.057672, 5.243432
42.922814, 0.057672, 5.243432
42.925965, 0.057672, 5.243432
42.928593, 0.057672, 5.243432
42.931247, 0.057672, 5.243432
42.934548, 0.057672, 5.243432
42.937651, 0.057672, 5.243432
42.940660, 0.057672, 5.243432
42.944051, 0.057672, 5.243432
42.947587, 0.057672, 5.243432
42.950909, 0.057672, 5.243432
42.954273, 0.055122, 5.011607
42.956875, 0.057672, 5.243432
42.960621, 0.057672, 5.243432
42.963564, 0.057672, 5.243432
42.966754, 0.057672, 5.243432
42.969929, 0.057672, 5.243432
42.974385, 0.057672, 5.243432
42.978725, 0.055122, 5.011607
42.982224, 0.057672, 5.243432
42.984887, 0.057672, 5.243432
42.987187, 0.055122, 5.011607
42.989991, 0.055122, 5.011607
42.993600, 0.055122, 5.011607
42.996908, 0.057672, 5.243432
43.000065, 0.055122, 5.011607
43.002592, 0.057672, 5.243432
43.004907, 0.057672, 5.243432
43.007561, 0.055122, 5.011607
43.013734, 0.057672, 5.243432
43.019458, 0.055122, 5.011607
43.023207, 0.057672, 5.243432
43.025623, 0.057672, 5.243432
43.027881, 0.057672, 5.243432
43.030291, 0.057672, 5.243432
43.032794, 0.057672, 5.243432
43.035452, 0.057672, 5.243432
43.038167, 0.057672, 5.243432
43.040955, 0.057672, 5.243432
43.043699, 0.057672, 5.243432
43.046130, 0.057672, 5.243432
43.048573, 0.057672, 5.243432
43.051344, 0.055122, 5.011607
43.054022, 0.055122, 5.011607
43.056792, 0.057672, 5.243432
43.059630, 0.057672, 5.243432
43.062463, 0.055122, 5.011607
43.065603, 0.055122, 5.011607
43.070195, 0.057672, 5.243432
43.073773, 0.055122, 5.011607
43.077997, 0.055122, 5.011607
43.081162, 0.057672, 5.243432
43.084177, 0.057672, 5.243432
43.086625, 0.057672, 5.243432
43.089012, 0.055122, 5.011607
43.091507, 0.057672, 5.243432
43.094455, 0.057672, 5.243432
43.097394, 0.057672, 5.243432
43.099891, 0.057672, 5.243432
43.102534, 0.057672, 5.243432
43.105366, 0.057672, 5.243432
43.108166, 0.057672, 5.243432
43.111010, 0.057672, 5.243432
43.113861, 0.057672, 5.243432
43.117086, 0.057672, 5.243432
43.119488, 0.055122, 5.011607
43.121867, 0.057672, 5.243432
43.124425, 0.057672, 5.243432
43.127102, 0.057672, 5.243432
43.129805, 0.057672, 5.243432
43.132575, 0.057672, 5.243432
43.135485, 0.057672, 5.243432
43.138333, 0.057672, 5.243432
43.141215, 0.057672, 5.243432
43.144053, 0.055122, 5.011607
43.146909, 0.055122, 5.011607
43.149839, 0.057672, 5.243432
43.152921, 0.055122, 5.011607
43.156094, 0.057672, 5.243432
43.158717, 0.057672, 5.243432
43.161119, 0.057672, 5.243432
43.163694, 0.057672, 5.243432
43.166784, 0.057672, 5.243432
43.170375, 0.057672, 5.243432
43.175591, 0.057672, 5.243432
43.179932, 0.057672, 5.243432
43.183646, 0.055122, 5.011607
43.186541, 0.057672, 5.243432
43.189078, 0.057672, 5.243432
43.191663, 0.057672, 5.243432
43.194133, 0.055122, 5.011607
43.196868, 0.057672, 5.243432
43.199824, 0.057672, 5.243432
43.202825, 0.057672, 5.243432
43.205228, 0.057672, 5.243432
43.207897, 0.055122, 5.011607
43.210606, 0.057672, 5.243432
43.213417, 0.057672, 5.243432
43.216530, 0.057672, 5.243432
43.219409, 0.057672, 5.243432
43.221665, 0.057672, 5.243432
43.224129, 0.055122, 5.011607
43.226916, 0.057672, 5.243432
43.229917, 0.057672, 5.243432
43.232756, 0.057672, 5.243432
43.235403, 0.057672, 5.243432
43.238396, 0.057672, 5.243432
43.240827, 0.057672, 5.243432
43.243337, 0.057672, 5.243432
43.245924, 0.057672, 5.243432
43.249078, 0.057672, 5.243432
43.251936, 0.057672, 5.243432
43.254652, 0.057672, 5.243432
43.257408, 0.055122, 5.011607
43.260177, 0.055122, 5.011607
43.262992, 0.057672, 5.243432
43.265925, 0.057672, 5.243432
43.269084, 0.057672, 5.243432
43.271919, 0.057672, 5.243432
43.274110, 0.057672, 5.243432
43.276594, 0.057672, 5.243432
43.280946, 0.057672, 5.243432
43.285295, 0.057672, 5.243432
43.288716, 0.055122, 5.011607
43.291967, 0.057672, 5.243432
43.295069, 0.055122, 5.011607
43.298099, 0.057672, 5.243432
43.301413, 0.055122, 5.011607
43.304728, 0.057672, 5.243432
43.309149, 0.057672, 5.243432
43.312198, 0.057672, 5.243432
43.314753, 0.057672, 5.243432
43.317146, 0.057672, 5.243432
43.319949, 0.057672, 5.243432
43.322818, 0.055122, 5.011607
43.325730, 0.055122, 5.011607
43.328659, 0.055122, 5.011607
43.331534, 0.057672, 5.243432
43.334699, 0.057672, 5.243432
43.337610, 0.057672, 5.243432
43.340570, 0.055122, 5.011607
43.343432, 0.057672, 5.243432
43.346282, 0.057672, 5.243432
43.349515, 0.055122, 5.011607
43.352414, 0.057672, 5.243432
43.354696, 0.057672, 5.243432
43.357104, 0.055122, 5.011607
43.360221, 0.055122, 5.011607
43.363079, 0.057672, 5.243432
43.365466, 0.057672, 5.243432
43.368239, 0.057672, 5.243432
43.370962, 0.055122, 5.011607
43.373893, 0.055122, 5.011607
43.376833, 0.057672, 5.243432
43.379852, 0.057672, 5.243432
43.382893, 0.057672, 5.243432
43.385845, 0.057672, 5.243432
43.388783, 0.057672, 5.243432
43.391670, 0.057672, 5.243432
43.394558, 0.057672, 5.243432
43.397537, 0.057672, 5.243432
43.400702, 0.055122, 5.011607
43.403776, 0.057672, 5.243432
43.406777, 0.057672, 5.243432
43.409843, 0.057672, 5.243432
43.412392, 0.057672, 5.243432
43.414890, 0.055122, 5.011607
43.417575, 0.057672, 5.243432
43.420399, 0.055122, 5.011607
43.423099, 0.055122, 5.011607
43.425860, 0.057672, 5.243432
43.428624, 0.057672, 5.243432
43.432157, 0.057672, 5.243432
43.435078, 0.057672, 5.243432
43.437851, 0.057672, 5.243432
43.440614, 0.057672, 5.243432
43.443379, 0.055122, 5.011607
43.446142, 0.057672, 5.243432
43.448951, 0.055122, 5.011607
43.451838, 0.055122, 5.011607
43.454729, 0.057672, 5.243432
43.457554, 0.055122, 5.011607
43.460453, 0.055122, 5.011607
43.463231, 0.057672, 5.243432
43.466202, 0.055122, 5.011607
43.469215, 0.057672, 5.243432
43.472067, 0.057672, 5.243432
43.474851, 0.055122, 5.011607
43.477798, 0.057672, 5.243432
43.480884, 0.057672, 5.243432
43.484084, 0.055122, 5.011607
43.486628, 0.055122, 5.011607
43.489210, 0.057672, 5.243432
43.492333, 0.057672, 5.243432
43.494758, 0.055122, 5.011607
43.497339, 0.057672, 5.243432
43.500381, 0.057672, 5.243432
43.503936, 0.055122, 5.011607
43.506972, 0.057672, 5.243432
43.509378, 0.055122, 5.011607
43.511898, 0.055122, 5.011607
43.514557, 0.057672, 5.243432
43.517761, 0.057672, 5.243432
43.520892, 0.055122, 5.011607
43.523314, 0.055122, 5.011607
43.525855, 0.057672, 5.243432
43.528671, 0.057672, 5.243432
43.531529, 0.055122, 5.011607
43.534820, 0.057672, 5.243432
43.537888, 0.055122, 5.011607
43.540550, 0.057672, 5.243432
43.542753, 0.055122, 5.011607
43.545510, 0.055122, 5.011607
43.548796, 0.055122, 5.011607
43.552111, 0.055122, 5.011607
43.554524, 0.057672, 5.243432
43.557150, 0.057672, 5.243432
43.559806, 0.055122, 5.011607
43.562752, 0.055122, 5.011607
43.566241, 0.055122, 5.011607
43.568897, 0.057672, 5.243432
43.571323, 0.057672, 5.243432
43.573898, 0.057672, 5.243432
43.576685, 0.057672, 5.243432
43.579533, 0.057672, 5.243432
43.582622, 0.057672, 5.243432
43.585389, 0.057672, 5.243432
43.588181, 0.057672, 5.243432
43.590958, 0.057672, 5.243432
43.594332, 0.055122, 5.011607
43.597225, 0.055122, 5.011607
43.600325, 0.057672, 5.243432
43.602691, 0.057672, 5.243432
43.605207, 0.057672, 5.243432
43.608117, 0.057672, 5.243432
43.611841, 0.057672, 5.243432
43.617651, 0.057672, 5.243432
43.621874, 0.057672, 5.243432
43.625554, 0.057672, 5.243432
43.628889, 0.057672, 5.243432
43.631884, 0.057672, 5.243432
43.635267, 0.057672, 5.243432
43.637594, 0.057672, 5.243432
43.640819, 0.057672, 5.243432
43.644821, 0.055122, 5.011607
43.648071, 0.057672, 5.243432
43.651165, 0.057672, 5.243432
43.653469, 0.057672, 5.243432
43.656016, 0.055122, 5.011607
43.658729, 0.057672, 5.243432
43.661498, 0.057672, 5.243432
43.664289, 0.055122, 5.011607
43.667844, 0.057672, 5.243432
43.670573, 0.057672, 5.243432
43.673229, 0.055122, 5.011607
43.675893, 0.055122, 5.011607
43.678559, 0.057672, 5.243432
43.681409, 0.057672, 5.243432
43.684966, 0.057672, 5.243432
43.687266, 0.057672, 5.243432
43.689820, 0.060222, 5.475256
43.692955, 0.057672, 5.243432
43.698540, 0.057672, 5.243432
43.702151, 0.055122, 5.011607
43.705534, 0.055122, 5.011607
43.708225, 0.055122, 5.011607
43.710844, 0.055122, 5.011607
43.713754, 0.057672, 5.243432
43.716534, 0.057672, 5.243432
43.722561, 0.057672, 5.243432
43.727299, 0.057672, 5.243432
43.731642, 0.055122, 5.011607
43.735349, 0.057672, 5.243432
43.738081, 0.057672, 5.243432
43.740454, 0.057672, 5.243432
43.742664, 0.057672, 5.243432
43.745119, 0.055122, 5.011607
43.747656, 0.057672, 5.243432
43.750993, 0.057672, 5.243432
43.754561, 0.057672, 5.243432
43.758363, 0.057672, 5.243432
43.762128, 0.057672, 5.243432
43.765866, 0.057672, 5.243432
43.769119, 0.057672, 5.243432
43.772287, 0.057672, 5.243432
43.775128, 0.057672, 5.243432
43.777873, 0.055122, 5.011607
43.780627, 0.057672, 5.243432
43.783888, 0.055122, 5.011607
43.786944, 0.057672, 5.243432
43.789696, 0.055122, 5.011607
43.792687, 0.057672, 5.243432
43.795403, 0.055122, 5.011607
43.798340, 0.057672, 5.243432
43.801525, 0.057672, 5.243432
43.804042, 0.057672, 5.243432
43.806468, 0.057672, 5.243432
43.809065, 0.055122, 5.011607
43.811677, 0.057672, 5.243432
43.816082, 0.057672, 5.243432
43.820749, 0.055122, 5.011607
43.824627, 0.057672, 5.243432
43.828097, 0.057672, 5.243432
43.830861, 0.057672, 5.243432
43.833846, 0.057672, 5.243432
43.836221, 0.057672, 5.243432
43.838925, 0.057672, 5.243432
43.841591, 0.057672, 5.243432
43.844437, 0.057672, 5.243432
43.847240, 0.057672, 5.243432
43.850370, 0.057672, 5.243432
43.853331, 0.057672, 5.243432
43.856241, 0.057672, 5.243432
43.859191, 0.057672, 5.243432
43.862841, 0.055122, 5.011607
43.866186, 0.055122, 5.011607
43.869135, 0.057672, 5.243432
43.872121, 0.055122, 5.011607
43.875278, 0.057672, 5.243432
43.878612, 0.055122, 5.011607
43.882906, 0.057672, 5.243432
43.885083, 0.057672, 5.243432
43.887687, 0.057672, 5.243432
43.891115, 0.057672, 5.243432
43.895558, 0.057672, 5.243432
43.899498, 0.057672, 5.243432
43.902984, 0.055122, 5.011607
43.906265, 0.057672, 5.243432
43.909439, 0.057672, 5.243432
43.913113, 0.057672, 5.243432
43.916191, 0.057672, 5.243432
43.920187, 0.055122, 5.011607
43.924151, 0.060222, 5.475256
43.928227, 0.057672, 5.243432
43.932212, 0.057672, 5.243432
43.936209, 0.057672, 5.243432
43.940463, 0.057672, 5.243432
43.944432, 0.057672, 5.243432
43.948070, 0.057672, 5.243432
43.951842, 0.057672, 5.243432
43.955323, 0.057672, 5.243432
43.958663, 0.057672, 5.243432
43.962028, 0.055122, 5.011607
43.965312, 0.057672, 5.243432
43.967297, 0.055122, 5.011607
43.969406, 0.055122, 5.011607
43.971901, 0.055122, 5.011607
43.974709, 0.057672, 5.243432
43.977534, 0.055122, 5.011607
43.980465, 0.055122, 5.011607
43.983491, 0.057672, 5.243432
43.986500, 0.055122, 5.011607
43.989496, 0.057672, 5.243432
43.992500, 0.055122, 5.011607
43.995842, 0.057672, 5.243432
43.998212, 0.055122, 5.011607
44.000499, 0.057672, 5.243432
44.003236, 0.057672, 5.243432
44.006198, 0.057672, 5.243432
44.009628, 0.057672, 5.243432
44.013627, 0.057672, 5.243432
44.017824, 0.057672, 5.243432
44.022052, 0.057672, 5.243432
44.025932, 0.055122, 5.011607
44.029895, 0.057672, 5.243432
44.033937, 0.057672, 5.243432
44.038176, 0.055122, 5.011607
44.042347, 0.057672, 5.243432
44.046585, 0.055122, 5.011607
44.050607, 0.055122, 5.011607
44.054650, 0.057672, 5.243432
44.058784, 0.055122, 5.011607
44.062776, 0.057672, 5.243432
44.066504, 0.055122, 5.011607
44.068696, 0.057672, 5.243432
44.070849, 0.057672, 5.243432
44.073551, 0.055122, 5.011607
44.076280, 0.057672, 5.243432
44.079308, 0.055122, 5.011607
44.082296, 0.057672, 5.243432
44.084486, 0.057672, 5.243432
44.086946, 0.057672, 5.243432
44.089850, 0.057672, 5.243432
44.092969, 0.057672, 5.243432
44.096140, 0.057672, 5.243432
44.099600, 0.057672, 5.243432
44.102861, 0.057672, 5.243432
44.105347, 0.057672, 5.243432
44.107625, 0.057672, 5.243432
44.112480, 0.057672, 5.243432
44.118749, 0.057672, 5.243432
44.123424, 0.057672, 5.243432
44.127685, 0.057672, 5.243432
44.131726, 0.057672, 5.243432
44.134773, 0.057672, 5.243432
44.136866, 0.057672, 5.243432
44.139263, 0.057672, 5.243432
44.141891, 0.057672, 5.243432
44.144561, 0.057672, 5.243432
44.147366, 0.057672, 5.243432
44.150496, 0.057672, 5.243432
44.152922, 0.055122, 5.011607
44.155292, 0.057672, 5.243432
44.157774, 0.057672, 5.243432
44.159993, 0.057672, 5.243432
44.162244, 0.057672, 5.243432
44.164973, 0.055122, 5.011607
44.169374, 0.057672, 5.243432
44.171448, 0.057672, 5.243432
44.173724, 0.055122, 5.011607
44.176317, 0.055122, 5.011607
44.179077, 0.055122, 5.011607
44.181664, 0.057672, 5.243432
44.185476, 0.057672, 5.243432
44.188208, 0.057672, 5.243432
44.190707, 0.057672, 5.243432
44.193236, 0.057672, 5.243432
44.195945, 0.057672, 5.243432
44.198890, 0.057672, 5.243432
44.202217, 0.057672, 5.243432
44.205147, 0.057672, 5.243432
44.208230, 0.057672, 5.243432
44.211734, 0.057672, 5.243432
44.215347, 0.057672, 5.243432
44.218285, 0.057672, 5.243432
44.220723, 0.057672, 5.243432
44.222763, 0.057672, 5.243432
44.225305, 0.057672, 5.243432
44.228305, 0.057672, 5.243432
44.232243, 0.057672, 5.243432
44.235223, 0.055122, 5.011607
44.238124, 0.057672, 5.243432
44.240886, 0.057672, 5.243432
44.242920, 0.057672, 5.243432
44.245437, 0.057672, 5.243432
44.248200, 0.057672, 5.243432
44.250991, 0.057672, 5.243432
44.253592, 0.057672, 5.243432
44.256366, 0.057672, 5.243432
44.259327, 0.057672, 5.243432
44.261983, 0.057672, 5.243432
44.264241, 0.057672, 5.243432
44.267238, 0.057672, 5.243432
44.269435, 0.057672, 5.243432
44.272435, 0.057672, 5.243432
44.275252, 0.057672, 5.243432
44.277758, 0.057672, 5.243432
44.280274, 0.055122, 5.011607
44.283068, 0.057672, 5.243432
44.286552, 0.055122, 5.011607
44.290172, 0.057672, 5.243432
44.293593, 0.057672, 5.243432
44.299929, 0.057672, 5.243432
44.305439, 0.057672, 5.243432
44.309788, 0.055122, 5.011607
44.313941, 0.057672, 5.243432
44.317712, 0.055122, 5.011607
44.321614, 0.057672, 5.243432
44.325619, 0.057672, 5.243432
44.329546, 0.055122, 5.011607
44.333643, 0.057672, 5.243432
44.337007, 0.057672, 5.243432
44.340215, 0.055122, 5.011607
44.343442, 0.057672, 5.243432
44.346573, 0.055122, 5.011607
44.349776, 0.055122, 5.011607
44.351913, 0.057672, 5.243432
44.354247, 0.057672, 5.243432
44.356625, 0.055122, 5.011607
44.359226, 0.055122, 5.011607
44.361881, 0.057672, 5.243432
44.364675, 0.055122, 5.011607
44.366909, 0.057672, 5.243432
44.369207, 0.057672, 5.243432
44.371964, 0.057672, 5.243432
44.374869, 0.055122, 5.011607
44.378086, 0.057672, 5.243432
44.381172, 0.055122, 5.011607
44.384508, 0.055122, 5.011607
44.387919, 0.057672, 5.243432
44.391583, 0.057672, 5.243432
44.393614, 0.057672, 5.243432
44.395639, 0.057672, 5.243432
44.398126, 0.057672, 5.243432
44.401662, 0.055122, 5.011607
44.406673, 0.057672, 5.243432
44.411290, 0.057672, 5.243432
44.414336, 0.057672, 5.243432
44.418009, 0.057672, 5.243432
44.421000, 0.057672, 5.243432
44.424012, 0.055122, 5.011607
44.427120, 0.057672, 5.243432
44.430313, 0.057672, 5.243432
44.433510, 0.057672, 5.243432
44.437515, 0.057672, 5.243432
44.440533, 0.057672, 5.243432
44.443703, 0.057672, 5.243432
44.446961, 0.057672, 5.243432
44.450727, 0.057672, 5.243432
44.453878, 0.057672, 5.243432
44.456985, 0.057672, 5.243432
44.459923, 0.055122, 5.011607
44.462865, 0.057672, 5.243432
44.465983, 0.055122, 5.011607
44.469109, 0.055122, 5.011607
44.472171, 0.057672, 5.243432
44.475282, 0.055122, 5.011607
44.478381, 0.055122, 5.011607
44.481367, 0.057672, 5.243432
44.484743, 0.055122, 5.011607
44.487818, 0.055122, 5.011607
44.490847, 0.057672, 5.243432
44.493909, 0.057672, 5.243432
44.496992, 0.057672, 5.243432
44.500089, 0.057672, 5.243432
44.503094, 0.057672, 5.243432
44.506297, 0.057672, 5.243432
44.509234, 0.055122, 5.011607
44.512233, 0.057672, 5.243432
44.515485, 0.055122, 5.011607
44.518759, 0.057672, 5.243432
44.521995, 0.057672, 5.243432
44.525347, 0.057672, 5.243432
44.528605, 0.055122, 5.011607
44.531818, 0.055122, 5.011607
44.535082, 0.057672, 5.243432
44.538120, 0.057672, 5.243432
44.541061, 0.057672, 5.243432
44.543998, 0.057672, 5.243432
44.547610, 0.057672, 5.243432
44.551592, 0.057672, 5.243432
44.554634, 0.057672, 5.243432
44.557606, 0.057672, 5.243432
44.560616, 0.057672, 5.243432
44.563589, 0.057672, 5.243432
44.567041, 0.057672, 5.243432
44.570231, 0.057672, 5.243432
44.573311, 0.057672, 5.243432
44.576597, 0.057672, 5.243432
44.580299, 0.055122, 5.011607
44.584682, 0.057672, 5.243432
44.587698, 0.055122, 5.011607
44.591300, 0.057672, 5.243432
44.594383, 0.057672, 5.243432
44.597952, 0.057672, 5.243432
44.602367, 0.057672, 5.243432
44.605510, 0.057672, 5.243432
44.608757, 0.057672, 5.243432
44.611934, 0.055122, 5.011607
44.615152, 0.057672, 5.243432
44.618650, 0.057672, 5.243432
44.621675, 0.057672, 5.243432
44.624799, 0.055122, 5.011607
44.627742, 0.055122, 5.011607
44.630786, 0.055122, 5.011607
44.634068, 0.057672, 5.243432
44.637140, 0.057672, 5.243432
44.640204, 0.057672, 5.243432
44.643290, 0.057672, 5.243432
44.646426, 0.057672, 5.243432
44.649720, 0.057672, 5.243432
44.653015, 0.057672, 5.243432
44.656225, 0.057672, 5.243432
44.659538, 0.055122, 5.011607
44.662749, 0.055122, 5.011607
44.666018, 0.055122, 5.011607
44.669587, 0.055122, 5.011607
44.672888, 0.057672, 5.243432
44.676122, 0.057672, 5.243432
44.679320, 0.055122, 5.011607
44.682545, 0.055122, 5.011607
44.685783, 0.055122, 5.011607
44.689139, 0.057672, 5.243432
44.692379, 0.057672, 5.243432
44.695606, 0.057672, 5.243432
44.698899, 0.057672, 5.243432
44.702278, 0.057672, 5.243432
44.705561, 0.055122, 5.011607
44.708885, 0.055122, 5.011607
44.712626, 0.057672, 5.243432
44.718235, 0.057672, 5.243432
44.721384, 0.057672, 5.243432
44.724534, 0.057672, 5.243432
44.727541, 0.057672, 5.243432
44.730600, 0.055122, 5.011607
44.734831, 0.055122, 5.011607
44.737851, 0.055122, 5.011607
44.741157, 0.057672, 5.243432
44.744208, 0.057672, 5.243432
44.748949, 0.055122, 5.011607
44.752699, 0.055122, 5.011607
44.755972, 0.055122, 5.011607
44.759298, 0.057672, 5.243432
44.762498, 0.057672, 5.243432
44.765742, 0.057672, 5.243432
44.769258, 0.057672, 5.243432
44.772581, 0.057672, 5.243432
44.775887, 0.057672, 5.243432
44.779267, 0.057672, 5.243432
44.782600, 0.057672, 5.243432
44.785932, 0.057672, 5.243432
44.789281, 0.057672, 5.243432
44.792520, 0.057672, 5.243432
44.795748, 0.057672, 5.243432
44.799928, 0.055122, 5.011607
44.803327, 0.057672, 5.243432
44.806623, 0.057672, 5.243432
44.810065, 0.055122, 5.011607
44.813491, 0.057672, 5.243432
44.816880, 0.055122, 5.011607
44.818843, 0.057672, 5.243432
44.821336, 0.057672, 5.243432
44.823929, 0.057672, 5.243432
44.826574, 0.055122, 5.011607
44.829235, 0.055122, 5.011607
44.833102, 0.057672, 5.243432
44.835986, 0.057672, 5.243432
44.838718, 0.055122, 5.011607
44.841661, 0.057672, 5.243432
44.844935, 0.057672, 5.243432
44.846976, 0.057672, 5.243432
44.849783, 0.057672, 5.243432
44.852586, 0.057672, 5.243432
44.855137, 0.057672, 5.243432
44.857681, 0.055122, 5.011607
44.860337, 0.055122, 5.011607
44.862939, 0.057672, 5.243432
44.866388, 0.057672, 5.243432
44.869242, 0.057672, 5.243432
44.872635, 0.057672, 5.243432
44.875463, 0.057672, 5.243432
44.878307, 0.057672, 5.243432
44.881284, 0.057672, 5.243432
44.883682, 0.057672, 5.243432
44.885886, 0.057672, 5.243432
44.888436, 0.057672, 5.243432
44.891267, 0.057672, 5.243432
44.894187, 0.057672, 5.243432
44.897274, 0.055122, 5.011607
44.900799, 0.057672, 5.243432
44.906483, 0.057672, 5.243432
44.911194, 0.055122, 5.011607
44.915347, 0.057672, 5.243432
44.917903, 0.057672, 5.243432
44.920042, 0.057672, 5.243432
44.922659, 0.057672, 5.243432
44.925417, 0.055122, 5.011607
44.928297, 0.057672, 5.243432
44.931233, 0.055122, 5.011607
44.934431, 0.057672, 5.243432
44.936862, 0.055122, 5.011607
44.939517, 0.057672, 5.243432
44.942645, 0.057672, 5.243432
44.945045, 0.057672, 5.243432
44.947180, 0.057672, 5.243432
44.950348, 0.055122, 5.011607
44.953063, 0.055122, 5.011607
44.955888, 0.057672, 5.243432
44.958880, 0.057672, 5.243432
44.961445, 0.055122, 5.011607
44.968565, 0.055122, 5.011607
44.973671, 0.057672, 5.243432
44.976265, 0.057672, 5.243432
44.978719, 0.057672, 5.243432
44.981313, 0.055122, 5.011607
44.984168, 0.057672, 5.243432
44.987056, 0.057672, 5.243432
44.989987, 0.057672, 5.243432
44.992935, 0.057672, 5.243432
44.995964, 0.057672, 5.243432
44.999831, 0.057672, 5.243432
45.004390, 0.057672, 5.243432
45.006915, 0.057672, 5.243432
45.009280, 0.057672, 5.243432
45.011911, 0.057672, 5.243432
45.015173, 0.057672, 5.243432
45.020322, 0.057672, 5.243432
45.025165, 0.057672, 5.243432
45.029965, 0.057672, 5.243432
45.034165, 0.057672, 5.243432
45.038349, 0.057672, 5.243432
45.042330, 0.057672, 5.243432
45.046504, 0.055122, 5.011607
45.050561, 0.055122, 5.011607
45.054551, 0.057672, 5.243432
45.058489, 0.057672, 5.243432
45.062588, 0.057672, 5.243432
45.066015, 0.057672, 5.243432
45.068431, 0.057672, 5.243432
45.071143, 0.055122, 5.011607
45.074603, 0.057672, 5.243432
45.076744, 0.057672, 5.243432
45.079566, 0.057672, 5.243432
45.083024, 0.057672, 5.243432
45.086380, 0.057672, 5.243432
45.088723, 0.057672, 5.243432
45.094741, 0.057672, 5.243432
45.101266, 0.057672, 5.243432
45.106143, 0.057672, 5.243432
45.111226, 0.057672, 5.243432
45.116146, 0.057672, 5.243432
45.118969, 0.057672, 5.243432
45.122979, 0.057672, 5.243432
45.127185, 0.057672, 5.243432
45.132062, 0.057672, 5.243432
45.136131, 0.057672, 5.243432
45.139620, 0.057672, 5.243432
45.143292, 0.055122, 5.011607
45.147013, 0.057672, 5.243432
45.149707, 0.057672, 5.243432
45.152850, 0.057672, 5.243432
45.155842, 0.057672, 5.243432
45.158814, 0.057672, 5.243432
45.163385, 0.055122, 5.011607
45.168063, 0.057672, 5.243432
45.174552, 0.055122, 5.011607
45.180367, 0.057672, 5.243432
45.185855, 0.055122, 5.011607
45.191029, 0.057672, 5.243432
45.195236, 0.057672, 5.243432
45.199153, 0.057672, 5.243432
45.202857, 0.057672, 5.243432
45.206256, 0.057672, 5.243432
45.209632, 0.057672, 5.243432
45.213323, 0.057672, 5.243432
45.216625, 0.057672, 5.243432
45.219980, 0.057672, 5.243432
45.223505, 0.057672, 5.243432
45.226973, 0.057672, 5.243432
45.231251, 0.057672, 5.243432
45.235601, 0.057672, 5.243432
45.239021, 0.057672, 5.243432
45.242379, 0.057672, 5.243432
45.245629, 0.055122, 5.011607
45.248566, 0.055122, 5.011607
45.251598, 0.057672, 5.243432
45.254880, 0.057672, 5.243432
45.258643, 0.057672, 5.243432
45.262932, 0.057672, 5.243432
45.266819, 0.057672, 5.243432
45.270107, 0.057672, 5.243432
45.273852, 0.057672, 5.243432
45.277743, 0.057672, 5.243432
45.281831, 0.055122, 5.011607
45.286381, 0.057672, 5.243432
45.291941, 0.057672, 5.243432
45.297477, 0.057672, 5.243432
45.302892, 0.055122, 5.011607
45.307825, 0.057672, 5.243432
45.312581, 0.057672, 5.243432
45.317392, 0.057672, 5.243432
45.321563, 0.057672, 5.243432
45.326203, 0.057672, 5.243432
45.331227, 0.057672, 5.243432
45.333863, 0.057672, 5.243432
45.336337, 0.057672, 5.243432
45.339340, 0.057672, 5.243432
45.342500, 0.057672, 5.243432
45.345707, 0.057672, 5.243432
45.349751, 0.057672, 5.243432
45.353859, 0.055122, 5.011607
45.358240, 0.055122, 5.011607
45.362907, 0.057672, 5.243432
45.367536, 0.057672, 5.243432
45.370442, 0.055122, 5.011607
45.372923, 0.057672, 5.243432
45.375884, 0.055122, 5.011607
45.378388, 0.057672, 5.243432
45.381066, 0.057672, 5.243432
45.386546, 0.057672, 5.243432
45.390270, 0.057672, 5.243432
45.396065, 0.057672, 5.243432
45.399826, 0.057672, 5.243432
45.403184, 0.055122, 5.011607
45.406261, 0.057672, 5.243432
45.409780, 0.057672, 5.243432
45.413577, 0.055122, 5.011607
45.418897, 0.057672, 5.243432
45.422375, 0.057672, 5.243432
45.424856, 0.057672, 5.243432
45.428220, 0.057672, 5.243432
45.433665, 0.060222, 5.475256
45.437562, 0.057672, 5.243432
45.440798, 0.057672, 5.243432
45.443632, 0.057672, 5.243432
45.446231, 0.057672, 5.243432
45.449838, 0.055122, 5.011607
45.453487, 0.055122, 5.011607
45.456629, 0.055122, 5.011607
45.459868, 0.057672, 5.243432
45.463027, 0.057672, 5.243432
45.465390, 0.057672, 5.243432
45.468212, 0.057672, 5.243432
45.472974, 0.055122, 5.011607
45.476991, 0.057672, 5.243432
45.481739, 0.055122, 5.011607
45.485696, 0.055122, 5.011607
45.490664, 0.057672, 5.243432
45.495046, 0.057672, 5.243432
45.498352, 0.057672, 5.243432
45.501730, 0.057672, 5.243432
45.505759, 0.057672, 5.243432
45.510585, 0.057672, 5.243432
45.513615, 0.057672, 5.243432
45.517356, 0.057672, 5.243432
45.520818, 0.057672, 5.243432
45.523986, 0.057672, 5.243432
45.527017, 0.057672, 5.243432
45.530043, 0.057672, 5.243432
45.533416, 0.057672, 5.243432
45.537368, 0.057672, 5.243432
45.540625, 0.055122, 5.011607
45.543790, 0.057672, 5.243432
45.546955, 0.057672, 5.243432
45.550342, 0.057672, 5.243432
45.554075, 0.057672, 5.243432
45.557539, 0.057672, 5.243432
45.560302, 0.057672, 5.243432
45.562550, 0.057672, 5.243432
45.565630, 0.057672, 5.243432
45.569738, 0.057672, 5.243432
45.572953, 0.057672, 5.243432
45.576304, 0.057672, 5.243432
45.578710, 0.057672, 5.243432
45.581476, 0.055122, 5.011607
45.585116, 0.057672, 5.243432
45.588998, 0.057672, 5.243432
45.592777, 0.057672, 5.243432
45.595807, 0.057672, 5.243432
45.599965, 0.057672, 5.243432
45.603183, 0.055122, 5.011607
45.605838, 0.057672, 5.243432
45.608468, 0.055122, 5.011607
45.611165, 0.057672, 5.243432
45.614642, 0.057672, 5.243432
45.618814, 0.057672, 5.243432
45.621533, 0.057672, 5.243432
45.624239, 0.057672, 5.243432
45.628741, 0.057672, 5.243432
45.632022, 0.057672, 5.243432
45.635048, 0.057672, 5.243432
45.637724, 0.057672, 5.243432
45.640680, 0.057672, 5.243432
45.643507, 0.057672, 5.243432
45.646980, 0.057672, 5.243432
45.651385, 0.057672, 5.243432
45.656577, 0.057672, 5.243432
45.659661, 0.057672, 5.243432
45.662980, 0.055122, 5.011607
45.667451, 0.057672, 5.243432
45.671732, 0.057672, 5.243432
45.674629, 0.057672, 5.243432
45.677054, 0.055122, 5.011607
45.679800, 0.057672, 5.243432
45.683504, 0.057672, 5.243432
45.687269, 0.057672, 5.243432
45.690706, 0.057672, 5.243432
45.694121, 0.057672, 5.243432
45.697383, 0.057672, 5.243432
45.701124, 0.057672, 5.243432
45.704084, 0.057672, 5.243432
45.706747, 0.055122, 5.011607
45.711225, 0.057672, 5.243432
45.714251, 0.055122, 5.011607
45.718476, 0.057672, 5.243432
45.721002, 0.057672, 5.243432
45.724029, 0.057672, 5.243432
45.726342, 0.055122, 5.011607
45.728877, 0.055122, 5.011607
45.731919, 0.055122, 5.011607
45.735679, 0.057672, 5.243432
45.738470, 0.057672, 5.243432
45.741425, 0.057672, 5.243432
45.744350, 0.057672, 5.243432
45.747352, 0.057672, 5.243432
45.751111, 0.055122, 5.011607
45.753844, 0.057672, 5.243432
45.758144, 0.057672, 5.243432
45.760637, 0.057672, 5.243432
45.763115, 0.057672, 5.243432
45.767539, 0.055122, 5.011607
45.771389, 0.057672, 5.243432
45.774930, 0.057672, 5.243432
45.777256, 0.057672, 5.243432
45.780418, 0.057672, 5.243432
45.784321, 0.057672, 5.243432
45.787325, 0.055122, 5.011607
45.790002, 0.055122, 5.011607
45.792717, 0.057672, 5.243432
45.795640, 0.055122, 5.011607
45.798637, 0.057672, 5.243432
45.802692, 0.057672, 5.243432
45.805488, 0.057672, 5.243432
45.808180, 0.057672, 5.243432
45.810895, 0.057672, 5.243432
45.813645, 0.057672, 5.243432
45.817119, 0.057672, 5.243432
45.820465, 0.057672, 5.243432
45.824051, 0.057672, 5.243432
45.827380, 0.057672, 5.243432
45.830605, 0.055122, 5.011607
45.835297, 0.055122, 5.011607
45.838592, 0.057672, 5.243432
45.841737, 0.060222, 5.475256
45.844864, 0.057672, 5.243432
45.848022, 0.057672, 5.243432
45.854315, 0.057672, 5.243432
45.857351, 0.057672, 5.243432
45.860310, 0.057672, 5.243432
45.863317, 0.057672, 5.243432
45.867086, 0.057672, 5.243432
45.871425, 0.057672, 5.243432
45.875576, 0.057672, 5.243432
45.879873, 0.057672, 5.243432
45.884676, 0.057672, 5.243432
45.889485, 0.055122, 5.011607
45.893217, 0.055122, 5.011607
45.896654, 0.057672, 5.243432
45.899948, 0.057672, 5.243432
45.903348, 0.057672, 5.243432
45.906876, 0.057672, 5.243432
45.910338, 0.057672, 5.243432
45.914628, 0.057672, 5.243432
45.920598, 0.057672, 5.243432
45.925024, 0.055122, 5.011607
45.929081, 0.057672, 5.243432
45.932289, 0.057672, 5.243432
45.936398, 0.057672, 5.243432
45.939829, 0.057672, 5.243432
45.943692, 0.057672, 5.243432
45.947133, 0.057672, 5.243432
45.951553, 0.055122, 5.011607
45.955481, 0.057672, 5.243432
45.959535, 0.057672, 5.243432
45.963506, 0.057672, 5.243432
45.967168, 0.057672, 5.243432
45.969650, 0.057672, 5.243432
45.972895, 0.055122, 5.011607
45.976970, 0.057672, 5.243432
45.982552, 0.057672, 5.243432
45.986816, 0.057672, 5.243432
45.990987, 0.057672, 5.243432
45.995014, 0.057672, 5.243432
45.998826, 0.057672, 5.243432
46.003829, 0.057672, 5.243432
46.009968, 0.057672, 5.243432
46.015501, 0.057672, 5.243432
46.018470, 0.057672, 5.243432
46.023314, 0.057672, 5.243432
46.028553, 0.055122, 5.011607
46.032950, 0.057672, 5.243432
46.035544, 0.055122, 5.011607
46.039273, 0.057672, 5.243432
46.042435, 0.057672, 5.243432
46.045488, 0.057672, 5.243432
46.048627, 0.057672, 5.243432
46.050906, 0.057672, 5.243432
46.055868, 0.057672, 5.243432
46.060682, 0.057672, 5.243432
46.065621, 0.057672, 5.243432
46.070549, 0.057672, 5.243432
46.075628, 0.057672, 5.243432
46.080778, 0.057672, 5.243432
46.085502, 0.057672, 5.243432
46.088836, 0.055122, 5.011607
46.091325, 0.057672, 5.243432
46.094213, 0.057672, 5.243432
46.099055, 0.057672, 5.243432
46.103450, 0.055122, 5.011607
46.107815, 0.057672, 5.243432
46.111722, 0.057672, 5.243432
46.115406, 0.057672, 5.243432
46.118168, 0.057672, 5.243432
46.121406, 0.057672, 5.243432
46.125100, 0.057672, 5.243432
46.128820, 0.055122, 5.011607
46.132273, 0.057672, 5.243432
46.135470, 0.057672, 5.243432
46.139654, 0.057672, 5.243432
46.143653, 0.057672, 5.243432
46.147620, 0.057672, 5.243432
46.150556, 0.057672, 5.243432
46.152666, 0.055122, 5.011607
46.156569, 0.057672, 5.243432
46.161150, 0.057672, 5.243432
46.165021, 0.057672, 5.243432
46.168451, 0.057672, 5.243432
46.171773, 0.055122, 5.011607
46.176978, 0.055122, 5.011607
46.181206, 0.057672, 5.243432
46.185091, 0.055122, 5.011607
46.189347, 0.057672, 5.243432
46.193894, 0.057672, 5.243432
46.198373, 0.057672, 5.243432
46.201618, 0.055122, 5.011607
46.204471, 0.057672, 5.243432
46.207514, 0.057672, 5.243432
46.212888, 0.057672, 5.243432
46.218181, 0.057672, 5.243432
46.222801, 0.057672, 5.243432
46.226876, 0.055122, 5.011607
46.230758, 0.057672, 5.243432
46.234237, 0.057672, 5.243432
46.237334, 0.057672, 5.243432
46.240261, 0.057672, 5.243432
46.242921, 0.055122, 5.011607
46.245595, 0.057672, 5.243432
46.248870, 0.057672, 5.243432
46.252150, 0.055122, 5.011607
46.255384, 0.057672, 5.243432
46.258880, 0.055122, 5.011607
46.262535, 0.055122, 5.011607
46.266514, 0.057672, 5.243432
46.269737, 0.057672, 5.243432
46.273110, 0.057672, 5.243432
46.276527, 0.057672, 5.243432
46.280153, 0.055122, 5.011607
46.283805, 0.055122, 5.011607
46.288123, 0.057672, 5.243432
46.293038, 0.057672, 5.243432
46.297440, 0.057672, 5.243432
46.302108, 0.057672, 5.243432
46.306396, 0.057672, 5.243432
46.312153, 0.057672, 5.243432
46.317371, 0.055122, 5.011607
46.321715, 0.057672, 5.243432
46.326386, 0.055122, 5.011607
46.330672, 0.057672, 5.243432
46.335109, 0.057672, 5.243432
46.340102, 0.057672, 5.243432
46.344202, 0.057672, 5.243432
46.347527, 0.055122, 5.011607
46.350937, 0.057672, 5.243432
46.354563, 0.057672, 5.243432
46.358150, 0.057672, 5.243432
46.362269, 0.057672, 5.243432
46.366147, 0.057672, 5.243432
46.369513, 0.057672, 5.243432
46.374542, 0.057672, 5.243432
46.379194, 0.057672, 5.243432
46.384260, 0.057672, 5.243432
46.387900, 0.055122, 5.011607
46.391242, 0.055122, 5.011607
46.394338, 0.057672, 5.243432
46.397430, 0.057672, 5.243432
46.401512, 0.057672, 5.243432
46.404885, 0.057672, 5.243432
46.406791, 0.055122, 5.011607
46.409060, 0.057672, 5.243432
46.411642, 0.057672, 5.243432
46.414560, 0.055122, 5.011607
46.416809, 0.057672, 5.243432
46.419309, 0.057672, 5.243432
46.422373, 0.055122, 5.011607
46.425363, 0.057672, 5.243432
46.428372, 0.057672, 5.243432
46.431438, 0.057672, 5.243432
46.434590, 0.057672, 5.243432
46.437709, 0.057672, 5.243432
46.441025, 0.057672, 5.243432
46.444721, 0.057672, 5.243432
46.448493, 0.057672, 5.243432
46.451839, 0.057672, 5.243432
46.455411, 0.057672, 5.243432
46.459222, 0.057672, 5.243432
46.462859, 0.055122, 5.011607
46.466399, 0.057672, 5.243432
46.469928, 0.057672, 5.243432
46.473616, 0.057672, 5.243432
46.477404, 0.055122, 5.011607
46.481143, 0.057672, 5.243432
46.484401, 0.057672, 5.243432
46.488133, 0.057672, 5.243432
46.491602, 0.057672, 5.243432
46.494918, 0.057672, 5.243432
46.498273, 0.057672, 5.243432
46.502614, 0.055122, 5.011607
46.506049, 0.055122, 5.011607
46.509114, 0.057672, 5.243432
46.512339, 0.057672, 5.243432
46.515720, 0.057672, 5.243432
46.519404, 0.057672, 5.243432
46.523020, 0.057672, 5.243432
46.526470, 0.057672, 5.243432
46.530681, 0.057672, 5.243432
46.536433, 0.057672, 5.243432
46.541499, 0.057672, 5.243432
46.546176, 0.057672, 5.243432
46.550247, 0.057672, 5.243432
46.553780, 0.055122, 5.011607
46.557375, 0.055122, 5.011607
46.560892, 0.057672, 5.243432
46.564376, 0.057672, 5.243432
46.568356, 0.057672, 5.243432
46.572623, 0.057672, 5.243432
46.577058, 0.057672, 5.243432
46.581189, 0.057672, 5.243432
46.584937, 0.057672, 5.243432
46.588383, 0.055122, 5.011607
46.591893, 0.055122, 5.011607
46.595591, 0.055122, 5.011607
46.599207, 0.055122, 5.011607
46.602290, 0.057672, 5.243432
46.605219, 0.057672, 5.243432
46.608375, 0.057672, 5.243432
46.611392, 0.057672, 5.243432
46.614386, 0.055122, 5.011607
46.617710, 0.055122, 5.011607
46.621483, 0.055122, 5.011607
46.625431, 0.057672, 5.243432
46.629312, 0.057672, 5.243432
46.634009, 0.057672, 5.243432
46.637296, 0.057672, 5.243432
46.642423, 0.057672, 5.243432
46.648721, 0.057672, 5.243432
46.653436, 0.057672, 5.243432
46.657975, 0.057672, 5.243432
46.661943, 0.057672, 5.243432
46.666385, 0.057672, 5.243432
46.670027, 0.057672, 5.243432
46.673506, 0.057672, 5.243432
46.677148, 0.057672, 5.243432
46.680596, 0.057672, 5.243432
46.684068, 0.055122, 5.011607
46.687366, 0.057672, 5.243432
46.690537, 0.057672, 5.243432
46.693707, 0.057672, 5.243432
46.696803, 0.057672, 5.243432
46.701202, 0.057672, 5.243432
46.705043, 0.057672, 5.243432
46.708174, 0.057672, 5.243432
46.711220, 0.057672, 5.243432
46.714244, 0.057672, 5.243432
46.718267, 0.057672, 5.243432
46.721269, 0.057672, 5.243432
46.724287, 0.055122, 5.011607
46.727362, 0.057672, 5.243432
46.730528, 0.057672, 5.243432
46.734856, 0.057672, 5.243432
46.738823, 0.055122, 5.011607
46.741660, 0.055122, 5.011607
46.744023, 0.057672, 5.243432
46.746425, 0.057672, 5.243432
46.749246, 0.057672, 5.243432
46.752375, 0.057672, 5.243432
46.754753, 0.057672, 5.243432
46.757138, 0.057672, 5.243432
46.759999, 0.057672, 5.243432
46.763059, 0.057672, 5.243432
46.766313, 0.057672, 5.243432
46.769320, 0.055122, 5.011607
46.772266, 0.057672, 5.243432
46.775225, 0.057672, 5.243432
46.778157, 0.055122, 5.011607
46.781094, 0.057672, 5.243432
46.784147, 0.057672, 5.243432
46.787203, 0.057672, 5.243432
46.790167, 0.057672, 5.243432
46.793429, 0.057672, 5.243432
46.795563, 0.057672, 5.243432
46.797804, 0.057672, 5.243432
46.800785, 0.057672, 5.243432
46.803025, 0.057672, 5.243432
46.805647, 0.057672, 5.243432
46.808182, 0.057672, 5.243432
46.810732, 0.057672, 5.243432
46.813920, 0.057672, 5.243432
46.817350, 0.057672, 5.243432
46.820110, 0.055122, 5.011607
46.823450, 0.055122, 5.011607
46.826165, 0.057672, 5.243432
46.828731, 0.055122, 5.011607
46.831364, 0.055122, 5.011607
46.834714, 0.057672, 5.243432
46.837117, 0.055122, 5.011607
46.839673, 0.057672, 5.243432
46.842659, 0.055122, 5.011607
46.846215, 0.057672, 5.243432
46.849786, 0.057672, 5.243432
46.854076, 0.057672, 5.243432
46.856448, 0.057672, 5.243432
46.859659, 0.057672, 5.243432
46.864077, 0.057672, 5.243432
46.869087, 0.057672, 5.243432
46.874013, 0.057672, 5.243432
46.878036, 0.057672, 5.243432
46.882244, 0.057672, 5.243432
46.886607, 0.055122, 5.011607
46.890340, 0.057672, 5.243432
46.893334, 0.055122, 5.011607
46.896351, 0.057672, 5.243432
46.899358, 0.057672, 5.243432
46.902909, 0.057672, 5.243432
46.906144, 0.057672, 5.243432
46.909796, 0.057672, 5.243432
46.912879, 0.055122, 5.011607
46.915184, 0.057672, 5.243432
46.921251, 0.057672, 5.243432
46.928176, 0.057672, 5.243432
46.934101, 0.057672, 5.243432
46.937975, 0.057672, 5.243432
46.941312, 0.055122, 5.011607
46.944960, 0.057672, 5.243432
46.948101, 0.057672, 5.243432
46.951370, 0.057672, 5.243432
46.954144, 0.057672, 5.243432
46.957679, 0.055122, 5.011607
46.962222, 0.057672, 5.243432
46.968597, 0.057672, 5.243432
46.973765, 0.055122, 5.011607
46.978345, 0.057672, 5.243432
46.982297, 0.057672, 5.243432
46.985169, 0.057672, 5.243432
46.988239, 0.057672, 5.243432
46.991228, 0.055122, 5.011607
46.994160, 0.057672, 5.243432
46.997132, 0.057672, 5.243432
47.000134, 0.055122, 5.011607
47.003223, 0.057672, 5.243432
47.005480, 0.055122, 5.011607
47.007727, 0.055122, 5.011607
47.010429, 0.055122, 5.011607
47.013350, 0.057672, 5.243432
47.017213, 0.055122, 5.011607
47.020750, 0.057672, 5.243432
47.023605, 0.057672, 5.243432
47.026304, 0.057672, 5.243432
47.029132, 0.057672, 5.243432
47.032286, 0.057672, 5.243432
47.036347, 0.057672, 5.243432
47.039441, 0.057672, 5.243432
47.042423, 0.057672, 5.243432
47.045581, 0.057672, 5.243432
47.048476, 0.057672, 5.243432
47.050641, 0.057672, 5.243432
47.052919, 0.055122, 5.011607
47.055654, 0.057672, 5.243432
47.058671, 0.057672, 5.243432
47.061928, 0.057672, 5.243432
47.065983, 0.060222, 5.475256
47.069032, 0.055122, 5.011607
47.071680, 0.055122, 5.011607
47.074471, 0.055122, 5.011607
47.077419, 0.057672, 5.243432
47.080669, 0.055122, 5.011607
47.084135, 0.057672, 5.243432
47.087485, 0.055122, 5.011607
47.090745, 0.057672, 5.243432
47.094054, 0.055122, 5.011607
47.097608, 0.057672, 5.243432
47.101032, 0.057672, 5.243432
47.103684, 0.057672, 5.243432
47.106193, 0.057672, 5.243432
47.108799, 0.060222, 5.475256
47.111589, 0.057672, 5.243432
47.114531, 0.057672, 5.243432
47.117835, 0.057672, 5.243432
47.120135, 0.055122, 5.011607
47.122530, 0.055122, 5.011607
47.125154, 0.057672, 5.243432
47.128325, 0.057672, 5.243432
47.130904, 0.057672, 5.243432
47.133328, 0.057672, 5.243432
47.135819, 0.057672, 5.243432
47.138509, 0.057672, 5.243432
47.141547, 0.055122, 5.011607
47.144744, 0.057672, 5.243432
47.148248, 0.057672, 5.243432
47.152052, 0.057672, 5.243432
47.155485, 0.057672, 5.243432
47.158981, 0.055122, 5.011607
47.162468, 0.057672, 5.243432
47.166244, 0.057672, 5.243432
47.169197, 0.057672, 5.243432
47.172582, 0.057672, 5.243432
47.178488, 0.057672, 5.243432
47.182850, 0.057672, 5.243432
47.186579, 0.055122, 5.011607
47.189206, 0.057672, 5.243432
47.191914, 0.055122, 5.011607
47.194635, 0.057672, 5.243432
47.196960, 0.057672, 5.243432
47.200068, 0.057672, 5.243432
47.203061, 0.055122, 5.011607
47.206415, 0.057672, 5.243432
47.209605, 0.055122, 5.011607
47.212888, 0.057672, 5.243432
47.217053, 0.057672, 5.243432
47.220603, 0.057672, 5.243432
47.223984, 0.057672, 5.243432
47.227513, 0.057672, 5.243432
47.230676, 0.057672, 5.243432
47.234407, 0.057672, 5.243432
47.237406, 0.057672, 5.243432
47.239992, 0.057672, 5.243432
47.243954, 0.057672, 5.243432
47.246684, 0.057672, 5.243432
47.249623, 0.057672, 5.243432
47.253443, 0.055122, 5.011607
47.256531, 0.057672, 5.243432
47.259644, 0.057672, 5.243432
47.262813, 0.057672, 5.243432
47.266306, 0.057672, 5.243432
47.269147, 0.055122, 5.011607
47.271913, 0.057672, 5.243432
47.275247, 0.057672, 5.243432
47.277969, 0.057672, 5.243432
47.280611, 0.057672, 5.243432
47.283692, 0.057672, 5.243432
47.286716, 0.057672, 5.243432
47.289671, 0.057672, 5.243432
47.292841, 0.055122, 5.011607
47.296203, 0.055122, 5.011607
47.299921, 0.055122, 5.011607
47.303480, 0.057672, 5.243432
47.306856, 0.055122, 5.011607
47.310161, 0.057672, 5.243432
47.313485, 0.057672, 5.243432
47.316763, 0.055122, 5.011607
47.319966, 0.057672, 5.243432
47.323629, 0.057672, 5.243432
47.327713, 0.057672, 5.243432
47.332540, 0.057672, 5.243432
47.338046, 0.055122, 5.011607
47.344245, 0.055122, 5.011607
47.348590, 0.057672, 5.243432
47.352586, 0.057672, 5.243432
47.360301, 0.057672, 5.243432
47.365207, 0.057672, 5.243432
47.369247, 0.057672, 5.243432
47.373692, 0.057672, 5.243432
47.376351, 0.057672, 5.243432
47.379222, 0.057672, 5.243432
47.383440, 0.057672, 5.243432
47.386738, 0.057672, 5.243432
47.389162, 0.055122, 5.011607
47.391904, 0.055122, 5.011607
47.394892, 0.057672, 5.243432
47.398204, 0.057672, 5.243432
47.401677, 0.057672, 5.243432
47.403855, 0.055122, 5.011607
47.407658, 0.057672, 5.243432
47.411034, 0.057672, 5.243432
47.414245, 0.057672, 5.243432
47.416749, 0.057672, 5.243432
47.421836, 0.057672, 5.243432
47.429295, 0.057672, 5.243432
47.433694, 0.057672, 5.243432
47.437103, 0.057672, 5.243432
47.439634, 0.057672, 5.243432
47.441990, 0.057672, 5.243432
47.444754, 0.057672, 5.243432
47.448355, 0.057672, 5.243432
47.452669, 0.055122, 5.011607
47.456759, 0.057672, 5.243432
47.460659, 0.057672, 5.243432
47.464479, 0.057672, 5.243432
47.468448, 0.055122, 5.011607
47.473062, 0.057672, 5.243432
47.477898, 0.057672, 5.243432
47.482360, 0.055122, 5.011607
47.486472, 0.055122, 5.011607
47.491200, 0.057672, 5.243432
47.495539, 0.057672, 5.243432
47.499373, 0.057672, 5.243432
47.503051, 0.057672, 5.243432
47.506975, 0.057672, 5.243432
47.509500, 0.057672, 5.243432
47.511801, 0.057672, 5.243432
47.516230, 0.057672, 5.243432
47.520409, 0.055122, 5.011607
47.524454, 0.055122, 5.011607
47.528430, 0.057672, 5.243432
47.532158, 0.057672, 5.243432
47.535586, 0.057672, 5.243432
47.539472, 0.057672, 5.243432
47.541965, 0.055122, 5.011607
47.546521, 0.057672, 5.243432
47.550146, 0.057672, 5.243432
47.552446, 0.057672, 5.243432
47.555161, 0.057672, 5.243432
47.558198, 0.055122, 5.011607
47.560648, 0.057672, 5.243432
47.563889, 0.057672, 5.243432
47.567601, 0.055122, 5.011607
47.570528, 0.057672, 5.243432
47.573192, 0.057672, 5.243432
47.576113, 0.057672, 5.243432
47.579198, 0.055122, 5.011607
47.582613, 0.057672, 5.243432
47.586283, 0.057672, 5.243432
47.589430, 0.057672, 5.243432
47.592880, 0.057672, 5.243432
47.595931, 0.057672, 5.243432
47.599457, 0.057672, 5.243432
47.603063, 0.057672, 5.243432
47.605176, 0.057672, 5.243432
47.607176, 0.057672, 5.243432
47.609516, 0.057672, 5.243432
47.612032, 0.057672, 5.243432
47.615103, 0.057672, 5.243432
47.617865, 0.055122, 5.011607
47.620568, 0.057672, 5.243432
47.623348, 0.057672, 5.243432
47.626127, 0.057672, 5.243432
47.628856, 0.057672, 5.243432
47.632205, 0.057672, 5.243432
47.635897, 0.057672, 5.243432
47.638780, 0.057672, 5.243432
47.641702, 0.055122, 5.011607
47.644306, 0.057672, 5.243432
47.646868, 0.055122, 5.011607
47.650234, 0.057672, 5.243432
47.653064, 0.057672, 5.243432
47.656249, 0.057672, 5.243432
47.659459, 0.057672, 5.243432
47.662413, 0.057672, 5.243432
47.665329, 0.057672, 5.243432
47.668056, 0.057672, 5.243432
47.670363, 0.057672, 5.243432
47.673065, 0.057672, 5.243432
47.675674, 0.057672, 5.243432
47.678410, 0.057672, 5.243432
47.681264, 0.057672, 5.243432
47.684676, 0.055122, 5.011607
47.688101, 0.055122, 5.011607
47.690804, 0.057672, 5.243432
47.693533, 0.057672, 5.243432
47.696114, 0.057672, 5.243432
47.699513, 0.057672, 5.243432
47.702563, 0.057672, 5.243432
47.705694, 0.055122, 5.011607
47.708789, 0.057672, 5.243432
47.712012, 0.057672, 5.243432
47.715493, 0.057672, 5.243432
47.719074, 0.057672, 5.243432
47.722144, 0.055122, 5.011607
47.725271, 0.057672, 5.243432
47.728309, 0.057672, 5.243432
47.731304, 0.057672, 5.243432
47.734569, 0.055122, 5.011607
47.738625, 0.057672, 5.243432
47.741801, 0.057672, 5.243432
47.744868, 0.057672, 5.243432
47.748063, 0.057672, 5.243432
47.751715, 0.055122, 5.011607
47.754054, 0.055122, 5.011607
47.756327, 0.055122, 5.011607
47.758755, 0.057672, 5.243432
47.761396, 0.057672, 5.243432
47.764200, 0.055122, 5.011607
47.768659, 0.057672, 5.243432
47.772086, 0.057672, 5.243432
47.775214, 0.057672, 5.243432
47.778504, 0.057672, 5.243432
47.781696, 0.055122, 5.011607
47.785441, 0.055122, 5.011607
47.788578, 0.057672, 5.243432
47.791673, 0.057672, 5.243432
47.794820, 0.055122, 5.011607
47.797893, 0.057672, 5.243432
47.801748, 0.057672, 5.243432
47.804828, 0.057672, 5.243432
47.807992, 0.057672, 5.243432
47.811221, 0.057672, 5.243432
47.814559, 0.055122, 5.011607
47.818660, 0.057672, 5.243432
47.821767, 0.057672, 5.243432
47.824812, 0.057672, 5.243432
47.828081, 0.057672, 5.243432
47.830482, 0.057672, 5.243432
47.832907, 0.057672, 5.243432
47.835735, 0.057672, 5.243432
47.838392, 0.057672, 5.243432
47.841257, 0.057672, 5.243432
47.843972, 0.057672, 5.243432
47.847043, 0.057672, 5.243432
47.850750, 0.057672, 5.243432
47.853407, 0.057672, 5.243432
47.856360, 0.057672, 5.243432
47.859124, 0.055122, 5.011607
47.861369, 0.057672, 5.243432
47.863920, 0.057672, 5.243432
47.866994, 0.055122, 5.011607
47.870005, 0.055122, 5.011607
47.872783, 0.057672, 5.243432
47.875534, 0.057672, 5.243432
47.878589, 0.057672, 5.243432
47.881532, 0.055122, 5.011607
47.884839, 0.057672, 5.243432
47.887961, 0.057672, 5.243432
47.891273, 0.057672, 5.243432
47.894416, 0.057672, 5.243432
47.897750, 0.057672, 5.243432
47.901019, 0.057672, 5.243432
47.904304, 0.057672, 5.243432
47.907964, 0.055122, 5.011607
47.910082, 0.057672, 5.243432
47.912771, 0.057672, 5.243432
47.915799, 0.055122, 5.011607
47.919296, 0.055122, 5.011607
47.923019, 0.057672, 5.243432
47.926710, 0.057672, 5.243432
47.929856, 0.055122, 5.011607
47.932931, 0.057672, 5.243432
47.936113, 0.057672, 5.243432
47.939460, 0.057672, 5.243432
47.941772, 0.057672, 5.243432
47.943832, 0.057672, 5.243432
47.946408, 0.057672, 5.243432
47.949484, 0.057672, 5.243432
47.952604, 0.057672, 5.243432
47.955827, 0.057672, 5.243432
47.958839, 0.057672, 5.243432
47.962002, 0.057672, 5.243432
47.964970, 0.057672, 5.243432
47.968285, 0.057672, 5.243432
47.971131, 0.057672, 5.243432
47.973120, 0.057672, 5.243432
47.975584, 0.057672, 5.243432
47.979097, 0.057672, 5.243432
47.981915, 0.057672, 5.243432
47.984683, 0.057672, 5.243432
47.987335, 0.057672, 5.243432
47.990324, 0.057672, 5.243432
47.993365, 0.057672, 5.243432
47.996811, 0.057672, 5.243432
48.000326, 0.057672, 5.243432
48.003655, 0.057672, 5.243432
48.006322, 0.055122, 5.011607
48.008960, 0.057672, 5.243432
48.011015, 0.057672, 5.243432
48.013425, 0.057672, 5.243432
48.018308, 0.057672, 5.243432
48.023371, 0.057672, 5.243432
48.027570, 0.057672, 5.243432
48.030748, 0.057672, 5.243432
48.033792, 0.055122, 5.011607
48.036258, 0.057672, 5.243432
48.038555, 0.057672, 5.243432
48.041371, 0.055122, 5.011607
48.044181, 0.057672, 5.243432
48.047101, 0.057672, 5.243432
48.050567, 0.057672, 5.243432
48.054650, 0.057672, 5.243432
48.057641, 0.057672, 5.243432
48.060151, 0.055122, 5.011607
48.062831, 0.057672, 5.243432
48.065650, 0.057672, 5.243432
48.068571, 0.057672, 5.243432
48.072052, 0.057672, 5.243432
48.075085, 0.057672, 5.243432
48.078234, 0.057672, 5.243432
48.082261, 0.057672, 5.243432
48.085834, 0.055122, 5.011607
48.088638, 0.057672, 5.243432
48.092058, 0.057672, 5.243432
48.094922, 0.057672, 5.243432
48.097906, 0.057672, 5.243432
48.101724, 0.057672, 5.243432
48.105324, 0.057672, 5.243432
48.113381, 0.055122, 5.011607
48.119569, 0.055122, 5.011607
48.124934, 0.055122, 5.011607
48.128649, 0.057672, 5.243432
48.133890, 0.057672, 5.243432
48.137669, 0.057672, 5.243432
48.140819, 0.057672, 5.243432
48.144627, 0.057672, 5.243432
48.147312, 0.055122, 5.011607
48.152636, 0.057672, 5.243432
48.155568, 0.057672, 5.243432
48.158656, 0.055122, 5.011607
48.161777, 0.057672, 5.243432
48.164971, 0.057672, 5.243432
48.168719, 0.055122, 5.011607
48.171340, 0.057672, 5.243432
48.174703, 0.057672, 5.243432
48.178262, 0.055122, 5.011607
48.180706, 0.057672, 5.243432
48.183659, 0.057672, 5.243432
48.186485, 0.057672, 5.243432
48.189806, 0.055122, 5.011607
48.192415, 0.057672, 5.243432
48.194842, 0.055122, 5.011607
48.197479, 0.057672, 5.243432
48.200275, 0.057672, 5.243432
48.203676, 0.057672, 5.243432
48.208043, 0.055122, 5.011607
48.212937, 0.055122, 5.011607
48.217385, 0.057672, 5.243432
48.219839, 0.057672, 5.243432
48.223065, 0.057672, 5.243432
48.227145, 0.057672, 5.243432
48.232232, 0.057672, 5.243432
48.237274, 0.055122, 5.011607
48.241585, 0.057672, 5.243432
48.244403, 0.057672, 5.243432
48.247065, 0.057672, 5.243432
48.250203, 0.055122, 5.011607
48.253436, 0.057672, 5.243432
48.258730, 0.057672, 5.243432
48.278944, 0.057672, 5.243432
48.307007, 0.055122, 5.011607
48.336689, 0.057672, 5.243432
48.347924, 0.057672, 5.243432
48.352228, 0.057672, 5.243432
48.355610, 0.055122, 5.011607
48.358553, 0.057672, 5.243432
48.362248, 0.057672, 5.243432
48.372493, 0.057672, 5.243432
48.388546, 0.057672, 5.243432
48.400040, 0.057672, 5.243432
48.423963, 0.057672, 5.243432
48.447748, 0.057672, 5.243432
48.471194, 0.055122, 5.011607
48.499062, 0.055122, 5.011607
48.515372, 0.057672, 5.243432
48.520516, 0.057672, 5.243432
48.524061, 0.057672, 5.243432
48.527009, 0.057672, 5.243432
48.531896, 0.057672, 5.243432
48.540566, 0.057672, 5.243432
48.545592, 0.057672, 5.243432
48.558693, 0.057672, 5.243432
48.585066, 0.057672, 5.243432
48.612452, 0.055122, 5.011607
48.628291, 0.057672, 5.243432
48.633083, 0.057672, 5.243432
48.636778, 0.057672, 5.243432
48.639475, 0.055122, 5.011607
48.642120, 0.057672, 5.243432
48.644194, 0.057672, 5.243432
48.647859, 0.057672, 5.243432
48.653934, 0.057672, 5.243432
48.658721, 0.055122, 5.011607
48.663787, 0.055122, 5.011607
48.669598, 0.055122, 5.011607
48.687381, 0.057672, 5.243432
48.709868, 0.057672, 5.243432
48.740504, 0.057672, 5.243432
48.753197, 0.057672, 5.243432
48.757501, 0.057672, 5.243432
48.760443, 0.057672, 5.243432
48.763167, 0.057672, 5.243432
48.766187, 0.057672, 5.243432
48.769659, 0.057672, 5.243432
48.777623, 0.057672, 5.243432
48.786282, 0.057672, 5.243432
48.793538, 0.055122, 5.011607
48.802040, 0.057672, 5.243432
48.809299, 0.057672, 5.243432
48.817647, 0.055122, 5.011607
48.829163, 0.055122, 5.011607
48.834761, 0.057672, 5.243432
48.839329, 0.060222, 5.475256
48.852463, 0.057672, 5.243432
48.877272, 0.057672, 5.243432
48.905083, 0.057672, 5.243432
48.913719, 0.057672, 5.243432
48.918121, 0.057672, 5.243432
48.921462, 0.057672, 5.243432
48.924492, 0.057672, 5.243432
48.927250, 0.057672, 5.243432
48.930921, 0.057672, 5.243432
48.935138, 0.057672, 5.243432
48.937399, 0.057672, 5.243432
48.940483, 0.057672, 5.243432
48.944405, 0.055122, 5.011607
48.956878, 0.057672, 5.243432
48.963569, 0.055122, 5.011607
48.989282, 0.055122, 5.011607
49.023778, 0.055122, 5.011607
49.035641, 0.057672, 5.243432
49.040621, 0.057672, 5.243432
49.043758, 0.057672, 5.243432
49.046549, 0.057672, 5.243432
49.049090, 0.057672, 5.243432
49.052067, 0.057672, 5.243432
49.055353, 0.057672, 5.243432
49.059268, 0.057672, 5.243432
49.063593, 0.055122, 5.011607
49.071074, 0.055122, 5.011607
49.091319, 0.057672, 5.243432
49.120016, 0.055122, 5.011607
49.143937, 0.057672, 5.243432
49.150388, 0.055122, 5.011607
49.154082, 0.057672, 5.243432
49.157208, 0.057672, 5.243432
49.160578, 0.057672, 5.243432
49.165394, 0.057672, 5.243432
49.185237, 0.055122, 5.011607
49.209216, 0.057672, 5.243432
49.236033, 0.057672, 5.243432
49.254740, 0.057672, 5.243432
49.259631, 0.057672, 5.243432
49.264068, 0.057672, 5.243432
49.267066, 0.055122, 5.011607
49.269773, 0.057672, 5.243432
49.272241, 0.057672, 5.243432
49.277809, 0.057672, 5.243432
49.284388, 0.057672, 5.243432
49.291162, 0.055122, 5.011607
49.300759, 0.057672, 5.243432
49.313608, 0.055122, 5.011607
49.316693, 0.055122, 5.011607
49.319456, 0.057672, 5.243432
49.322348, 0.055122, 5.011607
49.325600, 0.055122, 5.011607
49.330221, 0.057672, 5.243432
49.349154, 0.055122, 5.011607
49.376563, 0.057672, 5.243432
49.399736, 0.057672, 5.243432
49.422472, 0.055122, 5.011607
49.430231, 0.057672, 5.243432
49.434750, 0.055122, 5.011607
49.437821, 0.057672, 5.243432
49.440523, 0.057672, 5.243432
49.443081, 0.057672, 5.243432
49.445604, 0.055122, 5.011607
49.448228, 0.057672, 5.243432
49.451385, 0.057672, 5.243432
49.457236, 0.055122, 5.011607
49.462990, 0.057672, 5.243432
49.470299, 0.057672, 5.243432
49.492506, 0.057672, 5.243432
49.513635, 0.057672, 5.243432
49.541890, 0.057672, 5.243432
49.569264, 0.057672, 5.243432
49.575815, 0.055122, 5.011607
49.579151, 0.057672, 5.243432
49.582171, 0.057672, 5.243432
49.586019, 0.057672, 5.243432
49.591563, 0.057672, 5.243432
49.601690, 0.057672, 5.243432
49.609497, 0.057672, 5.243432
49.616282, 0.057672, 5.243432
49.621765, 0.057672, 5.243432
49.628668, 0.057672, 5.243432
49.631956, 0.057672, 5.243432
49.637082, 0.057672, 5.243432
49.643668, 0.057672, 5.243432
49.649222, 0.057672, 5.243432
49.653385, 0.057672, 5.243432
49.657767, 0.057672, 5.243432
49.662192, 0.057672, 5.243432
49.666898, 0.057672, 5.243432
49.672204, 0.057672, 5.243432
49.675386, 0.057672, 5.243432
49.681826, 0.057672, 5.243432
49.689069, 0.057672, 5.243432
49.694986, 0.057672, 5.243432
49.699797, 0.057672, 5.243432
49.702907, 0.057672, 5.243432
49.705521, 0.055122, 5.011607
49.709525, 0.055122, 5.011607
49.713416, 0.055122, 5.011607
49.717412, 0.057672, 5.243432
49.722719, 0.055122, 5.011607
49.727633, 0.057672, 5.243432
49.732705, 0.057672, 5.243432
49.734907, 0.057672, 5.243432
49.738303, 0.057672, 5.243432
49.744388, 0.055122, 5.011607
49.749619, 0.057672, 5.243432
49.754661, 0.055122, 5.011607
49.760867, 0.055122, 5.011607
49.764038, 0.057672, 5.243432
49.767417, 0.057672, 5.243432
49.772526, 0.057672, 5.243432
49.777649, 0.055122, 5.011607
49.782277, 0.055122, 5.011607
49.784688, 0.055122, 5.011607
49.787948, 0.057672, 5.243432
49.793430, 0.057672, 5.243432
49.795510, 0.055122, 5.011607
49.798923, 0.057672, 5.243432
49.803283, 0.057672, 5.243432
49.807711, 0.057672, 5.243432
49.811780, 0.055122, 5.011607
49.816377, 0.057672, 5.243432
49.821428, 0.057672, 5.243432
49.826068, 0.057672, 5.243432
49.832711, 0.057672, 5.243432
49.834875, 0.057672, 5.243432
49.838107, 0.057672, 5.243432
49.843681, 0.055122, 5.011607
49.846608, 0.057672, 5.243432
49.849439, 0.057672, 5.243432
49.853960, 0.057672, 5.243432
49.857604, 0.057672, 5.243432
49.861607, 0.057672, 5.243432
49.864520, 0.057672, 5.243432
49.867238, 0.057672, 5.243432
49.869776, 0.055122, 5.011607
49.872487, 0.057672, 5.243432
49.875325, 0.055122, 5.011607
49.878099, 0.057672, 5.243432
49.880869, 0.055122, 5.011607
49.884108, 0.057672, 5.243432
49.887180, 0.057672, 5.243432
49.890062, 0.055122, 5.011607
49.892902, 0.055122, 5.011607
49.895918, 0.057672, 5.243432
49.899431, 0.057672, 5.243432
49.903015, 0.057672, 5.243432
49.907001, 0.057672, 5.243432
49.910430, 0.057672, 5.243432
49.915435, 0.057672, 5.243432
49.919751, 0.055122, 5.011607
49.923913, 0.057672, 5.243432
49.927039, 0.057672, 5.243432
49.930305, 0.057672, 5.243432
49.933731, 0.055122, 5.011607
49.942248, 0.057672, 5.243432
49.945616, 0.055122, 5.011607
49.948876, 0.057672, 5.243432
49.955681, 0.055122, 5.011607
49.959200, 0.057672, 5.243432
49.962655, 0.055122, 5.011607
49.966022, 0.057672, 5.243432
49.968796, 0.055122, 5.011607
49.971465, 0.057672, 5.243432
49.974272, 0.055122, 5.011607
49.977296, 0.055122, 5.011607
49.980678, 0.057672, 5.243432
49.984770, 0.055122, 5.011607
49.997585, 0.057672, 5.243432
50.007277, 0.057672, 5.243432
50.034536, 0.057672, 5.243432
50.054724, 0.057672, 5.243432
50.059579, 0.057672, 5.243432
50.062815, 0.057672, 5.243432
50.065432, 0.057672, 5.243432
50.068401, 0.057672, 5.243432
50.070821, 0.055122, 5.011607
50.076462, 0.057672, 5.243432
50.082696, 0.055122, 5.011607
50.085772, 0.057672, 5.243432
50.088298, 0.055122, 5.011607
50.091109, 0.055122, 5.011607
50.095052, 0.057672, 5.243432
50.103485, 0.057672, 5.243432
50.108776, 0.057672, 5.243432
50.116252, 0.057672, 5.243432
50.147702, 0.057672, 5.243432
50.173002, 0.057672, 5.243432
50.180420, 0.055122, 5.011607
50.184947, 0.057672, 5.243432
50.188279, 0.055122, 5.011607
50.191345, 0.055122, 5.011607
50.194839, 0.057672, 5.243432
50.198514, 0.057672, 5.243432
50.202762, 0.055122, 5.011607
50.207046, 0.057672, 5.243432
50.211317, 0.057672, 5.243432
50.216998, 0.055122, 5.011607
50.222435, 0.057672, 5.243432
50.227529, 0.057672, 5.243432
50.232254, 0.057672, 5.243432
50.237683, 0.057672, 5.243432
50.243202, 0.055122, 5.011607
50.248538, 0.055122, 5.011607
50.252146, 0.055122, 5.011607
50.258535, 0.057672, 5.243432
50.265202, 0.055122, 5.011607
50.270809, 0.057672, 5.243432
50.275370, 0.057672, 5.243432
50.282421, 0.055122, 5.011607
50.289403, 0.055122, 5.011607
50.294013, 0.057672, 5.243432
50.298609, 0.055122, 5.011607
50.301827, 0.057672, 5.243432
50.304618, 0.057672, 5.243432
50.308413, 0.057672, 5.243432
50.312200, 0.057672, 5.243432
50.315288, 0.057672, 5.243432
50.320309, 0.055122, 5.011607
50.322573, 0.057672, 5.243432
50.325010, 0.055122, 5.011607
50.331643, 0.055122, 5.011607
50.334761, 0.055122, 5.011607
50.337519, 0.057672, 5.243432
50.340325, 0.055122, 5.011607
50.343426, 0.057672, 5.243432
50.346519, 0.057672, 5.243432
50.349882, 0.057672, 5.243432
50.353820, 0.057672, 5.243432
50.362457, 0.057672, 5.243432
50.367148, 0.057672, 5.243432
50.373799, 0.057672, 5.243432
50.382476, 0.057672, 5.243432
50.385573, 0.057672, 5.243432
50.387570, 0.057672, 5.243432
50.393301, 0.055122, 5.011607
50.396986, 0.057672, 5.243432
50.403562, 0.057672, 5.243432
50.405535, 0.057672, 5.243432
50.410275, 0.057672, 5.243432
50.417540, 0.057672, 5.243432
50.423460, 0.055122, 5.011607
50.429863, 0.055122, 5.011607
50.435744, 0.057672, 5.243432
50.444299, 0.055122, 5.011607
50.450508, 0.055122, 5.011607
50.452929, 0.055122, 5.011607
50.455759, 0.055122, 5.011607
50.458965, 0.057672, 5.243432
50.462334, 0.057672, 5.243432
50.467205, 0.057672, 5.243432
50.470626, 0.057672, 5.243432
50.473767, 0.057672, 5.243432
50.478027, 0.057672, 5.243432
50.481151, 0.057672, 5.243432
50.484842, 0.055122, 5.011607
50.489874, 0.055122, 5.011607
50.499045, 0.057672, 5.243432
50.504623, 0.057672, 5.243432
50.512077, 0.055122, 5.011607
50.517109, 0.057672, 5.243432
50.523789, 0.055122, 5.011607
50.530095, 0.055122, 5.011607
50.534899, 0.055122, 5.011607
50.539808, 0.057672, 5.243432
50.543473, 0.057672, 5.243432
50.545518, 0.057672, 5.243432
50.552303, 0.057672, 5.243432
50.556157, 0.057672, 5.243432
50.562443, 0.057672, 5.243432
50.565394, 0.057672, 5.243432
50.567940, 0.057672, 5.243432
50.572959, 0.055122, 5.011607
50.578561, 0.055122, 5.011607
50.583886, 0.057672, 5.243432
50.587557, 0.057672, 5.243432
50.592773, 0.055122, 5.011607
50.595844, 0.055122, 5.011607
50.599735, 0.057672, 5.243432
50.603474, 0.057672, 5.243432
50.607653, 0.057672, 5.243432
50.612247, 0.055122, 5.011607
50.618437, 0.057672, 5.243432
50.624351, 0.057672, 5.243432
50.630160, 0.057672, 5.243432
50.635332, 0.057672, 5.243432
50.639601, 0.055122, 5.011607
50.646230, 0.057672, 5.243432
50.652737, 0.057672, 5.243432
50.657492, 0.057672, 5.243432
50.662330, 0.055122, 5.011607
50.668296, 0.057672, 5.243432
50.674025, 0.057672, 5.243432
50.678343, 0.055122, 5.011607
50.681782, 0.057672, 5.243432
50.685548, 0.057672, 5.243432
50.687602, 0.055122, 5.011607
50.689808, 0.057672, 5.243432
50.694209, 0.057672, 5.243432
50.697791, 0.057672, 5.243432
50.700685, 0.057672, 5.243432
50.705841, 0.057672, 5.243432
50.708383, 0.057672, 5.243432
50.712292, 0.055122, 5.011607
50.716892, 0.057672, 5.243432
50.723102, 0.057672, 5.243432
50.728355, 0.055122, 5.011607
50.732631, 0.057672, 5.243432
50.737739, 0.055122, 5.011607
50.742278, 0.057672, 5.243432
50.747740, 0.055122, 5.011607
50.750184, 0.057672, 5.243432
50.752546, 0.057672, 5.243432
50.755297, 0.055122, 5.011607
50.758173, 0.055122, 5.011607
50.761105, 0.055122, 5.011607
50.764213, 0.057672, 5.243432
50.767584, 0.055122, 5.011607
50.770698, 0.057672, 5.243432
50.773690, 0.055122, 5.011607
50.776633, 0.055122, 5.011607
50.780295, 0.057672, 5.243432
50.784204, 0.055122, 5.011607
50.788239, 0.057672, 5.243432
50.793634, 0.057672, 5.243432
50.799539, 0.057672, 5.243432
50.803737, 0.055122, 5.011607
50.810108, 0.057672, 5.243432
50.814350, 0.057672, 5.243432
50.819417, 0.057672, 5.243432
50.823354, 0.055122, 5.011607
50.827756, 0.057672, 5.243432
50.832386, 0.057672, 5.243432
50.838874, 0.055122, 5.011607
50.843482, 0.057672, 5.243432
50.846994, 0.057672, 5.243432
50.850800, 0.055122, 5.011607
50.854292, 0.055122, 5.011607
50.858074, 0.055122, 5.011607
50.861741, 0.057672, 5.243432
50.865394, 0.057672, 5.243432
50.870623, 0.055122, 5.011607
50.874046, 0.055122, 5.011607
50.880809, 0.057672, 5.243432
50.888163, 0.057672, 5.243432
50.892940, 0.055122, 5.011607
50.897340, 0.055122, 5.011607
50.900948, 0.057672, 5.243432
50.905211, 0.057672, 5.243432
50.910013, 0.057672, 5.243432
50.915073, 0.055122, 5.011607
50.919579, 0.055122, 5.011607
50.924967, 0.057672, 5.243432
50.930168, 0.057672, 5.243432
50.934333, 0.057672, 5.243432
50.936371, 0.055122, 5.011607
50.938657, 0.057672, 5.243432
50.942623, 0.057672, 5.243432
50.945256, 0.055122, 5.011607
50.947541, 0.057672, 5.243432
50.950628, 0.057672, 5.243432
50.953331, 0.057672, 5.243432
50.956250, 0.055122, 5.011607
50.959767, 0.057672, 5.243432
50.968194, 0.057672, 5.243432
50.977029, 0.055122, 5.011607
50.983044, 0.057672, 5.243432
50.988704, 0.055122, 5.011607
50.993020, 0.057672, 5.243432
50.995082, 0.057672, 5.243432
51.000450, 0.057672, 5.243432
51.007286, 0.057672, 5.243432
51.012752, 0.057672, 5.243432
51.015220, 0.055122, 5.011607
51.018220, 0.057672, 5.243432
51.021741, 0.057672, 5.243432
51.026597, 0.057672, 5.243432
51.032886, 0.055122, 5.011607
51.036774, 0.055122, 5.011607
51.040563, 0.057672, 5.243432
51.044105, 0.055122, 5.011607
51.050188, 0.057672, 5.243432
51.056563, 0.055122, 5.011607
51.062994, 0.057672, 5.243432
51.065466, 0.055122, 5.011607
51.068188, 0.057672, 5.243432
51.072129, 0.057672, 5.243432
51.076361, 0.057672, 5.243432
51.079240, 0.057672, 5.243432
51.083468, 0.057672, 5.243432
51.087209, 0.057672, 5.243432
51.092652, 0.057672, 5.243432
51.095890, 0.057672, 5.243432
51.099359, 0.055122, 5.011607
51.102432, 0.055122, 5.011607
51.105771, 0.057672, 5.243432
51.111917, 0.055122, 5.011607
51.119297, 0.055122, 5.011607
51.123128, 0.057672, 5.243432
51.128182, 0.057672, 5.243432
51.132739, 0.055122, 5.011607
51.136648, 0.057672, 5.243432
51.140689, 0.057672, 5.243432
51.143388, 0.057672, 5.243432
51.149241, 0.055122, 5.011607
51.153092, 0.057672, 5.243432
51.156218, 0.055122, 5.011607
51.163734, 0.055122, 5.011607
51.167859, 0.055122, 5.011607
51.173118, 0.057672, 5.243432
51.178715, 0.057672, 5.243432
51.184117, 0.055122, 5.011607
51.188797, 0.055122, 5.011607
51.193298, 0.057672, 5.243432
51.198604, 0.057672, 5.243432
51.202960, 0.057672, 5.243432
51.206698, 0.057672, 5.243432
51.210527, 0.055122, 5.011607
51.213722, 0.057672, 5.243432
51.216436, 0.057672, 5.243432
51.219299, 0.055122, 5.011607
51.222463, 0.057672, 5.243432
51.225755, 0.057672, 5.243432
51.229112, 0.055122, 5.011607
51.232722, 0.057672, 5.243432
51.236338, 0.057672, 5.243432
51.241984, 0.057672, 5.243432
51.248231, 0.057672, 5.243432
51.251945, 0.055122, 5.011607
51.254010, 0.055122, 5.011607
51.256486, 0.055122, 5.011607
51.262974, 0.055122, 5.011607
51.267958, 0.055122, 5.011607
51.273998, 0.057672, 5.243432
51.280557, 0.057672, 5.243432
51.284300, 0.055122, 5.011607
51.286916, 0.057672, 5.243432
51.294264, 0.055122, 5.011607
51.301534, 0.055122, 5.011607
51.309024, 0.055122, 5.011607
51.314108, 0.055122, 5.011607
51.316687, 0.057672, 5.243432
51.319065, 0.057672, 5.243432
51.321816, 0.057672, 5.243432
51.325254, 0.057672, 5.243432
51.328262, 0.057672, 5.243432
51.331244, 0.055122, 5.011607
51.334659, 0.057672, 5.243432
51.337669, 0.057672, 5.243432
51.343633, 0.055122, 5.011607
51.346675, 0.057672, 5.243432
51.354424, 0.057672, 5.243432
51.358076, 0.055122, 5.011607
51.361648, 0.057672, 5.243432
51.367466, 0.057672, 5.243432
51.386431, 0.057672, 5.243432
51.409905, 0.057672, 5.243432
51.441247, 0.055122, 5.011607
51.466783, 0.057672, 5.243432
51.479611, 0.055122, 5.011607
51.484181, 0.055122, 5.011607
51.487278, 0.057672, 5.243432
51.490006, 0.055122, 5.011607
51.492416, 0.057672, 5.243432
51.495059, 0.057672, 5.243432
51.498014, 0.055122, 5.011607
51.502230, 0.055122, 5.011607
51.512123, 0.057672, 5.243432
51.535748, 0.057672, 5.243432
51.563426, 0.055122, 5.011607
51.586443, 0.057672, 5.243432
51.591425, 0.057672, 5.243432
51.594639, 0.055122, 5.011607
51.597524, 0.057672, 5.243432
51.601062, 0.055122, 5.011607
51.604911, 0.057672, 5.243432
51.609100, 0.055122, 5.011607
51.614788, 0.055122, 5.011607
51.621363, 0.055122, 5.011607
51.627752, 0.055122, 5.011607
51.634899, 0.055122, 5.011607
51.642919, 0.057672, 5.243432
51.649980, 0.057672, 5.243432
51.655374, 0.055122, 5.011607
51.661290, 0.057672, 5.243432
51.667164, 0.055122, 5.011607
51.672868, 0.057672, 5.243432
51.678661, 0.057672, 5.243432
51.683941, 0.055122, 5.011607
51.688754, 0.057672, 5.243432
51.693286, 0.057672, 5.243432
51.698128, 0.055122, 5.011607
51.702722, 0.057672, 5.243432
51.706881, 0.055122, 5.011607
51.710817, 0.055122, 5.011607
51.714948, 0.055122, 5.011607
51.719787, 0.055122, 5.011607
51.725447, 0.057672, 5.243432
51.729543, 0.055122, 5.011607
51.732945, 0.055122, 5.011607
51.736479, 0.057672, 5.243432
51.740386, 0.055122, 5.011607
51.746418, 0.055122, 5.011607
51.749973, 0.057672, 5.243432
51.756281, 0.055122, 5.011607
51.759179, 0.057672, 5.243432
51.763603, 0.057672, 5.243432
51.768006, 0.055122, 5.011607
51.772815, 0.055122, 5.011607
51.777862, 0.055122, 5.011607
51.780454, 0.055122, 5.011607
51.783783, 0.057672, 5.243432
51.786836, 0.055122, 5.011607
51.790012, 0.055122, 5.011607
51.793161, 0.057672, 5.243432
51.796317, 0.055122, 5.011607
51.800098, 0.057672, 5.243432
51.803330, 0.055122, 5.011607
51.806709, 0.057672, 5.243432
51.809945, 0.057672, 5.243432
51.811818, 0.057672, 5.243432
51.813915, 0.057672, 5.243432
51.817110, 0.057672, 5.243432
51.819916, 0.057672, 5.243432
51.822578, 0.057672, 5.243432
51.825108, 0.055122, 5.011607
51.827862, 0.057672, 5.243432
51.830472, 0.057672, 5.243432
51.833542, 0.055122, 5.011607
51.836444, 0.057672, 5.243432
51.839177, 0.057672, 5.243432
51.841972, 0.057672, 5.243432
51.844770, 0.055122, 5.011607
51.847683, 0.057672, 5.243432
51.851363, 0.055122, 5.011607
51.853726, 0.057672, 5.243432
51.856034, 0.057672, 5.243432
51.858827, 0.057672, 5.243432
51.862377, 0.057672, 5.243432
51.865324, 0.057672, 5.243432
51.869433, 0.057672, 5.243432
51.873827, 0.055122, 5.011607
51.879259, 0.055122, 5.011607
51.884289, 0.057672, 5.243432
51.886411, 0.057672, 5.243432
51.889089, 0.057672, 5.243432
51.891905, 0.057672, 5.243432
51.895215, 0.057672, 5.243432
51.901934, 0.055122, 5.011607
51.914295, 0.057672, 5.243432
51.929222, 0.055122, 5.011607
51.972833, 0.055122, 5.011607
51.983837, 0.057672, 5.243432
51.988193, 0.057672, 5.243432
51.991121, 0.057672, 5.243432
51.994600, 0.055122, 5.011607
51.997182, 0.057672, 5.243432
51.999871, 0.057672, 5.243432
52.002794, 0.055122, 5.011607
52.016253, 0.057672, 5.243432
52.024716, 0.055122, 5.011607
52.042826, 0.055122, 5.011607
52.074962, 0.055122, 5.011607
52.089111, 0.057672, 5.243432
52.093386, 0.055122, 5.011607
52.096336, 0.057672, 5.243432
52.099073, 0.055122, 5.011607
52.101902, 0.057672, 5.243432
52.104831, 0.057672, 5.243432
52.109004, 0.055122, 5.011607
52.115600, 0.057672, 5.243432
52.119553, 0.055122, 5.011607
52.121721, 0.057672, 5.243432
52.123793, 0.055122, 5.011607
52.126346, 0.057672, 5.243432
52.129046, 0.057672, 5.243432
52.131814, 0.055122, 5.011607
52.134777, 0.055122, 5.011607
52.137668, 0.057672, 5.243432
52.140706, 0.055122, 5.011607
52.143496, 0.057672, 5.243432
52.146363, 0.057672, 5.243432
52.149544, 0.057672, 5.243432
52.152376, 0.057672, 5.243432
52.155276, 0.057672, 5.243432
52.158288, 0.055122, 5.011607
52.161478, 0.055122, 5.011607
52.165317, 0.057672, 5.243432
52.168461, 0.055122, 5.011607
52.171494, 0.055122, 5.011607
52.174479, 0.057672, 5.243432
52.177435, 0.057672, 5.243432
52.180369, 0.057672, 5.243432
52.183351, 0.055122, 5.011607
52.186332, 0.055122, 5.011607
52.189298, 0.055122, 5.011607
52.192255, 0.055122, 5.011607
52.195229, 0.055122, 5.011607
52.198144, 0.057672, 5.243432
52.201213, 0.057672, 5.243432
52.204199, 0.057672, 5.243432
52.207195, 0.055122, 5.011607
52.210128, 0.057672, 5.243432
52.213038, 0.057672, 5.243432
52.215991, 0.055122, 5.011607
52.218948, 0.057672, 5.243432
52.221942, 0.055122, 5.011607
52.224899, 0.055122, 5.011607
52.227847, 0.057672, 5.243432
52.231167, 0.057672, 5.243432
52.234540, 0.057672, 5.243432
52.237594, 0.057672, 5.243432
52.240550, 0.057672, 5.243432
52.243616, 0.057672, 5.243432
52.246629, 0.055122, 5.011607
52.249756, 0.057672, 5.243432
52.252885, 0.055122, 5.011607
52.255990, 0.057672, 5.243432
52.259010, 0.057672, 5.243432
52.262037, 0.057672, 5.243432
52.265030, 0.055122, 5.011607
52.268061, 0.057672, 5.243432
52.271034, 0.057672, 5.243432
52.274025, 0.055122, 5.011607
52.276981, 0.057672, 5.243432
52.279976, 0.057672, 5.243432
52.282990, 0.055122, 5.011607
52.285991, 0.057672, 5.243432
52.288962, 0.057672, 5.243432
52.291942, 0.057672, 5.243432
52.294903, 0.055122, 5.011607
52.297864, 0.057672, 5.243432
52.301061, 0.057672, 5.243432
52.304057, 0.057672, 5.243432
52.307000, 0.055122, 5.011607
52.309962, 0.057672, 5.243432
52.312989, 0.055122, 5.011607
52.316547, 0.057672, 5.243432
52.319626, 0.055122, 5.011607
52.322706, 0.057672, 5.243432
52.325754, 0.055122, 5.011607
52.328801, 0.055122, 5.011607
52.331921, 0.055122, 5.011607
52.335020, 0.057672, 5.243432
52.338005, 0.057672, 5.243432
52.340953, 0.055122, 5.011607
52.343949, 0.055122, 5.011607
52.347239, 0.055122, 5.011607
52.349721, 0.057672, 5.243432
52.352079, 0.055122, 5.011607
52.354573, 0.057672, 5.243432
52.358636, 0.057672, 5.243432
52.366201, 0.055122, 5.011607
52.371117, 0.057672, 5.243432
52.375953, 0.057672, 5.243432
52.379691, 0.057672, 5.243432
52.383559, 0.057672, 5.243432
52.386779, 0.057672, 5.243432
52.389620, 0.057672, 5.243432
52.392854, 0.057672, 5.243432
52.394942, 0.057672, 5.243432
52.397341, 0.057672, 5.243432
52.399807, 0.055122, 5.011607
52.402436, 0.055122, 5.011607
52.405707, 0.055122, 5.011607
52.408766, 0.057672, 5.243432
52.412101, 0.055122, 5.011607
52.415495, 0.057672, 5.243432
52.418957, 0.057672, 5.243432
52.422075, 0.055122, 5.011607
52.426029, 0.055122, 5.011607
52.429193, 0.057672, 5.243432
52.433474, 0.055122, 5.011607
52.436889, 0.057672, 5.243432
52.439010, 0.057672, 5.243432
52.441023, 0.057672, 5.243432
52.443652, 0.055122, 5.011607
52.446453, 0.055122, 5.011607
52.449685, 0.057672, 5.243432
52.452810, 0.057672, 5.243432
52.455869, 0.057672, 5.243432
52.458757, 0.055122, 5.011607
52.461618, 0.055122, 5.011607
52.464807, 0.057672, 5.243432
52.468164, 0.055122, 5.011607
52.470995, 0.057672, 5.243432
52.474079, 0.057672, 5.243432
52.477362, 0.057672, 5.243432
52.479809, 0.057672, 5.243432
52.482778, 0.057672, 5.243432
52.485765, 0.055122, 5.011607
52.488729, 0.057672, 5.243432
52.491664, 0.057672, 5.243432
52.494723, 0.055122, 5.011607
52.496826, 0.057672, 5.243432
52.499819, 0.057672, 5.243432
52.503002, 0.055122, 5.011607
52.505901, 0.055122, 5.011607
52.508578, 0.057672, 5.243432
52.511319, 0.057672, 5.243432
52.514390, 0.057672, 5.243432
52.517858, 0.057672, 5.243432
52.520573, 0.057672, 5.243432
52.523259, 0.055122, 5.011607
52.526649, 0.057672, 5.243432
52.530242, 0.057672, 5.243432
52.534004, 0.057672, 5.243432
52.537146, 0.057672, 5.243432
52.539960, 0.057672, 5.243432
52.543220, 0.055122, 5.011607
52.545820, 0.057672, 5.243432
52.548923, 0.057672, 5.243432
52.552217, 0.057672, 5.243432
52.555414, 0.055122, 5.011607
52.558724, 0.057672, 5.243432
52.561940, 0.057672, 5.243432
52.565249, 0.057672, 5.243432
52.567935, 0.057672, 5.243432
52.571070, 0.055122, 5.011607
52.574088, 0.057672, 5.243432
52.577095, 0.055122, 5.011607
52.580118, 0.055122, 5.011607
52.583158, 0.055122, 5.011607
52.585991, 0.055122, 5.011607
52.588118, 0.055122, 5.011607
52.590605, 0.055122, 5.011607
52.593527, 0.055122, 5.011607
52.596635, 0.057672, 5.243432
52.600576, 0.057672, 5.243432
52.603826, 0.057672, 5.243432
52.607226, 0.057672, 5.243432
52.611543, 0.055122, 5.011607
52.614355, 0.057672, 5.243432
52.619803, 0.057672, 5.243432
52.624836, 0.057672, 5.243432
52.628452, 0.055122, 5.011607
52.632838, 0.057672, 5.243432
52.635227, 0.057672, 5.243432
52.637834, 0.057672, 5.243432
52.640451, 0.055122, 5.011607
52.643286, 0.057672, 5.243432
52.646138, 0.055122, 5.011607
52.650495, 0.055122, 5.011607
52.652938, 0.055122, 5.011607
52.655434, 0.057672, 5.243432
52.658349, 0.055122, 5.011607
52.661281, 0.057672, 5.243432
52.664829, 0.057672, 5.243432
52.668343, 0.057672, 5.243432
52.670908, 0.055122, 5.011607
52.673310, 0.055122, 5.011607
52.675906, 0.055122, 5.011607
52.678878, 0.055122, 5.011607
52.682005, 0.055122, 5.011607
52.685587, 0.055122, 5.011607
52.688716, 0.055122, 5.011607
52.692012, 0.055122, 5.011607
52.694946, 0.057672, 5.243432
52.698269, 0.057672, 5.243432
52.701866, 0.055122, 5.011607
52.705020, 0.057672, 5.243432
52.707967, 0.055122, 5.011607
52.710915, 0.055122, 5.011607
52.714008, 0.055122, 5.011607
52.717529, 0.055122, 5.011607
52.720662, 0.055122, 5.011607
52.723647, 0.055122, 5.011607
52.726776, 0.057672, 5.243432
52.729742, 0.057672, 5.243432
52.733516, 0.057672, 5.243432
52.737107, 0.057672, 5.243432
52.740247, 0.055122, 5.011607
52.743157, 0.057672, 5.243432
52.746066, 0.057672, 5.243432
52.749701, 0.055122, 5.011607
52.752918, 0.055122, 5.011607
52.756283, 0.055122, 5.011607
52.759558, 0.055122, 5.011607
52.762545, 0.055122, 5.011607
52.766036, 0.057672, 5.243432
52.769017, 0.055122, 5.011607
52.771998, 0.055122, 5.011607
52.774955, 0.057672, 5.243432
52.777900, 0.055122, 5.011607
52.780868, 0.057672, 5.243432
52.784476, 0.055122, 5.011607
52.787470, 0.057672, 5.243432
52.790480, 0.057672, 5.243432
52.793425, 0.057672, 5.243432
52.796356, 0.057672, 5.243432
52.799911, 0.055122, 5.011607
52.803000, 0.055122, 5.011607
52.806053, 0.055122, 5.011607
52.808990, 0.055122, 5.011607
52.811954, 0.055122, 5.011607
52.815278, 0.057672, 5.243432
52.818484, 0.055122, 5.011607
52.821461, 0.057672, 5.243432
52.824399, 0.055122, 5.011607
52.827334, 0.055122, 5.011607
52.830372, 0.057672, 5.243432
52.834051, 0.057672, 5.243432
52.837038, 0.055122, 5.011607
52.840000, 0.057672, 5.243432
52.842978, 0.057672, 5.243432
52.845951, 0.057672, 5.243432
52.850196, 0.055122, 5.011607
52.853283, 0.057672, 5.243432
52.856291, 0.057672, 5.243432
52.859247, 0.057672, 5.243432
52.862762, 0.055122, 5.011607
52.866425, 0.057672, 5.243432
52.869576, 0.055122, 5.011607
52.872827, 0.057672, 5.243432
52.876124, 0.055122, 5.011607
52.880592, 0.055122, 5.011607
52.884001, 0.055122, 5.011607
52.885920, 0.057672, 5.243432
52.888065, 0.055122, 5.011607
52.890643, 0.055122, 5.011607
52.893377, 0.055122, 5.011607
52.896264, 0.057672, 5.243432
52.934206, 0.055122, 5.011607
52.941509, 0.057672, 5.243432
52.944793, 0.055122, 5.011607
52.947284, 0.057672, 5.243432
52.950635, 0.055122, 5.011607
52.953014, 0.057672, 5.243432
52.955093, 0.057672, 5.243432
52.957701, 0.057672, 5.243432
52.960461, 0.055122, 5.011607
52.963345, 0.055122, 5.011607
52.965981, 0.055122, 5.011607
52.971449, 0.055122, 5.011607
52.976940, 0.057672, 5.243432
52.990367, 0.057672, 5.243432
53.023319, 0.057672, 5.243432
53.051988, 0.057672, 5.243432
53.065013, 0.055122, 5.011607
53.069804, 0.055122, 5.011607
53.073031, 0.057672, 5.243432
53.076057, 0.057672, 5.243432
53.079746, 0.055122, 5.011607
53.083631, 0.057672, 5.243432
53.089175, 0.055122, 5.011607
53.113805, 0.057672, 5.243432
53.143686, 0.057672, 5.243432
53.176823, 0.055122, 5.011607
53.211654, 0.055122, 5.011607
53.234494, 0.057672, 5.243432
53.256527, 0.057672, 5.243432
53.279373, 0.055122, 5.011607
53.301952, 0.057672, 5.243432
53.336052, 0.055122, 5.011607
53.368934, 0.057672, 5.243432
53.412099, 0.057672, 5.243432
53.440162, 0.057672, 5.243432
53.467329, 0.057672, 5.243432
53.492904, 0.057672, 5.243432
53.521675, 0.055122, 5.011607
53.544754, 0.057672, 5.243432
53.568315, 0.057672, 5.243432
53.594622, 0.057672, 5.243432
53.617623, 0.055122, 5.011607
53.640331, 0.055122, 5.011607
53.653884, 0.057672, 5.243432
53.658718, 0.055122, 5.011607
53.662022, 0.055122, 5.011607
53.665179, 0.055122, 5.011607
53.668831, 0.057672, 5.243432
53.682994, 0.057672, 5.243432
53.703832, 0.057672, 5.243432
53.726627, 0.055122, 5.011607
53.753492, 0.055122, 5.011607
53.777960, 0.057672, 5.243432
53.809298, 0.057672, 5.243432
53.838579, 0.055122, 5.011607
53.862663, 0.057672, 5.243432
53.885609, 0.057672, 5.243432
53.907673, 0.057672, 5.243432
53.929274, 0.057672, 5.243432
53.934478, 0.055122, 5.011607
53.937793, 0.055122, 5.011607
53.940598, 0.057672, 5.243432
53.943399, 0.055122, 5.011607
53.946497, 0.057672, 5.243432
53.953808, 0.057672, 5.243432
53.973878, 0.057672, 5.243432
53.994109, 0.055122, 5.011607
54.026334, 0.055122, 5.011607
54.082689, 0.055122, 5.011607
54.099129, 0.057672, 5.243432
54.104215, 0.055122, 5.011607
54.107487, 0.057672, 5.243432
54.110310, 0.055122, 5.011607
54.113439, 0.057672, 5.243432
54.118384, 0.057672, 5.243432
54.134060, 0.057672, 5.243432
54.153138, 0.057672, 5.243432
54.177975, 0.055122, 5.011607
54.202947, 0.057672, 5.243432
54.231221, 0.055122, 5.011607
54.255716, 0.055122, 5.011607
54.278066, 0.057672, 5.243432
54.284820, 0.055122, 5.011607
54.288593, 0.055122, 5.011607
54.291431, 0.055122, 5.011607
54.294318, 0.055122, 5.011607
54.297650, 0.057672, 5.243432
54.307523, 0.055122, 5.011607
54.332130, 0.057672, 5.243432
54.357142, 0.057672, 5.243432
54.383726, 0.057672, 5.243432
54.404983, 0.057672, 5.243432
54.409705, 0.055122, 5.011607
54.412969, 0.057672, 5.243432
54.415703, 0.057672, 5.243432
54.419326, 0.055122, 5.011607
54.426906, 0.055122, 5.011607
54.438569, 0.055122, 5.011607
54.445231, 0.057672, 5.243432
54.449848, 0.055122, 5.011607
54.471767, 0.057672, 5.243432
54.485342, 0.057672, 5.243432
54.489464, 0.057672, 5.243432
54.492443, 0.057672, 5.243432
54.494981, 0.055122, 5.011607
54.497498, 0.057672, 5.243432
54.500224, 0.055122, 5.011607
54.503205, 0.055122, 5.011607
54.506670, 0.055122, 5.011607
54.510360, 0.055122, 5.011607
54.512881, 0.055122, 5.011607
54.521304, 0.057672, 5.243432
54.532877, 0.057672, 5.243432
54.536054, 0.055122, 5.011607
54.542710, 0.057672, 5.243432
54.545076, 0.057672, 5.243432
54.549230, 0.057672, 5.243432
54.555894, 0.057672, 5.243432
54.560793, 0.057672, 5.243432
54.563916, 0.057672, 5.243432
54.566969, 0.055122, 5.011607
54.570187, 0.055122, 5.011607
54.573252, 0.057672, 5.243432
54.576957, 0.057672, 5.243432
54.579634, 0.055122, 5.011607
54.582375, 0.055122, 5.011607
54.585363, 0.055122, 5.011607
54.587972, 0.055122, 5.011607
54.590698, 0.055122, 5.011607
54.593757, 0.057672, 5.243432
54.597051, 0.055122, 5.011607
54.600937, 0.055122, 5.011607
54.604182, 0.057672, 5.243432
54.607664, 0.055122, 5.011607
54.610911, 0.055122, 5.011607
54.614187, 0.057672, 5.243432
54.617550, 0.055122, 5.011607
54.620811, 0.055122, 5.011607
54.624009, 0.057672, 5.243432
54.627320, 0.057672, 5.243432
54.630765, 0.055122, 5.011607
54.633849, 0.055122, 5.011607
54.636278, 0.055122, 5.011607
54.638489, 0.057672, 5.243432
54.641109, 0.057672, 5.243432
54.643777, 0.057672, 5.243432
54.646612, 0.057672, 5.243432
54.650340, 0.055122, 5.011607
54.654035, 0.055122, 5.011607
54.657869, 0.057672, 5.243432
54.662839, 0.055122, 5.011607
54.668306, 0.055122, 5.011607
54.674635, 0.057672, 5.243432
54.679872, 0.057672, 5.243432
54.685634, 0.055122, 5.011607
54.693209, 0.055122, 5.011607
54.700738, 0.057672, 5.243432
54.706770, 0.055122, 5.011607
54.711316, 0.057672, 5.243432
54.715936, 0.057672, 5.243432
54.722130, 0.057672, 5.243432
54.728812, 0.057672, 5.243432
54.733142, 0.055122, 5.011607
54.736562, 0.057672, 5.243432
54.738876, 0.055122, 5.011607
54.741974, 0.055122, 5.011607
54.744713, 0.057672, 5.243432
54.747549, 0.055122, 5.011607
54.750918, 0.057672, 5.243432
54.753988, 0.057672, 5.243432
54.757004, 0.057672, 5.243432
54.760024, 0.057672, 5.243432
54.763083, 0.055122, 5.011607
54.766262, 0.055122, 5.011607
54.769404, 0.055122, 5.011607
54.773940, 0.057672, 5.243432
54.777127, 0.055122, 5.011607
54.780147, 0.057672, 5.243432
54.784026, 0.055122, 5.011607
54.787163, 0.055122, 5.011607
54.790223, 0.055122, 5.011607
54.794124, 0.055122, 5.011607
54.797128, 0.055122, 5.011607
54.800467, 0.055122, 5.011607
54.803548, 0.055122, 5.011607
54.806761, 0.057672, 5.243432
54.809790, 0.057672, 5.243432
54.813046, 0.055122, 5.011607
54.816517, 0.055122, 5.011607
54.819903, 0.057672, 5.243432
54.823053, 0.055122, 5.011607
54.825520, 0.055122, 5.011607
54.828673, 0.055122, 5.011607
54.832019, 0.057672, 5.243432
54.835243, 0.055122, 5.011607
54.837529, 0.055122, 5.011607
54.840007, 0.057672, 5.243432
54.843362, 0.055122, 5.011607
54.846497, 0.057672, 5.243432
54.850125, 0.057672, 5.243432
54.853378, 0.055122, 5.011607
54.856528, 0.057672, 5.243432
54.860109, 0.057672, 5.243432
54.863276, 0.057672, 5.243432
54.867327, 0.055122, 5.011607
54.870542, 0.057672, 5.243432
54.873656, 0.055122, 5.011607
54.876334, 0.055122, 5.011607
54.879763, 0.055122, 5.011607
54.883507, 0.055122, 5.011607
54.886471, 0.057672, 5.243432
54.889059, 0.055122, 5.011607
54.891785, 0.055122, 5.011607
54.895171, 0.055122, 5.011607
54.899956, 0.055122, 5.011607
54.903405, 0.057672, 5.243432
54.909877, 0.055122, 5.011607
54.913628, 0.055122, 5.011607
54.917495, 0.057672, 5.243432
54.920933, 0.055122, 5.011607
54.924563, 0.055122, 5.011607
54.927898, 0.055122, 5.011607
54.931258, 0.055122, 5.011607
54.933624, 0.055122, 5.011607
54.937185, 0.055122, 5.011607
54.939728, 0.055122, 5.011607
54.942449, 0.057672, 5.243432
54.945564, 0.055122, 5.011607
54.949030, 0.057672, 5.243432
54.952366, 0.055122, 5.011607
54.955411, 0.057672, 5.243432
54.958597, 0.055122, 5.011607
54.961636, 0.055122, 5.011607
54.964999, 0.055122, 5.011607
54.967342, 0.057672, 5.243432
54.970217, 0.055122, 5.011607
54.973381, 0.055122, 5.011607
54.976508, 0.055122, 5.011607
54.979712, 0.057672, 5.243432
54.982760, 0.055122, 5.011607
54.986302, 0.057672, 5.243432
54.989851, 0.055122, 5.011607
54.993447, 0.055122, 5.011607
54.995894, 0.055122, 5.011607
54.997793, 0.055122, 5.011607
55.000486, 0.057672, 5.243432
55.003842, 0.055122, 5.011607
55.005975, 0.055122, 5.011607
55.008953, 0.057672, 5.243432
55.011691, 0.055122, 5.011607
55.014969, 0.057672, 5.243432
55.017707, 0.057672, 5.243432
55.020092, 0.057672, 5.243432
55.022817, 0.057672, 5.243432
55.025717, 0.055122, 5.011607
55.028884, 0.055122, 5.011607
55.032478, 0.057672, 5.243432
55.036105, 0.055122, 5.011607
55.039219, 0.055122, 5.011607
55.042476, 0.055122, 5.011607
55.045195, 0.055122, 5.011607
55.048339, 0.055122, 5.011607
55.051538, 0.055122, 5.011607
55.054726, 0.055122, 5.011607
55.057903, 0.057672, 5.243432
55.060818, 0.057672, 5.243432
55.062903, 0.057672, 5.243432
55.065286, 0.057672, 5.243432
55.068678, 0.057672, 5.243432
55.072793, 0.055122, 5.011607
55.075254, 0.057672, 5.243432
55.078796, 0.055122, 5.011607
55.081944, 0.057672, 5.243432
55.084880, 0.055122, 5.011607
55.087531, 0.057672, 5.243432
55.090113, 0.055122, 5.011607
55.092765, 0.055122, 5.011607
55.095646, 0.055122, 5.011607
55.098464, 0.055122, 5.011607
55.101241, 0.055122, 5.011607
55.104270, 0.057672, 5.243432
55.107281, 0.055122, 5.011607
55.110419, 0.057672, 5.243432
55.113566, 0.057672, 5.243432
55.116917, 0.057672, 5.243432
55.120068, 0.057672, 5.243432
55.123469, 0.057672, 5.243432
55.126518, 0.055122, 5.011607
55.129747, 0.057672, 5.243432
55.132518, 0.055122, 5.011607
55.137302, 0.055122, 5.011607
55.139477, 0.055122, 5.011607
55.142013, 0.055122, 5.011607
55.145186, 0.057672, 5.243432
55.148651, 0.055122, 5.011607
55.151870, 0.057672, 5.243432
55.154293, 0.057672, 5.243432
55.156931, 0.057672, 5.243432
55.159993, 0.055122, 5.011607
55.163151, 0.055122, 5.011607
55.167500, 0.055122, 5.011607
55.170023, 0.057672, 5.243432
55.172729, 0.055122, 5.011607
55.175886, 0.057672, 5.243432
55.178852, 0.055122, 5.011607
55.182467, 0.057672, 5.243432
55.186148, 0.055122, 5.011607
55.189880, 0.057672, 5.243432
55.192681, 0.055122, 5.011607
55.195668, 0.055122, 5.011607
55.198913, 0.057672, 5.243432
55.202827, 0.057672, 5.243432
55.206013, 0.055122, 5.011607
55.209414, 0.055122, 5.011607
55.212565, 0.057672, 5.243432
55.216307, 0.057672, 5.243432
55.220504, 0.055122, 5.011607
55.224258, 0.057672, 5.243432
55.227380, 0.057672, 5.243432
55.230622, 0.055122, 5.011607
55.233652, 0.057672, 5.243432
55.236954, 0.057672, 5.243432
55.242088, 0.055122, 5.011607
55.247537, 0.057672, 5.243432
55.251112, 0.055122, 5.011607
55.254439, 0.057672, 5.243432
55.257598, 0.055122, 5.011607
55.260537, 0.055122, 5.011607
55.263574, 0.057672, 5.243432
55.267165, 0.055122, 5.011607
55.270239, 0.057672, 5.243432
55.273543, 0.055122, 5.011607
55.276600, 0.055122, 5.011607
55.279919, 0.057672, 5.243432
55.283115, 0.057672, 5.243432
55.286524, 0.055122, 5.011607
55.289653, 0.055122, 5.011607
55.292891, 0.055122, 5.011607
55.296202, 0.055122, 5.011607
55.299574, 0.055122, 5.011607
55.302771, 0.055122, 5.011607
55.306207, 0.055122, 5.011607
55.309610, 0.055122, 5.011607
55.312728, 0.055122, 5.011607
55.316268, 0.055122, 5.011607
55.319841, 0.057672, 5.243432
55.323431, 0.055122, 5.011607
55.326767, 0.057672, 5.243432
55.330703, 0.057672, 5.243432
55.334006, 0.057672, 5.243432
55.338423, 0.057672, 5.243432
55.342046, 0.057672, 5.243432
55.344247, 0.055122, 5.011607
55.347078, 0.057672, 5.243432
55.349299, 0.057672, 5.243432
55.351961, 0.055122, 5.011607
55.355066, 0.055122, 5.011607
55.358227, 0.057672, 5.243432
55.361358, 0.055122, 5.011607
55.364571, 0.055122, 5.011607
55.368216, 0.055122, 5.011607
55.370310, 0.055122, 5.011607
55.372901, 0.055122, 5.011607
55.375503, 0.055122, 5.011607
55.378354, 0.055122, 5.011607
55.381056, 0.057672, 5.243432
55.384240, 0.055122, 5.011607
55.387540, 0.055122, 5.011607
55.390051, 0.057672, 5.243432
55.392278, 0.055122, 5.011607
55.394582, 0.057672, 5.243432
55.397309, 0.055122, 5.011607
55.400954, 0.057672, 5.243432
55.403967, 0.057672, 5.243432
55.406736, 0.055122, 5.011607
55.408988, 0.055122, 5.011607
55.411388, 0.055122, 5.011607
55.413679, 0.055122, 5.011607
55.416723, 0.055122, 5.011607
55.418885, 0.055122, 5.011607
55.421433, 0.055122, 5.011607
55.424395, 0.055122, 5.011607
55.427505, 0.055122, 5.011607
55.430599, 0.055122, 5.011607
55.433261, 0.055122, 5.011607
55.436913, 0.055122, 5.011607
55.439296, 0.057672, 5.243432
55.442250, 0.055122, 5.011607
55.445338, 0.055122, 5.011607
55.448500, 0.055122, 5.011607
55.451892, 0.057672, 5.243432
55.454873, 0.057672, 5.243432
55.458013, 0.055122, 5.011607
55.461131, 0.057672, 5.243432
55.463972, 0.057672, 5.243432
55.467744, 0.057672, 5.243432
55.470701, 0.055122, 5.011607
55.474575, 0.055122, 5.011607
55.477815, 0.055122, 5.011607
55.481200, 0.057672, 5.243432
55.484556, 0.057672, 5.243432
55.487812, 0.055122, 5.011607
55.491000, 0.055122, 5.011607
55.494168, 0.057672, 5.243432
55.497419, 0.057672, 5.243432
55.501203, 0.057672, 5.243432
55.504595, 0.055122, 5.011607
55.507901, 0.055122, 5.011607
55.511418, 0.055122, 5.011607
55.514740, 0.055122, 5.011607
55.518262, 0.055122, 5.011607
55.521800, 0.055122, 5.011607
55.525077, 0.055122, 5.011607
55.528329, 0.055122, 5.011607
55.531773, 0.057672, 5.243432
55.535014, 0.057672, 5.243432
55.537174, 0.055122, 5.011607
55.539425, 0.057672, 5.243432
55.542092, 0.055122, 5.011607
55.545480, 0.055122, 5.011607
55.549143, 0.057672, 5.243432
55.552533, 0.055122, 5.011607
55.554979, 0.055122, 5.011607
55.557442, 0.055122, 5.011607
55.560303, 0.057672, 5.243432
55.563426, 0.055122, 5.011607
55.567390, 0.057672, 5.243432
55.570833, 0.057672, 5.243432
55.574217, 0.055122, 5.011607
55.577661, 0.057672, 5.243432
55.581356, 0.057672, 5.243432
55.584628, 0.055122, 5.011607
55.587997, 0.055122, 5.011607
55.591031, 0.055122, 5.011607
55.593854, 0.057672, 5.243432
55.598412, 0.057672, 5.243432
55.602072, 0.055122, 5.011607
55.605458, 0.055122, 5.011607
55.609697, 0.055122, 5.011607
55.613283, 0.057672, 5.243432
55.616819, 0.057672, 5.243432
55.619870, 0.057672, 5.243432
55.622881, 0.055122, 5.011607
55.625101, 0.055122, 5.011607
55.628048, 0.057672, 5.243432
55.631063, 0.055122, 5.011607
55.634642, 0.057672, 5.243432
55.637862, 0.055122, 5.011607
55.641061, 0.057672, 5.243432
55.644264, 0.057672, 5.243432
55.646320, 0.055122, 5.011607
55.648827, 0.055122, 5.011607
55.652146, 0.055122, 5.011607
55.655417, 0.057672, 5.243432
55.659070, 0.057672, 5.243432
55.662483, 0.055122, 5.011607
55.665135, 0.055122, 5.011607
55.667652, 0.055122, 5.011607
55.670743, 0.055122, 5.011607
55.674003, 0.055122, 5.011607
55.677037, 0.055122, 5.011607
55.680228, 0.055122, 5.011607
55.683385, 0.055122, 5.011607
55.686698, 0.055122, 5.011607
55.689743, 0.055122, 5.011607
55.692942, 0.055122, 5.011607
55.696129, 0.055122, 5.011607
55.699458, 0.055122, 5.011607
55.701952, 0.055122, 5.011607
55.704644, 0.055122, 5.011607
55.707583, 0.057672, 5.243432
55.711060, 0.055122, 5.011607
55.714786, 0.055122, 5.011607
55.720317, 0.057672, 5.243432
55.724254, 0.055122, 5.011607
55.728082, 0.055122, 5.011607
55.733155, 0.055122, 5.011607
55.737193, 0.055122, 5.011607
55.740631, 0.057672, 5.243432
55.743863, 0.055122, 5.011607
55.746535, 0.055122, 5.011607
55.749312, 0.055122, 5.011607
55.753682, 0.057672, 5.243432
55.756894, 0.057672, 5.243432
55.760144, 0.055122, 5.011607
55.763118, 0.057672, 5.243432
55.766550, 0.055122, 5.011607
55.769706, 0.057672, 5.243432
55.773092, 0.055122, 5.011607
55.776240, 0.057672, 5.243432
55.779623, 0.055122, 5.011607
55.783241, 0.057672, 5.243432
55.786902, 0.057672, 5.243432
55.790206, 0.057672, 5.243432
55.793625, 0.057672, 5.243432
55.796905, 0.057672, 5.243432
55.801192, 0.055122, 5.011607
55.803612, 0.057672, 5.243432
55.807605, 0.057672, 5.243432
55.812720, 0.057672, 5.243432
55.817994, 0.057672, 5.243432
55.823360, 0.055122, 5.011607
55.826338, 0.057672, 5.243432
55.829555, 0.055122, 5.011607
55.833976, 0.055122, 5.011607
55.837270, 0.055122, 5.011607
55.840528, 0.057672, 5.243432
55.843832, 0.055122, 5.011607
55.847432, 0.057672, 5.243432
55.851965, 0.055122, 5.011607
55.855267, 0.057672, 5.243432
55.858497, 0.057672, 5.243432
55.861678, 0.055122, 5.011607
55.864897, 0.055122, 5.011607
55.868605, 0.055122, 5.011607
55.872077, 0.055122, 5.011607
55.875484, 0.055122, 5.011607
55.879159, 0.057672, 5.243432
55.882980, 0.057672, 5.243432
55.886718, 0.057672, 5.243432
55.890238, 0.057672, 5.243432
55.893598, 0.055122, 5.011607
55.896953, 0.057672, 5.243432
55.900784, 0.055122, 5.011607
55.904377, 0.055122, 5.011607
55.908229, 0.057672, 5.243432
55.911901, 0.057672, 5.243432
55.915735, 0.055122, 5.011607
55.920501, 0.055122, 5.011607
55.925937, 0.055122, 5.011607
55.940242, 0.055122, 5.011607
55.983063, 0.057672, 5.243432
56.022776, 0.055122, 5.011607
56.049492, 0.057672, 5.243432
56.074626, 0.055122, 5.011607
56.080263, 0.055122, 5.011607
56.083776, 0.055122, 5.011607
56.086715, 0.055122, 5.011607
56.089681, 0.055122, 5.011607
56.093235, 0.055122, 5.011607
56.106214, 0.055122, 5.011607
56.121294, 0.057672, 5.243432
56.128264, 0.057672, 5.243432
56.134096, 0.055122, 5.011607
56.137437, 0.057672, 5.243432
56.140041, 0.055122, 5.011607
56.142715, 0.055122, 5.011607
56.145652, 0.055122, 5.011607
56.149161, 0.055122, 5.011607
56.152497, 0.057672, 5.243432
56.156041, 0.055122, 5.011607
56.160057, 0.057672, 5.243432
56.179052, 0.057672, 5.243432
56.197558, 0.055122, 5.011607
56.228059, 0.057672, 5.243432
56.257630, 0.055122, 5.011607
56.279944, 0.057672, 5.243432
56.301615, 0.055122, 5.011607
56.326102, 0.057672, 5.243432
56.352941, 0.057672, 5.243432
56.381107, 0.055122, 5.011607
56.395288, 0.057672, 5.243432
56.399394, 0.055122, 5.011607
56.402331, 0.057672, 5.243432
56.405326, 0.055122, 5.011607
56.412656, 0.057672, 5.243432
56.415527, 0.057672, 5.243432
56.423229, 0.057672, 5.243432
56.438426, 0.057672, 5.243432
56.463813, 0.057672, 5.243432
56.497267, 0.055122, 5.011607
56.522366, 0.055122, 5.011607
56.527388, 0.055122, 5.011607
56.530721, 0.057672, 5.243432
56.533647, 0.055122, 5.011607
56.536718, 0.057672, 5.243432
56.539422, 0.055122, 5.011607
56.547083, 0.057672, 5.243432
56.570999, 0.055122, 5.011607
56.599194, 0.055122, 5.011607
56.630867, 0.057672, 5.243432
56.657566, 0.055122, 5.011607
56.663320, 0.057672, 5.243432
56.667327, 0.055122, 5.011607
56.670511, 0.055122, 5.011607
56.676490, 0.055122, 5.011607
56.682179, 0.057672, 5.243432
56.700431, 0.055122, 5.011607
56.726661, 0.057672, 5.243432
56.757229, 0.057672, 5.243432
56.783384, 0.057672, 5.243432
56.809698, 0.055122, 5.011607
56.825427, 0.055122, 5.011607
56.830554, 0.057672, 5.243432
56.833588, 0.055122, 5.011607
56.836254, 0.055122, 5.011607
56.839275, 0.055122, 5.011607
56.846045, 0.055122, 5.011607
56.866102, 0.055122, 5.011607
56.889424, 0.057672, 5.243432
56.912823, 0.055122, 5.011607
56.918498, 0.055122, 5.011607
56.921613, 0.055122, 5.011607
56.924125, 0.055122, 5.011607
56.926353, 0.057672, 5.243432
56.928792, 0.055122, 5.011607
56.931269, 0.055122, 5.011607
56.935581, 0.057672, 5.243432
56.938019, 0.055122, 5.011607
56.940591, 0.057672, 5.243432
56.943565, 0.057672, 5.243432
56.946568, 0.057672, 5.243432
56.949811, 0.057672, 5.243432
56.952635, 0.057672, 5.243432
56.955225, 0.057672, 5.243432
56.958023, 0.055122, 5.011607
56.960869, 0.057672, 5.243432
56.963736, 0.055122, 5.011607
56.966648, 0.057672, 5.243432
56.969622, 0.057672, 5.243432
56.972799, 0.055122, 5.011607
56.975906, 0.055122, 5.011607
56.979126, 0.055122, 5.011607
56.982728, 0.057672, 5.243432
56.990519, 0.057672, 5.243432
56.997516, 0.055122, 5.011607
57.003903, 0.055122, 5.011607
57.010078, 0.057672, 5.243432
57.014831, 0.055122, 5.011607
57.018595, 0.055122, 5.011607
57.026879, 0.057672, 5.243432
57.032915, 0.055122, 5.011607
57.038748, 0.057672, 5.243432
57.046287, 0.057672, 5.243432
57.053726, 0.057672, 5.243432
57.060256, 0.057672, 5.243432
57.064383, 0.055122, 5.011607
57.068699, 0.057672, 5.243432
57.073209, 0.057672, 5.243432
57.077267, 0.055122, 5.011607
57.082455, 0.057672, 5.243432
57.086689, 0.057672, 5.243432
57.091304, 0.057672, 5.243432
57.095928, 0.055122, 5.011607
57.100495, 0.057672, 5.243432
57.104387, 0.057672, 5.243432
57.111108, 0.055122, 5.011607
57.117497, 0.057672, 5.243432
57.125661, 0.057672, 5.243432
57.133212, 0.057672, 5.243432
57.140404, 0.057672, 5.243432
57.148371, 0.055122, 5.011607
57.163134, 0.055122, 5.011607
57.173293, 0.055122, 5.011607
57.182979, 0.055122, 5.011607
57.186385, 0.057672, 5.243432
57.189451, 0.057672, 5.243432
57.198969, 0.057672, 5.243432
57.226832, 0.057672, 5.243432
57.260222, 0.055122, 5.011607
57.285853, 0.057672, 5.243432
57.296907, 0.057672, 5.243432
57.301877, 0.057672, 5.243432
57.304828, 0.055122, 5.011607
57.307939, 0.057672, 5.243432
57.311445, 0.057672, 5.243432
57.315007, 0.055122, 5.011607
57.319530, 0.057672, 5.243432
57.332094, 0.055122, 5.011607
57.354058, 0.055122, 5.011607
57.378253, 0.057672, 5.243432
57.401651, 0.057672, 5.243432
57.419317, 0.055122, 5.011607
57.424534, 0.055122, 5.011607
57.427719, 0.057672, 5.243432
57.430592, 0.057672, 5.243432
57.433634, 0.057672, 5.243432
57.439229, 0.057672, 5.243432
57.449186, 0.055122, 5.011607
57.464926, 0.057672, 5.243432
57.487420, 0.057672, 5.243432
57.515268, 0.055122, 5.011607
57.534980, 0.057672, 5.243432
57.539777, 0.055122, 5.011607
57.542734, 0.057672, 5.243432
57.545605, 0.055122, 5.011607
57.548642, 0.055122, 5.011607
57.554556, 0.055122, 5.011607
57.561363, 0.055122, 5.011607
57.584309, 0.057672, 5.243432
57.612343, 0.055122, 5.011607
57.622497, 0.057672, 5.243432
57.626782, 0.055122, 5.011607
57.629630, 0.057672, 5.243432
57.633699, 0.057672, 5.243432
57.637662, 0.057672, 5.243432
57.641121, 0.057672, 5.243432
57.646194, 0.057672, 5.243432
57.653387, 0.055122, 5.011607
57.659944, 0.057672, 5.243432
57.665646, 0.055122, 5.011607
57.670783, 0.057672, 5.243432
57.674492, 0.057672, 5.243432
57.677990, 0.057672, 5.243432
57.685534, 0.057672, 5.243432
57.692311, 0.057672, 5.243432
57.696267, 0.055122, 5.011607
57.700556, 0.055122, 5.011607
57.705036, 0.057672, 5.243432
57.710595, 0.055122, 5.011607
57.715631, 0.057672, 5.243432
57.720473, 0.057672, 5.243432
57.725022, 0.057672, 5.243432
57.729374, 0.057672, 5.243432
57.737863, 0.055122, 5.011607
57.743976, 0.057672, 5.243432
57.749950, 0.057672, 5.243432
57.755545, 0.055122, 5.011607
57.761028, 0.055122, 5.011607
57.764894, 0.055122, 5.011607
57.767845, 0.055122, 5.011607
57.771991, 0.055122, 5.011607
57.775135, 0.057672, 5.243432
57.778459, 0.055122, 5.011607
57.783622, 0.055122, 5.011607
57.788168, 0.057672, 5.243432
57.792304, 0.055122, 5.011607
57.797394, 0.057672, 5.243432
57.800079, 0.055122, 5.011607
57.802492, 0.057672, 5.243432
57.805255, 0.055122, 5.011607
57.809428, 0.055122, 5.011607
57.812213, 0.057672, 5.243432
57.816242, 0.055122, 5.011607
57.819239, 0.055122, 5.011607
57.825346, 0.055122, 5.011607
57.827598, 0.055122, 5.011607
57.833066, 0.055122, 5.011607
57.835628, 0.055122, 5.011607
57.838231, 0.055122, 5.011607
57.841525, 0.057672, 5.243432
57.845475, 0.057672, 5.243432
57.858428, 0.057672, 5.243432
57.884136, 0.057672, 5.243432
57.910396, 0.057672, 5.243432
57.924812, 0.055122, 5.011607
57.928918, 0.057672, 5.243432
57.932986, 0.057672, 5.243432
57.936584, 0.057672, 5.243432
57.940141, 0.055122, 5.011607
57.942740, 0.055122, 5.011607
57.946166, 0.055122, 5.011607
57.953789, 0.055122, 5.011607
57.960395, 0.055122, 5.011607
57.986191, 0.055122, 5.011607
58.016728, 0.057672, 5.243432
58.035003, 0.057672, 5.243432
58.039647, 0.057672, 5.243432
58.042943, 0.057672, 5.243432
58.045728, 0.055122, 5.011607
58.048545, 0.057672, 5.243432
58.054136, 0.055122, 5.011607
58.067538, 0.057672, 5.243432
58.084401, 0.057672, 5.243432
58.110547, 0.055122, 5.011607
58.128654, 0.055122, 5.011607
58.134267, 0.055122, 5.011607
58.137436, 0.057672, 5.243432
58.140229, 0.055122, 5.011607
58.143201, 0.057672, 5.243432
58.146732, 0.057672, 5.243432
58.152596, 0.057672, 5.243432
58.160648, 0.055122, 5.011607
58.168550, 0.055122, 5.011607
58.175894, 0.055122, 5.011607
58.182433, 0.057672, 5.243432
58.188966, 0.055122, 5.011607
58.195216, 0.055122, 5.011607
58.201447, 0.055122, 5.011607
58.208247, 0.055122, 5.011607
58.214155, 0.055122, 5.011607
58.219700, 0.057672, 5.243432
58.225400, 0.055122, 5.011607
58.230401, 0.057672, 5.243432
58.234214, 0.055122, 5.011607
58.239581, 0.057672, 5.243432
58.244790, 0.055122, 5.011607
58.249939, 0.057672, 5.243432
58.256470, 0.055122, 5.011607
58.263101, 0.057672, 5.243432
58.270057, 0.057672, 5.243432
58.273927, 0.057672, 5.243432
58.281488, 0.055122, 5.011607
58.287034, 0.057672, 5.243432
58.293702, 0.057672, 5.243432
58.300049, 0.055122, 5.011607
58.306182, 0.057672, 5.243432
58.311700, 0.057672, 5.243432
58.315678, 0.057672, 5.243432
58.319066, 0.057672, 5.243432
58.322813, 0.055122, 5.011607
58.324952, 0.055122, 5.011607
58.332530, 0.057672, 5.243432
58.339519, 0.055122, 5.011607
58.342411, 0.057672, 5.243432
58.347605, 0.057672, 5.243432
58.353399, 0.055122, 5.011607
58.368964, 0.055122, 5.011607
58.390979, 0.057672, 5.243432
58.422217, 0.057672, 5.243432
58.433198, 0.057672, 5.243432
58.437039, 0.057672, 5.243432
58.440069, 0.057672, 5.243432
58.442886, 0.055122, 5.011607
58.446369, 0.055122, 5.011607
58.454784, 0.057672, 5.243432
58.475257, 0.057672, 5.243432
58.498931, 0.057672, 5.243432
58.531628, 0.055122, 5.011607
58.542214, 0.055122, 5.011607
58.546199, 0.055122, 5.011607
58.549153, 0.055122, 5.011607
58.551736, 0.057672, 5.243432
58.558471, 0.057672, 5.243432
58.582253, 0.055122, 5.011607
58.610275, 0.057672, 5.243432
58.641140, 0.057672, 5.243432
58.669305, 0.057672, 5.243432
58.675403, 0.055122, 5.011607
58.678815, 0.055122, 5.011607
58.681545, 0.055122, 5.011607
58.684517, 0.057672, 5.243432
58.687927, 0.057672, 5.243432
58.691614, 0.055122, 5.011607
58.695419, 0.057672, 5.243432
58.699422, 0.055122, 5.011607
58.703811, 0.057672, 5.243432
58.708264, 0.055122, 5.011607
58.713364, 0.057672, 5.243432
58.718715, 0.055122, 5.011607
58.723821, 0.055122, 5.011607
58.729062, 0.057672, 5.243432
58.733931, 0.057672, 5.243432
58.739231, 0.057672, 5.243432
58.744532, 0.055122, 5.011607
58.748814, 0.057672, 5.243432
58.751802, 0.057672, 5.243432
58.755370, 0.055122, 5.011607
58.760034, 0.057672, 5.243432
58.764060, 0.055122, 5.011607
58.768156, 0.055122, 5.011607
58.772914, 0.055122, 5.011607
58.777830, 0.055122, 5.011607
58.783287, 0.057672, 5.243432
58.789195, 0.055122, 5.011607
58.794732, 0.057672, 5.243432
58.800329, 0.057672, 5.243432
58.805816, 0.057672, 5.243432
58.810926, 0.057672, 5.243432
58.815723, 0.057672, 5.243432
58.820509, 0.057672, 5.243432
58.824832, 0.055122, 5.011607
58.828637, 0.055122, 5.011607
58.831570, 0.057672, 5.243432
58.835188, 0.055122, 5.011607
58.839313, 0.057672, 5.243432
58.843280, 0.057672, 5.243432
58.847254, 0.055122, 5.011607
58.851556, 0.057672, 5.243432
58.855728, 0.055122, 5.011607
58.859893, 0.057672, 5.243432
58.862137, 0.057672, 5.243432
58.867524, 0.055122, 5.011607
58.872974, 0.057672, 5.243432
58.880500, 0.057672, 5.243432
58.887003, 0.055122, 5.011607
58.890395, 0.055122, 5.011607
58.896509, 0.055122, 5.011607
58.903486, 0.057672, 5.243432
58.905740, 0.057672, 5.243432
58.908359, 0.057672, 5.243432
58.910479, 0.057672, 5.243432
58.912851, 0.057672, 5.243432
58.916761, 0.057672, 5.243432
58.921124, 0.057672, 5.243432
58.942406, 0.057672, 5.243432
58.966630, 0.055122, 5.011607
58.996617, 0.055122, 5.011607
59.012509, 0.055122, 5.011607
59.017133, 0.055122, 5.011607
59.020586, 0.055122, 5.011607
59.023204, 0.057672, 5.243432
59.025376, 0.055122, 5.011607
59.027611, 0.055122, 5.011607
59.030307, 0.057672, 5.243432
59.033646, 0.055122, 5.011607
59.038812, 0.055122, 5.011607
59.057714, 0.055122, 5.011607
59.083370, 0.057672, 5.243432
59.108826, 0.055122, 5.011607
59.121268, 0.057672, 5.243432
59.125126, 0.055122, 5.011607
59.128075, 0.057672, 5.243432
59.132364, 0.055122, 5.011607
59.135880, 0.055122, 5.011607
59.138278, 0.055122, 5.011607
59.141014, 0.057672, 5.243432
59.144359, 0.055122, 5.011607
59.149279, 0.057672, 5.243432
59.162872, 0.055122, 5.011607
59.190739, 0.057672, 5.243432
59.210215, 0.055122, 5.011607
59.215615, 0.055122, 5.011607
59.218901, 0.057672, 5.243432
59.221622, 0.055122, 5.011607
59.224469, 0.057672, 5.243432
59.231816, 0.057672, 5.243432
59.245050, 0.055122, 5.011607
59.267572, 0.057672, 5.243432
59.292277, 0.055122, 5.011607
59.313039, 0.055122, 5.011607
59.319244, 0.055122, 5.011607
59.322613, 0.055122, 5.011607
59.325429, 0.055122, 5.011607
59.328283, 0.055122, 5.011607
59.331372, 0.057672, 5.243432
59.334727, 0.055122, 5.011607
59.338204, 0.057672, 5.243432
59.342123, 0.057672, 5.243432
59.346035, 0.055122, 5.011607
59.349982, 0.055122, 5.011607
59.353895, 0.057672, 5.243432
59.359213, 0.057672, 5.243432
59.366422, 0.055122, 5.011607
59.372701, 0.055122, 5.011607
59.378297, 0.055122, 5.011607
59.383592, 0.057672, 5.243432
59.388563, 0.055122, 5.011607
59.392630, 0.057672, 5.243432
59.396980, 0.055122, 5.011607
59.401097, 0.055122, 5.011607
59.405699, 0.055122, 5.011607
59.410743, 0.055122, 5.011607
59.416242, 0.057672, 5.243432
59.423299, 0.057672, 5.243432
59.429318, 0.055122, 5.011607
59.435286, 0.057672, 5.243432
59.440413, 0.057672, 5.243432
59.446022, 0.055122, 5.011607
59.451566, 0.055122, 5.011607
59.458131, 0.057672, 5.243432
59.464685, 0.055122, 5.011607
59.471975, 0.057672, 5.243432
59.477396, 0.055122, 5.011607
59.483381, 0.057672, 5.243432
59.490221, 0.055122, 5.011607
59.496722, 0.055122, 5.011607
59.502501, 0.055122, 5.011607
59.508128, 0.055122, 5.011607
59.513225, 0.055122, 5.011607
59.518067, 0.057672, 5.243432
59.523081, 0.057672, 5.243432
59.527839, 0.057672, 5.243432
59.532232, 0.055122, 5.011607
59.536234, 0.057672, 5.243432
59.540170, 0.057672, 5.243432
59.543843, 0.057672, 5.243432
59.547649, 0.055122, 5.011607
59.551346, 0.055122, 5.011607
59.554606, 0.055122, 5.011607
59.558245, 0.055122, 5.011607
59.561948, 0.057672, 5.243432
59.564812, 0.055122, 5.011607
59.567936, 0.057672, 5.243432
59.572485, 0.055122, 5.011607
59.579582, 0.057672, 5.243432
59.583081, 0.055122, 5.011607
59.586756, 0.057672, 5.243432
59.596279, 0.057672, 5.243432
59.599866, 0.057672, 5.243432
59.602245, 0.055122, 5.011607
59.608451, 0.057672, 5.243432
59.614122, 0.055122, 5.011607
59.619050, 0.055122, 5.011607
59.625866, 0.057672, 5.243432
59.630824, 0.055122, 5.011607
59.638560, 0.055122, 5.011607
59.647494, 0.055122, 5.011607
59.652516, 0.055122, 5.011607
59.659691, 0.057672, 5.243432
59.664322, 0.057672, 5.243432
59.668047, 0.055122, 5.011607
59.671187, 0.055122, 5.011607
59.674635, 0.055122, 5.011607
59.678454, 0.057672, 5.243432
59.682299, 0.057672, 5.243432
59.684767, 0.055122, 5.011607
59.690494, 0.057672, 5.243432
59.697085, 0.055122, 5.011607
59.702421, 0.055122, 5.011607
59.708829, 0.055122, 5.011607
59.714298, 0.055122, 5.011607
59.720453, 0.055122, 5.011607
59.725413, 0.055122, 5.011607
59.730561, 0.057672, 5.243432
59.735882, 0.055122, 5.011607
59.739064, 0.057672, 5.243432
59.745245, 0.055122, 5.011607
59.749535, 0.057672, 5.243432
59.753710, 0.055122, 5.011607
59.757533, 0.057672, 5.243432
59.761550, 0.057672, 5.243432
59.766353, 0.055122, 5.011607
59.770201, 0.055122, 5.011607
59.774071, 0.057672, 5.243432
59.777699, 0.055122, 5.011607
59.782145, 0.055122, 5.011607
59.785905, 0.055122, 5.011607
59.788789, 0.055122, 5.011607
59.792064, 0.057672, 5.243432
59.795502, 0.055122, 5.011607
59.799495, 0.057672, 5.243432
59.802965, 0.055122, 5.011607
59.806841, 0.055122, 5.011607
59.809672, 0.057672, 5.243432
59.814624, 0.055122, 5.011607
59.818685, 0.057672, 5.243432
59.826183, 0.055122, 5.011607
59.832682, 0.057672, 5.243432
59.835375, 0.057672, 5.243432
59.841132, 0.057672, 5.243432
59.844204, 0.057672, 5.243432
59.846435, 0.057672, 5.243432
59.852566, 0.055122, 5.011607
59.859949, 0.055122, 5.011607
59.865231, 0.057672, 5.243432
59.870914, 0.057672, 5.243432
59.875014, 0.055122, 5.011607
59.881893, 0.055122, 5.011607
59.886708, 0.055122, 5.011607
59.894545, 0.055122, 5.011607
59.900606, 0.055122, 5.011607
59.907113, 0.055122, 5.011607
59.912497, 0.055122, 5.011607
59.916868, 0.055122, 5.011607
59.921962, 0.057672, 5.243432
59.924934, 0.055122, 5.011607
59.929426, 0.057672, 5.243432
59.933500, 0.057672, 5.243432
59.941312, 0.057672, 5.243432
59.947234, 0.057672, 5.243432
59.950963, 0.057672, 5.243432
59.953713, 0.055122, 5.011607
59.956732, 0.055122, 5.011607
59.959384, 0.057672, 5.243432
59.962087, 0.055122, 5.011607
59.965012, 0.055122, 5.011607
59.968130, 0.057672, 5.243432
59.971016, 0.057672, 5.243432
59.973819, 0.055122, 5.011607
59.976725, 0.057672, 5.243432
59.979595, 0.057672, 5.243432
59.982699, 0.057672, 5.243432
59.985647, 0.057672, 5.243432
59.989015, 0.055122, 5.011607
59.991961, 0.055122, 5.011607
59.994899, 0.057672, 5.243432
59.998223, 0.055122, 5.011607
60.001585, 0.057672, 5.243432
