Time (s),Voltage (V),Pressure
1.063740, 1.675922, 152.360389
1.140861, 1.675922, 152.360389
1.191679, 1.678471, 152.592115
1.229589, 1.678471, 152.592115
1.330673, 1.678471, 152.592115
1.368815, 1.678471, 152.592115
1.374735, 1.675922, 152.360389
1.379573, 1.675922, 152.360389
1.384619, 1.675922, 152.360389
1.391853, 1.675922, 152.360389
1.397805, 1.675922, 152.360389
1.405286, 1.675922, 152.360389
1.414595, 1.675922, 152.360389
1.420578, 1.678471, 152.592115
1.426114, 1.678471, 152.592115
1.431653, 1.675922, 152.360389
1.434631, 1.675922, 152.360389
1.437821, 1.675922, 152.360389
1.441102, 1.675922, 152.360389
1.444593, 1.675922, 152.360389
1.448127, 1.675922, 152.360389
1.451648, 1.675922, 152.360389
1.455140, 1.675922, 152.360389
1.458648, 1.675922, 152.360389
1.462013, 1.675922, 152.360389
1.465661, 1.675922, 152.360389
1.469235, 1.675922, 152.360389
1.472631, 1.675922, 152.360389
1.476197, 1.675922, 152.360389
1.479546, 1.675922, 152.360389
1.482812, 1.675922, 152.360389
1.486376, 1.678471, 152.592115
1.492728, 1.675922, 152.360389
1.495328, 1.678471, 152.592115
1.498048, 1.675922, 152.360389
1.501140, 1.675922, 152.360389
1.504970, 1.675922, 152.360389
1.510961, 1.675922, 152.360389
1.515860, 1.675922, 152.360389
1.522592, 1.675922, 152.360389
1.528543, 1.678471, 152.592115
1.533076, 1.681020, 152.823842
1.537793, 1.675922, 152.360389
1.542455, 1.675922, 152.360389
1.546330, 1.675922, 152.360389
1.550313, 1.675922, 152.360389
1.553710, 1.675922, 152.360389
1.557849, 1.675922, 152.360389
1.562283, 1.678471, 152.592115
1.565726, 1.678471, 152.592115
1.569320, 1.678471, 152.592115
1.573079, 1.678471, 152.592115
1.582045, 1.675922, 152.360389
1.586959, 1.675922, 152.360389
1.589570, 1.675922, 152.360389
1.592263, 1.675922, 152.360389
1.595062, 1.675922, 152.360389
1.598056, 1.675922, 152.360389
1.601198, 1.675922, 152.360389
1.604341, 1.675922, 152.360389
1.607634, 1.675922, 152.360389
1.610993, 1.675922, 152.360389
1.614219, 1.675922, 152.360389
1.617530, 1.675922, 152.360389
1.620869, 1.675922, 152.360389
1.624041, 1.675922, 152.360389
1.627392, 1.675922, 152.360389
1.630776, 1.675922, 152.360389
1.633856, 1.675922, 152.360389
1.636786, 1.675922, 152.360389
1.640168, 1.675922, 152.360389
1.643593, 1.675922, 152.360389
1.647116, 1.678471, 152.592115
1.653439, 1.675922, 152.360389
1.658083, 1.675922, 152.360389
1.662370, 1.675922, 152.360389
1.666483, 1.675922, 152.360389
1.670290, 1.678471, 152.592115
1.675110, 1.678471, 152.592115
1.680450, 1.678471, 152.592115
1.686350, 1.675922, 152.360389
1.691826, 1.675922, 152.360389
1.697160, 1.675922, 152.360389
1.702676, 1.675922, 152.360389
1.707582, 1.675922, 152.360389
1.711163, 1.675922, 152.360389
1.714632, 1.675922, 152.360389
1.718245, 1.678471, 152.592115
1.722708, 1.675922, 152.360389
1.725314, 1.675922, 152.360389
1.728154, 1.675922, 152.360389
1.734034, 1.675922, 152.360389
1.740003, 1.675922, 152.360389
1.745545, 1.675922, 152.360389
1.750461, 1.675922, 152.360389
1.753575, 1.675922, 152.360389
1.756047, 1.675922, 152.360389
1.759063, 1.678471, 152.592115
1.763134, 1.675922, 152.360389
1.769104, 1.675922, 152.360389
1.895026, 1.673374, 152.128662
1.898279, 1.675922, 152.360389
1.901628, 1.675922, 152.360389
1.904599, 1.675922, 152.360389
1.908408, 1.675922, 152.360389
1.914481, 1.678471, 152.592115
1.918468, 1.675922, 152.360389
1.921707, 1.675922, 152.360389
1.925060, 1.675922, 152.360389
1.928061, 1.678471, 152.592115
1.931576, 1.675922, 152.360389
1.936426, 1.675922, 152.360389
1.942211, 1.675922, 152.360389
1.948258, 1.675922, 152.360389
1.953879, 1.678471, 152.592115
1.956812, 1.678471, 152.592115
1.959425, 1.675922, 152.360389
1.963746, 1.675922, 152.360389
1.966732, 1.675922, 152.360389
1.969907, 1.675922, 152.360389
1.973777, 1.675922, 152.360389
1.978226, 1.675922, 152.360389
1.984133, 1.675922, 152.360389
1.989223, 1.675922, 152.360389
1.994360, 1.678471, 152.592115
1.999759, 1.675922, 152.360389
2.005169, 1.675922, 152.360389
2.010405, 1.675922, 152.360389
2.015764, 1.675922, 152.360389
2.020921, 1.675922, 152.360389
2.026055, 1.675922, 152.360389
2.030797, 1.675922, 152.360389
2.035531, 1.675922, 152.360389
2.039960, 1.678471, 152.592115
2.044152, 1.675922, 152.360389
2.048100, 1.675922, 152.360389
2.051881, 1.675922, 152.360389
2.055573, 1.675922, 152.360389
2.060012, 1.675922, 152.360389
2.063386, 1.675922, 152.360389
2.067337, 1.675922, 152.360389
2.069858, 1.675922, 152.360389
2.072612, 1.675922, 152.360389
2.075646, 1.675922, 152.360389
2.078917, 1.675922, 152.360389
2.082267, 1.678471, 152.592115
2.085603, 1.675922, 152.360389
2.089092, 1.675922, 152.360389
2.092775, 1.675922, 152.360389
2.096490, 1.678471, 152.592115
2.100418, 1.675922, 152.360389
2.103552, 1.675922, 152.360389
2.106981, 1.675922, 152.360389
2.110948, 1.675922, 152.360389
2.114853, 1.678471, 152.592115
2.118762, 1.675922, 152.360389
2.122603, 1.675922, 152.360389
2.126359, 1.675922, 152.360389
2.130172, 1.675922, 152.360389
2.136103, 1.678471, 152.592115
2.145927, 1.678471, 152.592115
2.153636, 1.678471, 152.592115
2.160829, 1.675922, 152.360389
2.167938, 1.675922, 152.360389
2.174235, 1.675922, 152.360389
2.182042, 1.675922, 152.360389
2.190617, 1.675922, 152.360389
2.198382, 1.675922, 152.360389
2.206167, 1.675922, 152.360389
2.212779, 1.675922, 152.360389
2.218764, 1.675922, 152.360389
2.223784, 1.675922, 152.360389
2.228280, 1.675922, 152.360389
2.234260, 1.675922, 152.360389
2.242216, 1.675922, 152.360389
2.250541, 1.675922, 152.360389
2.258405, 1.675922, 152.360389
2.263655, 1.675922, 152.360389
2.268631, 1.678471, 152.592115
2.274591, 1.678471, 152.592115
2.280298, 1.678471, 152.592115
2.285951, 1.678471, 152.592115
2.290464, 1.675922, 152.360389
2.294553, 1.675922, 152.360389
2.298595, 1.675922, 152.360389
2.302182, 1.675922, 152.360389
2.305473, 1.675922, 152.360389
2.309988, 1.678471, 152.592115
2.314539, 1.678471, 152.592115
2.318919, 1.675922, 152.360389
2.323231, 1.675922, 152.360389
2.326443, 1.675922, 152.360389
2.328719, 1.675922, 152.360389
2.331392, 1.675922, 152.360389
2.334274, 1.675922, 152.360389
2.337256, 1.678471, 152.592115
2.340819, 1.678471, 152.592115
2.344208, 1.675922, 152.360389
2.347646, 1.675922, 152.360389
2.352773, 1.675922, 152.360389
2.360135, 1.675922, 152.360389
2.365858, 1.673374, 152.128662
2.370461, 1.675922, 152.360389
2.375874, 1.675922, 152.360389
2.381334, 1.675922, 152.360389
2.385850, 1.675922, 152.360389
2.390054, 1.678471, 152.592115
2.394697, 1.675922, 152.360389
2.398775, 1.675922, 152.360389
2.402700, 1.675922, 152.360389
2.406563, 1.673374, 152.128662
2.410311, 1.673374, 152.128662
2.413970, 1.675922, 152.360389
2.417454, 1.675922, 152.360389
2.420949, 1.678471, 152.592115
2.424328, 1.675922, 152.360389
2.427760, 1.675922, 152.360389
2.431268, 1.675922, 152.360389
2.434818, 1.675922, 152.360389
2.438194, 1.673374, 152.128662
2.442597, 1.675922, 152.360389
2.446968, 1.675922, 152.360389
2.451281, 1.675922, 152.360389
2.455216, 1.678471, 152.592115
2.458915, 1.675922, 152.360389
2.462466, 1.675922, 152.360389
2.465821, 1.675922, 152.360389
2.469007, 1.675922, 152.360389
2.472230, 1.675922, 152.360389
2.475437, 1.675922, 152.360389
2.478791, 1.675922, 152.360389
2.481978, 1.675922, 152.360389
2.486501, 1.675922, 152.360389
2.490107, 1.675922, 152.360389
2.493894, 1.675922, 152.360389
2.497515, 1.675922, 152.360389
2.501020, 1.675922, 152.360389
2.504507, 1.675922, 152.360389
2.507862, 1.675922, 152.360389
2.511115, 1.675922, 152.360389
2.514515, 1.675922, 152.360389
2.517781, 1.675922, 152.360389
2.520932, 1.675922, 152.360389
2.524221, 1.675922, 152.360389
2.527543, 1.675922, 152.360389
2.530777, 1.675922, 152.360389
2.535378, 1.675922, 152.360389
2.544218, 1.675922, 152.360389
2.551406, 1.675922, 152.360389
2.558247, 1.675922, 152.360389
2.564138, 1.675922, 152.360389
2.568864, 1.675922, 152.360389
2.573662, 1.675922, 152.360389
2.576980, 1.675922, 152.360389
2.579952, 1.675922, 152.360389
2.583107, 1.675922, 152.360389
2.587313, 1.675922, 152.360389
2.591078, 1.675922, 152.360389
2.594593, 1.675922, 152.360389
2.598057, 1.675922, 152.360389
2.601401, 1.675922, 152.360389
2.604744, 1.678471, 152.592115
2.608256, 1.678471, 152.592115
2.611650, 1.675922, 152.360389
2.615011, 1.675922, 152.360389
2.618285, 1.675922, 152.360389
2.621533, 1.675922, 152.360389
2.624801, 1.675922, 152.360389
2.628150, 1.675922, 152.360389
2.631404, 1.678471, 152.592115
2.634655, 1.675922, 152.360389
2.638224, 1.675922, 152.360389
2.641702, 1.673374, 152.128662
2.644471, 1.673374, 152.128662
2.647377, 1.675922, 152.360389
2.650567, 1.675922, 152.360389
2.653982, 1.675922, 152.360389
2.657758, 1.675922, 152.360389
2.661550, 1.675922, 152.360389
2.665245, 1.675922, 152.360389
2.669050, 1.678471, 152.592115
2.672792, 1.675922, 152.360389
2.676796, 1.675922, 152.360389
2.680906, 1.673374, 152.128662
2.684651, 1.673374, 152.128662
2.688401, 1.675922, 152.360389
2.692126, 1.675922, 152.360389
2.696241, 1.678471, 152.592115
2.701646, 1.675922, 152.360389
2.707918, 1.675922, 152.360389
2.714647, 1.675922, 152.360389
2.720696, 1.675922, 152.360389
2.724772, 1.675922, 152.360389
2.727084, 1.675922, 152.360389
2.729944, 1.675922, 152.360389
2.733034, 1.675922, 152.360389
2.736345, 1.675922, 152.360389
2.739701, 1.675922, 152.360389
2.742429, 1.675922, 152.360389
2.746739, 1.675922, 152.360389
2.754457, 1.675922, 152.360389
2.759611, 1.675922, 152.360389
2.764464, 1.675922, 152.360389
2.769466, 1.675922, 152.360389
2.774394, 1.675922, 152.360389
2.778969, 1.675922, 152.360389
2.783382, 1.678471, 152.592115
2.787721, 1.678471, 152.592115
2.792215, 1.675922, 152.360389
2.796953, 1.675922, 152.360389
2.801737, 1.673374, 152.128662
2.806600, 1.675922, 152.360389
2.811398, 1.675922, 152.360389
2.816307, 1.675922, 152.360389
2.820723, 1.675922, 152.360389
2.825458, 1.675922, 152.360389
2.829857, 1.675922, 152.360389
2.834153, 1.675922, 152.360389
2.838552, 1.675922, 152.360389
2.842476, 1.675922, 152.360389
2.847003, 1.673374, 152.128662
2.850982, 1.675922, 152.360389
2.854907, 1.675922, 152.360389
2.858529, 1.675922, 152.360389
2.862618, 1.675922, 152.360389
2.866621, 1.675922, 152.360389
2.871030, 1.675922, 152.360389
2.877628, 1.675922, 152.360389
2.884031, 1.675922, 152.360389
2.891376, 1.675922, 152.360389
2.897552, 1.675922, 152.360389
2.903645, 1.675922, 152.360389
2.910037, 1.675922, 152.360389
2.915624, 1.675922, 152.360389
2.921032, 1.675922, 152.360389
2.927196, 1.675922, 152.360389
2.931941, 1.675922, 152.360389
2.936064, 1.675922, 152.360389
2.940372, 1.673374, 152.128662
2.944886, 1.675922, 152.360389
2.949632, 1.675922, 152.360389
2.954351, 1.678471, 152.592115
2.958663, 1.678471, 152.592115
2.961869, 1.675922, 152.360389
2.965085, 1.675922, 152.360389
2.968616, 1.675922, 152.360389
2.971860, 1.675922, 152.360389
2.975049, 1.675922, 152.360389
2.982937, 1.675922, 152.360389
2.990565, 1.675922, 152.360389
2.998379, 1.675922, 152.360389
3.003941, 1.675922, 152.360389
3.010137, 1.675922, 152.360389
3.016040, 1.675922, 152.360389
3.022123, 1.675922, 152.360389
3.029197, 1.675922, 152.360389
3.035525, 1.675922, 152.360389
3.041565, 1.675922, 152.360389
3.046718, 1.675922, 152.360389
3.051982, 1.675922, 152.360389
3.056706, 1.675922, 152.360389
3.062972, 1.678471, 152.592115
3.068187, 1.675922, 152.360389
3.074597, 1.675922, 152.360389
3.080812, 1.675922, 152.360389
3.087886, 1.675922, 152.360389
3.093944, 1.675922, 152.360389
3.099402, 1.673374, 152.128662
3.104949, 1.675922, 152.360389
3.110708, 1.675922, 152.360389
3.115804, 1.675922, 152.360389
3.120599, 1.675922, 152.360389
3.125450, 1.675922, 152.360389
3.130018, 1.673374, 152.128662
3.134813, 1.673374, 152.128662
3.140180, 1.673374, 152.128662
3.147567, 1.675922, 152.360389
3.156576, 1.675922, 152.360389
3.163623, 1.675922, 152.360389
3.169981, 1.675922, 152.360389
3.191064, 1.675922, 152.360389
3.212769, 1.675922, 152.360389
3.218202, 1.673374, 152.128662
3.222971, 1.673374, 152.128662
3.228294, 1.673374, 152.128662
3.234411, 1.675922, 152.360389
3.243950, 1.675922, 152.360389
3.252092, 1.675922, 152.360389
3.261085, 1.675922, 152.360389
3.268488, 1.675922, 152.360389
3.274133, 1.675922, 152.360389
3.278777, 1.675922, 152.360389
3.283288, 1.675922, 152.360389
3.287493, 1.675922, 152.360389
3.293656, 1.675922, 152.360389
3.300030, 1.675922, 152.360389
3.305623, 1.675922, 152.360389
3.309631, 1.675922, 152.360389
3.313505, 1.675922, 152.360389
3.317891, 1.675922, 152.360389
3.332188, 1.675922, 152.360389
3.340845, 1.675922, 152.360389
3.350709, 1.675922, 152.360389
3.357960, 1.675922, 152.360389
3.363503, 1.675922, 152.360389
3.368579, 1.675922, 152.360389
3.373087, 1.675922, 152.360389
3.378219, 1.675922, 152.360389
3.382540, 1.675922, 152.360389
3.386567, 1.675922, 152.360389
3.390356, 1.675922, 152.360389
3.394165, 1.675922, 152.360389
3.398202, 1.675922, 152.360389
3.402283, 1.675922, 152.360389
3.405907, 1.675922, 152.360389
3.409590, 1.675922, 152.360389
3.413161, 1.675922, 152.360389
3.416663, 1.675922, 152.360389
3.420910, 1.675922, 152.360389
3.427131, 1.673374, 152.128662
3.434497, 1.673374, 152.128662
3.441169, 1.673374, 152.128662
3.448561, 1.675922, 152.360389
3.454934, 1.675922, 152.360389
3.461087, 1.675922, 152.360389
3.467187, 1.675922, 152.360389
3.469928, 1.675922, 152.360389
3.472570, 1.675922, 152.360389
3.475975, 1.675922, 152.360389
3.479359, 1.673374, 152.128662
3.482782, 1.675922, 152.360389
3.486165, 1.673374, 152.128662
3.489804, 1.675922, 152.360389
3.493337, 1.675922, 152.360389
3.496883, 1.675922, 152.360389
3.500597, 1.675922, 152.360389
3.503995, 1.675922, 152.360389
3.507364, 1.675922, 152.360389
3.510552, 1.673374, 152.128662
3.513771, 1.675922, 152.360389
3.517291, 1.675922, 152.360389
3.520854, 1.675922, 152.360389
3.525500, 1.675922, 152.360389
3.530194, 1.675922, 152.360389
3.534593, 1.675922, 152.360389
3.539205, 1.675922, 152.360389
3.542537, 1.675922, 152.360389
3.545197, 1.675922, 152.360389
3.548088, 1.673374, 152.128662
3.551128, 1.675922, 152.360389
3.554330, 1.675922, 152.360389
3.557757, 1.675922, 152.360389
3.560952, 1.675922, 152.360389
3.563131, 1.675922, 152.360389
3.565581, 1.675922, 152.360389
3.568695, 1.673374, 152.128662
3.571594, 1.673374, 152.128662
3.576182, 1.673374, 152.128662
3.579307, 1.673374, 152.128662
3.582159, 1.675922, 152.360389
3.585547, 1.675922, 152.360389
3.590412, 1.675922, 152.360389
3.594851, 1.675922, 152.360389
3.599740, 1.675922, 152.360389
3.604340, 1.673374, 152.128662
3.608742, 1.675922, 152.360389
3.613068, 1.673374, 152.128662
3.617012, 1.673374, 152.128662
3.620793, 1.675922, 152.360389
3.625164, 1.675922, 152.360389
3.629146, 1.675922, 152.360389
3.632771, 1.675922, 152.360389
3.636232, 1.675922, 152.360389
3.640168, 1.673374, 152.128662
3.643628, 1.673374, 152.128662
3.646907, 1.673374, 152.128662
3.650251, 1.673374, 152.128662
3.653412, 1.675922, 152.360389
3.656606, 1.675922, 152.360389
3.660226, 1.675922, 152.360389
3.663735, 1.675922, 152.360389
3.667222, 1.675922, 152.360389
3.670667, 1.673374, 152.128662
3.674031, 1.673374, 152.128662
3.677282, 1.673374, 152.128662
3.680532, 1.675922, 152.360389
3.683683, 1.675922, 152.360389
3.686800, 1.675922, 152.360389
3.690299, 1.675922, 152.360389
3.694156, 1.675922, 152.360389
3.697579, 1.675922, 152.360389
3.701317, 1.675922, 152.360389
3.704633, 1.673374, 152.128662
3.708084, 1.673374, 152.128662
3.710810, 1.673374, 152.128662
3.713853, 1.675922, 152.360389
3.717325, 1.675922, 152.360389
3.722146, 1.675922, 152.360389
3.725833, 1.673374, 152.128662
3.730027, 1.675922, 152.360389
3.734861, 1.675922, 152.360389
3.739195, 1.675922, 152.360389
3.743956, 1.673374, 152.128662
3.748029, 1.673374, 152.128662
3.751232, 1.675922, 152.360389
3.753650, 1.675922, 152.360389
3.758089, 1.675922, 152.360389
3.761107, 1.675922, 152.360389
3.763990, 1.675922, 152.360389
3.766772, 1.675922, 152.360389
3.769700, 1.673374, 152.128662
3.773169, 1.673374, 152.128662
3.776359, 1.675922, 152.360389
3.779539, 1.675922, 152.360389
3.782929, 1.675922, 152.360389
3.786213, 1.675922, 152.360389
3.789564, 1.675922, 152.360389
3.792839, 1.675922, 152.360389
3.796465, 1.673374, 152.128662
3.799832, 1.675922, 152.360389
3.803175, 1.675922, 152.360389
3.810780, 1.675922, 152.360389
3.816895, 1.675922, 152.360389
3.822734, 1.675922, 152.360389
3.828463, 1.675922, 152.360389
3.833600, 1.675922, 152.360389
3.837980, 1.675922, 152.360389
3.842184, 1.673374, 152.128662
3.846160, 1.675922, 152.360389
3.849946, 1.675922, 152.360389
3.853626, 1.673374, 152.128662
3.857230, 1.675922, 152.360389
3.861002, 1.675922, 152.360389
3.864460, 1.675922, 152.360389
3.867891, 1.675922, 152.360389
3.871492, 1.675922, 152.360389
3.874950, 1.675922, 152.360389
3.878372, 1.673374, 152.128662
3.881946, 1.675922, 152.360389
3.885394, 1.673374, 152.128662
3.888782, 1.675922, 152.360389
3.892556, 1.675922, 152.360389
3.896146, 1.675922, 152.360389
3.899817, 1.675922, 152.360389
3.903484, 1.675922, 152.360389
3.907072, 1.675922, 152.360389
3.910649, 1.675922, 152.360389
3.914158, 1.675922, 152.360389
3.917596, 1.673374, 152.128662
3.921210, 1.673374, 152.128662
3.924863, 1.675922, 152.360389
3.928356, 1.675922, 152.360389
3.932108, 1.675922, 152.360389
3.935797, 1.675922, 152.360389
3.939435, 1.675922, 152.360389
3.943290, 1.675922, 152.360389
3.946983, 1.675922, 152.360389
3.950664, 1.675922, 152.360389
3.954618, 1.673374, 152.128662
3.958249, 1.675922, 152.360389
3.961829, 1.675922, 152.360389
3.965456, 1.675922, 152.360389
3.969009, 1.675922, 152.360389
3.972734, 1.675922, 152.360389
3.976677, 1.673374, 152.128662
3.980585, 1.675922, 152.360389
3.984854, 1.673374, 152.128662
3.988650, 1.675922, 152.360389
3.992734, 1.675922, 152.360389
3.997163, 1.675922, 152.360389
4.001420, 1.675922, 152.360389
4.005784, 1.675922, 152.360389
4.009881, 1.675922, 152.360389
4.014161, 1.675922, 152.360389
4.017974, 1.673374, 152.128662
4.021592, 1.673374, 152.128662
4.025523, 1.673374, 152.128662
4.029037, 1.675922, 152.360389
4.032587, 1.675922, 152.360389
4.036061, 1.675922, 152.360389
4.039523, 1.675922, 152.360389
4.043096, 1.675922, 152.360389
4.046826, 1.675922, 152.360389
4.050490, 1.675922, 152.360389
4.054460, 1.673374, 152.128662
4.058453, 1.675922, 152.360389
4.062267, 1.675922, 152.360389
4.066217, 1.675922, 152.360389
4.070614, 1.675922, 152.360389
4.076374, 1.675922, 152.360389
4.083492, 1.675922, 152.360389
4.089547, 1.675922, 152.360389
4.095220, 1.675922, 152.360389
4.101056, 1.675922, 152.360389
4.107103, 1.675922, 152.360389
4.112362, 1.675922, 152.360389
4.117247, 1.675922, 152.360389
4.121676, 1.675922, 152.360389
4.126726, 1.675922, 152.360389
4.131422, 1.675922, 152.360389
4.136527, 1.675922, 152.360389
4.141348, 1.673374, 152.128662
4.145384, 1.673374, 152.128662
4.149916, 1.673374, 152.128662
4.153938, 1.673374, 152.128662
4.157999, 1.675922, 152.360389
4.162376, 1.675922, 152.360389
4.166658, 1.675922, 152.360389
4.171291, 1.675922, 152.360389
4.175978, 1.675922, 152.360389
4.180714, 1.675922, 152.360389
4.185129, 1.673374, 152.128662
4.189744, 1.673374, 152.128662
4.194153, 1.675922, 152.360389
4.198436, 1.675922, 152.360389
4.202471, 1.675922, 152.360389
4.206393, 1.675922, 152.360389
4.210469, 1.675922, 152.360389
4.214289, 1.675922, 152.360389
4.218089, 1.675922, 152.360389
4.222194, 1.675922, 152.360389
4.226801, 1.673374, 152.128662
4.232025, 1.675922, 152.360389
4.237434, 1.675922, 152.360389
4.244345, 1.675922, 152.360389
4.249243, 1.675922, 152.360389
4.255746, 1.675922, 152.360389
4.263237, 1.675922, 152.360389
4.270891, 1.675922, 152.360389
4.274210, 1.673374, 152.128662
4.277282, 1.675922, 152.360389
4.280978, 1.675922, 152.360389
4.288608, 1.675922, 152.360389
4.295452, 1.675922, 152.360389
4.300746, 1.675922, 152.360389
4.305327, 1.675922, 152.360389
4.308400, 1.675922, 152.360389
4.311504, 1.675922, 152.360389
4.314711, 1.675922, 152.360389
4.317966, 1.673374, 152.128662
4.321765, 1.673374, 152.128662
4.327749, 1.675922, 152.360389
4.332171, 1.675922, 152.360389
4.336132, 1.675922, 152.360389
4.339979, 1.675922, 152.360389
4.343637, 1.675922, 152.360389
4.347133, 1.675922, 152.360389
4.350600, 1.673374, 152.128662
4.354333, 1.675922, 152.360389
4.358456, 1.675922, 152.360389
4.361946, 1.673374, 152.128662
4.365238, 1.675922, 152.360389
4.368762, 1.675922, 152.360389
4.372502, 1.675922, 152.360389
4.375914, 1.675922, 152.360389
4.379168, 1.675922, 152.360389
4.382337, 1.675922, 152.360389
4.385918, 1.675922, 152.360389
4.390031, 1.675922, 152.360389
4.397847, 1.675922, 152.360389
4.401465, 1.675922, 152.360389
4.412651, 1.675922, 152.360389
4.433528, 1.675922, 152.360389
4.440511, 1.675922, 152.360389
4.444286, 1.675922, 152.360389
4.451327, 1.675922, 152.360389
4.458820, 1.673374, 152.128662
4.465378, 1.675922, 152.360389
4.470869, 1.675922, 152.360389
4.475016, 1.675922, 152.360389
4.479937, 1.675922, 152.360389
4.483332, 1.675922, 152.360389
4.486867, 1.675922, 152.360389
4.490517, 1.673374, 152.128662
4.493857, 1.673374, 152.128662
4.497740, 1.673374, 152.128662
4.502698, 1.673374, 152.128662
4.508849, 1.675922, 152.360389
4.513683, 1.675922, 152.360389
4.518081, 1.675922, 152.360389
4.522342, 1.675922, 152.360389
4.526572, 1.675922, 152.360389
4.531380, 1.675922, 152.360389
4.535950, 1.673374, 152.128662
4.540875, 1.673374, 152.128662
4.545209, 1.673374, 152.128662
4.549406, 1.673374, 152.128662
4.553293, 1.675922, 152.360389
4.557685, 1.675922, 152.360389
4.562089, 1.675922, 152.360389
4.566406, 1.675922, 152.360389
4.570613, 1.675922, 152.360389
4.574523, 1.675922, 152.360389
4.578349, 1.673374, 152.128662
4.582494, 1.673374, 152.128662
4.586622, 1.675922, 152.360389
4.595792, 1.675922, 152.360389
4.616473, 1.675922, 152.360389
4.621984, 1.675922, 152.360389
4.625326, 1.675922, 152.360389
4.628603, 1.675922, 152.360389
4.631158, 1.673374, 152.128662
4.634218, 1.675922, 152.360389
4.637249, 1.675922, 152.360389
4.640440, 1.675922, 152.360389
4.643928, 1.673374, 152.128662
4.647682, 1.675922, 152.360389
4.651369, 1.675922, 152.360389
4.655002, 1.675922, 152.360389
4.659393, 1.675922, 152.360389
4.662665, 1.673374, 152.128662
4.665487, 1.675922, 152.360389
4.668441, 1.673374, 152.128662
4.672118, 1.673374, 152.128662
4.677523, 1.675922, 152.360389
4.682458, 1.675922, 152.360389
4.687263, 1.675922, 152.360389
4.692181, 1.673374, 152.128662
4.696670, 1.673374, 152.128662
4.701079, 1.673374, 152.128662
4.705618, 1.673374, 152.128662
4.710293, 1.675922, 152.360389
4.714765, 1.673374, 152.128662
4.718999, 1.675922, 152.360389
4.723128, 1.675922, 152.360389
4.727442, 1.675922, 152.360389
4.731161, 1.675922, 152.360389
4.735141, 1.675922, 152.360389
4.738740, 1.673374, 152.128662
4.742246, 1.673374, 152.128662
4.745764, 1.673374, 152.128662
4.749628, 1.673374, 152.128662
4.753084, 1.675922, 152.360389
4.756584, 1.675922, 152.360389
4.760073, 1.675922, 152.360389
4.763691, 1.675922, 152.360389
4.767463, 1.675922, 152.360389
4.771090, 1.673374, 152.128662
4.774680, 1.673374, 152.128662
4.778068, 1.673374, 152.128662
4.781422, 1.673374, 152.128662
4.784836, 1.675922, 152.360389
4.788225, 1.675922, 152.360389
4.791732, 1.675922, 152.360389
4.795323, 1.675922, 152.360389
4.798724, 1.675922, 152.360389
4.802085, 1.673374, 152.128662
4.805582, 1.673374, 152.128662
4.809256, 1.673374, 152.128662
4.812754, 1.673374, 152.128662
4.816459, 1.673374, 152.128662
4.820808, 1.673374, 152.128662
4.825569, 1.675922, 152.360389
4.834322, 1.675922, 152.360389
4.842460, 1.675922, 152.360389
4.850601, 1.673374, 152.128662
4.857150, 1.673374, 152.128662
4.862776, 1.673374, 152.128662
4.867668, 1.673374, 152.128662
4.871998, 1.673374, 152.128662
4.875999, 1.673374, 152.128662
4.880094, 1.675922, 152.360389
4.883721, 1.675922, 152.360389
4.887141, 1.675922, 152.360389
4.890571, 1.675922, 152.360389
4.893852, 1.673374, 152.128662
4.897096, 1.673374, 152.128662
4.900915, 1.673374, 152.128662
4.904452, 1.673374, 152.128662
4.908022, 1.675922, 152.360389
4.911683, 1.675922, 152.360389
4.915152, 1.673374, 152.128662
4.918558, 1.673374, 152.128662
4.922073, 1.673374, 152.128662
4.925837, 1.673374, 152.128662
4.929535, 1.673374, 152.128662
4.933499, 1.673374, 152.128662
4.937140, 1.675922, 152.360389
4.941531, 1.675922, 152.360389
4.950819, 1.675922, 152.360389
4.961983, 1.675922, 152.360389
4.969386, 1.675922, 152.360389
4.977546, 1.673374, 152.128662
4.983438, 1.673374, 152.128662
4.988089, 1.673374, 152.128662
4.993414, 1.673374, 152.128662
4.997925, 1.673374, 152.128662
5.002508, 1.673374, 152.128662
5.008934, 1.675922, 152.360389
5.014781, 1.675922, 152.360389
5.020217, 1.675922, 152.360389
5.026630, 1.673374, 152.128662
5.031618, 1.673374, 152.128662
5.036774, 1.673374, 152.128662
5.042100, 1.673374, 152.128662
5.048248, 1.673374, 152.128662
5.053550, 1.673374, 152.128662
5.059476, 1.675922, 152.360389
5.064542, 1.675922, 152.360389
5.069459, 1.675922, 152.360389
5.077888, 1.673374, 152.128662
5.083333, 1.673374, 152.128662
5.089401, 1.673374, 152.128662
5.094998, 1.673374, 152.128662
5.099695, 1.675922, 152.360389
5.104092, 1.675922, 152.360389
5.109234, 1.675922, 152.360389
5.113582, 1.675922, 152.360389
5.119164, 1.673374, 152.128662
5.125063, 1.673374, 152.128662
5.131571, 1.673374, 152.128662
5.136610, 1.673374, 152.128662
5.141612, 1.675922, 152.360389
5.146938, 1.673374, 152.128662
5.151564, 1.673374, 152.128662
5.156087, 1.675922, 152.360389
5.161163, 1.675922, 152.360389
5.165254, 1.675922, 152.360389
5.170567, 1.673374, 152.128662
5.178680, 1.673374, 152.128662
5.187021, 1.673374, 152.128662
5.195266, 1.673374, 152.128662
5.202705, 1.673374, 152.128662
5.209008, 1.673374, 152.128662
5.212244, 1.673374, 152.128662
5.217213, 1.675922, 152.360389
5.222741, 1.673374, 152.128662
5.230067, 1.675922, 152.360389
5.237750, 1.673374, 152.128662
5.244712, 1.673374, 152.128662
5.251715, 1.673374, 152.128662
5.259011, 1.673374, 152.128662
5.267087, 1.673374, 152.128662
5.274707, 1.673374, 152.128662
5.283451, 1.673374, 152.128662
5.290792, 1.673374, 152.128662
5.299022, 1.673374, 152.128662
5.306395, 1.675922, 152.360389
5.312561, 1.673374, 152.128662
5.317728, 1.673374, 152.128662
5.322851, 1.673374, 152.128662
5.328838, 1.673374, 152.128662
5.337013, 1.673374, 152.128662
5.354404, 1.673374, 152.128662
5.387334, 1.675922, 152.360389
5.418986, 1.675922, 152.360389
5.436491, 1.675922, 152.360389
5.442092, 1.673374, 152.128662
5.445520, 1.673374, 152.128662
5.448389, 1.673374, 152.128662
5.451126, 1.673374, 152.128662
5.453991, 1.673374, 152.128662
5.457016, 1.675922, 152.360389
5.460236, 1.675922, 152.360389
5.463347, 1.675922, 152.360389
5.466374, 1.675922, 152.360389
5.469407, 1.673374, 152.128662
5.473236, 1.673374, 152.128662
5.476606, 1.673374, 152.128662
5.479954, 1.673374, 152.128662
5.483384, 1.673374, 152.128662
5.487971, 1.673374, 152.128662
5.496000, 1.675922, 152.360389
5.519680, 1.675922, 152.360389
5.535031, 1.673374, 152.128662
5.539468, 1.673374, 152.128662
5.543102, 1.670825, 151.896936
5.546215, 1.673374, 152.128662
5.550380, 1.673374, 152.128662
5.555188, 1.673374, 152.128662
5.561068, 1.673374, 152.128662
5.567407, 1.673374, 152.128662
5.576187, 1.673374, 152.128662
5.582783, 1.673374, 152.128662
5.589056, 1.673374, 152.128662
5.594852, 1.673374, 152.128662
5.600017, 1.673374, 152.128662
5.604850, 1.673374, 152.128662
5.608569, 1.673374, 152.128662
5.613233, 1.675922, 152.360389
5.617335, 1.675922, 152.360389
5.621528, 1.675922, 152.360389
5.625680, 1.673374, 152.128662
5.629732, 1.673374, 152.128662
5.634096, 1.673374, 152.128662
5.638267, 1.673374, 152.128662
5.642732, 1.673374, 152.128662
5.647043, 1.673374, 152.128662
5.651269, 1.675922, 152.360389
5.655307, 1.675922, 152.360389
5.659276, 1.675922, 152.360389
5.663590, 1.673374, 152.128662
5.667390, 1.673374, 152.128662
5.671398, 1.670825, 151.896936
5.675756, 1.673374, 152.128662
5.680109, 1.670825, 151.896936
5.684539, 1.673374, 152.128662
5.688722, 1.673374, 152.128662
5.692931, 1.675922, 152.360389
5.696864, 1.673374, 152.128662
5.703528, 1.673374, 152.128662
5.706994, 1.673374, 152.128662
5.709810, 1.673374, 152.128662
5.713665, 1.670825, 151.896936
5.734136, 1.673374, 152.128662
5.756317, 1.673374, 152.128662
5.762382, 1.675922, 152.360389
5.765908, 1.675922, 152.360389
5.768680, 1.673374, 152.128662
5.771628, 1.675922, 152.360389
5.774917, 1.673374, 152.128662
5.778373, 1.673374, 152.128662
5.781963, 1.673374, 152.128662
5.785645, 1.673374, 152.128662
5.789295, 1.673374, 152.128662
5.793166, 1.673374, 152.128662
5.796970, 1.675922, 152.360389
5.800560, 1.673374, 152.128662
5.804161, 1.673374, 152.128662
5.807708, 1.673374, 152.128662
5.811345, 1.670825, 151.896936
5.814990, 1.673374, 152.128662
5.818572, 1.673374, 152.128662
5.824163, 1.673374, 152.128662
5.827443, 1.673374, 152.128662
5.830199, 1.675922, 152.360389
5.833460, 1.673374, 152.128662
5.837161, 1.673374, 152.128662
5.841443, 1.673374, 152.128662
5.847272, 1.673374, 152.128662
5.854680, 1.673374, 152.128662
5.861789, 1.673374, 152.128662
5.873026, 1.673374, 152.128662
5.892232, 1.673374, 152.128662
5.898318, 1.673374, 152.128662
5.901984, 1.673374, 152.128662
5.904840, 1.673374, 152.128662
5.909515, 1.673374, 152.128662
5.913650, 1.673374, 152.128662
5.918114, 1.670825, 151.896936
5.922274, 1.673374, 152.128662
5.924723, 1.673374, 152.128662
5.927187, 1.673374, 152.128662
5.929888, 1.673374, 152.128662
5.932721, 1.675922, 152.360389
5.935619, 1.673374, 152.128662
5.938823, 1.673374, 152.128662
5.941922, 1.673374, 152.128662
5.944877, 1.673374, 152.128662
5.947791, 1.673374, 152.128662
5.950675, 1.673374, 152.128662
5.953661, 1.673374, 152.128662
5.956608, 1.673374, 152.128662
5.959577, 1.675922, 152.360389
5.962563, 1.673374, 152.128662
5.965540, 1.673374, 152.128662
5.968569, 1.673374, 152.128662
5.971520, 1.670825, 151.896936
5.974499, 1.673374, 152.128662
5.977627, 1.673374, 152.128662
5.980817, 1.673374, 152.128662
5.983848, 1.673374, 152.128662
5.986891, 1.675922, 152.360389
5.989880, 1.675922, 152.360389
5.992913, 1.673374, 152.128662
5.996001, 1.673374, 152.128662
5.999098, 1.673374, 152.128662
6.002078, 1.673374, 152.128662
6.005221, 1.670825, 151.896936
6.008359, 1.673374, 152.128662
6.011391, 1.673374, 152.128662
6.014412, 1.673374, 152.128662
6.017493, 1.673374, 152.128662
6.020631, 1.673374, 152.128662
6.023682, 1.673374, 152.128662
6.027261, 1.670825, 151.896936
6.030588, 1.673374, 152.128662
6.033855, 1.673374, 152.128662
6.037762, 1.673374, 152.128662
6.043412, 1.675922, 152.360389
6.061271, 1.675922, 152.360389
6.074871, 1.673374, 152.128662
6.079412, 1.673374, 152.128662
6.082635, 1.673374, 152.128662
6.085211, 1.673374, 152.128662
6.087941, 1.673374, 152.128662
6.091216, 1.673374, 152.128662
6.095203, 1.673374, 152.128662
6.099222, 1.673374, 152.128662
6.102174, 1.675922, 152.360389
6.111177, 1.673374, 152.128662
6.130522, 1.673374, 152.128662
6.158258, 1.673374, 152.128662
6.174550, 1.673374, 152.128662
6.180939, 1.673374, 152.128662
6.187054, 1.673374, 152.128662
6.191109, 1.673374, 152.128662
6.194429, 1.673374, 152.128662
6.199908, 1.673374, 152.128662
6.215517, 1.673374, 152.128662
6.221791, 1.673374, 152.128662
6.226239, 1.673374, 152.128662
6.230771, 1.670825, 151.896936
6.239760, 1.673374, 152.128662
6.246477, 1.673374, 152.128662
6.252715, 1.673374, 152.128662
6.258617, 1.673374, 152.128662
6.264609, 1.673374, 152.128662
6.270607, 1.673374, 152.128662
6.276859, 1.673374, 152.128662
6.283152, 1.673374, 152.128662
6.289110, 1.673374, 152.128662
6.295609, 1.670825, 151.896936
6.302234, 1.673374, 152.128662
6.308294, 1.673374, 152.128662
6.315187, 1.673374, 152.128662
6.324455, 1.673374, 152.128662
6.370703, 1.673374, 152.128662
6.419042, 1.673374, 152.128662
6.426539, 1.673374, 152.128662
6.433277, 1.673374, 152.128662
6.440416, 1.673374, 152.128662
6.447906, 1.673374, 152.128662
6.454839, 1.673374, 152.128662
6.461655, 1.673374, 152.128662
6.467674, 1.675922, 152.360389
6.474361, 1.673374, 152.128662
6.480315, 1.673374, 152.128662
6.485887, 1.673374, 152.128662
6.491128, 1.673374, 152.128662
6.496361, 1.670825, 151.896936
6.501260, 1.673374, 152.128662
6.506120, 1.673374, 152.128662
6.511071, 1.673374, 152.128662
6.515994, 1.673374, 152.128662
6.520144, 1.673374, 152.128662
6.525005, 1.673374, 152.128662
6.529656, 1.673374, 152.128662
6.534334, 1.673374, 152.128662
6.538788, 1.673374, 152.128662
6.543205, 1.670825, 151.896936
6.547443, 1.670825, 151.896936
6.551600, 1.673374, 152.128662
6.555180, 1.673374, 152.128662
6.559627, 1.673374, 152.128662
6.564688, 1.673374, 152.128662
6.580016, 1.673374, 152.128662
6.604988, 1.673374, 152.128662
6.639541, 1.673374, 152.128662
6.666545, 1.670825, 151.896936
6.682236, 1.670825, 151.896936
6.686683, 1.670825, 151.896936
6.689883, 1.673374, 152.128662
6.693259, 1.673374, 152.128662
6.696951, 1.673374, 152.128662
6.700719, 1.673374, 152.128662
6.705642, 1.673374, 152.128662
6.730855, 1.675922, 152.360389
6.753498, 1.673374, 152.128662
6.767961, 1.673374, 152.128662
6.772220, 1.673374, 152.128662
6.775297, 1.673374, 152.128662
6.778126, 1.673374, 152.128662
6.785695, 1.673374, 152.128662
6.798905, 1.673374, 152.128662
6.805468, 1.673374, 152.128662
6.830770, 1.673374, 152.128662
6.851273, 1.670825, 151.896936
6.856658, 1.673374, 152.128662
6.861469, 1.673374, 152.128662
6.865849, 1.673374, 152.128662
6.869773, 1.675922, 152.360389
6.874496, 1.675922, 152.360389
6.896158, 1.673374, 152.128662
6.921339, 1.670825, 151.896936
6.946548, 1.670825, 151.896936
6.955353, 1.670825, 151.896936
6.959088, 1.673374, 152.128662
6.962138, 1.673374, 152.128662
6.965233, 1.673374, 152.128662
6.968942, 1.673374, 152.128662
6.973864, 1.673374, 152.128662
6.994000, 1.673374, 152.128662
7.019518, 1.673374, 152.128662
7.029523, 1.670825, 151.896936
7.033306, 1.670825, 151.896936
7.036268, 1.670825, 151.896936
7.039122, 1.673374, 152.128662
7.042459, 1.673374, 152.128662
7.046832, 1.673374, 152.128662
7.053477, 1.673374, 152.128662
7.074595, 1.673374, 152.128662
7.111907, 1.673374, 152.128662
7.118044, 1.673374, 152.128662
7.123708, 1.673374, 152.128662
7.134434, 1.673374, 152.128662
7.155198, 1.673374, 152.128662
7.181274, 1.673374, 152.128662
7.188732, 1.673374, 152.128662
7.192896, 1.673374, 152.128662
7.361717, 1.673374, 152.128662
7.378225, 1.673374, 152.128662
7.410843, 1.673374, 152.128662
7.418632, 1.673374, 152.128662
7.424593, 1.673374, 152.128662
7.433488, 1.673374, 152.128662
7.458249, 1.673374, 152.128662
7.485406, 1.673374, 152.128662
7.512801, 1.673374, 152.128662
7.531427, 1.673374, 152.128662
7.536439, 1.673374, 152.128662
7.539969, 1.673374, 152.128662
7.543317, 1.673374, 152.128662
7.546678, 1.670825, 151.896936
7.550395, 1.673374, 152.128662
7.555474, 1.673374, 152.128662
7.560421, 1.673374, 152.128662
7.565866, 1.673374, 152.128662
7.572943, 1.673374, 152.128662
7.602214, 1.673374, 152.128662
7.631660, 1.670825, 151.896936
7.639662, 1.673374, 152.128662
7.643805, 1.670825, 151.896936
7.647296, 1.670825, 151.896936
7.650391, 1.673374, 152.128662
7.653836, 1.673374, 152.128662
7.657652, 1.673374, 152.128662
7.661745, 1.673374, 152.128662
7.677574, 1.673374, 152.128662
7.695778, 1.673374, 152.128662
7.724576, 1.673374, 152.128662
7.756555, 1.673374, 152.128662
7.780073, 1.673374, 152.128662
7.785729, 1.670825, 151.896936
7.789647, 1.673374, 152.128662
7.793319, 1.673374, 152.128662
7.803604, 1.673374, 152.128662
7.826167, 1.673374, 152.128662
7.848873, 1.673374, 152.128662
7.876142, 1.670825, 151.896936
7.899978, 1.670825, 151.896936
7.905697, 1.673374, 152.128662
7.909622, 1.670825, 151.896936
7.913030, 1.673374, 152.128662
7.915666, 1.673374, 152.128662
7.918685, 1.673374, 152.128662
7.922311, 1.673374, 152.128662
7.936685, 1.670825, 151.896936
7.958965, 1.673374, 152.128662
7.984773, 1.670825, 151.896936
7.994055, 1.670825, 151.896936
7.998356, 1.670825, 151.896936
8.001603, 1.673374, 152.128662
8.005319, 1.673374, 152.128662
8.010212, 1.675922, 152.360389
8.026804, 1.673374, 152.128662
8.048779, 1.673374, 152.128662
8.070124, 1.670825, 151.896936
8.075422, 1.670825, 151.896936
8.079023, 1.670825, 151.896936
8.081879, 1.673374, 152.128662
8.084736, 1.673374, 152.128662
8.087805, 1.673374, 152.128662
8.091603, 1.673374, 152.128662
8.098077, 1.673374, 152.128662
8.119921, 1.673374, 152.128662
8.147685, 1.670825, 151.896936
8.158522, 1.670825, 151.896936
8.162597, 1.673374, 152.128662
8.165849, 1.673374, 152.128662
8.168674, 1.673374, 152.128662
8.171525, 1.673374, 152.128662
8.174780, 1.673374, 152.128662
8.178792, 1.673374, 152.128662
8.185649, 1.673374, 152.128662
8.209663, 1.673374, 152.128662
8.236660, 1.673374, 152.128662
8.248418, 1.670825, 151.896936
8.252949, 1.673374, 152.128662
8.257059, 1.673374, 152.128662
8.265074, 1.673374, 152.128662
8.286440, 1.675922, 152.360389
8.313486, 1.673374, 152.128662
8.339184, 1.673374, 152.128662
8.345152, 1.670825, 151.896936
8.348701, 1.670825, 151.896936
8.351860, 1.670825, 151.896936
8.356225, 1.670825, 151.896936
8.377190, 1.673374, 152.128662
8.399114, 1.673374, 152.128662
8.425982, 1.673374, 152.128662
8.451084, 1.673374, 152.128662
8.457147, 1.673374, 152.128662
8.461265, 1.670825, 151.896936
8.464450, 1.670825, 151.896936
8.468200, 1.670825, 151.896936
8.472594, 1.673374, 152.128662
8.479214, 1.670825, 151.896936
8.503374, 1.673374, 152.128662
8.533264, 1.673374, 152.128662
8.565899, 1.673374, 152.128662
8.572684, 1.673374, 152.128662
8.576770, 1.673374, 152.128662
8.580422, 1.670825, 151.896936
8.595495, 1.670825, 151.896936
8.617735, 1.673374, 152.128662
8.640468, 1.673374, 152.128662
8.664027, 1.673374, 152.128662
8.671957, 1.673374, 152.128662
8.675958, 1.673374, 152.128662
8.679905, 1.673374, 152.128662
8.683139, 1.670825, 151.896936
8.688468, 1.670825, 151.896936
8.694192, 1.673374, 152.128662
8.699002, 1.673374, 152.128662
8.704198, 1.673374, 152.128662
8.709075, 1.673374, 152.128662
8.714031, 1.673374, 152.128662
8.718600, 1.673374, 152.128662
8.723148, 1.673374, 152.128662
8.727597, 1.670825, 151.896936
8.731993, 1.670825, 151.896936
8.736250, 1.670825, 151.896936
8.740336, 1.670825, 151.896936
8.744369, 1.673374, 152.128662
8.748311, 1.670825, 151.896936
8.752710, 1.673374, 152.128662
8.755023, 1.673374, 152.128662
8.759012, 1.673374, 152.128662
8.766709, 1.670825, 151.896936
8.773368, 1.670825, 151.896936
8.778818, 1.670825, 151.896936
8.783696, 1.673374, 152.128662
8.788127, 1.673374, 152.128662
8.794509, 1.673374, 152.128662
8.800434, 1.673374, 152.128662
8.806725, 1.673374, 152.128662
8.815940, 1.673374, 152.128662
8.822874, 1.673374, 152.128662
8.827445, 1.673374, 152.128662
8.831767, 1.673374, 152.128662
8.835882, 1.673374, 152.128662
8.839914, 1.673374, 152.128662
8.844008, 1.675922, 152.360389
8.847978, 1.675922, 152.360389
8.853088, 1.673374, 152.128662
8.856800, 1.673374, 152.128662
8.859780, 1.673374, 152.128662
8.863027, 1.673374, 152.128662
8.866404, 1.673374, 152.128662
8.869890, 1.673374, 152.128662
8.873806, 1.673374, 152.128662
8.877748, 1.673374, 152.128662
8.881547, 1.673374, 152.128662
8.885093, 1.673374, 152.128662
8.891625, 1.673374, 152.128662
8.907916, 1.670825, 151.896936
8.933348, 1.670825, 151.896936
8.955901, 1.670825, 151.896936
8.961177, 1.670825, 151.896936
8.964663, 1.673374, 152.128662
8.967561, 1.673374, 152.128662
8.970313, 1.673374, 152.128662
8.973179, 1.675922, 152.360389
8.979195, 1.673374, 152.128662
9.001263, 1.673374, 152.128662
9.024008, 1.670825, 151.896936
9.041419, 1.670825, 151.896936
9.046235, 1.670825, 151.896936
9.049645, 1.673374, 152.128662
9.052684, 1.673374, 152.128662
9.055967, 1.673374, 152.128662
9.059977, 1.673374, 152.128662
9.064272, 1.673374, 152.128662
9.068740, 1.673374, 152.128662
9.073595, 1.673374, 152.128662
9.078139, 1.673374, 152.128662
9.082708, 1.673374, 152.128662
9.087065, 1.673374, 152.128662
9.091910, 1.675922, 152.360389
9.108582, 1.673374, 152.128662
9.130046, 1.675922, 152.360389
9.150812, 1.673374, 152.128662
9.156701, 1.673374, 152.128662
9.160423, 1.673374, 152.128662
9.163443, 1.673374, 152.128662
9.166977, 1.670825, 151.896936
9.182893, 1.673374, 152.128662
9.204866, 1.673374, 152.128662
9.234608, 1.673374, 152.128662
9.246665, 1.673374, 152.128662
9.251196, 1.673374, 152.128662
9.255313, 1.673374, 152.128662
9.260119, 1.673374, 152.128662
9.278010, 1.670825, 151.896936
9.307744, 1.673374, 152.128662
9.336598, 1.673374, 152.128662
9.355219, 1.673374, 152.128662
9.360816, 1.673374, 152.128662
9.364352, 1.673374, 152.128662
9.368432, 1.673374, 152.128662
9.374440, 1.673374, 152.128662
9.385802, 1.673374, 152.128662
9.399990, 1.670825, 151.896936
9.425543, 1.670825, 151.896936
9.450677, 1.670825, 151.896936
9.493948, 1.673374, 152.128662
9.525995, 1.673374, 152.128662
9.531528, 1.673374, 152.128662
9.535444, 1.673374, 152.128662
9.539167, 1.673374, 152.128662
9.543237, 1.673374, 152.128662
9.548477, 1.673374, 152.128662
9.567785, 1.673374, 152.128662
9.595445, 1.673374, 152.128662
9.621250, 1.673374, 152.128662
9.645894, 1.673374, 152.128662
9.651465, 1.673374, 152.128662
9.655202, 1.673374, 152.128662
9.658406, 1.673374, 152.128662
9.661436, 1.673374, 152.128662
9.664549, 1.673374, 152.128662
9.668518, 1.670825, 151.896936
9.674921, 1.673374, 152.128662
9.691193, 1.673374, 152.128662
9.714534, 1.675922, 152.360389
9.740182, 1.673374, 152.128662
9.762273, 1.673374, 152.128662
9.767297, 1.673374, 152.128662
9.771197, 1.673374, 152.128662
9.774205, 1.673374, 152.128662
9.776818, 1.673374, 152.128662
9.779861, 1.670825, 151.896936
9.783577, 1.670825, 151.896936
9.789129, 1.673374, 152.128662
9.813232, 1.673374, 152.128662
9.840593, 1.673374, 152.128662
9.867717, 1.673374, 152.128662
9.873874, 1.673374, 152.128662
9.877776, 1.673374, 152.128662
9.880778, 1.670825, 151.896936
9.883238, 1.670825, 151.896936
9.885882, 1.670825, 151.896936
9.889012, 1.673374, 152.128662
9.894375, 1.675922, 152.360389
9.898778, 1.673374, 152.128662
9.915736, 1.673374, 152.128662
9.941469, 1.673374, 152.128662
9.959363, 1.673374, 152.128662
9.964277, 1.673374, 152.128662
9.967572, 1.670825, 151.896936
9.970143, 1.673374, 152.128662
9.972615, 1.673374, 152.128662
9.975377, 1.673374, 152.128662
9.979055, 1.675922, 152.360389
9.983458, 1.673374, 152.128662
9.997915, 1.673374, 152.128662
10.021605, 1.673374, 152.128662
10.049615, 1.673374, 152.128662
10.069652, 1.673374, 152.128662
10.074836, 1.673374, 152.128662
10.078215, 1.673374, 152.128662
10.081734, 1.673374, 152.128662
10.084627, 1.675922, 152.360389
10.087824, 1.673374, 152.128662
10.092740, 1.673374, 152.128662
10.107359, 1.673374, 152.128662
10.130517, 1.670825, 151.896936
10.150752, 1.670825, 151.896936
10.155971, 1.670825, 151.896936
10.159667, 1.673374, 152.128662
10.162936, 1.673374, 152.128662
10.171522, 1.673374, 152.128662
10.192648, 1.673374, 152.128662
10.214746, 1.673374, 152.128662
10.237568, 1.673374, 152.128662
10.246072, 1.670825, 151.896936
10.250898, 1.673374, 152.128662
10.254099, 1.673374, 152.128662
10.257307, 1.673374, 152.128662
10.261566, 1.673374, 152.128662
10.276570, 1.675922, 152.360389
10.300151, 1.673374, 152.128662
10.327262, 1.673374, 152.128662
10.344295, 1.673374, 152.128662
10.349090, 1.673374, 152.128662
10.352709, 1.673374, 152.128662
10.355495, 1.673374, 152.128662
10.358121, 1.673374, 152.128662
10.362991, 1.675922, 152.360389
10.370372, 1.673374, 152.128662
10.386762, 1.673374, 152.128662
10.416971, 1.673374, 152.128662
10.458853, 1.670825, 151.896936
10.467474, 1.673374, 152.128662
10.472588, 1.670825, 151.896936
10.476432, 1.673374, 152.128662
10.480699, 1.673374, 152.128662
10.487806, 1.675922, 152.360389
10.499893, 1.675922, 152.360389
10.528442, 1.675922, 152.360389
10.554479, 1.673374, 152.128662
10.579661, 1.670825, 151.896936
10.584008, 1.670825, 151.896936
10.587452, 1.670825, 151.896936
10.591350, 1.673374, 152.128662
10.596094, 1.673374, 152.128662
10.599639, 1.673374, 152.128662
10.603885, 1.673374, 152.128662
10.618347, 1.675922, 152.360389
10.647601, 1.673374, 152.128662
10.681325, 1.673374, 152.128662
10.713349, 1.673374, 152.128662
10.735906, 1.673374, 152.128662
10.742209, 1.673374, 152.128662
10.746236, 1.673374, 152.128662
10.749865, 1.673374, 152.128662
10.753044, 1.673374, 152.128662
10.756277, 1.673374, 152.128662
10.783684, 1.673374, 152.128662
10.809387, 1.673374, 152.128662
10.834132, 1.673374, 152.128662
10.841286, 1.673374, 152.128662
10.845113, 1.673374, 152.128662
10.848183, 1.673374, 152.128662
10.851431, 1.675922, 152.360389
10.855108, 1.673374, 152.128662
10.868066, 1.675922, 152.360389
10.889003, 1.673374, 152.128662
10.917454, 1.673374, 152.128662
10.925337, 1.673374, 152.128662
10.929650, 1.673374, 152.128662
10.933040, 1.670825, 151.896936
10.936953, 1.673374, 152.128662
10.946949, 1.675922, 152.360389
10.958490, 1.673374, 152.128662
10.963626, 1.675922, 152.360389
10.968373, 1.673374, 152.128662
10.972668, 1.673374, 152.128662
10.976867, 1.670825, 151.896936
10.980852, 1.673374, 152.128662
10.984607, 1.670825, 151.896936
10.990349, 1.673374, 152.128662
10.996873, 1.673374, 152.128662
11.011993, 1.673374, 152.128662
11.031668, 1.673374, 152.128662
11.063663, 1.673374, 152.128662
11.085221, 1.673374, 152.128662
11.089498, 1.673374, 152.128662
11.092955, 1.673374, 152.128662
11.096383, 1.673374, 152.128662
11.100406, 1.673374, 152.128662
11.106350, 1.673374, 152.128662
11.127289, 1.673374, 152.128662
11.154174, 1.673374, 152.128662
11.171225, 1.675922, 152.360389
11.176028, 1.675922, 152.360389
11.179333, 1.673374, 152.128662
11.182154, 1.673374, 152.128662
11.184941, 1.673374, 152.128662
11.187970, 1.673374, 152.128662
11.192439, 1.673374, 152.128662
11.201971, 1.675922, 152.360389
11.238712, 1.673374, 152.128662
11.254256, 1.675922, 152.360389
11.258635, 1.673374, 152.128662
11.262025, 1.673374, 152.128662
11.265023, 1.673374, 152.128662
11.271683, 1.673374, 152.128662
11.292725, 1.673374, 152.128662
11.318669, 1.673374, 152.128662
11.345014, 1.675922, 152.360389
11.358370, 1.675922, 152.360389
11.362465, 1.675922, 152.360389
11.365525, 1.673374, 152.128662
11.369148, 1.673374, 152.128662
11.374307, 1.673374, 152.128662
11.389553, 1.673374, 152.128662
11.413508, 1.673374, 152.128662
11.438289, 1.673374, 152.128662
11.449174, 1.675922, 152.360389
11.453438, 1.673374, 152.128662
11.456504, 1.673374, 152.128662
11.459067, 1.673374, 152.128662
11.461819, 1.673374, 152.128662
11.464831, 1.673374, 152.128662
11.468056, 1.673374, 152.128662
11.471324, 1.673374, 152.128662
11.474827, 1.673374, 152.128662
11.478282, 1.673374, 152.128662
11.481875, 1.675922, 152.360389
11.485490, 1.673374, 152.128662
11.489104, 1.673374, 152.128662
11.492929, 1.673374, 152.128662
11.497120, 1.673374, 152.128662
11.501235, 1.673374, 152.128662
11.505205, 1.675922, 152.360389
11.509274, 1.673374, 152.128662
11.513426, 1.675922, 152.360389
11.517556, 1.675922, 152.360389
11.522251, 1.673374, 152.128662
11.526323, 1.673374, 152.128662
11.530280, 1.673374, 152.128662
11.534459, 1.673374, 152.128662
11.538514, 1.670825, 151.896936
11.542526, 1.673374, 152.128662
11.546478, 1.673374, 152.128662
11.550425, 1.673374, 152.128662
11.555294, 1.673374, 152.128662
11.574604, 1.673374, 152.128662
11.599490, 1.673374, 152.128662
11.628966, 1.673374, 152.128662
11.663809, 1.673374, 152.128662
11.684770, 1.673374, 152.128662
11.690721, 1.673374, 152.128662
11.694386, 1.673374, 152.128662
11.697482, 1.673374, 152.128662
11.700437, 1.673374, 152.128662
11.703693, 1.673374, 152.128662
11.707687, 1.673374, 152.128662
11.713126, 1.673374, 152.128662
11.730247, 1.673374, 152.128662
11.760030, 1.673374, 152.128662
11.790770, 1.673374, 152.128662
11.799423, 1.673374, 152.128662
11.803701, 1.673374, 152.128662
11.806769, 1.673374, 152.128662
11.809450, 1.675922, 152.360389
11.812213, 1.675922, 152.360389
11.815335, 1.675922, 152.360389
11.819140, 1.673374, 152.128662
11.825911, 1.673374, 152.128662
11.847497, 1.673374, 152.128662
11.877362, 1.673374, 152.128662
11.882950, 1.673374, 152.128662
11.886439, 1.673374, 152.128662
11.889375, 1.675922, 152.360389
11.894934, 1.675922, 152.360389
11.901843, 1.675922, 152.360389
11.908128, 1.673374, 152.128662
11.914061, 1.673374, 152.128662
11.919371, 1.673374, 152.128662
11.925378, 1.673374, 152.128662
11.928638, 1.673374, 152.128662
11.931681, 1.675922, 152.360389
11.934962, 1.675922, 152.360389
11.938330, 1.675922, 152.360389
11.941784, 1.675922, 152.360389
11.945400, 1.673374, 152.128662
11.949167, 1.670825, 151.896936
11.952892, 1.673374, 152.128662
11.956804, 1.673374, 152.128662
11.960902, 1.673374, 152.128662
11.964916, 1.675922, 152.360389
11.969117, 1.675922, 152.360389
11.973412, 1.675922, 152.360389
11.977920, 1.673374, 152.128662
11.982266, 1.673374, 152.128662
11.986520, 1.673374, 152.128662
11.990906, 1.673374, 152.128662
11.995302, 1.673374, 152.128662
11.999807, 1.673374, 152.128662
12.004861, 1.675922, 152.360389
12.009659, 1.675922, 152.360389
12.013451, 1.675922, 152.360389
12.017471, 1.675922, 152.360389
12.022239, 1.673374, 152.128662
12.040423, 1.673374, 152.128662
12.066662, 1.673374, 152.128662
12.093718, 1.673374, 152.128662
12.120275, 1.673374, 152.128662
12.133755, 1.675922, 152.360389
12.138169, 1.675922, 152.360389
12.141586, 1.675922, 152.360389
12.145168, 1.675922, 152.360389
12.155240, 1.673374, 152.128662
12.177736, 1.673374, 152.128662
12.199807, 1.673374, 152.128662
12.222192, 1.673374, 152.128662
12.247113, 1.675922, 152.360389
12.270091, 1.675922, 152.360389
12.275708, 1.675922, 152.360389
12.278844, 1.675922, 152.360389
12.281842, 1.675922, 152.360389
12.284695, 1.673374, 152.128662
12.287349, 1.673374, 152.128662
12.290361, 1.673374, 152.128662
12.308459, 1.673374, 152.128662
12.337273, 1.675922, 152.360389
12.367989, 1.675922, 152.360389
12.379873, 1.673374, 152.128662
12.384110, 1.675922, 152.360389
12.387251, 1.675922, 152.360389
12.390754, 1.673374, 152.128662
12.394574, 1.673374, 152.128662
12.397758, 1.673374, 152.128662
12.401314, 1.673374, 152.128662
12.406412, 1.675922, 152.360389
12.435230, 1.675922, 152.360389
12.475584, 1.675922, 152.360389
12.506148, 1.675922, 152.360389
12.518484, 1.673374, 152.128662
12.522826, 1.673374, 152.128662
12.526246, 1.673374, 152.128662
12.530102, 1.673374, 152.128662
12.534685, 1.673374, 152.128662
12.543052, 1.675922, 152.360389
12.567385, 1.675922, 152.360389
12.594641, 1.675922, 152.360389
12.621531, 1.675922, 152.360389
12.636417, 1.675922, 152.360389
12.640742, 1.675922, 152.360389
12.643949, 1.675922, 152.360389
12.646918, 1.673374, 152.128662
12.650715, 1.673374, 152.128662
12.655819, 1.673374, 152.128662
12.669903, 1.675922, 152.360389
12.694098, 1.675922, 152.360389
12.719874, 1.675922, 152.360389
12.736620, 1.675922, 152.360389
12.741367, 1.673374, 152.128662
12.745100, 1.673374, 152.128662
12.748948, 1.673374, 152.128662
12.753009, 1.673374, 152.128662
12.761909, 1.673374, 152.128662
12.785836, 1.673374, 152.128662
12.813144, 1.673374, 152.128662
12.836323, 1.675922, 152.360389
12.842359, 1.673374, 152.128662
12.845953, 1.675922, 152.360389
12.848741, 1.673374, 152.128662
12.851414, 1.673374, 152.128662
12.854184, 1.675922, 152.360389
12.857160, 1.673374, 152.128662
12.860366, 1.675922, 152.360389
12.863723, 1.675922, 152.360389
12.867031, 1.675922, 152.360389
12.870834, 1.675922, 152.360389
12.875061, 1.675922, 152.360389
12.878512, 1.675922, 152.360389
12.890213, 1.673374, 152.128662
12.899517, 1.673374, 152.128662
12.907135, 1.673374, 152.128662
12.913956, 1.675922, 152.360389
12.920623, 1.675922, 152.360389
12.927206, 1.675922, 152.360389
12.932605, 1.675922, 152.360389
12.938189, 1.675922, 152.360389
12.941363, 1.675922, 152.360389
12.943574, 1.673374, 152.128662
12.945970, 1.673374, 152.128662
12.948629, 1.675922, 152.360389
12.951657, 1.675922, 152.360389
12.965951, 1.675922, 152.360389
12.992393, 1.675922, 152.360389
13.027016, 1.675922, 152.360389
13.040584, 1.673374, 152.128662
13.045272, 1.673374, 152.128662
13.048628, 1.673374, 152.128662
13.051398, 1.673374, 152.128662
13.054107, 1.673374, 152.128662
13.057319, 1.673374, 152.128662
13.060551, 1.675922, 152.360389
13.063827, 1.675922, 152.360389
13.067398, 1.675922, 152.360389
13.070878, 1.673374, 152.128662
13.074513, 1.673374, 152.128662
13.078544, 1.673374, 152.128662
13.082432, 1.673374, 152.128662
13.086369, 1.673374, 152.128662
13.090339, 1.675922, 152.360389
13.094117, 1.675922, 152.360389
13.097810, 1.675922, 152.360389
13.101283, 1.675922, 152.360389
13.104781, 1.673374, 152.128662
13.111686, 1.675922, 152.360389
13.119576, 1.673374, 152.128662
13.125469, 1.673374, 152.128662
13.129729, 1.673374, 152.128662
13.135646, 1.673374, 152.128662
13.145939, 1.675922, 152.360389
13.162947, 1.675922, 152.360389
13.185204, 1.675922, 152.360389
13.208034, 1.675922, 152.360389
13.228924, 1.675922, 152.360389
13.234969, 1.673374, 152.128662
13.238797, 1.673374, 152.128662
13.242153, 1.675922, 152.360389
13.246140, 1.675922, 152.360389
13.252258, 1.675922, 152.360389
13.258939, 1.675922, 152.360389
13.268085, 1.675922, 152.360389
13.292251, 1.675922, 152.360389
13.316660, 1.675922, 152.360389
13.344942, 1.673374, 152.128662
13.373587, 1.673374, 152.128662
13.379823, 1.673374, 152.128662
13.383514, 1.675922, 152.360389
13.386311, 1.675922, 152.360389
13.391713, 1.675922, 152.360389
13.399441, 1.675922, 152.360389
13.405607, 1.675922, 152.360389
13.411181, 1.673374, 152.128662
13.416730, 1.673374, 152.128662
13.422408, 1.673374, 152.128662
13.425635, 1.673374, 152.128662
13.428734, 1.675922, 152.360389
13.433048, 1.675922, 152.360389
13.445043, 1.675922, 152.360389
13.474206, 1.675922, 152.360389
13.504161, 1.675922, 152.360389
13.530732, 1.675922, 152.360389
13.549341, 1.675922, 152.360389
13.554533, 1.675922, 152.360389
13.558164, 1.675922, 152.360389
13.561008, 1.675922, 152.360389
13.563733, 1.675922, 152.360389
13.566872, 1.675922, 152.360389
13.571636, 1.675922, 152.360389
13.584059, 1.675922, 152.360389
13.606150, 1.675922, 152.360389
13.632482, 1.675922, 152.360389
13.640213, 1.675922, 152.360389
13.643971, 1.675922, 152.360389
13.646920, 1.673374, 152.128662
13.649675, 1.675922, 152.360389
13.652659, 1.675922, 152.360389
13.656351, 1.675922, 152.360389
13.660289, 1.675922, 152.360389
13.664237, 1.675922, 152.360389
13.668081, 1.675922, 152.360389
13.671929, 1.673374, 152.128662
13.675890, 1.673374, 152.128662
13.679785, 1.673374, 152.128662
13.683664, 1.675922, 152.360389
13.687406, 1.675922, 152.360389
13.691167, 1.675922, 152.360389
13.694889, 1.675922, 152.360389
13.698601, 1.675922, 152.360389
13.702284, 1.673374, 152.128662
13.705960, 1.675922, 152.360389
13.709866, 1.673374, 152.128662
13.713755, 1.673374, 152.128662
13.717579, 1.675922, 152.360389
13.721352, 1.675922, 152.360389
13.725143, 1.675922, 152.360389
13.728846, 1.675922, 152.360389
13.732464, 1.675922, 152.360389
13.736085, 1.675922, 152.360389
13.740396, 1.675922, 152.360389
13.743235, 1.673374, 152.128662
13.745867, 1.673374, 152.128662
13.748780, 1.675922, 152.360389
13.751935, 1.675922, 152.360389
13.755869, 1.675922, 152.360389
13.759186, 1.675922, 152.360389
13.761800, 1.675922, 152.360389
13.764374, 1.675922, 152.360389
13.773557, 1.675922, 152.360389
13.794001, 1.675922, 152.360389
13.816443, 1.675922, 152.360389
13.842492, 1.675922, 152.360389
13.848917, 1.675922, 152.360389
13.852484, 1.675922, 152.360389
13.855207, 1.675922, 152.360389
13.857766, 1.675922, 152.360389
13.860573, 1.673374, 152.128662
13.863397, 1.673374, 152.128662
13.866380, 1.673374, 152.128662
13.869332, 1.673374, 152.128662
13.874541, 1.675922, 152.360389
13.884367, 1.675922, 152.360389
13.893272, 1.675922, 152.360389
13.902859, 1.675922, 152.360389
13.910083, 1.675922, 152.360389
13.916518, 1.673374, 152.128662
13.922654, 1.675922, 152.360389
13.927879, 1.673374, 152.128662
13.932686, 1.673374, 152.128662
13.937156, 1.675922, 152.360389
13.941510, 1.675922, 152.360389
13.945654, 1.675922, 152.360389
13.949906, 1.675922, 152.360389
13.954094, 1.675922, 152.360389
13.958189, 1.675922, 152.360389
13.962302, 1.675922, 152.360389
13.966431, 1.673374, 152.128662
13.970485, 1.675922, 152.360389
13.974521, 1.675922, 152.360389
13.978614, 1.675922, 152.360389
13.982659, 1.675922, 152.360389
13.986652, 1.675922, 152.360389
13.990916, 1.673374, 152.128662
13.995428, 1.673374, 152.128662
14.002885, 1.673374, 152.128662
14.013161, 1.675922, 152.360389
14.018736, 1.675922, 152.360389
14.023446, 1.675922, 152.360389
14.028211, 1.675922, 152.360389
14.033148, 1.675922, 152.360389
14.038681, 1.675922, 152.360389
14.043806, 1.675922, 152.360389
14.048688, 1.673374, 152.128662
14.053489, 1.673374, 152.128662
14.058168, 1.675922, 152.360389
14.062566, 1.673374, 152.128662
14.065952, 1.673374, 152.128662
14.069908, 1.675922, 152.360389
14.072866, 1.675922, 152.360389
14.076294, 1.675922, 152.360389
14.079854, 1.675922, 152.360389
14.083520, 1.675922, 152.360389
14.087027, 1.675922, 152.360389
14.090728, 1.675922, 152.360389
14.094248, 1.673374, 152.128662
14.097674, 1.675922, 152.360389
14.101084, 1.675922, 152.360389
14.104561, 1.675922, 152.360389
14.107948, 1.675922, 152.360389
14.111260, 1.675922, 152.360389
14.114560, 1.675922, 152.360389
14.117958, 1.675922, 152.360389
14.121400, 1.673374, 152.128662
14.124950, 1.675922, 152.360389
14.128245, 1.675922, 152.360389
14.131609, 1.675922, 152.360389
14.135019, 1.675922, 152.360389
14.138309, 1.675922, 152.360389
14.141680, 1.675922, 152.360389
14.144984, 1.675922, 152.360389
14.148357, 1.675922, 152.360389
14.151691, 1.675922, 152.360389
14.154970, 1.673374, 152.128662
14.158347, 1.675922, 152.360389
14.161912, 1.675922, 152.360389
14.165192, 1.675922, 152.360389
14.168418, 1.675922, 152.360389
14.171659, 1.675922, 152.360389
14.178008, 1.675922, 152.360389
14.184763, 1.673374, 152.128662
14.192447, 1.675922, 152.360389
14.199958, 1.673374, 152.128662
14.206540, 1.673374, 152.128662
14.214422, 1.673374, 152.128662
14.222639, 1.673374, 152.128662
14.231209, 1.675922, 152.360389
14.247231, 1.675922, 152.360389
14.268106, 1.675922, 152.360389
14.296361, 1.675922, 152.360389
14.322603, 1.675922, 152.360389
14.333514, 1.673374, 152.128662
14.337385, 1.673374, 152.128662
14.340451, 1.675922, 152.360389
14.343254, 1.675922, 152.360389
14.348455, 1.678471, 152.592115
14.354418, 1.675922, 152.360389
14.359198, 1.675922, 152.360389
14.362067, 1.675922, 152.360389
14.364698, 1.673374, 152.128662
14.367848, 1.673374, 152.128662
14.371677, 1.673374, 152.128662
14.375481, 1.673374, 152.128662
14.379477, 1.675922, 152.360389
14.383433, 1.675922, 152.360389
14.387635, 1.675922, 152.360389
14.392258, 1.675922, 152.360389
14.396630, 1.675922, 152.360389
14.400961, 1.675922, 152.360389
14.405137, 1.675922, 152.360389
14.409552, 1.673374, 152.128662
14.413843, 1.675922, 152.360389
14.418094, 1.675922, 152.360389
14.429303, 1.675922, 152.360389
14.452544, 1.675922, 152.360389
14.474826, 1.675922, 152.360389
14.496237, 1.675922, 152.360389
14.502312, 1.675922, 152.360389
14.505776, 1.673374, 152.128662
14.508750, 1.675922, 152.360389
14.511764, 1.673374, 152.128662
14.515289, 1.675922, 152.360389
14.520252, 1.675922, 152.360389
14.527500, 1.675922, 152.360389
14.535681, 1.675922, 152.360389
14.542680, 1.675922, 152.360389
14.549247, 1.673374, 152.128662
14.554595, 1.673374, 152.128662
14.559754, 1.673374, 152.128662
14.563018, 1.673374, 152.128662
14.566144, 1.675922, 152.360389
14.569333, 1.675922, 152.360389
14.572704, 1.675922, 152.360389
14.576129, 1.675922, 152.360389
14.579725, 1.675922, 152.360389
14.583354, 1.675922, 152.360389
14.586997, 1.673374, 152.128662
14.591562, 1.673374, 152.128662
14.595803, 1.673374, 152.128662
14.599723, 1.675922, 152.360389
14.603663, 1.675922, 152.360389
14.618384, 1.675922, 152.360389
14.636209, 1.675922, 152.360389
14.658763, 1.675922, 152.360389
14.680842, 1.675922, 152.360389
14.691178, 1.673374, 152.128662
14.695104, 1.675922, 152.360389
14.698042, 1.675922, 152.360389
14.700920, 1.675922, 152.360389
14.704595, 1.675922, 152.360389
14.717579, 1.675922, 152.360389
14.727993, 1.675922, 152.360389
14.736129, 1.675922, 152.360389
14.743275, 1.675922, 152.360389
14.750439, 1.675922, 152.360389
14.757325, 1.673374, 152.128662
14.763434, 1.673374, 152.128662
14.769129, 1.675922, 152.360389
14.774406, 1.675922, 152.360389
14.779460, 1.675922, 152.360389
14.784528, 1.675922, 152.360389
14.791424, 1.675922, 152.360389
14.799575, 1.673374, 152.128662
14.806718, 1.673374, 152.128662
14.813780, 1.673374, 152.128662
14.820477, 1.673374, 152.128662
14.826892, 1.673374, 152.128662
14.832624, 1.675922, 152.360389
14.838243, 1.675922, 152.360389
14.844796, 1.675922, 152.360389
14.851230, 1.675922, 152.360389
14.857202, 1.675922, 152.360389
14.862779, 1.675922, 152.360389
14.868108, 1.675922, 152.360389
14.873422, 1.673374, 152.128662
14.879775, 1.675922, 152.360389
14.885472, 1.675922, 152.360389
14.891045, 1.675922, 152.360389
14.896480, 1.675922, 152.360389
14.901650, 1.675922, 152.360389
14.906490, 1.673374, 152.128662
14.910925, 1.673374, 152.128662
14.914959, 1.673374, 152.128662
14.918999, 1.673374, 152.128662
14.922921, 1.673374, 152.128662
14.926769, 1.675922, 152.360389
14.930613, 1.675922, 152.360389
14.934373, 1.675922, 152.360389
14.938135, 1.675922, 152.360389
14.942480, 1.675922, 152.360389
14.947311, 1.675922, 152.360389
14.952378, 1.673374, 152.128662
14.957240, 1.673374, 152.128662
14.961589, 1.673374, 152.128662
14.965691, 1.675922, 152.360389
14.969948, 1.675922, 152.360389
14.974533, 1.675922, 152.360389
14.979722, 1.675922, 152.360389
14.983518, 1.675922, 152.360389
14.986493, 1.673374, 152.128662
14.990206, 1.673374, 152.128662
14.992629, 1.673374, 152.128662
14.998645, 1.673374, 152.128662
15.005954, 1.675922, 152.360389
15.013380, 1.675922, 152.360389
15.020160, 1.675922, 152.360389
15.025654, 1.675922, 152.360389
15.030640, 1.675922, 152.360389
15.035855, 1.675922, 152.360389
15.038683, 1.673374, 152.128662
15.041469, 1.673374, 152.128662
15.044713, 1.673374, 152.128662
15.048297, 1.675922, 152.360389
15.051931, 1.675922, 152.360389
15.055728, 1.675922, 152.360389
15.059453, 1.675922, 152.360389
15.063190, 1.675922, 152.360389
15.066889, 1.673374, 152.128662
15.070669, 1.675922, 152.360389
15.074475, 1.675922, 152.360389
15.078274, 1.675922, 152.360389
15.082061, 1.675922, 152.360389
15.086116, 1.675922, 152.360389
15.090151, 1.675922, 152.360389
15.094173, 1.675922, 152.360389
15.098122, 1.673374, 152.128662
15.102030, 1.673374, 152.128662
15.106155, 1.673374, 152.128662
15.109963, 1.673374, 152.128662
15.113670, 1.673374, 152.128662
15.117257, 1.673374, 152.128662
15.120944, 1.675922, 152.360389
15.124472, 1.675922, 152.360389
15.128239, 1.673374, 152.128662
15.131692, 1.675922, 152.360389
15.135179, 1.675922, 152.360389
15.138780, 1.673374, 152.128662
15.142537, 1.673374, 152.128662
15.146195, 1.675922, 152.360389
15.149923, 1.673374, 152.128662
15.153301, 1.675922, 152.360389
15.157538, 1.675922, 152.360389
15.161431, 1.673374, 152.128662
15.166968, 1.675922, 152.360389
15.170170, 1.675922, 152.360389
15.173975, 1.673374, 152.128662
15.176892, 1.673374, 152.128662
15.179152, 1.673374, 152.128662
15.181605, 1.675922, 152.360389
15.184447, 1.675922, 152.360389
15.187272, 1.675922, 152.360389
15.190145, 1.675922, 152.360389
15.193108, 1.675922, 152.360389
15.196114, 1.675922, 152.360389
15.199091, 1.673374, 152.128662
15.202062, 1.675922, 152.360389
15.205183, 1.673374, 152.128662
15.208182, 1.675922, 152.360389
15.211152, 1.673374, 152.128662
15.214200, 1.673374, 152.128662
15.217244, 1.675922, 152.360389
15.220212, 1.673374, 152.128662
15.223507, 1.673374, 152.128662
15.227815, 1.673374, 152.128662
15.233435, 1.673374, 152.128662
15.239022, 1.673374, 152.128662
15.255425, 1.673374, 152.128662
15.282148, 1.673374, 152.128662
15.294215, 1.675922, 152.360389
15.298235, 1.675922, 152.360389
15.301043, 1.675922, 152.360389
15.303581, 1.675922, 152.360389
15.305750, 1.673374, 152.128662
15.308132, 1.673374, 152.128662
15.311828, 1.673374, 152.128662
15.318056, 1.673374, 152.128662
15.326359, 1.673374, 152.128662
15.341594, 1.675922, 152.360389
15.348680, 1.673374, 152.128662
15.352585, 1.675922, 152.360389
15.356569, 1.675922, 152.360389
15.360912, 1.673374, 152.128662
15.378984, 1.673374, 152.128662
15.401190, 1.673374, 152.128662
15.432723, 1.673374, 152.128662
15.452155, 1.675922, 152.360389
15.457830, 1.675922, 152.360389
15.461333, 1.675922, 152.360389
15.464275, 1.678471, 152.592115
15.471377, 1.675922, 152.360389
15.490293, 1.675922, 152.360389
15.512700, 1.675922, 152.360389
15.533905, 1.673374, 152.128662
15.539733, 1.673374, 152.128662
15.544482, 1.675922, 152.360389
15.546890, 1.675922, 152.360389
15.549308, 1.675922, 152.360389
15.552059, 1.675922, 152.360389
15.555107, 1.675922, 152.360389
15.558361, 1.673374, 152.128662
15.561978, 1.675922, 152.360389
15.565031, 1.673374, 152.128662
15.568031, 1.675922, 152.360389
15.571186, 1.675922, 152.360389
15.576312, 1.675922, 152.360389
15.584569, 1.675922, 152.360389
15.596204, 1.675922, 152.360389
15.605920, 1.675922, 152.360389
15.613508, 1.673374, 152.128662
15.620495, 1.673374, 152.128662
15.626509, 1.673374, 152.128662
15.631931, 1.673374, 152.128662
15.636695, 1.675922, 152.360389
15.641011, 1.675922, 152.360389
15.645196, 1.675922, 152.360389
15.649363, 1.675922, 152.360389
15.653515, 1.675922, 152.360389
15.657553, 1.675922, 152.360389
15.661488, 1.673374, 152.128662
15.665413, 1.673374, 152.128662
15.669370, 1.673374, 152.128662
15.673159, 1.675922, 152.360389
15.676922, 1.675922, 152.360389
15.680649, 1.675922, 152.360389
15.684450, 1.675922, 152.360389
15.688121, 1.675922, 152.360389
15.691710, 1.675922, 152.360389
15.696597, 1.673374, 152.128662
15.699404, 1.673374, 152.128662
15.702356, 1.675922, 152.360389
15.705515, 1.673374, 152.128662
15.709179, 1.675922, 152.360389
15.712677, 1.675922, 152.360389
15.716332, 1.675922, 152.360389
15.720055, 1.675922, 152.360389
15.723836, 1.675922, 152.360389
15.727684, 1.673374, 152.128662
15.731508, 1.675922, 152.360389
15.735225, 1.673374, 152.128662
15.738955, 1.673374, 152.128662
15.743043, 1.673374, 152.128662
15.747860, 1.673374, 152.128662
15.752236, 1.675922, 152.360389
15.756126, 1.675922, 152.360389
15.760026, 1.675922, 152.360389
15.763886, 1.673374, 152.128662
15.767778, 1.673374, 152.128662
15.771646, 1.673374, 152.128662
15.775674, 1.673374, 152.128662
15.781140, 1.673374, 152.128662
15.786339, 1.675922, 152.360389
15.792341, 1.675922, 152.360389
15.801722, 1.673374, 152.128662
15.808336, 1.675922, 152.360389
15.812799, 1.675922, 152.360389
15.816871, 1.675922, 152.360389
15.822073, 1.673374, 152.128662
15.826435, 1.673374, 152.128662
15.830619, 1.675922, 152.360389
15.840198, 1.675922, 152.360389
15.847439, 1.675922, 152.360389
15.853306, 1.675922, 152.360389
15.858489, 1.673374, 152.128662
15.862986, 1.673374, 152.128662
15.867096, 1.673374, 152.128662
15.870966, 1.673374, 152.128662
15.874706, 1.673374, 152.128662
15.878342, 1.675922, 152.360389
15.881921, 1.675922, 152.360389
15.885399, 1.673374, 152.128662
15.889087, 1.675922, 152.360389
15.892566, 1.675922, 152.360389
15.895305, 1.675922, 152.360389
15.899330, 1.673374, 152.128662
15.902607, 1.673374, 152.128662
15.905800, 1.673374, 152.128662
15.909676, 1.673374, 152.128662
15.913954, 1.675922, 152.360389
15.919817, 1.675922, 152.360389
15.923558, 1.675922, 152.360389
15.927811, 1.675922, 152.360389
15.931950, 1.673374, 152.128662
15.936076, 1.673374, 152.128662
15.939574, 1.673374, 152.128662
15.943132, 1.673374, 152.128662
15.946675, 1.673374, 152.128662
15.948985, 1.675922, 152.360389
15.954536, 1.675922, 152.360389
15.959615, 1.675922, 152.360389
15.965117, 1.675922, 152.360389
15.970200, 1.675922, 152.360389
15.974837, 1.673374, 152.128662
15.977733, 1.673374, 152.128662
15.981935, 1.673374, 152.128662
15.985577, 1.673374, 152.128662
15.989141, 1.675922, 152.360389
15.993286, 1.675922, 152.360389
16.001981, 1.675922, 152.360389
16.007017, 1.675922, 152.360389
16.016705, 1.673374, 152.128662
16.023749, 1.673374, 152.128662
16.029521, 1.673374, 152.128662
16.034676, 1.673374, 152.128662
16.038896, 1.675922, 152.360389
16.043537, 1.675922, 152.360389
16.046747, 1.675922, 152.360389
16.049713, 1.675922, 152.360389
16.053409, 1.673374, 152.128662
16.056795, 1.673374, 152.128662
16.061384, 1.673374, 152.128662
16.064621, 1.673374, 152.128662
16.067797, 1.673374, 152.128662
16.072397, 1.673374, 152.128662
16.077920, 1.673374, 152.128662
16.083833, 1.675922, 152.360389
16.087917, 1.673374, 152.128662
16.090630, 1.675922, 152.360389
16.093370, 1.673374, 152.128662
16.096305, 1.673374, 152.128662
16.099583, 1.673374, 152.128662
16.103190, 1.673374, 152.128662
16.105954, 1.673374, 152.128662
16.112919, 1.675922, 152.360389
16.117730, 1.675922, 152.360389
16.124678, 1.675922, 152.360389
16.130726, 1.673374, 152.128662
16.136145, 1.673374, 152.128662
16.140351, 1.673374, 152.128662
16.145033, 1.673374, 152.128662
16.148359, 1.673374, 152.128662
16.151141, 1.673374, 152.128662
16.154014, 1.675922, 152.360389
16.157925, 1.675922, 152.360389
16.164725, 1.675922, 152.360389
16.169383, 1.675922, 152.360389
16.175178, 1.675922, 152.360389
16.179166, 1.673374, 152.128662
16.184905, 1.673374, 152.128662
16.188101, 1.673374, 152.128662
16.192838, 1.673374, 152.128662
16.200332, 1.675922, 152.360389
16.206323, 1.673374, 152.128662
16.211689, 1.675922, 152.360389
16.218276, 1.673374, 152.128662
16.223503, 1.673374, 152.128662
16.227293, 1.673374, 152.128662
16.231246, 1.673374, 152.128662
16.235149, 1.673374, 152.128662
16.240733, 1.673374, 152.128662
16.247579, 1.673374, 152.128662
16.252716, 1.675922, 152.360389
16.257189, 1.675922, 152.360389
16.259831, 1.675922, 152.360389
16.262463, 1.673374, 152.128662
16.265736, 1.673374, 152.128662
16.271706, 1.673374, 152.128662
16.274126, 1.673374, 152.128662
16.279794, 1.673374, 152.128662
16.283921, 1.673374, 152.128662
16.288336, 1.675922, 152.360389
16.292436, 1.673374, 152.128662
16.295704, 1.675922, 152.360389
16.301561, 1.675922, 152.360389
16.305651, 1.675922, 152.360389
16.310357, 1.673374, 152.128662
16.314231, 1.673374, 152.128662
16.318109, 1.673374, 152.128662
16.321870, 1.673374, 152.128662
16.326672, 1.673374, 152.128662
16.332950, 1.675922, 152.360389
16.338284, 1.675922, 152.360389
16.342268, 1.675922, 152.360389
16.345363, 1.675922, 152.360389
16.348813, 1.673374, 152.128662
16.354845, 1.673374, 152.128662
16.357322, 1.673374, 152.128662
16.359862, 1.670825, 151.896936
16.362771, 1.675922, 152.360389
16.365966, 1.675922, 152.360389
16.369309, 1.675922, 152.360389
16.372727, 1.673374, 152.128662
16.376075, 1.673374, 152.128662
16.379838, 1.673374, 152.128662
16.383325, 1.670825, 151.896936
16.386874, 1.673374, 152.128662
16.391931, 1.673374, 152.128662
16.396593, 1.673374, 152.128662
16.399934, 1.675922, 152.360389
16.403063, 1.675922, 152.360389
16.409299, 1.675922, 152.360389
16.415959, 1.673374, 152.128662
16.426215, 1.673374, 152.128662
16.429756, 1.673374, 152.128662
16.433696, 1.673374, 152.128662
16.443746, 1.673374, 152.128662
16.467655, 1.673374, 152.128662
16.473085, 1.675922, 152.360389
16.476436, 1.675922, 152.360389
16.479093, 1.675922, 152.360389
16.481909, 1.675922, 152.360389
16.485470, 1.673374, 152.128662
16.490434, 1.673374, 152.128662
16.512678, 1.673374, 152.128662
16.535448, 1.673374, 152.128662
16.542305, 1.675922, 152.360389
16.545791, 1.675922, 152.360389
16.548571, 1.675922, 152.360389
16.551540, 1.675922, 152.360389
16.554947, 1.673374, 152.128662
16.560798, 1.673374, 152.128662
16.566594, 1.673374, 152.128662
16.571939, 1.673374, 152.128662
16.577040, 1.675922, 152.360389
16.581121, 1.675922, 152.360389
16.585291, 1.675922, 152.360389
16.588959, 1.675922, 152.360389
16.592618, 1.675922, 152.360389
16.596317, 1.673374, 152.128662
16.599711, 1.673374, 152.128662
16.603113, 1.670825, 151.896936
16.606529, 1.673374, 152.128662
16.610325, 1.673374, 152.128662
16.613802, 1.673374, 152.128662
16.617659, 1.675922, 152.360389
16.620628, 1.673374, 152.128662
16.623264, 1.673374, 152.128662
16.626220, 1.673374, 152.128662
16.629548, 1.673374, 152.128662
16.633229, 1.673374, 152.128662
16.636668, 1.673374, 152.128662
16.640303, 1.673374, 152.128662
16.643799, 1.673374, 152.128662
16.647278, 1.675922, 152.360389
16.650794, 1.675922, 152.360389
16.654255, 1.675922, 152.360389
16.657977, 1.675922, 152.360389
16.661468, 1.673374, 152.128662
16.665232, 1.673374, 152.128662
16.669421, 1.673374, 152.128662
16.672512, 1.673374, 152.128662
16.675588, 1.675922, 152.360389
16.679508, 1.675922, 152.360389
16.683026, 1.673374, 152.128662
16.686502, 1.673374, 152.128662
16.690223, 1.673374, 152.128662
16.693502, 1.673374, 152.128662
16.696810, 1.673374, 152.128662
16.700189, 1.673374, 152.128662
16.703571, 1.673374, 152.128662
16.707080, 1.673374, 152.128662
16.709945, 1.675922, 152.360389
16.712849, 1.675922, 152.360389
16.715930, 1.675922, 152.360389
16.719416, 1.673374, 152.128662
16.722560, 1.673374, 152.128662
16.725926, 1.673374, 152.128662
16.729597, 1.670825, 151.896936
16.733527, 1.673374, 152.128662
16.737289, 1.673374, 152.128662
16.741130, 1.673374, 152.128662
16.744881, 1.675922, 152.360389
16.748926, 1.675922, 152.360389
16.751442, 1.675922, 152.360389
16.753939, 1.673374, 152.128662
16.758739, 1.673374, 152.128662
16.762886, 1.673374, 152.128662
16.768901, 1.673374, 152.128662
16.774657, 1.673374, 152.128662
16.777557, 1.673374, 152.128662
16.780154, 1.675922, 152.360389
16.782796, 1.675922, 152.360389
16.785713, 1.673374, 152.128662
16.789075, 1.675922, 152.360389
16.791803, 1.673374, 152.128662
16.794362, 1.670825, 151.896936
16.797048, 1.673374, 152.128662
16.799891, 1.673374, 152.128662
16.802938, 1.673374, 152.128662
16.806603, 1.675922, 152.360389
16.809791, 1.675922, 152.360389
16.812989, 1.673374, 152.128662
16.816796, 1.673374, 152.128662
16.820197, 1.673374, 152.128662
16.825963, 1.673374, 152.128662
16.832584, 1.673374, 152.128662
16.837156, 1.673374, 152.128662
16.840119, 1.673374, 152.128662
16.843731, 1.673374, 152.128662
16.848779, 1.675922, 152.360389
16.854235, 1.673374, 152.128662
16.858093, 1.673374, 152.128662
16.861778, 1.670825, 151.896936
16.865419, 1.673374, 152.128662
16.869053, 1.673374, 152.128662
16.872807, 1.673374, 152.128662
16.877009, 1.673374, 152.128662
16.881149, 1.675922, 152.360389
16.885219, 1.675922, 152.360389
16.889547, 1.673374, 152.128662
16.892639, 1.673374, 152.128662
16.895607, 1.673374, 152.128662
16.898628, 1.670825, 151.896936
16.901833, 1.670825, 151.896936
16.905445, 1.673374, 152.128662
16.909170, 1.673374, 152.128662
16.912306, 1.673374, 152.128662
16.915443, 1.673374, 152.128662
16.919234, 1.673374, 152.128662
16.922691, 1.673374, 152.128662
16.925821, 1.673374, 152.128662
16.928867, 1.673374, 152.128662
16.932097, 1.673374, 152.128662
16.935555, 1.675922, 152.360389
16.939285, 1.673374, 152.128662
16.942964, 1.675922, 152.360389
16.946655, 1.673374, 152.128662
16.950269, 1.675922, 152.360389
16.953843, 1.673374, 152.128662
16.957745, 1.673374, 152.128662
16.961175, 1.673374, 152.128662
16.964578, 1.670825, 151.896936
16.968214, 1.673374, 152.128662
16.971914, 1.673374, 152.128662
16.974514, 1.675922, 152.360389
16.977575, 1.675922, 152.360389
16.980735, 1.673374, 152.128662
16.984042, 1.673374, 152.128662
16.987558, 1.670825, 151.896936
16.991452, 1.673374, 152.128662
16.995254, 1.673374, 152.128662
16.999114, 1.673374, 152.128662
17.002878, 1.673374, 152.128662
17.006550, 1.673374, 152.128662
17.010544, 1.673374, 152.128662
17.014139, 1.673374, 152.128662
17.017886, 1.673374, 152.128662
17.021093, 1.673374, 152.128662
17.023864, 1.673374, 152.128662
17.026210, 1.673374, 152.128662
17.029235, 1.673374, 152.128662
17.033132, 1.673374, 152.128662
17.038380, 1.673374, 152.128662
17.040973, 1.673374, 152.128662
17.043129, 1.673374, 152.128662
17.045737, 1.673374, 152.128662
17.048527, 1.673374, 152.128662
17.051394, 1.673374, 152.128662
17.054515, 1.673374, 152.128662
17.057716, 1.673374, 152.128662
17.061298, 1.673374, 152.128662
17.064683, 1.675922, 152.360389
17.067241, 1.673374, 152.128662
17.070250, 1.675922, 152.360389
17.073900, 1.673374, 152.128662
17.078678, 1.673374, 152.128662
17.084155, 1.673374, 152.128662
17.089402, 1.673374, 152.128662
17.094558, 1.673374, 152.128662
17.099250, 1.673374, 152.128662
17.103128, 1.673374, 152.128662
17.106659, 1.675922, 152.360389
17.110270, 1.675922, 152.360389
17.113717, 1.673374, 152.128662
17.117143, 1.673374, 152.128662
17.120579, 1.673374, 152.128662
17.124477, 1.673374, 152.128662
17.127438, 1.673374, 152.128662
17.130790, 1.670825, 151.896936
17.135302, 1.673374, 152.128662
17.139645, 1.673374, 152.128662
17.144038, 1.673374, 152.128662
17.148157, 1.673374, 152.128662
17.152140, 1.673374, 152.128662
17.155993, 1.673374, 152.128662
17.159757, 1.670825, 151.896936
17.163581, 1.673374, 152.128662
17.167222, 1.673374, 152.128662
17.171091, 1.673374, 152.128662
17.174966, 1.673374, 152.128662
17.178488, 1.673374, 152.128662
17.182115, 1.673374, 152.128662
17.186099, 1.673374, 152.128662
17.189712, 1.673374, 152.128662
17.193200, 1.673374, 152.128662
17.196529, 1.673374, 152.128662
17.199842, 1.673374, 152.128662
17.203336, 1.675922, 152.360389
17.206933, 1.673374, 152.128662
17.210552, 1.673374, 152.128662
17.214093, 1.673374, 152.128662
17.217665, 1.673374, 152.128662
17.221831, 1.673374, 152.128662
17.225646, 1.670825, 151.896936
17.228415, 1.673374, 152.128662
17.231295, 1.673374, 152.128662
17.234496, 1.673374, 152.128662
17.238518, 1.673374, 152.128662
17.242228, 1.673374, 152.128662
17.248591, 1.673374, 152.128662
17.255320, 1.673374, 152.128662
17.260148, 1.673374, 152.128662
17.264173, 1.670825, 151.896936
17.267847, 1.670825, 151.896936
17.272445, 1.673374, 152.128662
17.275936, 1.673374, 152.128662
17.279538, 1.673374, 152.128662
17.283234, 1.673374, 152.128662
17.286725, 1.673374, 152.128662
17.290339, 1.670825, 151.896936
17.293868, 1.673374, 152.128662
17.297456, 1.670825, 151.896936
17.300800, 1.670825, 151.896936
17.304510, 1.673374, 152.128662
17.307260, 1.673374, 152.128662
17.310018, 1.673374, 152.128662
17.313086, 1.673374, 152.128662
17.316221, 1.673374, 152.128662
17.319512, 1.673374, 152.128662
17.323373, 1.673374, 152.128662
17.326272, 1.670825, 151.896936
17.329284, 1.673374, 152.128662
17.332849, 1.673374, 152.128662
17.337060, 1.673374, 152.128662
17.341462, 1.673374, 152.128662
17.345463, 1.673374, 152.128662
17.349400, 1.673374, 152.128662
17.353308, 1.673374, 152.128662
17.357044, 1.673374, 152.128662
17.360550, 1.673374, 152.128662
17.363627, 1.670825, 151.896936
17.366634, 1.673374, 152.128662
17.371695, 1.673374, 152.128662
17.377722, 1.673374, 152.128662
17.383170, 1.673374, 152.128662
17.388053, 1.673374, 152.128662
17.392854, 1.673374, 152.128662
17.397560, 1.673374, 152.128662
17.401806, 1.670825, 151.896936
17.405692, 1.670825, 151.896936
17.409318, 1.673374, 152.128662
17.413533, 1.673374, 152.128662
17.417469, 1.673374, 152.128662
17.421034, 1.673374, 152.128662
17.423895, 1.673374, 152.128662
17.429590, 1.673374, 152.128662
17.435322, 1.673374, 152.128662
17.440975, 1.673374, 152.128662
17.446711, 1.673374, 152.128662
17.451956, 1.673374, 152.128662
17.456303, 1.670825, 151.896936
17.460095, 1.673374, 152.128662
17.462713, 1.673374, 152.128662
17.465396, 1.673374, 152.128662
17.468440, 1.673374, 152.128662
17.471976, 1.670825, 151.896936
17.476055, 1.673374, 152.128662
17.479365, 1.670825, 151.896936
17.482385, 1.673374, 152.128662
17.485502, 1.670825, 151.896936
17.488962, 1.673374, 152.128662
17.492476, 1.673374, 152.128662
17.495877, 1.673374, 152.128662
17.499352, 1.673374, 152.128662
17.502824, 1.673374, 152.128662
17.506941, 1.673374, 152.128662
17.510322, 1.670825, 151.896936
17.512960, 1.670825, 151.896936
17.515951, 1.673374, 152.128662
17.519423, 1.673374, 152.128662
17.523664, 1.673374, 152.128662
17.527204, 1.673374, 152.128662
17.530660, 1.673374, 152.128662
17.533927, 1.673374, 152.128662
17.537353, 1.670825, 151.896936
17.541270, 1.670825, 151.896936
17.545218, 1.670825, 151.896936
17.548968, 1.670825, 151.896936
17.552848, 1.673374, 152.128662
17.556984, 1.673374, 152.128662
17.561213, 1.673374, 152.128662
17.564830, 1.673374, 152.128662
17.568321, 1.673374, 152.128662
17.573336, 1.670825, 151.896936
17.576683, 1.673374, 152.128662
17.580107, 1.670825, 151.896936
17.583408, 1.670825, 151.896936
17.586966, 1.673374, 152.128662
17.590598, 1.673374, 152.128662
17.595889, 1.673374, 152.128662
17.600966, 1.673374, 152.128662
17.605385, 1.673374, 152.128662
17.608813, 1.673374, 152.128662
17.612451, 1.670825, 151.896936
17.616069, 1.670825, 151.896936
17.620294, 1.670825, 151.896936
17.623424, 1.673374, 152.128662
17.627046, 1.673374, 152.128662
17.632564, 1.673374, 152.128662
17.637479, 1.673374, 152.128662
17.641459, 1.670825, 151.896936
17.646134, 1.673374, 152.128662
17.650183, 1.670825, 151.896936
17.654347, 1.673374, 152.128662
17.658581, 1.670825, 151.896936
17.662634, 1.670825, 151.896936
17.665581, 1.673374, 152.128662
17.668762, 1.673374, 152.128662
17.672573, 1.673374, 152.128662
17.676367, 1.673374, 152.128662
17.679983, 1.670825, 151.896936
17.683679, 1.670825, 151.896936
17.688195, 1.670825, 151.896936
17.692162, 1.670825, 151.896936
17.696228, 1.670825, 151.896936
17.700242, 1.673374, 152.128662
17.704248, 1.673374, 152.128662
17.708934, 1.673374, 152.128662
17.712754, 1.670825, 151.896936
17.716434, 1.673374, 152.128662
17.720016, 1.670825, 151.896936
17.723670, 1.670825, 151.896936
17.727832, 1.670825, 151.896936
17.731524, 1.670825, 151.896936
17.735106, 1.670825, 151.896936
17.739111, 1.673374, 152.128662
17.745116, 1.673374, 152.128662
17.749245, 1.670825, 151.896936
17.753270, 1.673374, 152.128662
17.757035, 1.670825, 151.896936
17.760120, 1.670825, 151.896936
17.763302, 1.670825, 151.896936
17.766680, 1.670825, 151.896936
17.769971, 1.673374, 152.128662
17.773628, 1.673374, 152.128662
17.776430, 1.670825, 151.896936
17.779101, 1.670825, 151.896936
17.782112, 1.670825, 151.896936
17.786127, 1.670825, 151.896936
17.792297, 1.670825, 151.896936
17.797502, 1.670825, 151.896936
17.802649, 1.673374, 152.128662
17.808566, 1.670825, 151.896936
17.812569, 1.673374, 152.128662
17.816548, 1.673374, 152.128662
17.820802, 1.673374, 152.128662
17.824936, 1.673374, 152.128662
17.828025, 1.670825, 151.896936
17.830783, 1.670825, 151.896936
17.833642, 1.670825, 151.896936
17.836886, 1.670825, 151.896936
17.839821, 1.670825, 151.896936
17.847693, 1.670825, 151.896936
17.854244, 1.670825, 151.896936
17.859825, 1.673374, 152.128662
17.865473, 1.673374, 152.128662
17.871080, 1.670825, 151.896936
17.874123, 1.670825, 151.896936
17.877640, 1.670825, 151.896936
17.881227, 1.670825, 151.896936
17.884731, 1.670825, 151.896936
17.887300, 1.670825, 151.896936
17.891045, 1.673374, 152.128662
17.894930, 1.670825, 151.896936
17.899106, 1.673374, 152.128662
17.903538, 1.670825, 151.896936
17.907665, 1.670825, 151.896936
17.912914, 1.670825, 151.896936
17.917997, 1.670825, 151.896936
17.922415, 1.670825, 151.896936
17.925675, 1.673374, 152.128662
17.928579, 1.673374, 152.128662
17.931479, 1.673374, 152.128662
17.934611, 1.670825, 151.896936
17.938742, 1.673374, 152.128662
17.942083, 1.670825, 151.896936
17.945523, 1.670825, 151.896936
17.949253, 1.670825, 151.896936
17.952916, 1.670825, 151.896936
17.956868, 1.673374, 152.128662
17.961226, 1.673374, 152.128662
17.965265, 1.673374, 152.128662
17.969549, 1.673374, 152.128662
17.972447, 1.670825, 151.896936
17.975368, 1.670825, 151.896936
17.978618, 1.670825, 151.896936
17.982004, 1.670825, 151.896936
17.985386, 1.670825, 151.896936
17.989304, 1.670825, 151.896936
17.992284, 1.673374, 152.128662
17.995524, 1.673374, 152.128662
17.999123, 1.670825, 151.896936
18.003393, 1.670825, 151.896936
18.007219, 1.668276, 151.665210
18.012935, 1.670825, 151.896936
18.018395, 1.670825, 151.896936
18.023061, 1.670825, 151.896936
18.027034, 1.670825, 151.896936
18.031244, 1.673374, 152.128662
18.035207, 1.673374, 152.128662
18.039222, 1.673374, 152.128662
18.045475, 1.673374, 152.128662
18.051578, 1.670825, 151.896936
18.057320, 1.670825, 151.896936
18.061717, 1.670825, 151.896936
18.065523, 1.670825, 151.896936
18.069149, 1.673374, 152.128662
18.073996, 1.673374, 152.128662
18.077080, 1.673374, 152.128662
18.080083, 1.670825, 151.896936
18.083297, 1.670825, 151.896936
18.086787, 1.670825, 151.896936
18.090743, 1.670825, 151.896936
18.094352, 1.670825, 151.896936
18.098063, 1.670825, 151.896936
18.101980, 1.673374, 152.128662
18.104018, 1.673374, 152.128662
18.106337, 1.670825, 151.896936
18.111671, 1.673374, 152.128662
18.118571, 1.670825, 151.896936
18.124157, 1.670825, 151.896936
18.129502, 1.670825, 151.896936
18.133936, 1.670825, 151.896936
18.137009, 1.670825, 151.896936
18.139630, 1.670825, 151.896936
18.145024, 1.670825, 151.896936
18.149390, 1.673374, 152.128662
18.153242, 1.670825, 151.896936
18.158935, 1.670825, 151.896936
18.161127, 1.670825, 151.896936
18.163223, 1.670825, 151.896936
18.166297, 1.670825, 151.896936
18.169540, 1.670825, 151.896936
18.171908, 1.670825, 151.896936
18.175467, 1.670825, 151.896936
18.179482, 1.670825, 151.896936
18.188620, 1.673374, 152.128662
18.194967, 1.670825, 151.896936
18.200333, 1.670825, 151.896936
18.205402, 1.670825, 151.896936
18.210650, 1.670825, 151.896936
18.215721, 1.670825, 151.896936
18.219508, 1.670825, 151.896936
18.223968, 1.670825, 151.896936
18.226792, 1.673374, 152.128662
18.230074, 1.670825, 151.896936
18.233210, 1.670825, 151.896936
18.236735, 1.670825, 151.896936
18.242542, 1.670825, 151.896936
18.248016, 1.670825, 151.896936
18.253321, 1.670825, 151.896936
18.257419, 1.670825, 151.896936
18.260616, 1.673374, 152.128662
18.263901, 1.670825, 151.896936
18.267046, 1.673374, 152.128662
18.270207, 1.670825, 151.896936
18.273431, 1.673374, 152.128662
18.278042, 1.670825, 151.896936
18.283541, 1.670825, 151.896936
18.288660, 1.670825, 151.896936
18.292314, 1.670825, 151.896936
18.297018, 1.670825, 151.896936
18.302453, 1.670825, 151.896936
18.307253, 1.670825, 151.896936
18.313120, 1.670825, 151.896936
18.318793, 1.670825, 151.896936
18.323356, 1.670825, 151.896936
18.326283, 1.670825, 151.896936
18.334323, 1.670825, 151.896936
18.342648, 1.670825, 151.896936
18.348498, 1.670825, 151.896936
18.356216, 1.670825, 151.896936
18.362221, 1.670825, 151.896936
18.371278, 1.670825, 151.896936
18.376805, 1.670825, 151.896936
18.382321, 1.670825, 151.896936
18.388113, 1.670825, 151.896936
18.392716, 1.670825, 151.896936
18.397965, 1.670825, 151.896936
18.403699, 1.670825, 151.896936
18.408271, 1.673374, 152.128662
18.414439, 1.673374, 152.128662
18.419247, 1.670825, 151.896936
18.425029, 1.670825, 151.896936
18.431826, 1.670825, 151.896936
18.435160, 1.670825, 151.896936
18.438293, 1.670825, 151.896936
18.441824, 1.670825, 151.896936
18.446309, 1.670825, 151.896936
18.453601, 1.673374, 152.128662
18.460160, 1.670825, 151.896936
18.466495, 1.670825, 151.896936
18.472071, 1.670825, 151.896936
18.477810, 1.670825, 151.896936
18.483169, 1.668276, 151.665210
18.488124, 1.670825, 151.896936
18.492530, 1.670825, 151.896936
18.496704, 1.670825, 151.896936
18.501256, 1.670825, 151.896936
18.505624, 1.670825, 151.896936
18.512613, 1.670825, 151.896936
18.517789, 1.670825, 151.896936
18.523086, 1.670825, 151.896936
18.526985, 1.670825, 151.896936
18.530720, 1.670825, 151.896936
18.534506, 1.670825, 151.896936
18.538056, 1.670825, 151.896936
18.540918, 1.673374, 152.128662
18.543839, 1.673374, 152.128662
18.549924, 1.670825, 151.896936
18.555141, 1.670825, 151.896936
18.561331, 1.670825, 151.896936
18.565508, 1.670825, 151.896936
18.572523, 1.670825, 151.896936
18.576244, 1.670825, 151.896936
18.582482, 1.670825, 151.896936
18.587567, 1.673374, 152.128662
18.591154, 1.673374, 152.128662
18.594028, 1.670825, 151.896936
18.599148, 1.670825, 151.896936
18.603805, 1.670825, 151.896936
18.607046, 1.670825, 151.896936
18.609334, 1.670825, 151.896936
18.611878, 1.670825, 151.896936
18.614733, 1.670825, 151.896936
18.617659, 1.670825, 151.896936
18.621966, 1.670825, 151.896936
18.625422, 1.670825, 151.896936
18.628802, 1.670825, 151.896936
18.632109, 1.670825, 151.896936
18.635762, 1.670825, 151.896936
18.640224, 1.670825, 151.896936
18.647815, 1.668276, 151.665210
18.655305, 1.670825, 151.896936
18.662445, 1.670825, 151.896936
18.667986, 1.673374, 152.128662
18.671675, 1.670825, 151.896936
18.673972, 1.670825, 151.896936
18.679350, 1.670825, 151.896936
18.683288, 1.670825, 151.896936
18.687068, 1.670825, 151.896936
18.690306, 1.668276, 151.665210
18.694134, 1.670825, 151.896936
18.697597, 1.670825, 151.896936
18.701183, 1.670825, 151.896936
18.704154, 1.673374, 152.128662
18.708893, 1.670825, 151.896936
18.714544, 1.670825, 151.896936
18.719502, 1.670825, 151.896936
18.723096, 1.670825, 151.896936
18.726416, 1.670825, 151.896936
18.731869, 1.670825, 151.896936
18.736868, 1.670825, 151.896936
18.740894, 1.670825, 151.896936
18.745368, 1.670825, 151.896936
18.747755, 1.670825, 151.896936
18.754298, 1.670825, 151.896936
18.759496, 1.670825, 151.896936
18.764715, 1.668276, 151.665210
18.767599, 1.670825, 151.896936
18.771668, 1.670825, 151.896936
18.774461, 1.670825, 151.896936
18.777530, 1.673374, 152.128662
18.780582, 1.673374, 152.128662
18.783878, 1.673374, 152.128662
18.787326, 1.670825, 151.896936
18.791657, 1.670825, 151.896936
18.795488, 1.670825, 151.896936
18.799447, 1.670825, 151.896936
18.803400, 1.668276, 151.665210
18.808316, 1.670825, 151.896936
18.812342, 1.670825, 151.896936
18.816406, 1.670825, 151.896936
18.820128, 1.670825, 151.896936
18.824130, 1.670825, 151.896936
18.826255, 1.670825, 151.896936
18.829344, 1.670825, 151.896936
18.832157, 1.670825, 151.896936
18.835387, 1.668276, 151.665210
18.839251, 1.670825, 151.896936
18.842675, 1.670825, 151.896936
18.846136, 1.670825, 151.896936
18.849575, 1.670825, 151.896936
18.852960, 1.670825, 151.896936
18.857263, 1.668276, 151.665210
18.860589, 1.668276, 151.665210
18.863965, 1.670825, 151.896936
18.867510, 1.670825, 151.896936
18.870937, 1.670825, 151.896936
18.874117, 1.670825, 151.896936
18.877337, 1.673374, 152.128662
18.881400, 1.670825, 151.896936
18.885300, 1.670825, 151.896936
18.891081, 1.670825, 151.896936
18.894951, 1.668276, 151.665210
18.899075, 1.668276, 151.665210
18.902869, 1.670825, 151.896936
18.906924, 1.670825, 151.896936
18.911149, 1.670825, 151.896936
18.915054, 1.670825, 151.896936
18.919086, 1.670825, 151.896936
18.922830, 1.670825, 151.896936
18.926549, 1.670825, 151.896936
18.930057, 1.670825, 151.896936
18.933484, 1.668276, 151.665210
18.936933, 1.670825, 151.896936
18.940501, 1.668276, 151.665210
18.943830, 1.670825, 151.896936
18.947594, 1.670825, 151.896936
18.950865, 1.670825, 151.896936
18.953611, 1.670825, 151.896936
18.956929, 1.670825, 151.896936
18.960344, 1.668276, 151.665210
18.963381, 1.668276, 151.665210
18.966434, 1.670825, 151.896936
18.969804, 1.668276, 151.665210
18.974173, 1.670825, 151.896936
18.977116, 1.670825, 151.896936
18.979744, 1.670825, 151.896936
18.982777, 1.670825, 151.896936
18.985870, 1.670825, 151.896936
18.989038, 1.670825, 151.896936
18.991823, 1.668276, 151.665210
18.995229, 1.670825, 151.896936
18.998580, 1.670825, 151.896936
19.001950, 1.670825, 151.896936
19.005244, 1.670825, 151.896936
19.008487, 1.670825, 151.896936
19.011876, 1.670825, 151.896936
19.015238, 1.670825, 151.896936
19.018987, 1.668276, 151.665210
19.021896, 1.668276, 151.665210
19.024523, 1.670825, 151.896936
19.027780, 1.670825, 151.896936
19.031683, 1.670825, 151.896936
19.038164, 1.670825, 151.896936
19.041126, 1.670825, 151.896936
19.045338, 1.670825, 151.896936
19.049051, 1.668276, 151.665210
19.052820, 1.668276, 151.665210
19.056462, 1.668276, 151.665210
19.060231, 1.668276, 151.665210
19.064582, 1.668276, 151.665210
19.068444, 1.670825, 151.896936
19.074509, 1.670825, 151.896936
19.082054, 1.670825, 151.896936
19.086708, 1.670825, 151.896936
19.090739, 1.670825, 151.896936
19.095943, 1.670825, 151.896936
19.100817, 1.668276, 151.665210
19.105226, 1.668276, 151.665210
19.109510, 1.670825, 151.896936
19.114172, 1.670825, 151.896936
19.118633, 1.670825, 151.896936
19.122920, 1.670825, 151.896936
19.127850, 1.670825, 151.896936
19.132516, 1.670825, 151.896936
19.136792, 1.670825, 151.896936
19.140940, 1.668276, 151.665210
19.145429, 1.668276, 151.665210
19.149962, 1.668276, 151.665210
19.154313, 1.670825, 151.896936
19.158819, 1.670825, 151.896936
19.165111, 1.670825, 151.896936
19.171532, 1.670825, 151.896936
19.178783, 1.668276, 151.665210
19.185875, 1.668276, 151.665210
19.192431, 1.668276, 151.665210
19.198714, 1.668276, 151.665210
19.204423, 1.668276, 151.665210
19.209973, 1.670825, 151.896936
19.215454, 1.670825, 151.896936
19.222057, 1.670825, 151.896936
19.230045, 1.670825, 151.896936
19.237610, 1.668276, 151.665210
19.251498, 1.670825, 151.896936
19.271834, 1.665727, 151.433483
19.297807, 1.668276, 151.665210
19.316837, 1.668276, 151.665210
19.322253, 1.670825, 151.896936
19.325519, 1.670825, 151.896936
19.328150, 1.670825, 151.896936
19.330911, 1.670825, 151.896936
19.334139, 1.668276, 151.665210
19.337315, 1.668276, 151.665210
19.340779, 1.668276, 151.665210
19.344915, 1.668276, 151.665210
19.348764, 1.668276, 151.665210
19.351107, 1.668276, 151.665210
19.354415, 1.668276, 151.665210
19.358714, 1.670825, 151.896936
19.363643, 1.670825, 151.896936
19.385219, 1.668276, 151.665210
19.403295, 1.670825, 151.896936
19.407872, 1.670825, 151.896936
19.411086, 1.668276, 151.665210
19.413872, 1.670825, 151.896936
19.417013, 1.668276, 151.665210
19.420509, 1.670825, 151.896936
19.427810, 1.670825, 151.896936
19.433310, 1.670825, 151.896936
19.436915, 1.668276, 151.665210
19.442182, 1.668276, 151.665210
19.457790, 1.668276, 151.665210
19.484727, 1.668276, 151.665210
19.505749, 1.668276, 151.665210
19.511006, 1.668276, 151.665210
19.514459, 1.668276, 151.665210
19.517496, 1.670825, 151.896936
19.519889, 1.670825, 151.896936
19.523230, 1.668276, 151.665210
19.529634, 1.668276, 151.665210
19.535294, 1.668276, 151.665210
19.537742, 1.668276, 151.665210
19.541405, 1.665727, 151.433483
19.547418, 1.668276, 151.665210
19.552997, 1.668276, 151.665210
19.559069, 1.668276, 151.665210
19.564156, 1.668276, 151.665210
19.569092, 1.668276, 151.665210
19.573165, 1.670825, 151.896936
19.577085, 1.668276, 151.665210
19.580859, 1.668276, 151.665210
19.584595, 1.668276, 151.665210
19.588238, 1.668276, 151.665210
19.591862, 1.668276, 151.665210
19.595879, 1.668276, 151.665210
19.598634, 1.668276, 151.665210
19.601461, 1.670825, 151.896936
19.604512, 1.668276, 151.665210
19.607835, 1.668276, 151.665210
19.611331, 1.668276, 151.665210
19.615365, 1.668276, 151.665210
19.618254, 1.668276, 151.665210
19.621217, 1.668276, 151.665210
19.625513, 1.668276, 151.665210
19.634122, 1.670825, 151.896936
19.643485, 1.670825, 151.896936
19.647989, 1.670825, 151.896936
19.655467, 1.668276, 151.665210
19.662565, 1.668276, 151.665210
19.669035, 1.668276, 151.665210
19.676893, 1.668276, 151.665210
19.684741, 1.668276, 151.665210
19.689505, 1.670825, 151.896936
19.693542, 1.670825, 151.896936
19.700422, 1.668276, 151.665210
19.705672, 1.668276, 151.665210
19.711947, 1.668276, 151.665210
19.718506, 1.665727, 151.433483
19.725289, 1.665727, 151.433483
19.731537, 1.665727, 151.433483
19.737339, 1.668276, 151.665210
19.742852, 1.668276, 151.665210
19.749633, 1.668276, 151.665210
19.756236, 1.668276, 151.665210
19.763036, 1.668276, 151.665210
19.769737, 1.668276, 151.665210
19.776443, 1.668276, 151.665210
19.783141, 1.668276, 151.665210
19.789403, 1.665727, 151.433483
19.795313, 1.668276, 151.665210
19.800485, 1.668276, 151.665210
19.805146, 1.670825, 151.896936
19.809461, 1.670825, 151.896936
19.812709, 1.668276, 151.665210
19.815335, 1.668276, 151.665210
19.817852, 1.665727, 151.433483
19.821667, 1.668276, 151.665210
19.828059, 1.668276, 151.665210
19.834373, 1.668276, 151.665210
19.840290, 1.668276, 151.665210
19.845595, 1.670825, 151.896936
19.850780, 1.668276, 151.665210
19.855730, 1.670825, 151.896936
19.859871, 1.668276, 151.665210
19.865677, 1.668276, 151.665210
19.871646, 1.665727, 151.433483
19.877129, 1.668276, 151.665210
19.882528, 1.668276, 151.665210
19.888335, 1.670825, 151.896936
19.896570, 1.670825, 151.896936
19.902072, 1.670825, 151.896936
19.908838, 1.668276, 151.665210
19.915793, 1.668276, 151.665210
19.918556, 1.665727, 151.433483
19.920790, 1.665727, 151.433483
19.923477, 1.665727, 151.433483
19.929057, 1.668276, 151.665210
19.934440, 1.665727, 151.433483
19.939609, 1.668276, 151.665210
19.943816, 1.668276, 151.665210
19.947165, 1.668276, 151.665210
19.949712, 1.668276, 151.665210
19.953545, 1.668276, 151.665210
19.958243, 1.665727, 151.433483
19.961216, 1.665727, 151.433483
19.963271, 1.668276, 151.665210
19.965901, 1.668276, 151.665210
19.968342, 1.670825, 151.896936
19.971487, 1.668276, 151.665210
19.975501, 1.668276, 151.665210
19.979864, 1.665727, 151.433483
19.984548, 1.665727, 151.433483
19.990912, 1.668276, 151.665210
19.997921, 1.668276, 151.665210
20.004739, 1.668276, 151.665210
20.012396, 1.668276, 151.665210
20.017240, 1.668276, 151.665210
20.023745, 1.668276, 151.665210
20.027539, 1.668276, 151.665210
20.032606, 1.668276, 151.665210
20.035837, 1.668276, 151.665210
20.038975, 1.668276, 151.665210
20.043791, 1.668276, 151.665210
20.046065, 1.668276, 151.665210
20.050537, 1.668276, 151.665210
20.058560, 1.668276, 151.665210
20.061034, 1.668276, 151.665210
20.063565, 1.668276, 151.665210
20.066499, 1.668276, 151.665210
20.069410, 1.665727, 151.433483
20.072496, 1.665727, 151.433483
20.074661, 1.665727, 151.433483
20.078919, 1.668276, 151.665210
20.081541, 1.668276, 151.665210
20.084067, 1.668276, 151.665210
20.089997, 1.668276, 151.665210
20.097362, 1.668276, 151.665210
20.101802, 1.668276, 151.665210
20.105283, 1.668276, 151.665210
20.111743, 1.665727, 151.433483
20.120457, 1.665727, 151.433483
20.123014, 1.668276, 151.665210
20.125484, 1.668276, 151.665210
20.130709, 1.668276, 151.665210
20.135789, 1.668276, 151.665210
20.140872, 1.668276, 151.665210
20.144717, 1.668276, 151.665210
20.148409, 1.668276, 151.665210
20.151689, 1.665727, 151.433483
20.154897, 1.665727, 151.433483
20.158741, 1.665727, 151.433483
20.161689, 1.668276, 151.665210
20.164536, 1.668276, 151.665210
20.167361, 1.670825, 151.896936
20.170433, 1.668276, 151.665210
20.173306, 1.668276, 151.665210
20.176122, 1.668276, 151.665210
20.179226, 1.665727, 151.433483
20.182181, 1.668276, 151.665210
20.185139, 1.665727, 151.433483
20.188148, 1.668276, 151.665210
20.191308, 1.668276, 151.665210
20.194544, 1.668276, 151.665210
20.197700, 1.668276, 151.665210
20.202121, 1.668276, 151.665210
20.204693, 1.665727, 151.433483
20.208165, 1.665727, 151.433483
20.212399, 1.665727, 151.433483
20.216652, 1.665727, 151.433483
20.220642, 1.668276, 151.665210
20.223492, 1.668276, 151.665210
20.226266, 1.668276, 151.665210
20.228900, 1.670825, 151.896936
20.231716, 1.668276, 151.665210
20.235298, 1.665727, 151.433483
20.240016, 1.665727, 151.433483
20.243429, 1.665727, 151.433483
20.246905, 1.665727, 151.433483
20.250639, 1.665727, 151.433483
20.253495, 1.668276, 151.665210
20.256109, 1.668276, 151.665210
20.259212, 1.668276, 151.665210
20.262360, 1.668276, 151.665210
20.265870, 1.668276, 151.665210
20.269091, 1.665727, 151.433483
20.272519, 1.665727, 151.433483
20.278367, 1.668276, 151.665210
20.284160, 1.668276, 151.665210
20.288593, 1.668276, 151.665210
20.291478, 1.670825, 151.896936
20.295569, 1.670825, 151.896936
20.300058, 1.668276, 151.665210
20.304483, 1.665727, 151.433483
20.309000, 1.665727, 151.433483
20.311984, 1.668276, 151.665210
20.314481, 1.668276, 151.665210
20.317391, 1.668276, 151.665210
20.320222, 1.668276, 151.665210
20.323473, 1.668276, 151.665210
20.326713, 1.668276, 151.665210
20.330764, 1.668276, 151.665210
20.333929, 1.668276, 151.665210
20.337303, 1.665727, 151.433483
20.342697, 1.665727, 151.433483
20.346431, 1.668276, 151.665210
20.349898, 1.665727, 151.433483
20.352280, 1.668276, 151.665210
20.355582, 1.668276, 151.665210
20.359782, 1.668276, 151.665210
20.362717, 1.668276, 151.665210
20.365191, 1.665727, 151.433483
20.368600, 1.665727, 151.433483
20.371439, 1.665727, 151.433483
20.375964, 1.665727, 151.433483
20.381550, 1.665727, 151.433483
20.386203, 1.668276, 151.665210
20.389988, 1.668276, 151.665210
20.392317, 1.668276, 151.665210
20.394899, 1.668276, 151.665210
20.397699, 1.668276, 151.665210
20.400757, 1.665727, 151.433483
20.403743, 1.665727, 151.433483
20.406865, 1.665727, 151.433483
20.409896, 1.665727, 151.433483
20.412889, 1.668276, 151.665210
20.415775, 1.668276, 151.665210
20.418875, 1.668276, 151.665210
20.422106, 1.668276, 151.665210
20.425149, 1.668276, 151.665210
20.428054, 1.665727, 151.433483
20.432846, 1.668276, 151.665210
20.435254, 1.665727, 151.433483
20.438529, 1.665727, 151.433483
20.440807, 1.668276, 151.665210
20.443290, 1.665727, 151.433483
20.446783, 1.668276, 151.665210
20.450075, 1.668276, 151.665210
20.453255, 1.668276, 151.665210
20.456402, 1.668276, 151.665210
20.459549, 1.665727, 151.433483
20.462899, 1.668276, 151.665210
20.466736, 1.665727, 151.433483
20.469966, 1.665727, 151.433483
20.474055, 1.668276, 151.665210
20.479214, 1.668276, 151.665210
20.484146, 1.668276, 151.665210
20.487859, 1.668276, 151.665210
20.492068, 1.668276, 151.665210
20.494404, 1.665727, 151.433483
20.496598, 1.665727, 151.433483
20.499665, 1.665727, 151.433483
20.502406, 1.668276, 151.665210
20.504590, 1.668276, 151.665210
20.508444, 1.668276, 151.665210
20.512070, 1.668276, 151.665210
20.514949, 1.668276, 151.665210
20.517308, 1.665727, 151.433483
20.519684, 1.668276, 151.665210
20.522504, 1.665727, 151.433483
20.525041, 1.668276, 151.665210
20.528253, 1.665727, 151.433483
20.530879, 1.668276, 151.665210
20.533557, 1.668276, 151.665210
20.536355, 1.668276, 151.665210
20.539212, 1.668276, 151.665210
20.542091, 1.668276, 151.665210
20.545093, 1.665727, 151.433483
20.547611, 1.665727, 151.433483
20.550178, 1.668276, 151.665210
20.552828, 1.665727, 151.433483
20.557398, 1.668276, 151.665210
20.561040, 1.668276, 151.665210
20.564338, 1.668276, 151.665210
20.567445, 1.668276, 151.665210
20.570673, 1.668276, 151.665210
20.574081, 1.665727, 151.433483
20.577300, 1.665727, 151.433483
20.580378, 1.665727, 151.433483
20.583352, 1.665727, 151.433483
20.586441, 1.665727, 151.433483
20.589359, 1.668276, 151.665210
20.592378, 1.668276, 151.665210
20.595384, 1.665727, 151.433483
20.598351, 1.665727, 151.433483
20.601467, 1.665727, 151.433483
20.605204, 1.665727, 151.433483
20.609183, 1.665727, 151.433483
20.611662, 1.665727, 151.433483
20.614663, 1.668276, 151.665210
20.620271, 1.668276, 151.665210
20.622902, 1.668276, 151.665210
20.625782, 1.668276, 151.665210
20.627891, 1.668276, 151.665210
20.630488, 1.665727, 151.433483
20.633538, 1.665727, 151.433483
20.637017, 1.665727, 151.433483
20.640982, 1.668276, 151.665210
20.645496, 1.668276, 151.665210
20.651336, 1.668276, 151.665210
20.656766, 1.668276, 151.665210
20.660079, 1.668276, 151.665210
20.662502, 1.665727, 151.433483
20.664915, 1.665727, 151.433483
20.667795, 1.665727, 151.433483
20.670974, 1.665727, 151.433483
20.673891, 1.668276, 151.665210
20.676270, 1.668276, 151.665210
20.679033, 1.668276, 151.665210
20.681663, 1.668276, 151.665210
20.684607, 1.668276, 151.665210
20.687587, 1.668276, 151.665210
20.690657, 1.665727, 151.433483
20.693693, 1.665727, 151.433483
20.696621, 1.665727, 151.433483
20.699880, 1.665727, 151.433483
20.702970, 1.668276, 151.665210
20.706132, 1.665727, 151.433483
20.709304, 1.668276, 151.665210
20.712450, 1.668276, 151.665210
20.715543, 1.665727, 151.433483
20.718865, 1.665727, 151.433483
20.722223, 1.665727, 151.433483
20.725375, 1.665727, 151.433483
20.728606, 1.665727, 151.433483
20.731808, 1.668276, 151.665210
20.735540, 1.665727, 151.433483
20.738190, 1.665727, 151.433483
20.740465, 1.668276, 151.665210
20.742922, 1.668276, 151.665210
20.745528, 1.668276, 151.665210
20.750098, 1.665727, 151.433483
20.758510, 1.665727, 151.433483
20.765901, 1.665727, 151.433483
20.771478, 1.665727, 151.433483
20.774891, 1.668276, 151.665210
20.779998, 1.668276, 151.665210
20.801135, 1.668276, 151.665210
20.824905, 1.665727, 151.433483
20.831650, 1.665727, 151.433483
20.835383, 1.665727, 151.433483
20.839126, 1.665727, 151.433483
20.843231, 1.665727, 151.433483
20.852305, 1.665727, 151.433483
20.878322, 1.668276, 151.665210
20.904554, 1.668276, 151.665210
20.925134, 1.668276, 151.665210
20.930091, 1.665727, 151.433483
20.933392, 1.665727, 151.433483
20.936476, 1.665727, 151.433483
20.940064, 1.665727, 151.433483
20.944695, 1.665727, 151.433483
20.948905, 1.665727, 151.433483
20.953043, 1.665727, 151.433483
20.957738, 1.665727, 151.433483
20.963093, 1.668276, 151.665210
20.968441, 1.668276, 151.665210
20.973964, 1.665727, 151.433483
20.980175, 1.665727, 151.433483
20.986192, 1.665727, 151.433483
20.992340, 1.665727, 151.433483
20.996619, 1.665727, 151.433483
20.998783, 1.665727, 151.433483
21.001872, 1.668276, 151.665210
21.005578, 1.668276, 151.665210
21.008992, 1.668276, 151.665210
21.012342, 1.665727, 151.433483
21.015199, 1.665727, 151.433483
21.018455, 1.665727, 151.433483
21.022546, 1.665727, 151.433483
21.027641, 1.665727, 151.433483
21.033870, 1.668276, 151.665210
21.040550, 1.668276, 151.665210
21.047709, 1.668276, 151.665210
21.050458, 1.668276, 151.665210
21.053009, 1.665727, 151.433483
21.056358, 1.665727, 151.433483
21.060518, 1.665727, 151.433483
21.076383, 1.665727, 151.433483
21.101766, 1.668276, 151.665210
21.122144, 1.668276, 151.665210
21.127591, 1.668276, 151.665210
21.130536, 1.668276, 151.665210
21.133948, 1.668276, 151.665210
21.137701, 1.665727, 151.433483
21.141686, 1.665727, 151.433483
21.144570, 1.665727, 151.433483
21.148308, 1.665727, 151.433483
21.152165, 1.665727, 151.433483
21.156156, 1.665727, 151.433483
21.160967, 1.668276, 151.665210
21.166783, 1.668276, 151.665210
21.173244, 1.665727, 151.433483
21.179834, 1.668276, 151.665210
21.186570, 1.665727, 151.433483
21.190887, 1.665727, 151.433483
21.193522, 1.665727, 151.433483
21.201302, 1.665727, 151.433483
21.208268, 1.668276, 151.665210
21.215942, 1.668276, 151.665210
21.223112, 1.665727, 151.433483
21.231255, 1.668276, 151.665210
21.238502, 1.668276, 151.665210
21.244190, 1.665727, 151.433483
21.249356, 1.665727, 151.433483
21.255900, 1.665727, 151.433483
21.262212, 1.668276, 151.665210
21.268941, 1.668276, 151.665210
21.275833, 1.668276, 151.665210
21.282908, 1.668276, 151.665210
21.287603, 1.668276, 151.665210
21.291409, 1.665727, 151.433483
21.294630, 1.665727, 151.433483
21.298578, 1.665727, 151.433483
21.301968, 1.665727, 151.433483
21.305874, 1.668276, 151.665210
21.313763, 1.668276, 151.665210
21.321862, 1.670825, 151.896936
21.328548, 1.668276, 151.665210
21.335278, 1.668276, 151.665210
21.340196, 1.665727, 151.433483
21.344794, 1.665727, 151.433483
21.349069, 1.665727, 151.433483
21.353121, 1.665727, 151.433483
21.357476, 1.665727, 151.433483
21.360550, 1.665727, 151.433483
21.364323, 1.665727, 151.433483
21.368755, 1.668276, 151.665210
21.373106, 1.665727, 151.433483
21.379927, 1.665727, 151.433483
21.386184, 1.665727, 151.433483
21.391368, 1.665727, 151.433483
21.394199, 1.665727, 151.433483
21.397958, 1.665727, 151.433483
21.406285, 1.665727, 151.433483
21.415211, 1.665727, 151.433483
21.422076, 1.665727, 151.433483
21.426283, 1.665727, 151.433483
21.431198, 1.668276, 151.665210
21.435358, 1.668276, 151.665210
21.440030, 1.668276, 151.665210
21.444000, 1.665727, 151.433483
21.448172, 1.668276, 151.665210
21.452078, 1.665727, 151.433483
21.456302, 1.668276, 151.665210
21.460138, 1.668276, 151.665210
21.463579, 1.668276, 151.665210
21.467387, 1.668276, 151.665210
21.473481, 1.665727, 151.433483
21.480073, 1.665727, 151.433483
21.483086, 1.665727, 151.433483
21.486914, 1.665727, 151.433483
21.490525, 1.665727, 151.433483
21.493862, 1.665727, 151.433483
21.498504, 1.668276, 151.665210
21.515453, 1.668276, 151.665210
21.544210, 1.668276, 151.665210
21.551651, 1.665727, 151.433483
21.555311, 1.665727, 151.433483
21.558121, 1.665727, 151.433483
21.560623, 1.665727, 151.433483
21.563025, 1.665727, 151.433483
21.565625, 1.665727, 151.433483
21.568313, 1.665727, 151.433483
21.571500, 1.668276, 151.665210
21.574486, 1.668276, 151.665210
21.577294, 1.668276, 151.665210
21.580738, 1.668276, 151.665210
21.585445, 1.665727, 151.433483
21.588286, 1.665727, 151.433483
21.591051, 1.665727, 151.433483
21.593573, 1.665727, 151.433483
21.596184, 1.668276, 151.665210
21.598915, 1.668276, 151.665210
21.602295, 1.668276, 151.665210
21.605263, 1.665727, 151.433483
21.608062, 1.668276, 151.665210
21.610955, 1.668276, 151.665210
21.613805, 1.665727, 151.433483
21.616651, 1.665727, 151.433483
21.619615, 1.668276, 151.665210
21.622809, 1.668276, 151.665210
21.626280, 1.668276, 151.665210
21.628621, 1.668276, 151.665210
21.631003, 1.665727, 151.433483
21.633367, 1.665727, 151.433483
21.636111, 1.665727, 151.433483
21.639801, 1.665727, 151.433483
21.652290, 1.668276, 151.665210
21.670830, 1.665727, 151.433483
21.675381, 1.668276, 151.665210
21.678291, 1.668276, 151.665210
21.680602, 1.668276, 151.665210
21.682796, 1.665727, 151.433483
21.685234, 1.665727, 151.433483
21.688015, 1.665727, 151.433483
21.690877, 1.665727, 151.433483
21.693854, 1.665727, 151.433483
21.696918, 1.665727, 151.433483
21.700209, 1.668276, 151.665210
21.702310, 1.668276, 151.665210
21.704514, 1.668276, 151.665210
21.707154, 1.668276, 151.665210
21.710082, 1.665727, 151.433483
21.713199, 1.665727, 151.433483
21.715951, 1.665727, 151.433483
21.718735, 1.665727, 151.433483
21.722312, 1.668276, 151.665210
21.725125, 1.668276, 151.665210
21.727228, 1.668276, 151.665210
21.729937, 1.668276, 151.665210
21.732050, 1.668276, 151.665210
21.734454, 1.665727, 151.433483
21.737154, 1.665727, 151.433483
21.740123, 1.665727, 151.433483
21.743108, 1.668276, 151.665210
21.746122, 1.668276, 151.665210
21.748967, 1.668276, 151.665210
21.751839, 1.668276, 151.665210
21.754710, 1.668276, 151.665210
21.757502, 1.668276, 151.665210
21.760414, 1.668276, 151.665210
21.763164, 1.665727, 151.433483
21.765861, 1.665727, 151.433483
21.768511, 1.665727, 151.433483
21.771688, 1.665727, 151.433483
21.775319, 1.668276, 151.665210
21.778985, 1.668276, 151.665210
21.782365, 1.665727, 151.433483
21.785227, 1.668276, 151.665210
21.788171, 1.665727, 151.433483
21.791784, 1.668276, 151.665210
21.794676, 1.665727, 151.433483
21.796836, 1.665727, 151.433483
21.799830, 1.665727, 151.433483
21.802730, 1.665727, 151.433483
21.805220, 1.668276, 151.665210
21.807720, 1.668276, 151.665210
21.810280, 1.668276, 151.665210
21.812826, 1.665727, 151.433483
21.815508, 1.665727, 151.433483
21.818895, 1.665727, 151.433483
21.821583, 1.665727, 151.433483
21.824707, 1.665727, 151.433483
21.828204, 1.665727, 151.433483
21.832510, 1.668276, 151.665210
21.836551, 1.668276, 151.665210
21.840694, 1.668276, 151.665210
21.845130, 1.665727, 151.433483
21.848663, 1.665727, 151.433483
21.852657, 1.665727, 151.433483
21.857782, 1.665727, 151.433483
21.861428, 1.665727, 151.433483
21.864706, 1.668276, 151.665210
21.868139, 1.665727, 151.433483
21.871373, 1.668276, 151.665210
21.876152, 1.668276, 151.665210
21.879340, 1.665727, 151.433483
21.882415, 1.665727, 151.433483
21.885608, 1.665727, 151.433483
21.889320, 1.665727, 151.433483
21.892389, 1.665727, 151.433483
21.895627, 1.668276, 151.665210
21.898626, 1.668276, 151.665210
21.901575, 1.668276, 151.665210
21.904549, 1.668276, 151.665210
21.908218, 1.665727, 151.433483
21.911203, 1.665727, 151.433483
21.914119, 1.665727, 151.433483
21.917663, 1.665727, 151.433483
21.919708, 1.665727, 151.433483
21.922067, 1.665727, 151.433483
21.925338, 1.668276, 151.665210
21.928733, 1.668276, 151.665210
21.931274, 1.665727, 151.433483
21.933790, 1.665727, 151.433483
21.936457, 1.665727, 151.433483
21.939333, 1.665727, 151.433483
21.942160, 1.665727, 151.433483
21.944991, 1.665727, 151.433483
21.948115, 1.665727, 151.433483
21.951184, 1.665727, 151.433483
21.954352, 1.668276, 151.665210
21.957723, 1.668276, 151.665210
21.960905, 1.668276, 151.665210
21.964092, 1.665727, 151.433483
21.967315, 1.665727, 151.433483
21.971189, 1.665727, 151.433483
21.974526, 1.665727, 151.433483
21.976616, 1.665727, 151.433483
21.978720, 1.665727, 151.433483
21.980893, 1.665727, 151.433483
21.983465, 1.668276, 151.665210
21.986574, 1.668276, 151.665210
21.990883, 1.665727, 151.433483
21.995569, 1.665727, 151.433483
22.016435, 1.665727, 151.433483
22.023107, 1.665727, 151.433483
22.026560, 1.665727, 151.433483
22.029342, 1.665727, 151.433483
22.031603, 1.668276, 151.665210
22.033824, 1.668276, 151.665210
22.036300, 1.665727, 151.433483
22.039648, 1.665727, 151.433483
22.042561, 1.665727, 151.433483
22.045474, 1.665727, 151.433483
22.048562, 1.665727, 151.433483
22.051576, 1.665727, 151.433483
22.054397, 1.665727, 151.433483
22.057258, 1.665727, 151.433483
22.060651, 1.665727, 151.433483
22.064079, 1.668276, 151.665210
22.067452, 1.665727, 151.433483
22.070542, 1.665727, 151.433483
22.073824, 1.665727, 151.433483
22.076911, 1.665727, 151.433483
22.080016, 1.665727, 151.433483
22.083050, 1.665727, 151.433483
22.086549, 1.665727, 151.433483
22.090197, 1.665727, 151.433483
22.094012, 1.665727, 151.433483
22.108922, 1.665727, 151.433483
22.134297, 1.665727, 151.433483
22.158843, 1.665727, 151.433483
22.173985, 1.665727, 151.433483
22.177952, 1.665727, 151.433483
22.180979, 1.665727, 151.433483
22.183259, 1.665727, 151.433483
22.185383, 1.665727, 151.433483
22.187676, 1.665727, 151.433483
22.190329, 1.665727, 151.433483
22.192925, 1.665727, 151.433483
22.195630, 1.665727, 151.433483
22.198356, 1.665727, 151.433483
22.201235, 1.665727, 151.433483
22.204035, 1.665727, 151.433483
22.206972, 1.665727, 151.433483
22.209893, 1.665727, 151.433483
22.213174, 1.668276, 151.665210
22.216203, 1.665727, 151.433483
22.219253, 1.665727, 151.433483
22.222445, 1.665727, 151.433483
22.225448, 1.665727, 151.433483
22.228352, 1.665727, 151.433483
22.231549, 1.665727, 151.433483
22.234789, 1.665727, 151.433483
22.237915, 1.665727, 151.433483
22.241261, 1.665727, 151.433483
22.244724, 1.668276, 151.665210
22.248005, 1.665727, 151.433483
22.251970, 1.665727, 151.433483
22.257253, 1.665727, 151.433483
22.260260, 1.665727, 151.433483
22.263567, 1.665727, 151.433483
22.265918, 1.665727, 151.433483
22.268676, 1.665727, 151.433483
22.272207, 1.665727, 151.433483
22.276355, 1.665727, 151.433483
22.280158, 1.665727, 151.433483
22.283718, 1.665727, 151.433483
22.287432, 1.665727, 151.433483
22.292341, 1.665727, 151.433483
22.296770, 1.665727, 151.433483
22.300663, 1.668276, 151.665210
22.304282, 1.668276, 151.665210
22.307925, 1.668276, 151.665210
22.311379, 1.665727, 151.433483
22.314604, 1.665727, 151.433483
22.317704, 1.665727, 151.433483
22.321084, 1.665727, 151.433483
22.324371, 1.665727, 151.433483
22.327891, 1.665727, 151.433483
22.331576, 1.665727, 151.433483
22.334985, 1.668276, 151.665210
22.338619, 1.665727, 151.433483
22.347150, 1.665727, 151.433483
22.352920, 1.665727, 151.433483
22.356271, 1.665727, 151.433483
22.366030, 1.665727, 151.433483
22.370096, 1.665727, 151.433483
22.377945, 1.665727, 151.433483
22.387378, 1.665727, 151.433483
22.393592, 1.665727, 151.433483
22.396551, 1.668276, 151.665210
22.402280, 1.665727, 151.433483
22.407787, 1.665727, 151.433483
22.412245, 1.665727, 151.433483
22.416041, 1.665727, 151.433483
22.419679, 1.665727, 151.433483
22.423416, 1.665727, 151.433483
22.426862, 1.665727, 151.433483
22.430542, 1.665727, 151.433483
22.434093, 1.665727, 151.433483
22.437677, 1.665727, 151.433483
22.442146, 1.665727, 151.433483
22.448314, 1.665727, 151.433483
22.456291, 1.665727, 151.433483
22.462135, 1.665727, 151.433483
22.465453, 1.665727, 151.433483
22.468829, 1.665727, 151.433483
22.472441, 1.668276, 151.665210
22.476526, 1.668276, 151.665210
22.479841, 1.665727, 151.433483
22.483361, 1.665727, 151.433483
22.486751, 1.665727, 151.433483
22.490174, 1.665727, 151.433483
22.493867, 1.665727, 151.433483
22.496887, 1.665727, 151.433483
22.502107, 1.665727, 151.433483
22.505330, 1.665727, 151.433483
22.508150, 1.665727, 151.433483
22.510503, 1.668276, 151.665210
22.513059, 1.665727, 151.433483
22.516215, 1.665727, 151.433483
22.519166, 1.665727, 151.433483
22.522420, 1.665727, 151.433483
22.526108, 1.665727, 151.433483
22.528524, 1.665727, 151.433483
22.531147, 1.665727, 151.433483
22.534007, 1.665727, 151.433483
22.539613, 1.665727, 151.433483
22.544646, 1.665727, 151.433483
22.548369, 1.665727, 151.433483
22.551278, 1.665727, 151.433483
22.555035, 1.665727, 151.433483
22.559803, 1.665727, 151.433483
22.563120, 1.665727, 151.433483
22.565681, 1.665727, 151.433483
22.568195, 1.665727, 151.433483
22.570826, 1.665727, 151.433483
22.573691, 1.665727, 151.433483
22.576655, 1.665727, 151.433483
22.579621, 1.665727, 151.433483
22.582580, 1.665727, 151.433483
22.585763, 1.665727, 151.433483
22.589187, 1.665727, 151.433483
22.592520, 1.665727, 151.433483
22.596218, 1.665727, 151.433483
22.599324, 1.665727, 151.433483
22.602376, 1.665727, 151.433483
22.605527, 1.665727, 151.433483
22.608638, 1.665727, 151.433483
22.611756, 1.665727, 151.433483
22.614800, 1.663178, 151.201757
22.617852, 1.665727, 151.433483
22.620860, 1.665727, 151.433483
22.623930, 1.665727, 151.433483
22.626957, 1.665727, 151.433483
22.629996, 1.665727, 151.433483
22.632995, 1.665727, 151.433483
22.636085, 1.663178, 151.201757
22.639820, 1.663178, 151.201757
22.642826, 1.663178, 151.201757
22.646215, 1.663178, 151.201757
22.650240, 1.665727, 151.433483
22.654738, 1.665727, 151.433483
22.658768, 1.665727, 151.433483
22.661188, 1.665727, 151.433483
22.665147, 1.665727, 151.433483
22.671441, 1.665727, 151.433483
22.677225, 1.663178, 151.201757
22.680696, 1.665727, 151.433483
22.683407, 1.665727, 151.433483
22.686148, 1.665727, 151.433483
22.689229, 1.665727, 151.433483
22.692697, 1.665727, 151.433483
22.696531, 1.665727, 151.433483
22.699947, 1.665727, 151.433483
22.702997, 1.663178, 151.201757
22.706186, 1.665727, 151.433483
22.709419, 1.665727, 151.433483
22.713419, 1.665727, 151.433483
22.716502, 1.665727, 151.433483
22.719659, 1.665727, 151.433483
22.723201, 1.665727, 151.433483
22.726540, 1.665727, 151.433483
22.730074, 1.665727, 151.433483
22.733248, 1.665727, 151.433483
22.736214, 1.665727, 151.433483
22.739480, 1.663178, 151.201757
22.742702, 1.665727, 151.433483
22.745692, 1.665727, 151.433483
22.749179, 1.665727, 151.433483
22.752508, 1.665727, 151.433483
22.755591, 1.665727, 151.433483
22.758753, 1.665727, 151.433483
22.761704, 1.663178, 151.201757
22.764662, 1.663178, 151.201757
22.767619, 1.663178, 151.201757
22.770703, 1.665727, 151.433483
22.774215, 1.665727, 151.433483
22.777179, 1.665727, 151.433483
22.780196, 1.665727, 151.433483
22.783159, 1.665727, 151.433483
22.786094, 1.665727, 151.433483
22.789192, 1.663178, 151.201757
22.792126, 1.665727, 151.433483
22.795055, 1.663178, 151.201757
22.797880, 1.665727, 151.433483
22.800990, 1.665727, 151.433483
22.803910, 1.665727, 151.433483
22.806943, 1.665727, 151.433483
22.810513, 1.665727, 151.433483
22.814566, 1.665727, 151.433483
22.816757, 1.665727, 151.433483
22.820671, 1.665727, 151.433483
22.825575, 1.665727, 151.433483
22.827743, 1.663178, 151.201757
22.830806, 1.665727, 151.433483
22.833314, 1.665727, 151.433483
22.835839, 1.665727, 151.433483
22.838576, 1.665727, 151.433483
22.840875, 1.665727, 151.433483
22.843595, 1.665727, 151.433483
22.846288, 1.665727, 151.433483
22.849014, 1.665727, 151.433483
22.853520, 1.665727, 151.433483
22.857646, 1.665727, 151.433483
22.860131, 1.665727, 151.433483
22.862557, 1.665727, 151.433483
22.865412, 1.665727, 151.433483
22.868364, 1.665727, 151.433483
22.870706, 1.665727, 151.433483
22.874695, 1.663178, 151.201757
22.877278, 1.663178, 151.201757
22.879966, 1.665727, 151.433483
22.883073, 1.665727, 151.433483
22.886498, 1.665727, 151.433483
22.890033, 1.665727, 151.433483
22.893666, 1.665727, 151.433483
22.897268, 1.665727, 151.433483
22.900732, 1.665727, 151.433483
22.904201, 1.665727, 151.433483
22.907749, 1.665727, 151.433483
22.911362, 1.665727, 151.433483
22.914953, 1.665727, 151.433483
22.919197, 1.665727, 151.433483
22.921744, 1.665727, 151.433483
22.924285, 1.665727, 151.433483
22.927162, 1.665727, 151.433483
22.930102, 1.665727, 151.433483
22.933145, 1.665727, 151.433483
22.936804, 1.665727, 151.433483
22.939731, 1.665727, 151.433483
22.942098, 1.665727, 151.433483
22.946582, 1.665727, 151.433483
22.951976, 1.668276, 151.665210
22.956868, 1.665727, 151.433483
22.959681, 1.665727, 151.433483
22.961800, 1.665727, 151.433483
22.964454, 1.665727, 151.433483
22.968162, 1.665727, 151.433483
22.971266, 1.665727, 151.433483
22.974529, 1.665727, 151.433483
22.977972, 1.665727, 151.433483
22.981157, 1.665727, 151.433483
22.984265, 1.668276, 151.665210
22.987252, 1.665727, 151.433483
22.990269, 1.665727, 151.433483
22.993205, 1.665727, 151.433483
22.996094, 1.665727, 151.433483
22.999180, 1.665727, 151.433483
23.002139, 1.665727, 151.433483
23.005022, 1.668276, 151.665210
23.008040, 1.668276, 151.665210
23.011001, 1.668276, 151.665210
23.013891, 1.665727, 151.433483
23.016736, 1.665727, 151.433483
23.019610, 1.665727, 151.433483
23.022490, 1.665727, 151.433483
23.025378, 1.665727, 151.433483
23.028478, 1.665727, 151.433483
23.031384, 1.665727, 151.433483
23.034177, 1.665727, 151.433483
23.036936, 1.668276, 151.665210
23.039928, 1.665727, 151.433483
23.042745, 1.665727, 151.433483
23.045531, 1.665727, 151.433483
23.048368, 1.665727, 151.433483
23.051165, 1.665727, 151.433483
23.053867, 1.665727, 151.433483
23.056665, 1.665727, 151.433483
23.059500, 1.665727, 151.433483
23.062209, 1.665727, 151.433483
23.064958, 1.665727, 151.433483
23.067767, 1.665727, 151.433483
23.070849, 1.665727, 151.433483
23.074220, 1.665727, 151.433483
23.077037, 1.665727, 151.433483
23.079868, 1.665727, 151.433483
23.082623, 1.665727, 151.433483
23.085346, 1.665727, 151.433483
23.088085, 1.665727, 151.433483
23.091420, 1.665727, 151.433483
23.094251, 1.665727, 151.433483
23.097000, 1.665727, 151.433483
23.099950, 1.665727, 151.433483
23.102871, 1.665727, 151.433483
23.106143, 1.665727, 151.433483
23.110376, 1.665727, 151.433483
23.113477, 1.665727, 151.433483
23.116510, 1.665727, 151.433483
23.119514, 1.665727, 151.433483
23.123613, 1.665727, 151.433483
23.126746, 1.665727, 151.433483
23.129752, 1.665727, 151.433483
23.133393, 1.665727, 151.433483
23.137271, 1.665727, 151.433483
23.141575, 1.665727, 151.433483
23.146237, 1.665727, 151.433483
23.150327, 1.665727, 151.433483
23.154262, 1.665727, 151.433483
23.156943, 1.665727, 151.433483
23.159325, 1.665727, 151.433483
23.162006, 1.665727, 151.433483
23.165496, 1.665727, 151.433483
23.173078, 1.665727, 151.433483
23.177495, 1.665727, 151.433483
23.185453, 1.665727, 151.433483
23.189352, 1.665727, 151.433483
23.192280, 1.665727, 151.433483
23.195004, 1.665727, 151.433483
23.197735, 1.665727, 151.433483
23.200508, 1.665727, 151.433483
23.203688, 1.665727, 151.433483
23.207162, 1.665727, 151.433483
23.210279, 1.665727, 151.433483
23.212972, 1.665727, 151.433483
23.217723, 1.665727, 151.433483
23.220053, 1.665727, 151.433483
23.222838, 1.665727, 151.433483
23.225572, 1.665727, 151.433483
23.228382, 1.665727, 151.433483
23.231258, 1.665727, 151.433483
23.235574, 1.665727, 151.433483
23.240882, 1.665727, 151.433483
23.245611, 1.665727, 151.433483
23.249157, 1.665727, 151.433483
23.252717, 1.665727, 151.433483
23.256324, 1.665727, 151.433483
23.259846, 1.665727, 151.433483
23.263573, 1.665727, 151.433483
23.267661, 1.665727, 151.433483
23.271021, 1.663178, 151.201757
23.275201, 1.665727, 151.433483
23.279052, 1.665727, 151.433483
23.281724, 1.665727, 151.433483
23.284586, 1.665727, 151.433483
23.287196, 1.665727, 151.433483
23.290186, 1.665727, 151.433483
23.293814, 1.665727, 151.433483
23.297508, 1.665727, 151.433483
23.300721, 1.665727, 151.433483
23.304550, 1.665727, 151.433483
23.308971, 1.665727, 151.433483
23.312836, 1.665727, 151.433483
23.316357, 1.665727, 151.433483
23.320041, 1.665727, 151.433483
23.337601, 1.665727, 151.433483
23.366481, 1.665727, 151.433483
23.392373, 1.665727, 151.433483
23.399896, 1.665727, 151.433483
23.403470, 1.665727, 151.433483
23.406962, 1.665727, 151.433483
23.410170, 1.665727, 151.433483
23.413953, 1.665727, 151.433483
23.418087, 1.668276, 151.665210
23.421753, 1.665727, 151.433483
23.425293, 1.665727, 151.433483
23.432381, 1.663178, 151.201757
23.437000, 1.665727, 151.433483
23.440755, 1.665727, 151.433483
23.443227, 1.665727, 151.433483
23.445972, 1.665727, 151.433483
23.449403, 1.665727, 151.433483
23.453155, 1.668276, 151.665210
23.458247, 1.665727, 151.433483
23.462316, 1.665727, 151.433483
23.464746, 1.663178, 151.201757
23.467652, 1.663178, 151.201757
23.470663, 1.665727, 151.433483
23.474156, 1.665727, 151.433483
23.477442, 1.665727, 151.433483
23.480617, 1.665727, 151.433483
23.483777, 1.665727, 151.433483
23.486852, 1.665727, 151.433483
23.490122, 1.665727, 151.433483
23.493195, 1.665727, 151.433483
23.496168, 1.665727, 151.433483
23.499129, 1.665727, 151.433483
23.502115, 1.665727, 151.433483
23.505295, 1.665727, 151.433483
23.508357, 1.665727, 151.433483
23.511340, 1.665727, 151.433483
23.514295, 1.665727, 151.433483
23.517391, 1.665727, 151.433483
23.520342, 1.665727, 151.433483
23.523660, 1.665727, 151.433483
23.527225, 1.665727, 151.433483
23.530708, 1.665727, 151.433483
23.535297, 1.665727, 151.433483
23.537926, 1.665727, 151.433483
23.540150, 1.665727, 151.433483
23.542623, 1.665727, 151.433483
23.545348, 1.665727, 151.433483
23.548405, 1.665727, 151.433483
23.551356, 1.663178, 151.201757
23.554349, 1.663178, 151.201757
23.557495, 1.665727, 151.433483
23.560485, 1.665727, 151.433483
23.563446, 1.665727, 151.433483
23.566630, 1.665727, 151.433483
23.570935, 1.665727, 151.433483
23.574275, 1.665727, 151.433483
23.576922, 1.665727, 151.433483
23.580754, 1.665727, 151.433483
23.584184, 1.663178, 151.201757
23.587673, 1.663178, 151.201757
23.591039, 1.663178, 151.201757
23.594566, 1.665727, 151.433483
23.598022, 1.665727, 151.433483
23.600656, 1.665727, 151.433483
23.602928, 1.665727, 151.433483
23.605745, 1.665727, 151.433483
23.608875, 1.665727, 151.433483
23.612141, 1.665727, 151.433483
23.615402, 1.665727, 151.433483
23.618754, 1.665727, 151.433483
23.622676, 1.665727, 151.433483
23.627147, 1.665727, 151.433483
23.630672, 1.665727, 151.433483
23.634109, 1.665727, 151.433483
23.637519, 1.665727, 151.433483
23.641270, 1.665727, 151.433483
23.644638, 1.665727, 151.433483
23.648560, 1.665727, 151.433483
23.651494, 1.665727, 151.433483
23.654949, 1.665727, 151.433483
23.658455, 1.665727, 151.433483
23.661794, 1.665727, 151.433483
23.664119, 1.665727, 151.433483
23.666701, 1.665727, 151.433483
23.670971, 1.663178, 151.201757
23.674070, 1.663178, 151.201757
23.677383, 1.663178, 151.201757
23.680237, 1.663178, 151.201757
23.682831, 1.665727, 151.433483
23.687205, 1.665727, 151.433483
23.692489, 1.665727, 151.433483
23.696404, 1.665727, 151.433483
23.698985, 1.665727, 151.433483
23.702721, 1.663178, 151.201757
23.706109, 1.663178, 151.201757
23.708284, 1.665727, 151.433483
23.710953, 1.665727, 151.433483
23.713767, 1.665727, 151.433483
23.716556, 1.665727, 151.433483
23.719421, 1.665727, 151.433483
23.723207, 1.665727, 151.433483
23.726026, 1.665727, 151.433483
23.728433, 1.665727, 151.433483
23.731303, 1.663178, 151.201757
23.734015, 1.665727, 151.433483
23.736964, 1.665727, 151.433483
23.741069, 1.665727, 151.433483
23.744884, 1.665727, 151.433483
23.747786, 1.665727, 151.433483
23.751599, 1.665727, 151.433483
23.754985, 1.663178, 151.201757
23.757156, 1.663178, 151.201757
23.759774, 1.663178, 151.201757
23.762615, 1.665727, 151.433483
23.765596, 1.665727, 151.433483
23.768613, 1.665727, 151.433483
23.771748, 1.665727, 151.433483
23.776935, 1.665727, 151.433483
23.780100, 1.665727, 151.433483
23.782798, 1.665727, 151.433483
23.785859, 1.663178, 151.201757
23.789225, 1.663178, 151.201757
23.792521, 1.663178, 151.201757
23.795452, 1.665727, 151.433483
23.798389, 1.665727, 151.433483
23.801498, 1.665727, 151.433483
23.806375, 1.665727, 151.433483
23.808784, 1.665727, 151.433483
23.811890, 1.665727, 151.433483
23.814774, 1.663178, 151.201757
23.817039, 1.663178, 151.201757
23.819720, 1.663178, 151.201757
23.823296, 1.663178, 151.201757
23.825790, 1.665727, 151.433483
23.828488, 1.665727, 151.433483
23.831604, 1.665727, 151.433483
23.835115, 1.665727, 151.433483
23.837481, 1.663178, 151.201757
23.840221, 1.665727, 151.433483
23.843073, 1.665727, 151.433483
23.845940, 1.665727, 151.433483
23.848726, 1.665727, 151.433483
23.851553, 1.665727, 151.433483
23.854651, 1.665727, 151.433483
23.858214, 1.665727, 151.433483
23.861207, 1.665727, 151.433483
23.864268, 1.665727, 151.433483
23.867237, 1.663178, 151.201757
23.870515, 1.663178, 151.201757
23.873961, 1.665727, 151.433483
23.876997, 1.665727, 151.433483
23.879947, 1.665727, 151.433483
23.884134, 1.665727, 151.433483
23.888402, 1.665727, 151.433483
23.892398, 1.665727, 151.433483
23.896560, 1.665727, 151.433483
23.898881, 1.663178, 151.201757
23.902064, 1.663178, 151.201757
23.905938, 1.663178, 151.201757
23.909898, 1.663178, 151.201757
23.913742, 1.663178, 151.201757
23.916891, 1.663178, 151.201757
23.921524, 1.665727, 151.433483
23.926357, 1.665727, 151.433483
23.930543, 1.665727, 151.433483
23.934394, 1.665727, 151.433483
23.938102, 1.665727, 151.433483
23.942216, 1.663178, 151.201757
23.945848, 1.663178, 151.201757
23.949518, 1.665727, 151.433483
23.953092, 1.665727, 151.433483
23.957573, 1.665727, 151.433483
23.960086, 1.665727, 151.433483
23.962505, 1.665727, 151.433483
23.965808, 1.665727, 151.433483
23.969452, 1.663178, 151.201757
23.973651, 1.663178, 151.201757
23.979258, 1.663178, 151.201757
23.984181, 1.665727, 151.433483
23.987039, 1.665727, 151.433483
23.989790, 1.665727, 151.433483
23.992745, 1.665727, 151.433483
23.995712, 1.665727, 151.433483
23.998682, 1.665727, 151.433483
24.001638, 1.663178, 151.201757
24.004829, 1.663178, 151.201757
24.008001, 1.663178, 151.201757
24.010981, 1.665727, 151.433483
24.014024, 1.665727, 151.433483
24.017061, 1.665727, 151.433483
24.020092, 1.665727, 151.433483
24.024250, 1.665727, 151.433483
24.028333, 1.665727, 151.433483
24.041095, 1.663178, 151.201757
24.064592, 1.663178, 151.201757
24.075595, 1.663178, 151.201757
24.079262, 1.663178, 151.201757
24.082125, 1.663178, 151.201757
24.084534, 1.665727, 151.433483
24.086849, 1.665727, 151.433483
24.089674, 1.665727, 151.433483
24.092403, 1.665727, 151.433483
24.095210, 1.663178, 151.201757
24.098600, 1.663178, 151.201757
24.101560, 1.663178, 151.201757
24.104674, 1.663178, 151.201757
24.107693, 1.665727, 151.433483
24.110670, 1.665727, 151.433483
24.113539, 1.665727, 151.433483
24.116696, 1.665727, 151.433483
24.119656, 1.665727, 151.433483
24.122948, 1.663178, 151.201757
24.125931, 1.663178, 151.201757
24.128831, 1.665727, 151.433483
24.131690, 1.665727, 151.433483
24.134554, 1.665727, 151.433483
24.137604, 1.665727, 151.433483
24.140685, 1.665727, 151.433483
24.143557, 1.665727, 151.433483
24.146600, 1.663178, 151.201757
24.149563, 1.663178, 151.201757
24.152437, 1.663178, 151.201757
24.155446, 1.663178, 151.201757
24.160074, 1.665727, 151.433483
24.165045, 1.665727, 151.433483
24.169400, 1.665727, 151.433483
24.172034, 1.665727, 151.433483
24.174771, 1.663178, 151.201757
24.178479, 1.665727, 151.433483
24.181551, 1.665727, 151.433483
24.184072, 1.663178, 151.201757
24.186767, 1.663178, 151.201757
24.189573, 1.663178, 151.201757
24.192534, 1.663178, 151.201757
24.195603, 1.663178, 151.201757
24.199452, 1.665727, 151.433483
24.203450, 1.665727, 151.433483
24.207288, 1.663178, 151.201757
24.212086, 1.663178, 151.201757
24.217943, 1.663178, 151.201757
24.223449, 1.663178, 151.201757
24.230055, 1.663178, 151.201757
24.240536, 1.665727, 151.433483
24.248662, 1.665727, 151.433483
24.254144, 1.665727, 151.433483
24.259701, 1.665727, 151.433483
24.267324, 1.665727, 151.433483
24.271981, 1.663178, 151.201757
24.275910, 1.663178, 151.201757
24.279679, 1.663178, 151.201757
24.283591, 1.665727, 151.433483
24.287360, 1.665727, 151.433483
24.292401, 1.665727, 151.433483
24.297088, 1.665727, 151.433483
24.301508, 1.665727, 151.433483
24.306070, 1.663178, 151.201757
24.311528, 1.665727, 151.433483
24.317700, 1.663178, 151.201757
24.326158, 1.663178, 151.201757
24.333777, 1.663178, 151.201757
24.340044, 1.665727, 151.433483
24.343792, 1.665727, 151.433483
24.346776, 1.665727, 151.433483
24.349685, 1.665727, 151.433483
24.352890, 1.665727, 151.433483
24.358607, 1.663178, 151.201757
24.365460, 1.663178, 151.201757
24.371735, 1.663178, 151.201757
24.377218, 1.663178, 151.201757
24.382205, 1.663178, 151.201757
24.388969, 1.663178, 151.201757
24.397926, 1.665727, 151.433483
24.408255, 1.663178, 151.201757
24.413903, 1.665727, 151.433483
24.418370, 1.663178, 151.201757
24.425570, 1.663178, 151.201757
24.454813, 1.663178, 151.201757
24.485777, 1.665727, 151.433483
24.509960, 1.665727, 151.433483
24.515359, 1.665727, 151.433483
24.518941, 1.665727, 151.433483
24.521838, 1.665727, 151.433483
24.524552, 1.665727, 151.433483
24.528094, 1.665727, 151.433483
24.533639, 1.663178, 151.201757
24.538336, 1.663178, 151.201757
24.542061, 1.663178, 151.201757
24.547613, 1.665727, 151.433483
24.552741, 1.665727, 151.433483
24.558310, 1.665727, 151.433483
24.563981, 1.665727, 151.433483
24.569784, 1.665727, 151.433483
24.573790, 1.663178, 151.201757
24.578475, 1.665727, 151.433483
24.582334, 1.665727, 151.433483
24.586338, 1.663178, 151.201757
24.591002, 1.665727, 151.433483
24.595976, 1.665727, 151.433483
24.601435, 1.665727, 151.433483
24.607818, 1.665727, 151.433483
24.615896, 1.665727, 151.433483
24.618062, 1.663178, 151.201757
24.620541, 1.663178, 151.201757
24.623334, 1.663178, 151.201757
24.626293, 1.663178, 151.201757
24.630498, 1.663178, 151.201757
24.633726, 1.665727, 151.433483
24.636877, 1.665727, 151.433483
24.641025, 1.663178, 151.201757
24.644442, 1.665727, 151.433483
24.647499, 1.663178, 151.201757
24.650718, 1.663178, 151.201757
24.654160, 1.663178, 151.201757
24.657991, 1.663178, 151.201757
24.662371, 1.665727, 151.433483
24.667501, 1.663178, 151.201757
24.674824, 1.665727, 151.433483
24.693558, 1.665727, 151.433483
24.721020, 1.665727, 151.433483
24.734306, 1.665727, 151.433483
24.738468, 1.663178, 151.201757
24.742393, 1.663178, 151.201757
24.746196, 1.663178, 151.201757
24.748376, 1.665727, 151.433483
24.754174, 1.665727, 151.433483
24.759378, 1.665727, 151.433483
24.762048, 1.665727, 151.433483
24.764309, 1.665727, 151.433483
24.766677, 1.663178, 151.201757
24.769278, 1.663178, 151.201757
24.772302, 1.663178, 151.201757
24.775624, 1.665727, 151.433483
24.778560, 1.665727, 151.433483
24.780940, 1.665727, 151.433483
24.783352, 1.665727, 151.433483
24.786238, 1.665727, 151.433483
24.790003, 1.665727, 151.433483
24.793193, 1.663178, 151.201757
24.797290, 1.665727, 151.433483
24.801225, 1.663178, 151.201757
24.805274, 1.663178, 151.201757
24.808916, 1.663178, 151.201757
24.811325, 1.663178, 151.201757
24.813944, 1.665727, 151.433483
24.816708, 1.665727, 151.433483
24.819585, 1.665727, 151.433483
24.822477, 1.663178, 151.201757
24.825658, 1.665727, 151.433483
24.828528, 1.663178, 151.201757
24.831519, 1.663178, 151.201757
24.834719, 1.663178, 151.201757
24.837318, 1.665727, 151.433483
24.840014, 1.665727, 151.433483
24.842574, 1.665727, 151.433483
24.844774, 1.665727, 151.433483
24.847391, 1.665727, 151.433483
24.850367, 1.663178, 151.201757
24.853400, 1.665727, 151.433483
24.857717, 1.665727, 151.433483
24.860189, 1.665727, 151.433483
24.862431, 1.663178, 151.201757
24.864816, 1.665727, 151.433483
24.867542, 1.665727, 151.433483
24.870464, 1.665727, 151.433483
24.873900, 1.665727, 151.433483
24.877226, 1.663178, 151.201757
24.880867, 1.663178, 151.201757
24.884951, 1.663178, 151.201757
24.898017, 1.665727, 151.433483
24.922073, 1.665727, 151.433483
24.946590, 1.665727, 151.433483
24.957315, 1.665727, 151.433483
24.961866, 1.665727, 151.433483
24.964809, 1.665727, 151.433483
24.967472, 1.665727, 151.433483
24.970368, 1.663178, 151.201757
24.976811, 1.663178, 151.201757
24.987209, 1.663178, 151.201757
24.990597, 1.663178, 151.201757
24.994020, 1.665727, 151.433483
24.999330, 1.665727, 151.433483
25.020916, 1.665727, 151.433483
25.043713, 1.663178, 151.201757
25.049647, 1.665727, 151.433483
25.053439, 1.663178, 151.201757
25.056423, 1.663178, 151.201757
25.058868, 1.663178, 151.201757
25.061212, 1.665727, 151.433483
25.063748, 1.665727, 151.433483
25.066591, 1.665727, 151.433483
25.069781, 1.665727, 151.433483
25.074449, 1.665727, 151.433483
25.079115, 1.665727, 151.433483
25.084585, 1.665727, 151.433483
25.091309, 1.665727, 151.433483
25.097482, 1.663178, 151.201757
25.100967, 1.665727, 151.433483
25.103449, 1.665727, 151.433483
25.106652, 1.665727, 151.433483
25.111301, 1.665727, 151.433483
25.115285, 1.665727, 151.433483
25.118447, 1.665727, 151.433483
25.121579, 1.665727, 151.433483
25.125037, 1.663178, 151.201757
25.128374, 1.663178, 151.201757
25.131634, 1.665727, 151.433483
25.134778, 1.665727, 151.433483
25.137948, 1.665727, 151.433483
25.141147, 1.665727, 151.433483
25.144374, 1.665727, 151.433483
25.147625, 1.665727, 151.433483
25.150283, 1.663178, 151.201757
25.152798, 1.663178, 151.201757
25.156178, 1.665727, 151.433483
25.160517, 1.663178, 151.201757
25.163882, 1.665727, 151.433483
25.166122, 1.665727, 151.433483
25.169906, 1.665727, 151.433483
25.173729, 1.665727, 151.433483
25.176990, 1.665727, 151.433483
25.179968, 1.663178, 151.201757
25.184740, 1.663178, 151.201757
25.189039, 1.663178, 151.201757
25.191509, 1.663178, 151.201757
25.194289, 1.665727, 151.433483
25.197180, 1.665727, 151.433483
25.200129, 1.665727, 151.433483
25.203077, 1.665727, 151.433483
25.206293, 1.665727, 151.433483
25.208549, 1.663178, 151.201757
25.210876, 1.663178, 151.201757
25.213513, 1.665727, 151.433483
25.216344, 1.665727, 151.433483
25.219289, 1.665727, 151.433483
25.222749, 1.665727, 151.433483
25.225615, 1.665727, 151.433483
25.228264, 1.665727, 151.433483
25.231347, 1.665727, 151.433483
25.234653, 1.665727, 151.433483
25.238002, 1.665727, 151.433483
25.241596, 1.665727, 151.433483
25.245149, 1.665727, 151.433483
25.248872, 1.665727, 151.433483
25.252600, 1.665727, 151.433483
25.256749, 1.665727, 151.433483
25.261238, 1.665727, 151.433483
25.265748, 1.665727, 151.433483
25.270114, 1.665727, 151.433483
25.274470, 1.665727, 151.433483
25.276793, 1.665727, 151.433483
25.280199, 1.663178, 151.201757
25.283815, 1.665727, 151.433483
25.287465, 1.665727, 151.433483
25.291249, 1.665727, 151.433483
25.294947, 1.665727, 151.433483
25.301802, 1.665727, 151.433483
25.308846, 1.665727, 151.433483
25.314374, 1.665727, 151.433483
25.319165, 1.665727, 151.433483
25.323787, 1.665727, 151.433483
25.329429, 1.665727, 151.433483
25.333864, 1.665727, 151.433483
25.338397, 1.665727, 151.433483
25.343516, 1.665727, 151.433483
25.347852, 1.665727, 151.433483
25.350391, 1.665727, 151.433483
25.355777, 1.665727, 151.433483
25.361311, 1.665727, 151.433483
25.366058, 1.663178, 151.201757
25.370251, 1.665727, 151.433483
25.374226, 1.665727, 151.433483
25.377985, 1.665727, 151.433483
25.381496, 1.665727, 151.433483
25.384986, 1.665727, 151.433483
25.388433, 1.665727, 151.433483
25.391870, 1.665727, 151.433483
25.395269, 1.665727, 151.433483
25.398625, 1.665727, 151.433483
25.401977, 1.665727, 151.433483
25.405810, 1.665727, 151.433483
25.409927, 1.665727, 151.433483
25.413855, 1.665727, 151.433483
25.417652, 1.665727, 151.433483
25.421272, 1.665727, 151.433483
25.424805, 1.663178, 151.201757
25.428376, 1.663178, 151.201757
25.431820, 1.663178, 151.201757
25.435466, 1.663178, 151.201757
25.439489, 1.665727, 151.433483
25.444960, 1.665727, 151.433483
25.451372, 1.665727, 151.433483
25.459130, 1.665727, 151.433483
25.462321, 1.665727, 151.433483
25.465710, 1.663178, 151.201757
25.468580, 1.663178, 151.201757
25.471639, 1.663178, 151.201757
25.474424, 1.663178, 151.201757
25.477175, 1.665727, 151.433483
25.480564, 1.665727, 151.433483
25.484267, 1.665727, 151.433483
25.488027, 1.665727, 151.433483
25.491834, 1.665727, 151.433483
25.494703, 1.665727, 151.433483
25.496948, 1.663178, 151.201757
25.500241, 1.663178, 151.201757
25.502473, 1.665727, 151.433483
25.505122, 1.665727, 151.433483
25.508247, 1.665727, 151.433483
25.511419, 1.665727, 151.433483
25.514667, 1.665727, 151.433483
25.518105, 1.665727, 151.433483
25.521511, 1.665727, 151.433483
25.525009, 1.663178, 151.201757
25.528570, 1.665727, 151.433483
25.532091, 1.665727, 151.433483
25.535518, 1.665727, 151.433483
25.539087, 1.665727, 151.433483
25.542674, 1.665727, 151.433483
25.546672, 1.665727, 151.433483
25.551810, 1.665727, 151.433483
25.556964, 1.665727, 151.433483
25.561509, 1.665727, 151.433483
25.565667, 1.663178, 151.201757
25.569499, 1.665727, 151.433483
25.572727, 1.665727, 151.433483
25.574877, 1.665727, 151.433483
25.577682, 1.665727, 151.433483
25.580873, 1.665727, 151.433483
25.584328, 1.665727, 151.433483
25.588046, 1.665727, 151.433483
25.591727, 1.663178, 151.201757
25.595406, 1.665727, 151.433483
25.599222, 1.665727, 151.433483
25.602964, 1.665727, 151.433483
25.606832, 1.665727, 151.433483
25.610872, 1.665727, 151.433483
25.614669, 1.665727, 151.433483
25.618261, 1.665727, 151.433483
25.621707, 1.665727, 151.433483
25.623855, 1.665727, 151.433483
25.626441, 1.665727, 151.433483
25.629447, 1.665727, 151.433483
25.632528, 1.665727, 151.433483
25.635734, 1.665727, 151.433483
25.638959, 1.665727, 151.433483
25.642267, 1.665727, 151.433483
25.645547, 1.665727, 151.433483
25.648818, 1.665727, 151.433483
25.652072, 1.665727, 151.433483
25.655371, 1.665727, 151.433483
25.658665, 1.663178, 151.201757
25.662206, 1.663178, 151.201757
25.665697, 1.665727, 151.433483
25.669325, 1.665727, 151.433483
25.673905, 1.665727, 151.433483
25.677058, 1.665727, 151.433483
25.679634, 1.665727, 151.433483
25.682131, 1.665727, 151.433483
25.684832, 1.665727, 151.433483
25.687903, 1.663178, 151.201757
25.690730, 1.665727, 151.433483
25.693940, 1.665727, 151.433483
25.698211, 1.663178, 151.201757
25.702707, 1.665727, 151.433483
25.708243, 1.665727, 151.433483
25.713411, 1.663178, 151.201757
25.718049, 1.665727, 151.433483
25.722402, 1.665727, 151.433483
25.726773, 1.663178, 151.201757
25.731275, 1.663178, 151.201757
25.735408, 1.663178, 151.201757
25.739594, 1.665727, 151.433483
25.743487, 1.668276, 151.665210
25.746675, 1.665727, 151.433483
25.749216, 1.665727, 151.433483
25.751837, 1.665727, 151.433483
25.757255, 1.665727, 151.433483
25.762010, 1.665727, 151.433483
25.765238, 1.665727, 151.433483
25.767847, 1.665727, 151.433483
25.770505, 1.665727, 151.433483
25.772827, 1.665727, 151.433483
25.776443, 1.665727, 151.433483
25.780639, 1.665727, 151.433483
25.784814, 1.665727, 151.433483
25.788815, 1.665727, 151.433483
25.792676, 1.663178, 151.201757
25.796543, 1.665727, 151.433483
25.800256, 1.665727, 151.433483
25.803867, 1.665727, 151.433483
25.808476, 1.665727, 151.433483
25.812949, 1.665727, 151.433483
25.817846, 1.665727, 151.433483
25.823303, 1.663178, 151.201757
25.827847, 1.663178, 151.201757
25.832097, 1.663178, 151.201757
25.836585, 1.665727, 151.433483
25.841032, 1.663178, 151.201757
25.845394, 1.665727, 151.433483
25.849754, 1.665727, 151.433483
25.853897, 1.665727, 151.433483
25.859485, 1.663178, 151.201757
25.864517, 1.665727, 151.433483
25.869843, 1.663178, 151.201757
25.872785, 1.663178, 151.201757
25.876501, 1.663178, 151.201757
25.881871, 1.665727, 151.433483
25.886176, 1.665727, 151.433483
25.890172, 1.665727, 151.433483
25.893988, 1.668276, 151.665210
25.898177, 1.665727, 151.433483
25.902253, 1.665727, 151.433483
25.906798, 1.665727, 151.433483
25.911642, 1.663178, 151.201757
25.916241, 1.663178, 151.201757
25.921121, 1.665727, 151.433483
25.925377, 1.665727, 151.433483
25.930339, 1.665727, 151.433483
25.934596, 1.665727, 151.433483
25.938794, 1.665727, 151.433483
25.943194, 1.665727, 151.433483
25.947236, 1.665727, 151.433483
25.951271, 1.665727, 151.433483
25.954843, 1.665727, 151.433483
25.958717, 1.665727, 151.433483
25.962732, 1.665727, 151.433483
25.967031, 1.665727, 151.433483
25.973378, 1.665727, 151.433483
25.980310, 1.665727, 151.433483
25.985951, 1.665727, 151.433483
25.989366, 1.663178, 151.201757
25.992865, 1.663178, 151.201757
25.996219, 1.665727, 151.433483
25.999759, 1.663178, 151.201757
26.003507, 1.665727, 151.433483
26.008342, 1.665727, 151.433483
26.020789, 1.665727, 151.433483
26.045082, 1.665727, 151.433483
26.062531, 1.665727, 151.433483
26.067327, 1.663178, 151.201757
26.070707, 1.663178, 151.201757
26.074220, 1.663178, 151.201757
26.077473, 1.663178, 151.201757
26.080580, 1.665727, 151.433483
26.083669, 1.665727, 151.433483
26.086828, 1.665727, 151.433483
26.090124, 1.665727, 151.433483
26.093678, 1.665727, 151.433483
26.098006, 1.665727, 151.433483
26.102806, 1.665727, 151.433483
26.107934, 1.665727, 151.433483
26.113212, 1.665727, 151.433483
26.120122, 1.665727, 151.433483
26.127495, 1.665727, 151.433483
26.134122, 1.665727, 151.433483
26.139461, 1.665727, 151.433483
26.141819, 1.665727, 151.433483
26.144416, 1.665727, 151.433483
26.147501, 1.665727, 151.433483
26.150543, 1.663178, 151.201757
26.153586, 1.665727, 151.433483
26.156848, 1.665727, 151.433483
26.160063, 1.668276, 151.665210
26.163107, 1.668276, 151.665210
26.166126, 1.665727, 151.433483
26.169863, 1.665727, 151.433483
26.173026, 1.665727, 151.433483
26.176109, 1.663178, 151.201757
26.179309, 1.663178, 151.201757
26.182423, 1.663178, 151.201757
26.185407, 1.665727, 151.433483
26.188968, 1.665727, 151.433483
26.191261, 1.665727, 151.433483
26.193475, 1.668276, 151.665210
26.195702, 1.665727, 151.433483
26.198633, 1.665727, 151.433483
26.201603, 1.665727, 151.433483
26.204725, 1.663178, 151.201757
26.207885, 1.663178, 151.201757
26.211016, 1.665727, 151.433483
26.214211, 1.665727, 151.433483
26.217498, 1.665727, 151.433483
26.220948, 1.665727, 151.433483
26.226819, 1.665727, 151.433483
26.232346, 1.665727, 151.433483
26.237800, 1.665727, 151.433483
26.243004, 1.665727, 151.433483
26.247072, 1.665727, 151.433483
26.251114, 1.665727, 151.433483
26.255646, 1.665727, 151.433483
26.260331, 1.665727, 151.433483
26.263887, 1.665727, 151.433483
26.266894, 1.665727, 151.433483
26.270812, 1.665727, 151.433483
26.274206, 1.663178, 151.201757
26.278031, 1.665727, 151.433483
26.282064, 1.665727, 151.433483
26.285902, 1.665727, 151.433483
26.290238, 1.665727, 151.433483
26.294092, 1.665727, 151.433483
26.297739, 1.665727, 151.433483
26.301558, 1.665727, 151.433483
26.305166, 1.665727, 151.433483
26.308833, 1.663178, 151.201757
26.312480, 1.663178, 151.201757
26.316110, 1.665727, 151.433483
26.319888, 1.663178, 151.201757
26.323605, 1.665727, 151.433483
26.327365, 1.665727, 151.433483
26.331056, 1.665727, 151.433483
26.335017, 1.665727, 151.433483
26.340497, 1.665727, 151.433483
26.346141, 1.665727, 151.433483
26.351232, 1.663178, 151.201757
26.355962, 1.663178, 151.201757
26.360745, 1.665727, 151.433483
26.364968, 1.665727, 151.433483
26.369295, 1.665727, 151.433483
26.373339, 1.665727, 151.433483
26.377647, 1.665727, 151.433483
26.383225, 1.665727, 151.433483
26.389128, 1.665727, 151.433483
26.395426, 1.665727, 151.433483
26.400886, 1.665727, 151.433483
26.406138, 1.668276, 151.665210
26.410774, 1.665727, 151.433483
26.415555, 1.665727, 151.433483
26.420095, 1.665727, 151.433483
26.424503, 1.665727, 151.433483
26.428325, 1.665727, 151.433483
26.432029, 1.665727, 151.433483
26.435565, 1.665727, 151.433483
26.439052, 1.665727, 151.433483
26.442447, 1.665727, 151.433483
26.445798, 1.665727, 151.433483
26.449258, 1.665727, 151.433483
26.453567, 1.665727, 151.433483
26.458482, 1.665727, 151.433483
26.461194, 1.665727, 151.433483
26.464527, 1.665727, 151.433483
26.469197, 1.663178, 151.201757
26.473694, 1.663178, 151.201757
26.477642, 1.665727, 151.433483
26.481345, 1.663178, 151.201757
26.485828, 1.665727, 151.433483
26.489970, 1.665727, 151.433483
26.497846, 1.665727, 151.433483
26.503928, 1.665727, 151.433483
26.510569, 1.665727, 151.433483
26.514962, 1.665727, 151.433483
26.519118, 1.663178, 151.201757
26.522969, 1.663178, 151.201757
26.526590, 1.665727, 151.433483
26.530036, 1.665727, 151.433483
26.533813, 1.665727, 151.433483
26.537211, 1.665727, 151.433483
26.540538, 1.665727, 151.433483
26.544034, 1.665727, 151.433483
26.547503, 1.665727, 151.433483
26.550885, 1.665727, 151.433483
26.554649, 1.665727, 151.433483
26.557639, 1.665727, 151.433483
26.559982, 1.665727, 151.433483
26.562901, 1.665727, 151.433483
26.566074, 1.665727, 151.433483
26.569381, 1.665727, 151.433483
26.572831, 1.663178, 151.201757
26.576891, 1.665727, 151.433483
26.582119, 1.665727, 151.433483
26.589604, 1.665727, 151.433483
26.597561, 1.665727, 151.433483
26.604380, 1.665727, 151.433483
26.610281, 1.665727, 151.433483
26.615426, 1.665727, 151.433483
26.619309, 1.665727, 151.433483
26.623035, 1.665727, 151.433483
26.626547, 1.663178, 151.201757
26.629872, 1.663178, 151.201757
26.634092, 1.663178, 151.201757
26.640513, 1.665727, 151.433483
26.645296, 1.665727, 151.433483
26.649442, 1.665727, 151.433483
26.653613, 1.665727, 151.433483
26.657437, 1.665727, 151.433483
26.661138, 1.665727, 151.433483
26.664869, 1.665727, 151.433483
26.668508, 1.663178, 151.201757
26.672220, 1.665727, 151.433483
26.675190, 1.665727, 151.433483
26.677601, 1.665727, 151.433483
26.680400, 1.665727, 151.433483
26.683665, 1.665727, 151.433483
26.686810, 1.665727, 151.433483
26.690648, 1.665727, 151.433483
26.694700, 1.665727, 151.433483
26.698739, 1.665727, 151.433483
26.702351, 1.665727, 151.433483
26.705945, 1.665727, 151.433483
26.709086, 1.665727, 151.433483
26.712410, 1.668276, 151.665210
26.715769, 1.668276, 151.665210
26.719288, 1.665727, 151.433483
26.722791, 1.665727, 151.433483
26.726103, 1.665727, 151.433483
26.729591, 1.665727, 151.433483
26.732792, 1.665727, 151.433483
26.735863, 1.665727, 151.433483
26.739312, 1.665727, 151.433483
26.742241, 1.665727, 151.433483
26.745138, 1.665727, 151.433483
26.748280, 1.665727, 151.433483
26.752289, 1.665727, 151.433483
26.755256, 1.665727, 151.433483
26.757987, 1.665727, 151.433483
26.762417, 1.665727, 151.433483
26.767381, 1.665727, 151.433483
26.773159, 1.665727, 151.433483
26.778744, 1.665727, 151.433483
26.782379, 1.665727, 151.433483
26.785546, 1.665727, 151.433483
26.788795, 1.665727, 151.433483
26.791985, 1.665727, 151.433483
26.794945, 1.665727, 151.433483
26.797844, 1.665727, 151.433483
26.800743, 1.668276, 151.665210
26.803577, 1.665727, 151.433483
26.806559, 1.665727, 151.433483
26.809382, 1.665727, 151.433483
26.812192, 1.665727, 151.433483
26.814965, 1.665727, 151.433483
26.817749, 1.665727, 151.433483
26.820685, 1.665727, 151.433483
26.823755, 1.665727, 151.433483
26.826571, 1.665727, 151.433483
26.829330, 1.668276, 151.665210
26.832317, 1.665727, 151.433483
26.835088, 1.668276, 151.665210
26.837945, 1.665727, 151.433483
26.841017, 1.668276, 151.665210
26.843957, 1.665727, 151.433483
26.846844, 1.665727, 151.433483
26.849689, 1.665727, 151.433483
26.852765, 1.665727, 151.433483
26.855827, 1.665727, 151.433483
26.858723, 1.665727, 151.433483
26.862590, 1.668276, 151.665210
26.866397, 1.668276, 151.665210
26.869452, 1.665727, 151.433483
26.873712, 1.668276, 151.665210
26.875974, 1.665727, 151.433483
26.878106, 1.665727, 151.433483
26.881737, 1.665727, 151.433483
26.885660, 1.665727, 151.433483
26.889558, 1.665727, 151.433483
26.893600, 1.665727, 151.433483
26.897511, 1.665727, 151.433483
26.901975, 1.668276, 151.665210
26.906302, 1.668276, 151.665210
26.909216, 1.668276, 151.665210
26.913068, 1.665727, 151.433483
26.915619, 1.665727, 151.433483
26.918415, 1.668276, 151.665210
26.922360, 1.665727, 151.433483
26.926242, 1.668276, 151.665210
26.929764, 1.668276, 151.665210
26.933111, 1.668276, 151.665210
26.936961, 1.668276, 151.665210
26.941210, 1.668276, 151.665210
26.944744, 1.668276, 151.665210
26.948027, 1.665727, 151.433483
26.951620, 1.668276, 151.665210
26.954124, 1.668276, 151.665210
26.956776, 1.670825, 151.896936
26.962272, 1.670825, 151.896936
26.968791, 1.668276, 151.665210
26.975395, 1.668276, 151.665210
26.981002, 1.668276, 151.665210
26.985727, 1.665727, 151.433483
26.989185, 1.665727, 151.433483
26.993178, 1.668276, 151.665210
26.997031, 1.668276, 151.665210
27.001035, 1.670825, 151.896936
27.004880, 1.670825, 151.896936
27.009106, 1.668276, 151.665210
27.013531, 1.668276, 151.665210
27.017553, 1.665727, 151.433483
27.022451, 1.665727, 151.433483
27.027443, 1.665727, 151.433483
27.029964, 1.668276, 151.665210
27.033380, 1.670825, 151.896936
27.036949, 1.668276, 151.665210
27.041217, 1.670825, 151.896936
27.047148, 1.668276, 151.665210
27.053448, 1.668276, 151.665210
27.057121, 1.665727, 151.433483
27.059503, 1.665727, 151.433483
27.062510, 1.665727, 151.433483
27.065628, 1.668276, 151.665210
27.068124, 1.668276, 151.665210
27.070730, 1.670825, 151.896936
27.074503, 1.670825, 151.896936
27.077550, 1.668276, 151.665210
27.081238, 1.668276, 151.665210
27.097575, 1.665727, 151.433483
27.127025, 1.668276, 151.665210
27.155930, 1.668276, 151.665210
27.172513, 1.670825, 151.896936
27.177741, 1.670825, 151.896936
27.181750, 1.670825, 151.896936
27.184991, 1.670825, 151.896936
27.189221, 1.670825, 151.896936
27.194102, 1.668276, 151.665210
27.199403, 1.668276, 151.665210
27.204467, 1.668276, 151.665210
27.209695, 1.668276, 151.665210
27.213265, 1.670825, 151.896936
27.216450, 1.668276, 151.665210
27.220926, 1.670825, 151.896936
27.226191, 1.670825, 151.896936
27.232117, 1.670825, 151.896936
27.239032, 1.670825, 151.896936
27.243571, 1.668276, 151.665210
27.247040, 1.665727, 151.433483
27.251391, 1.668276, 151.665210
27.254680, 1.668276, 151.665210
27.259797, 1.668276, 151.665210
27.266506, 1.668276, 151.665210
27.273474, 1.668276, 151.665210
27.279031, 1.668276, 151.665210
27.284281, 1.668276, 151.665210
27.289634, 1.668276, 151.665210
27.295368, 1.668276, 151.665210
27.299873, 1.668276, 151.665210
27.303728, 1.668276, 151.665210
27.307565, 1.670825, 151.896936
27.311259, 1.670825, 151.896936
27.315051, 1.668276, 151.665210
27.318526, 1.670825, 151.896936
27.321554, 1.670825, 151.896936
27.342423, 1.668276, 151.665210
27.368165, 1.668276, 151.665210
27.392678, 1.668276, 151.665210
27.414865, 1.668276, 151.665210
27.436544, 1.668276, 151.665210
27.443035, 1.670825, 151.896936
27.447453, 1.670825, 151.896936
27.450242, 1.670825, 151.896936
27.454008, 1.670825, 151.896936
27.457701, 1.668276, 151.665210
27.462979, 1.668276, 151.665210
27.468027, 1.668276, 151.665210
27.472770, 1.668276, 151.665210
27.477012, 1.670825, 151.896936
27.481006, 1.670825, 151.896936
27.485063, 1.670825, 151.896936
27.488849, 1.670825, 151.896936
27.492876, 1.668276, 151.665210
27.497058, 1.670825, 151.896936
27.500782, 1.668276, 151.665210
27.504582, 1.668276, 151.665210
27.508220, 1.668276, 151.665210
27.511982, 1.668276, 151.665210
27.515496, 1.670825, 151.896936
27.519445, 1.670825, 151.896936
27.524992, 1.670825, 151.896936
27.530116, 1.668276, 151.665210
27.534985, 1.670825, 151.896936
27.539108, 1.668276, 151.665210
27.543261, 1.668276, 151.665210
27.547482, 1.665727, 151.433483
27.551888, 1.668276, 151.665210
27.556405, 1.670825, 151.896936
27.561043, 1.670825, 151.896936
27.566558, 1.670825, 151.896936
27.571061, 1.670825, 151.896936
27.575567, 1.668276, 151.665210
27.579605, 1.668276, 151.665210
27.585006, 1.668276, 151.665210
27.590033, 1.668276, 151.665210
27.595744, 1.668276, 151.665210
27.599836, 1.670825, 151.896936
27.603877, 1.670825, 151.896936
27.608205, 1.670825, 151.896936
27.612485, 1.670825, 151.896936
27.617213, 1.670825, 151.896936
27.623226, 1.670825, 151.896936
27.625735, 1.668276, 151.665210
27.628322, 1.668276, 151.665210
27.631158, 1.670825, 151.896936
27.634314, 1.670825, 151.896936
27.636485, 1.670825, 151.896936
27.640138, 1.670825, 151.896936
27.644917, 1.670825, 151.896936
27.650059, 1.668276, 151.665210
27.654024, 1.668276, 151.665210
27.657988, 1.665727, 151.433483
27.661702, 1.668276, 151.665210
27.665926, 1.670825, 151.896936
27.669635, 1.670825, 151.896936
27.673995, 1.670825, 151.896936
27.677851, 1.670825, 151.896936
27.681518, 1.670825, 151.896936
27.685811, 1.668276, 151.665210
27.690589, 1.668276, 151.665210
27.695362, 1.668276, 151.665210
27.700525, 1.668276, 151.665210
27.703887, 1.670825, 151.896936
27.708958, 1.668276, 151.665210
27.713575, 1.670825, 151.896936
27.717760, 1.670825, 151.896936
27.721530, 1.670825, 151.896936
27.725377, 1.668276, 151.665210
27.728676, 1.668276, 151.665210
27.733069, 1.670825, 151.896936
27.736509, 1.668276, 151.665210
27.739779, 1.670825, 151.896936
27.743201, 1.670825, 151.896936
27.746580, 1.670825, 151.896936
27.749885, 1.670825, 151.896936
27.753193, 1.670825, 151.896936
27.756377, 1.668276, 151.665210
27.759497, 1.668276, 151.665210
27.762521, 1.668276, 151.665210
27.765541, 1.668276, 151.665210
27.768770, 1.670825, 151.896936
27.771836, 1.670825, 151.896936
27.774924, 1.670825, 151.896936
27.777835, 1.668276, 151.665210
27.780809, 1.670825, 151.896936
27.783737, 1.670825, 151.896936
27.787066, 1.670825, 151.896936
27.790250, 1.668276, 151.665210
27.793229, 1.668276, 151.665210
27.796069, 1.668276, 151.665210
27.799152, 1.668276, 151.665210
27.802797, 1.668276, 151.665210
27.805841, 1.670825, 151.896936
27.808713, 1.670825, 151.896936
27.812288, 1.670825, 151.896936
27.815350, 1.670825, 151.896936
27.818280, 1.668276, 151.665210
27.821047, 1.668276, 151.665210
27.823200, 1.668276, 151.665210
27.826006, 1.668276, 151.665210
27.829248, 1.670825, 151.896936
27.832647, 1.670825, 151.896936
27.836017, 1.670825, 151.896936
27.839389, 1.670825, 151.896936
27.842856, 1.670825, 151.896936
27.846244, 1.668276, 151.665210
27.849582, 1.668276, 151.665210
27.852975, 1.668276, 151.665210
27.856392, 1.670825, 151.896936
27.859790, 1.670825, 151.896936
27.863366, 1.670825, 151.896936
27.866702, 1.670825, 151.896936
27.869966, 1.670825, 151.896936
27.873363, 1.670825, 151.896936
27.877112, 1.670825, 151.896936
27.881028, 1.668276, 151.665210
27.884678, 1.668276, 151.665210
27.888173, 1.670825, 151.896936
27.891575, 1.670825, 151.896936
27.894830, 1.670825, 151.896936
27.898063, 1.670825, 151.896936
27.901189, 1.670825, 151.896936
27.904371, 1.670825, 151.896936
27.907483, 1.668276, 151.665210
27.910547, 1.668276, 151.665210
27.913715, 1.668276, 151.665210
27.916757, 1.668276, 151.665210
27.919778, 1.668276, 151.665210
27.923081, 1.670825, 151.896936
27.926255, 1.670825, 151.896936
27.929279, 1.670825, 151.896936
27.932438, 1.668276, 151.665210
27.935537, 1.668276, 151.665210
27.938620, 1.668276, 151.665210
27.941779, 1.668276, 151.665210
27.946528, 1.668276, 151.665210
27.951934, 1.670825, 151.896936
27.958028, 1.670825, 151.896936
27.961293, 1.670825, 151.896936
27.964220, 1.670825, 151.896936
27.966987, 1.670825, 151.896936
27.969952, 1.670825, 151.896936
27.973053, 1.668276, 151.665210
27.976690, 1.668276, 151.665210
27.980269, 1.670825, 151.896936
27.983730, 1.668276, 151.665210
27.987194, 1.670825, 151.896936
27.990757, 1.670825, 151.896936
27.994386, 1.670825, 151.896936
27.998573, 1.670825, 151.896936
28.001867, 1.670825, 151.896936
28.005723, 1.668276, 151.665210
28.009323, 1.668276, 151.665210
28.012704, 1.670825, 151.896936
28.016185, 1.670825, 151.896936
28.019600, 1.670825, 151.896936
28.023008, 1.670825, 151.896936
28.025885, 1.670825, 151.896936
28.028066, 1.668276, 151.665210
28.030611, 1.668276, 151.665210
28.033386, 1.668276, 151.665210
28.036419, 1.668276, 151.665210
28.038512, 1.668276, 151.665210
28.041086, 1.670825, 151.896936
28.043783, 1.668276, 151.665210
28.046855, 1.670825, 151.896936
28.049702, 1.670825, 151.896936
28.052510, 1.670825, 151.896936
28.055544, 1.668276, 151.665210
28.058551, 1.668276, 151.665210
28.061352, 1.668276, 151.665210
28.064182, 1.668276, 151.665210
28.067243, 1.670825, 151.896936
28.070081, 1.670825, 151.896936
28.073056, 1.670825, 151.896936
28.076006, 1.670825, 151.896936
28.078799, 1.670825, 151.896936
28.081574, 1.670825, 151.896936
28.084396, 1.670825, 151.896936
28.087372, 1.668276, 151.665210
28.090302, 1.670825, 151.896936
28.094039, 1.670825, 151.896936
28.096244, 1.670825, 151.896936
28.098434, 1.670825, 151.896936
28.100611, 1.670825, 151.896936
28.104249, 1.670825, 151.896936
28.114013, 1.670825, 151.896936
28.123300, 1.670825, 151.896936
28.134051, 1.670825, 151.896936
28.146155, 1.670825, 151.896936
28.151882, 1.670825, 151.896936
28.154549, 1.670825, 151.896936
28.157578, 1.670825, 151.896936
28.160944, 1.670825, 151.896936
28.164248, 1.670825, 151.896936
28.167747, 1.670825, 151.896936
28.171587, 1.668276, 151.665210
28.175096, 1.668276, 151.665210
28.178086, 1.668276, 151.665210
28.181118, 1.668276, 151.665210
28.184566, 1.668276, 151.665210
28.187940, 1.670825, 151.896936
28.192177, 1.670825, 151.896936
28.195867, 1.668276, 151.665210
28.199388, 1.670825, 151.896936
28.202638, 1.670825, 151.896936
28.206073, 1.668276, 151.665210
28.209532, 1.668276, 151.665210
28.213240, 1.670825, 151.896936
28.216684, 1.670825, 151.896936
28.220055, 1.670825, 151.896936
28.223575, 1.670825, 151.896936
28.227582, 1.670825, 151.896936
28.231077, 1.670825, 151.896936
28.235366, 1.668276, 151.665210
28.239052, 1.668276, 151.665210
28.242466, 1.668276, 151.665210
28.246701, 1.670825, 151.896936
28.251021, 1.670825, 151.896936
28.256453, 1.670825, 151.896936
28.263883, 1.670825, 151.896936
28.270685, 1.670825, 151.896936
28.276498, 1.670825, 151.896936
28.281716, 1.670825, 151.896936
28.284098, 1.668276, 151.665210
28.288637, 1.670825, 151.896936
28.294324, 1.668276, 151.665210
28.304551, 1.670825, 151.896936
28.332822, 1.670825, 151.896936
28.359309, 1.670825, 151.896936
28.382358, 1.670825, 151.896936
28.389873, 1.670825, 151.896936
28.393671, 1.668276, 151.665210
28.396679, 1.665727, 151.433483
28.399248, 1.668276, 151.665210
28.401678, 1.668276, 151.665210
28.404349, 1.670825, 151.896936
28.407358, 1.670825, 151.896936
28.410463, 1.673374, 152.128662
28.413859, 1.670825, 151.896936
28.417798, 1.670825, 151.896936
28.421895, 1.670825, 151.896936
28.426255, 1.668276, 151.665210
28.430772, 1.668276, 151.665210
28.435290, 1.668276, 151.665210
28.442480, 1.670825, 151.896936
28.451197, 1.670825, 151.896936
28.458731, 1.670825, 151.896936
28.468631, 1.670825, 151.896936
28.480356, 1.670825, 151.896936
28.491452, 1.668276, 151.665210
28.497058, 1.665727, 151.433483
28.502561, 1.670825, 151.896936
28.510132, 1.670825, 151.896936
28.515869, 1.670825, 151.896936
28.520416, 1.670825, 151.896936
28.525155, 1.670825, 151.896936
28.530688, 1.670825, 151.896936
28.535239, 1.670825, 151.896936
28.540664, 1.668276, 151.665210
28.544774, 1.668276, 151.665210
28.547515, 1.668276, 151.665210
28.550565, 1.670825, 151.896936
28.553956, 1.670825, 151.896936
28.559140, 1.670825, 151.896936
28.565946, 1.670825, 151.896936
28.572551, 1.670825, 151.896936
28.578864, 1.670825, 151.896936
28.584231, 1.670825, 151.896936
28.589437, 1.668276, 151.665210
28.595820, 1.670825, 151.896936
28.620654, 1.668276, 151.665210
28.644925, 1.670825, 151.896936
28.673809, 1.670825, 151.896936
28.701573, 1.670825, 151.896936
28.731734, 1.670825, 151.896936
28.740848, 1.670825, 151.896936
28.744845, 1.668276, 151.665210
28.748085, 1.668276, 151.665210
28.752421, 1.670825, 151.896936
28.759190, 1.670825, 151.896936
28.765761, 1.670825, 151.896936
28.771087, 1.670825, 151.896936
28.775718, 1.670825, 151.896936
28.779826, 1.670825, 151.896936
28.783400, 1.670825, 151.896936
28.786795, 1.670825, 151.896936
28.790561, 1.668276, 151.665210
28.793815, 1.668276, 151.665210
28.796936, 1.670825, 151.896936
28.800121, 1.670825, 151.896936
28.803079, 1.670825, 151.896936
28.806121, 1.670825, 151.896936
28.809247, 1.673374, 152.128662
28.812328, 1.670825, 151.896936
28.815346, 1.670825, 151.896936
28.818369, 1.670825, 151.896936
28.822250, 1.670825, 151.896936
28.824585, 1.670825, 151.896936
28.827248, 1.670825, 151.896936
28.830738, 1.670825, 151.896936
28.834258, 1.673374, 152.128662
28.847454, 1.670825, 151.896936
28.873466, 1.670825, 151.896936
28.889108, 1.670825, 151.896936
28.893894, 1.670825, 151.896936
28.896862, 1.668276, 151.665210
28.899283, 1.668276, 151.665210
28.902434, 1.670825, 151.896936
28.904845, 1.670825, 151.896936
28.907346, 1.670825, 151.896936
28.910204, 1.670825, 151.896936
28.913367, 1.670825, 151.896936
28.917420, 1.670825, 151.896936
28.921071, 1.670825, 151.896936
28.924921, 1.668276, 151.665210
28.928559, 1.670825, 151.896936
28.932298, 1.670825, 151.896936
28.936138, 1.670825, 151.896936
28.940684, 1.670825, 151.896936
28.945852, 1.673374, 152.128662
28.950688, 1.673374, 152.128662
28.954887, 1.670825, 151.896936
28.958686, 1.670825, 151.896936
28.962999, 1.670825, 151.896936
28.967714, 1.670825, 151.896936
28.972925, 1.668276, 151.665210
28.979194, 1.670825, 151.896936
28.984860, 1.673374, 152.128662
28.990163, 1.673374, 152.128662
28.994579, 1.670825, 151.896936
28.999201, 1.670825, 151.896936
29.003678, 1.670825, 151.896936
29.008104, 1.670825, 151.896936
29.010740, 1.670825, 151.896936
29.013048, 1.670825, 151.896936
29.015707, 1.670825, 151.896936
29.018836, 1.673374, 152.128662
29.032465, 1.673374, 152.128662
29.057524, 1.673374, 152.128662
29.082118, 1.670825, 151.896936
29.108200, 1.670825, 151.896936
29.114381, 1.670825, 151.896936
29.117965, 1.670825, 151.896936
29.121035, 1.670825, 151.896936
29.123444, 1.670825, 151.896936
29.125741, 1.670825, 151.896936
29.127947, 1.670825, 151.896936
29.130083, 1.670825, 151.896936
29.132910, 1.670825, 151.896936
29.135785, 1.670825, 151.896936
29.139093, 1.670825, 151.896936
29.142248, 1.670825, 151.896936
29.145340, 1.670825, 151.896936
29.148450, 1.670825, 151.896936
29.151624, 1.673374, 152.128662
29.154772, 1.673374, 152.128662
29.158059, 1.673374, 152.128662
29.161457, 1.670825, 151.896936
29.164857, 1.670825, 151.896936
29.168210, 1.670825, 151.896936
29.171602, 1.670825, 151.896936
29.174980, 1.670825, 151.896936
29.178346, 1.670825, 151.896936
29.182120, 1.670825, 151.896936
29.185769, 1.673374, 152.128662
29.189297, 1.670825, 151.896936
29.192902, 1.673374, 152.128662
29.196330, 1.673374, 152.128662
29.199638, 1.670825, 151.896936
29.203079, 1.670825, 151.896936
29.206499, 1.670825, 151.896936
29.209918, 1.673374, 152.128662
29.213295, 1.673374, 152.128662
29.216567, 1.670825, 151.896936
29.219750, 1.670825, 151.896936
29.223070, 1.670825, 151.896936
29.226312, 1.670825, 151.896936
29.228885, 1.670825, 151.896936
29.231575, 1.670825, 151.896936
29.234385, 1.670825, 151.896936
29.237451, 1.670825, 151.896936
29.241251, 1.670825, 151.896936
29.249488, 1.670825, 151.896936
29.271879, 1.673374, 152.128662
29.296565, 1.670825, 151.896936
29.320461, 1.673374, 152.128662
29.340470, 1.670825, 151.896936
29.346445, 1.670825, 151.896936
29.349979, 1.670825, 151.896936
29.352904, 1.670825, 151.896936
29.355696, 1.670825, 151.896936
29.358105, 1.670825, 151.896936
29.360693, 1.670825, 151.896936
29.363372, 1.670825, 151.896936
29.366491, 1.670825, 151.896936
29.370948, 1.670825, 151.896936
29.376271, 1.670825, 151.896936
29.395817, 1.670825, 151.896936
29.417400, 1.670825, 151.896936
29.423269, 1.673374, 152.128662
29.426925, 1.670825, 151.896936
29.429997, 1.673374, 152.128662
29.432716, 1.673374, 152.128662
29.435052, 1.673374, 152.128662
29.437546, 1.670825, 151.896936
29.440308, 1.673374, 152.128662
29.443938, 1.670825, 151.896936
29.446959, 1.670825, 151.896936
29.449957, 1.673374, 152.128662
29.453080, 1.670825, 151.896936
29.456331, 1.673374, 152.128662
29.459611, 1.670825, 151.896936
29.462984, 1.670825, 151.896936
29.466396, 1.670825, 151.896936
29.469788, 1.670825, 151.896936
29.473118, 1.670825, 151.896936
29.476601, 1.670825, 151.896936
29.480034, 1.673374, 152.128662
29.482214, 1.673374, 152.128662
29.484578, 1.673374, 152.128662
29.487359, 1.673374, 152.128662
29.490403, 1.670825, 151.896936
29.493199, 1.673374, 152.128662
29.496226, 1.670825, 151.896936
29.499103, 1.670825, 151.896936
29.501931, 1.673374, 152.128662
29.504832, 1.670825, 151.896936
29.507711, 1.670825, 151.896936
29.510645, 1.673374, 152.128662
29.513569, 1.673374, 152.128662
29.518260, 1.673374, 152.128662
29.521252, 1.673374, 152.128662
29.526509, 1.670825, 151.896936
29.533535, 1.673374, 152.128662
29.548011, 1.673374, 152.128662
29.574550, 1.673374, 152.128662
29.596140, 1.673374, 152.128662
29.619628, 1.673374, 152.128662
29.625542, 1.673374, 152.128662
29.629296, 1.673374, 152.128662
29.631965, 1.673374, 152.128662
29.634374, 1.670825, 151.896936
29.636636, 1.673374, 152.128662
29.640563, 1.673374, 152.128662
29.642654, 1.673374, 152.128662
29.644945, 1.673374, 152.128662
29.647459, 1.673374, 152.128662
29.650183, 1.673374, 152.128662
29.653443, 1.673374, 152.128662
29.656330, 1.673374, 152.128662
29.659821, 1.673374, 152.128662
29.662532, 1.673374, 152.128662
29.664883, 1.673374, 152.128662
29.667772, 1.673374, 152.128662
29.670228, 1.673374, 152.128662
29.672801, 1.673374, 152.128662
29.675457, 1.673374, 152.128662
29.678220, 1.673374, 152.128662
29.680889, 1.673374, 152.128662
29.683419, 1.673374, 152.128662
29.686040, 1.673374, 152.128662
29.688784, 1.673374, 152.128662
29.691585, 1.673374, 152.128662
29.694582, 1.673374, 152.128662
29.697627, 1.673374, 152.128662
29.701355, 1.673374, 152.128662
29.703941, 1.673374, 152.128662
29.706520, 1.675922, 152.360389
29.709184, 1.673374, 152.128662
29.711956, 1.673374, 152.128662
29.714854, 1.673374, 152.128662
29.717713, 1.673374, 152.128662
29.720889, 1.675922, 152.360389
29.723883, 1.675922, 152.360389
29.726758, 1.675922, 152.360389
29.729626, 1.673374, 152.128662
29.732573, 1.673374, 152.128662
29.735434, 1.673374, 152.128662
29.738381, 1.673374, 152.128662
29.741296, 1.673374, 152.128662
29.744389, 1.673374, 152.128662
29.747415, 1.673374, 152.128662
29.750359, 1.673374, 152.128662
29.753374, 1.675922, 152.360389
29.756514, 1.675922, 152.360389
29.759541, 1.675922, 152.360389
29.762093, 1.673374, 152.128662
29.764517, 1.673374, 152.128662
29.767250, 1.673374, 152.128662
29.770264, 1.673374, 152.128662
29.775441, 1.673374, 152.128662
29.781135, 1.673374, 152.128662
29.786011, 1.673374, 152.128662
29.790770, 1.675922, 152.360389
29.795194, 1.673374, 152.128662
29.799320, 1.673374, 152.128662
29.802326, 1.673374, 152.128662
29.804522, 1.673374, 152.128662
29.807940, 1.673374, 152.128662
29.811722, 1.673374, 152.128662
29.814686, 1.673374, 152.128662
29.817129, 1.675922, 152.360389
29.819563, 1.675922, 152.360389
29.822212, 1.675922, 152.360389
29.825146, 1.675922, 152.360389
29.830018, 1.675922, 152.360389
29.834996, 1.675922, 152.360389
29.839508, 1.673374, 152.128662
29.843372, 1.675922, 152.360389
29.847229, 1.675922, 152.360389
29.850601, 1.675922, 152.360389
29.852540, 1.675922, 152.360389
29.855186, 1.675922, 152.360389
29.858056, 1.675922, 152.360389
29.860624, 1.675922, 152.360389
29.863323, 1.673374, 152.128662
29.866150, 1.675922, 152.360389
29.869110, 1.673374, 152.128662
29.872741, 1.675922, 152.360389
29.875705, 1.675922, 152.360389
29.878678, 1.675922, 152.360389
29.881580, 1.675922, 152.360389
29.884481, 1.675922, 152.360389
29.887439, 1.673374, 152.128662
29.891158, 1.675922, 152.360389
29.893975, 1.673374, 152.128662
29.896742, 1.675922, 152.360389
29.899663, 1.673374, 152.128662
29.902598, 1.675922, 152.360389
29.906495, 1.675922, 152.360389
29.910264, 1.675922, 152.360389
29.916403, 1.675922, 152.360389
29.920110, 1.673374, 152.128662
29.922754, 1.673374, 152.128662
29.925166, 1.675922, 152.360389
29.927689, 1.675922, 152.360389
29.930391, 1.675922, 152.360389
29.933056, 1.675922, 152.360389
29.935776, 1.675922, 152.360389
29.939235, 1.675922, 152.360389
29.941812, 1.675922, 152.360389
29.944418, 1.675922, 152.360389
29.947088, 1.675922, 152.360389
29.950685, 1.673374, 152.128662
29.953455, 1.675922, 152.360389
29.956539, 1.675922, 152.360389
29.959765, 1.675922, 152.360389
29.964455, 1.675922, 152.360389
29.984734, 1.675922, 152.360389
30.011983, 1.675922, 152.360389
30.031646, 1.675922, 152.360389
30.036648, 1.673374, 152.128662
30.040648, 1.673374, 152.128662
30.044585, 1.675922, 152.360389
30.049108, 1.675922, 152.360389
30.054451, 1.675922, 152.360389
30.058979, 1.675922, 152.360389
30.064254, 1.675922, 152.360389
30.068891, 1.675922, 152.360389
30.073699, 1.673374, 152.128662
30.077375, 1.673374, 152.128662
30.081013, 1.673374, 152.128662
30.084499, 1.673374, 152.128662
30.087912, 1.673374, 152.128662
30.091515, 1.673374, 152.128662
30.094638, 1.675922, 152.360389
30.097678, 1.675922, 152.360389
30.101016, 1.675922, 152.360389
30.104262, 1.675922, 152.360389
30.107347, 1.675922, 152.360389
30.110370, 1.675922, 152.360389
30.114439, 1.673374, 152.128662
30.116969, 1.675922, 152.360389
30.119434, 1.675922, 152.360389
30.122866, 1.675922, 152.360389
30.128385, 1.675922, 152.360389
30.132619, 1.675922, 152.360389
30.136529, 1.675922, 152.360389
30.140399, 1.673374, 152.128662
30.143124, 1.675922, 152.360389
30.146394, 1.675922, 152.360389
30.150777, 1.675922, 152.360389
30.155339, 1.675922, 152.360389
30.158759, 1.675922, 152.360389
30.162440, 1.675922, 152.360389
30.166019, 1.675922, 152.360389
30.170140, 1.675922, 152.360389
30.174142, 1.675922, 152.360389
30.176690, 1.675922, 152.360389
30.179832, 1.673374, 152.128662
30.185797, 1.675922, 152.360389
30.191340, 1.675922, 152.360389
30.197107, 1.675922, 152.360389
30.202852, 1.675922, 152.360389
30.207739, 1.675922, 152.360389
30.212448, 1.675922, 152.360389
30.217189, 1.673374, 152.128662
30.221637, 1.673374, 152.128662
30.225862, 1.673374, 152.128662
30.229929, 1.673374, 152.128662
30.234053, 1.673374, 152.128662
30.238689, 1.673374, 152.128662
30.243495, 1.675922, 152.360389
30.248145, 1.675922, 152.360389
30.252740, 1.675922, 152.360389
30.258283, 1.675922, 152.360389
30.263441, 1.673374, 152.128662
30.266417, 1.673374, 152.128662
30.269250, 1.673374, 152.128662
30.273242, 1.673374, 152.128662
30.283229, 1.673374, 152.128662
30.313742, 1.675922, 152.360389
30.341531, 1.675922, 152.360389
30.368925, 1.675922, 152.360389
30.395909, 1.675922, 152.360389
30.416396, 1.675922, 152.360389
30.422090, 1.673374, 152.128662
30.426036, 1.675922, 152.360389
30.429155, 1.675922, 152.360389
30.431918, 1.675922, 152.360389
30.434414, 1.675922, 152.360389
30.437033, 1.675922, 152.360389
30.440389, 1.675922, 152.360389
30.444361, 1.673374, 152.128662
30.447400, 1.673374, 152.128662
30.450282, 1.673374, 152.128662
30.453474, 1.675922, 152.360389
30.456766, 1.675922, 152.360389
30.459720, 1.675922, 152.360389
30.462735, 1.675922, 152.360389
30.465862, 1.675922, 152.360389
30.468882, 1.675922, 152.360389
30.472271, 1.673374, 152.128662
30.476143, 1.675922, 152.360389
30.479241, 1.673374, 152.128662
30.482699, 1.673374, 152.128662
30.485823, 1.673374, 152.128662
30.489009, 1.675922, 152.360389
30.492138, 1.675922, 152.360389
30.495328, 1.675922, 152.360389
30.498408, 1.675922, 152.360389
30.503823, 1.673374, 152.128662
30.511011, 1.673374, 152.128662
30.527624, 1.673374, 152.128662
30.556542, 1.673374, 152.128662
30.583175, 1.673374, 152.128662
30.604331, 1.673374, 152.128662
30.609860, 1.673374, 152.128662
30.613949, 1.673374, 152.128662
30.616725, 1.673374, 152.128662
30.619123, 1.675922, 152.360389
30.621767, 1.673374, 152.128662
30.625520, 1.673374, 152.128662
30.628982, 1.675922, 152.360389
30.632965, 1.675922, 152.360389
30.636455, 1.675922, 152.360389
30.639541, 1.675922, 152.360389
30.642339, 1.675922, 152.360389
30.645162, 1.673374, 152.128662
30.648007, 1.673374, 152.128662
30.650794, 1.673374, 152.128662
30.653638, 1.673374, 152.128662
30.657860, 1.673374, 152.128662
30.660138, 1.675922, 152.360389
30.662488, 1.675922, 152.360389
30.665310, 1.675922, 152.360389
30.668341, 1.675922, 152.360389
30.671366, 1.675922, 152.360389
30.674630, 1.675922, 152.360389
30.677724, 1.675922, 152.360389
30.682044, 1.673374, 152.128662
30.687943, 1.673374, 152.128662
30.706169, 1.673374, 152.128662
30.734856, 1.673374, 152.128662
30.767732, 1.673374, 152.128662
30.778448, 1.673374, 152.128662
30.782234, 1.673374, 152.128662
30.785511, 1.673374, 152.128662
30.787931, 1.673374, 152.128662
30.790467, 1.675922, 152.360389
30.793267, 1.673374, 152.128662
30.797476, 1.675922, 152.360389
30.802038, 1.675922, 152.360389
30.806743, 1.675922, 152.360389
30.810700, 1.675922, 152.360389
30.814326, 1.675922, 152.360389
30.818471, 1.675922, 152.360389
30.823841, 1.675922, 152.360389
30.828726, 1.673374, 152.128662
30.831150, 1.675922, 152.360389
30.833769, 1.673374, 152.128662
30.836769, 1.675922, 152.360389
30.840721, 1.675922, 152.360389
30.842951, 1.675922, 152.360389
30.845283, 1.675922, 152.360389
30.847992, 1.675922, 152.360389
30.851198, 1.675922, 152.360389
30.857605, 1.675922, 152.360389
30.881743, 1.673374, 152.128662
30.902224, 1.673374, 152.128662
30.907450, 1.675922, 152.360389
30.910707, 1.675922, 152.360389
30.913583, 1.675922, 152.360389
30.915986, 1.675922, 152.360389
30.918213, 1.675922, 152.360389
30.920658, 1.673374, 152.128662
30.923358, 1.673374, 152.128662
30.926119, 1.673374, 152.128662
30.928776, 1.673374, 152.128662
30.931528, 1.673374, 152.128662
30.934643, 1.673374, 152.128662
30.938596, 1.675922, 152.360389
30.941524, 1.675922, 152.360389
30.944372, 1.675922, 152.360389
30.947252, 1.675922, 152.360389
30.950053, 1.675922, 152.360389
30.952877, 1.673374, 152.128662
30.956101, 1.673374, 152.128662
30.959070, 1.673374, 152.128662
30.961911, 1.673374, 152.128662
30.964949, 1.675922, 152.360389
30.967878, 1.675922, 152.360389
30.970774, 1.675922, 152.360389
30.973714, 1.675922, 152.360389
30.977574, 1.675922, 152.360389
30.980362, 1.675922, 152.360389
30.983258, 1.673374, 152.128662
30.986573, 1.675922, 152.360389
30.989997, 1.675922, 152.360389
30.993018, 1.675922, 152.360389
30.995790, 1.675922, 152.360389
30.998579, 1.675922, 152.360389
31.001559, 1.675922, 152.360389
31.004447, 1.673374, 152.128662
31.007515, 1.673374, 152.128662
31.010352, 1.675922, 152.360389
31.013209, 1.675922, 152.360389
31.016055, 1.675922, 152.360389
31.018986, 1.675922, 152.360389
31.021869, 1.675922, 152.360389
31.024770, 1.675922, 152.360389
31.027671, 1.675922, 152.360389
31.030541, 1.673374, 152.128662
31.033352, 1.673374, 152.128662
31.036205, 1.673374, 152.128662
31.039339, 1.675922, 152.360389
31.042101, 1.673374, 152.128662
31.044882, 1.675922, 152.360389
31.048527, 1.675922, 152.360389
31.051320, 1.675922, 152.360389
31.054091, 1.675922, 152.360389
31.057860, 1.675922, 152.360389
31.062563, 1.673374, 152.128662
31.064746, 1.675922, 152.360389
31.067118, 1.673374, 152.128662
31.069834, 1.675922, 152.360389
31.072647, 1.673374, 152.128662
31.075502, 1.675922, 152.360389
31.078549, 1.675922, 152.360389
31.080585, 1.675922, 152.360389
31.083020, 1.675922, 152.360389
31.085746, 1.673374, 152.128662
31.089493, 1.675922, 152.360389
31.094233, 1.675922, 152.360389
31.097691, 1.675922, 152.360389
31.101183, 1.675922, 152.360389
31.104484, 1.675922, 152.360389
31.109111, 1.675922, 152.360389
31.113652, 1.675922, 152.360389
31.118272, 1.675922, 152.360389
31.121389, 1.675922, 152.360389
31.123978, 1.675922, 152.360389
31.126518, 1.673374, 152.128662
31.129190, 1.673374, 152.128662
31.131944, 1.675922, 152.360389
31.134698, 1.675922, 152.360389
31.137576, 1.675922, 152.360389
31.140692, 1.675922, 152.360389
31.143599, 1.675922, 152.360389
31.146446, 1.673374, 152.128662
31.149426, 1.675922, 152.360389
31.152389, 1.675922, 152.360389
31.155433, 1.675922, 152.360389
31.158523, 1.673374, 152.128662
31.161788, 1.675922, 152.360389
31.164655, 1.675922, 152.360389
31.167481, 1.675922, 152.360389
31.170834, 1.675922, 152.360389
31.175381, 1.675922, 152.360389
31.178578, 1.675922, 152.360389
31.181658, 1.673374, 152.128662
31.184588, 1.675922, 152.360389
31.187554, 1.675922, 152.360389
31.190783, 1.675922, 152.360389
31.193852, 1.675922, 152.360389
31.197149, 1.675922, 152.360389
31.201209, 1.675922, 152.360389
31.205695, 1.673374, 152.128662
31.210306, 1.675922, 152.360389
31.213895, 1.675922, 152.360389
31.217136, 1.675922, 152.360389
31.220253, 1.675922, 152.360389
31.223829, 1.675922, 152.360389
31.226958, 1.678471, 152.592115
31.229968, 1.675922, 152.360389
31.234634, 1.675922, 152.360389
31.239991, 1.675922, 152.360389
31.245041, 1.675922, 152.360389
31.249246, 1.673374, 152.128662
31.252718, 1.675922, 152.360389
31.255247, 1.675922, 152.360389
31.258277, 1.678471, 152.592115
31.261435, 1.678471, 152.592115
31.264575, 1.675922, 152.360389
31.267016, 1.675922, 152.360389
31.269710, 1.675922, 152.360389
31.274034, 1.673374, 152.128662
31.280668, 1.675922, 152.360389
31.308247, 1.675922, 152.360389
31.315527, 1.675922, 152.360389
31.319009, 1.675922, 152.360389
31.321348, 1.675922, 152.360389
31.323715, 1.675922, 152.360389
31.325824, 1.675922, 152.360389
31.328451, 1.675922, 152.360389
31.331334, 1.673374, 152.128662
31.334613, 1.675922, 152.360389
31.337343, 1.675922, 152.360389
31.340728, 1.675922, 152.360389
31.343917, 1.675922, 152.360389
31.346596, 1.675922, 152.360389
31.349301, 1.675922, 152.360389
31.352080, 1.675922, 152.360389
31.355538, 1.675922, 152.360389
31.359330, 1.675922, 152.360389
31.363173, 1.675922, 152.360389
31.366862, 1.675922, 152.360389
31.370642, 1.675922, 152.360389
31.374964, 1.675922, 152.360389
31.378508, 1.678471, 152.592115
31.381879, 1.675922, 152.360389
31.385777, 1.675922, 152.360389
31.389873, 1.675922, 152.360389
31.392274, 1.675922, 152.360389
31.394982, 1.675922, 152.360389
31.397367, 1.675922, 152.360389
31.399905, 1.678471, 152.592115
31.402882, 1.678471, 152.592115
31.407216, 1.675922, 152.360389
31.410596, 1.675922, 152.360389
31.413874, 1.678471, 152.592115
31.417688, 1.675922, 152.360389
31.420808, 1.675922, 152.360389
31.423895, 1.675922, 152.360389
31.426790, 1.675922, 152.360389
31.429775, 1.675922, 152.360389
31.432856, 1.675922, 152.360389
31.436057, 1.675922, 152.360389
31.439639, 1.675922, 152.360389
31.442767, 1.678471, 152.592115
31.445812, 1.675922, 152.360389
31.449606, 1.675922, 152.360389
31.451973, 1.675922, 152.360389
31.454540, 1.675922, 152.360389
31.459142, 1.675922, 152.360389
31.466264, 1.675922, 152.360389
31.473429, 1.675922, 152.360389
31.479288, 1.675922, 152.360389
31.484797, 1.678471, 152.592115
31.491288, 1.678471, 152.592115
31.497555, 1.675922, 152.360389
31.500969, 1.675922, 152.360389
31.504131, 1.675922, 152.360389
31.508657, 1.675922, 152.360389
31.513935, 1.675922, 152.360389
31.518999, 1.678471, 152.592115
31.526634, 1.675922, 152.360389
31.536722, 1.678471, 152.592115
31.544860, 1.675922, 152.360389
31.550201, 1.675922, 152.360389
31.557727, 1.675922, 152.360389
31.582568, 1.678471, 152.592115
31.607124, 1.675922, 152.360389
31.634318, 1.675922, 152.360389
31.661174, 1.678471, 152.592115
31.689834, 1.678471, 152.592115
31.711420, 1.675922, 152.360389
31.716230, 1.675922, 152.360389
31.719628, 1.675922, 152.360389
31.722635, 1.675922, 152.360389
31.725245, 1.675922, 152.360389
31.727792, 1.675922, 152.360389
31.730658, 1.675922, 152.360389
31.736724, 1.675922, 152.360389
31.772264, 1.675922, 152.360389
31.799544, 1.675922, 152.360389
31.827631, 1.675922, 152.360389
31.850076, 1.675922, 152.360389
31.872587, 1.675922, 152.360389
31.897331, 1.675922, 152.360389
31.925773, 1.673374, 152.128662
31.954905, 1.675922, 152.360389
31.976479, 1.675922, 152.360389
31.982291, 1.675922, 152.360389
31.985791, 1.675922, 152.360389
31.988805, 1.678471, 152.592115
31.991886, 1.678471, 152.592115
31.995154, 1.675922, 152.360389
31.998640, 1.675922, 152.360389
32.001658, 1.675922, 152.360389
32.003866, 1.678471, 152.592115
32.006245, 1.678471, 152.592115
32.008952, 1.675922, 152.360389
32.011762, 1.678471, 152.592115
32.014485, 1.675922, 152.360389
32.018265, 1.675922, 152.360389
32.021218, 1.675922, 152.360389
32.025849, 1.675922, 152.360389
32.033417, 1.675922, 152.360389
32.037212, 1.678471, 152.592115
32.040146, 1.678471, 152.592115
32.042529, 1.678471, 152.592115
32.044942, 1.675922, 152.360389
32.047472, 1.675922, 152.360389
32.050152, 1.675922, 152.360389
32.052990, 1.675922, 152.360389
32.055914, 1.675922, 152.360389
32.058809, 1.675922, 152.360389
32.061695, 1.675922, 152.360389
32.064562, 1.675922, 152.360389
32.067430, 1.675922, 152.360389
32.070649, 1.675922, 152.360389
32.075082, 1.675922, 152.360389
32.079125, 1.675922, 152.360389
32.083219, 1.675922, 152.360389
32.087285, 1.678471, 152.592115
32.091443, 1.675922, 152.360389
32.094955, 1.675922, 152.360389
32.098195, 1.675922, 152.360389
32.101317, 1.675922, 152.360389
32.104453, 1.675922, 152.360389
32.108088, 1.675922, 152.360389
32.112139, 1.678471, 152.592115
32.116309, 1.678471, 152.592115
32.124806, 1.675922, 152.360389
32.134065, 1.675922, 152.360389
32.158402, 1.675922, 152.360389
32.183228, 1.675922, 152.360389
32.188999, 1.678471, 152.592115
32.192567, 1.675922, 152.360389
32.196345, 1.678471, 152.592115
32.198983, 1.678471, 152.592115
32.201763, 1.678471, 152.592115
32.203928, 1.675922, 152.360389
32.206226, 1.675922, 152.360389
32.208422, 1.678471, 152.592115
32.210570, 1.675922, 152.360389
32.213052, 1.678471, 152.592115
32.217715, 1.675922, 152.360389
32.223106, 1.678471, 152.592115
32.226795, 1.678471, 152.592115
32.228914, 1.675922, 152.360389
32.231311, 1.675922, 152.360389
32.234866, 1.675922, 152.360389
32.239622, 1.675922, 152.360389
32.244589, 1.675922, 152.360389
32.261896, 1.675922, 152.360389
32.283530, 1.675922, 152.360389
32.306249, 1.678471, 152.592115
32.337971, 1.675922, 152.360389
32.361146, 1.675922, 152.360389
32.373873, 1.675922, 152.360389
32.378171, 1.675922, 152.360389
32.381400, 1.675922, 152.360389
32.384093, 1.675922, 152.360389
32.386638, 1.675922, 152.360389
32.389613, 1.678471, 152.592115
32.392924, 1.678471, 152.592115
32.396957, 1.678471, 152.592115
32.404786, 1.678471, 152.592115
32.413283, 1.678471, 152.592115
32.441239, 1.675922, 152.360389
32.464575, 1.675922, 152.360389
32.470637, 1.675922, 152.360389
32.474831, 1.675922, 152.360389
32.477981, 1.675922, 152.360389
32.481266, 1.675922, 152.360389
32.486102, 1.678471, 152.592115
32.490910, 1.678471, 152.592115
32.493398, 1.675922, 152.360389
32.496102, 1.675922, 152.360389
32.499337, 1.675922, 152.360389
32.502674, 1.678471, 152.592115
32.508708, 1.675922, 152.360389
32.527846, 1.678471, 152.592115
32.551843, 1.678471, 152.592115
32.582583, 1.678471, 152.592115
32.603187, 1.678471, 152.592115
32.608965, 1.678471, 152.592115
32.612510, 1.675922, 152.360389
32.615543, 1.675922, 152.360389
32.618368, 1.678471, 152.592115
32.621037, 1.675922, 152.360389
32.624448, 1.678471, 152.592115
32.632346, 1.675922, 152.360389
32.644298, 1.678471, 152.592115
32.662100, 1.675922, 152.360389
32.672266, 1.675922, 152.360389
32.699479, 1.675922, 152.360389
32.731315, 1.675922, 152.360389
32.739629, 1.675922, 152.360389
32.743405, 1.675922, 152.360389
32.746590, 1.675922, 152.360389
32.749598, 1.675922, 152.360389
32.752757, 1.681020, 152.823842
32.755944, 1.675922, 152.360389
32.759610, 1.678471, 152.592115
32.763208, 1.678471, 152.592115
32.766939, 1.675922, 152.360389
32.770601, 1.675922, 152.360389
32.774301, 1.675922, 152.360389
32.777873, 1.678471, 152.592115
32.781459, 1.681020, 152.823842
32.784861, 1.678471, 152.592115
32.788849, 1.678471, 152.592115
32.792114, 1.678471, 152.592115
32.794886, 1.678471, 152.592115
32.797832, 1.678471, 152.592115
32.800909, 1.678471, 152.592115
32.804187, 1.678471, 152.592115
32.807953, 1.678471, 152.592115
32.812095, 1.678471, 152.592115
32.814438, 1.678471, 152.592115
32.816609, 1.678471, 152.592115
32.819071, 1.678471, 152.592115
32.821999, 1.675922, 152.360389
32.825623, 1.675922, 152.360389
32.832763, 1.675922, 152.360389
32.855110, 1.675922, 152.360389
32.880357, 1.675922, 152.360389
32.893620, 1.678471, 152.592115
32.898180, 1.678471, 152.592115
32.901494, 1.678471, 152.592115
32.904274, 1.678471, 152.592115
32.907213, 1.678471, 152.592115
32.909939, 1.675922, 152.360389
32.912153, 1.678471, 152.592115
32.914532, 1.675922, 152.360389
32.917705, 1.675922, 152.360389
32.926243, 1.678471, 152.592115
32.949398, 1.678471, 152.592115
32.972467, 1.678471, 152.592115
32.995336, 1.678471, 152.592115
33.017252, 1.678471, 152.592115
33.041320, 1.678471, 152.592115
33.052346, 1.675922, 152.360389
33.056916, 1.678471, 152.592115
33.060127, 1.675922, 152.360389
33.063200, 1.678471, 152.592115
33.066792, 1.681020, 152.823842
33.078140, 1.678471, 152.592115
33.100921, 1.678471, 152.592115
33.126741, 1.678471, 152.592115
33.152789, 1.678471, 152.592115
33.183544, 1.678471, 152.592115
33.210459, 1.678471, 152.592115
33.224306, 1.678471, 152.592115
33.229055, 1.678471, 152.592115
33.232712, 1.678471, 152.592115
33.236579, 1.678471, 152.592115
33.244738, 1.678471, 152.592115
33.254112, 1.678471, 152.592115
33.260717, 1.678471, 152.592115
33.285829, 1.675922, 152.360389
33.312505, 1.675922, 152.360389
33.338275, 1.678471, 152.592115
33.363439, 1.675922, 152.360389
33.389002, 1.678471, 152.592115
33.416786, 1.678471, 152.592115
33.443868, 1.678471, 152.592115
33.468390, 1.678471, 152.592115
33.500099, 1.675922, 152.360389
33.523578, 1.675922, 152.360389
33.546715, 1.675922, 152.360389
33.571957, 1.675922, 152.360389
33.599500, 1.678471, 152.592115
33.626508, 1.678471, 152.592115
33.650894, 1.678471, 152.592115
33.671680, 1.678471, 152.592115
33.678358, 1.678471, 152.592115
33.682206, 1.675922, 152.360389
33.685283, 1.678471, 152.592115
33.688620, 1.678471, 152.592115
33.692204, 1.678471, 152.592115
33.696621, 1.678471, 152.592115
33.708234, 1.681020, 152.823842
33.733452, 1.678471, 152.592115
33.762374, 1.678471, 152.592115
33.786125, 1.678471, 152.592115
33.809841, 1.678471, 152.592115
33.833220, 1.678471, 152.592115
33.855305, 1.678471, 152.592115
33.877956, 1.678471, 152.592115
33.892023, 1.678471, 152.592115
33.897282, 1.681020, 152.823842
33.900757, 1.681020, 152.823842
33.903442, 1.681020, 152.823842
33.906265, 1.678471, 152.592115
33.909784, 1.678471, 152.592115
33.914208, 1.678471, 152.592115
33.920525, 1.675922, 152.360389
33.926894, 1.678471, 152.592115
33.932414, 1.678471, 152.592115
33.936409, 1.678471, 152.592115
33.940617, 1.678471, 152.592115
33.945123, 1.678471, 152.592115
33.950956, 1.678471, 152.592115
33.956438, 1.678471, 152.592115
33.963675, 1.678471, 152.592115
33.974007, 1.678471, 152.592115
33.978474, 1.678471, 152.592115
33.994582, 1.678471, 152.592115
34.024786, 1.678471, 152.592115
34.051816, 1.678471, 152.592115
34.078011, 1.678471, 152.592115
34.103136, 1.678471, 152.592115
34.127411, 1.678471, 152.592115
34.153611, 1.678471, 152.592115
34.179916, 1.681020, 152.823842
34.205525, 1.678471, 152.592115
34.230335, 1.678471, 152.592115
34.258066, 1.678471, 152.592115
34.285100, 1.678471, 152.592115
34.309753, 1.678471, 152.592115
34.336625, 1.678471, 152.592115
34.350152, 1.678471, 152.592115
34.355050, 1.678471, 152.592115
34.358328, 1.678471, 152.592115
34.361102, 1.678471, 152.592115
34.364322, 1.678471, 152.592115
34.370160, 1.678471, 152.592115
34.379240, 1.678471, 152.592115
34.400198, 1.678471, 152.592115
34.415789, 1.681020, 152.823842
34.437192, 1.678471, 152.592115
34.463529, 1.678471, 152.592115
34.489337, 1.678471, 152.592115
34.519679, 1.678471, 152.592115
34.566056, 1.678471, 152.592115
34.636124, 1.678471, 152.592115
34.698744, 1.678471, 152.592115
34.723109, 1.681020, 152.823842
34.748441, 1.681020, 152.823842
34.775723, 1.678471, 152.592115
34.798297, 1.678471, 152.592115
34.815227, 1.678471, 152.592115
34.820253, 1.678471, 152.592115
34.823587, 1.678471, 152.592115
34.827626, 1.678471, 152.592115
34.831192, 1.678471, 152.592115
34.835659, 1.681020, 152.823842
34.842143, 1.681020, 152.823842
34.858447, 1.678471, 152.592115
34.881983, 1.678471, 152.592115
34.906421, 1.678471, 152.592115
34.932558, 1.678471, 152.592115
34.959223, 1.678471, 152.592115
34.991631, 1.681020, 152.823842
35.019463, 1.681020, 152.823842
35.026406, 1.678471, 152.592115
35.030331, 1.681020, 152.823842
35.033745, 1.681020, 152.823842
35.037230, 1.678471, 152.592115
35.041561, 1.678471, 152.592115
35.047391, 1.678471, 152.592115
35.058172, 1.678471, 152.592115
35.074835, 1.681020, 152.823842
35.129915, 1.681020, 152.823842
35.154995, 1.681020, 152.823842
35.179974, 1.678471, 152.592115
35.191415, 1.681020, 152.823842
35.195911, 1.678471, 152.592115
35.200369, 1.678471, 152.592115
35.210587, 1.675922, 152.360389
35.234935, 1.678471, 152.592115
35.261276, 1.678471, 152.592115
35.288477, 1.678471, 152.592115
35.312589, 1.681020, 152.823842
35.337606, 1.681020, 152.823842
35.360872, 1.678471, 152.592115
35.384375, 1.678471, 152.592115
35.412180, 1.678471, 152.592115
35.439519, 1.678471, 152.592115
35.469929, 1.678471, 152.592115
35.496305, 1.678471, 152.592115
35.526945, 1.681020, 152.823842
35.550089, 1.678471, 152.592115
35.572527, 1.681020, 152.823842
35.595050, 1.678471, 152.592115
35.621597, 1.681020, 152.823842
35.644453, 1.681020, 152.823842
35.667344, 1.678471, 152.592115
35.693837, 1.678471, 152.592115
35.717311, 1.678471, 152.592115
35.724460, 1.681020, 152.823842
35.728489, 1.683569, 153.055568
35.732111, 1.681020, 152.823842
35.735344, 1.681020, 152.823842
35.738845, 1.681020, 152.823842
35.744950, 1.678471, 152.592115
35.762256, 1.678471, 152.592115
35.774887, 1.678471, 152.592115
35.795707, 1.678471, 152.592115
35.816876, 1.678471, 152.592115
35.844600, 1.681020, 152.823842
35.869748, 1.681020, 152.823842
35.900664, 1.681020, 152.823842
35.927650, 1.681020, 152.823842
35.961277, 1.678471, 152.592115
35.991590, 1.681020, 152.823842
36.015702, 1.678471, 152.592115
36.040818, 1.678471, 152.592115
36.063449, 1.681020, 152.823842
36.085740, 1.681020, 152.823842
36.107940, 1.681020, 152.823842
36.118200, 1.681020, 152.823842
36.122934, 1.678471, 152.592115
36.126094, 1.678471, 152.592115
36.129062, 1.678471, 152.592115
36.132199, 1.678471, 152.592115
36.137161, 1.678471, 152.592115
36.161969, 1.681020, 152.823842
36.185144, 1.678471, 152.592115
36.208598, 1.678471, 152.592115
36.229583, 1.681020, 152.823842
36.235483, 1.681020, 152.823842
36.239069, 1.681020, 152.823842
36.242028, 1.681020, 152.823842
36.244850, 1.681020, 152.823842
36.247942, 1.678471, 152.592115
36.252145, 1.678471, 152.592115
36.258790, 1.681020, 152.823842
36.279766, 1.681020, 152.823842
36.300676, 1.681020, 152.823842
36.325221, 1.681020, 152.823842
36.349412, 1.681020, 152.823842
36.377736, 1.681020, 152.823842
36.408045, 1.681020, 152.823842
36.415058, 1.678471, 152.592115
36.418888, 1.681020, 152.823842
36.422098, 1.681020, 152.823842
36.424926, 1.681020, 152.823842
36.428235, 1.681020, 152.823842
36.434134, 1.681020, 152.823842
36.454687, 1.681020, 152.823842
36.470246, 1.678471, 152.592115
36.493729, 1.678471, 152.592115
36.518117, 1.678471, 152.592115
36.544879, 1.681020, 152.823842
36.569173, 1.681020, 152.823842
36.575428, 1.681020, 152.823842
36.579058, 1.681020, 152.823842
36.582316, 1.681020, 152.823842
36.585504, 1.681020, 152.823842
36.590160, 1.681020, 152.823842
36.595122, 1.678471, 152.592115
36.599485, 1.678471, 152.592115
36.603659, 1.678471, 152.592115
36.607540, 1.678471, 152.592115
36.610743, 1.681020, 152.823842
36.615570, 1.681020, 152.823842
36.620073, 1.681020, 152.823842
36.624458, 1.683569, 153.055568
36.628568, 1.681020, 152.823842
36.632700, 1.681020, 152.823842
36.636753, 1.681020, 152.823842
36.641080, 1.681020, 152.823842
36.643614, 1.681020, 152.823842
36.648162, 1.681020, 152.823842
36.651645, 1.683569, 153.055568
36.659333, 1.681020, 152.823842
36.666366, 1.681020, 152.823842
36.673581, 1.678471, 152.592115
36.680684, 1.678471, 152.592115
36.690383, 1.681020, 152.823842
36.701374, 1.681020, 152.823842
36.710621, 1.681020, 152.823842
36.719337, 1.683569, 153.055568
36.727361, 1.683569, 153.055568
36.733928, 1.681020, 152.823842
36.740025, 1.681020, 152.823842
36.746823, 1.681020, 152.823842
36.754218, 1.681020, 152.823842
36.760833, 1.678471, 152.592115
36.766900, 1.678471, 152.592115
36.772749, 1.681020, 152.823842
36.778351, 1.681020, 152.823842
36.786339, 1.681020, 152.823842
36.801905, 1.681020, 152.823842
36.822789, 1.681020, 152.823842
36.847170, 1.681020, 152.823842
36.870064, 1.681020, 152.823842
36.879146, 1.678471, 152.592115
36.883137, 1.681020, 152.823842
36.886079, 1.681020, 152.823842
36.889757, 1.681020, 152.823842
36.892615, 1.681020, 152.823842
36.896569, 1.681020, 152.823842
36.902113, 1.681020, 152.823842
36.907886, 1.681020, 152.823842
36.912911, 1.681020, 152.823842
36.916521, 1.681020, 152.823842
36.919054, 1.681020, 152.823842
36.922451, 1.683569, 153.055568
36.926462, 1.681020, 152.823842
36.930496, 1.683569, 153.055568
36.934350, 1.683569, 153.055568
36.937889, 1.681020, 152.823842
36.942631, 1.681020, 152.823842
36.948099, 1.681020, 152.823842
36.954280, 1.681020, 152.823842
36.957156, 1.681020, 152.823842
36.963068, 1.681020, 152.823842
36.967205, 1.681020, 152.823842
36.972266, 1.683569, 153.055568
36.977816, 1.681020, 152.823842
36.983979, 1.681020, 152.823842
36.989531, 1.681020, 152.823842
36.996940, 1.681020, 152.823842
37.004016, 1.681020, 152.823842
37.006586, 1.681020, 152.823842
37.009929, 1.681020, 152.823842
37.013961, 1.681020, 152.823842
37.019987, 1.681020, 152.823842
37.027255, 1.683569, 153.055568
37.031242, 1.681020, 152.823842
37.037583, 1.681020, 152.823842
37.044846, 1.681020, 152.823842
37.051303, 1.681020, 152.823842
37.057215, 1.681020, 152.823842
37.063342, 1.681020, 152.823842
37.068648, 1.678471, 152.592115
37.074497, 1.681020, 152.823842
37.079281, 1.681020, 152.823842
37.084365, 1.681020, 152.823842
37.089316, 1.683569, 153.055568
37.093369, 1.681020, 152.823842
37.096526, 1.681020, 152.823842
37.100119, 1.681020, 152.823842
37.104368, 1.681020, 152.823842
37.110380, 1.683569, 153.055568
37.115478, 1.683569, 153.055568
37.120657, 1.683569, 153.055568
37.127499, 1.681020, 152.823842
37.134197, 1.681020, 152.823842
37.138214, 1.681020, 152.823842
37.140619, 1.681020, 152.823842
37.145232, 1.681020, 152.823842
37.147885, 1.681020, 152.823842
37.153248, 1.683569, 153.055568
37.160357, 1.681020, 152.823842
37.167553, 1.683569, 153.055568
37.173781, 1.683569, 153.055568
37.184906, 1.681020, 152.823842
37.192141, 1.681020, 152.823842
37.194680, 1.678471, 152.592115
37.197163, 1.681020, 152.823842
37.199896, 1.681020, 152.823842
37.202765, 1.681020, 152.823842
37.205696, 1.681020, 152.823842
37.208653, 1.681020, 152.823842
37.211756, 1.683569, 153.055568
37.215575, 1.683569, 153.055568
37.218275, 1.681020, 152.823842
37.221662, 1.681020, 152.823842
37.223952, 1.681020, 152.823842
37.226518, 1.678471, 152.592115
37.229423, 1.681020, 152.823842
37.232489, 1.683569, 153.055568
37.235580, 1.683569, 153.055568
37.238687, 1.683569, 153.055568
37.241913, 1.681020, 152.823842
37.244740, 1.681020, 152.823842
37.247457, 1.681020, 152.823842
37.250777, 1.683569, 153.055568
37.254043, 1.681020, 152.823842
37.257494, 1.683569, 153.055568
37.263958, 1.683569, 153.055568
37.271545, 1.683569, 153.055568
37.278354, 1.683569, 153.055568
37.286727, 1.683569, 153.055568
37.293319, 1.681020, 152.823842
37.301810, 1.681020, 152.823842
37.310313, 1.681020, 152.823842
37.319409, 1.681020, 152.823842
37.325952, 1.681020, 152.823842
37.330427, 1.681020, 152.823842
37.334575, 1.681020, 152.823842
37.338807, 1.683569, 153.055568
37.343493, 1.683569, 153.055568
37.347334, 1.683569, 153.055568
37.351661, 1.681020, 152.823842
37.356631, 1.681020, 152.823842
37.361023, 1.681020, 152.823842
37.365036, 1.683569, 153.055568
37.369040, 1.681020, 152.823842
37.374017, 1.683569, 153.055568
37.377578, 1.681020, 152.823842
37.380860, 1.681020, 152.823842
37.384194, 1.681020, 152.823842
37.389083, 1.681020, 152.823842
37.396518, 1.681020, 152.823842
37.401527, 1.681020, 152.823842
37.408345, 1.681020, 152.823842
37.413614, 1.683569, 153.055568
37.418151, 1.681020, 152.823842
37.421115, 1.683569, 153.055568
37.424747, 1.681020, 152.823842
37.428031, 1.683569, 153.055568
37.431636, 1.683569, 153.055568
37.436192, 1.681020, 152.823842
37.441090, 1.681020, 152.823842
37.446250, 1.681020, 152.823842
37.451423, 1.683569, 153.055568
37.456424, 1.683569, 153.055568
37.463346, 1.683569, 153.055568
37.490555, 1.683569, 153.055568
37.515867, 1.681020, 152.823842
37.540834, 1.681020, 152.823842
37.570918, 1.681020, 152.823842
37.605942, 1.681020, 152.823842
37.639330, 1.681020, 152.823842
37.665942, 1.681020, 152.823842
37.692059, 1.683569, 153.055568
37.723458, 1.683569, 153.055568
37.754586, 1.683569, 153.055568
37.780898, 1.683569, 153.055568
37.805336, 1.681020, 152.823842
37.830622, 1.681020, 152.823842
37.857100, 1.681020, 152.823842
37.881053, 1.681020, 152.823842
37.903977, 1.681020, 152.823842
37.910689, 1.683569, 153.055568
37.914634, 1.681020, 152.823842
37.917870, 1.683569, 153.055568
37.921420, 1.681020, 152.823842
37.927370, 1.681020, 152.823842
37.950560, 1.681020, 152.823842
37.978432, 1.681020, 152.823842
38.004230, 1.681020, 152.823842
38.031246, 1.681020, 152.823842
38.056995, 1.681020, 152.823842
38.083517, 1.683569, 153.055568
38.107162, 1.683569, 153.055568
38.115365, 1.683569, 153.055568
38.119333, 1.681020, 152.823842
38.122447, 1.681020, 152.823842
38.125167, 1.681020, 152.823842
38.128017, 1.681020, 152.823842
38.133401, 1.681020, 152.823842
38.138521, 1.681020, 152.823842
38.145975, 1.683569, 153.055568
38.153588, 1.681020, 152.823842
38.163282, 1.683569, 153.055568
38.188194, 1.681020, 152.823842
38.212703, 1.681020, 152.823842
38.235624, 1.681020, 152.823842
38.266793, 1.681020, 152.823842
38.291444, 1.683569, 153.055568
38.296458, 1.683569, 153.055568
38.299939, 1.683569, 153.055568
38.302795, 1.683569, 153.055568
38.305743, 1.681020, 152.823842
38.308891, 1.681020, 152.823842
38.312240, 1.681020, 152.823842
38.315661, 1.681020, 152.823842
38.319377, 1.681020, 152.823842
38.323040, 1.681020, 152.823842
38.327115, 1.683569, 153.055568
38.332333, 1.681020, 152.823842
38.338952, 1.683569, 153.055568
38.344887, 1.683569, 153.055568
38.351996, 1.683569, 153.055568
38.358538, 1.681020, 152.823842
38.364915, 1.681020, 152.823842
38.370865, 1.681020, 152.823842
38.376458, 1.681020, 152.823842
38.381941, 1.683569, 153.055568
38.387575, 1.681020, 152.823842
38.396295, 1.683569, 153.055568
38.416494, 1.683569, 153.055568
38.441080, 1.683569, 153.055568
38.466504, 1.683569, 153.055568
38.491236, 1.683569, 153.055568
38.515461, 1.681020, 152.823842
38.525221, 1.681020, 152.823842
38.529485, 1.681020, 152.823842
38.532534, 1.681020, 152.823842
38.535164, 1.683569, 153.055568
38.537859, 1.683569, 153.055568
38.540998, 1.683569, 153.055568
38.544759, 1.683569, 153.055568
38.548532, 1.683569, 153.055568
38.552352, 1.683569, 153.055568
38.556649, 1.683569, 153.055568
38.562450, 1.683569, 153.055568
38.567990, 1.683569, 153.055568
38.572114, 1.683569, 153.055568
38.576136, 1.683569, 153.055568
38.580041, 1.683569, 153.055568
38.583948, 1.681020, 152.823842
38.587787, 1.681020, 152.823842
38.591959, 1.681020, 152.823842
38.595101, 1.681020, 152.823842
38.598203, 1.681020, 152.823842
38.601535, 1.681020, 152.823842
38.604642, 1.681020, 152.823842
38.609038, 1.683569, 153.055568
38.614438, 1.683569, 153.055568
38.618311, 1.683569, 153.055568
38.620648, 1.683569, 153.055568
38.626904, 1.681020, 152.823842
38.633625, 1.681020, 152.823842
38.639318, 1.681020, 152.823842
38.645150, 1.681020, 152.823842
38.650330, 1.683569, 153.055568
38.655101, 1.683569, 153.055568
38.659085, 1.681020, 152.823842
38.662366, 1.681020, 152.823842
38.666266, 1.681020, 152.823842
38.670109, 1.683569, 153.055568
38.673084, 1.683569, 153.055568
38.676976, 1.681020, 152.823842
38.680755, 1.683569, 153.055568
38.684662, 1.683569, 153.055568
38.688562, 1.683569, 153.055568
38.692711, 1.683569, 153.055568
38.696257, 1.683569, 153.055568
38.700277, 1.683569, 153.055568
38.703477, 1.681020, 152.823842
38.706516, 1.681020, 152.823842
38.709675, 1.681020, 152.823842
38.713073, 1.683569, 153.055568
38.716618, 1.683569, 153.055568
38.720544, 1.683569, 153.055568
38.724053, 1.683569, 153.055568
38.727177, 1.681020, 152.823842
38.730653, 1.681020, 152.823842
38.734672, 1.681020, 152.823842
38.739218, 1.681020, 152.823842
38.741800, 1.681020, 152.823842
38.745032, 1.683569, 153.055568
38.749719, 1.683569, 153.055568
38.754441, 1.683569, 153.055568
38.756883, 1.683569, 153.055568
38.763066, 1.683569, 153.055568
38.769400, 1.683569, 153.055568
38.776203, 1.681020, 152.823842
38.781629, 1.683569, 153.055568
38.786590, 1.681020, 152.823842
38.791916, 1.681020, 152.823842
38.796445, 1.683569, 153.055568
38.800942, 1.683569, 153.055568
38.804878, 1.683569, 153.055568
38.808308, 1.681020, 152.823842
38.811948, 1.683569, 153.055568
38.815767, 1.683569, 153.055568
38.819503, 1.681020, 152.823842
38.823846, 1.683569, 153.055568
38.827647, 1.683569, 153.055568
38.831774, 1.683569, 153.055568
38.834710, 1.683569, 153.055568
38.838448, 1.683569, 153.055568
38.844811, 1.683569, 153.055568
38.848075, 1.683569, 153.055568
38.851497, 1.683569, 153.055568
38.855213, 1.681020, 152.823842
38.860124, 1.681020, 152.823842
38.867972, 1.683569, 153.055568
38.874625, 1.683569, 153.055568
38.880346, 1.683569, 153.055568
38.885237, 1.683569, 153.055568
38.890025, 1.683569, 153.055568
38.893733, 1.683569, 153.055568
38.897001, 1.681020, 152.823842
38.900362, 1.681020, 152.823842
38.904000, 1.683569, 153.055568
38.907690, 1.681020, 152.823842
38.911223, 1.683569, 153.055568
38.915012, 1.683569, 153.055568
38.918443, 1.683569, 153.055568
38.923982, 1.683569, 153.055568
38.928009, 1.681020, 152.823842
38.933053, 1.683569, 153.055568
38.937368, 1.683569, 153.055568
38.939341, 1.681020, 152.823842
38.943765, 1.681020, 152.823842
38.948098, 1.683569, 153.055568
38.951162, 1.683569, 153.055568
38.954082, 1.683569, 153.055568
38.958329, 1.683569, 153.055568
38.963783, 1.683569, 153.055568
38.969724, 1.683569, 153.055568
38.973354, 1.683569, 153.055568
38.975738, 1.686118, 153.287294
38.977974, 1.683569, 153.055568
38.980392, 1.683569, 153.055568
38.983255, 1.683569, 153.055568
38.988095, 1.683569, 153.055568
39.005653, 1.683569, 153.055568
39.029935, 1.683569, 153.055568
39.053218, 1.683569, 153.055568
39.059964, 1.681020, 152.823842
39.063450, 1.681020, 152.823842
39.066143, 1.683569, 153.055568
39.068788, 1.683569, 153.055568
39.071806, 1.683569, 153.055568
39.075414, 1.683569, 153.055568
39.079418, 1.683569, 153.055568
39.083365, 1.683569, 153.055568
39.087338, 1.683569, 153.055568
39.091591, 1.683569, 153.055568
39.094657, 1.681020, 152.823842
39.098091, 1.681020, 152.823842
39.101021, 1.681020, 152.823842
39.104009, 1.683569, 153.055568
39.107499, 1.683569, 153.055568
39.111146, 1.683569, 153.055568
39.114770, 1.683569, 153.055568
39.118449, 1.683569, 153.055568
39.122240, 1.683569, 153.055568
39.126170, 1.683569, 153.055568
39.130030, 1.683569, 153.055568
39.133067, 1.683569, 153.055568
39.136119, 1.683569, 153.055568
39.140057, 1.683569, 153.055568
39.143579, 1.683569, 153.055568
39.146989, 1.683569, 153.055568
39.150670, 1.683569, 153.055568
39.154233, 1.683569, 153.055568
39.158447, 1.683569, 153.055568
39.162155, 1.683569, 153.055568
39.165702, 1.683569, 153.055568
39.169396, 1.686118, 153.287294
39.173100, 1.683569, 153.055568
39.176582, 1.683569, 153.055568
39.180495, 1.683569, 153.055568
39.184269, 1.683569, 153.055568
39.818400, 1.683569, 153.055568
39.822843, 1.683569, 153.055568
39.826874, 1.683569, 153.055568
39.831026, 1.683569, 153.055568
39.834988, 1.683569, 153.055568
39.839626, 1.683569, 153.055568
39.844609, 1.683569, 153.055568
39.848841, 1.686118, 153.287294
39.852836, 1.683569, 153.055568
39.856608, 1.683569, 153.055568
39.861928, 1.683569, 153.055568
39.867316, 1.683569, 153.055568
39.873481, 1.683569, 153.055568
39.878581, 1.683569, 153.055568
39.883044, 1.683569, 153.055568
39.887116, 1.683569, 153.055568
39.891663, 1.683569, 153.055568
39.895967, 1.683569, 153.055568
39.899850, 1.681020, 152.823842
39.903860, 1.681020, 152.823842
39.907809, 1.683569, 153.055568
39.911770, 1.683569, 153.055568
39.915654, 1.683569, 153.055568
39.919544, 1.683569, 153.055568
39.924658, 1.683569, 153.055568
39.927528, 1.683569, 153.055568
39.930434, 1.683569, 153.055568
39.933723, 1.683569, 153.055568
39.937040, 1.681020, 152.823842
39.940587, 1.683569, 153.055568
39.944411, 1.683569, 153.055568
39.948366, 1.683569, 153.055568
39.952407, 1.683569, 153.055568
39.956379, 1.683569, 153.055568
39.960291, 1.683569, 153.055568
39.964209, 1.683569, 153.055568
39.967924, 1.683569, 153.055568
39.971854, 1.683569, 153.055568
39.975874, 1.683569, 153.055568
39.979607, 1.683569, 153.055568
39.983885, 1.683569, 153.055568
39.987768, 1.686118, 153.287294
39.991601, 1.683569, 153.055568
39.995619, 1.683569, 153.055568
39.999332, 1.683569, 153.055568
40.003132, 1.683569, 153.055568
40.006956, 1.683569, 153.055568
40.011104, 1.681020, 152.823842
40.015934, 1.683569, 153.055568
40.018785, 1.683569, 153.055568
40.021870, 1.683569, 153.055568
40.025565, 1.683569, 153.055568
40.029230, 1.683569, 153.055568
40.032969, 1.683569, 153.055568
40.036703, 1.683569, 153.055568
40.040895, 1.683569, 153.055568
40.045684, 1.683569, 153.055568
40.048713, 1.683569, 153.055568
40.051772, 1.683569, 153.055568
40.055966, 1.683569, 153.055568
40.059548, 1.683569, 153.055568
40.064262, 1.683569, 153.055568
40.067823, 1.683569, 153.055568
40.071326, 1.683569, 153.055568
40.075548, 1.683569, 153.055568
40.079067, 1.683569, 153.055568
40.082971, 1.683569, 153.055568
40.086661, 1.683569, 153.055568
40.090567, 1.683569, 153.055568
40.094421, 1.683569, 153.055568
40.098092, 1.683569, 153.055568
40.101654, 1.686118, 153.287294
40.105926, 1.686118, 153.287294
40.109467, 1.683569, 153.055568
40.113287, 1.683569, 153.055568
40.116851, 1.683569, 153.055568
40.120655, 1.683569, 153.055568
40.125242, 1.683569, 153.055568
40.129033, 1.683569, 153.055568
40.132758, 1.683569, 153.055568
40.136238, 1.683569, 153.055568
40.139823, 1.683569, 153.055568
40.143379, 1.683569, 153.055568
40.147075, 1.683569, 153.055568
40.150916, 1.681020, 152.823842
40.155332, 1.683569, 153.055568
40.161030, 1.683569, 153.055568
40.167382, 1.683569, 153.055568
40.174106, 1.686118, 153.287294
40.179791, 1.683569, 153.055568
40.184866, 1.683569, 153.055568
40.189737, 1.683569, 153.055568
40.194196, 1.683569, 153.055568
40.198081, 1.683569, 153.055568
40.201789, 1.683569, 153.055568
40.205768, 1.683569, 153.055568
40.209412, 1.683569, 153.055568
40.214413, 1.686118, 153.287294
40.217573, 1.683569, 153.055568
40.220542, 1.683569, 153.055568
40.226676, 1.683569, 153.055568
40.231841, 1.683569, 153.055568
40.237581, 1.683569, 153.055568
40.242798, 1.683569, 153.055568
40.250241, 1.686118, 153.287294
40.259151, 1.686118, 153.287294
40.271049, 1.686118, 153.287294
40.275571, 1.683569, 153.055568
40.283811, 1.683569, 153.055568
40.291510, 1.683569, 153.055568
40.299335, 1.683569, 153.055568
40.305608, 1.683569, 153.055568
40.311268, 1.683569, 153.055568
40.318029, 1.683569, 153.055568
40.327229, 1.686118, 153.287294
40.334565, 1.683569, 153.055568
40.338134, 1.686118, 153.287294
40.341540, 1.683569, 153.055568
40.345338, 1.683569, 153.055568
40.348369, 1.683569, 153.055568
40.351430, 1.683569, 153.055568
40.354616, 1.683569, 153.055568
40.368462, 1.683569, 153.055568
40.396541, 1.683569, 153.055568
40.422330, 1.683569, 153.055568
40.432383, 1.686118, 153.287294
40.436815, 1.683569, 153.055568
40.440102, 1.683569, 153.055568
40.442969, 1.683569, 153.055568
40.445993, 1.683569, 153.055568
40.449308, 1.681020, 152.823842
40.452860, 1.683569, 153.055568
40.456303, 1.683569, 153.055568
40.459995, 1.683569, 153.055568
40.463640, 1.683569, 153.055568
40.467425, 1.683569, 153.055568
40.471382, 1.683569, 153.055568
40.473513, 1.683569, 153.055568
40.475529, 1.683569, 153.055568
40.477933, 1.683569, 153.055568
40.481719, 1.683569, 153.055568
40.486344, 1.686118, 153.287294
40.491407, 1.683569, 153.055568
40.494798, 1.683569, 153.055568
40.502110, 1.683569, 153.055568
40.504663, 1.681020, 152.823842
40.507358, 1.683569, 153.055568
40.510818, 1.683569, 153.055568
40.514410, 1.683569, 153.055568
40.518155, 1.683569, 153.055568
40.522080, 1.683569, 153.055568
40.525769, 1.686118, 153.287294
40.529317, 1.683569, 153.055568
40.535470, 1.686118, 153.287294
40.539514, 1.683569, 153.055568
40.541795, 1.683569, 153.055568
40.545257, 1.683569, 153.055568
40.548220, 1.681020, 152.823842
40.551239, 1.681020, 152.823842
40.554707, 1.683569, 153.055568
40.558520, 1.683569, 153.055568
40.562514, 1.683569, 153.055568
40.566444, 1.683569, 153.055568
40.570408, 1.686118, 153.287294
40.574893, 1.683569, 153.055568
40.579322, 1.683569, 153.055568
40.583441, 1.683569, 153.055568
40.587397, 1.683569, 153.055568
40.592531, 1.683569, 153.055568
40.597782, 1.683569, 153.055568
40.603848, 1.686118, 153.287294
40.609752, 1.683569, 153.055568
40.613325, 1.683569, 153.055568
40.617278, 1.683569, 153.055568
40.621347, 1.683569, 153.055568
40.625819, 1.683569, 153.055568
40.629778, 1.683569, 153.055568
40.633783, 1.683569, 153.055568
40.637618, 1.683569, 153.055568
40.641545, 1.686118, 153.287294
40.645288, 1.686118, 153.287294
40.648955, 1.683569, 153.055568
40.652598, 1.683569, 153.055568
40.656451, 1.683569, 153.055568
40.660108, 1.683569, 153.055568
40.663668, 1.683569, 153.055568
40.667342, 1.683569, 153.055568
40.671005, 1.683569, 153.055568
40.675545, 1.686118, 153.287294
40.679190, 1.683569, 153.055568
40.682748, 1.683569, 153.055568
40.686276, 1.681020, 152.823842
40.690056, 1.683569, 153.055568
40.693843, 1.683569, 153.055568
40.697372, 1.683569, 153.055568
40.700876, 1.683569, 153.055568
40.705578, 1.683569, 153.055568
40.709118, 1.683569, 153.055568
40.713017, 1.683569, 153.055568
40.716565, 1.683569, 153.055568
40.721613, 1.683569, 153.055568
40.725128, 1.681020, 152.823842
40.728232, 1.683569, 153.055568
40.731421, 1.683569, 153.055568
40.735004, 1.683569, 153.055568
40.738471, 1.683569, 153.055568
40.741616, 1.683569, 153.055568
40.746202, 1.683569, 153.055568
40.751662, 1.683569, 153.055568
40.756252, 1.681020, 152.823842
40.761171, 1.683569, 153.055568
40.765622, 1.683569, 153.055568
40.769613, 1.683569, 153.055568
40.772843, 1.683569, 153.055568
40.775482, 1.686118, 153.287294
40.778625, 1.686118, 153.287294
40.781837, 1.683569, 153.055568
40.785429, 1.683569, 153.055568
40.788516, 1.683569, 153.055568
40.791617, 1.683569, 153.055568
40.794947, 1.683569, 153.055568
40.798398, 1.683569, 153.055568
40.801948, 1.683569, 153.055568
40.806849, 1.683569, 153.055568
40.810634, 1.683569, 153.055568
40.814505, 1.683569, 153.055568
40.818240, 1.683569, 153.055568
40.823034, 1.681020, 152.823842
40.827197, 1.683569, 153.055568
40.831238, 1.683569, 153.055568
40.834876, 1.683569, 153.055568
40.840488, 1.683569, 153.055568
40.845766, 1.683569, 153.055568
40.850666, 1.683569, 153.055568
40.855249, 1.683569, 153.055568
40.859668, 1.683569, 153.055568
40.864379, 1.683569, 153.055568
40.868141, 1.683569, 153.055568
40.870964, 1.683569, 153.055568
40.874181, 1.683569, 153.055568
40.878110, 1.683569, 153.055568
40.883769, 1.683569, 153.055568
40.889648, 1.683569, 153.055568
40.895572, 1.683569, 153.055568
40.901403, 1.683569, 153.055568
40.907375, 1.683569, 153.055568
40.913178, 1.683569, 153.055568
40.918182, 1.683569, 153.055568
40.922795, 1.683569, 153.055568
40.926350, 1.683569, 153.055568
40.930488, 1.683569, 153.055568
40.934664, 1.683569, 153.055568
40.938755, 1.686118, 153.287294
40.942114, 1.683569, 153.055568
40.948195, 1.683569, 153.055568
40.953920, 1.683569, 153.055568
40.959661, 1.683569, 153.055568
40.969437, 1.683569, 153.055568
40.975260, 1.683569, 153.055568
40.978665, 1.683569, 153.055568
40.982137, 1.683569, 153.055568
40.985674, 1.683569, 153.055568
40.989544, 1.683569, 153.055568
40.993148, 1.683569, 153.055568
40.996542, 1.683569, 153.055568
41.000070, 1.681020, 152.823842
41.003364, 1.683569, 153.055568
41.006531, 1.683569, 153.055568
41.009756, 1.683569, 153.055568
41.012840, 1.683569, 153.055568
41.018245, 1.683569, 153.055568
41.024719, 1.683569, 153.055568
41.031988, 1.683569, 153.055568
41.039831, 1.683569, 153.055568
41.045515, 1.683569, 153.055568
41.052303, 1.683569, 153.055568
41.058336, 1.681020, 152.823842
41.064342, 1.683569, 153.055568
41.069550, 1.683569, 153.055568
41.074883, 1.686118, 153.287294
41.079155, 1.683569, 153.055568
41.083155, 1.683569, 153.055568
41.087098, 1.683569, 153.055568
41.091299, 1.683569, 153.055568
41.094124, 1.683569, 153.055568
41.097055, 1.683569, 153.055568
41.100172, 1.683569, 153.055568
41.103498, 1.683569, 153.055568
41.107127, 1.686118, 153.287294
41.110940, 1.683569, 153.055568
41.114607, 1.683569, 153.055568
41.118235, 1.681020, 152.823842
41.122086, 1.681020, 152.823842
41.125907, 1.683569, 153.055568
41.129647, 1.683569, 153.055568
41.133125, 1.683569, 153.055568
41.136575, 1.683569, 153.055568
41.140690, 1.683569, 153.055568
41.144524, 1.683569, 153.055568
41.148354, 1.683569, 153.055568
41.152550, 1.681020, 152.823842
41.156451, 1.683569, 153.055568
41.160361, 1.683569, 153.055568
41.163905, 1.681020, 152.823842
41.167495, 1.683569, 153.055568
41.171125, 1.683569, 153.055568
41.174942, 1.683569, 153.055568
41.178671, 1.683569, 153.055568
41.182322, 1.683569, 153.055568
41.185962, 1.681020, 152.823842
41.189795, 1.681020, 152.823842
41.193414, 1.681020, 152.823842
41.196823, 1.683569, 153.055568
41.200388, 1.683569, 153.055568
41.204053, 1.683569, 153.055568
41.207968, 1.683569, 153.055568
41.211820, 1.683569, 153.055568
41.215200, 1.683569, 153.055568
41.218944, 1.683569, 153.055568
41.223409, 1.683569, 153.055568
41.227012, 1.683569, 153.055568
41.229990, 1.683569, 153.055568
41.233815, 1.683569, 153.055568
41.239245, 1.683569, 153.055568
41.244657, 1.686118, 153.287294
41.249848, 1.683569, 153.055568
41.255164, 1.683569, 153.055568
41.259409, 1.683569, 153.055568
41.264460, 1.681020, 152.823842
41.269588, 1.681020, 152.823842
41.274591, 1.683569, 153.055568
41.277720, 1.683569, 153.055568
41.282750, 1.683569, 153.055568
41.288907, 1.683569, 153.055568
41.294253, 1.683569, 153.055568
41.299555, 1.683569, 153.055568
41.304341, 1.683569, 153.055568
41.308296, 1.681020, 152.823842
41.312223, 1.681020, 152.823842
41.315964, 1.681020, 152.823842
41.319623, 1.681020, 152.823842
41.323550, 1.681020, 152.823842
41.327625, 1.681020, 152.823842
41.331846, 1.681020, 152.823842
41.335679, 1.683569, 153.055568
41.339724, 1.683569, 153.055568
41.343871, 1.683569, 153.055568
41.348897, 1.681020, 152.823842
41.353844, 1.683569, 153.055568
41.358443, 1.683569, 153.055568
41.364019, 1.683569, 153.055568
41.369749, 1.683569, 153.055568
41.373890, 1.683569, 153.055568
41.378435, 1.683569, 153.055568
41.383058, 1.683569, 153.055568
41.387091, 1.683569, 153.055568
41.391094, 1.681020, 152.823842
41.395189, 1.683569, 153.055568
41.399620, 1.683569, 153.055568
41.403995, 1.683569, 153.055568
41.408526, 1.683569, 153.055568
41.412576, 1.683569, 153.055568
41.416399, 1.683569, 153.055568
41.420962, 1.683569, 153.055568
41.423724, 1.683569, 153.055568
41.425824, 1.681020, 152.823842
41.428275, 1.681020, 152.823842
41.430934, 1.683569, 153.055568
41.433731, 1.683569, 153.055568
41.436756, 1.683569, 153.055568
41.439850, 1.683569, 153.055568
41.442660, 1.683569, 153.055568
41.445472, 1.683569, 153.055568
41.448285, 1.681020, 152.823842
41.452412, 1.683569, 153.055568
41.456186, 1.681020, 152.823842
41.459552, 1.681020, 152.823842
41.463206, 1.683569, 153.055568
41.467168, 1.681020, 152.823842
41.471539, 1.683569, 153.055568
41.473787, 1.683569, 153.055568
41.479519, 1.683569, 153.055568
41.484655, 1.683569, 153.055568
41.490622, 1.681020, 152.823842
41.496521, 1.681020, 152.823842
41.500940, 1.681020, 152.823842
41.504998, 1.681020, 152.823842
41.508890, 1.683569, 153.055568
41.512946, 1.683569, 153.055568
41.516733, 1.683569, 153.055568
41.520277, 1.683569, 153.055568
41.524183, 1.681020, 152.823842
41.526927, 1.681020, 152.823842
41.529737, 1.681020, 152.823842
41.532948, 1.681020, 152.823842
41.536247, 1.683569, 153.055568
41.539822, 1.683569, 153.055568
41.544173, 1.683569, 153.055568
41.547618, 1.683569, 153.055568
41.551214, 1.683569, 153.055568
41.555530, 1.683569, 153.055568
41.559094, 1.681020, 152.823842
41.562737, 1.681020, 152.823842
41.566264, 1.681020, 152.823842
41.569733, 1.681020, 152.823842
41.574167, 1.683569, 153.055568
41.577014, 1.683569, 153.055568
41.579939, 1.683569, 153.055568
41.583184, 1.683569, 153.055568
41.586456, 1.681020, 152.823842
41.590323, 1.681020, 152.823842
41.593873, 1.681020, 152.823842
41.597468, 1.681020, 152.823842
41.601201, 1.681020, 152.823842
41.605659, 1.683569, 153.055568
41.609332, 1.681020, 152.823842
41.613115, 1.683569, 153.055568
41.616649, 1.683569, 153.055568
41.620150, 1.681020, 152.823842
41.624714, 1.681020, 152.823842
41.628253, 1.681020, 152.823842
41.631853, 1.681020, 152.823842
41.635212, 1.681020, 152.823842
41.638916, 1.683569, 153.055568
41.641953, 1.681020, 152.823842
41.644209, 1.683569, 153.055568
41.646689, 1.683569, 153.055568
41.649255, 1.681020, 152.823842
41.651892, 1.683569, 153.055568
41.654792, 1.681020, 152.823842
41.657587, 1.683569, 153.055568
41.660658, 1.683569, 153.055568
41.663712, 1.683569, 153.055568
41.666360, 1.683569, 153.055568
41.669201, 1.683569, 153.055568
41.672827, 1.683569, 153.055568
41.675782, 1.683569, 153.055568
41.678822, 1.681020, 152.823842
41.681991, 1.681020, 152.823842
41.685341, 1.681020, 152.823842
41.689291, 1.681020, 152.823842
41.693151, 1.681020, 152.823842
41.696887, 1.683569, 153.055568
41.700699, 1.683569, 153.055568
41.704522, 1.683569, 153.055568
41.708269, 1.683569, 153.055568
41.711027, 1.681020, 152.823842
41.713902, 1.681020, 152.823842
41.716827, 1.681020, 152.823842
41.719979, 1.681020, 152.823842
41.723994, 1.681020, 152.823842
41.728578, 1.681020, 152.823842
41.732881, 1.683569, 153.055568
41.737124, 1.681020, 152.823842
41.741343, 1.681020, 152.823842
41.745430, 1.681020, 152.823842
41.749411, 1.681020, 152.823842
41.753462, 1.681020, 152.823842
41.757655, 1.681020, 152.823842
41.761566, 1.681020, 152.823842
41.765258, 1.683569, 153.055568
41.769043, 1.681020, 152.823842
41.773105, 1.683569, 153.055568
41.776071, 1.683569, 153.055568
41.778897, 1.683569, 153.055568
41.781928, 1.681020, 152.823842
41.785045, 1.681020, 152.823842
41.788740, 1.681020, 152.823842
41.792407, 1.681020, 152.823842
41.795963, 1.683569, 153.055568
41.799661, 1.683569, 153.055568
41.803179, 1.681020, 152.823842
41.806863, 1.681020, 152.823842
41.810457, 1.683569, 153.055568
41.813943, 1.681020, 152.823842
41.817354, 1.681020, 152.823842
41.821046, 1.681020, 152.823842
41.824982, 1.681020, 152.823842
41.827679, 1.681020, 152.823842
41.830526, 1.683569, 153.055568
41.833486, 1.683569, 153.055568
41.836633, 1.681020, 152.823842
41.840704, 1.681020, 152.823842
41.844143, 1.681020, 152.823842
41.847605, 1.678471, 152.592115
41.851287, 1.678471, 152.592115
41.855691, 1.681020, 152.823842
41.859479, 1.681020, 152.823842
41.863551, 1.683569, 153.055568
41.868092, 1.681020, 152.823842
41.873758, 1.681020, 152.823842
41.876727, 1.681020, 152.823842
41.879734, 1.681020, 152.823842
41.882754, 1.681020, 152.823842
41.885909, 1.678471, 152.592115
41.889374, 1.681020, 152.823842
41.892842, 1.681020, 152.823842
41.896328, 1.683569, 153.055568
41.899879, 1.683569, 153.055568
41.903473, 1.681020, 152.823842
41.907841, 1.681020, 152.823842
41.911597, 1.681020, 152.823842
41.915196, 1.681020, 152.823842
41.918764, 1.681020, 152.823842
41.922579, 1.681020, 152.823842
41.926101, 1.681020, 152.823842
41.929694, 1.683569, 153.055568
41.933332, 1.683569, 153.055568
41.937316, 1.681020, 152.823842
41.941311, 1.681020, 152.823842
41.945379, 1.678471, 152.592115
41.949287, 1.681020, 152.823842
41.953166, 1.681020, 152.823842
41.956761, 1.681020, 152.823842
41.962738, 1.681020, 152.823842
41.966994, 1.681020, 152.823842
41.974014, 1.683569, 153.055568
41.979920, 1.681020, 152.823842
41.985447, 1.681020, 152.823842
41.991982, 1.681020, 152.823842
42.000886, 1.678471, 152.592115
42.009177, 1.678471, 152.592115
42.016371, 1.681020, 152.823842
42.022697, 1.681020, 152.823842
42.028962, 1.683569, 153.055568
42.034603, 1.683569, 153.055568
42.040032, 1.681020, 152.823842
42.045865, 1.681020, 152.823842
42.051427, 1.678471, 152.592115
42.057090, 1.681020, 152.823842
42.061472, 1.681020, 152.823842
42.065430, 1.681020, 152.823842
42.069110, 1.681020, 152.823842
42.073229, 1.681020, 152.823842
42.076708, 1.681020, 152.823842
42.079470, 1.681020, 152.823842
42.082508, 1.681020, 152.823842
42.085974, 1.681020, 152.823842
42.090145, 1.681020, 152.823842
42.094169, 1.681020, 152.823842
42.098561, 1.681020, 152.823842
42.102516, 1.681020, 152.823842
42.108053, 1.683569, 153.055568
42.112796, 1.681020, 152.823842
42.115730, 1.683569, 153.055568
42.121375, 1.681020, 152.823842
42.124086, 1.681020, 152.823842
42.126844, 1.681020, 152.823842
42.129609, 1.681020, 152.823842
42.132386, 1.681020, 152.823842
42.135265, 1.681020, 152.823842
42.138388, 1.683569, 153.055568
42.141354, 1.681020, 152.823842
42.144399, 1.681020, 152.823842
42.147481, 1.681020, 152.823842
42.150718, 1.681020, 152.823842
42.158833, 1.681020, 152.823842
42.176518, 1.678471, 152.592115
42.185788, 1.681020, 152.823842
42.208483, 1.681020, 152.823842
42.231560, 1.681020, 152.823842
42.256516, 1.681020, 152.823842
42.266252, 1.681020, 152.823842
42.272165, 1.681020, 152.823842
42.276881, 1.681020, 152.823842
42.283163, 1.678471, 152.592115
42.292297, 1.678471, 152.592115
42.297312, 1.678471, 152.592115
42.301720, 1.681020, 152.823842
42.306401, 1.681020, 152.823842
42.311993, 1.681020, 152.823842
42.329995, 1.681020, 152.823842
42.373592, 1.681020, 152.823842
42.402692, 1.681020, 152.823842
42.409980, 1.681020, 152.823842
42.415113, 1.678471, 152.592115
42.422193, 1.681020, 152.823842
42.431665, 1.681020, 152.823842
42.440903, 1.681020, 152.823842
42.457215, 1.681020, 152.823842
42.487722, 1.681020, 152.823842
42.516909, 1.681020, 152.823842
42.543476, 1.681020, 152.823842
42.578691, 1.681020, 152.823842
42.596517, 1.681020, 152.823842
42.601493, 1.681020, 152.823842
42.605515, 1.681020, 152.823842
42.608762, 1.681020, 152.823842
42.611597, 1.683569, 153.055568
42.615397, 1.683569, 153.055568
42.623511, 1.681020, 152.823842
42.645740, 1.681020, 152.823842
42.669777, 1.678471, 152.592115
42.696041, 1.678471, 152.592115
42.720968, 1.678471, 152.592115
42.738563, 1.681020, 152.823842
42.743467, 1.681020, 152.823842
42.747174, 1.681020, 152.823842
42.750223, 1.683569, 153.055568
42.754167, 1.681020, 152.823842
42.758037, 1.681020, 152.823842
42.760754, 1.678471, 152.592115
42.763840, 1.678471, 152.592115
42.782797, 1.681020, 152.823842
42.808312, 1.681020, 152.823842
42.836586, 1.681020, 152.823842
42.861979, 1.681020, 152.823842
42.867915, 1.681020, 152.823842
42.872647, 1.681020, 152.823842
42.876501, 1.681020, 152.823842
42.879971, 1.681020, 152.823842
42.884184, 1.681020, 152.823842
42.889581, 1.681020, 152.823842
42.912361, 1.683569, 153.055568
42.937109, 1.681020, 152.823842
42.963292, 1.681020, 152.823842
42.978143, 1.683569, 153.055568
42.982844, 1.681020, 152.823842
42.985985, 1.678471, 152.592115
42.988929, 1.678471, 152.592115
42.991623, 1.678471, 152.592115
42.994391, 1.678471, 152.592115
42.997263, 1.681020, 152.823842
43.000402, 1.681020, 152.823842
43.003966, 1.681020, 152.823842
43.008470, 1.681020, 152.823842
43.018873, 1.681020, 152.823842
43.048479, 1.681020, 152.823842
43.063369, 1.678471, 152.592115
43.068202, 1.678471, 152.592115
43.071261, 1.678471, 152.592115
43.074052, 1.681020, 152.823842
43.077666, 1.681020, 152.823842
43.083431, 1.678471, 152.592115
43.092928, 1.681020, 152.823842
43.101126, 1.678471, 152.592115
43.106745, 1.681020, 152.823842
43.112729, 1.678471, 152.592115
43.118578, 1.678471, 152.592115
43.124364, 1.678471, 152.592115
43.129202, 1.678471, 152.592115
43.134008, 1.681020, 152.823842
43.139790, 1.681020, 152.823842
43.145555, 1.681020, 152.823842
43.151013, 1.681020, 152.823842
43.156303, 1.678471, 152.592115
43.161765, 1.681020, 152.823842
43.166934, 1.681020, 152.823842
43.171874, 1.681020, 152.823842
43.176550, 1.681020, 152.823842
43.180744, 1.681020, 152.823842
43.184589, 1.681020, 152.823842
43.189195, 1.681020, 152.823842
43.192752, 1.681020, 152.823842
43.195574, 1.683569, 153.055568
43.198766, 1.681020, 152.823842
43.202036, 1.681020, 152.823842
43.206181, 1.681020, 152.823842
43.209087, 1.678471, 152.592115
43.212320, 1.681020, 152.823842
43.215629, 1.681020, 152.823842
43.219448, 1.681020, 152.823842
43.223055, 1.681020, 152.823842
43.226798, 1.681020, 152.823842
43.229919, 1.681020, 152.823842
43.233010, 1.678471, 152.592115
43.236442, 1.678471, 152.592115
43.241185, 1.678471, 152.592115
43.252019, 1.678471, 152.592115
43.256026, 1.681020, 152.823842
43.259674, 1.681020, 152.823842
43.266875, 1.681020, 152.823842
43.273480, 1.681020, 152.823842
43.281925, 1.681020, 152.823842
43.287779, 1.681020, 152.823842
43.290722, 1.678471, 152.592115
43.296486, 1.675922, 152.360389
43.301891, 1.678471, 152.592115
43.307156, 1.681020, 152.823842
43.311982, 1.681020, 152.823842
43.316348, 1.681020, 152.823842
43.320883, 1.681020, 152.823842
43.323491, 1.681020, 152.823842
43.330189, 1.678471, 152.592115
43.336567, 1.678471, 152.592115
43.341441, 1.678471, 152.592115
43.344533, 1.678471, 152.592115
43.347523, 1.678471, 152.592115
43.350734, 1.681020, 152.823842
43.355024, 1.681020, 152.823842
43.359409, 1.681020, 152.823842
43.363198, 1.681020, 152.823842
43.366888, 1.681020, 152.823842
43.371502, 1.678471, 152.592115
43.377009, 1.678471, 152.592115
43.380591, 1.681020, 152.823842
43.383995, 1.678471, 152.592115
43.388725, 1.681020, 152.823842
43.394948, 1.681020, 152.823842
43.400561, 1.681020, 152.823842
43.405276, 1.681020, 152.823842
43.409147, 1.678471, 152.592115
43.413074, 1.678471, 152.592115
43.417013, 1.678471, 152.592115
43.420693, 1.678471, 152.592115
43.427013, 1.678471, 152.592115
43.433509, 1.681020, 152.823842
43.439736, 1.681020, 152.823842
43.445206, 1.681020, 152.823842
43.450457, 1.681020, 152.823842
43.453809, 1.678471, 152.592115
43.456907, 1.678471, 152.592115
43.460786, 1.678471, 152.592115
43.462882, 1.678471, 152.592115
43.464958, 1.681020, 152.823842
43.467408, 1.681020, 152.823842
43.470141, 1.681020, 152.823842
43.473425, 1.681020, 152.823842
43.476418, 1.678471, 152.592115
43.479370, 1.678471, 152.592115
43.482404, 1.681020, 152.823842
43.485439, 1.678471, 152.592115
43.488819, 1.678471, 152.592115
43.492201, 1.681020, 152.823842
43.496450, 1.681020, 152.823842
43.499606, 1.681020, 152.823842
43.502008, 1.681020, 152.823842
43.506189, 1.681020, 152.823842
43.509868, 1.678471, 152.592115
43.512199, 1.678471, 152.592115
43.514827, 1.678471, 152.592115
43.517588, 1.678471, 152.592115
43.520486, 1.681020, 152.823842
43.525042, 1.681020, 152.823842
43.528792, 1.681020, 152.823842
43.533728, 1.681020, 152.823842
43.537832, 1.678471, 152.592115
43.543606, 1.681020, 152.823842
43.566770, 1.678471, 152.592115
43.593190, 1.678471, 152.592115
43.604946, 1.678471, 152.592115
43.608824, 1.678471, 152.592115
43.612223, 1.678471, 152.592115
43.614595, 1.681020, 152.823842
43.618342, 1.681020, 152.823842
43.629987, 1.681020, 152.823842
43.649828, 1.678471, 152.592115
43.670512, 1.678471, 152.592115
43.675457, 1.678471, 152.592115
43.678518, 1.678471, 152.592115
43.681094, 1.681020, 152.823842
43.683348, 1.678471, 152.592115
43.685834, 1.678471, 152.592115
43.689238, 1.678471, 152.592115
43.693073, 1.678471, 152.592115
43.696895, 1.681020, 152.823842
43.700757, 1.678471, 152.592115
43.704673, 1.678471, 152.592115
43.707877, 1.681020, 152.823842
43.710903, 1.678471, 152.592115
43.715120, 1.681020, 152.823842
43.721202, 1.681020, 152.823842
43.726147, 1.681020, 152.823842
43.731173, 1.681020, 152.823842
43.735982, 1.678471, 152.592115
43.740500, 1.678471, 152.592115
43.745532, 1.681020, 152.823842
43.751057, 1.678471, 152.592115
43.756265, 1.678471, 152.592115
43.761351, 1.678471, 152.592115
43.764776, 1.681020, 152.823842
43.767490, 1.681020, 152.823842
43.770464, 1.681020, 152.823842
43.773883, 1.681020, 152.823842
43.777169, 1.678471, 152.592115
43.781122, 1.678471, 152.592115
43.784487, 1.675922, 152.360389
43.787817, 1.678471, 152.592115
43.791426, 1.681020, 152.823842
43.795009, 1.678471, 152.592115
43.798505, 1.678471, 152.592115
43.802203, 1.678471, 152.592115
43.806539, 1.678471, 152.592115
43.810324, 1.678471, 152.592115
43.813790, 1.675922, 152.360389
43.817301, 1.675922, 152.360389
43.821346, 1.678471, 152.592115
43.824445, 1.681020, 152.823842
43.827584, 1.678471, 152.592115
43.830915, 1.678471, 152.592115
43.834277, 1.681020, 152.823842
43.838076, 1.681020, 152.823842
43.841402, 1.678471, 152.592115
43.844970, 1.675922, 152.360389
43.848608, 1.678471, 152.592115
43.852455, 1.678471, 152.592115
43.856067, 1.681020, 152.823842
43.859247, 1.681020, 152.823842
43.862416, 1.678471, 152.592115
43.865678, 1.678471, 152.592115
43.869654, 1.678471, 152.592115
43.873146, 1.678471, 152.592115
43.876612, 1.678471, 152.592115
43.882549, 1.678471, 152.592115
43.888158, 1.681020, 152.823842
43.892503, 1.678471, 152.592115
43.895373, 1.678471, 152.592115
43.898163, 1.678471, 152.592115
43.901280, 1.681020, 152.823842
43.904964, 1.678471, 152.592115
43.907292, 1.678471, 152.592115
43.909382, 1.678471, 152.592115
43.911959, 1.675922, 152.360389
43.914563, 1.678471, 152.592115
43.917318, 1.681020, 152.823842
43.920189, 1.678471, 152.592115
43.923511, 1.678471, 152.592115
43.926495, 1.678471, 152.592115
43.929534, 1.678471, 152.592115
43.932490, 1.678471, 152.592115
43.935473, 1.678471, 152.592115
43.938766, 1.675922, 152.360389
43.942553, 1.678471, 152.592115
43.946594, 1.678471, 152.592115
43.952509, 1.681020, 152.823842
43.957611, 1.678471, 152.592115
43.963271, 1.681020, 152.823842
43.968531, 1.678471, 152.592115
43.971968, 1.678471, 152.592115
43.976524, 1.678471, 152.592115
43.981498, 1.678471, 152.592115
43.984107, 1.678471, 152.592115
43.988145, 1.678471, 152.592115
43.992102, 1.678471, 152.592115
43.995329, 1.678471, 152.592115
44.000952, 1.678471, 152.592115
44.006512, 1.678471, 152.592115
44.011656, 1.678471, 152.592115
44.016559, 1.678471, 152.592115
44.020860, 1.678471, 152.592115
44.023894, 1.678471, 152.592115
44.026673, 1.678471, 152.592115
44.029845, 1.678471, 152.592115
44.033394, 1.678471, 152.592115
44.037227, 1.678471, 152.592115
44.040833, 1.675922, 152.360389
44.044283, 1.675922, 152.360389
44.049081, 1.678471, 152.592115
44.053894, 1.678471, 152.592115
44.056703, 1.678471, 152.592115
44.059803, 1.678471, 152.592115
44.062939, 1.678471, 152.592115
44.065009, 1.678471, 152.592115
44.067237, 1.678471, 152.592115
44.069760, 1.678471, 152.592115
44.072475, 1.678471, 152.592115
44.075266, 1.678471, 152.592115
44.079199, 1.675922, 152.360389
44.082445, 1.675922, 152.360389
44.085596, 1.675922, 152.360389
44.088951, 1.678471, 152.592115
44.096265, 1.678471, 152.592115
44.103775, 1.681020, 152.823842
44.107151, 1.678471, 152.592115
44.114628, 1.678471, 152.592115
44.122184, 1.678471, 152.592115
44.129337, 1.678471, 152.592115
44.137187, 1.678471, 152.592115
44.140687, 1.678471, 152.592115
44.145128, 1.678471, 152.592115
44.172922, 1.678471, 152.592115
44.197224, 1.678471, 152.592115
44.212816, 1.678471, 152.592115
44.217395, 1.678471, 152.592115
44.220251, 1.678471, 152.592115
44.223787, 1.678471, 152.592115
44.226744, 1.675922, 152.360389
44.230115, 1.678471, 152.592115
44.233624, 1.678471, 152.592115
44.238011, 1.678471, 152.592115
44.243121, 1.678471, 152.592115
44.250659, 1.678471, 152.592115
44.255700, 1.678471, 152.592115
44.263448, 1.675922, 152.360389
44.271937, 1.675922, 152.360389
44.279044, 1.675922, 152.360389
44.285493, 1.675922, 152.360389
44.290828, 1.675922, 152.360389
44.295804, 1.678471, 152.592115
44.300252, 1.678471, 152.592115
44.303277, 1.678471, 152.592115
44.306183, 1.678471, 152.592115
44.309078, 1.675922, 152.360389
44.312357, 1.675922, 152.360389
44.315582, 1.675922, 152.360389
44.318916, 1.675922, 152.360389
44.323224, 1.675922, 152.360389
44.326000, 1.678471, 152.592115
44.329292, 1.678471, 152.592115
44.333291, 1.678471, 152.592115
44.338721, 1.678471, 152.592115
44.342890, 1.678471, 152.592115
44.346316, 1.678471, 152.592115
44.350048, 1.678471, 152.592115
44.352968, 1.678471, 152.592115
44.356983, 1.678471, 152.592115
44.362444, 1.678471, 152.592115
44.367360, 1.678471, 152.592115
44.372526, 1.678471, 152.592115
44.376568, 1.678471, 152.592115
44.379515, 1.678471, 152.592115
44.382527, 1.675922, 152.360389
44.386301, 1.675922, 152.360389
44.390644, 1.678471, 152.592115
44.394349, 1.678471, 152.592115
44.397821, 1.678471, 152.592115
44.401197, 1.678471, 152.592115
44.405136, 1.678471, 152.592115
44.408152, 1.678471, 152.592115
44.410483, 1.678471, 152.592115
44.412738, 1.675922, 152.360389
44.415159, 1.675922, 152.360389
44.417732, 1.675922, 152.360389
44.420431, 1.675922, 152.360389
44.424560, 1.675922, 152.360389
44.433502, 1.678471, 152.592115
44.440830, 1.678471, 152.592115
44.447577, 1.678471, 152.592115
44.453401, 1.678471, 152.592115
44.457094, 1.675922, 152.360389
44.463276, 1.675922, 152.360389
44.468755, 1.678471, 152.592115
44.473952, 1.675922, 152.360389
44.477310, 1.678471, 152.592115
44.480433, 1.675922, 152.360389
44.483646, 1.678471, 152.592115
44.486914, 1.678471, 152.592115
44.490440, 1.678471, 152.592115
44.494192, 1.675922, 152.360389
44.498094, 1.678471, 152.592115
44.501915, 1.678471, 152.592115
44.506935, 1.678471, 152.592115
44.513821, 1.678471, 152.592115
44.519672, 1.678471, 152.592115
44.525131, 1.678471, 152.592115
44.530047, 1.678471, 152.592115
44.534565, 1.678471, 152.592115
44.538997, 1.678471, 152.592115
44.543409, 1.678471, 152.592115
44.547175, 1.675922, 152.360389
44.551150, 1.678471, 152.592115
44.554478, 1.678471, 152.592115
44.556552, 1.678471, 152.592115
44.558985, 1.678471, 152.592115
44.561763, 1.678471, 152.592115
44.564666, 1.675922, 152.360389
44.567518, 1.675922, 152.360389
44.570570, 1.675922, 152.360389
44.575171, 1.675922, 152.360389
44.578495, 1.675922, 152.360389
44.581471, 1.678471, 152.592115
44.584815, 1.678471, 152.592115
44.589513, 1.678471, 152.592115
44.593849, 1.678471, 152.592115
44.597237, 1.678471, 152.592115
44.600229, 1.678471, 152.592115
44.603248, 1.675922, 152.360389
44.609196, 1.675922, 152.360389
44.618842, 1.675922, 152.360389
44.623900, 1.675922, 152.360389
44.630558, 1.678471, 152.592115
44.634404, 1.678471, 152.592115
44.638499, 1.678471, 152.592115
44.644220, 1.678471, 152.592115
44.650107, 1.678471, 152.592115
44.654944, 1.675922, 152.360389
44.659041, 1.675922, 152.360389
44.662459, 1.678471, 152.592115
44.667914, 1.678471, 152.592115
44.671240, 1.678471, 152.592115
44.673665, 1.678471, 152.592115
44.683158, 1.678471, 152.592115
44.690973, 1.678471, 152.592115
44.698933, 1.678471, 152.592115
44.705002, 1.675922, 152.360389
44.709450, 1.678471, 152.592115
44.714890, 1.678471, 152.592115
44.722135, 1.678471, 152.592115
44.728330, 1.678471, 152.592115
44.733564, 1.678471, 152.592115
44.737768, 1.678471, 152.592115
44.740296, 1.678471, 152.592115
44.743268, 1.675922, 152.360389
44.745723, 1.675922, 152.360389
44.748454, 1.675922, 152.360389
44.751804, 1.675922, 152.360389
44.754841, 1.678471, 152.592115
44.763705, 1.678471, 152.592115
44.766574, 1.678471, 152.592115
44.769702, 1.678471, 152.592115
44.773675, 1.678471, 152.592115
44.777181, 1.678471, 152.592115
44.781516, 1.678471, 152.592115
44.786037, 1.675922, 152.360389
44.789839, 1.675922, 152.360389
44.796825, 1.678471, 152.592115
44.802971, 1.678471, 152.592115
44.809427, 1.678471, 152.592115
44.813347, 1.678471, 152.592115
44.818858, 1.678471, 152.592115
44.822904, 1.678471, 152.592115
44.828282, 1.678471, 152.592115
44.832594, 1.678471, 152.592115
44.836271, 1.678471, 152.592115
44.839550, 1.678471, 152.592115
44.845088, 1.678471, 152.592115
44.850505, 1.678471, 152.592115
44.856119, 1.678471, 152.592115
44.861052, 1.678471, 152.592115
44.865195, 1.678471, 152.592115
44.868976, 1.678471, 152.592115
44.873735, 1.678471, 152.592115
44.876783, 1.678471, 152.592115
44.879596, 1.675922, 152.360389
44.882821, 1.678471, 152.592115
44.885841, 1.678471, 152.592115
44.889121, 1.678471, 152.592115
44.896314, 1.678471, 152.592115
44.902862, 1.678471, 152.592115
44.908395, 1.678471, 152.592115
44.911733, 1.678471, 152.592115
44.914329, 1.675922, 152.360389
44.917245, 1.675922, 152.360389
44.920696, 1.675922, 152.360389
44.924348, 1.675922, 152.360389
44.933034, 1.678471, 152.592115
44.939158, 1.678471, 152.592115
44.944991, 1.678471, 152.592115
44.949800, 1.678471, 152.592115
44.953873, 1.678471, 152.592115
44.957596, 1.675922, 152.360389
44.960851, 1.675922, 152.360389
44.963945, 1.675922, 152.360389
44.967049, 1.678471, 152.592115
44.969812, 1.678471, 152.592115
44.972924, 1.678471, 152.592115
44.976142, 1.678471, 152.592115
44.981367, 1.678471, 152.592115
44.987355, 1.678471, 152.592115
44.990712, 1.678471, 152.592115
44.994210, 1.678471, 152.592115
44.998230, 1.678471, 152.592115
45.001378, 1.678471, 152.592115
45.004602, 1.681020, 152.823842
45.007874, 1.681020, 152.823842
45.011660, 1.678471, 152.592115
45.015475, 1.678471, 152.592115
45.019330, 1.678471, 152.592115
45.021877, 1.675922, 152.360389
45.024382, 1.678471, 152.592115
45.031096, 1.678471, 152.592115
45.035160, 1.675922, 152.360389
45.041034, 1.681020, 152.823842
45.047729, 1.678471, 152.592115
45.053711, 1.678471, 152.592115
45.057413, 1.678471, 152.592115
45.062669, 1.678471, 152.592115
45.065619, 1.678471, 152.592115
45.069468, 1.675922, 152.360389
45.071917, 1.675922, 152.360389
45.075007, 1.675922, 152.360389
45.084012, 1.678471, 152.592115
45.087823, 1.678471, 152.592115
45.093108, 1.678471, 152.592115
45.100259, 1.678471, 152.592115
45.104723, 1.675922, 152.360389
45.109548, 1.675922, 152.360389
45.115452, 1.675922, 152.360389
45.120894, 1.675922, 152.360389
45.123531, 1.678471, 152.592115
45.125985, 1.678471, 152.592115
45.128257, 1.678471, 152.592115
45.130914, 1.678471, 152.592115
45.133717, 1.678471, 152.592115
45.137357, 1.678471, 152.592115
45.140007, 1.678471, 152.592115
45.145127, 1.678471, 152.592115
45.148208, 1.678471, 152.592115
45.151124, 1.678471, 152.592115
45.154114, 1.678471, 152.592115
45.159844, 1.681020, 152.823842
45.169036, 1.678471, 152.592115
45.172015, 1.678471, 152.592115
45.176086, 1.678471, 152.592115
45.180571, 1.678471, 152.592115
45.184897, 1.678471, 152.592115
45.189176, 1.678471, 152.592115
45.193406, 1.678471, 152.592115
45.197805, 1.678471, 152.592115
45.204976, 1.678471, 152.592115
45.212329, 1.678471, 152.592115
45.216868, 1.678471, 152.592115
45.220720, 1.678471, 152.592115
45.225599, 1.675922, 152.360389
45.230537, 1.678471, 152.592115
45.235483, 1.675922, 152.360389
45.241738, 1.678471, 152.592115
45.255166, 1.678471, 152.592115
45.259252, 1.678471, 152.592115
45.263130, 1.678471, 152.592115
45.266723, 1.678471, 152.592115
45.270190, 1.678471, 152.592115
45.275393, 1.675922, 152.360389
45.278792, 1.678471, 152.592115
45.282135, 1.678471, 152.592115
45.285572, 1.678471, 152.592115
45.288918, 1.678471, 152.592115
45.292871, 1.678471, 152.592115
45.296324, 1.678471, 152.592115
45.299588, 1.678471, 152.592115
45.304705, 1.678471, 152.592115
45.308751, 1.678471, 152.592115
45.312939, 1.678471, 152.592115
45.316585, 1.678471, 152.592115
45.319480, 1.678471, 152.592115
45.325299, 1.678471, 152.592115
45.333775, 1.681020, 152.823842
45.342334, 1.678471, 152.592115
45.358047, 1.678471, 152.592115
45.384396, 1.678471, 152.592115
45.407586, 1.678471, 152.592115
45.412735, 1.675922, 152.360389
45.416172, 1.678471, 152.592115
45.418934, 1.678471, 152.592115
45.422086, 1.678471, 152.592115
45.427982, 1.678471, 152.592115
45.435491, 1.678471, 152.592115
45.443076, 1.678471, 152.592115
45.450354, 1.678471, 152.592115
45.457618, 1.678471, 152.592115
45.463990, 1.678471, 152.592115
45.469533, 1.675922, 152.360389
45.474810, 1.678471, 152.592115
45.478964, 1.675922, 152.360389
45.483001, 1.678471, 152.592115
45.486550, 1.678471, 152.592115
45.489839, 1.678471, 152.592115
45.492738, 1.678471, 152.592115
45.495968, 1.678471, 152.592115
45.499285, 1.678471, 152.592115
45.503023, 1.675922, 152.360389
45.507298, 1.675922, 152.360389
45.511383, 1.678471, 152.592115
45.515659, 1.678471, 152.592115
45.519850, 1.678471, 152.592115
45.524045, 1.678471, 152.592115
45.527942, 1.678471, 152.592115
45.531842, 1.678471, 152.592115
45.535828, 1.678471, 152.592115
45.538821, 1.678471, 152.592115
45.541681, 1.678471, 152.592115
45.545272, 1.678471, 152.592115
45.548746, 1.678471, 152.592115
45.552371, 1.678471, 152.592115
45.556562, 1.681020, 152.823842
45.559907, 1.678471, 152.592115
45.563311, 1.678471, 152.592115
45.566701, 1.675922, 152.360389
45.570307, 1.678471, 152.592115
45.574457, 1.678471, 152.592115
45.577702, 1.678471, 152.592115
45.580586, 1.678471, 152.592115
45.584128, 1.681020, 152.823842
45.587830, 1.678471, 152.592115
45.594599, 1.678471, 152.592115
45.603003, 1.675922, 152.360389
45.609964, 1.675922, 152.360389
45.615672, 1.675922, 152.360389
45.620404, 1.675922, 152.360389
45.624622, 1.678471, 152.592115
45.627527, 1.678471, 152.592115
45.630400, 1.678471, 152.592115
45.633490, 1.678471, 152.592115
45.636703, 1.678471, 152.592115
45.640185, 1.678471, 152.592115
45.643931, 1.678471, 152.592115
45.647195, 1.675922, 152.360389
45.650216, 1.675922, 152.360389
45.653779, 1.678471, 152.592115
45.658582, 1.678471, 152.592115
45.662143, 1.678471, 152.592115
45.665322, 1.678471, 152.592115
45.667286, 1.678471, 152.592115
45.669503, 1.678471, 152.592115
45.672612, 1.675922, 152.360389
45.675580, 1.678471, 152.592115
45.678529, 1.678471, 152.592115
45.683372, 1.678471, 152.592115
45.688495, 1.681020, 152.823842
45.693332, 1.681020, 152.823842
45.698395, 1.681020, 152.823842
45.702462, 1.678471, 152.592115
45.706121, 1.678471, 152.592115
45.709119, 1.678471, 152.592115
45.712364, 1.678471, 152.592115
45.715199, 1.678471, 152.592115
45.718310, 1.678471, 152.592115
45.721552, 1.678471, 152.592115
45.724656, 1.681020, 152.823842
45.728064, 1.678471, 152.592115
45.731583, 1.681020, 152.823842
45.735281, 1.678471, 152.592115
45.739342, 1.678471, 152.592115
45.743649, 1.675922, 152.360389
45.750401, 1.678471, 152.592115
45.756718, 1.678471, 152.592115
45.762225, 1.678471, 152.592115
45.767339, 1.678471, 152.592115
45.771787, 1.678471, 152.592115
45.776232, 1.678471, 152.592115
45.780058, 1.678471, 152.592115
45.783728, 1.678471, 152.592115
45.787881, 1.678471, 152.592115
45.791376, 1.678471, 152.592115
45.794860, 1.681020, 152.823842
45.798381, 1.678471, 152.592115
45.801884, 1.678471, 152.592115
45.806220, 1.678471, 152.592115
45.809014, 1.678471, 152.592115
45.811847, 1.678471, 152.592115
45.814838, 1.678471, 152.592115
45.818477, 1.678471, 152.592115
45.821703, 1.678471, 152.592115
45.824013, 1.678471, 152.592115
45.828761, 1.681020, 152.823842
45.833091, 1.681020, 152.823842
45.837464, 1.678471, 152.592115
45.840486, 1.681020, 152.823842
45.843352, 1.678471, 152.592115
45.846527, 1.678471, 152.592115
45.849882, 1.678471, 152.592115
45.853452, 1.678471, 152.592115
45.857666, 1.678471, 152.592115
45.862015, 1.678471, 152.592115
45.865960, 1.678471, 152.592115
45.869868, 1.678471, 152.592115
45.873587, 1.681020, 152.823842
45.876189, 1.681020, 152.823842
45.879115, 1.678471, 152.592115
45.881770, 1.678471, 152.592115
45.884711, 1.678471, 152.592115
45.887976, 1.678471, 152.592115
45.891074, 1.678471, 152.592115
45.894202, 1.678471, 152.592115
45.897234, 1.681020, 152.823842
45.900329, 1.681020, 152.823842
45.903397, 1.678471, 152.592115
45.906580, 1.678471, 152.592115
45.909709, 1.678471, 152.592115
45.912698, 1.678471, 152.592115
45.915585, 1.678471, 152.592115
45.918574, 1.678471, 152.592115
45.922934, 1.678471, 152.592115
45.926550, 1.678471, 152.592115
45.929587, 1.681020, 152.823842
45.932654, 1.678471, 152.592115
45.935855, 1.678471, 152.592115
45.940795, 1.678471, 152.592115
45.945472, 1.678471, 152.592115
45.950153, 1.678471, 152.592115
45.954564, 1.678471, 152.592115
45.958134, 1.678471, 152.592115
45.961120, 1.681020, 152.823842
45.964153, 1.678471, 152.592115
45.967306, 1.678471, 152.592115
45.971008, 1.678471, 152.592115
45.974381, 1.678471, 152.592115
45.977257, 1.678471, 152.592115
45.980880, 1.678471, 152.592115
45.984819, 1.678471, 152.592115
45.989567, 1.681020, 152.823842
45.994822, 1.681020, 152.823842
45.999477, 1.681020, 152.823842
46.004208, 1.681020, 152.823842
46.007727, 1.678471, 152.592115
46.011017, 1.678471, 152.592115
46.016151, 1.675922, 152.360389
46.021181, 1.678471, 152.592115
46.023857, 1.678471, 152.592115
46.028574, 1.681020, 152.823842
46.034583, 1.678471, 152.592115
46.039064, 1.681020, 152.823842
46.045373, 1.681020, 152.823842
46.051221, 1.678471, 152.592115
46.056398, 1.678471, 152.592115
46.061068, 1.678471, 152.592115
46.065090, 1.678471, 152.592115
46.068899, 1.678471, 152.592115
46.072993, 1.678471, 152.592115
46.076890, 1.678471, 152.592115
46.081952, 1.678471, 152.592115
46.084885, 1.678471, 152.592115
46.088104, 1.678471, 152.592115
46.092769, 1.678471, 152.592115
46.097349, 1.678471, 152.592115
46.101592, 1.678471, 152.592115
46.105709, 1.678471, 152.592115
46.109614, 1.681020, 152.823842
46.113432, 1.681020, 152.823842
46.117173, 1.681020, 152.823842
46.122935, 1.678471, 152.592115
46.126019, 1.678471, 152.592115
46.139647, 1.678471, 152.592115
46.163154, 1.678471, 152.592115
46.167958, 1.678471, 152.592115
46.171125, 1.678471, 152.592115
46.173803, 1.678471, 152.592115
46.176690, 1.681020, 152.823842
46.180976, 1.681020, 152.823842
46.186265, 1.681020, 152.823842
46.192074, 1.678471, 152.592115
46.196239, 1.678471, 152.592115
46.199706, 1.678471, 152.592115
46.202898, 1.678471, 152.592115
46.206954, 1.678471, 152.592115
46.210041, 1.678471, 152.592115
46.215739, 1.678471, 152.592115
46.221201, 1.678471, 152.592115
46.225491, 1.678471, 152.592115
46.232324, 1.678471, 152.592115
46.238185, 1.678471, 152.592115
46.242756, 1.678471, 152.592115
46.251019, 1.678471, 152.592115
46.255281, 1.678471, 152.592115
46.258567, 1.678471, 152.592115
46.268154, 1.678471, 152.592115
46.291436, 1.681020, 152.823842
46.307184, 1.678471, 152.592115
46.311793, 1.678471, 152.592115
46.314672, 1.678471, 152.592115
46.317324, 1.678471, 152.592115
46.320314, 1.678471, 152.592115
46.323816, 1.678471, 152.592115
46.328950, 1.678471, 152.592115
46.334110, 1.681020, 152.823842
46.339462, 1.681020, 152.823842
46.343162, 1.681020, 152.823842
46.348343, 1.678471, 152.592115
46.353186, 1.678471, 152.592115
46.357383, 1.678471, 152.592115
46.360437, 1.675922, 152.360389
46.363595, 1.678471, 152.592115
46.366691, 1.678471, 152.592115
46.370090, 1.681020, 152.823842
46.374084, 1.681020, 152.823842
46.377483, 1.681020, 152.823842
46.380980, 1.678471, 152.592115
46.384534, 1.678471, 152.592115
46.388234, 1.678471, 152.592115
46.392691, 1.675922, 152.360389
46.397634, 1.675922, 152.360389
46.402324, 1.678471, 152.592115
46.406084, 1.678471, 152.592115
46.409235, 1.678471, 152.592115
46.412509, 1.678471, 152.592115
46.417529, 1.681020, 152.823842
46.421650, 1.678471, 152.592115
46.424055, 1.678471, 152.592115
46.429575, 1.675922, 152.360389
46.432570, 1.675922, 152.360389
46.438639, 1.678471, 152.592115
46.442361, 1.678471, 152.592115
46.448396, 1.681020, 152.823842
46.454266, 1.678471, 152.592115
46.458004, 1.681020, 152.823842
46.461795, 1.681020, 152.823842
46.464024, 1.678471, 152.592115
46.466633, 1.678471, 152.592115
46.471677, 1.675922, 152.360389
46.479264, 1.678471, 152.592115
46.481972, 1.681020, 152.823842
46.484194, 1.681020, 152.823842
46.486574, 1.681020, 152.823842
46.489464, 1.678471, 152.592115
46.492844, 1.678471, 152.592115
46.495748, 1.678471, 152.592115
46.498709, 1.675922, 152.360389
46.501661, 1.678471, 152.592115
46.505007, 1.678471, 152.592115
46.511631, 1.681020, 152.823842
46.526990, 1.681020, 152.823842
46.549446, 1.681020, 152.823842
46.556181, 1.681020, 152.823842
46.559694, 1.678471, 152.592115
46.562635, 1.678471, 152.592115
46.565476, 1.678471, 152.592115
46.568562, 1.678471, 152.592115
46.571819, 1.678471, 152.592115
46.575188, 1.678471, 152.592115
46.579764, 1.678471, 152.592115
46.585235, 1.678471, 152.592115
46.591780, 1.681020, 152.823842
46.596520, 1.678471, 152.592115
46.608304, 1.678471, 152.592115
46.634540, 1.678471, 152.592115
46.659140, 1.678471, 152.592115
46.664892, 1.678471, 152.592115
46.668352, 1.678471, 152.592115
46.670897, 1.678471, 152.592115
46.673314, 1.681020, 152.823842
46.675992, 1.681020, 152.823842
46.689035, 1.681020, 152.823842
46.712995, 1.678471, 152.592115
46.728766, 1.678471, 152.592115
46.733140, 1.678471, 152.592115
46.735923, 1.681020, 152.823842
46.738756, 1.678471, 152.592115
46.741027, 1.678471, 152.592115
46.744255, 1.678471, 152.592115
46.748514, 1.681020, 152.823842
46.761539, 1.678471, 152.592115
46.786397, 1.678471, 152.592115
46.797526, 1.678471, 152.592115
46.801731, 1.678471, 152.592115
46.804659, 1.681020, 152.823842
46.807111, 1.678471, 152.592115
46.809738, 1.681020, 152.823842
46.825424, 1.678471, 152.592115
46.852076, 1.681020, 152.823842
46.863166, 1.678471, 152.592115
46.867359, 1.678471, 152.592115
46.870475, 1.678471, 152.592115
46.873725, 1.678471, 152.592115
46.878241, 1.678471, 152.592115
46.890741, 1.678471, 152.592115
46.916672, 1.678471, 152.592115
46.930078, 1.681020, 152.823842
46.933846, 1.678471, 152.592115
46.936705, 1.678471, 152.592115
46.939231, 1.681020, 152.823842
46.944494, 1.678471, 152.592115
46.959579, 1.678471, 152.592115
46.983939, 1.678471, 152.592115
46.989343, 1.678471, 152.592115
46.992870, 1.678471, 152.592115
46.995677, 1.678471, 152.592115
46.998642, 1.681020, 152.823842
47.000792, 1.681020, 152.823842
47.002967, 1.678471, 152.592115
47.006167, 1.678471, 152.592115
47.011520, 1.678471, 152.592115
47.016178, 1.678471, 152.592115
47.020811, 1.678471, 152.592115
47.025776, 1.681020, 152.823842
47.030734, 1.681020, 152.823842
47.036569, 1.681020, 152.823842
47.039999, 1.681020, 152.823842
47.043315, 1.678471, 152.592115
47.045675, 1.678471, 152.592115
47.048139, 1.678471, 152.592115
47.050812, 1.678471, 152.592115
47.053636, 1.678471, 152.592115
47.058082, 1.681020, 152.823842
47.062487, 1.681020, 152.823842
47.065039, 1.681020, 152.823842
47.067429, 1.681020, 152.823842
47.070006, 1.678471, 152.592115
47.072552, 1.678471, 152.592115
47.075649, 1.678471, 152.592115
47.080920, 1.678471, 152.592115
47.085778, 1.678471, 152.592115
47.091023, 1.678471, 152.592115
47.098067, 1.681020, 152.823842
47.101450, 1.681020, 152.823842
47.104620, 1.681020, 152.823842
47.108384, 1.681020, 152.823842
47.113558, 1.681020, 152.823842
47.116878, 1.678471, 152.592115
47.120049, 1.678471, 152.592115
47.123512, 1.678471, 152.592115
47.126179, 1.678471, 152.592115
47.129055, 1.681020, 152.823842
47.132195, 1.681020, 152.823842
47.137284, 1.681020, 152.823842
47.139977, 1.681020, 152.823842
47.143368, 1.678471, 152.592115
47.145967, 1.678471, 152.592115
47.148493, 1.678471, 152.592115
47.151203, 1.681020, 152.823842
47.156280, 1.681020, 152.823842
47.164694, 1.681020, 152.823842
47.172703, 1.681020, 152.823842
47.181579, 1.681020, 152.823842
47.188754, 1.681020, 152.823842
47.196899, 1.678471, 152.592115
47.212760, 1.678471, 152.592115
47.224867, 1.678471, 152.592115
47.229642, 1.678471, 152.592115
47.249741, 1.681020, 152.823842
47.279734, 1.681020, 152.823842
47.308022, 1.681020, 152.823842
47.315468, 1.681020, 152.823842
47.318656, 1.681020, 152.823842
47.321735, 1.681020, 152.823842
47.324969, 1.678471, 152.592115
47.329601, 1.678471, 152.592115
47.336868, 1.678471, 152.592115
47.346819, 1.678471, 152.592115
47.356199, 1.681020, 152.823842
47.364359, 1.681020, 152.823842
47.370681, 1.681020, 152.823842
47.373635, 1.681020, 152.823842
47.378556, 1.681020, 152.823842
47.387153, 1.678471, 152.592115
47.400228, 1.678471, 152.592115
47.405712, 1.678471, 152.592115
47.410608, 1.681020, 152.823842
47.418544, 1.681020, 152.823842
47.426363, 1.678471, 152.592115
47.433755, 1.681020, 152.823842
47.437542, 1.681020, 152.823842
47.442924, 1.678471, 152.592115
47.449167, 1.678471, 152.592115
47.456083, 1.681020, 152.823842
47.467090, 1.678471, 152.592115
47.472553, 1.681020, 152.823842
47.482386, 1.681020, 152.823842
47.489462, 1.681020, 152.823842
47.493671, 1.681020, 152.823842
47.502817, 1.681020, 152.823842
47.505441, 1.681020, 152.823842
47.511442, 1.678471, 152.592115
47.517541, 1.678471, 152.592115
47.522984, 1.681020, 152.823842
47.528096, 1.681020, 152.823842
47.533054, 1.681020, 152.823842
47.537387, 1.681020, 152.823842
47.541434, 1.681020, 152.823842
47.545309, 1.681020, 152.823842
47.548959, 1.681020, 152.823842
47.552464, 1.678471, 152.592115
47.556446, 1.678471, 152.592115
47.559400, 1.678471, 152.592115
47.562064, 1.678471, 152.592115
47.565312, 1.678471, 152.592115
47.568292, 1.681020, 152.823842
47.571448, 1.681020, 152.823842
47.575281, 1.681020, 152.823842
47.578686, 1.681020, 152.823842
47.582024, 1.678471, 152.592115
47.585899, 1.678471, 152.592115
47.589764, 1.678471, 152.592115
47.593404, 1.681020, 152.823842
47.598289, 1.681020, 152.823842
47.601432, 1.681020, 152.823842
47.607167, 1.681020, 152.823842
47.616431, 1.681020, 152.823842
47.624967, 1.681020, 152.823842
47.633997, 1.681020, 152.823842
47.642503, 1.678471, 152.592115
47.650088, 1.678471, 152.592115
47.657235, 1.681020, 152.823842
47.663403, 1.681020, 152.823842
47.668495, 1.681020, 152.823842
47.673273, 1.681020, 152.823842
47.677620, 1.681020, 152.823842
47.681471, 1.681020, 152.823842
47.685132, 1.681020, 152.823842
47.688878, 1.678471, 152.592115
47.692505, 1.678471, 152.592115
47.695982, 1.681020, 152.823842
47.700120, 1.683569, 153.055568
47.704528, 1.683569, 153.055568
47.709061, 1.681020, 152.823842
47.713460, 1.681020, 152.823842
47.717872, 1.678471, 152.592115
47.722647, 1.678471, 152.592115
47.727312, 1.678471, 152.592115
47.732196, 1.678471, 152.592115
47.736658, 1.678471, 152.592115
47.741225, 1.681020, 152.823842
47.745475, 1.681020, 152.823842
47.749875, 1.681020, 152.823842
47.753745, 1.681020, 152.823842
47.757498, 1.681020, 152.823842
47.761217, 1.678471, 152.592115
47.764725, 1.678471, 152.592115
47.768191, 1.678471, 152.592115
47.771669, 1.681020, 152.823842
47.775130, 1.681020, 152.823842
47.778822, 1.681020, 152.823842
47.783886, 1.681020, 152.823842
47.790008, 1.681020, 152.823842
47.795195, 1.681020, 152.823842
47.797886, 1.678471, 152.592115
47.800706, 1.678471, 152.592115
47.804951, 1.681020, 152.823842
47.807104, 1.681020, 152.823842
47.809535, 1.681020, 152.823842
47.812598, 1.681020, 152.823842
47.831314, 1.683569, 153.055568
47.849523, 1.681020, 152.823842
47.855246, 1.681020, 152.823842
47.858333, 1.681020, 152.823842
47.860715, 1.681020, 152.823842
47.863219, 1.678471, 152.592115
47.866421, 1.678471, 152.592115
47.869264, 1.681020, 152.823842
47.873030, 1.681020, 152.823842
47.876849, 1.681020, 152.823842
47.880527, 1.681020, 152.823842
47.884194, 1.681020, 152.823842
47.888157, 1.681020, 152.823842
47.893890, 1.681020, 152.823842
47.897912, 1.678471, 152.592115
47.900873, 1.678471, 152.592115
47.903911, 1.678471, 152.592115
47.907000, 1.678471, 152.592115
47.910108, 1.681020, 152.823842
47.913342, 1.681020, 152.823842
47.916567, 1.681020, 152.823842
47.919794, 1.681020, 152.823842
47.923137, 1.681020, 152.823842
47.926526, 1.678471, 152.592115
47.929897, 1.678471, 152.592115
47.933256, 1.681020, 152.823842
47.936962, 1.681020, 152.823842
47.940917, 1.681020, 152.823842
47.944459, 1.681020, 152.823842
47.946442, 1.681020, 152.823842
47.951525, 1.681020, 152.823842
47.958350, 1.681020, 152.823842
47.963947, 1.681020, 152.823842
47.967796, 1.681020, 152.823842
47.972769, 1.681020, 152.823842
47.978533, 1.681020, 152.823842
47.983639, 1.681020, 152.823842
47.988363, 1.681020, 152.823842
47.992327, 1.681020, 152.823842
47.996114, 1.681020, 152.823842
47.999912, 1.681020, 152.823842
48.003735, 1.678471, 152.592115
48.007569, 1.678471, 152.592115
48.011406, 1.681020, 152.823842
48.015043, 1.681020, 152.823842
48.018723, 1.681020, 152.823842
48.022353, 1.681020, 152.823842
48.025875, 1.681020, 152.823842
48.029575, 1.681020, 152.823842
48.033052, 1.681020, 152.823842
48.036423, 1.681020, 152.823842
48.040807, 1.678471, 152.592115
48.043135, 1.681020, 152.823842
48.046792, 1.681020, 152.823842
48.054552, 1.681020, 152.823842
48.059281, 1.681020, 152.823842
48.067347, 1.681020, 152.823842
48.070736, 1.681020, 152.823842
48.073207, 1.681020, 152.823842
48.075907, 1.681020, 152.823842
48.079158, 1.678471, 152.592115
48.081886, 1.681020, 152.823842
48.084764, 1.681020, 152.823842
48.089029, 1.681020, 152.823842
48.102872, 1.683569, 153.055568
48.126027, 1.683569, 153.055568
48.135563, 1.681020, 152.823842
48.139755, 1.681020, 152.823842
48.142544, 1.681020, 152.823842
48.146224, 1.681020, 152.823842
48.149115, 1.681020, 152.823842
48.151701, 1.681020, 152.823842
48.154313, 1.681020, 152.823842
48.161031, 1.681020, 152.823842
48.171244, 1.683569, 153.055568
48.183408, 1.681020, 152.823842
48.194180, 1.683569, 153.055568
48.202827, 1.681020, 152.823842
48.220763, 1.678471, 152.592115
48.252711, 1.681020, 152.823842
48.287355, 1.681020, 152.823842
48.307384, 1.683569, 153.055568
48.313275, 1.681020, 152.823842
48.317499, 1.681020, 152.823842
48.322386, 1.681020, 152.823842
48.341674, 1.681020, 152.823842
48.365431, 1.681020, 152.823842
48.390893, 1.681020, 152.823842
48.415978, 1.678471, 152.592115
48.443253, 1.681020, 152.823842
48.474467, 1.681020, 152.823842
48.517585, 1.681020, 152.823842
48.526321, 1.681020, 152.823842
48.530543, 1.681020, 152.823842
48.534028, 1.681020, 152.823842
48.537751, 1.681020, 152.823842
48.546435, 1.681020, 152.823842
48.568983, 1.681020, 152.823842
48.593281, 1.681020, 152.823842
48.619616, 1.681020, 152.823842
48.647624, 1.681020, 152.823842
48.671973, 1.681020, 152.823842
48.695819, 1.681020, 152.823842
48.719070, 1.681020, 152.823842
48.726394, 1.681020, 152.823842
48.730509, 1.681020, 152.823842
48.733873, 1.681020, 152.823842
48.737332, 1.681020, 152.823842
48.744246, 1.683569, 153.055568
48.759675, 1.681020, 152.823842
48.766196, 1.681020, 152.823842
48.777003, 1.683569, 153.055568
48.791766, 1.681020, 152.823842
48.816132, 1.681020, 152.823842
48.839354, 1.681020, 152.823842
48.862258, 1.681020, 152.823842
48.891644, 1.681020, 152.823842
48.901986, 1.681020, 152.823842
48.906255, 1.681020, 152.823842
48.911186, 1.683569, 153.055568
48.914065, 1.681020, 152.823842
48.917439, 1.683569, 153.055568
48.921748, 1.681020, 152.823842
48.931630, 1.681020, 152.823842
48.939286, 1.681020, 152.823842
48.952678, 1.681020, 152.823842
48.962679, 1.681020, 152.823842
48.984195, 1.681020, 152.823842
49.006696, 1.683569, 153.055568
49.017579, 1.681020, 152.823842
49.021721, 1.681020, 152.823842
49.024669, 1.681020, 152.823842
49.027432, 1.681020, 152.823842
49.030453, 1.678471, 152.592115
49.033923, 1.681020, 152.823842
49.037334, 1.681020, 152.823842
49.041187, 1.681020, 152.823842
49.045043, 1.683569, 153.055568
49.048929, 1.683569, 153.055568
49.052753, 1.681020, 152.823842
49.057034, 1.683569, 153.055568
49.059953, 1.683569, 153.055568
49.062893, 1.681020, 152.823842
49.066098, 1.681020, 152.823842
49.069502, 1.681020, 152.823842
49.072970, 1.683569, 153.055568
49.075464, 1.683569, 153.055568
49.079879, 1.683569, 153.055568
49.086405, 1.683569, 153.055568
49.089108, 1.681020, 152.823842
49.092368, 1.681020, 152.823842
49.095934, 1.681020, 152.823842
49.099310, 1.681020, 152.823842
49.101783, 1.681020, 152.823842
49.105390, 1.683569, 153.055568
49.107709, 1.681020, 152.823842
49.110149, 1.683569, 153.055568
49.112738, 1.681020, 152.823842
49.115722, 1.681020, 152.823842
49.119630, 1.678471, 152.592115
49.132867, 1.681020, 152.823842
49.156212, 1.681020, 152.823842
49.166224, 1.681020, 152.823842
49.169740, 1.681020, 152.823842
49.172484, 1.683569, 153.055568
49.174675, 1.683569, 153.055568
49.176835, 1.681020, 152.823842
49.178916, 1.681020, 152.823842
49.182425, 1.681020, 152.823842
49.186364, 1.678471, 152.592115
49.190523, 1.678471, 152.592115
49.194883, 1.681020, 152.823842
49.199156, 1.681020, 152.823842
49.203153, 1.681020, 152.823842
49.206104, 1.681020, 152.823842
49.208962, 1.681020, 152.823842
49.212002, 1.681020, 152.823842
49.215240, 1.681020, 152.823842
49.220029, 1.681020, 152.823842
49.225108, 1.681020, 152.823842
49.229652, 1.681020, 152.823842
49.235410, 1.683569, 153.055568
49.244009, 1.683569, 153.055568
49.250048, 1.683569, 153.055568
49.252632, 1.681020, 152.823842
49.259108, 1.681020, 152.823842
49.282769, 1.681020, 152.823842
49.305136, 1.681020, 152.823842
49.327959, 1.681020, 152.823842
49.333424, 1.681020, 152.823842
49.336706, 1.681020, 152.823842
49.339435, 1.681020, 152.823842
49.342226, 1.681020, 152.823842
49.345224, 1.681020, 152.823842
49.348488, 1.681020, 152.823842
49.351959, 1.681020, 152.823842
49.356571, 1.678471, 152.592115
49.363618, 1.678471, 152.592115
49.367367, 1.681020, 152.823842
49.371653, 1.681020, 152.823842
49.378352, 1.681020, 152.823842
49.386536, 1.681020, 152.823842
49.390072, 1.681020, 152.823842
49.392733, 1.681020, 152.823842
49.395702, 1.681020, 152.823842
49.398569, 1.678471, 152.592115
49.401757, 1.678471, 152.592115
49.405634, 1.681020, 152.823842
49.409241, 1.681020, 152.823842
49.412969, 1.681020, 152.823842
49.416901, 1.681020, 152.823842
49.422295, 1.681020, 152.823842
49.427656, 1.681020, 152.823842
49.432622, 1.681020, 152.823842
49.436111, 1.681020, 152.823842
49.438484, 1.681020, 152.823842
49.441193, 1.681020, 152.823842
49.444046, 1.681020, 152.823842
49.446898, 1.681020, 152.823842
49.449796, 1.681020, 152.823842
49.452704, 1.681020, 152.823842
49.455621, 1.681020, 152.823842
49.458140, 1.681020, 152.823842
49.461137, 1.681020, 152.823842
49.464541, 1.681020, 152.823842
49.467077, 1.681020, 152.823842
49.469458, 1.681020, 152.823842
49.471914, 1.681020, 152.823842
49.476588, 1.681020, 152.823842
49.481662, 1.681020, 152.823842
49.486466, 1.681020, 152.823842
49.491055, 1.678471, 152.592115
49.495441, 1.678471, 152.592115
49.499832, 1.678471, 152.592115
49.510170, 1.678471, 152.592115
49.518972, 1.678471, 152.592115
49.524180, 1.681020, 152.823842
49.532358, 1.681020, 152.823842
49.536514, 1.681020, 152.823842
49.540431, 1.681020, 152.823842
49.547996, 1.678471, 152.592115
49.557130, 1.681020, 152.823842
49.563631, 1.678471, 152.592115
49.571200, 1.678471, 152.592115
49.576267, 1.681020, 152.823842
49.578686, 1.678471, 152.592115
49.581397, 1.681020, 152.823842
49.591095, 1.681020, 152.823842
49.594955, 1.681020, 152.823842
49.598553, 1.681020, 152.823842
49.601995, 1.681020, 152.823842
49.605508, 1.681020, 152.823842
49.609054, 1.681020, 152.823842
49.612895, 1.681020, 152.823842
49.618260, 1.681020, 152.823842
49.630559, 1.683569, 153.055568
49.640533, 1.681020, 152.823842
49.656948, 1.681020, 152.823842
49.666994, 1.681020, 152.823842
49.676454, 1.678471, 152.592115
49.684702, 1.681020, 152.823842
49.695173, 1.681020, 152.823842
49.701580, 1.681020, 152.823842
49.714161, 1.681020, 152.823842
49.739938, 1.683569, 153.055568
49.765033, 1.681020, 152.823842
49.793996, 1.681020, 152.823842
49.816040, 1.678471, 152.592115
49.821874, 1.678471, 152.592115
49.826310, 1.678471, 152.592115
49.829451, 1.678471, 152.592115
49.832463, 1.681020, 152.823842
49.835838, 1.681020, 152.823842
49.839640, 1.683569, 153.055568
49.842106, 1.681020, 152.823842
49.844870, 1.681020, 152.823842
49.847903, 1.681020, 152.823842
49.858587, 1.678471, 152.592115
49.870746, 1.678471, 152.592115
49.876471, 1.678471, 152.592115
49.884085, 1.678471, 152.592115
49.907373, 1.681020, 152.823842
49.926271, 1.681020, 152.823842
49.931452, 1.681020, 152.823842
49.934954, 1.681020, 152.823842
49.937710, 1.681020, 152.823842
49.940704, 1.681020, 152.823842
49.943859, 1.681020, 152.823842
49.947366, 1.681020, 152.823842
49.951167, 1.681020, 152.823842
49.955350, 1.683569, 153.055568
49.959942, 1.681020, 152.823842
49.963028, 1.683569, 153.055568
49.966033, 1.681020, 152.823842
49.969298, 1.681020, 152.823842
49.973083, 1.681020, 152.823842
49.978614, 1.681020, 152.823842
49.985293, 1.681020, 152.823842
49.991164, 1.681020, 152.823842
49.997206, 1.681020, 152.823842
50.003670, 1.681020, 152.823842
50.009005, 1.681020, 152.823842
50.014124, 1.681020, 152.823842
50.018424, 1.681020, 152.823842
50.022381, 1.681020, 152.823842
50.026201, 1.678471, 152.592115
50.029856, 1.678471, 152.592115
50.034339, 1.678471, 152.592115
50.037712, 1.681020, 152.823842
50.042039, 1.681020, 152.823842
50.045246, 1.681020, 152.823842
50.047723, 1.681020, 152.823842
50.050438, 1.681020, 152.823842
50.053592, 1.681020, 152.823842
50.057737, 1.681020, 152.823842
50.061083, 1.681020, 152.823842
50.065122, 1.678471, 152.592115
50.068311, 1.681020, 152.823842
50.071832, 1.681020, 152.823842
50.075520, 1.681020, 152.823842
50.078120, 1.681020, 152.823842
50.081173, 1.681020, 152.823842
50.085524, 1.681020, 152.823842
50.090273, 1.681020, 152.823842
50.094466, 1.681020, 152.823842
50.098452, 1.681020, 152.823842
50.102754, 1.681020, 152.823842
50.107199, 1.683569, 153.055568
50.111086, 1.683569, 153.055568
50.115302, 1.681020, 152.823842
50.118111, 1.683569, 153.055568
50.120743, 1.681020, 152.823842
50.125198, 1.681020, 152.823842
50.128648, 1.681020, 152.823842
50.131805, 1.681020, 152.823842
50.135413, 1.681020, 152.823842
50.139281, 1.681020, 152.823842
50.143830, 1.683569, 153.055568
50.148027, 1.683569, 153.055568
50.152156, 1.681020, 152.823842
50.157140, 1.681020, 152.823842
50.160663, 1.681020, 152.823842
50.164279, 1.681020, 152.823842
50.167816, 1.681020, 152.823842
50.171823, 1.681020, 152.823842
50.175025, 1.681020, 152.823842
50.178078, 1.681020, 152.823842
50.181721, 1.683569, 153.055568
50.186036, 1.683569, 153.055568
50.190250, 1.681020, 152.823842
50.194281, 1.678471, 152.592115
50.198177, 1.681020, 152.823842
50.201987, 1.681020, 152.823842
50.206177, 1.683569, 153.055568
50.209167, 1.683569, 153.055568
50.212146, 1.683569, 153.055568
50.215242, 1.683569, 153.055568
50.218503, 1.681020, 152.823842
50.222059, 1.681020, 152.823842
50.225751, 1.681020, 152.823842
50.229426, 1.681020, 152.823842
50.233835, 1.681020, 152.823842
50.237258, 1.681020, 152.823842
50.242145, 1.681020, 152.823842
50.250463, 1.683569, 153.055568
50.257624, 1.683569, 153.055568
50.265017, 1.683569, 153.055568
50.271884, 1.681020, 152.823842
50.278334, 1.681020, 152.823842
50.284285, 1.681020, 152.823842
50.290218, 1.683569, 153.055568
50.295747, 1.681020, 152.823842
50.300909, 1.681020, 152.823842
50.305468, 1.683569, 153.055568
50.308116, 1.683569, 153.055568
50.312210, 1.683569, 153.055568
50.316399, 1.683569, 153.055568
50.321178, 1.681020, 152.823842
50.325064, 1.683569, 153.055568
50.330779, 1.681020, 152.823842
50.334989, 1.681020, 152.823842
50.338338, 1.681020, 152.823842
50.344371, 1.681020, 152.823842
50.349669, 1.681020, 152.823842
50.354327, 1.683569, 153.055568
50.358458, 1.681020, 152.823842
50.364170, 1.681020, 152.823842
50.369153, 1.681020, 152.823842
50.374406, 1.681020, 152.823842
50.379324, 1.683569, 153.055568
50.383812, 1.683569, 153.055568
50.387794, 1.681020, 152.823842
50.392016, 1.683569, 153.055568
50.395943, 1.683569, 153.055568
50.399755, 1.681020, 152.823842
50.404610, 1.683569, 153.055568
50.407912, 1.683569, 153.055568
50.410706, 1.681020, 152.823842
50.413900, 1.683569, 153.055568
50.417072, 1.683569, 153.055568
50.421478, 1.683569, 153.055568
50.425297, 1.683569, 153.055568
50.428716, 1.683569, 153.055568
50.433177, 1.681020, 152.823842
50.436969, 1.681020, 152.823842
50.439510, 1.683569, 153.055568
50.445362, 1.683569, 153.055568
50.451797, 1.681020, 152.823842
50.459016, 1.681020, 152.823842
50.466045, 1.683569, 153.055568
50.471967, 1.683569, 153.055568
50.474275, 1.683569, 153.055568
50.479465, 1.683569, 153.055568
50.484477, 1.683569, 153.055568
50.488905, 1.681020, 152.823842
50.493222, 1.681020, 152.823842
50.497408, 1.681020, 152.823842
50.501272, 1.681020, 152.823842
50.504965, 1.683569, 153.055568
50.508697, 1.681020, 152.823842
50.512561, 1.683569, 153.055568
50.516166, 1.681020, 152.823842
50.519852, 1.683569, 153.055568
50.524176, 1.681020, 152.823842
50.526933, 1.681020, 152.823842
50.529866, 1.681020, 152.823842
50.532992, 1.683569, 153.055568
50.536412, 1.683569, 153.055568
50.540061, 1.683569, 153.055568
50.544155, 1.683569, 153.055568
50.547770, 1.683569, 153.055568
50.551352, 1.683569, 153.055568
50.555927, 1.683569, 153.055568
50.558378, 1.681020, 152.823842
50.563035, 1.681020, 152.823842
50.566148, 1.683569, 153.055568
50.569976, 1.681020, 152.823842
50.579405, 1.683569, 153.055568
50.587835, 1.683569, 153.055568
50.590308, 1.683569, 153.055568
50.594596, 1.683569, 153.055568
50.602513, 1.683569, 153.055568
50.608422, 1.683569, 153.055568
50.614137, 1.681020, 152.823842
50.619288, 1.683569, 153.055568
50.622642, 1.683569, 153.055568
50.625404, 1.683569, 153.055568
50.628458, 1.683569, 153.055568
50.631892, 1.683569, 153.055568
50.635550, 1.683569, 153.055568
50.639288, 1.683569, 153.055568
50.643197, 1.681020, 152.823842
50.647002, 1.681020, 152.823842
50.650768, 1.681020, 152.823842
50.654720, 1.681020, 152.823842
50.658479, 1.681020, 152.823842
50.662090, 1.683569, 153.055568
50.665829, 1.683569, 153.055568
50.669473, 1.681020, 152.823842
50.672904, 1.681020, 152.823842
50.675570, 1.681020, 152.823842
50.679080, 1.681020, 152.823842
50.682845, 1.681020, 152.823842
50.686710, 1.683569, 153.055568
50.689509, 1.683569, 153.055568
50.692259, 1.683569, 153.055568
50.695476, 1.683569, 153.055568
50.698549, 1.683569, 153.055568
50.701828, 1.683569, 153.055568
50.706100, 1.683569, 153.055568
50.709625, 1.681020, 152.823842
50.713074, 1.683569, 153.055568
50.716513, 1.681020, 152.823842
50.720081, 1.683569, 153.055568
50.724594, 1.683569, 153.055568
50.727396, 1.683569, 153.055568
50.730204, 1.683569, 153.055568
50.733630, 1.681020, 152.823842
50.737141, 1.681020, 152.823842
50.739376, 1.683569, 153.055568
50.741525, 1.681020, 152.823842
50.743948, 1.683569, 153.055568
50.745981, 1.683569, 153.055568
50.749518, 1.683569, 153.055568
50.754521, 1.683569, 153.055568
50.761539, 1.683569, 153.055568
50.769686, 1.683569, 153.055568
50.775515, 1.681020, 152.823842
50.781103, 1.681020, 152.823842
50.785943, 1.681020, 152.823842
50.789941, 1.683569, 153.055568
50.793756, 1.681020, 152.823842
50.797336, 1.683569, 153.055568
50.801067, 1.683569, 153.055568
50.804262, 1.683569, 153.055568
50.807030, 1.683569, 153.055568
50.810064, 1.681020, 152.823842
50.813261, 1.681020, 152.823842
50.816573, 1.681020, 152.823842
50.820046, 1.683569, 153.055568
50.824346, 1.681020, 152.823842
50.827873, 1.683569, 153.055568
50.831494, 1.683569, 153.055568
50.834875, 1.683569, 153.055568
50.838272, 1.683569, 153.055568
50.842262, 1.681020, 152.823842
50.845654, 1.681020, 152.823842
50.848222, 1.683569, 153.055568
50.851051, 1.681020, 152.823842
50.854751, 1.683569, 153.055568
50.859025, 1.683569, 153.055568
50.863595, 1.683569, 153.055568
50.866551, 1.683569, 153.055568
50.869311, 1.683569, 153.055568
50.873190, 1.683569, 153.055568
50.876401, 1.681020, 152.823842
50.879369, 1.683569, 153.055568
50.882918, 1.681020, 152.823842
50.886397, 1.683569, 153.055568
50.889725, 1.683569, 153.055568
50.892942, 1.683569, 153.055568
50.896827, 1.683569, 153.055568
50.899849, 1.683569, 153.055568
50.903074, 1.683569, 153.055568
50.905725, 1.681020, 152.823842
50.909141, 1.681020, 152.823842
50.912126, 1.681020, 152.823842
50.915487, 1.683569, 153.055568
50.919356, 1.683569, 153.055568
50.923923, 1.683569, 153.055568
50.928253, 1.683569, 153.055568
50.932333, 1.681020, 152.823842
50.936454, 1.681020, 152.823842
50.939051, 1.681020, 152.823842
50.942740, 1.681020, 152.823842
50.946538, 1.681020, 152.823842
50.950284, 1.681020, 152.823842
50.954754, 1.683569, 153.055568
50.958652, 1.683569, 153.055568
50.962993, 1.683569, 153.055568
50.967779, 1.683569, 153.055568
50.974014, 1.683569, 153.055568
50.979461, 1.681020, 152.823842
50.984682, 1.683569, 153.055568
50.988665, 1.683569, 153.055568
50.993043, 1.683569, 153.055568
50.998506, 1.683569, 153.055568
51.003862, 1.683569, 153.055568
51.008790, 1.683569, 153.055568
51.013335, 1.683569, 153.055568
51.017459, 1.681020, 152.823842
51.021444, 1.681020, 152.823842
51.025226, 1.681020, 152.823842
51.028937, 1.683569, 153.055568
51.032634, 1.683569, 153.055568
51.036035, 1.683569, 153.055568
51.039567, 1.683569, 153.055568
51.043194, 1.683569, 153.055568
51.047061, 1.681020, 152.823842
51.050349, 1.681020, 152.823842
51.053145, 1.681020, 152.823842
51.056264, 1.681020, 152.823842
51.059723, 1.681020, 152.823842
51.063411, 1.683569, 153.055568
51.067260, 1.683569, 153.055568
51.070515, 1.683569, 153.055568
51.073560, 1.683569, 153.055568
51.076639, 1.683569, 153.055568
51.080063, 1.681020, 152.823842
51.083511, 1.681020, 152.823842
51.086939, 1.681020, 152.823842
51.090744, 1.681020, 152.823842
51.093835, 1.681020, 152.823842
51.096994, 1.683569, 153.055568
51.100313, 1.683569, 153.055568
51.103752, 1.683569, 153.055568
51.107379, 1.681020, 152.823842
51.110196, 1.681020, 152.823842
51.113205, 1.681020, 152.823842
51.116431, 1.681020, 152.823842
51.120217, 1.683569, 153.055568
51.123913, 1.683569, 153.055568
51.127683, 1.683569, 153.055568
51.131386, 1.683569, 153.055568
51.134276, 1.683569, 153.055568
51.137131, 1.683569, 153.055568
51.141675, 1.683569, 153.055568
51.148360, 1.681020, 152.823842
51.154101, 1.681020, 152.823842
51.159359, 1.683569, 153.055568
51.164272, 1.683569, 153.055568
51.168219, 1.683569, 153.055568
51.172439, 1.683569, 153.055568
51.176298, 1.683569, 153.055568
51.178844, 1.683569, 153.055568
51.180930, 1.681020, 152.823842
51.186030, 1.681020, 152.823842
51.192466, 1.681020, 152.823842
51.197765, 1.681020, 152.823842
51.202740, 1.681020, 152.823842
51.207362, 1.683569, 153.055568
51.211563, 1.681020, 152.823842
51.214681, 1.681020, 152.823842
51.217486, 1.683569, 153.055568
51.220295, 1.681020, 152.823842
51.224652, 1.681020, 152.823842
51.228647, 1.678471, 152.592115
51.232722, 1.681020, 152.823842
51.237122, 1.681020, 152.823842
51.242443, 1.683569, 153.055568
51.245543, 1.683569, 153.055568
51.248082, 1.683569, 153.055568
51.250999, 1.683569, 153.055568
51.256504, 1.683569, 153.055568
51.262071, 1.683569, 153.055568
51.264672, 1.681020, 152.823842
51.266826, 1.681020, 152.823842
51.269275, 1.681020, 152.823842
51.272344, 1.681020, 152.823842
51.275006, 1.683569, 153.055568
51.278277, 1.683569, 153.055568
51.284067, 1.683569, 153.055568
51.307076, 1.683569, 153.055568
51.328968, 1.681020, 152.823842
51.334612, 1.683569, 153.055568
51.337884, 1.681020, 152.823842
51.340513, 1.681020, 152.823842
51.343380, 1.683569, 153.055568
51.349258, 1.683569, 153.055568
51.356053, 1.683569, 153.055568
51.359074, 1.683569, 153.055568
51.364473, 1.683569, 153.055568
51.391702, 1.681020, 152.823842
51.414390, 1.681020, 152.823842
51.424828, 1.681020, 152.823842
51.428648, 1.678471, 152.592115
51.431343, 1.681020, 152.823842
51.433976, 1.683569, 153.055568
51.437021, 1.683569, 153.055568
51.445941, 1.681020, 152.823842
51.457091, 1.683569, 153.055568
51.466923, 1.681020, 152.823842
51.474648, 1.681020, 152.823842
51.480834, 1.681020, 152.823842
51.486662, 1.681020, 152.823842
51.494256, 1.681020, 152.823842
51.503709, 1.681020, 152.823842
51.512630, 1.683569, 153.055568
51.519504, 1.683569, 153.055568
51.525433, 1.683569, 153.055568
51.530827, 1.681020, 152.823842
51.535283, 1.681020, 152.823842
51.539408, 1.681020, 152.823842
51.543845, 1.681020, 152.823842
51.547683, 1.681020, 152.823842
51.551795, 1.681020, 152.823842
51.555616, 1.683569, 153.055568
51.559660, 1.683569, 153.055568
51.564033, 1.683569, 153.055568
51.567885, 1.681020, 152.823842
51.572031, 1.681020, 152.823842
51.575459, 1.681020, 152.823842
51.579033, 1.681020, 152.823842
51.583444, 1.683569, 153.055568
51.589250, 1.683569, 153.055568
51.593207, 1.683569, 153.055568
51.597273, 1.683569, 153.055568
51.601476, 1.683569, 153.055568
51.605145, 1.681020, 152.823842
51.608216, 1.681020, 152.823842
51.611303, 1.681020, 152.823842
51.614507, 1.681020, 152.823842
51.617748, 1.681020, 152.823842
51.621908, 1.681020, 152.823842
51.625205, 1.683569, 153.055568
51.628254, 1.683569, 153.055568
51.631565, 1.681020, 152.823842
51.634799, 1.683569, 153.055568
51.638457, 1.681020, 152.823842
51.641418, 1.681020, 152.823842
51.644114, 1.681020, 152.823842
51.647178, 1.681020, 152.823842
51.650820, 1.681020, 152.823842
51.654424, 1.683569, 153.055568
51.657217, 1.683569, 153.055568
51.661964, 1.683569, 153.055568
51.666424, 1.683569, 153.055568
51.670707, 1.681020, 152.823842
51.674488, 1.681020, 152.823842
51.677505, 1.681020, 152.823842
51.680650, 1.683569, 153.055568
51.684126, 1.683569, 153.055568
51.687861, 1.683569, 153.055568
51.691854, 1.683569, 153.055568
51.695833, 1.683569, 153.055568
51.699627, 1.683569, 153.055568
51.703468, 1.681020, 152.823842
51.707477, 1.681020, 152.823842
51.711403, 1.683569, 153.055568
51.715316, 1.683569, 153.055568
51.719522, 1.683569, 153.055568
51.723294, 1.683569, 153.055568
51.726972, 1.683569, 153.055568
51.730574, 1.683569, 153.055568
51.734045, 1.683569, 153.055568
51.737611, 1.683569, 153.055568
51.741452, 1.681020, 152.823842
51.745184, 1.681020, 152.823842
51.748979, 1.681020, 152.823842
51.752847, 1.683569, 153.055568
51.757031, 1.683569, 153.055568
51.761184, 1.683569, 153.055568
51.765152, 1.683569, 153.055568
51.769116, 1.683569, 153.055568
51.773164, 1.683569, 153.055568
51.777440, 1.681020, 152.823842
51.781162, 1.681020, 152.823842
51.784745, 1.681020, 152.823842
51.788362, 1.681020, 152.823842
51.792105, 1.683569, 153.055568
51.796360, 1.683569, 153.055568
51.799151, 1.683569, 153.055568
51.802003, 1.683569, 153.055568
51.805420, 1.683569, 153.055568
51.809039, 1.683569, 153.055568
51.812107, 1.683569, 153.055568
51.815216, 1.683569, 153.055568
51.818749, 1.683569, 153.055568
51.823062, 1.683569, 153.055568
51.825939, 1.683569, 153.055568
51.830222, 1.686118, 153.287294
51.833179, 1.683569, 153.055568
51.836442, 1.681020, 152.823842
51.839519, 1.681020, 152.823842
51.842377, 1.681020, 152.823842
51.845628, 1.683569, 153.055568
51.849091, 1.683569, 153.055568
51.852593, 1.683569, 153.055568
51.856484, 1.683569, 153.055568
51.860296, 1.686118, 153.287294
51.864002, 1.683569, 153.055568
51.867886, 1.683569, 153.055568
51.872032, 1.681020, 152.823842
51.875050, 1.683569, 153.055568
51.878221, 1.681020, 152.823842
51.881405, 1.683569, 153.055568
51.884571, 1.683569, 153.055568
51.888647, 1.683569, 153.055568
51.892371, 1.683569, 153.055568
51.895940, 1.683569, 153.055568
51.900123, 1.683569, 153.055568
51.903205, 1.681020, 152.823842
51.906323, 1.681020, 152.823842
51.911018, 1.681020, 152.823842
51.914017, 1.683569, 153.055568
51.917040, 1.683569, 153.055568
51.920051, 1.683569, 153.055568
51.923288, 1.683569, 153.055568
51.928352, 1.683569, 153.055568
51.931752, 1.683569, 153.055568
51.936696, 1.683569, 153.055568
51.941419, 1.681020, 152.823842
51.944402, 1.683569, 153.055568
51.947210, 1.683569, 153.055568
51.950194, 1.683569, 153.055568
51.954652, 1.683569, 153.055568
51.958770, 1.683569, 153.055568
51.966333, 1.683569, 153.055568
51.972627, 1.683569, 153.055568
51.978657, 1.683569, 153.055568
51.983944, 1.683569, 153.055568
51.988689, 1.683569, 153.055568
51.992807, 1.683569, 153.055568
51.996690, 1.683569, 153.055568
52.001262, 1.683569, 153.055568
52.004097, 1.683569, 153.055568
52.008043, 1.683569, 153.055568
52.010986, 1.683569, 153.055568
52.015783, 1.683569, 153.055568
52.019706, 1.683569, 153.055568
52.024044, 1.683569, 153.055568
52.028534, 1.683569, 153.055568
52.033758, 1.683569, 153.055568
52.038246, 1.681020, 152.823842
52.043191, 1.683569, 153.055568
52.048932, 1.683569, 153.055568
52.054420, 1.683569, 153.055568
52.059426, 1.683569, 153.055568
52.063472, 1.683569, 153.055568
52.067611, 1.683569, 153.055568
52.070390, 1.683569, 153.055568
52.073232, 1.683569, 153.055568
52.076577, 1.683569, 153.055568
52.079779, 1.683569, 153.055568
52.083140, 1.683569, 153.055568
52.086703, 1.683569, 153.055568
52.090745, 1.683569, 153.055568
52.093672, 1.683569, 153.055568
52.097277, 1.686118, 153.287294
52.101405, 1.683569, 153.055568
52.106626, 1.683569, 153.055568
52.110056, 1.683569, 153.055568
52.112802, 1.683569, 153.055568
52.115639, 1.683569, 153.055568
52.120350, 1.683569, 153.055568
52.123646, 1.683569, 153.055568
52.126330, 1.683569, 153.055568
52.128368, 1.683569, 153.055568
52.130973, 1.683569, 153.055568
52.134132, 1.683569, 153.055568
52.138185, 1.683569, 153.055568
52.141893, 1.683569, 153.055568
52.145443, 1.683569, 153.055568
52.148680, 1.683569, 153.055568
52.151754, 1.683569, 153.055568
52.154655, 1.683569, 153.055568
52.158410, 1.683569, 153.055568
52.163213, 1.681020, 152.823842
52.167197, 1.683569, 153.055568
52.171864, 1.683569, 153.055568
52.174457, 1.683569, 153.055568
52.177702, 1.683569, 153.055568
52.181381, 1.686118, 153.287294
52.185189, 1.686118, 153.287294
52.189764, 1.683569, 153.055568
52.192822, 1.683569, 153.055568
52.195617, 1.681020, 152.823842
52.199376, 1.683569, 153.055568
52.202753, 1.683569, 153.055568
52.204759, 1.683569, 153.055568
52.208839, 1.686118, 153.287294
52.211910, 1.683569, 153.055568
52.216614, 1.686118, 153.287294
52.220552, 1.683569, 153.055568
52.224205, 1.683569, 153.055568
52.230421, 1.683569, 153.055568
52.235930, 1.683569, 153.055568
52.242119, 1.683569, 153.055568
52.248768, 1.686118, 153.287294
52.254659, 1.686118, 153.287294
52.259841, 1.683569, 153.055568
52.264541, 1.686118, 153.287294
52.268778, 1.683569, 153.055568
52.272683, 1.683569, 153.055568
52.275803, 1.683569, 153.055568
52.278406, 1.683569, 153.055568
52.281458, 1.683569, 153.055568
52.284769, 1.688667, 153.519021
52.288255, 1.686118, 153.287294
52.292037, 1.686118, 153.287294
52.296039, 1.686118, 153.287294
52.300177, 1.683569, 153.055568
52.304484, 1.683569, 153.055568
52.307978, 1.683569, 153.055568
52.310844, 1.683569, 153.055568
52.313945, 1.683569, 153.055568
52.317268, 1.686118, 153.287294
52.320673, 1.686118, 153.287294
52.324178, 1.686118, 153.287294
52.329487, 1.686118, 153.287294
52.335465, 1.683569, 153.055568
52.340765, 1.683569, 153.055568
52.345149, 1.683569, 153.055568
52.349524, 1.683569, 153.055568
52.354120, 1.683569, 153.055568
52.359384, 1.683569, 153.055568
52.365309, 1.686118, 153.287294
52.370580, 1.686118, 153.287294
52.375733, 1.686118, 153.287294
52.380540, 1.683569, 153.055568
52.385011, 1.686118, 153.287294
52.389496, 1.683569, 153.055568
52.393630, 1.683569, 153.055568
52.397681, 1.686118, 153.287294
52.401769, 1.686118, 153.287294
52.405630, 1.686118, 153.287294
52.409387, 1.686118, 153.287294
52.413170, 1.686118, 153.287294
52.416749, 1.683569, 153.055568
52.420336, 1.683569, 153.055568
52.423874, 1.683569, 153.055568
52.427420, 1.686118, 153.287294
52.431134, 1.686118, 153.287294
52.435676, 1.683569, 153.055568
52.440007, 1.686118, 153.287294
52.443544, 1.686118, 153.287294
52.446779, 1.686118, 153.287294
52.450080, 1.683569, 153.055568
52.453556, 1.683569, 153.055568
52.457481, 1.683569, 153.055568
52.460671, 1.683569, 153.055568
52.464082, 1.683569, 153.055568
52.467384, 1.686118, 153.287294
52.470731, 1.686118, 153.287294
52.474513, 1.683569, 153.055568
52.478928, 1.683569, 153.055568
52.484417, 1.686118, 153.287294
52.489743, 1.683569, 153.055568
52.494934, 1.686118, 153.287294
52.499138, 1.683569, 153.055568
52.504098, 1.683569, 153.055568
52.509319, 1.683569, 153.055568
52.512203, 1.683569, 153.055568
52.515773, 1.686118, 153.287294
52.518443, 1.686118, 153.287294
52.522489, 1.686118, 153.287294
52.526534, 1.683569, 153.055568
52.529569, 1.683569, 153.055568
52.532506, 1.683569, 153.055568
52.535713, 1.683569, 153.055568
52.539319, 1.683569, 153.055568
52.542558, 1.686118, 153.287294
52.545727, 1.686118, 153.287294
52.548692, 1.686118, 153.287294
52.551895, 1.686118, 153.287294
52.555743, 1.683569, 153.055568
52.563302, 1.683569, 153.055568
52.566241, 1.686118, 153.287294
52.569290, 1.686118, 153.287294
52.577852, 1.683569, 153.055568
52.585078, 1.686118, 153.287294
52.597557, 1.686118, 153.287294
52.622508, 1.686118, 153.287294
52.646176, 1.686118, 153.287294
52.657465, 1.683569, 153.055568
52.661546, 1.683569, 153.055568
52.664621, 1.683569, 153.055568
52.668307, 1.683569, 153.055568
52.675975, 1.683569, 153.055568
52.699419, 1.686118, 153.287294
52.724449, 1.686118, 153.287294
52.731646, 1.686118, 153.287294
52.735026, 1.686118, 153.287294
52.738085, 1.683569, 153.055568
52.742025, 1.683569, 153.055568
52.750187, 1.683569, 153.055568
52.773621, 1.686118, 153.287294
52.796261, 1.686118, 153.287294
52.802335, 1.686118, 153.287294
52.805638, 1.686118, 153.287294
52.808608, 1.686118, 153.287294
52.812476, 1.686118, 153.287294
52.815074, 1.683569, 153.055568
52.817847, 1.683569, 153.055568
52.821229, 1.683569, 153.055568
52.825676, 1.686118, 153.287294
52.828712, 1.686118, 153.287294
52.831590, 1.686118, 153.287294
52.834501, 1.686118, 153.287294
52.837994, 1.686118, 153.287294
52.841613, 1.686118, 153.287294
52.844888, 1.686118, 153.287294
52.848131, 1.683569, 153.055568
52.852092, 1.686118, 153.287294
52.855987, 1.686118, 153.287294
52.859607, 1.686118, 153.287294
52.863662, 1.686118, 153.287294
52.866635, 1.686118, 153.287294
52.869593, 1.686118, 153.287294
52.873436, 1.686118, 153.287294
52.876545, 1.683569, 153.055568
52.879698, 1.686118, 153.287294
52.882919, 1.683569, 153.055568
52.886199, 1.686118, 153.287294
52.890463, 1.686118, 153.287294
52.894191, 1.686118, 153.287294
52.897507, 1.686118, 153.287294
52.900609, 1.686118, 153.287294
52.904880, 1.686118, 153.287294
52.909082, 1.686118, 153.287294
52.912228, 1.683569, 153.055568
52.916780, 1.686118, 153.287294
52.919856, 1.686118, 153.287294
52.923779, 1.686118, 153.287294
52.926683, 1.686118, 153.287294
52.929547, 1.686118, 153.287294
52.933385, 1.686118, 153.287294
52.937266, 1.688667, 153.519021
52.940353, 1.686118, 153.287294
52.943612, 1.683569, 153.055568
52.947117, 1.686118, 153.287294
52.950557, 1.683569, 153.055568
52.954402, 1.686118, 153.287294
52.958115, 1.686118, 153.287294
52.961654, 1.686118, 153.287294
52.965598, 1.686118, 153.287294
52.968272, 1.686118, 153.287294
52.971601, 1.686118, 153.287294
52.974384, 1.686118, 153.287294
52.978069, 1.686118, 153.287294
52.983758, 1.686118, 153.287294
52.989373, 1.683569, 153.055568
52.995408, 1.686118, 153.287294
53.000366, 1.686118, 153.287294
53.005190, 1.686118, 153.287294
53.008152, 1.686118, 153.287294
53.012175, 1.686118, 153.287294
53.016421, 1.683569, 153.055568
53.020673, 1.686118, 153.287294
53.024811, 1.683569, 153.055568
53.029433, 1.686118, 153.287294
53.033458, 1.686118, 153.287294
53.037560, 1.686118, 153.287294
53.040858, 1.686118, 153.287294
53.045545, 1.686118, 153.287294
53.048491, 1.686118, 153.287294
53.052086, 1.686118, 153.287294
53.056324, 1.686118, 153.287294
53.062900, 1.686118, 153.287294
53.068867, 1.686118, 153.287294
53.074282, 1.686118, 153.287294
53.079894, 1.686118, 153.287294
53.085630, 1.686118, 153.287294
53.091659, 1.686118, 153.287294
53.097159, 1.686118, 153.287294
53.102455, 1.686118, 153.287294
53.107385, 1.686118, 153.287294
53.111672, 1.686118, 153.287294
53.115666, 1.686118, 153.287294
53.119560, 1.686118, 153.287294
53.123687, 1.686118, 153.287294
53.126473, 1.686118, 153.287294
53.129229, 1.688667, 153.519021
53.132799, 1.688667, 153.519021
53.135567, 1.686118, 153.287294
53.139478, 1.686118, 153.287294
53.144595, 1.683569, 153.055568
53.148040, 1.683569, 153.055568
53.150950, 1.686118, 153.287294
53.154673, 1.688667, 153.519021
53.157987, 1.686118, 153.287294
53.161728, 1.686118, 153.287294
53.166102, 1.686118, 153.287294
53.169283, 1.686118, 153.287294
53.175204, 1.686118, 153.287294
53.181799, 1.686118, 153.287294
53.187731, 1.683569, 153.055568
53.191618, 1.686118, 153.287294
53.194535, 1.686118, 153.287294
53.199461, 1.686118, 153.287294
53.204097, 1.686118, 153.287294
53.206402, 1.686118, 153.287294
53.210014, 1.683569, 153.055568
53.213528, 1.683569, 153.055568
53.217521, 1.686118, 153.287294
53.221522, 1.686118, 153.287294
53.225311, 1.686118, 153.287294
53.228506, 1.686118, 153.287294
53.232807, 1.686118, 153.287294
53.238182, 1.686118, 153.287294
53.246042, 1.686118, 153.287294
53.252178, 1.686118, 153.287294
53.256445, 1.686118, 153.287294
53.262390, 1.686118, 153.287294
53.267863, 1.686118, 153.287294
53.272712, 1.686118, 153.287294
53.277116, 1.688667, 153.519021
53.280491, 1.686118, 153.287294
53.283162, 1.686118, 153.287294
53.285924, 1.686118, 153.287294
53.289000, 1.686118, 153.287294
53.292126, 1.686118, 153.287294
53.295402, 1.683569, 153.055568
53.298837, 1.686118, 153.287294
53.302810, 1.686118, 153.287294
53.305757, 1.686118, 153.287294
53.309529, 1.686118, 153.287294
53.313472, 1.686118, 153.287294
53.317891, 1.686118, 153.287294
53.322200, 1.686118, 153.287294
53.325375, 1.686118, 153.287294
53.332437, 1.686118, 153.287294
53.338917, 1.686118, 153.287294
53.344956, 1.686118, 153.287294
53.349992, 1.686118, 153.287294
53.354878, 1.686118, 153.287294
53.358592, 1.686118, 153.287294
53.360909, 1.686118, 153.287294
53.363485, 1.686118, 153.287294
53.366643, 1.686118, 153.287294
53.370622, 1.686118, 153.287294
53.374704, 1.686118, 153.287294
53.380052, 1.683569, 153.055568
53.384897, 1.688667, 153.519021
53.389164, 1.686118, 153.287294
53.393342, 1.686118, 153.287294
53.397179, 1.686118, 153.287294
53.401037, 1.686118, 153.287294
53.404871, 1.686118, 153.287294
53.407932, 1.686118, 153.287294
53.411190, 1.686118, 153.287294
53.414448, 1.686118, 153.287294
53.417366, 1.686118, 153.287294
53.420942, 1.686118, 153.287294
53.424919, 1.686118, 153.287294
53.427821, 1.686118, 153.287294
53.431399, 1.686118, 153.287294
53.435063, 1.686118, 153.287294
53.438340, 1.686118, 153.287294
53.441055, 1.686118, 153.287294
53.446233, 1.686118, 153.287294
53.451539, 1.686118, 153.287294
53.456137, 1.686118, 153.287294
53.459131, 1.686118, 153.287294
53.462274, 1.688667, 153.519021
53.465423, 1.686118, 153.287294
53.468748, 1.686118, 153.287294
53.471886, 1.686118, 153.287294
53.475325, 1.686118, 153.287294
53.479162, 1.686118, 153.287294
53.483182, 1.683569, 153.055568
53.487003, 1.686118, 153.287294
53.491131, 1.686118, 153.287294
53.494740, 1.686118, 153.287294
53.498725, 1.688667, 153.519021
53.502546, 1.686118, 153.287294
53.506192, 1.686118, 153.287294
53.508781, 1.686118, 153.287294
53.511562, 1.686118, 153.287294
53.515976, 1.686118, 153.287294
53.521139, 1.686118, 153.287294
53.526681, 1.686118, 153.287294
53.531497, 1.686118, 153.287294
53.534006, 1.686118, 153.287294
53.537143, 1.686118, 153.287294
53.539753, 1.686118, 153.287294
53.544832, 1.686118, 153.287294
53.549431, 1.686118, 153.287294
53.553740, 1.686118, 153.287294
53.558177, 1.686118, 153.287294
53.562679, 1.688667, 153.519021
53.566331, 1.686118, 153.287294
53.569030, 1.686118, 153.287294
53.572369, 1.688667, 153.519021
53.575492, 1.686118, 153.287294
53.578431, 1.686118, 153.287294
53.581573, 1.686118, 153.287294
53.584558, 1.686118, 153.287294
53.587010, 1.688667, 153.519021
53.590261, 1.688667, 153.519021
53.595540, 1.686118, 153.287294
53.599557, 1.686118, 153.287294
53.607678, 1.686118, 153.287294
53.613887, 1.686118, 153.287294
53.616723, 1.683569, 153.055568
53.618961, 1.686118, 153.287294
53.622008, 1.686118, 153.287294
53.626608, 1.686118, 153.287294
53.634003, 1.686118, 153.287294
53.640857, 1.688667, 153.519021
53.647887, 1.688667, 153.519021
53.655167, 1.686118, 153.287294
53.661412, 1.686118, 153.287294
53.667265, 1.686118, 153.287294
53.672174, 1.686118, 153.287294
53.674353, 1.686118, 153.287294
53.677171, 1.686118, 153.287294
53.679980, 1.686118, 153.287294
53.683065, 1.686118, 153.287294
53.685946, 1.686118, 153.287294
53.688397, 1.686118, 153.287294
53.692757, 1.686118, 153.287294
53.696975, 1.686118, 153.287294
53.700922, 1.686118, 153.287294
53.704807, 1.688667, 153.519021
53.708672, 1.686118, 153.287294
53.712426, 1.688667, 153.519021
53.716030, 1.688667, 153.519021
53.719816, 1.688667, 153.519021
53.723511, 1.686118, 153.287294
53.727105, 1.686118, 153.287294
53.730650, 1.686118, 153.287294
53.734185, 1.686118, 153.287294
53.738064, 1.686118, 153.287294
53.741311, 1.686118, 153.287294
53.744628, 1.688667, 153.519021
53.750249, 1.686118, 153.287294
53.752543, 1.686118, 153.287294
53.755788, 1.686118, 153.287294
53.759963, 1.686118, 153.287294
53.763910, 1.686118, 153.287294
53.767733, 1.686118, 153.287294
53.769945, 1.686118, 153.287294
53.774198, 1.686118, 153.287294
53.778992, 1.686118, 153.287294
53.784026, 1.686118, 153.287294
53.789002, 1.686118, 153.287294
53.794311, 1.686118, 153.287294
53.799069, 1.686118, 153.287294
53.803282, 1.686118, 153.287294
53.807798, 1.686118, 153.287294
53.810629, 1.686118, 153.287294
53.813436, 1.686118, 153.287294
53.817185, 1.686118, 153.287294
53.820433, 1.688667, 153.519021
53.823758, 1.688667, 153.519021
53.826777, 1.686118, 153.287294
53.830097, 1.686118, 153.287294
53.833569, 1.686118, 153.287294
53.837382, 1.686118, 153.287294
53.841310, 1.686118, 153.287294
53.844090, 1.686118, 153.287294
53.848175, 1.688667, 153.519021
53.851333, 1.688667, 153.519021
53.854251, 1.688667, 153.519021
53.857566, 1.688667, 153.519021
53.860940, 1.686118, 153.287294
53.866216, 1.686118, 153.287294
53.869995, 1.686118, 153.287294
53.874041, 1.686118, 153.287294
53.879731, 1.686118, 153.287294
53.884618, 1.686118, 153.287294
53.887721, 1.688667, 153.519021
53.890262, 1.688667, 153.519021
53.892977, 1.688667, 153.519021
53.895726, 1.688667, 153.519021
53.900120, 1.686118, 153.287294
53.904299, 1.686118, 153.287294
53.907866, 1.686118, 153.287294
53.910265, 1.686118, 153.287294
53.912994, 1.686118, 153.287294
53.916023, 1.686118, 153.287294
53.918672, 1.686118, 153.287294
53.923287, 1.686118, 153.287294
53.927866, 1.686118, 153.287294
53.930372, 1.686118, 153.287294
53.933754, 1.686118, 153.287294
53.937117, 1.686118, 153.287294
53.940183, 1.686118, 153.287294
53.945210, 1.686118, 153.287294
53.950665, 1.688667, 153.519021
53.955365, 1.688667, 153.519021
53.959644, 1.686118, 153.287294
53.964216, 1.686118, 153.287294
53.968809, 1.686118, 153.287294
53.972127, 1.686118, 153.287294
53.974136, 1.686118, 153.287294
53.976990, 1.686118, 153.287294
53.980226, 1.686118, 153.287294
53.985142, 1.688667, 153.519021
53.989333, 1.688667, 153.519021
53.994033, 1.686118, 153.287294
53.998831, 1.686118, 153.287294
54.003186, 1.686118, 153.287294
54.006634, 1.686118, 153.287294
54.009111, 1.686118, 153.287294
54.012680, 1.686118, 153.287294
54.016103, 1.686118, 153.287294
54.019874, 1.686118, 153.287294
54.024060, 1.688667, 153.519021
54.027654, 1.688667, 153.519021
54.032100, 1.686118, 153.287294
54.035123, 1.683569, 153.055568
54.038323, 1.686118, 153.287294
54.041402, 1.686118, 153.287294
54.047475, 1.686118, 153.287294
54.054099, 1.686118, 153.287294
54.059542, 1.686118, 153.287294
54.064018, 1.686118, 153.287294
54.068172, 1.686118, 153.287294
54.071971, 1.686118, 153.287294
54.075707, 1.686118, 153.287294
54.079267, 1.686118, 153.287294
54.082843, 1.686118, 153.287294
54.086229, 1.686118, 153.287294
54.089687, 1.686118, 153.287294
54.093177, 1.686118, 153.287294
54.096563, 1.686118, 153.287294
54.100009, 1.688667, 153.519021
54.103357, 1.686118, 153.287294
54.106871, 1.686118, 153.287294
54.110332, 1.686118, 153.287294
54.114261, 1.686118, 153.287294
54.117824, 1.686118, 153.287294
54.121283, 1.686118, 153.287294
54.125053, 1.686118, 153.287294
54.128576, 1.686118, 153.287294
54.131885, 1.686118, 153.287294
54.135754, 1.686118, 153.287294
54.139381, 1.686118, 153.287294
54.141809, 1.686118, 153.287294
54.146061, 1.686118, 153.287294
54.149389, 1.686118, 153.287294
54.152786, 1.686118, 153.287294
54.156714, 1.686118, 153.287294
54.159954, 1.686118, 153.287294
54.163403, 1.686118, 153.287294
54.166909, 1.686118, 153.287294
54.170479, 1.686118, 153.287294
54.174681, 1.686118, 153.287294
54.178288, 1.686118, 153.287294
54.181858, 1.686118, 153.287294
54.185385, 1.686118, 153.287294
54.189053, 1.686118, 153.287294
54.191878, 1.686118, 153.287294
54.194718, 1.686118, 153.287294
54.197809, 1.686118, 153.287294
54.201352, 1.686118, 153.287294
54.204771, 1.686118, 153.287294
54.208575, 1.686118, 153.287294
54.212312, 1.686118, 153.287294
54.215151, 1.686118, 153.287294
54.218709, 1.686118, 153.287294
54.223292, 1.686118, 153.287294
54.226495, 1.686118, 153.287294
54.229713, 1.686118, 153.287294
54.233447, 1.686118, 153.287294
54.238340, 1.686118, 153.287294
54.243861, 1.686118, 153.287294
54.246468, 1.686118, 153.287294
54.255107, 1.686118, 153.287294
54.263156, 1.688667, 153.519021
54.268115, 1.688667, 153.519021
54.272972, 1.686118, 153.287294
54.276591, 1.688667, 153.519021
54.280168, 1.688667, 153.519021
54.282883, 1.686118, 153.287294
54.285108, 1.686118, 153.287294
54.287775, 1.686118, 153.287294
54.290611, 1.686118, 153.287294
54.293255, 1.686118, 153.287294
54.295973, 1.686118, 153.287294
54.298824, 1.688667, 153.519021
54.301842, 1.688667, 153.519021
54.305306, 1.686118, 153.287294
54.312060, 1.686118, 153.287294
54.319634, 1.686118, 153.287294
54.322874, 1.683569, 153.055568
54.329067, 1.686118, 153.287294
54.333129, 1.686118, 153.287294
54.335423, 1.686118, 153.287294
54.338014, 1.688667, 153.519021
54.344602, 1.686118, 153.287294
54.351093, 1.686118, 153.287294
54.356249, 1.686118, 153.287294
54.358979, 1.686118, 153.287294
54.361764, 1.686118, 153.287294
54.366624, 1.686118, 153.287294
54.371758, 1.686118, 153.287294
54.378533, 1.686118, 153.287294
54.384969, 1.688667, 153.519021
54.390392, 1.686118, 153.287294
54.392910, 1.686118, 153.287294
54.395761, 1.686118, 153.287294
54.398924, 1.686118, 153.287294
54.402136, 1.686118, 153.287294
54.405557, 1.686118, 153.287294
54.408813, 1.686118, 153.287294
54.412123, 1.688667, 153.519021
54.415369, 1.686118, 153.287294
54.418590, 1.686118, 153.287294
54.422438, 1.686118, 153.287294
54.428766, 1.686118, 153.287294
54.438077, 1.686118, 153.287294
54.456698, 1.686118, 153.287294
54.481176, 1.686118, 153.287294
54.497227, 1.686118, 153.287294
54.501739, 1.688667, 153.519021
54.504929, 1.688667, 153.519021
54.507530, 1.688667, 153.519021
54.510604, 1.686118, 153.287294
54.519458, 1.686118, 153.287294
54.529965, 1.686118, 153.287294
54.537548, 1.686118, 153.287294
54.543825, 1.686118, 153.287294
54.550761, 1.686118, 153.287294
54.555019, 1.686118, 153.287294
54.562130, 1.686118, 153.287294
54.568222, 1.686118, 153.287294
54.573429, 1.686118, 153.287294
54.578367, 1.686118, 153.287294
54.582472, 1.686118, 153.287294
54.586388, 1.686118, 153.287294
54.590040, 1.686118, 153.287294
54.593745, 1.686118, 153.287294
54.597134, 1.686118, 153.287294
54.600198, 1.686118, 153.287294
54.603145, 1.686118, 153.287294
54.606478, 1.686118, 153.287294
54.609834, 1.688667, 153.519021
54.613135, 1.686118, 153.287294
54.616679, 1.686118, 153.287294
54.620305, 1.686118, 153.287294
54.623871, 1.686118, 153.287294
54.627683, 1.688667, 153.519021
54.631108, 1.686118, 153.287294
54.634855, 1.686118, 153.287294
54.638791, 1.686118, 153.287294
54.642459, 1.686118, 153.287294
54.646215, 1.686118, 153.287294
54.649643, 1.686118, 153.287294
54.653324, 1.686118, 153.287294
54.657242, 1.686118, 153.287294
54.660956, 1.688667, 153.519021
54.664417, 1.688667, 153.519021
54.669211, 1.688667, 153.519021
54.673272, 1.688667, 153.519021
54.676662, 1.688667, 153.519021
54.680197, 1.686118, 153.287294
54.683086, 1.686118, 153.287294
54.687013, 1.683569, 153.055568
54.689622, 1.686118, 153.287294
54.693030, 1.686118, 153.287294
54.696497, 1.686118, 153.287294
54.700195, 1.686118, 153.287294
54.704093, 1.686118, 153.287294
54.708328, 1.686118, 153.287294
54.712376, 1.686118, 153.287294
54.716046, 1.686118, 153.287294
54.718621, 1.686118, 153.287294
54.721969, 1.686118, 153.287294
54.724718, 1.686118, 153.287294
54.726958, 1.686118, 153.287294
54.729536, 1.686118, 153.287294
54.732696, 1.686118, 153.287294
54.735772, 1.686118, 153.287294
54.739202, 1.686118, 153.287294
54.742599, 1.686118, 153.287294
54.746600, 1.686118, 153.287294
54.749776, 1.686118, 153.287294
54.752412, 1.686118, 153.287294
54.757316, 1.688667, 153.519021
54.761047, 1.688667, 153.519021
54.764608, 1.686118, 153.287294
54.767573, 1.686118, 153.287294
54.770821, 1.686118, 153.287294
54.775044, 1.686118, 153.287294
54.780000, 1.686118, 153.287294
54.784528, 1.686118, 153.287294
54.788130, 1.686118, 153.287294
54.791392, 1.688667, 153.519021
54.794992, 1.688667, 153.519021
54.798837, 1.688667, 153.519021
54.801619, 1.686118, 153.287294
54.804631, 1.686118, 153.287294
54.808369, 1.686118, 153.287294
54.811883, 1.683569, 153.055568
54.815291, 1.686118, 153.287294
54.818835, 1.686118, 153.287294
54.822373, 1.686118, 153.287294
54.825957, 1.686118, 153.287294
54.829614, 1.686118, 153.287294
54.833329, 1.686118, 153.287294
54.836854, 1.686118, 153.287294
54.840537, 1.686118, 153.287294
54.844006, 1.686118, 153.287294
54.847512, 1.686118, 153.287294
54.850908, 1.686118, 153.287294
54.854301, 1.686118, 153.287294
54.858045, 1.686118, 153.287294
54.861662, 1.686118, 153.287294
54.865070, 1.686118, 153.287294
54.868866, 1.686118, 153.287294
54.872908, 1.686118, 153.287294
54.876514, 1.686118, 153.287294
54.880060, 1.686118, 153.287294
54.883445, 1.686118, 153.287294
54.886902, 1.686118, 153.287294
54.890646, 1.688667, 153.519021
54.894054, 1.688667, 153.519021
54.898195, 1.686118, 153.287294
54.901094, 1.686118, 153.287294
54.904145, 1.686118, 153.287294
54.908010, 1.686118, 153.287294
54.911024, 1.686118, 153.287294
54.913758, 1.686118, 153.287294
54.916619, 1.686118, 153.287294
54.920450, 1.686118, 153.287294
54.923625, 1.686118, 153.287294
54.927181, 1.688667, 153.519021
54.930856, 1.686118, 153.287294
54.934435, 1.686118, 153.287294
54.938442, 1.686118, 153.287294
54.941316, 1.686118, 153.287294
54.944032, 1.686118, 153.287294
54.946997, 1.686118, 153.287294
54.950419, 1.686118, 153.287294
54.953495, 1.686118, 153.287294
54.956580, 1.686118, 153.287294
54.962194, 1.686118, 153.287294
54.966806, 1.686118, 153.287294
54.970907, 1.686118, 153.287294
54.973969, 1.686118, 153.287294
54.977021, 1.686118, 153.287294
54.980040, 1.686118, 153.287294
54.983431, 1.686118, 153.287294
54.991111, 1.686118, 153.287294
54.995906, 1.686118, 153.287294
55.001746, 1.686118, 153.287294
55.006576, 1.686118, 153.287294
55.010504, 1.686118, 153.287294
55.014099, 1.686118, 153.287294
55.018017, 1.686118, 153.287294
55.021864, 1.686118, 153.287294
55.026084, 1.686118, 153.287294
55.030253, 1.688667, 153.519021
55.033630, 1.686118, 153.287294
55.036442, 1.686118, 153.287294
55.038997, 1.686118, 153.287294
55.042744, 1.686118, 153.287294
55.047400, 1.686118, 153.287294
55.051262, 1.686118, 153.287294
55.055223, 1.686118, 153.287294
55.059112, 1.686118, 153.287294
55.063456, 1.686118, 153.287294
55.068470, 1.686118, 153.287294
55.073697, 1.686118, 153.287294
55.078812, 1.686118, 153.287294
55.083335, 1.686118, 153.287294
55.087554, 1.683569, 153.055568
55.091555, 1.683569, 153.055568
55.094565, 1.686118, 153.287294
55.097453, 1.686118, 153.287294
55.100529, 1.686118, 153.287294
55.103870, 1.686118, 153.287294
55.107760, 1.686118, 153.287294
55.111529, 1.683569, 153.055568
55.115528, 1.683569, 153.055568
55.119555, 1.683569, 153.055568
55.124056, 1.686118, 153.287294
55.128879, 1.686118, 153.287294
55.133543, 1.683569, 153.055568
55.138154, 1.686118, 153.287294
55.142197, 1.688667, 153.519021
55.145061, 1.686118, 153.287294
55.148017, 1.686118, 153.287294
55.151109, 1.686118, 153.287294
55.154624, 1.686118, 153.287294
55.158356, 1.686118, 153.287294
55.162093, 1.686118, 153.287294
55.165765, 1.686118, 153.287294
55.169383, 1.688667, 153.519021
55.173552, 1.686118, 153.287294
55.177460, 1.686118, 153.287294
55.180853, 1.686118, 153.287294
55.184209, 1.686118, 153.287294
55.188520, 1.686118, 153.287294
55.191555, 1.686118, 153.287294
55.194317, 1.686118, 153.287294
55.197737, 1.686118, 153.287294
55.201034, 1.686118, 153.287294
55.204689, 1.686118, 153.287294
55.207956, 1.686118, 153.287294
55.212307, 1.686118, 153.287294
55.216165, 1.686118, 153.287294
55.221210, 1.683569, 153.055568
55.223772, 1.686118, 153.287294
55.226324, 1.686118, 153.287294
55.229709, 1.686118, 153.287294
55.236405, 1.686118, 153.287294
55.246198, 1.686118, 153.287294
55.254967, 1.686118, 153.287294
55.260600, 1.686118, 153.287294
55.267698, 1.686118, 153.287294
55.273600, 1.686118, 153.287294
55.278742, 1.683569, 153.055568
55.283158, 1.686118, 153.287294
55.287058, 1.686118, 153.287294
55.291182, 1.686118, 153.287294
55.293907, 1.686118, 153.287294
55.296745, 1.686118, 153.287294
55.299740, 1.686118, 153.287294
55.304306, 1.686118, 153.287294
55.311799, 1.686118, 153.287294
55.318000, 1.686118, 153.287294
55.323683, 1.686118, 153.287294
55.328602, 1.686118, 153.287294
55.333143, 1.686118, 153.287294
55.337219, 1.686118, 153.287294
55.341338, 1.686118, 153.287294
55.344854, 1.686118, 153.287294
55.348880, 1.686118, 153.287294
55.353023, 1.686118, 153.287294
55.356361, 1.686118, 153.287294
55.359737, 1.686118, 153.287294
55.363214, 1.686118, 153.287294
55.366693, 1.686118, 153.287294
55.370179, 1.686118, 153.287294
55.372864, 1.686118, 153.287294
55.376120, 1.686118, 153.287294
55.379349, 1.686118, 153.287294
55.382853, 1.686118, 153.287294
55.387642, 1.683569, 153.055568
55.392795, 1.683569, 153.055568
55.397920, 1.683569, 153.055568
55.402872, 1.683569, 153.055568
55.407505, 1.686118, 153.287294
55.412050, 1.686118, 153.287294
55.416290, 1.686118, 153.287294
55.420350, 1.686118, 153.287294
55.423705, 1.686118, 153.287294
55.427035, 1.686118, 153.287294
55.430422, 1.683569, 153.055568
55.433978, 1.686118, 153.287294
55.437513, 1.686118, 153.287294
55.441253, 1.686118, 153.287294
55.445419, 1.686118, 153.287294
55.449239, 1.686118, 153.287294
55.453017, 1.686118, 153.287294
55.455853, 1.686118, 153.287294
55.458894, 1.686118, 153.287294
55.461808, 1.686118, 153.287294
55.466429, 1.686118, 153.287294
55.471061, 1.686118, 153.287294
55.475994, 1.686118, 153.287294
55.480076, 1.686118, 153.287294
55.484072, 1.686118, 153.287294
55.487459, 1.686118, 153.287294
55.490025, 1.686118, 153.287294
55.493081, 1.686118, 153.287294
55.495844, 1.686118, 153.287294
55.501615, 1.686118, 153.287294
55.507149, 1.688667, 153.519021
55.512738, 1.686118, 153.287294
55.516614, 1.688667, 153.519021
55.521131, 1.686118, 153.287294
55.524133, 1.686118, 153.287294
55.527416, 1.686118, 153.287294
55.529839, 1.686118, 153.287294
55.533858, 1.683569, 153.055568
55.539063, 1.686118, 153.287294
55.549028, 1.686118, 153.287294
55.565419, 1.686118, 153.287294
55.575096, 1.686118, 153.287294
55.578753, 1.686118, 153.287294
55.581444, 1.686118, 153.287294
55.584172, 1.686118, 153.287294
55.588022, 1.683569, 153.055568
55.596590, 1.683569, 153.055568
55.606969, 1.683569, 153.055568
55.616438, 1.686118, 153.287294
55.622476, 1.686118, 153.287294
55.624884, 1.686118, 153.287294
55.627112, 1.686118, 153.287294
55.629426, 1.686118, 153.287294
55.633554, 1.686118, 153.287294
55.639893, 1.686118, 153.287294
55.642297, 1.686118, 153.287294
55.644745, 1.686118, 153.287294
55.647352, 1.688667, 153.519021
55.650345, 1.686118, 153.287294
55.653121, 1.688667, 153.519021
55.655859, 1.688667, 153.519021
55.661570, 1.686118, 153.287294
55.668697, 1.686118, 153.287294
55.671144, 1.686118, 153.287294
55.675418, 1.686118, 153.287294
55.679918, 1.686118, 153.287294
55.684132, 1.686118, 153.287294
55.689141, 1.686118, 153.287294
55.693640, 1.686118, 153.287294
55.697622, 1.686118, 153.287294
55.701519, 1.686118, 153.287294
55.704910, 1.686118, 153.287294
55.707845, 1.686118, 153.287294
55.711404, 1.686118, 153.287294
55.714786, 1.686118, 153.287294
55.717715, 1.686118, 153.287294
55.721100, 1.686118, 153.287294
55.724033, 1.686118, 153.287294
55.727072, 1.686118, 153.287294
55.731149, 1.686118, 153.287294
55.735593, 1.686118, 153.287294
55.738421, 1.686118, 153.287294
55.743518, 1.686118, 153.287294
55.747638, 1.686118, 153.287294
55.753155, 1.686118, 153.287294
55.757381, 1.686118, 153.287294
55.764103, 1.686118, 153.287294
55.771093, 1.686118, 153.287294
55.777486, 1.686118, 153.287294
55.782775, 1.686118, 153.287294
55.787702, 1.686118, 153.287294
55.791985, 1.686118, 153.287294
55.795818, 1.686118, 153.287294
55.799500, 1.686118, 153.287294
55.803303, 1.686118, 153.287294
55.806879, 1.686118, 153.287294
55.809730, 1.686118, 153.287294
55.812903, 1.686118, 153.287294
55.816228, 1.686118, 153.287294
55.819435, 1.686118, 153.287294
55.822464, 1.683569, 153.055568
55.825307, 1.686118, 153.287294
55.829750, 1.686118, 153.287294
55.834042, 1.686118, 153.287294
55.837291, 1.686118, 153.287294
55.840211, 1.686118, 153.287294
55.843370, 1.686118, 153.287294
55.846646, 1.686118, 153.287294
55.850193, 1.686118, 153.287294
55.853909, 1.686118, 153.287294
55.857647, 1.686118, 153.287294
55.861330, 1.686118, 153.287294
55.864924, 1.686118, 153.287294
55.868518, 1.686118, 153.287294
55.872069, 1.686118, 153.287294
55.875706, 1.688667, 153.519021
55.879343, 1.683569, 153.055568
55.882797, 1.686118, 153.287294
55.887071, 1.686118, 153.287294
55.890691, 1.683569, 153.055568
55.894377, 1.686118, 153.287294
55.898979, 1.686118, 153.287294
55.901778, 1.686118, 153.287294
55.905064, 1.686118, 153.287294
55.908191, 1.688667, 153.519021
55.911024, 1.686118, 153.287294
55.914107, 1.688667, 153.519021
55.917777, 1.686118, 153.287294
55.921317, 1.683569, 153.055568
55.924764, 1.686118, 153.287294
55.928204, 1.686118, 153.287294
55.931697, 1.686118, 153.287294
55.935376, 1.686118, 153.287294
55.938760, 1.688667, 153.519021
55.941313, 1.686118, 153.287294
55.944176, 1.686118, 153.287294
55.947488, 1.686118, 153.287294
55.951139, 1.686118, 153.287294
55.954710, 1.686118, 153.287294
55.958189, 1.688667, 153.519021
55.960884, 1.688667, 153.519021
55.963786, 1.686118, 153.287294
55.967493, 1.686118, 153.287294
55.970366, 1.686118, 153.287294
55.973298, 1.686118, 153.287294
55.976768, 1.686118, 153.287294
55.980375, 1.686118, 153.287294
55.983826, 1.686118, 153.287294
55.987392, 1.686118, 153.287294
55.990937, 1.686118, 153.287294
55.994487, 1.686118, 153.287294
55.999549, 1.686118, 153.287294
56.003618, 1.686118, 153.287294
56.007079, 1.686118, 153.287294
56.010225, 1.683569, 153.055568
56.015456, 1.686118, 153.287294
56.020142, 1.683569, 153.055568
56.024364, 1.686118, 153.287294
56.028300, 1.686118, 153.287294
56.032067, 1.686118, 153.287294
56.035841, 1.686118, 153.287294
56.040322, 1.688667, 153.519021
56.043088, 1.686118, 153.287294
56.045750, 1.686118, 153.287294
56.048839, 1.686118, 153.287294
56.052059, 1.686118, 153.287294
56.055578, 1.686118, 153.287294
56.059171, 1.688667, 153.519021
56.062779, 1.686118, 153.287294
56.066275, 1.686118, 153.287294
56.070006, 1.686118, 153.287294
56.073765, 1.686118, 153.287294
56.076130, 1.686118, 153.287294
56.078798, 1.686118, 153.287294
56.082081, 1.688667, 153.519021
56.085582, 1.686118, 153.287294
56.089770, 1.686118, 153.287294
56.092689, 1.686118, 153.287294
56.095604, 1.686118, 153.287294
56.098816, 1.686118, 153.287294
56.102504, 1.686118, 153.287294
56.106756, 1.686118, 153.287294
56.110951, 1.686118, 153.287294
56.114996, 1.686118, 153.287294
56.118951, 1.686118, 153.287294
56.122856, 1.686118, 153.287294
56.126639, 1.686118, 153.287294
56.130417, 1.686118, 153.287294
56.133917, 1.686118, 153.287294
56.137353, 1.686118, 153.287294
56.141401, 1.686118, 153.287294
56.144146, 1.686118, 153.287294
56.146836, 1.686118, 153.287294
56.149858, 1.686118, 153.287294
56.153186, 1.686118, 153.287294
56.156921, 1.686118, 153.287294
56.160381, 1.686118, 153.287294
56.163886, 1.686118, 153.287294
56.167514, 1.686118, 153.287294
56.171023, 1.688667, 153.519021
56.174649, 1.686118, 153.287294
56.178210, 1.686118, 153.287294
56.181779, 1.686118, 153.287294
56.185209, 1.686118, 153.287294
56.189312, 1.686118, 153.287294
56.193013, 1.686118, 153.287294
56.196240, 1.686118, 153.287294
56.199582, 1.686118, 153.287294
56.202944, 1.686118, 153.287294
56.206857, 1.686118, 153.287294
56.209539, 1.686118, 153.287294
56.212657, 1.686118, 153.287294
56.215984, 1.686118, 153.287294
56.219486, 1.686118, 153.287294
56.222960, 1.686118, 153.287294
56.226873, 1.686118, 153.287294
56.231064, 1.686118, 153.287294
56.234925, 1.683569, 153.055568
56.239784, 1.686118, 153.287294
56.244521, 1.683569, 153.055568
56.250082, 1.686118, 153.287294
56.255013, 1.686118, 153.287294
56.261671, 1.686118, 153.287294
56.268806, 1.686118, 153.287294
56.275050, 1.688667, 153.519021
56.280911, 1.686118, 153.287294
56.286168, 1.686118, 153.287294
56.291499, 1.686118, 153.287294
56.296819, 1.683569, 153.055568
56.302058, 1.683569, 153.055568
56.307503, 1.686118, 153.287294
56.313043, 1.686118, 153.287294
56.318263, 1.686118, 153.287294
56.324582, 1.688667, 153.519021
56.328468, 1.686118, 153.287294
56.334210, 1.686118, 153.287294
56.339808, 1.686118, 153.287294
56.345708, 1.683569, 153.055568
56.350825, 1.686118, 153.287294
56.355352, 1.686118, 153.287294
56.359250, 1.686118, 153.287294
56.362929, 1.688667, 153.519021
56.366591, 1.688667, 153.519021
56.370119, 1.686118, 153.287294
56.373535, 1.686118, 153.287294
56.375978, 1.686118, 153.287294
56.380137, 1.686118, 153.287294
56.384105, 1.686118, 153.287294
56.388008, 1.686118, 153.287294
56.391842, 1.686118, 153.287294
56.395703, 1.688667, 153.519021
56.399379, 1.686118, 153.287294
56.402953, 1.686118, 153.287294
56.406619, 1.683569, 153.055568
56.410227, 1.686118, 153.287294
56.413772, 1.686118, 153.287294
56.417230, 1.686118, 153.287294
56.420651, 1.686118, 153.287294
56.424190, 1.686118, 153.287294
56.428156, 1.686118, 153.287294
56.430461, 1.686118, 153.287294
56.434768, 1.686118, 153.287294
56.439178, 1.686118, 153.287294
56.444171, 1.686118, 153.287294
56.448459, 1.686118, 153.287294
56.453060, 1.686118, 153.287294
56.457720, 1.686118, 153.287294
56.461910, 1.686118, 153.287294
56.465657, 1.686118, 153.287294
56.469322, 1.688667, 153.519021
56.472998, 1.686118, 153.287294
56.476568, 1.686118, 153.287294
56.480360, 1.686118, 153.287294
56.484240, 1.686118, 153.287294
56.488183, 1.686118, 153.287294
56.491931, 1.686118, 153.287294
56.495610, 1.686118, 153.287294
56.499696, 1.686118, 153.287294
56.503516, 1.688667, 153.519021
56.507253, 1.686118, 153.287294
56.510633, 1.686118, 153.287294
56.513692, 1.686118, 153.287294
56.516589, 1.686118, 153.287294
56.519816, 1.686118, 153.287294
56.523201, 1.686118, 153.287294
56.526757, 1.686118, 153.287294
56.530752, 1.688667, 153.519021
56.533382, 1.688667, 153.519021
56.536177, 1.686118, 153.287294
56.539645, 1.686118, 153.287294
56.543102, 1.686118, 153.287294
56.546557, 1.686118, 153.287294
56.549946, 1.683569, 153.055568
56.552571, 1.686118, 153.287294
56.555386, 1.686118, 153.287294
56.558784, 1.686118, 153.287294
56.562738, 1.686118, 153.287294
56.566498, 1.686118, 153.287294
56.570767, 1.686118, 153.287294
56.574050, 1.686118, 153.287294
56.577058, 1.686118, 153.287294
56.580455, 1.686118, 153.287294
56.583877, 1.686118, 153.287294
56.587359, 1.686118, 153.287294
56.591355, 1.686118, 153.287294
56.594340, 1.688667, 153.519021
56.597183, 1.686118, 153.287294
56.600219, 1.688667, 153.519021
56.603721, 1.686118, 153.287294
56.607348, 1.686118, 153.287294
56.611186, 1.686118, 153.287294
56.614412, 1.686118, 153.287294
56.617322, 1.686118, 153.287294
56.620335, 1.686118, 153.287294
56.623691, 1.686118, 153.287294
56.627079, 1.688667, 153.519021
56.630551, 1.686118, 153.287294
56.634190, 1.686118, 153.287294
56.638410, 1.686118, 153.287294
56.641968, 1.686118, 153.287294
56.645583, 1.686118, 153.287294
56.649001, 1.686118, 153.287294
56.652557, 1.688667, 153.519021
56.656215, 1.688667, 153.519021
56.659873, 1.688667, 153.519021
56.663504, 1.688667, 153.519021
56.666986, 1.686118, 153.287294
56.670437, 1.683569, 153.055568
56.673971, 1.686118, 153.287294
56.677479, 1.686118, 153.287294
56.681076, 1.686118, 153.287294
56.684826, 1.686118, 153.287294
56.688378, 1.688667, 153.519021
56.691943, 1.686118, 153.287294
56.695938, 1.686118, 153.287294
56.699430, 1.686118, 153.287294
56.702714, 1.686118, 153.287294
56.706285, 1.686118, 153.287294
56.709783, 1.686118, 153.287294
56.713184, 1.686118, 153.287294
56.716815, 1.686118, 153.287294
56.720334, 1.686118, 153.287294
56.724155, 1.686118, 153.287294
56.727815, 1.686118, 153.287294
56.731290, 1.686118, 153.287294
56.734566, 1.686118, 153.287294
56.737935, 1.686118, 153.287294
56.741357, 1.686118, 153.287294
56.744952, 1.688667, 153.519021
56.749876, 1.686118, 153.287294
56.754009, 1.688667, 153.519021
56.758197, 1.688667, 153.519021
56.762329, 1.688667, 153.519021
56.766197, 1.686118, 153.287294
56.769988, 1.686118, 153.287294
56.773756, 1.686118, 153.287294
56.777473, 1.686118, 153.287294
56.781331, 1.686118, 153.287294
56.784695, 1.686118, 153.287294
56.788446, 1.688667, 153.519021
56.792349, 1.686118, 153.287294
56.796017, 1.686118, 153.287294
56.799242, 1.686118, 153.287294
56.802567, 1.686118, 153.287294
56.806110, 1.686118, 153.287294
56.809868, 1.686118, 153.287294
56.813507, 1.686118, 153.287294
56.816849, 1.686118, 153.287294
56.820516, 1.686118, 153.287294
56.823427, 1.686118, 153.287294
56.827032, 1.686118, 153.287294
56.830652, 1.686118, 153.287294
56.834295, 1.686118, 153.287294
56.837970, 1.686118, 153.287294
56.841937, 1.686118, 153.287294
56.845471, 1.686118, 153.287294
56.848866, 1.688667, 153.519021
56.852327, 1.686118, 153.287294
56.856484, 1.686118, 153.287294
56.859212, 1.688667, 153.519021
56.861958, 1.686118, 153.287294
56.865575, 1.686118, 153.287294
56.869908, 1.686118, 153.287294
56.873909, 1.686118, 153.287294
56.878256, 1.688667, 153.519021
56.881809, 1.688667, 153.519021
56.885718, 1.686118, 153.287294
56.888726, 1.688667, 153.519021
56.891371, 1.686118, 153.287294
56.894189, 1.688667, 153.519021
56.898016, 1.688667, 153.519021
56.902449, 1.686118, 153.287294
56.906702, 1.686118, 153.287294
56.910606, 1.686118, 153.287294
56.914279, 1.686118, 153.287294
56.917924, 1.686118, 153.287294
56.920929, 1.686118, 153.287294
56.924387, 1.688667, 153.519021
56.927353, 1.688667, 153.519021
56.930526, 1.686118, 153.287294
56.933906, 1.686118, 153.287294
56.937619, 1.686118, 153.287294
56.941226, 1.686118, 153.287294
56.944720, 1.686118, 153.287294
56.948732, 1.686118, 153.287294
56.951356, 1.688667, 153.519021
56.954127, 1.686118, 153.287294
56.957484, 1.686118, 153.287294
56.960090, 1.686118, 153.287294
56.962888, 1.686118, 153.287294
56.965964, 1.686118, 153.287294
56.969290, 1.686118, 153.287294
56.973285, 1.686118, 153.287294
56.976560, 1.686118, 153.287294
56.979179, 1.686118, 153.287294
56.982095, 1.688667, 153.519021
56.985167, 1.688667, 153.519021
56.988008, 1.686118, 153.287294
56.991257, 1.686118, 153.287294
56.994350, 1.686118, 153.287294
56.998169, 1.686118, 153.287294
57.001600, 1.686118, 153.287294
57.004531, 1.688667, 153.519021
57.007467, 1.688667, 153.519021
57.011805, 1.688667, 153.519021
57.017192, 1.686118, 153.287294
57.021882, 1.688667, 153.519021
57.025381, 1.686118, 153.287294
57.028654, 1.686118, 153.287294
57.031234, 1.686118, 153.287294
57.033954, 1.686118, 153.287294
57.037032, 1.686118, 153.287294
57.041179, 1.688667, 153.519021
57.044250, 1.686118, 153.287294
57.047111, 1.688667, 153.519021
57.050575, 1.686118, 153.287294
57.053140, 1.686118, 153.287294
57.056131, 1.686118, 153.287294
57.059851, 1.686118, 153.287294
57.063779, 1.686118, 153.287294
57.066959, 1.686118, 153.287294
57.070828, 1.686118, 153.287294
57.073679, 1.686118, 153.287294
57.076723, 1.686118, 153.287294
57.080414, 1.686118, 153.287294
57.086205, 1.686118, 153.287294
57.090949, 1.686118, 153.287294
57.094550, 1.683569, 153.055568
57.097981, 1.686118, 153.287294
57.101202, 1.686118, 153.287294
57.104132, 1.686118, 153.287294
57.109711, 1.686118, 153.287294
57.115440, 1.686118, 153.287294
57.120102, 1.686118, 153.287294
57.124560, 1.686118, 153.287294
57.128225, 1.686118, 153.287294
57.132263, 1.686118, 153.287294
57.135008, 1.686118, 153.287294
57.137682, 1.686118, 153.287294
57.140661, 1.686118, 153.287294
57.143807, 1.686118, 153.287294
57.147126, 1.688667, 153.519021
57.150978, 1.686118, 153.287294
57.153765, 1.686118, 153.287294
57.158865, 1.686118, 153.287294
57.163690, 1.686118, 153.287294
57.167982, 1.686118, 153.287294
57.171396, 1.686118, 153.287294
57.174768, 1.686118, 153.287294
57.178260, 1.686118, 153.287294
57.181796, 1.686118, 153.287294
57.184131, 1.686118, 153.287294
57.187041, 1.686118, 153.287294
57.190182, 1.686118, 153.287294
57.192943, 1.683569, 153.055568
57.197154, 1.683569, 153.055568
57.202422, 1.686118, 153.287294
57.206250, 1.683569, 153.055568
57.210648, 1.686118, 153.287294
57.215207, 1.686118, 153.287294
57.218061, 1.686118, 153.287294
57.220799, 1.686118, 153.287294
57.223286, 1.686118, 153.287294
57.227444, 1.686118, 153.287294
57.233082, 1.686118, 153.287294
57.238440, 1.686118, 153.287294
57.244836, 1.686118, 153.287294
57.249812, 1.686118, 153.287294
57.254500, 1.686118, 153.287294
57.257954, 1.686118, 153.287294
57.260333, 1.686118, 153.287294
57.263174, 1.686118, 153.287294
57.267907, 1.686118, 153.287294
57.269968, 1.686118, 153.287294
57.272317, 1.686118, 153.287294
57.275658, 1.686118, 153.287294
57.279135, 1.686118, 153.287294
57.287632, 1.686118, 153.287294
57.305352, 1.686118, 153.287294
57.309842, 1.686118, 153.287294
57.312731, 1.686118, 153.287294
57.315255, 1.683569, 153.055568
57.318099, 1.686118, 153.287294
57.321573, 1.686118, 153.287294
57.324925, 1.686118, 153.287294
57.328011, 1.688667, 153.519021
57.331674, 1.688667, 153.519021
57.342232, 1.688667, 153.519021
57.365151, 1.686118, 153.287294
57.379404, 1.683569, 153.055568
57.384042, 1.683569, 153.055568
57.387706, 1.686118, 153.287294
57.390487, 1.686118, 153.287294
57.393276, 1.686118, 153.287294
57.401120, 1.686118, 153.287294
57.410922, 1.686118, 153.287294
57.414656, 1.686118, 153.287294
57.418134, 1.686118, 153.287294
57.422701, 1.686118, 153.287294
57.425689, 1.683569, 153.055568
57.428852, 1.686118, 153.287294
57.432092, 1.683569, 153.055568
57.435486, 1.686118, 153.287294
57.441464, 1.686118, 153.287294
57.446010, 1.688667, 153.519021
57.449085, 1.686118, 153.287294
57.451884, 1.686118, 153.287294
57.454855, 1.686118, 153.287294
57.457996, 1.686118, 153.287294
57.461014, 1.686118, 153.287294
57.464049, 1.686118, 153.287294
57.467121, 1.686118, 153.287294
57.475188, 1.688667, 153.519021
57.497910, 1.688667, 153.519021
57.523048, 1.686118, 153.287294
57.537217, 1.686118, 153.287294
57.541905, 1.683569, 153.055568
57.544924, 1.686118, 153.287294
57.547829, 1.683569, 153.055568
57.551351, 1.686118, 153.287294
57.561391, 1.686118, 153.287294
57.566118, 1.688667, 153.519021
57.590161, 1.688667, 153.519021
57.614357, 1.686118, 153.287294
57.629142, 1.686118, 153.287294
57.633360, 1.686118, 153.287294
57.636442, 1.686118, 153.287294
57.639446, 1.686118, 153.287294
57.642811, 1.686118, 153.287294
57.646387, 1.686118, 153.287294
57.650102, 1.686118, 153.287294
57.654144, 1.688667, 153.519021
57.658316, 1.686118, 153.287294
57.662573, 1.686118, 153.287294
57.666626, 1.686118, 153.287294
57.670545, 1.683569, 153.055568
57.674489, 1.683569, 153.055568
57.678479, 1.686118, 153.287294
57.682583, 1.686118, 153.287294
57.686579, 1.686118, 153.287294
57.690631, 1.686118, 153.287294
57.694759, 1.686118, 153.287294
57.698708, 1.686118, 153.287294
57.702579, 1.686118, 153.287294
57.706544, 1.686118, 153.287294
57.710559, 1.686118, 153.287294
57.714749, 1.686118, 153.287294
57.719179, 1.686118, 153.287294
57.724119, 1.686118, 153.287294
57.729619, 1.686118, 153.287294
57.734976, 1.686118, 153.287294
57.740129, 1.686118, 153.287294
57.746158, 1.686118, 153.287294
57.752168, 1.686118, 153.287294
57.758343, 1.686118, 153.287294
57.764709, 1.686118, 153.287294
57.770472, 1.686118, 153.287294
57.776115, 1.686118, 153.287294
57.781410, 1.686118, 153.287294
57.786374, 1.686118, 153.287294
57.792142, 1.686118, 153.287294
57.796685, 1.686118, 153.287294
57.800855, 1.686118, 153.287294
57.804626, 1.686118, 153.287294
57.808257, 1.683569, 153.055568
57.812056, 1.683569, 153.055568
57.815919, 1.683569, 153.055568
57.819358, 1.686118, 153.287294
57.821775, 1.686118, 153.287294
57.825960, 1.686118, 153.287294
57.829220, 1.686118, 153.287294
57.832477, 1.686118, 153.287294
57.835212, 1.683569, 153.055568
57.839019, 1.683569, 153.055568
57.842408, 1.683569, 153.055568
57.845601, 1.686118, 153.287294
57.848732, 1.683569, 153.055568
57.851973, 1.686118, 153.287294
57.856003, 1.686118, 153.287294
57.859515, 1.686118, 153.287294
57.863217, 1.686118, 153.287294
57.866706, 1.683569, 153.055568
57.870179, 1.683569, 153.055568
57.873161, 1.686118, 153.287294
57.877125, 1.686118, 153.287294
57.882019, 1.686118, 153.287294
57.886505, 1.686118, 153.287294
57.889240, 1.686118, 153.287294
57.892581, 1.686118, 153.287294
57.896131, 1.686118, 153.287294
57.900089, 1.683569, 153.055568
57.904558, 1.683569, 153.055568
57.908224, 1.683569, 153.055568
57.911251, 1.686118, 153.287294
57.914702, 1.686118, 153.287294
57.918025, 1.686118, 153.287294
57.922547, 1.686118, 153.287294
57.927432, 1.686118, 153.287294
57.932549, 1.686118, 153.287294
57.935948, 1.683569, 153.055568
57.938952, 1.683569, 153.055568
57.942139, 1.686118, 153.287294
57.945709, 1.686118, 153.287294
57.949419, 1.686118, 153.287294
57.953137, 1.686118, 153.287294
57.956401, 1.686118, 153.287294
57.961021, 1.686118, 153.287294
57.966466, 1.683569, 153.055568
57.971379, 1.683569, 153.055568
57.974710, 1.683569, 153.055568
57.979900, 1.683569, 153.055568
57.984319, 1.686118, 153.287294
57.988054, 1.686118, 153.287294
57.991192, 1.686118, 153.287294
57.994140, 1.686118, 153.287294
57.997611, 1.686118, 153.287294
58.000248, 1.686118, 153.287294
58.003219, 1.683569, 153.055568
58.006086, 1.686118, 153.287294
58.009464, 1.686118, 153.287294
58.012878, 1.686118, 153.287294
58.016282, 1.686118, 153.287294
58.019606, 1.686118, 153.287294
58.028932, 1.686118, 153.287294
58.035024, 1.686118, 153.287294
58.038957, 1.686118, 153.287294
58.043683, 1.683569, 153.055568
58.052635, 1.686118, 153.287294
58.061813, 1.686118, 153.287294
58.070128, 1.686118, 153.287294
58.074939, 1.686118, 153.287294
58.078101, 1.683569, 153.055568
58.081794, 1.686118, 153.287294
58.088806, 1.686118, 153.287294
58.094719, 1.683569, 153.055568
58.098331, 1.683569, 153.055568
58.103905, 1.683569, 153.055568
58.109724, 1.683569, 153.055568
58.115895, 1.683569, 153.055568
58.121521, 1.686118, 153.287294
58.126956, 1.686118, 153.287294
58.135357, 1.686118, 153.287294
58.139728, 1.683569, 153.055568
58.147052, 1.683569, 153.055568
58.152727, 1.683569, 153.055568
58.157172, 1.683569, 153.055568
58.162646, 1.683569, 153.055568
58.168333, 1.683569, 153.055568
58.173874, 1.683569, 153.055568
58.179384, 1.686118, 153.287294
58.185551, 1.686118, 153.287294
58.191336, 1.686118, 153.287294
58.196917, 1.683569, 153.055568
58.200601, 1.686118, 153.287294
58.203569, 1.683569, 153.055568
58.207626, 1.686118, 153.287294
58.212216, 1.683569, 153.055568
58.218233, 1.686118, 153.287294
58.223793, 1.683569, 153.055568
58.229014, 1.686118, 153.287294
58.237576, 1.686118, 153.287294
58.248249, 1.686118, 153.287294
58.253574, 1.683569, 153.055568
58.263644, 1.683569, 153.055568
58.271309, 1.683569, 153.055568
58.278441, 1.686118, 153.287294
58.283498, 1.686118, 153.287294
58.289630, 1.686118, 153.287294
58.296549, 1.686118, 153.287294
58.303712, 1.683569, 153.055568
58.310216, 1.686118, 153.287294
58.314361, 1.683569, 153.055568
58.322323, 1.683569, 153.055568
58.329692, 1.683569, 153.055568
58.337105, 1.683569, 153.055568
58.345060, 1.683569, 153.055568
58.352111, 1.683569, 153.055568
58.359773, 1.686118, 153.287294
58.364229, 1.683569, 153.055568
58.373779, 1.683569, 153.055568
58.381875, 1.683569, 153.055568
58.392492, 1.683569, 153.055568
58.409984, 1.683569, 153.055568
58.433158, 1.683569, 153.055568
58.456571, 1.683569, 153.055568
58.479541, 1.683569, 153.055568
58.490294, 1.686118, 153.287294
58.494774, 1.686118, 153.287294
58.498416, 1.683569, 153.055568
58.502931, 1.683569, 153.055568
58.508481, 1.683569, 153.055568
58.512221, 1.683569, 153.055568
58.516575, 1.683569, 153.055568
58.531861, 1.683569, 153.055568
58.545248, 1.683569, 153.055568
58.559416, 1.686118, 153.287294
58.583838, 1.683569, 153.055568
58.606324, 1.683569, 153.055568
58.633888, 1.683569, 153.055568
58.643041, 1.683569, 153.055568
58.646677, 1.683569, 153.055568
58.649656, 1.683569, 153.055568
58.652611, 1.683569, 153.055568
58.656874, 1.686118, 153.287294
58.663670, 1.686118, 153.287294
58.669803, 1.686118, 153.287294
58.676138, 1.686118, 153.287294
58.682575, 1.683569, 153.055568
58.688320, 1.683569, 153.055568
58.693945, 1.683569, 153.055568
58.699689, 1.683569, 153.055568
58.707553, 1.683569, 153.055568
58.716023, 1.686118, 153.287294
58.724212, 1.686118, 153.287294
58.731814, 1.686118, 153.287294
58.737272, 1.683569, 153.055568
58.739599, 1.683569, 153.055568
58.742156, 1.683569, 153.055568
58.745673, 1.683569, 153.055568
58.748971, 1.681020, 152.823842
58.755642, 1.683569, 153.055568
58.762734, 1.683569, 153.055568
58.769723, 1.686118, 153.287294
58.776848, 1.686118, 153.287294
58.784483, 1.686118, 153.287294
58.791976, 1.686118, 153.287294
58.798739, 1.686118, 153.287294
58.805276, 1.683569, 153.055568
58.810963, 1.683569, 153.055568
58.816316, 1.683569, 153.055568
58.821610, 1.686118, 153.287294
58.826900, 1.686118, 153.287294
58.832287, 1.686118, 153.287294
58.837648, 1.683569, 153.055568
58.844179, 1.686118, 153.287294
58.850313, 1.683569, 153.055568
58.856147, 1.683569, 153.055568
58.862010, 1.683569, 153.055568
58.867741, 1.686118, 153.287294
58.873467, 1.686118, 153.287294
58.879361, 1.686118, 153.287294
58.885248, 1.686118, 153.287294
58.890150, 1.686118, 153.287294
58.893164, 1.683569, 153.055568
58.895672, 1.683569, 153.055568
58.899688, 1.683569, 153.055568
58.904698, 1.683569, 153.055568
58.910561, 1.683569, 153.055568
58.917448, 1.683569, 153.055568
58.921734, 1.683569, 153.055568
58.925927, 1.683569, 153.055568
58.932347, 1.683569, 153.055568
58.938221, 1.683569, 153.055568
58.944221, 1.683569, 153.055568
58.950330, 1.683569, 153.055568
58.956215, 1.683569, 153.055568
58.961827, 1.683569, 153.055568
58.967483, 1.683569, 153.055568
58.972818, 1.683569, 153.055568
58.978835, 1.683569, 153.055568
58.985067, 1.683569, 153.055568
58.992338, 1.686118, 153.287294
58.997226, 1.683569, 153.055568
59.004201, 1.683569, 153.055568
59.009069, 1.683569, 153.055568
59.016859, 1.683569, 153.055568
59.019285, 1.683569, 153.055568
59.022041, 1.686118, 153.287294
59.024674, 1.683569, 153.055568
59.031191, 1.686118, 153.287294
59.034057, 1.686118, 153.287294
59.037002, 1.683569, 153.055568
59.040170, 1.683569, 153.055568
59.045178, 1.683569, 153.055568
59.052848, 1.683569, 153.055568
59.060925, 1.683569, 153.055568
59.068588, 1.683569, 153.055568
59.075806, 1.686118, 153.287294
59.082503, 1.686118, 153.287294
59.088966, 1.683569, 153.055568
59.094869, 1.683569, 153.055568
59.100924, 1.683569, 153.055568
59.106629, 1.683569, 153.055568
59.112619, 1.683569, 153.055568
59.118530, 1.683569, 153.055568
59.124622, 1.683569, 153.055568
59.132728, 1.683569, 153.055568
59.141113, 1.683569, 153.055568
59.149645, 1.683569, 153.055568
59.158718, 1.683569, 153.055568
59.161901, 1.683569, 153.055568
59.174752, 1.683569, 153.055568
59.183279, 1.683569, 153.055568
59.192067, 1.683569, 153.055568
59.199286, 1.683569, 153.055568
59.203955, 1.686118, 153.287294
59.207751, 1.686118, 153.287294
59.213495, 1.683569, 153.055568
59.219670, 1.683569, 153.055568
59.223735, 1.683569, 153.055568
59.226483, 1.683569, 153.055568
59.229118, 1.683569, 153.055568
59.234412, 1.683569, 153.055568
59.245805, 1.683569, 153.055568
59.254029, 1.686118, 153.287294
59.262650, 1.686118, 153.287294
59.269063, 1.686118, 153.287294
59.274952, 1.683569, 153.055568
59.280149, 1.683569, 153.055568
59.284876, 1.681020, 152.823842
59.289312, 1.681020, 152.823842
59.293333, 1.683569, 153.055568
59.296451, 1.683569, 153.055568
59.299475, 1.683569, 153.055568
59.302605, 1.683569, 153.055568
59.306761, 1.683569, 153.055568
59.313131, 1.683569, 153.055568
59.319150, 1.683569, 153.055568
59.325835, 1.683569, 153.055568
59.331423, 1.681020, 152.823842
59.338766, 1.681020, 152.823842
59.345288, 1.683569, 153.055568
59.351202, 1.683569, 153.055568
59.356698, 1.683569, 153.055568
59.362360, 1.683569, 153.055568
59.367566, 1.683569, 153.055568
59.372346, 1.683569, 153.055568
59.377194, 1.681020, 152.823842
59.382318, 1.683569, 153.055568
59.386927, 1.683569, 153.055568
59.391262, 1.683569, 153.055568
59.395451, 1.683569, 153.055568
59.399367, 1.683569, 153.055568
59.403464, 1.683569, 153.055568
59.407390, 1.683569, 153.055568
59.411321, 1.683569, 153.055568
59.415628, 1.683569, 153.055568
59.420382, 1.683569, 153.055568
59.425008, 1.683569, 153.055568
59.429240, 1.683569, 153.055568
59.433237, 1.683569, 153.055568
59.437276, 1.683569, 153.055568
59.441810, 1.683569, 153.055568
59.450290, 1.683569, 153.055568
59.464745, 1.683569, 153.055568
59.472152, 1.683569, 153.055568
59.483384, 1.683569, 153.055568
59.492208, 1.683569, 153.055568
59.501383, 1.683569, 153.055568
59.508644, 1.683569, 153.055568
59.514987, 1.683569, 153.055568
59.520709, 1.683569, 153.055568
59.525465, 1.683569, 153.055568
59.528709, 1.683569, 153.055568
59.533089, 1.681020, 152.823842
59.540125, 1.681020, 152.823842
59.546196, 1.681020, 152.823842
59.551628, 1.681020, 152.823842
59.556653, 1.681020, 152.823842
59.561594, 1.683569, 153.055568
59.566056, 1.683569, 153.055568
59.570084, 1.683569, 153.055568
59.574082, 1.681020, 152.823842
59.577981, 1.681020, 152.823842
59.581962, 1.683569, 153.055568
59.585671, 1.681020, 152.823842
59.589277, 1.681020, 152.823842
59.592884, 1.683569, 153.055568
59.596463, 1.683569, 153.055568
59.599984, 1.683569, 153.055568
59.603580, 1.683569, 153.055568
59.607126, 1.683569, 153.055568
59.610181, 1.681020, 152.823842
59.613303, 1.683569, 153.055568
59.616595, 1.683569, 153.055568
59.620039, 1.683569, 153.055568
59.623807, 1.683569, 153.055568
59.627903, 1.683569, 153.055568
59.631945, 1.683569, 153.055568
59.635983, 1.683569, 153.055568
59.639890, 1.683569, 153.055568
59.643965, 1.683569, 153.055568
59.647724, 1.681020, 152.823842
59.651466, 1.683569, 153.055568
59.655349, 1.683569, 153.055568
59.662052, 1.683569, 153.055568
59.671771, 1.683569, 153.055568
59.680797, 1.683569, 153.055568
59.688260, 1.683569, 153.055568
59.695218, 1.683569, 153.055568
59.702055, 1.683569, 153.055568
59.710040, 1.681020, 152.823842
59.720173, 1.681020, 152.823842
59.727306, 1.683569, 153.055568
59.732027, 1.683569, 153.055568
59.735136, 1.683569, 153.055568
59.739403, 1.683569, 153.055568
59.743859, 1.681020, 152.823842
59.747934, 1.681020, 152.823842
59.750400, 1.681020, 152.823842
59.757028, 1.681020, 152.823842
59.766026, 1.681020, 152.823842
59.771543, 1.681020, 152.823842
59.775561, 1.681020, 152.823842
59.782886, 1.683569, 153.055568
59.788389, 1.683569, 153.055568
59.790676, 1.683569, 153.055568
59.801095, 1.683569, 153.055568
59.804859, 1.681020, 152.823842
59.812578, 1.683569, 153.055568
59.821695, 1.683569, 153.055568
59.831012, 1.683569, 153.055568
59.841925, 1.683569, 153.055568
59.851282, 1.683569, 153.055568
59.861496, 1.683569, 153.055568
59.877938, 1.683569, 153.055568
59.896632, 1.683569, 153.055568
59.918216, 1.681020, 152.823842
59.940315, 1.683569, 153.055568
59.962472, 1.683569, 153.055568
59.979928, 1.683569, 153.055568
59.984831, 1.683569, 153.055568
59.987953, 1.683569, 153.055568
59.991222, 1.683569, 153.055568
59.994337, 1.683569, 153.055568
59.998582, 1.681020, 152.823842
60.004878, 1.681020, 152.823842
