Time (s),Voltage (V),Pressure
0.726803, -3.593872, -326.729402
0.787177, -3.593872, -326.729402
0.829207, -3.593872, -326.729402
0.875996, -3.593872, -326.729402
0.970529, -3.593872, -326.729402
0.993213, -3.593872, -326.729402
0.998758, -3.593872, -326.729402
1.003386, -3.591322, -326.497578
1.007655, -3.591322, -326.497578
1.011320, -3.591322, -326.497578
1.014728, -3.593872, -326.729402
1.018209, -3.591322, -326.497578
1.021569, -3.591322, -326.497578
1.025707, -3.591322, -326.497578
1.028696, -3.591322, -326.497578
1.031694, -3.591322, -326.497578
1.034773, -3.593872, -326.729402
1.038024, -3.591322, -326.497578
1.042499, -3.593872, -326.729402
1.044930, -3.591322, -326.497578
1.047311, -3.591322, -326.497578
1.050205, -3.591322, -326.497578
1.053084, -3.591322, -326.497578
1.055978, -3.591322, -326.497578
1.059041, -3.591322, -326.497578
1.062265, -3.593872, -326.729402
1.065556, -3.591322, -326.497578
1.068736, -3.591322, -326.497578
1.075553, -3.591322, -326.497578
1.081875, -3.591322, -326.497578
1.086473, -3.591322, -326.497578
1.090970, -3.593872, -326.729402
1.093998, -3.591322, -326.497578
1.096780, -3.591322, -326.497578
1.099704, -3.593872, -326.729402
1.102365, -3.591322, -326.497578
1.104771, -3.591322, -326.497578
1.107673, -3.591322, -326.497578
1.110821, -3.591322, -326.497578
1.113917, -3.591322, -326.497578
1.117006, -3.591322, -326.497578
1.120279, -3.591322, -326.497578
1.123568, -3.591322, -326.497578
1.127004, -3.591322, -326.497578
1.130478, -3.593872, -326.729402
1.133589, -3.591322, -326.497578
1.135756, -3.591322, -326.497578
1.138091, -3.593872, -326.729402
1.140889, -3.591322, -326.497578
1.143702, -3.591322, -326.497578
1.146444, -3.591322, -326.497578
1.149358, -3.591322, -326.497578
1.152585, -3.591322, -326.497578
1.156359, -3.591322, -326.497578
1.159603, -3.591322, -326.497578
1.163166, -3.591322, -326.497578
1.168193, -3.591322, -326.497578
1.172818, -3.591322, -326.497578
1.176763, -3.591322, -326.497578
1.180479, -3.591322, -326.497578
1.185283, -3.591322, -326.497578
1.190954, -3.591322, -326.497578
1.197043, -3.591322, -326.497578
1.199438, -3.591322, -326.497578
1.201701, -3.591322, -326.497578
1.204433, -3.591322, -326.497578
1.207881, -3.591322, -326.497578
1.211857, -3.591322, -326.497578
1.214721, -3.593872, -326.729402
1.217450, -3.591322, -326.497578
1.222296, -3.591322, -326.497578
1.228785, -3.591322, -326.497578
1.234763, -3.591322, -326.497578
1.242299, -3.591322, -326.497578
1.248382, -3.591322, -326.497578
1.252472, -3.591322, -326.497578
1.256236, -3.591322, -326.497578
1.259968, -3.591322, -326.497578
1.263566, -3.591322, -326.497578
1.267027, -3.591322, -326.497578
1.271170, -3.593872, -326.729402
1.276129, -3.591322, -326.497578
1.281644, -3.591322, -326.497578
1.285389, -3.591322, -326.497578
1.288914, -3.591322, -326.497578
1.293837, -3.591322, -326.497578
1.298725, -3.591322, -326.497578
1.302541, -3.591322, -326.497578
1.305306, -3.591322, -326.497578
1.308586, -3.591322, -326.497578
1.313441, -3.588772, -326.265753
1.319928, -3.591322, -326.497578
1.326777, -3.591322, -326.497578
1.331712, -3.591322, -326.497578
1.335671, -3.591322, -326.497578
1.339510, -3.591322, -326.497578
1.344814, -3.591322, -326.497578
1.348786, -3.591322, -326.497578
1.353062, -3.591322, -326.497578
1.359331, -3.591322, -326.497578
1.460069, -3.591322, -326.497578
1.463208, -3.591322, -326.497578
1.466464, -3.591322, -326.497578
1.471937, -3.591322, -326.497578
1.477523, -3.591322, -326.497578
1.482398, -3.591322, -326.497578
1.486858, -3.591322, -326.497578
1.490164, -3.591322, -326.497578
1.493369, -3.591322, -326.497578
1.496271, -3.591322, -326.497578
1.498868, -3.591322, -326.497578
1.501616, -3.591322, -326.497578
1.504466, -3.591322, -326.497578
1.507442, -3.591322, -326.497578
1.510525, -3.591322, -326.497578
1.513705, -3.591322, -326.497578
1.516115, -3.591322, -326.497578
1.518959, -3.591322, -326.497578
1.522141, -3.591322, -326.497578
1.525524, -3.591322, -326.497578
1.528833, -3.591322, -326.497578
1.532511, -3.591322, -326.497578
1.536330, -3.591322, -326.497578
1.540342, -3.591322, -326.497578
1.545532, -3.591322, -326.497578
1.550765, -3.591322, -326.497578
1.555366, -3.591322, -326.497578
1.558807, -3.588772, -326.265753
1.561665, -3.588772, -326.265753
1.565366, -3.591322, -326.497578
1.570855, -3.591322, -326.497578
1.577551, -3.591322, -326.497578
1.583509, -3.591322, -326.497578
1.586819, -3.591322, -326.497578
1.589922, -3.591322, -326.497578
1.593003, -3.591322, -326.497578
1.596248, -3.591322, -326.497578
1.599653, -3.591322, -326.497578
1.603346, -3.591322, -326.497578
1.607099, -3.591322, -326.497578
1.610855, -3.588772, -326.265753
1.614539, -3.588772, -326.265753
1.618269, -3.588772, -326.265753
1.621764, -3.591322, -326.497578
1.625879, -3.591322, -326.497578
1.629403, -3.591322, -326.497578
1.632753, -3.591322, -326.497578
1.636611, -3.588772, -326.265753
1.640299, -3.591322, -326.497578
1.643931, -3.591322, -326.497578
1.647491, -3.591322, -326.497578
1.650898, -3.591322, -326.497578
1.654391, -3.591322, -326.497578
1.658229, -3.591322, -326.497578
1.661868, -3.591322, -326.497578
1.666325, -3.588772, -326.265753
1.670962, -3.591322, -326.497578
1.676135, -3.591322, -326.497578
1.680724, -3.588772, -326.265753
1.684903, -3.591322, -326.497578
1.687944, -3.591322, -326.497578
1.690623, -3.588772, -326.265753
1.693480, -3.591322, -326.497578
1.696840, -3.591322, -326.497578
1.700349, -3.591322, -326.497578
1.704089, -3.591322, -326.497578
1.709651, -3.591322, -326.497578
1.716043, -3.588772, -326.265753
1.720228, -3.588772, -326.265753
1.725010, -3.588772, -326.265753
1.731437, -3.588772, -326.265753
1.736871, -3.588772, -326.265753
1.740973, -3.591322, -326.497578
1.744617, -3.588772, -326.265753
1.749799, -3.591322, -326.497578
1.756593, -3.588772, -326.265753
1.762305, -3.588772, -326.265753
1.767841, -3.588772, -326.265753
1.773711, -3.591322, -326.497578
1.779572, -3.588772, -326.265753
1.788872, -3.591322, -326.497578
1.794462, -3.588772, -326.265753
1.799117, -3.591322, -326.497578
1.803326, -3.591322, -326.497578
1.807612, -3.588772, -326.265753
1.812711, -3.588772, -326.265753
1.817074, -3.588772, -326.265753
1.821364, -3.588772, -326.265753
1.826293, -3.591322, -326.497578
1.830740, -3.588772, -326.265753
1.835463, -3.588772, -326.265753
1.843149, -3.591322, -326.497578
1.849578, -3.591322, -326.497578
1.856211, -3.588772, -326.265753
1.863131, -3.588772, -326.265753
1.868975, -3.588772, -326.265753
1.874301, -3.588772, -326.265753
1.881186, -3.588772, -326.265753
1.886929, -3.588772, -326.265753
1.893548, -3.588772, -326.265753
1.902738, -3.591322, -326.497578
1.908830, -3.588772, -326.265753
1.917207, -3.588772, -326.265753
1.923650, -3.588772, -326.265753
1.928071, -3.588772, -326.265753
1.933249, -3.588772, -326.265753
1.938089, -3.588772, -326.265753
1.943371, -3.588772, -326.265753
1.946470, -3.588772, -326.265753
1.950362, -3.588772, -326.265753
1.954328, -3.588772, -326.265753
1.958540, -3.588772, -326.265753
1.963137, -3.588772, -326.265753
1.967127, -3.588772, -326.265753
1.971613, -3.588772, -326.265753
1.981013, -3.588772, -326.265753
1.986649, -3.588772, -326.265753
1.993659, -3.591322, -326.497578
1.999064, -3.588772, -326.265753
2.003010, -3.588772, -326.265753
2.006981, -3.588772, -326.265753
2.013421, -3.588772, -326.265753
2.020449, -3.591322, -326.497578
2.027256, -3.591322, -326.497578
2.032856, -3.588772, -326.265753
2.038926, -3.588772, -326.265753
2.045628, -3.588772, -326.265753
2.051866, -3.591322, -326.497578
2.058428, -3.588772, -326.265753
2.064504, -3.588772, -326.265753
2.069356, -3.591322, -326.497578
2.074275, -3.588772, -326.265753
2.078397, -3.588772, -326.265753
2.082310, -3.588772, -326.265753
2.088609, -3.591322, -326.497578
2.093277, -3.588772, -326.265753
2.096394, -3.588772, -326.265753
2.099444, -3.588772, -326.265753
2.102512, -3.588772, -326.265753
2.108655, -3.588772, -326.265753
2.115787, -3.588772, -326.265753
2.125272, -3.588772, -326.265753
2.130351, -3.588772, -326.265753
2.133728, -3.588772, -326.265753
2.138397, -3.588772, -326.265753
2.143497, -3.588772, -326.265753
2.147261, -3.588772, -326.265753
2.150597, -3.588772, -326.265753
2.154355, -3.588772, -326.265753
2.159139, -3.588772, -326.265753
2.163362, -3.588772, -326.265753
2.168303, -3.588772, -326.265753
2.174443, -3.588772, -326.265753
2.182474, -3.588772, -326.265753
2.189889, -3.588772, -326.265753
2.195255, -3.588772, -326.265753
2.201125, -3.588772, -326.265753
2.210718, -3.588772, -326.265753
2.229071, -3.588772, -326.265753
2.234653, -3.588772, -326.265753
2.238526, -3.588772, -326.265753
2.242857, -3.588772, -326.265753
2.247692, -3.588772, -326.265753
2.259506, -3.588772, -326.265753
2.278993, -3.588772, -326.265753
2.293351, -3.588772, -326.265753
2.298015, -3.588772, -326.265753
2.301417, -3.588772, -326.265753
2.305728, -3.588772, -326.265753
2.310668, -3.588772, -326.265753
2.319328, -3.588772, -326.265753
2.327404, -3.588772, -326.265753
2.332895, -3.588772, -326.265753
2.335460, -3.588772, -326.265753
2.338132, -3.588772, -326.265753
2.341143, -3.588772, -326.265753
2.344266, -3.588772, -326.265753
2.347307, -3.588772, -326.265753
2.350349, -3.588772, -326.265753
2.353385, -3.588772, -326.265753
2.356461, -3.588772, -326.265753
2.359724, -3.588772, -326.265753
2.362740, -3.588772, -326.265753
2.366356, -3.588772, -326.265753
2.368568, -3.588772, -326.265753
2.371075, -3.588772, -326.265753
2.374273, -3.588772, -326.265753
2.378089, -3.588772, -326.265753
2.382377, -3.588772, -326.265753
2.386674, -3.588772, -326.265753
2.390664, -3.588772, -326.265753
2.394871, -3.588772, -326.265753
2.398782, -3.588772, -326.265753
2.402661, -3.588772, -326.265753
2.406437, -3.588772, -326.265753
2.410223, -3.588772, -326.265753
2.414759, -3.588772, -326.265753
2.419733, -3.588772, -326.265753
2.424336, -3.588772, -326.265753
2.427937, -3.588772, -326.265753
2.437527, -3.588772, -326.265753
2.444279, -3.588772, -326.265753
2.449162, -3.588772, -326.265753
2.452165, -3.588772, -326.265753
2.454852, -3.588772, -326.265753
2.457904, -3.588772, -326.265753
2.461442, -3.588772, -326.265753
2.464435, -3.588772, -326.265753
2.467877, -3.588772, -326.265753
2.470978, -3.588772, -326.265753
2.475994, -3.588772, -326.265753
2.481797, -3.588772, -326.265753
2.484937, -3.588772, -326.265753
2.488181, -3.588772, -326.265753
2.492018, -3.588772, -326.265753
2.496253, -3.588772, -326.265753
2.500455, -3.588772, -326.265753
2.504636, -3.588772, -326.265753
2.508789, -3.588772, -326.265753
2.512604, -3.588772, -326.265753
2.515914, -3.588772, -326.265753
2.519388, -3.588772, -326.265753
2.522587, -3.588772, -326.265753
2.525972, -3.588772, -326.265753
2.529569, -3.588772, -326.265753
2.533120, -3.588772, -326.265753
2.535772, -3.586222, -326.033928
2.538720, -3.586222, -326.033928
2.542451, -3.588772, -326.265753
2.545682, -3.588772, -326.265753
2.548600, -3.588772, -326.265753
2.552032, -3.588772, -326.265753
2.556576, -3.588772, -326.265753
2.559864, -3.588772, -326.265753
2.562735, -3.588772, -326.265753
2.565804, -3.588772, -326.265753
2.568598, -3.588772, -326.265753
2.571315, -3.588772, -326.265753
2.574768, -3.588772, -326.265753
2.578679, -3.588772, -326.265753
2.582478, -3.588772, -326.265753
2.586256, -3.588772, -326.265753
2.589952, -3.588772, -326.265753
2.593898, -3.588772, -326.265753
2.597781, -3.591322, -326.497578
2.601440, -3.588772, -326.265753
2.605021, -3.588772, -326.265753
2.608543, -3.588772, -326.265753
2.613019, -3.588772, -326.265753
2.619047, -3.588772, -326.265753
2.622455, -3.588772, -326.265753
2.625280, -3.588772, -326.265753
2.628168, -3.588772, -326.265753
2.630885, -3.588772, -326.265753
2.633799, -3.588772, -326.265753
2.636961, -3.588772, -326.265753
2.640063, -3.588772, -326.265753
2.643088, -3.588772, -326.265753
2.646090, -3.588772, -326.265753
2.649200, -3.588772, -326.265753
2.652293, -3.588772, -326.265753
2.655411, -3.588772, -326.265753
2.659972, -3.588772, -326.265753
2.664850, -3.588772, -326.265753
2.669373, -3.588772, -326.265753
2.673784, -3.588772, -326.265753
2.678339, -3.586222, -326.033928
2.682510, -3.588772, -326.265753
2.685015, -3.588772, -326.265753
2.687901, -3.588772, -326.265753
2.695482, -3.588772, -326.265753
2.703176, -3.588772, -326.265753
2.709191, -3.588772, -326.265753
2.712966, -3.588772, -326.265753
2.716442, -3.588772, -326.265753
2.720125, -3.588772, -326.265753
2.723676, -3.588772, -326.265753
2.727528, -3.588772, -326.265753
2.730987, -3.588772, -326.265753
2.734316, -3.588772, -326.265753
2.737620, -3.588772, -326.265753
2.741173, -3.588772, -326.265753
2.744204, -3.588772, -326.265753
2.746909, -3.588772, -326.265753
2.749696, -3.588772, -326.265753
2.752541, -3.588772, -326.265753
2.755527, -3.588772, -326.265753
2.758695, -3.588772, -326.265753
2.762299, -3.588772, -326.265753
2.765084, -3.588772, -326.265753
2.767894, -3.588772, -326.265753
2.771045, -3.588772, -326.265753
2.774274, -3.588772, -326.265753
2.777369, -3.588772, -326.265753
2.780471, -3.588772, -326.265753
2.783530, -3.588772, -326.265753
2.786589, -3.588772, -326.265753
2.789618, -3.588772, -326.265753
2.794342, -3.588772, -326.265753
2.796825, -3.588772, -326.265753
2.805060, -3.588772, -326.265753
2.808964, -3.588772, -326.265753
2.811837, -3.588772, -326.265753
2.814610, -3.588772, -326.265753
2.817482, -3.588772, -326.265753
2.820363, -3.588772, -326.265753
2.823428, -3.588772, -326.265753
2.826303, -3.588772, -326.265753
2.829132, -3.588772, -326.265753
2.831912, -3.588772, -326.265753
2.834782, -3.588772, -326.265753
2.837577, -3.591322, -326.497578
2.841140, -3.591322, -326.497578
2.844237, -3.588772, -326.265753
2.847233, -3.588772, -326.265753
2.850076, -3.588772, -326.265753
2.852961, -3.588772, -326.265753
2.855991, -3.588772, -326.265753
2.858880, -3.588772, -326.265753
2.861741, -3.588772, -326.265753
2.864571, -3.588772, -326.265753
2.867449, -3.588772, -326.265753
2.870566, -3.588772, -326.265753
2.874478, -3.591322, -326.497578
2.878009, -3.588772, -326.265753
2.881678, -3.588772, -326.265753
2.885288, -3.588772, -326.265753
2.888921, -3.588772, -326.265753
2.893794, -3.588772, -326.265753
2.897432, -3.588772, -326.265753
2.901088, -3.588772, -326.265753
2.904459, -3.588772, -326.265753
2.909536, -3.588772, -326.265753
2.912165, -3.588772, -326.265753
2.914569, -3.588772, -326.265753
2.917467, -3.588772, -326.265753
2.920204, -3.588772, -326.265753
2.923302, -3.588772, -326.265753
2.926572, -3.588772, -326.265753
2.929010, -3.588772, -326.265753
2.931561, -3.588772, -326.265753
2.934362, -3.588772, -326.265753
2.937166, -3.588772, -326.265753
2.940126, -3.588772, -326.265753
2.943020, -3.588772, -326.265753
2.945903, -3.588772, -326.265753
2.948717, -3.588772, -326.265753
2.951611, -3.588772, -326.265753
2.954436, -3.588772, -326.265753
2.957466, -3.588772, -326.265753
2.960302, -3.588772, -326.265753
2.964268, -3.588772, -326.265753
2.966522, -3.588772, -326.265753
2.968937, -3.588772, -326.265753
2.971465, -3.588772, -326.265753
2.975426, -3.588772, -326.265753
2.978836, -3.588772, -326.265753
2.983452, -3.588772, -326.265753
2.989478, -3.588772, -326.265753
2.991904, -3.588772, -326.265753
2.994318, -3.588772, -326.265753
2.997027, -3.588772, -326.265753
2.999808, -3.588772, -326.265753
3.002632, -3.591322, -326.497578
3.005485, -3.588772, -326.265753
3.008473, -3.588772, -326.265753
3.011316, -3.588772, -326.265753
3.014255, -3.588772, -326.265753
3.016935, -3.588772, -326.265753
3.019351, -3.588772, -326.265753
3.022048, -3.588772, -326.265753
3.026266, -3.588772, -326.265753
3.028831, -3.588772, -326.265753
3.032210, -3.588772, -326.265753
3.036294, -3.588772, -326.265753
3.039143, -3.588772, -326.265753
3.042389, -3.588772, -326.265753
3.045504, -3.588772, -326.265753
3.048456, -3.588772, -326.265753
3.051377, -3.588772, -326.265753
3.055635, -3.588772, -326.265753
3.059262, -3.588772, -326.265753
3.063229, -3.588772, -326.265753
3.066240, -3.588772, -326.265753
3.068854, -3.588772, -326.265753
3.071509, -3.588772, -326.265753
3.074674, -3.588772, -326.265753
3.078401, -3.591322, -326.497578
3.082542, -3.588772, -326.265753
3.086525, -3.588772, -326.265753
3.090294, -3.588772, -326.265753
3.093167, -3.591322, -326.497578
3.096049, -3.588772, -326.265753
3.098381, -3.588772, -326.265753
3.100915, -3.588772, -326.265753
3.103699, -3.588772, -326.265753
3.109274, -3.591322, -326.497578
3.116592, -3.588772, -326.265753
3.125932, -3.588772, -326.265753
3.134055, -3.588772, -326.265753
3.138274, -3.588772, -326.265753
3.141954, -3.591322, -326.497578
3.145170, -3.591322, -326.497578
3.150661, -3.591322, -326.497578
3.157121, -3.588772, -326.265753
3.162208, -3.588772, -326.265753
3.166726, -3.588772, -326.265753
3.171054, -3.588772, -326.265753
3.175349, -3.588772, -326.265753
3.178999, -3.588772, -326.265753
3.181914, -3.588772, -326.265753
3.184933, -3.588772, -326.265753
3.188467, -3.588772, -326.265753
3.192361, -3.588772, -326.265753
3.196216, -3.588772, -326.265753
3.199863, -3.588772, -326.265753
3.203124, -3.588772, -326.265753
3.206104, -3.588772, -326.265753
3.209126, -3.588772, -326.265753
3.212273, -3.588772, -326.265753
3.215410, -3.588772, -326.265753
3.218505, -3.588772, -326.265753
3.221744, -3.588772, -326.265753
3.227072, -3.588772, -326.265753
3.230071, -3.588772, -326.265753
3.232470, -3.588772, -326.265753
3.235144, -3.591322, -326.497578
3.238266, -3.588772, -326.265753
3.240925, -3.588772, -326.265753
3.243710, -3.591322, -326.497578
3.246799, -3.588772, -326.265753
3.250096, -3.591322, -326.497578
3.253396, -3.591322, -326.497578
3.257070, -3.588772, -326.265753
3.259389, -3.588772, -326.265753
3.262033, -3.588772, -326.265753
3.264944, -3.591322, -326.497578
3.267423, -3.591322, -326.497578
3.270148, -3.591322, -326.497578
3.273675, -3.591322, -326.497578
3.276779, -3.588772, -326.265753
3.280323, -3.591322, -326.497578
3.283840, -3.588772, -326.265753
3.287448, -3.588772, -326.265753
3.291154, -3.588772, -326.265753
3.294109, -3.588772, -326.265753
3.297270, -3.588772, -326.265753
3.302085, -3.588772, -326.265753
3.306088, -3.588772, -326.265753
3.309895, -3.591322, -326.497578
3.316693, -3.591322, -326.497578
3.321987, -3.588772, -326.265753
3.327474, -3.588772, -326.265753
3.332851, -3.588772, -326.265753
3.337514, -3.588772, -326.265753
3.343238, -3.588772, -326.265753
3.346582, -3.588772, -326.265753
3.349662, -3.588772, -326.265753
3.357848, -3.588772, -326.265753
3.363272, -3.588772, -326.265753
3.366447, -3.588772, -326.265753
3.369727, -3.591322, -326.497578
3.372603, -3.591322, -326.497578
3.375634, -3.591322, -326.497578
3.378755, -3.591322, -326.497578
3.383375, -3.591322, -326.497578
3.388220, -3.588772, -326.265753
3.392157, -3.591322, -326.497578
3.395483, -3.591322, -326.497578
3.398103, -3.588772, -326.265753
3.400921, -3.588772, -326.265753
3.404022, -3.588772, -326.265753
3.407484, -3.591322, -326.497578
3.411149, -3.591322, -326.497578
3.414703, -3.591322, -326.497578
3.418079, -3.588772, -326.265753
3.421660, -3.588772, -326.265753
3.426530, -3.591322, -326.497578
3.431246, -3.591322, -326.497578
3.435984, -3.591322, -326.497578
3.440074, -3.588772, -326.265753
3.445060, -3.591322, -326.497578
3.448710, -3.588772, -326.265753
3.451777, -3.588772, -326.265753
3.455338, -3.588772, -326.265753
3.458850, -3.588772, -326.265753
3.461932, -3.588772, -326.265753
3.465097, -3.588772, -326.265753
3.468283, -3.588772, -326.265753
3.471523, -3.588772, -326.265753
3.474499, -3.588772, -326.265753
3.481039, -3.588772, -326.265753
3.490531, -3.588772, -326.265753
3.498372, -3.588772, -326.265753
3.502659, -3.588772, -326.265753
3.506745, -3.588772, -326.265753
3.510882, -3.588772, -326.265753
3.514918, -3.588772, -326.265753
3.518579, -3.588772, -326.265753
3.522082, -3.588772, -326.265753
3.526582, -3.588772, -326.265753
3.530109, -3.588772, -326.265753
3.534002, -3.588772, -326.265753
3.537072, -3.588772, -326.265753
3.539422, -3.588772, -326.265753
3.543311, -3.588772, -326.265753
3.545991, -3.588772, -326.265753
3.549028, -3.588772, -326.265753
3.552286, -3.588772, -326.265753
3.555628, -3.588772, -326.265753
3.559282, -3.588772, -326.265753
3.562678, -3.588772, -326.265753
3.566227, -3.588772, -326.265753
3.569784, -3.588772, -326.265753
3.572795, -3.588772, -326.265753
3.577251, -3.588772, -326.265753
3.581638, -3.588772, -326.265753
3.585940, -3.588772, -326.265753
3.590029, -3.591322, -326.497578
3.593927, -3.588772, -326.265753
3.598454, -3.588772, -326.265753
3.602162, -3.588772, -326.265753
3.605002, -3.588772, -326.265753
3.607845, -3.588772, -326.265753
3.610600, -3.588772, -326.265753
3.613381, -3.588772, -326.265753
3.616203, -3.588772, -326.265753
3.621053, -3.588772, -326.265753
3.624633, -3.588772, -326.265753
3.631396, -3.588772, -326.265753
3.637507, -3.588772, -326.265753
3.641446, -3.588772, -326.265753
3.644021, -3.588772, -326.265753
3.647350, -3.588772, -326.265753
3.651453, -3.588772, -326.265753
3.655417, -3.588772, -326.265753
3.662038, -3.588772, -326.265753
3.668420, -3.588772, -326.265753
3.673766, -3.588772, -326.265753
3.679133, -3.588772, -326.265753
3.681655, -3.588772, -326.265753
3.683900, -3.588772, -326.265753
3.686493, -3.588772, -326.265753
3.689420, -3.588772, -326.265753
3.692299, -3.588772, -326.265753
3.695885, -3.588772, -326.265753
3.700539, -3.588772, -326.265753
3.706713, -3.588772, -326.265753
3.714437, -3.588772, -326.265753
3.719465, -3.588772, -326.265753
3.723008, -3.588772, -326.265753
3.730638, -3.588772, -326.265753
3.738069, -3.588772, -326.265753
3.745189, -3.588772, -326.265753
3.750294, -3.588772, -326.265753
3.756411, -3.588772, -326.265753
3.762929, -3.588772, -326.265753
3.768439, -3.588772, -326.265753
3.774557, -3.588772, -326.265753
3.779428, -3.586222, -326.033928
3.784218, -3.586222, -326.033928
3.789117, -3.588772, -326.265753
3.794162, -3.588772, -326.265753
3.799462, -3.588772, -326.265753
3.804120, -3.588772, -326.265753
3.811660, -3.588772, -326.265753
3.818749, -3.588772, -326.265753
3.824679, -3.588772, -326.265753
3.829469, -3.588772, -326.265753
3.833980, -3.586222, -326.033928
3.837847, -3.588772, -326.265753
3.842779, -3.586222, -326.033928
3.846292, -3.586222, -326.033928
3.850151, -3.588772, -326.265753
3.853767, -3.586222, -326.033928
3.857381, -3.586222, -326.033928
3.861649, -3.586222, -326.033928
3.865780, -3.588772, -326.265753
3.869702, -3.586222, -326.033928
3.875976, -3.588772, -326.265753
3.883669, -3.586222, -326.033928
3.889189, -3.586222, -326.033928
3.894546, -3.586222, -326.033928
3.900752, -3.586222, -326.033928
3.907848, -3.586222, -326.033928
3.914890, -3.586222, -326.033928
3.922054, -3.588772, -326.265753
3.935082, -3.588772, -326.265753
3.941783, -3.588772, -326.265753
3.945981, -3.588772, -326.265753
3.950293, -3.588772, -326.265753
3.954847, -3.588772, -326.265753
3.959922, -3.588772, -326.265753
3.965979, -3.588772, -326.265753
3.975915, -3.586222, -326.033928
3.995150, -3.586222, -326.033928
4.000278, -3.586222, -326.033928
4.004032, -3.586222, -326.033928
4.007235, -3.588772, -326.265753
4.010171, -3.586222, -326.033928
4.015946, -3.588772, -326.265753
4.023652, -3.588772, -326.265753
4.030124, -3.588772, -326.265753
4.037942, -3.588772, -326.265753
4.048584, -3.588772, -326.265753
4.054638, -3.586222, -326.033928
4.059966, -3.586222, -326.033928
4.064028, -3.586222, -326.033928
4.067638, -3.586222, -326.033928
4.071340, -3.586222, -326.033928
4.077972, -3.586222, -326.033928
4.100781, -3.586222, -326.033928
4.126515, -3.586222, -326.033928
4.145467, -3.588772, -326.265753
4.150619, -3.588772, -326.265753
4.154281, -3.588772, -326.265753
4.157872, -3.586222, -326.033928
4.162666, -3.586222, -326.033928
4.166403, -3.586222, -326.033928
4.170982, -3.588772, -326.265753
4.184180, -3.588772, -326.265753
4.207140, -3.586222, -326.033928
4.212470, -3.588772, -326.265753
4.216000, -3.588772, -326.265753
4.218864, -3.588772, -326.265753
4.221768, -3.588772, -326.265753
4.225269, -3.588772, -326.265753
4.229254, -3.588772, -326.265753
4.234614, -3.588772, -326.265753
4.256219, -3.588772, -326.265753
4.264647, -3.588772, -326.265753
4.270002, -3.588772, -326.265753
4.275069, -3.588772, -326.265753
4.279076, -3.588772, -326.265753
4.282598, -3.586222, -326.033928
4.292017, -3.586222, -326.033928
4.309734, -3.586222, -326.033928
4.327212, -3.588772, -326.265753
4.332176, -3.588772, -326.265753
4.335499, -3.588772, -326.265753
4.338558, -3.588772, -326.265753
4.341868, -3.586222, -326.033928
4.348583, -3.588772, -326.265753
4.359565, -3.588772, -326.265753
4.375956, -3.588772, -326.265753
4.380799, -3.586222, -326.033928
4.385132, -3.586222, -326.033928
4.390427, -3.586222, -326.033928
4.395814, -3.586222, -326.033928
4.400218, -3.586222, -326.033928
4.403950, -3.588772, -326.265753
4.408349, -3.586222, -326.033928
4.412731, -3.586222, -326.033928
4.419789, -3.586222, -326.033928
4.446256, -3.586222, -326.033928
4.457484, -3.588772, -326.265753
4.462234, -3.588772, -326.265753
4.465426, -3.588772, -326.265753
4.468807, -3.586222, -326.033928
4.474342, -3.588772, -326.265753
4.500047, -3.586222, -326.033928
4.512433, -3.588772, -326.265753
4.516767, -3.586222, -326.033928
4.520149, -3.588772, -326.265753
4.523438, -3.588772, -326.265753
4.528334, -3.586222, -326.033928
4.534695, -3.586222, -326.033928
4.556037, -3.588772, -326.265753
4.571137, -3.588772, -326.265753
4.575839, -3.588772, -326.265753
4.579519, -3.586222, -326.033928
4.586040, -3.586222, -326.033928
4.608826, -3.586222, -326.033928
4.631042, -3.586222, -326.033928
4.639044, -3.588772, -326.265753
4.644615, -3.588772, -326.265753
4.659083, -3.586222, -326.033928
4.674430, -3.588772, -326.265753
4.685923, -3.586222, -326.033928
4.693179, -3.586222, -326.033928
4.697710, -3.586222, -326.033928
4.700744, -3.586222, -326.033928
4.703582, -3.586222, -326.033928
4.707270, -3.586222, -326.033928
4.710715, -3.586222, -326.033928
4.715268, -3.586222, -326.033928
4.721539, -3.586222, -326.033928
4.736771, -3.586222, -326.033928
4.755470, -3.586222, -326.033928
4.760836, -3.586222, -326.033928
4.764407, -3.586222, -326.033928
4.767656, -3.586222, -326.033928
4.772110, -3.586222, -326.033928
4.783331, -3.588772, -326.265753
4.799427, -3.586222, -326.033928
4.804280, -3.586222, -326.033928
4.808885, -3.586222, -326.033928
4.813013, -3.586222, -326.033928
4.817222, -3.586222, -326.033928
4.821708, -3.586222, -326.033928
4.835040, -3.586222, -326.033928
4.852030, -3.586222, -326.033928
4.875733, -3.586222, -326.033928
4.881074, -3.586222, -326.033928
4.885150, -3.586222, -326.033928
4.889451, -3.586222, -326.033928
4.896267, -3.586222, -326.033928
4.903787, -3.586222, -326.033928
4.912021, -3.586222, -326.033928
4.918402, -3.586222, -326.033928
4.923469, -3.586222, -326.033928
4.928229, -3.586222, -326.033928
4.932512, -3.586222, -326.033928
4.936837, -3.586222, -326.033928
4.941364, -3.586222, -326.033928
4.946277, -3.586222, -326.033928
4.965300, -3.586222, -326.033928
4.991655, -3.586222, -326.033928
5.002054, -3.586222, -326.033928
5.008184, -3.586222, -326.033928
5.013640, -3.586222, -326.033928
5.019749, -3.586222, -326.033928
5.024521, -3.586222, -326.033928
5.029792, -3.583672, -325.802104
5.049443, -3.586222, -326.033928
5.070755, -3.586222, -326.033928
5.076201, -3.586222, -326.033928
5.079997, -3.586222, -326.033928
5.085398, -3.586222, -326.033928
5.089005, -3.586222, -326.033928
5.094511, -3.586222, -326.033928
5.099088, -3.586222, -326.033928
5.103554, -3.586222, -326.033928
5.108954, -3.586222, -326.033928
5.115273, -3.586222, -326.033928
5.119423, -3.586222, -326.033928
5.123357, -3.586222, -326.033928
5.127161, -3.586222, -326.033928
5.130644, -3.586222, -326.033928
5.134055, -3.586222, -326.033928
5.137525, -3.586222, -326.033928
5.142534, -3.586222, -326.033928
5.147136, -3.586222, -326.033928
5.157149, -3.586222, -326.033928
5.175467, -3.586222, -326.033928
5.200670, -3.586222, -326.033928
5.209567, -3.586222, -326.033928
5.213675, -3.583672, -325.802104
5.216945, -3.586222, -326.033928
5.220106, -3.586222, -326.033928
5.223923, -3.583672, -325.802104
5.230966, -3.586222, -326.033928
5.237279, -3.586222, -326.033928
5.240466, -3.586222, -326.033928
5.243939, -3.586222, -326.033928
5.247216, -3.586222, -326.033928
5.249957, -3.586222, -326.033928
5.252337, -3.586222, -326.033928
5.254941, -3.586222, -326.033928
5.258093, -3.586222, -326.033928
5.261231, -3.586222, -326.033928
5.264721, -3.586222, -326.033928
5.268747, -3.586222, -326.033928
5.272103, -3.583672, -325.802104
5.275311, -3.583672, -325.802104
5.278328, -3.583672, -325.802104
5.281518, -3.586222, -326.033928
5.284733, -3.586222, -326.033928
5.288139, -3.586222, -326.033928
5.292198, -3.586222, -326.033928
5.295904, -3.586222, -326.033928
5.299975, -3.583672, -325.802104
5.303539, -3.586222, -326.033928
5.306464, -3.586222, -326.033928
5.310106, -3.586222, -326.033928
5.313306, -3.583672, -325.802104
5.316717, -3.586222, -326.033928
5.320210, -3.586222, -326.033928
5.323906, -3.586222, -326.033928
5.327368, -3.586222, -326.033928
5.331416, -3.586222, -326.033928
5.334217, -3.586222, -326.033928
5.336777, -3.586222, -326.033928
5.339480, -3.586222, -326.033928
5.342508, -3.586222, -326.033928
5.345951, -3.586222, -326.033928
5.349678, -3.583672, -325.802104
5.353287, -3.583672, -325.802104
5.356852, -3.586222, -326.033928
5.360846, -3.583672, -325.802104
5.364377, -3.586222, -326.033928
5.367643, -3.586222, -326.033928
5.370932, -3.586222, -326.033928
5.374243, -3.583672, -325.802104
5.377993, -3.583672, -325.802104
5.381530, -3.586222, -326.033928
5.385105, -3.586222, -326.033928
5.389082, -3.586222, -326.033928
5.395730, -3.586222, -326.033928
5.401641, -3.583672, -325.802104
5.455272, -3.583672, -325.802104
5.458683, -3.583672, -325.802104
5.462385, -3.583672, -325.802104
5.465792, -3.586222, -326.033928
5.469181, -3.586222, -326.033928
5.472483, -3.586222, -326.033928
5.475301, -3.586222, -326.033928
5.477436, -3.586222, -326.033928
5.479978, -3.586222, -326.033928
5.482730, -3.583672, -325.802104
5.485861, -3.583672, -325.802104
5.488925, -3.586222, -326.033928
5.492366, -3.586222, -326.033928
5.495624, -3.586222, -326.033928
5.498800, -3.586222, -326.033928
5.501907, -3.583672, -325.802104
5.505092, -3.586222, -326.033928
5.508466, -3.586222, -326.033928
5.511704, -3.586222, -326.033928
5.514944, -3.586222, -326.033928
5.518144, -3.586222, -326.033928
5.521259, -3.586222, -326.033928
5.523619, -3.583672, -325.802104
5.525998, -3.586222, -326.033928
5.528648, -3.583672, -325.802104
5.531474, -3.583672, -325.802104
5.534502, -3.583672, -325.802104
5.537748, -3.583672, -325.802104
5.540951, -3.583672, -325.802104
5.544325, -3.583672, -325.802104
5.547611, -3.586222, -326.033928
5.550847, -3.583672, -325.802104
5.554172, -3.583672, -325.802104
5.557694, -3.586222, -326.033928
5.560647, -3.586222, -326.033928
5.564291, -3.583672, -325.802104
5.568149, -3.583672, -325.802104
5.572142, -3.583672, -325.802104
5.574767, -3.583672, -325.802104
5.578367, -3.583672, -325.802104
5.581811, -3.583672, -325.802104
5.585921, -3.586222, -326.033928
5.590456, -3.583672, -325.802104
5.593695, -3.583672, -325.802104
5.597527, -3.586222, -326.033928
5.600085, -3.583672, -325.802104
5.602879, -3.586222, -326.033928
5.605987, -3.586222, -326.033928
5.612529, -3.583672, -325.802104
5.619267, -3.583672, -325.802104
5.624026, -3.583672, -325.802104
5.630943, -3.586222, -326.033928
5.638418, -3.583672, -325.802104
5.646422, -3.583672, -325.802104
5.649860, -3.586222, -326.033928
5.653556, -3.586222, -326.033928
5.658050, -3.583672, -325.802104
5.672124, -3.583672, -325.802104
5.677742, -3.583672, -325.802104
5.681731, -3.586222, -326.033928
5.685442, -3.586222, -326.033928
5.689480, -3.583672, -325.802104
5.695537, -3.583672, -325.802104
5.701123, -3.583672, -325.802104
5.704249, -3.583672, -325.802104
5.706529, -3.583672, -325.802104
5.709192, -3.586222, -326.033928
5.711831, -3.583672, -325.802104
5.714626, -3.583672, -325.802104
5.719481, -3.583672, -325.802104
5.724326, -3.583672, -325.802104
5.727796, -3.583672, -325.802104
5.730903, -3.583672, -325.802104
5.734390, -3.583672, -325.802104
5.737761, -3.583672, -325.802104
5.742460, -3.581122, -325.570279
5.747253, -3.583672, -325.802104
5.751010, -3.583672, -325.802104
5.754505, -3.583672, -325.802104
5.757821, -3.583672, -325.802104
5.761056, -3.583672, -325.802104
5.764272, -3.583672, -325.802104
5.767524, -3.583672, -325.802104
5.770741, -3.583672, -325.802104
5.774418, -3.583672, -325.802104
5.780265, -3.583672, -325.802104
5.783424, -3.583672, -325.802104
5.786643, -3.583672, -325.802104
5.789786, -3.583672, -325.802104
5.792923, -3.583672, -325.802104
5.796350, -3.583672, -325.802104
5.800426, -3.586222, -326.033928
5.804804, -3.586222, -326.033928
5.810286, -3.586222, -326.033928
5.815196, -3.583672, -325.802104
5.820339, -3.583672, -325.802104
5.826227, -3.583672, -325.802104
5.831705, -3.583672, -325.802104
5.836217, -3.583672, -325.802104
5.840597, -3.583672, -325.802104
5.845247, -3.583672, -325.802104
5.849007, -3.583672, -325.802104
5.853790, -3.583672, -325.802104
5.878300, -3.583672, -325.802104
5.893776, -3.583672, -325.802104
5.898503, -3.583672, -325.802104
5.902217, -3.583672, -325.802104
5.906229, -3.581122, -325.570279
5.911124, -3.583672, -325.802104
5.928798, -3.583672, -325.802104
5.950653, -3.583672, -325.802104
5.956125, -3.583672, -325.802104
5.959917, -3.581122, -325.570279
5.962949, -3.583672, -325.802104
5.965789, -3.583672, -325.802104
5.968718, -3.583672, -325.802104
5.972346, -3.583672, -325.802104
5.976740, -3.583672, -325.802104
5.989142, -3.583672, -325.802104
6.009844, -3.583672, -325.802104
6.023798, -3.583672, -325.802104
6.028609, -3.583672, -325.802104
6.033362, -3.583672, -325.802104
6.040708, -3.583672, -325.802104
6.045694, -3.583672, -325.802104
6.050647, -3.583672, -325.802104
6.055813, -3.583672, -325.802104
6.062239, -3.583672, -325.802104
6.072205, -3.583672, -325.802104
6.091406, -3.583672, -325.802104
6.096115, -3.586222, -326.033928
6.099283, -3.583672, -325.802104
6.102195, -3.583672, -325.802104
6.104898, -3.583672, -325.802104
6.107730, -3.583672, -325.802104
6.110744, -3.583672, -325.802104
6.113834, -3.586222, -326.033928
6.117429, -3.583672, -325.802104
6.121167, -3.583672, -325.802104
6.124940, -3.583672, -325.802104
6.128450, -3.583672, -325.802104
6.131962, -3.583672, -325.802104
6.135783, -3.583672, -325.802104
6.138639, -3.583672, -325.802104
6.141727, -3.583672, -325.802104
6.146645, -3.583672, -325.802104
6.150928, -3.583672, -325.802104
6.157922, -3.581122, -325.570279
6.163189, -3.583672, -325.802104
6.167706, -3.583672, -325.802104
6.172974, -3.583672, -325.802104
6.178268, -3.583672, -325.802104
6.183219, -3.583672, -325.802104
6.189054, -3.583672, -325.802104
6.196614, -3.583672, -325.802104
6.209752, -3.581122, -325.570279
6.240550, -3.583672, -325.802104
6.248014, -3.583672, -325.802104
6.251856, -3.583672, -325.802104
6.255845, -3.583672, -325.802104
6.259276, -3.583672, -325.802104
6.261973, -3.583672, -325.802104
6.264785, -3.583672, -325.802104
6.272010, -3.583672, -325.802104
6.279882, -3.583672, -325.802104
6.293123, -3.583672, -325.802104
6.315852, -3.583672, -325.802104
6.320132, -3.583672, -325.802104
6.323527, -3.583672, -325.802104
6.326183, -3.583672, -325.802104
6.328823, -3.583672, -325.802104
6.331667, -3.583672, -325.802104
6.334663, -3.583672, -325.802104
6.338801, -3.583672, -325.802104
6.343966, -3.583672, -325.802104
6.350184, -3.583672, -325.802104
6.360127, -3.583672, -325.802104
6.383458, -3.583672, -325.802104
6.390315, -3.583672, -325.802104
6.395039, -3.583672, -325.802104
6.398674, -3.583672, -325.802104
6.401867, -3.583672, -325.802104
6.406872, -3.583672, -325.802104
6.411517, -3.583672, -325.802104
6.416271, -3.583672, -325.802104
6.421909, -3.581122, -325.570279
6.435576, -3.583672, -325.802104
6.449447, -3.583672, -325.802104
6.453741, -3.583672, -325.802104
6.456759, -3.583672, -325.802104
6.459427, -3.581122, -325.570279
6.463953, -3.583672, -325.802104
6.473430, -3.583672, -325.802104
6.483331, -3.583672, -325.802104
6.504902, -3.583672, -325.802104
6.524604, -3.581122, -325.570279
6.529918, -3.583672, -325.802104
6.533594, -3.583672, -325.802104
6.538226, -3.583672, -325.802104
6.544565, -3.583672, -325.802104
6.549024, -3.583672, -325.802104
6.564474, -3.583672, -325.802104
6.586638, -3.583672, -325.802104
6.593083, -3.581122, -325.570279
6.596790, -3.583672, -325.802104
6.599776, -3.583672, -325.802104
6.603133, -3.583672, -325.802104
6.609158, -3.583672, -325.802104
6.629304, -3.583672, -325.802104
6.648613, -3.583672, -325.802104
6.654417, -3.583672, -325.802104
6.658299, -3.583672, -325.802104
6.661777, -3.583672, -325.802104
6.669391, -3.583672, -325.802104
6.683952, -3.583672, -325.802104
6.693795, -3.583672, -325.802104
6.706547, -3.583672, -325.802104
6.730843, -3.583672, -325.802104
6.741751, -3.583672, -325.802104
6.745849, -3.583672, -325.802104
6.748895, -3.583672, -325.802104
6.751489, -3.581122, -325.570279
6.757653, -3.583672, -325.802104
6.779916, -3.583672, -325.802104
6.801481, -3.581122, -325.570279
6.808210, -3.581122, -325.570279
6.812288, -3.583672, -325.802104
6.816112, -3.581122, -325.570279
6.821274, -3.583672, -325.802104
6.831583, -3.581122, -325.570279
6.840460, -3.583672, -325.802104
6.847976, -3.583672, -325.802104
6.854551, -3.583672, -325.802104
6.862618, -3.583672, -325.802104
6.879803, -3.581122, -325.570279
6.887112, -3.583672, -325.802104
6.909854, -3.583672, -325.802104
6.919647, -3.583672, -325.802104
6.923696, -3.583672, -325.802104
6.927034, -3.583672, -325.802104
6.930392, -3.583672, -325.802104
6.941129, -3.583672, -325.802104
6.957170, -3.583672, -325.802104
6.971012, -3.583672, -325.802104
6.987086, -3.583672, -325.802104
6.991505, -3.586222, -326.033928
6.994673, -3.583672, -325.802104
6.997532, -3.583672, -325.802104
7.001491, -3.583672, -325.802104
7.016440, -3.583672, -325.802104
7.041172, -3.583672, -325.802104
7.049051, -3.583672, -325.802104
7.052714, -3.583672, -325.802104
7.055651, -3.583672, -325.802104
7.059166, -3.583672, -325.802104
7.064617, -3.583672, -325.802104
7.078971, -3.583672, -325.802104
7.100474, -3.583672, -325.802104
7.108714, -3.583672, -325.802104
7.112484, -3.583672, -325.802104
7.115426, -3.581122, -325.570279
7.118729, -3.583672, -325.802104
7.124936, -3.583672, -325.802104
7.136161, -3.583672, -325.802104
7.155819, -3.583672, -325.802104
7.178422, -3.583672, -325.802104
7.185442, -3.583672, -325.802104
7.189423, -3.581122, -325.570279
7.192550, -3.583672, -325.802104
7.195093, -3.583672, -325.802104
7.197697, -3.581122, -325.570279
7.200661, -3.581122, -325.570279
7.204013, -3.583672, -325.802104
7.209376, -3.581122, -325.570279
7.218981, -3.581122, -325.570279
7.236904, -3.583672, -325.802104
7.246150, -3.583672, -325.802104
7.250036, -3.583672, -325.802104
7.253574, -3.581122, -325.570279
7.256293, -3.583672, -325.802104
7.258965, -3.583672, -325.802104
7.262069, -3.583672, -325.802104
7.266703, -3.583672, -325.802104
7.275572, -3.583672, -325.802104
7.295497, -3.583672, -325.802104
7.308567, -3.583672, -325.802104
7.313029, -3.583672, -325.802104
7.316166, -3.583672, -325.802104
7.319066, -3.583672, -325.802104
7.323194, -3.583672, -325.802104
7.330990, -3.583672, -325.802104
7.336485, -3.583672, -325.802104
7.338890, -3.583672, -325.802104
7.341288, -3.581122, -325.570279
7.343986, -3.583672, -325.802104
7.347098, -3.583672, -325.802104
7.350999, -3.581122, -325.570279
7.363001, -3.581122, -325.570279
7.375461, -3.583672, -325.802104
7.399944, -3.583672, -325.802104
7.405188, -3.581122, -325.570279
7.409245, -3.583672, -325.802104
7.411721, -3.583672, -325.802104
7.414112, -3.583672, -325.802104
7.416862, -3.583672, -325.802104
7.419986, -3.583672, -325.802104
7.423346, -3.581122, -325.570279
7.426888, -3.583672, -325.802104
7.430432, -3.581122, -325.570279
7.433954, -3.583672, -325.802104
7.437415, -3.583672, -325.802104
7.440750, -3.581122, -325.570279
7.444064, -3.583672, -325.802104
7.447933, -3.581122, -325.570279
7.451591, -3.583672, -325.802104
7.454886, -3.583672, -325.802104
7.458882, -3.583672, -325.802104
7.465459, -3.583672, -325.802104
7.470755, -3.583672, -325.802104
7.474686, -3.583672, -325.802104
7.478623, -3.583672, -325.802104
7.482672, -3.583672, -325.802104
7.486461, -3.583672, -325.802104
7.490888, -3.583672, -325.802104
7.493841, -3.583672, -325.802104
7.496629, -3.581122, -325.570279
7.500882, -3.583672, -325.802104
7.506602, -3.583672, -325.802104
7.511774, -3.583672, -325.802104
7.515311, -3.583672, -325.802104
7.518736, -3.583672, -325.802104
7.521965, -3.583672, -325.802104
7.524183, -3.583672, -325.802104
7.526691, -3.583672, -325.802104
7.529601, -3.581122, -325.570279
7.532594, -3.581122, -325.570279
7.535687, -3.583672, -325.802104
7.538865, -3.583672, -325.802104
7.542113, -3.583672, -325.802104
7.545347, -3.583672, -325.802104
7.548673, -3.583672, -325.802104
7.551878, -3.583672, -325.802104
7.554970, -3.581122, -325.570279
7.558856, -3.583672, -325.802104
7.562108, -3.581122, -325.570279
7.565377, -3.583672, -325.802104
7.569526, -3.581122, -325.570279
7.573321, -3.581122, -325.570279
7.578711, -3.581122, -325.570279
7.584136, -3.583672, -325.802104
7.588981, -3.583672, -325.802104
7.593431, -3.583672, -325.802104
7.597905, -3.583672, -325.802104
7.602164, -3.583672, -325.802104
7.606461, -3.583672, -325.802104
7.610627, -3.581122, -325.570279
7.614529, -3.583672, -325.802104
7.618299, -3.583672, -325.802104
7.624564, -3.583672, -325.802104
7.630954, -3.583672, -325.802104
7.636985, -3.583672, -325.802104
7.643483, -3.583672, -325.802104
7.649602, -3.583672, -325.802104
7.654834, -3.583672, -325.802104
7.659870, -3.583672, -325.802104
7.664806, -3.583672, -325.802104
7.669708, -3.583672, -325.802104
7.674777, -3.583672, -325.802104
7.679031, -3.581122, -325.570279
7.683004, -3.583672, -325.802104
7.687048, -3.583672, -325.802104
7.691426, -3.583672, -325.802104
7.695411, -3.583672, -325.802104
7.699584, -3.583672, -325.802104
7.704026, -3.583672, -325.802104
7.708505, -3.583672, -325.802104
7.713343, -3.583672, -325.802104
7.718039, -3.583672, -325.802104
7.722357, -3.583672, -325.802104
7.725664, -3.581122, -325.570279
7.729363, -3.583672, -325.802104
7.733368, -3.583672, -325.802104
7.738291, -3.583672, -325.802104
7.752464, -3.581122, -325.570279
7.771638, -3.583672, -325.802104
7.777249, -3.583672, -325.802104
7.780613, -3.583672, -325.802104
7.783301, -3.583672, -325.802104
7.786118, -3.583672, -325.802104
7.790049, -3.583672, -325.802104
7.795334, -3.583672, -325.802104
7.800922, -3.583672, -325.802104
7.807958, -3.583672, -325.802104
7.820731, -3.583672, -325.802104
7.826181, -3.583672, -325.802104
7.842406, -3.583672, -325.802104
7.860194, -3.583672, -325.802104
7.865258, -3.583672, -325.802104
7.869145, -3.583672, -325.802104
7.872699, -3.583672, -325.802104
7.878641, -3.583672, -325.802104
7.886971, -3.583672, -325.802104
7.904508, -3.583672, -325.802104
7.933797, -3.583672, -325.802104
7.945956, -3.583672, -325.802104
7.950226, -3.583672, -325.802104
7.954860, -3.583672, -325.802104
7.962177, -3.583672, -325.802104
7.971255, -3.583672, -325.802104
7.978856, -3.583672, -325.802104
7.991137, -3.583672, -325.802104
8.010613, -3.581122, -325.570279
8.032146, -3.583672, -325.802104
8.037682, -3.583672, -325.802104
8.041141, -3.583672, -325.802104
8.044107, -3.583672, -325.802104
8.047083, -3.583672, -325.802104
8.050430, -3.581122, -325.570279
8.054108, -3.583672, -325.802104
8.059663, -3.583672, -325.802104
8.080968, -3.581122, -325.570279
8.104120, -3.583672, -325.802104
8.110789, -3.583672, -325.802104
8.115589, -3.581122, -325.570279
8.119163, -3.583672, -325.802104
8.122715, -3.583672, -325.802104
8.137732, -3.583672, -325.802104
8.160368, -3.583672, -325.802104
8.169547, -3.583672, -325.802104
8.173421, -3.583672, -325.802104
8.176546, -3.583672, -325.802104
8.180021, -3.583672, -325.802104
8.186372, -3.581122, -325.570279
8.194117, -3.583672, -325.802104
8.204384, -3.583672, -325.802104
8.216824, -3.583672, -325.802104
8.227200, -3.583672, -325.802104
8.232244, -3.583672, -325.802104
8.236838, -3.583672, -325.802104
8.241004, -3.583672, -325.802104
8.245009, -3.583672, -325.802104
8.249041, -3.583672, -325.802104
8.253141, -3.583672, -325.802104
8.257649, -3.583672, -325.802104
8.264816, -3.583672, -325.802104
8.291337, -3.581122, -325.570279
8.308549, -3.581122, -325.570279
8.313345, -3.583672, -325.802104
8.316766, -3.583672, -325.802104
8.319831, -3.581122, -325.570279
8.323449, -3.583672, -325.802104
8.328665, -3.581122, -325.570279
8.340869, -3.581122, -325.570279
8.352038, -3.583672, -325.802104
8.380263, -3.583672, -325.802104
8.385445, -3.581122, -325.570279
8.388784, -3.581122, -325.570279
8.392335, -3.583672, -325.802104
8.396287, -3.583672, -325.802104
8.401649, -3.581122, -325.570279
8.408711, -3.581122, -325.570279
8.415705, -3.581122, -325.570279
8.434494, -3.583672, -325.802104
8.448230, -3.581122, -325.570279
8.452780, -3.583672, -325.802104
8.456187, -3.581122, -325.570279
8.459708, -3.581122, -325.570279
8.476270, -3.583672, -325.802104
8.500288, -3.583672, -325.802104
8.512371, -3.583672, -325.802104
8.516654, -3.583672, -325.802104
8.520123, -3.581122, -325.570279
8.523613, -3.581122, -325.570279
8.539256, -3.583672, -325.802104
8.563118, -3.583672, -325.802104
8.582327, -3.583672, -325.802104
8.587286, -3.581122, -325.570279
8.592058, -3.581122, -325.570279
8.595514, -3.583672, -325.802104
8.599612, -3.583672, -325.802104
8.605480, -3.583672, -325.802104
8.623870, -3.581122, -325.570279
8.647258, -3.583672, -325.802104
8.653099, -3.581122, -325.570279
8.656817, -3.583672, -325.802104
8.660095, -3.581122, -325.570279
8.663488, -3.581122, -325.570279
8.666783, -3.581122, -325.570279
8.670519, -3.583672, -325.802104
8.675180, -3.581122, -325.570279
8.691773, -3.581122, -325.570279
8.714579, -3.581122, -325.570279
8.730687, -3.583672, -325.802104
8.735249, -3.581122, -325.570279
8.738427, -3.583672, -325.802104
8.741278, -3.583672, -325.802104
8.744316, -3.583672, -325.802104
8.747658, -3.581122, -325.570279
8.752210, -3.583672, -325.802104
8.769677, -3.583672, -325.802104
8.796345, -3.583672, -325.802104
8.816499, -3.581122, -325.570279
8.821952, -3.583672, -325.802104
8.825976, -3.583672, -325.802104
8.829285, -3.583672, -325.802104
8.833374, -3.581122, -325.570279
8.839742, -3.581122, -325.570279
8.857734, -3.583672, -325.802104
8.892104, -3.583672, -325.802104
8.898848, -3.583672, -325.802104
8.902810, -3.581122, -325.570279
8.908110, -3.581122, -325.570279
8.917051, -3.583672, -325.802104
8.941429, -3.583672, -325.802104
8.959774, -3.583672, -325.802104
8.964748, -3.583672, -325.802104
8.968216, -3.581122, -325.570279
8.971779, -3.583672, -325.802104
8.980843, -3.583672, -325.802104
8.997651, -3.583672, -325.802104
9.021018, -3.583672, -325.802104
9.045568, -3.581122, -325.570279
9.065798, -3.581122, -325.570279
9.071348, -3.581122, -325.570279
9.076860, -3.581122, -325.570279
9.080742, -3.581122, -325.570279
9.084209, -3.581122, -325.570279
9.087510, -3.581122, -325.570279
9.092766, -3.583672, -325.802104
9.097484, -3.581122, -325.570279
9.113377, -3.581122, -325.570279
9.141271, -3.581122, -325.570279
9.177805, -3.581122, -325.570279
9.187055, -3.581122, -325.570279
9.195271, -3.581122, -325.570279
9.210081, -3.581122, -325.570279
9.252090, -3.581122, -325.570279
9.268124, -3.578572, -325.338454
9.273954, -3.581122, -325.570279
9.278039, -3.581122, -325.570279
9.282140, -3.583672, -325.802104
9.286937, -3.581122, -325.570279
9.300250, -3.581122, -325.570279
9.327974, -3.581122, -325.570279
9.358764, -3.583672, -325.802104
9.364725, -3.581122, -325.570279
9.368517, -3.581122, -325.570279
9.372117, -3.583672, -325.802104
9.376327, -3.581122, -325.570279
9.384884, -3.581122, -325.570279
9.419401, -3.581122, -325.570279
9.444474, -3.581122, -325.570279
9.448895, -3.583672, -325.802104
9.451988, -3.583672, -325.802104
9.457266, -3.583672, -325.802104
9.465423, -3.581122, -325.570279
9.486135, -3.583672, -325.802104
9.512256, -3.581122, -325.570279
9.522756, -3.581122, -325.570279
9.527273, -3.581122, -325.570279
9.532219, -3.581122, -325.570279
9.535365, -3.581122, -325.570279
9.538263, -3.581122, -325.570279
9.547507, -3.581122, -325.570279
9.560228, -3.581122, -325.570279
9.589383, -3.581122, -325.570279
9.597825, -3.581122, -325.570279
9.601770, -3.581122, -325.570279
9.605133, -3.583672, -325.802104
9.608517, -3.581122, -325.570279
9.611516, -3.583672, -325.802104
9.614994, -3.581122, -325.570279
9.619649, -3.581122, -325.570279
9.648820, -3.581122, -325.570279
9.683908, -3.581122, -325.570279
9.691273, -3.581122, -325.570279
9.695583, -3.581122, -325.570279
9.699170, -3.581122, -325.570279
9.703230, -3.581122, -325.570279
9.708728, -3.581122, -325.570279
9.727638, -3.581122, -325.570279
9.754312, -3.581122, -325.570279
9.774570, -3.581122, -325.570279
9.779058, -3.581122, -325.570279
9.782362, -3.581122, -325.570279
9.787945, -3.581122, -325.570279
9.806244, -3.581122, -325.570279
9.827031, -3.581122, -325.570279
9.848417, -3.583672, -325.802104
9.853258, -3.581122, -325.570279
9.857069, -3.581122, -325.570279
9.860696, -3.581122, -325.570279
9.865530, -3.581122, -325.570279
9.882267, -3.583672, -325.802104
9.907756, -3.581122, -325.570279
9.935045, -3.581122, -325.570279
9.943641, -3.581122, -325.570279
9.948095, -3.581122, -325.570279
9.951928, -3.578572, -325.338454
9.956075, -3.581122, -325.570279
9.962658, -3.578572, -325.338454
9.980379, -3.581122, -325.570279
10.005805, -3.581122, -325.570279
10.037600, -3.581122, -325.570279
10.049236, -3.581122, -325.570279
10.053494, -3.581122, -325.570279
10.056938, -3.581122, -325.570279
10.060243, -3.581122, -325.570279
10.063673, -3.581122, -325.570279
10.067615, -3.581122, -325.570279
10.072185, -3.581122, -325.570279
10.077787, -3.581122, -325.570279
10.083250, -3.578572, -325.338454
10.089569, -3.581122, -325.570279
10.109945, -3.581122, -325.570279
10.132701, -3.581122, -325.570279
10.155626, -3.581122, -325.570279
10.176588, -3.581122, -325.570279
10.183736, -3.581122, -325.570279
10.189509, -3.581122, -325.570279
10.197114, -3.581122, -325.570279
10.201749, -3.581122, -325.570279
10.207729, -3.581122, -325.570279
10.229526, -3.581122, -325.570279
10.256565, -3.581122, -325.570279
10.263560, -3.581122, -325.570279
10.267463, -3.581122, -325.570279
10.270586, -3.581122, -325.570279
10.273778, -3.581122, -325.570279
10.277732, -3.581122, -325.570279
10.283021, -3.581122, -325.570279
10.302735, -3.581122, -325.570279
10.327955, -3.581122, -325.570279
10.333768, -3.581122, -325.570279
10.337418, -3.581122, -325.570279
10.340291, -3.578572, -325.338454
10.343189, -3.581122, -325.570279
10.346402, -3.581122, -325.570279
10.350274, -3.581122, -325.570279
10.357482, -3.581122, -325.570279
10.380762, -3.581122, -325.570279
10.400870, -3.581122, -325.570279
10.406261, -3.581122, -325.570279
10.410021, -3.581122, -325.570279
10.412970, -3.581122, -325.570279
10.415917, -3.581122, -325.570279
10.419064, -3.581122, -325.570279
10.423425, -3.581122, -325.570279
10.433150, -3.581122, -325.570279
10.466806, -3.581122, -325.570279
10.485058, -3.581122, -325.570279
10.489705, -3.581122, -325.570279
10.493432, -3.581122, -325.570279
10.496754, -3.581122, -325.570279
10.502824, -3.581122, -325.570279
10.513729, -3.581122, -325.570279
10.517159, -3.581122, -325.570279
10.520113, -3.581122, -325.570279
10.523276, -3.581122, -325.570279
10.526499, -3.581122, -325.570279
10.529741, -3.581122, -325.570279
10.533258, -3.581122, -325.570279
10.538689, -3.581122, -325.570279
10.559235, -3.583672, -325.802104
10.584108, -3.581122, -325.570279
10.596986, -3.583672, -325.802104
10.601597, -3.583672, -325.802104
10.604876, -3.583672, -325.802104
10.608197, -3.581122, -325.570279
10.612036, -3.581122, -325.570279
10.617264, -3.581122, -325.570279
10.639159, -3.581122, -325.570279
10.671485, -3.581122, -325.570279
10.697734, -3.581122, -325.570279
10.703318, -3.581122, -325.570279
10.707142, -3.578572, -325.338454
10.710417, -3.581122, -325.570279
10.714253, -3.581122, -325.570279
10.727557, -3.581122, -325.570279
10.749342, -3.581122, -325.570279
10.780404, -3.581122, -325.570279
10.787336, -3.581122, -325.570279
10.791538, -3.581122, -325.570279
10.794568, -3.581122, -325.570279
10.797264, -3.581122, -325.570279
10.799984, -3.581122, -325.570279
10.802861, -3.581122, -325.570279
10.807436, -3.581122, -325.570279
10.813219, -3.581122, -325.570279
10.819228, -3.581122, -325.570279
10.824363, -3.583672, -325.802104
10.827227, -3.581122, -325.570279
10.830306, -3.581122, -325.570279
10.834244, -3.581122, -325.570279
10.842655, -3.581122, -325.570279
10.866807, -3.581122, -325.570279
10.898768, -3.581122, -325.570279
10.906778, -3.581122, -325.570279
10.910619, -3.581122, -325.570279
10.914352, -3.581122, -325.570279
10.918199, -3.581122, -325.570279
10.928890, -3.581122, -325.570279
10.960419, -3.581122, -325.570279
10.989973, -3.581122, -325.570279
10.996182, -3.581122, -325.570279
11.000311, -3.581122, -325.570279
11.003841, -3.581122, -325.570279
11.007300, -3.581122, -325.570279
11.010833, -3.581122, -325.570279
11.017200, -3.581122, -325.570279
11.035312, -3.581122, -325.570279
11.060553, -3.581122, -325.570279
11.089455, -3.581122, -325.570279
11.096458, -3.581122, -325.570279
11.100548, -3.581122, -325.570279
11.103705, -3.581122, -325.570279
11.107084, -3.581122, -325.570279
11.110191, -3.581122, -325.570279
11.113456, -3.581122, -325.570279
11.118181, -3.581122, -325.570279
11.135160, -3.581122, -325.570279
11.158302, -3.581122, -325.570279
11.168967, -3.581122, -325.570279
11.173075, -3.581122, -325.570279
11.176441, -3.581122, -325.570279
11.179092, -3.581122, -325.570279
11.181698, -3.581122, -325.570279
11.184393, -3.581122, -325.570279
11.187186, -3.581122, -325.570279
11.192536, -3.581122, -325.570279
11.198396, -3.581122, -325.570279
11.204539, -3.581122, -325.570279
11.215895, -3.581122, -325.570279
11.242590, -3.581122, -325.570279
11.269338, -3.581122, -325.570279
11.299604, -3.581122, -325.570279
11.305103, -3.581122, -325.570279
11.309143, -3.581122, -325.570279
11.312637, -3.583672, -325.802104
11.318503, -3.581122, -325.570279
11.324286, -3.581122, -325.570279
11.329262, -3.581122, -325.570279
11.333513, -3.581122, -325.570279
11.337416, -3.581122, -325.570279
11.341284, -3.581122, -325.570279
11.344839, -3.581122, -325.570279
11.348113, -3.583672, -325.802104
11.351279, -3.581122, -325.570279
11.354362, -3.583672, -325.802104
11.357710, -3.581122, -325.570279
11.360795, -3.581122, -325.570279
11.363821, -3.581122, -325.570279
11.366850, -3.581122, -325.570279
11.369822, -3.581122, -325.570279
11.373292, -3.583672, -325.802104
11.376667, -3.581122, -325.570279
11.379763, -3.581122, -325.570279
11.382900, -3.581122, -325.570279
11.385990, -3.581122, -325.570279
11.389117, -3.581122, -325.570279
11.392250, -3.581122, -325.570279
11.395459, -3.581122, -325.570279
11.398438, -3.583672, -325.802104
11.401393, -3.581122, -325.570279
11.404354, -3.581122, -325.570279
11.407537, -3.581122, -325.570279
11.410545, -3.581122, -325.570279
11.413531, -3.581122, -325.570279
11.416507, -3.583672, -325.802104
11.419612, -3.581122, -325.570279
11.424053, -3.581122, -325.570279
11.437920, -3.581122, -325.570279
11.462371, -3.581122, -325.570279
11.491348, -3.581122, -325.570279
11.513059, -3.578572, -325.338454
11.519226, -3.581122, -325.570279
11.522551, -3.581122, -325.570279
11.525949, -3.581122, -325.570279
11.529703, -3.581122, -325.570279
11.533682, -3.581122, -325.570279
11.539264, -3.581122, -325.570279
11.558270, -3.581122, -325.570279
11.585148, -3.583672, -325.802104
11.607322, -3.583672, -325.802104
11.612574, -3.581122, -325.570279
11.616027, -3.581122, -325.570279
11.618976, -3.581122, -325.570279
11.621773, -3.583672, -325.802104
11.624459, -3.581122, -325.570279
11.627083, -3.581122, -325.570279
11.629851, -3.581122, -325.570279
11.632660, -3.581122, -325.570279
11.635516, -3.581122, -325.570279
11.638463, -3.581122, -325.570279
11.641697, -3.581122, -325.570279
11.644615, -3.581122, -325.570279
11.647516, -3.581122, -325.570279
11.650492, -3.581122, -325.570279
11.653501, -3.581122, -325.570279
11.656769, -3.581122, -325.570279
11.663932, -3.583672, -325.802104
11.673292, -3.581122, -325.570279
11.682434, -3.583672, -325.802104
11.690702, -3.581122, -325.570279
11.700650, -3.581122, -325.570279
11.722353, -3.581122, -325.570279
11.744445, -3.581122, -325.570279
11.767308, -3.581122, -325.570279
11.784558, -3.581122, -325.570279
11.789618, -3.581122, -325.570279
11.793313, -3.581122, -325.570279
11.796596, -3.581122, -325.570279
11.800131, -3.581122, -325.570279
11.804223, -3.581122, -325.570279
11.809268, -3.581122, -325.570279
11.815523, -3.581122, -325.570279
11.830689, -3.583672, -325.802104
11.857544, -3.583672, -325.802104
11.883141, -3.581122, -325.570279
11.889869, -3.583672, -325.802104
11.893717, -3.581122, -325.570279
11.897313, -3.581122, -325.570279
11.901611, -3.581122, -325.570279
11.913182, -3.581122, -325.570279
11.935484, -3.581122, -325.570279
11.961462, -3.581122, -325.570279
11.988037, -3.581122, -325.570279
11.995543, -3.581122, -325.570279
12.000211, -3.581122, -325.570279
12.003832, -3.581122, -325.570279
12.008595, -3.581122, -325.570279
12.028499, -3.581122, -325.570279
12.051284, -3.578572, -325.338454
12.075174, -3.581122, -325.570279
12.082560, -3.581122, -325.570279
12.086731, -3.581122, -325.570279
12.090289, -3.581122, -325.570279
12.099341, -3.581122, -325.570279
12.110905, -3.581122, -325.570279
12.121503, -3.581122, -325.570279
12.131707, -3.581122, -325.570279
12.141052, -3.581122, -325.570279
12.150149, -3.581122, -325.570279
12.162294, -3.581122, -325.570279
12.187256, -3.581122, -325.570279
12.216639, -3.581122, -325.570279
12.243713, -3.578572, -325.338454
12.266430, -3.581122, -325.570279
12.271925, -3.581122, -325.570279
12.278847, -3.581122, -325.570279
12.282669, -3.581122, -325.570279
12.285609, -3.581122, -325.570279
12.294947, -3.581122, -325.570279
12.318480, -3.581122, -325.570279
12.342513, -3.581122, -325.570279
12.363748, -3.581122, -325.570279
12.369497, -3.581122, -325.570279
12.373605, -3.581122, -325.570279
12.376853, -3.581122, -325.570279
12.380536, -3.581122, -325.570279
12.384887, -3.581122, -325.570279
12.389890, -3.581122, -325.570279
12.395476, -3.581122, -325.570279
12.400672, -3.581122, -325.570279
12.405713, -3.581122, -325.570279
12.410732, -3.581122, -325.570279
12.416121, -3.581122, -325.570279
12.421331, -3.581122, -325.570279
12.427286, -3.581122, -325.570279
12.433155, -3.581122, -325.570279
12.438997, -3.581122, -325.570279
12.445298, -3.581122, -325.570279
12.452073, -3.578572, -325.338454
12.460882, -3.581122, -325.570279
12.481538, -3.581122, -325.570279
12.503675, -3.581122, -325.570279
12.526365, -3.581122, -325.570279
12.548959, -3.581122, -325.570279
12.568923, -3.581122, -325.570279
12.574739, -3.581122, -325.570279
12.578469, -3.581122, -325.570279
12.581543, -3.581122, -325.570279
12.585460, -3.581122, -325.570279
12.602639, -3.581122, -325.570279
12.623944, -3.581122, -325.570279
12.646291, -3.578572, -325.338454
12.664693, -3.581122, -325.570279
12.669832, -3.581122, -325.570279
12.673251, -3.581122, -325.570279
12.676339, -3.581122, -325.570279
12.679641, -3.581122, -325.570279
12.683516, -3.581122, -325.570279
12.687991, -3.581122, -325.570279
12.693494, -3.581122, -325.570279
12.700549, -3.583672, -325.802104
12.709422, -3.581122, -325.570279
12.721192, -3.581122, -325.570279
12.741978, -3.581122, -325.570279
12.763361, -3.581122, -325.570279
12.785584, -3.583672, -325.802104
12.802979, -3.583672, -325.802104
12.807337, -3.583672, -325.802104
12.810604, -3.583672, -325.802104
12.813585, -3.583672, -325.802104
12.816951, -3.581122, -325.570279
12.821257, -3.581122, -325.570279
12.827239, -3.581122, -325.570279
12.835618, -3.581122, -325.570279
12.850793, -3.581122, -325.570279
12.872674, -3.581122, -325.570279
12.899268, -3.581122, -325.570279
12.931481, -3.581122, -325.570279
12.953255, -3.578572, -325.338454
12.958839, -3.581122, -325.570279
12.962542, -3.581122, -325.570279
12.965896, -3.581122, -325.570279
12.968837, -3.583672, -325.802104
12.971891, -3.581122, -325.570279
12.975155, -3.581122, -325.570279
12.978119, -3.581122, -325.570279
12.981061, -3.581122, -325.570279
12.984001, -3.581122, -325.570279
12.986926, -3.581122, -325.570279
12.990039, -3.581122, -325.570279
12.993013, -3.581122, -325.570279
12.996022, -3.581122, -325.570279
12.999105, -3.581122, -325.570279
13.002166, -3.581122, -325.570279
13.005513, -3.581122, -325.570279
13.009054, -3.583672, -325.802104
13.022905, -3.581122, -325.570279
13.036525, -3.581122, -325.570279
13.059447, -3.581122, -325.570279
13.082061, -3.581122, -325.570279
13.104591, -3.583672, -325.802104
13.127117, -3.581122, -325.570279
13.136642, -3.581122, -325.570279
13.140889, -3.583672, -325.802104
13.144277, -3.583672, -325.802104
13.147545, -3.583672, -325.802104
13.151289, -3.583672, -325.802104
13.155587, -3.581122, -325.570279
13.161005, -3.581122, -325.570279
13.166846, -3.581122, -325.570279
13.185561, -3.581122, -325.570279
13.211073, -3.581122, -325.570279
13.236945, -3.581122, -325.570279
13.262926, -3.581122, -325.570279
13.287318, -3.583672, -325.802104
13.302203, -3.581122, -325.570279
13.306537, -3.581122, -325.570279
13.309715, -3.581122, -325.570279
13.312886, -3.581122, -325.570279
13.320790, -3.581122, -325.570279
13.342733, -3.581122, -325.570279
13.363408, -3.578572, -325.338454
13.388270, -3.581122, -325.570279
13.413261, -3.581122, -325.570279
13.423632, -3.581122, -325.570279
13.427886, -3.581122, -325.570279
13.431264, -3.581122, -325.570279
13.434520, -3.581122, -325.570279
13.438091, -3.583672, -325.802104
13.445747, -3.581122, -325.570279
13.456978, -3.581122, -325.570279
13.464939, -3.581122, -325.570279
13.472742, -3.581122, -325.570279
13.481427, -3.581122, -325.570279
13.491460, -3.583672, -325.802104
13.501913, -3.581122, -325.570279
13.514545, -3.581122, -325.570279
13.526284, -3.581122, -325.570279
13.529265, -3.581122, -325.570279
13.531566, -3.581122, -325.570279
13.534102, -3.581122, -325.570279
13.537059, -3.581122, -325.570279
13.541184, -3.583672, -325.802104
13.546811, -3.581122, -325.570279
13.561439, -3.581122, -325.570279
13.587868, -3.583672, -325.802104
13.614451, -3.581122, -325.570279
13.629721, -3.581122, -325.570279
13.634220, -3.581122, -325.570279
13.637950, -3.581122, -325.570279
13.641185, -3.581122, -325.570279
13.644419, -3.581122, -325.570279
13.649787, -3.581122, -325.570279
13.656987, -3.581122, -325.570279
13.664398, -3.581122, -325.570279
13.672640, -3.581122, -325.570279
13.681845, -3.581122, -325.570279
13.691589, -3.581122, -325.570279
13.702162, -3.581122, -325.570279
13.708936, -3.581122, -325.570279
13.712491, -3.581122, -325.570279
13.718487, -3.581122, -325.570279
13.721529, -3.581122, -325.570279
13.725705, -3.581122, -325.570279
13.729290, -3.581122, -325.570279
13.732767, -3.581122, -325.570279
13.737011, -3.581122, -325.570279
13.740922, -3.581122, -325.570279
13.746485, -3.581122, -325.570279
13.751139, -3.581122, -325.570279
13.756500, -3.581122, -325.570279
13.763537, -3.581122, -325.570279
13.785694, -3.581122, -325.570279
13.801074, -3.581122, -325.570279
13.805406, -3.581122, -325.570279
13.808608, -3.581122, -325.570279
13.811581, -3.581122, -325.570279
13.814720, -3.581122, -325.570279
13.818770, -3.581122, -325.570279
13.823669, -3.581122, -325.570279
13.830083, -3.581122, -325.570279
13.840514, -3.581122, -325.570279
13.855059, -3.581122, -325.570279
13.860907, -3.581122, -325.570279
13.865191, -3.578572, -325.338454
13.869476, -3.581122, -325.570279
13.874323, -3.581122, -325.570279
13.879845, -3.581122, -325.570279
13.886405, -3.581122, -325.570279
13.908444, -3.581122, -325.570279
13.934750, -3.581122, -325.570279
13.956800, -3.581122, -325.570279
13.962937, -3.581122, -325.570279
13.966737, -3.581122, -325.570279
13.969680, -3.578572, -325.338454
13.972494, -3.581122, -325.570279
13.975516, -3.581122, -325.570279
13.979992, -3.581122, -325.570279
13.987099, -3.581122, -325.570279
13.995484, -3.581122, -325.570279
14.002767, -3.581122, -325.570279
14.011202, -3.578572, -325.338454
14.024046, -3.581122, -325.570279
14.040227, -3.578572, -325.338454
14.062941, -3.578572, -325.338454
14.091922, -3.581122, -325.570279
14.098639, -3.578572, -325.338454
14.102337, -3.581122, -325.570279
14.105385, -3.578572, -325.338454
14.108610, -3.581122, -325.570279
14.113274, -3.581122, -325.570279
14.131705, -3.581122, -325.570279
14.153021, -3.581122, -325.570279
14.185845, -3.581122, -325.570279
14.199227, -3.581122, -325.570279
14.203911, -3.581122, -325.570279
14.207120, -3.581122, -325.570279
14.210235, -3.581122, -325.570279
14.213445, -3.581122, -325.570279
14.218559, -3.581122, -325.570279
14.224914, -3.581122, -325.570279
14.231165, -3.581122, -325.570279
14.237350, -3.581122, -325.570279
14.243663, -3.581122, -325.570279
14.250228, -3.581122, -325.570279
14.256768, -3.581122, -325.570279
14.268069, -3.581122, -325.570279
14.279805, -3.578572, -325.338454
14.289266, -3.581122, -325.570279
14.295452, -3.578572, -325.338454
14.300854, -3.581122, -325.570279
14.305853, -3.581122, -325.570279
14.310711, -3.581122, -325.570279
14.315193, -3.581122, -325.570279
14.319558, -3.581122, -325.570279
14.323029, -3.578572, -325.338454
14.325607, -3.581122, -325.570279
14.328752, -3.578572, -325.338454
14.332641, -3.578572, -325.338454
14.338028, -3.578572, -325.338454
14.347509, -3.581122, -325.570279
14.359081, -3.581122, -325.570279
14.373104, -3.578572, -325.338454
14.379174, -3.578572, -325.338454
14.387666, -3.581122, -325.570279
14.390067, -3.581122, -325.570279
14.392215, -3.581122, -325.570279
14.394689, -3.578572, -325.338454
14.398295, -3.581122, -325.570279
14.400962, -3.581122, -325.570279
14.403726, -3.581122, -325.570279
14.405994, -3.581122, -325.570279
14.408485, -3.581122, -325.570279
14.411380, -3.581122, -325.570279
14.414334, -3.581122, -325.570279
14.417578, -3.581122, -325.570279
14.420352, -3.581122, -325.570279
14.422864, -3.581122, -325.570279
14.426739, -3.581122, -325.570279
14.430435, -3.578572, -325.338454
14.433849, -3.581122, -325.570279
14.436639, -3.578572, -325.338454
14.438823, -3.581122, -325.570279
14.441927, -3.578572, -325.338454
14.445641, -3.581122, -325.570279
14.449306, -3.578572, -325.338454
14.453628, -3.578572, -325.338454
14.457956, -3.581122, -325.570279
14.461518, -3.581122, -325.570279
14.463865, -3.578572, -325.338454
14.466218, -3.578572, -325.338454
14.469008, -3.578572, -325.338454
14.472242, -3.578572, -325.338454
14.475564, -3.578572, -325.338454
14.479004, -3.578572, -325.338454
14.482593, -3.578572, -325.338454
14.486098, -3.578572, -325.338454
14.489544, -3.581122, -325.570279
14.492168, -3.581122, -325.570279
14.494996, -3.581122, -325.570279
14.498086, -3.578572, -325.338454
14.501060, -3.581122, -325.570279
14.504101, -3.581122, -325.570279
14.507647, -3.581122, -325.570279
14.512030, -3.578572, -325.338454
14.515313, -3.581122, -325.570279
14.518673, -3.581122, -325.570279
14.522630, -3.581122, -325.570279
14.526168, -3.581122, -325.570279
14.531804, -3.581122, -325.570279
14.535629, -3.581122, -325.570279
14.538376, -3.581122, -325.570279
14.542488, -3.581122, -325.570279
14.547394, -3.581122, -325.570279
14.550647, -3.581122, -325.570279
14.553154, -3.581122, -325.570279
14.555790, -3.581122, -325.570279
14.559031, -3.578572, -325.338454
14.562622, -3.581122, -325.570279
14.565758, -3.578572, -325.338454
14.569190, -3.581122, -325.570279
14.573389, -3.581122, -325.570279
14.577841, -3.581122, -325.570279
14.581660, -3.581122, -325.570279
14.585453, -3.581122, -325.570279
14.588089, -3.581122, -325.570279
14.591360, -3.581122, -325.570279
14.596372, -3.581122, -325.570279
14.599676, -3.578572, -325.338454
14.602281, -3.578572, -325.338454
14.605113, -3.578572, -325.338454
14.607877, -3.578572, -325.338454
14.610779, -3.578572, -325.338454
14.616247, -3.578572, -325.338454
14.621591, -3.578572, -325.338454
14.625253, -3.581122, -325.570279
14.627811, -3.581122, -325.570279
14.630975, -3.581122, -325.570279
14.634750, -3.581122, -325.570279
14.637518, -3.583672, -325.802104
14.642180, -3.578572, -325.338454
14.647014, -3.578572, -325.338454
14.649816, -3.578572, -325.338454
14.652278, -3.578572, -325.338454
14.655323, -3.578572, -325.338454
14.659764, -3.581122, -325.570279
14.664487, -3.581122, -325.570279
14.669689, -3.581122, -325.570279
14.674264, -3.581122, -325.570279
14.678297, -3.581122, -325.570279
14.682337, -3.581122, -325.570279
14.685192, -3.581122, -325.570279
14.687891, -3.581122, -325.570279
14.690832, -3.578572, -325.338454
14.693803, -3.581122, -325.570279
14.697871, -3.581122, -325.570279
14.702331, -3.578572, -325.338454
14.706062, -3.581122, -325.570279
14.709573, -3.581122, -325.570279
14.713299, -3.581122, -325.570279
14.718292, -3.581122, -325.570279
14.722494, -3.581122, -325.570279
14.725943, -3.581122, -325.570279
14.729909, -3.581122, -325.570279
14.733372, -3.581122, -325.570279
14.736708, -3.578572, -325.338454
14.740654, -3.578572, -325.338454
14.743595, -3.581122, -325.570279
14.748538, -3.578572, -325.338454
14.754969, -3.581122, -325.570279
14.759924, -3.578572, -325.338454
14.767162, -3.581122, -325.570279
14.780357, -3.581122, -325.570279
14.788913, -3.581122, -325.570279
14.796957, -3.581122, -325.570279
14.803598, -3.581122, -325.570279
14.811117, -3.581122, -325.570279
14.819303, -3.581122, -325.570279
14.825473, -3.578572, -325.338454
14.831188, -3.581122, -325.570279
14.836768, -3.578572, -325.338454
14.841938, -3.581122, -325.570279
14.846966, -3.581122, -325.570279
14.851233, -3.578572, -325.338454
14.853408, -3.581122, -325.570279
14.855719, -3.581122, -325.570279
14.858842, -3.581122, -325.570279
14.861293, -3.583672, -325.802104
14.864054, -3.581122, -325.570279
14.867264, -3.581122, -325.570279
14.870878, -3.581122, -325.570279
14.874869, -3.581122, -325.570279
14.878767, -3.581122, -325.570279
14.882749, -3.581122, -325.570279
14.887769, -3.581122, -325.570279
14.891434, -3.581122, -325.570279
14.895545, -3.581122, -325.570279
14.901361, -3.581122, -325.570279
14.907451, -3.581122, -325.570279
14.913919, -3.581122, -325.570279
14.920282, -3.581122, -325.570279
14.926509, -3.581122, -325.570279
14.931397, -3.581122, -325.570279
14.936188, -3.581122, -325.570279
14.940615, -3.581122, -325.570279
14.944956, -3.578572, -325.338454
14.949054, -3.578572, -325.338454
14.952869, -3.581122, -325.570279
14.956856, -3.581122, -325.570279
14.960873, -3.581122, -325.570279
14.964828, -3.581122, -325.570279
14.968744, -3.581122, -325.570279
14.972586, -3.581122, -325.570279
14.976356, -3.581122, -325.570279
14.979903, -3.581122, -325.570279
14.983613, -3.581122, -325.570279
14.987495, -3.581122, -325.570279
14.991516, -3.581122, -325.570279
14.995568, -3.581122, -325.570279
14.999791, -3.581122, -325.570279
15.004020, -3.581122, -325.570279
15.009625, -3.581122, -325.570279
15.013590, -3.581122, -325.570279
15.017510, -3.581122, -325.570279
15.020914, -3.581122, -325.570279
15.024346, -3.581122, -325.570279
15.028986, -3.581122, -325.570279
15.032250, -3.581122, -325.570279
15.035507, -3.581122, -325.570279
15.038631, -3.581122, -325.570279
15.041757, -3.581122, -325.570279
15.044894, -3.581122, -325.570279
15.048142, -3.581122, -325.570279
15.051407, -3.581122, -325.570279
15.054668, -3.581122, -325.570279
15.058017, -3.581122, -325.570279
15.061333, -3.581122, -325.570279
15.064631, -3.581122, -325.570279
15.068187, -3.581122, -325.570279
15.071648, -3.581122, -325.570279
15.075029, -3.581122, -325.570279
15.078385, -3.581122, -325.570279
15.081509, -3.581122, -325.570279
15.084664, -3.578572, -325.338454
15.087833, -3.581122, -325.570279
15.091018, -3.578572, -325.338454
15.094079, -3.581122, -325.570279
15.097163, -3.581122, -325.570279
15.100220, -3.578572, -325.338454
15.103248, -3.578572, -325.338454
15.106222, -3.581122, -325.570279
15.109721, -3.581122, -325.570279
15.112090, -3.581122, -325.570279
15.114536, -3.581122, -325.570279
15.117167, -3.581122, -325.570279
15.119977, -3.581122, -325.570279
15.122922, -3.581122, -325.570279
15.125905, -3.581122, -325.570279
15.129083, -3.581122, -325.570279
15.132360, -3.581122, -325.570279
15.135492, -3.581122, -325.570279
15.138710, -3.581122, -325.570279
15.141932, -3.581122, -325.570279
15.145240, -3.581122, -325.570279
15.148547, -3.581122, -325.570279
15.151807, -3.581122, -325.570279
15.155072, -3.581122, -325.570279
15.158703, -3.581122, -325.570279
15.162089, -3.581122, -325.570279
15.165428, -3.581122, -325.570279
15.168650, -3.581122, -325.570279
15.171795, -3.581122, -325.570279
15.174756, -3.581122, -325.570279
15.177658, -3.581122, -325.570279
15.181001, -3.581122, -325.570279
15.184907, -3.581122, -325.570279
15.188596, -3.581122, -325.570279
15.192095, -3.581122, -325.570279
15.195333, -3.581122, -325.570279
15.198467, -3.581122, -325.570279
15.201521, -3.581122, -325.570279
15.205700, -3.581122, -325.570279
15.208641, -3.581122, -325.570279
15.211716, -3.581122, -325.570279
15.214745, -3.581122, -325.570279
15.217844, -3.581122, -325.570279
15.221489, -3.578572, -325.338454
15.225660, -3.581122, -325.570279
15.229349, -3.581122, -325.570279
15.232887, -3.581122, -325.570279
15.236398, -3.581122, -325.570279
15.241212, -3.578572, -325.338454
15.245275, -3.581122, -325.570279
15.249325, -3.581122, -325.570279
15.253488, -3.581122, -325.570279
15.257589, -3.581122, -325.570279
15.261664, -3.581122, -325.570279
15.265676, -3.581122, -325.570279
15.269222, -3.581122, -325.570279
15.273202, -3.581122, -325.570279
15.276709, -3.581122, -325.570279
15.280133, -3.581122, -325.570279
15.283688, -3.581122, -325.570279
15.288169, -3.581122, -325.570279
15.292073, -3.581122, -325.570279
15.296512, -3.581122, -325.570279
15.300717, -3.581122, -325.570279
15.304189, -3.581122, -325.570279
15.306874, -3.581122, -325.570279
15.309414, -3.581122, -325.570279
15.311749, -3.581122, -325.570279
15.314314, -3.581122, -325.570279
15.316998, -3.581122, -325.570279
15.319882, -3.581122, -325.570279
15.322701, -3.581122, -325.570279
15.326003, -3.578572, -325.338454
15.328724, -3.578572, -325.338454
15.331501, -3.581122, -325.570279
15.334438, -3.581122, -325.570279
15.337334, -3.581122, -325.570279
15.341016, -3.581122, -325.570279
15.343909, -3.581122, -325.570279
15.345937, -3.581122, -325.570279
15.348071, -3.578572, -325.338454
15.350698, -3.581122, -325.570279
15.353623, -3.581122, -325.570279
15.357384, -3.581122, -325.570279
15.360202, -3.581122, -325.570279
15.362642, -3.581122, -325.570279
15.365349, -3.581122, -325.570279
15.368227, -3.581122, -325.570279
15.371243, -3.581122, -325.570279
15.374446, -3.581122, -325.570279
15.377664, -3.581122, -325.570279
15.380793, -3.581122, -325.570279
15.383886, -3.581122, -325.570279
15.387120, -3.581122, -325.570279
15.389945, -3.581122, -325.570279
15.392187, -3.581122, -325.570279
15.394618, -3.581122, -325.570279
15.397476, -3.581122, -325.570279
15.400048, -3.578572, -325.338454
15.402730, -3.581122, -325.570279
15.405640, -3.581122, -325.570279
15.408501, -3.583672, -325.802104
15.410995, -3.581122, -325.570279
15.413704, -3.578572, -325.338454
15.416486, -3.581122, -325.570279
15.419247, -3.581122, -325.570279
15.422224, -3.581122, -325.570279
15.425403, -3.581122, -325.570279
15.428819, -3.578572, -325.338454
15.432238, -3.581122, -325.570279
15.435507, -3.581122, -325.570279
15.438659, -3.581122, -325.570279
15.441744, -3.581122, -325.570279
15.444915, -3.578572, -325.338454
15.448003, -3.581122, -325.570279
15.450441, -3.581122, -325.570279
15.452804, -3.578572, -325.338454
15.455291, -3.578572, -325.338454
15.457981, -3.578572, -325.338454
15.460994, -3.578572, -325.338454
15.464009, -3.578572, -325.338454
15.466971, -3.581122, -325.570279
15.469467, -3.578572, -325.338454
15.471934, -3.578572, -325.338454
15.474240, -3.578572, -325.338454
15.476532, -3.581122, -325.570279
15.479704, -3.581122, -325.570279
15.482423, -3.581122, -325.570279
15.485232, -3.578572, -325.338454
15.488174, -3.578572, -325.338454
15.491441, -3.581122, -325.570279
15.493864, -3.578572, -325.338454
15.496391, -3.581122, -325.570279
15.499391, -3.581122, -325.570279
15.502205, -3.581122, -325.570279
15.505143, -3.578572, -325.338454
15.508785, -3.581122, -325.570279
15.511421, -3.581122, -325.570279
15.513826, -3.581122, -325.570279
15.516426, -3.578572, -325.338454
15.520531, -3.578572, -325.338454
15.523468, -3.578572, -325.338454
15.525993, -3.578572, -325.338454
15.529133, -3.578572, -325.338454
15.532602, -3.578572, -325.338454
15.535525, -3.578572, -325.338454
15.538004, -3.578572, -325.338454
15.540723, -3.578572, -325.338454
15.543496, -3.578572, -325.338454
15.546310, -3.578572, -325.338454
15.549239, -3.578572, -325.338454
15.552174, -3.578572, -325.338454
15.555127, -3.578572, -325.338454
15.558211, -3.578572, -325.338454
15.561254, -3.578572, -325.338454
15.564098, -3.578572, -325.338454
15.566965, -3.578572, -325.338454
15.569870, -3.578572, -325.338454
15.572701, -3.578572, -325.338454
15.575685, -3.578572, -325.338454
15.578555, -3.578572, -325.338454
15.581696, -3.578572, -325.338454
15.584049, -3.578572, -325.338454
15.586521, -3.578572, -325.338454
15.589262, -3.578572, -325.338454
15.593074, -3.578572, -325.338454
15.595402, -3.578572, -325.338454
15.597928, -3.578572, -325.338454
15.600705, -3.578572, -325.338454
15.603743, -3.578572, -325.338454
15.606824, -3.578572, -325.338454
15.610017, -3.578572, -325.338454
15.613321, -3.578572, -325.338454
15.616377, -3.578572, -325.338454
15.619358, -3.578572, -325.338454
15.622495, -3.578572, -325.338454
15.625413, -3.578572, -325.338454
15.627822, -3.578572, -325.338454
15.630235, -3.581122, -325.570279
15.632947, -3.578572, -325.338454
15.635745, -3.578572, -325.338454
15.638673, -3.578572, -325.338454
15.641866, -3.578572, -325.338454
15.644098, -3.578572, -325.338454
15.646325, -3.578572, -325.338454
15.648898, -3.578572, -325.338454
15.651827, -3.578572, -325.338454
15.654336, -3.578572, -325.338454
15.656968, -3.578572, -325.338454
15.659222, -3.578572, -325.338454
15.661606, -3.578572, -325.338454
15.664250, -3.578572, -325.338454
15.667277, -3.578572, -325.338454
15.669709, -3.578572, -325.338454
15.672377, -3.576022, -325.106630
15.675415, -3.578572, -325.338454
15.678122, -3.578572, -325.338454
15.680869, -3.578572, -325.338454
15.683764, -3.578572, -325.338454
15.686252, -3.578572, -325.338454
15.688819, -3.578572, -325.338454
15.693443, -3.578572, -325.338454
15.697423, -3.578572, -325.338454
15.701036, -3.578572, -325.338454
15.703962, -3.578572, -325.338454
15.706690, -3.578572, -325.338454
15.708946, -3.578572, -325.338454
15.711194, -3.576022, -325.106630
15.713631, -3.578572, -325.338454
15.715871, -3.578572, -325.338454
15.718280, -3.578572, -325.338454
15.720970, -3.578572, -325.338454
15.724146, -3.578572, -325.338454
15.727143, -3.578572, -325.338454
15.730126, -3.578572, -325.338454
15.733142, -3.578572, -325.338454
15.735683, -3.578572, -325.338454
15.738250, -3.576022, -325.106630
15.740768, -3.578572, -325.338454
15.743547, -3.578572, -325.338454
15.746560, -3.578572, -325.338454
15.749634, -3.578572, -325.338454
15.752826, -3.578572, -325.338454
15.756313, -3.576022, -325.106630
15.760134, -3.578572, -325.338454
15.762775, -3.578572, -325.338454
15.765522, -3.578572, -325.338454
15.768448, -3.576022, -325.106630
15.771327, -3.576022, -325.106630
15.774593, -3.578572, -325.338454
15.777747, -3.578572, -325.338454
15.780902, -3.576022, -325.106630
15.783834, -3.576022, -325.106630
15.786701, -3.576022, -325.106630
15.789575, -3.576022, -325.106630
15.792832, -3.578572, -325.338454
15.795907, -3.576022, -325.106630
15.798840, -3.578572, -325.338454
15.801613, -3.576022, -325.106630
15.804403, -3.576022, -325.106630
15.808289, -3.576022, -325.106630
15.810741, -3.576022, -325.106630
15.813074, -3.576022, -325.106630
15.816089, -3.578572, -325.338454
15.818810, -3.578572, -325.338454
15.821681, -3.576022, -325.106630
15.824915, -3.576022, -325.106630
15.828138, -3.576022, -325.106630
15.831238, -3.578572, -325.338454
15.834379, -3.576022, -325.106630
15.837457, -3.576022, -325.106630
15.840786, -3.578572, -325.338454
15.843909, -3.576022, -325.106630
15.846905, -3.578572, -325.338454
15.849569, -3.576022, -325.106630
15.852128, -3.576022, -325.106630
15.854897, -3.576022, -325.106630
15.857863, -3.576022, -325.106630
15.860959, -3.576022, -325.106630
15.864389, -3.576022, -325.106630
15.867986, -3.576022, -325.106630
15.871233, -3.576022, -325.106630
15.876462, -3.576022, -325.106630
15.879066, -3.578572, -325.338454
15.881719, -3.578572, -325.338454
15.885133, -3.576022, -325.106630
15.888161, -3.576022, -325.106630
15.892475, -3.576022, -325.106630
15.897621, -3.576022, -325.106630
15.901607, -3.576022, -325.106630
15.905331, -3.576022, -325.106630
15.909848, -3.576022, -325.106630
15.914265, -3.576022, -325.106630
15.918700, -3.576022, -325.106630
15.921844, -3.576022, -325.106630
15.925897, -3.576022, -325.106630
15.930125, -3.576022, -325.106630
15.934252, -3.576022, -325.106630
15.938023, -3.576022, -325.106630
15.941567, -3.576022, -325.106630
15.944950, -3.576022, -325.106630
15.947826, -3.576022, -325.106630
15.950469, -3.576022, -325.106630
15.952785, -3.576022, -325.106630
15.955135, -3.576022, -325.106630
15.958132, -3.576022, -325.106630
15.960557, -3.576022, -325.106630
15.963037, -3.576022, -325.106630
15.965706, -3.576022, -325.106630
15.968548, -3.576022, -325.106630
15.971442, -3.576022, -325.106630
15.974369, -3.576022, -325.106630
15.977436, -3.576022, -325.106630
15.980470, -3.576022, -325.106630
15.983490, -3.576022, -325.106630
15.986794, -3.576022, -325.106630
15.990336, -3.573472, -324.874805
15.992930, -3.576022, -325.106630
15.995472, -3.576022, -325.106630
15.999005, -3.576022, -325.106630
16.002078, -3.573472, -324.874805
16.004548, -3.576022, -325.106630
16.007478, -3.573472, -324.874805
16.010221, -3.576022, -325.106630
16.012730, -3.576022, -325.106630
16.015470, -3.576022, -325.106630
16.018367, -3.576022, -325.106630
16.021230, -3.576022, -325.106630
16.024244, -3.576022, -325.106630
16.027315, -3.576022, -325.106630
16.030228, -3.576022, -325.106630
16.032723, -3.576022, -325.106630
16.035428, -3.573472, -324.874805
16.038336, -3.573472, -324.874805
16.041358, -3.573472, -324.874805
16.044226, -3.576022, -325.106630
16.047227, -3.573472, -324.874805
16.050206, -3.576022, -325.106630
16.053093, -3.576022, -325.106630
16.055982, -3.576022, -325.106630
16.059042, -3.576022, -325.106630
16.061903, -3.573472, -324.874805
16.064818, -3.576022, -325.106630
16.067752, -3.576022, -325.106630
16.070575, -3.576022, -325.106630
16.073524, -3.576022, -325.106630
16.076606, -3.576022, -325.106630
16.079644, -3.576022, -325.106630
16.082448, -3.576022, -325.106630
16.085382, -3.576022, -325.106630
16.088359, -3.576022, -325.106630
16.091276, -3.576022, -325.106630
16.094291, -3.576022, -325.106630
16.097224, -3.573472, -324.874805
16.100155, -3.573472, -324.874805
16.102975, -3.573472, -324.874805
16.106123, -3.573472, -324.874805
16.109610, -3.573472, -324.874805
16.112951, -3.573472, -324.874805
16.115251, -3.573472, -324.874805
16.117593, -3.573472, -324.874805
16.120177, -3.573472, -324.874805
16.123028, -3.573472, -324.874805
16.127822, -3.573472, -324.874805
16.132137, -3.573472, -324.874805
16.134985, -3.576022, -325.106630
16.137447, -3.573472, -324.874805
16.140340, -3.573472, -324.874805
16.142729, -3.573472, -324.874805
16.145146, -3.573472, -324.874805
16.147811, -3.570923, -324.642981
16.150649, -3.573472, -324.874805
16.153503, -3.573472, -324.874805
16.156891, -3.573472, -324.874805
16.159788, -3.570923, -324.642981
16.162295, -3.573472, -324.874805
16.164858, -3.573472, -324.874805
16.167552, -3.573472, -324.874805
16.170277, -3.573472, -324.874805
16.173127, -3.573472, -324.874805
16.176113, -3.576022, -325.106630
16.179047, -3.573472, -324.874805
16.182006, -3.573472, -324.874805
16.184834, -3.573472, -324.874805
16.187780, -3.573472, -324.874805
16.191410, -3.573472, -324.874805
16.193858, -3.573472, -324.874805
16.196166, -3.576022, -325.106630
16.198671, -3.576022, -325.106630
16.201566, -3.573472, -324.874805
16.204583, -3.573472, -324.874805
16.207213, -3.573472, -324.874805
16.209756, -3.573472, -324.874805
16.212236, -3.573472, -324.874805
16.214455, -3.570923, -324.642981
16.216788, -3.573472, -324.874805
16.219542, -3.573472, -324.874805
16.222266, -3.570923, -324.642981
16.225698, -3.573472, -324.874805
16.228160, -3.573472, -324.874805
16.230668, -3.570923, -324.642981
16.233377, -3.573472, -324.874805
16.236222, -3.573472, -324.874805
16.239288, -3.573472, -324.874805
16.242255, -3.573472, -324.874805
16.245243, -3.573472, -324.874805
16.248130, -3.570923, -324.642981
16.251055, -3.573472, -324.874805
16.253987, -3.573472, -324.874805
16.256891, -3.570923, -324.642981
16.259772, -3.573472, -324.874805
16.262714, -3.570923, -324.642981
16.265605, -3.573472, -324.874805
16.268476, -3.570923, -324.642981
16.271397, -3.573472, -324.874805
16.274731, -3.573472, -324.874805
16.277796, -3.570923, -324.642981
16.280663, -3.573472, -324.874805
16.283531, -3.573472, -324.874805
16.286333, -3.570923, -324.642981
16.288596, -3.573472, -324.874805
16.292069, -3.570923, -324.642981
16.294221, -3.573472, -324.874805
16.296958, -3.573472, -324.874805
16.299985, -3.570923, -324.642981
16.303199, -3.573472, -324.874805
16.306394, -3.573472, -324.874805
16.308960, -3.573472, -324.874805
16.311589, -3.570923, -324.642981
16.314164, -3.570923, -324.642981
16.317006, -3.570923, -324.642981
16.320041, -3.573472, -324.874805
16.323128, -3.570923, -324.642981
16.326380, -3.570923, -324.642981
16.329533, -3.570923, -324.642981
16.332664, -3.570923, -324.642981
16.335668, -3.570923, -324.642981
16.338149, -3.570923, -324.642981
16.340704, -3.570923, -324.642981
16.343540, -3.573472, -324.874805
16.346584, -3.570923, -324.642981
16.349522, -3.570923, -324.642981
16.352600, -3.570923, -324.642981
16.355592, -3.570923, -324.642981
16.358738, -3.570923, -324.642981
16.361761, -3.570923, -324.642981
16.364837, -3.570923, -324.642981
16.368122, -3.570923, -324.642981
16.371013, -3.570923, -324.642981
16.374290, -3.570923, -324.642981
16.377333, -3.570923, -324.642981
16.380383, -3.573472, -324.874805
16.383368, -3.570923, -324.642981
16.386220, -3.570923, -324.642981
16.389068, -3.570923, -324.642981
16.392803, -3.570923, -324.642981
16.395172, -3.570923, -324.642981
16.397583, -3.570923, -324.642981
16.400310, -3.570923, -324.642981
16.403026, -3.570923, -324.642981
16.405970, -3.570923, -324.642981
16.408893, -3.570923, -324.642981
16.412153, -3.570923, -324.642981
16.415817, -3.570923, -324.642981
16.418833, -3.570923, -324.642981
16.421655, -3.570923, -324.642981
16.424492, -3.570923, -324.642981
16.427399, -3.570923, -324.642981
16.430369, -3.570923, -324.642981
16.433709, -3.570923, -324.642981
16.436427, -3.570923, -324.642981
16.439336, -3.570923, -324.642981
16.441954, -3.570923, -324.642981
16.444235, -3.570923, -324.642981
16.446806, -3.570923, -324.642981
16.449494, -3.570923, -324.642981
16.452262, -3.570923, -324.642981
16.455128, -3.570923, -324.642981
16.458012, -3.570923, -324.642981
16.461039, -3.570923, -324.642981
16.464113, -3.570923, -324.642981
16.467058, -3.570923, -324.642981
16.470026, -3.568373, -324.411156
16.472903, -3.570923, -324.642981
16.475866, -3.568373, -324.411156
16.478767, -3.570923, -324.642981
16.481664, -3.570923, -324.642981
16.484451, -3.570923, -324.642981
16.487290, -3.570923, -324.642981
16.490246, -3.570923, -324.642981
16.493207, -3.570923, -324.642981
16.496221, -3.570923, -324.642981
16.498964, -3.570923, -324.642981
16.501854, -3.570923, -324.642981
16.504694, -3.570923, -324.642981
16.507953, -3.568373, -324.411156
16.510845, -3.570923, -324.642981
16.513583, -3.568373, -324.411156
16.516335, -3.568373, -324.411156
16.519164, -3.570923, -324.642981
16.521910, -3.570923, -324.642981
16.524725, -3.570923, -324.642981
16.527550, -3.568373, -324.411156
16.530469, -3.570923, -324.642981
16.533523, -3.570923, -324.642981
16.536330, -3.570923, -324.642981
16.539142, -3.570923, -324.642981
16.542206, -3.568373, -324.411156
16.545228, -3.568373, -324.411156
16.548212, -3.568373, -324.411156
16.551223, -3.568373, -324.411156
16.554088, -3.570923, -324.642981
16.556972, -3.568373, -324.411156
16.559926, -3.568373, -324.411156
16.562782, -3.568373, -324.411156
16.565581, -3.570923, -324.642981
16.568540, -3.570923, -324.642981
16.571505, -3.568373, -324.411156
16.574608, -3.568373, -324.411156
16.577477, -3.568373, -324.411156
16.580502, -3.568373, -324.411156
16.583413, -3.568373, -324.411156
16.586284, -3.568373, -324.411156
16.589227, -3.568373, -324.411156
16.591857, -3.568373, -324.411156
16.594411, -3.568373, -324.411156
16.597108, -3.568373, -324.411156
16.599871, -3.568373, -324.411156
16.602780, -3.568373, -324.411156
16.605546, -3.568373, -324.411156
16.608576, -3.568373, -324.411156
16.610972, -3.568373, -324.411156
16.613380, -3.568373, -324.411156
16.615919, -3.568373, -324.411156
16.618592, -3.568373, -324.411156
16.621274, -3.568373, -324.411156
16.624755, -3.568373, -324.411156
16.627104, -3.568373, -324.411156
16.629717, -3.568373, -324.411156
16.632403, -3.568373, -324.411156
16.635110, -3.568373, -324.411156
16.638241, -3.568373, -324.411156
16.642002, -3.568373, -324.411156
16.644267, -3.568373, -324.411156
16.646897, -3.568373, -324.411156
16.649377, -3.568373, -324.411156
16.651507, -3.568373, -324.411156
16.653557, -3.568373, -324.411156
16.656375, -3.568373, -324.411156
16.661016, -3.568373, -324.411156
16.663936, -3.568373, -324.411156
16.666479, -3.568373, -324.411156
16.669119, -3.568373, -324.411156
16.671635, -3.568373, -324.411156
16.674348, -3.565823, -324.179331
16.676685, -3.568373, -324.411156
16.679211, -3.565823, -324.179331
16.682671, -3.565823, -324.179331
16.685373, -3.568373, -324.411156
16.687859, -3.568373, -324.411156
16.690693, -3.565823, -324.179331
16.693510, -3.565823, -324.179331
16.696042, -3.568373, -324.411156
16.699282, -3.568373, -324.411156
16.701802, -3.568373, -324.411156
16.704292, -3.568373, -324.411156
16.706968, -3.568373, -324.411156
16.709908, -3.568373, -324.411156
16.712969, -3.565823, -324.179331
16.715917, -3.568373, -324.411156
16.718872, -3.568373, -324.411156
16.721918, -3.568373, -324.411156
16.724570, -3.565823, -324.179331
16.726953, -3.565823, -324.179331
16.729498, -3.565823, -324.179331
16.732272, -3.568373, -324.411156
16.735236, -3.568373, -324.411156
16.738549, -3.568373, -324.411156
16.745694, -3.568373, -324.411156
16.749819, -3.568373, -324.411156
16.751971, -3.568373, -324.411156
16.754491, -3.568373, -324.411156
16.757235, -3.565823, -324.179331
16.760750, -3.565823, -324.179331
16.763350, -3.565823, -324.179331
16.766012, -3.565823, -324.179331
16.768096, -3.565823, -324.179331
16.770725, -3.568373, -324.411156
16.773735, -3.565823, -324.179331
16.777095, -3.565823, -324.179331
16.780381, -3.565823, -324.179331
16.783663, -3.565823, -324.179331
16.786803, -3.565823, -324.179331
16.789931, -3.565823, -324.179331
16.793435, -3.565823, -324.179331
16.796827, -3.565823, -324.179331
16.800692, -3.565823, -324.179331
16.804900, -3.565823, -324.179331
16.809295, -3.565823, -324.179331
16.813635, -3.568373, -324.411156
16.818142, -3.565823, -324.179331
16.823197, -3.565823, -324.179331
16.828051, -3.565823, -324.179331
16.832862, -3.565823, -324.179331
16.837612, -3.565823, -324.179331
16.842993, -3.565823, -324.179331
16.848261, -3.565823, -324.179331
16.852562, -3.565823, -324.179331
16.856642, -3.565823, -324.179331
16.860516, -3.565823, -324.179331
16.864067, -3.565823, -324.179331
16.867661, -3.565823, -324.179331
16.871165, -3.565823, -324.179331
16.874830, -3.565823, -324.179331
16.878563, -3.565823, -324.179331
16.882229, -3.565823, -324.179331
16.885896, -3.565823, -324.179331
16.889511, -3.565823, -324.179331
16.893062, -3.565823, -324.179331
16.896429, -3.563273, -323.947507
16.899760, -3.563273, -323.947507
16.902932, -3.563273, -323.947507
16.906092, -3.565823, -324.179331
16.910368, -3.565823, -324.179331
16.913663, -3.565823, -324.179331
16.916790, -3.565823, -324.179331
16.919779, -3.565823, -324.179331
16.922917, -3.565823, -324.179331
16.926092, -3.565823, -324.179331
16.929315, -3.565823, -324.179331
16.932018, -3.565823, -324.179331
16.936333, -3.563273, -323.947507
16.940319, -3.565823, -324.179331
16.944670, -3.565823, -324.179331
16.948608, -3.563273, -323.947507
16.952334, -3.565823, -324.179331
16.956741, -3.563273, -323.947507
16.961346, -3.563273, -323.947507
16.965465, -3.563273, -323.947507
16.969681, -3.563273, -323.947507
16.973592, -3.563273, -323.947507
16.977249, -3.565823, -324.179331
16.981297, -3.565823, -324.179331
16.985221, -3.565823, -324.179331
16.987856, -3.565823, -324.179331
16.990311, -3.565823, -324.179331
16.992709, -3.563273, -323.947507
16.995171, -3.563273, -323.947507
16.997915, -3.563273, -323.947507
17.000761, -3.563273, -323.947507
17.003898, -3.563273, -323.947507
17.006804, -3.565823, -324.179331
17.010629, -3.565823, -324.179331
17.014017, -3.565823, -324.179331
17.016965, -3.563273, -323.947507
17.020584, -3.565823, -324.179331
17.023529, -3.563273, -323.947507
17.026267, -3.563273, -323.947507
17.028709, -3.563273, -323.947507
17.032379, -3.563273, -323.947507
17.034767, -3.563273, -323.947507
17.037306, -3.563273, -323.947507
17.040477, -3.563273, -323.947507
17.043855, -3.563273, -323.947507
17.046693, -3.563273, -323.947507
17.049801, -3.563273, -323.947507
17.053023, -3.563273, -323.947507
17.055403, -3.560723, -323.715682
17.058410, -3.560723, -323.715682
17.061349, -3.563273, -323.947507
17.064265, -3.563273, -323.947507
17.067095, -3.563273, -323.947507
17.070195, -3.563273, -323.947507
17.073329, -3.563273, -323.947507
17.076458, -3.563273, -323.947507
17.079602, -3.563273, -323.947507
17.082561, -3.563273, -323.947507
17.085686, -3.560723, -323.715682
17.088583, -3.563273, -323.947507
17.091728, -3.563273, -323.947507
17.094878, -3.563273, -323.947507
17.097887, -3.563273, -323.947507
17.101416, -3.563273, -323.947507
17.104806, -3.563273, -323.947507
17.107730, -3.563273, -323.947507
17.110727, -3.563273, -323.947507
17.113755, -3.563273, -323.947507
17.116594, -3.563273, -323.947507
17.119317, -3.563273, -323.947507
17.122292, -3.563273, -323.947507
17.125373, -3.563273, -323.947507
17.128325, -3.563273, -323.947507
17.131089, -3.563273, -323.947507
17.133924, -3.563273, -323.947507
17.136835, -3.563273, -323.947507
17.139770, -3.563273, -323.947507
17.142904, -3.563273, -323.947507
17.145830, -3.563273, -323.947507
17.148823, -3.563273, -323.947507
17.151725, -3.563273, -323.947507
17.154564, -3.563273, -323.947507
17.157352, -3.563273, -323.947507
17.160258, -3.560723, -323.715682
17.163349, -3.560723, -323.715682
17.166087, -3.563273, -323.947507
17.168987, -3.563273, -323.947507
17.171877, -3.563273, -323.947507
17.174883, -3.563273, -323.947507
17.177850, -3.563273, -323.947507
17.180518, -3.563273, -323.947507
17.183380, -3.563273, -323.947507
17.186210, -3.563273, -323.947507
17.189564, -3.563273, -323.947507
17.193448, -3.560723, -323.715682
17.195933, -3.563273, -323.947507
17.198554, -3.563273, -323.947507
17.201288, -3.563273, -323.947507
17.204995, -3.563273, -323.947507
17.208474, -3.560723, -323.715682
17.211171, -3.563273, -323.947507
17.213990, -3.563273, -323.947507
17.216630, -3.563273, -323.947507
17.219407, -3.560723, -323.715682
17.222307, -3.563273, -323.947507
17.225307, -3.563273, -323.947507
17.228289, -3.563273, -323.947507
17.231281, -3.563273, -323.947507
17.234312, -3.563273, -323.947507
17.237150, -3.563273, -323.947507
17.239947, -3.563273, -323.947507
17.242868, -3.563273, -323.947507
17.245926, -3.563273, -323.947507
17.248709, -3.563273, -323.947507
17.251470, -3.563273, -323.947507
17.254249, -3.563273, -323.947507
17.257118, -3.560723, -323.715682
17.260044, -3.563273, -323.947507
17.262836, -3.563273, -323.947507
17.265773, -3.563273, -323.947507
17.268589, -3.563273, -323.947507
17.271382, -3.563273, -323.947507
17.274104, -3.563273, -323.947507
17.277954, -3.563273, -323.947507
17.281127, -3.560723, -323.715682
17.284163, -3.560723, -323.715682
17.287251, -3.563273, -323.947507
17.290420, -3.563273, -323.947507
17.293477, -3.560723, -323.715682
17.296570, -3.563273, -323.947507
17.299674, -3.563273, -323.947507
17.302804, -3.563273, -323.947507
17.305943, -3.563273, -323.947507
17.309027, -3.560723, -323.715682
17.312170, -3.560723, -323.715682
17.315224, -3.560723, -323.715682
17.318304, -3.560723, -323.715682
17.321383, -3.563273, -323.947507
17.324493, -3.563273, -323.947507
17.327813, -3.563273, -323.947507
17.331190, -3.563273, -323.947507
17.334477, -3.560723, -323.715682
17.337603, -3.560723, -323.715682
17.340792, -3.563273, -323.947507
17.344686, -3.563273, -323.947507
17.348191, -3.563273, -323.947507
17.351653, -3.563273, -323.947507
17.355007, -3.563273, -323.947507
17.358643, -3.563273, -323.947507
17.361986, -3.563273, -323.947507
17.365416, -3.563273, -323.947507
17.368564, -3.560723, -323.715682
17.371659, -3.563273, -323.947507
17.375011, -3.563273, -323.947507
17.378278, -3.563273, -323.947507
17.381604, -3.563273, -323.947507
17.385031, -3.560723, -323.715682
17.388346, -3.563273, -323.947507
17.391642, -3.563273, -323.947507
17.394791, -3.560723, -323.715682
17.397972, -3.560723, -323.715682
17.401146, -3.560723, -323.715682
17.404322, -3.563273, -323.947507
17.407566, -3.563273, -323.947507
17.410940, -3.560723, -323.715682
17.414330, -3.563273, -323.947507
17.417583, -3.560723, -323.715682
17.420921, -3.560723, -323.715682
17.424316, -3.563273, -323.947507
17.427414, -3.560723, -323.715682
17.430792, -3.563273, -323.947507
17.434033, -3.560723, -323.715682
17.437258, -3.563273, -323.947507
17.440335, -3.563273, -323.947507
17.443436, -3.560723, -323.715682
17.446587, -3.560723, -323.715682
17.449888, -3.560723, -323.715682
17.452920, -3.560723, -323.715682
17.455984, -3.560723, -323.715682
17.459262, -3.560723, -323.715682
17.463498, -3.563273, -323.947507
17.466900, -3.560723, -323.715682
17.470457, -3.560723, -323.715682
17.472983, -3.563273, -323.947507
17.475499, -3.563273, -323.947507
17.478231, -3.563273, -323.947507
17.481919, -3.563273, -323.947507
17.484720, -3.563273, -323.947507
17.487452, -3.563273, -323.947507
17.490641, -3.560723, -323.715682
17.493520, -3.560723, -323.715682
17.496398, -3.563273, -323.947507
17.499809, -3.560723, -323.715682
17.503110, -3.560723, -323.715682
17.505976, -3.563273, -323.947507
17.509130, -3.563273, -323.947507
17.512040, -3.563273, -323.947507
17.514935, -3.563273, -323.947507
17.517817, -3.560723, -323.715682
17.521405, -3.560723, -323.715682
17.523924, -3.563273, -323.947507
17.526512, -3.560723, -323.715682
17.529306, -3.563273, -323.947507
17.532137, -3.560723, -323.715682
17.534942, -3.560723, -323.715682
17.537850, -3.560723, -323.715682
17.541847, -3.560723, -323.715682
17.544304, -3.560723, -323.715682
17.546879, -3.563273, -323.947507
17.550826, -3.560723, -323.715682
17.553890, -3.560723, -323.715682
17.556815, -3.560723, -323.715682
17.559927, -3.560723, -323.715682
17.562710, -3.563273, -323.947507
17.566125, -3.563273, -323.947507
17.568947, -3.560723, -323.715682
17.571475, -3.563273, -323.947507
17.574285, -3.560723, -323.715682
17.577231, -3.563273, -323.947507
17.580066, -3.560723, -323.715682
17.582978, -3.563273, -323.947507
17.585938, -3.563273, -323.947507
17.589098, -3.560723, -323.715682
17.592360, -3.563273, -323.947507
17.595654, -3.560723, -323.715682
17.599013, -3.563273, -323.947507
17.602080, -3.563273, -323.947507
17.605097, -3.560723, -323.715682
17.608429, -3.563273, -323.947507
17.611667, -3.563273, -323.947507
17.614750, -3.563273, -323.947507
17.617733, -3.560723, -323.715682
17.620613, -3.563273, -323.947507
17.623836, -3.563273, -323.947507
17.627029, -3.563273, -323.947507
17.630112, -3.563273, -323.947507
17.632997, -3.563273, -323.947507
17.635861, -3.560723, -323.715682
17.638822, -3.560723, -323.715682
17.641792, -3.563273, -323.947507
17.644788, -3.560723, -323.715682
17.647739, -3.560723, -323.715682
17.650586, -3.560723, -323.715682
17.653622, -3.563273, -323.947507
17.657282, -3.563273, -323.947507
17.660557, -3.563273, -323.947507
17.663576, -3.560723, -323.715682
17.666447, -3.563273, -323.947507
17.669391, -3.560723, -323.715682
17.672943, -3.560723, -323.715682
17.676734, -3.560723, -323.715682
17.680288, -3.563273, -323.947507
17.682609, -3.563273, -323.947507
17.685120, -3.563273, -323.947507
17.687863, -3.563273, -323.947507
17.690994, -3.563273, -323.947507
17.693779, -3.563273, -323.947507
17.696714, -3.560723, -323.715682
17.699719, -3.563273, -323.947507
17.702631, -3.563273, -323.947507
17.705713, -3.563273, -323.947507
17.710072, -3.563273, -323.947507
17.712794, -3.560723, -323.715682
17.715627, -3.560723, -323.715682
17.718401, -3.563273, -323.947507
17.721244, -3.563273, -323.947507
17.724734, -3.563273, -323.947507
17.727516, -3.563273, -323.947507
17.731527, -3.563273, -323.947507
17.733980, -3.563273, -323.947507
17.736525, -3.563273, -323.947507
17.739573, -3.563273, -323.947507
17.743038, -3.563273, -323.947507
17.745659, -3.563273, -323.947507
17.748466, -3.563273, -323.947507
17.751214, -3.563273, -323.947507
17.754123, -3.560723, -323.715682
17.757685, -3.563273, -323.947507
17.760336, -3.563273, -323.947507
17.762769, -3.563273, -323.947507
17.765327, -3.563273, -323.947507
17.767993, -3.563273, -323.947507
17.770686, -3.563273, -323.947507
17.774295, -3.563273, -323.947507
17.777315, -3.563273, -323.947507
17.780367, -3.563273, -323.947507
17.783127, -3.563273, -323.947507
17.785929, -3.563273, -323.947507
17.788734, -3.563273, -323.947507
17.791649, -3.563273, -323.947507
17.794631, -3.563273, -323.947507
17.797521, -3.560723, -323.715682
17.800281, -3.563273, -323.947507
17.802947, -3.563273, -323.947507
17.805668, -3.563273, -323.947507
17.809215, -3.563273, -323.947507
17.812062, -3.563273, -323.947507
17.814566, -3.563273, -323.947507
17.817193, -3.563273, -323.947507
17.820481, -3.563273, -323.947507
17.823388, -3.563273, -323.947507
17.825609, -3.563273, -323.947507
17.828001, -3.563273, -323.947507
17.831776, -3.563273, -323.947507
17.834192, -3.563273, -323.947507
17.836514, -3.563273, -323.947507
17.839060, -3.563273, -323.947507
17.843058, -3.563273, -323.947507
17.845551, -3.563273, -323.947507
17.848093, -3.563273, -323.947507
17.851750, -3.563273, -323.947507
17.854302, -3.563273, -323.947507
17.857400, -3.563273, -323.947507
17.860812, -3.560723, -323.715682
17.863758, -3.563273, -323.947507
17.866089, -3.563273, -323.947507
17.868690, -3.563273, -323.947507
17.872081, -3.563273, -323.947507
17.874411, -3.563273, -323.947507
17.876811, -3.563273, -323.947507
17.880728, -3.563273, -323.947507
17.884967, -3.563273, -323.947507
17.887784, -3.563273, -323.947507
17.892565, -3.563273, -323.947507
17.899174, -3.563273, -323.947507
17.904371, -3.560723, -323.715682
17.908272, -3.563273, -323.947507
17.911564, -3.563273, -323.947507
17.914224, -3.563273, -323.947507
17.916829, -3.563273, -323.947507
17.919529, -3.563273, -323.947507
17.922342, -3.563273, -323.947507
17.924709, -3.563273, -323.947507
17.927595, -3.563273, -323.947507
17.931224, -3.563273, -323.947507
17.933930, -3.563273, -323.947507
17.936721, -3.563273, -323.947507
17.939647, -3.563273, -323.947507
17.942606, -3.563273, -323.947507
17.945166, -3.563273, -323.947507
17.947897, -3.563273, -323.947507
17.950848, -3.563273, -323.947507
17.953948, -3.563273, -323.947507
17.957839, -3.563273, -323.947507
17.961279, -3.563273, -323.947507
17.964235, -3.563273, -323.947507
17.967235, -3.563273, -323.947507
17.970197, -3.563273, -323.947507
17.973322, -3.563273, -323.947507
17.976340, -3.563273, -323.947507
17.979427, -3.560723, -323.715682
17.982481, -3.563273, -323.947507
17.985634, -3.563273, -323.947507
17.988823, -3.563273, -323.947507
17.991988, -3.560723, -323.715682
17.995335, -3.563273, -323.947507
17.998606, -3.563273, -323.947507
18.001874, -3.563273, -323.947507
18.004675, -3.563273, -323.947507
18.007270, -3.563273, -323.947507
18.009746, -3.563273, -323.947507
18.012333, -3.563273, -323.947507
18.015260, -3.563273, -323.947507
18.018396, -3.563273, -323.947507
18.021622, -3.560723, -323.715682
18.025855, -3.563273, -323.947507
18.028362, -3.563273, -323.947507
18.030951, -3.563273, -323.947507
18.033634, -3.563273, -323.947507
18.036393, -3.563273, -323.947507
18.039207, -3.563273, -323.947507
18.042160, -3.563273, -323.947507
18.045422, -3.565823, -324.179331
18.048654, -3.563273, -323.947507
18.051790, -3.563273, -323.947507
18.055425, -3.563273, -323.947507
18.057664, -3.563273, -323.947507
18.059809, -3.563273, -323.947507
18.062357, -3.563273, -323.947507
18.066317, -3.563273, -323.947507
18.069558, -3.563273, -323.947507
18.071999, -3.565823, -324.179331
18.074707, -3.565823, -324.179331
18.077374, -3.565823, -324.179331
18.080090, -3.563273, -323.947507
18.083247, -3.563273, -323.947507
18.086286, -3.563273, -323.947507
18.088625, -3.563273, -323.947507
18.091488, -3.563273, -323.947507
18.094974, -3.563273, -323.947507
18.097128, -3.563273, -323.947507
18.099474, -3.563273, -323.947507
18.102056, -3.563273, -323.947507
18.105531, -3.563273, -323.947507
18.108092, -3.563273, -323.947507
18.110654, -3.563273, -323.947507
18.114675, -3.563273, -323.947507
18.116964, -3.563273, -323.947507
18.119373, -3.563273, -323.947507
18.122648, -3.563273, -323.947507
18.126162, -3.563273, -323.947507
18.128761, -3.563273, -323.947507
18.131300, -3.563273, -323.947507
18.134684, -3.563273, -323.947507
18.136951, -3.563273, -323.947507
18.139811, -3.563273, -323.947507
18.143366, -3.565823, -324.179331
18.145646, -3.565823, -324.179331
18.147922, -3.565823, -324.179331
18.150535, -3.563273, -323.947507
18.154236, -3.563273, -323.947507
18.157947, -3.563273, -323.947507
18.160415, -3.565823, -324.179331
18.164328, -3.563273, -323.947507
18.167148, -3.563273, -323.947507
18.170486, -3.565823, -324.179331
18.174392, -3.563273, -323.947507
18.178988, -3.563273, -323.947507
18.183369, -3.565823, -324.179331
18.186979, -3.565823, -324.179331
18.190959, -3.565823, -324.179331
18.194617, -3.565823, -324.179331
18.198404, -3.565823, -324.179331
18.202414, -3.565823, -324.179331
18.206307, -3.563273, -323.947507
18.209930, -3.563273, -323.947507
18.215787, -3.563273, -323.947507
18.219970, -3.563273, -323.947507
18.225109, -3.563273, -323.947507
18.230008, -3.563273, -323.947507
18.235573, -3.563273, -323.947507
18.239769, -3.565823, -324.179331
18.245842, -3.563273, -323.947507
18.251641, -3.563273, -323.947507
18.257394, -3.563273, -323.947507
18.263226, -3.563273, -323.947507
18.267999, -3.563273, -323.947507
18.274155, -3.563273, -323.947507
18.278878, -3.563273, -323.947507
18.283594, -3.563273, -323.947507
18.288094, -3.563273, -323.947507
18.293099, -3.563273, -323.947507
18.297221, -3.565823, -324.179331
18.301718, -3.565823, -324.179331
18.306927, -3.565823, -324.179331
18.311258, -3.565823, -324.179331
18.315199, -3.563273, -323.947507
18.318994, -3.565823, -324.179331
18.324206, -3.563273, -323.947507
18.327101, -3.563273, -323.947507
18.329889, -3.565823, -324.179331
18.332647, -3.563273, -323.947507
18.335409, -3.563273, -323.947507
18.338358, -3.565823, -324.179331
18.342837, -3.565823, -324.179331
18.347157, -3.563273, -323.947507
18.351174, -3.563273, -323.947507
18.354818, -3.563273, -323.947507
18.358553, -3.565823, -324.179331
18.361300, -3.563273, -323.947507
18.363511, -3.563273, -323.947507
18.366486, -3.563273, -323.947507
18.369034, -3.563273, -323.947507
18.371534, -3.563273, -323.947507
18.374323, -3.565823, -324.179331
18.377257, -3.563273, -323.947507
18.380862, -3.565823, -324.179331
18.383445, -3.563273, -323.947507
18.386133, -3.563273, -323.947507
18.389211, -3.563273, -323.947507
18.392972, -3.565823, -324.179331
18.395601, -3.565823, -324.179331
18.398232, -3.563273, -323.947507
18.401069, -3.563273, -323.947507
18.404072, -3.563273, -323.947507
18.407223, -3.563273, -323.947507
18.410330, -3.563273, -323.947507
18.413352, -3.563273, -323.947507
18.416008, -3.563273, -323.947507
18.418704, -3.565823, -324.179331
18.421955, -3.565823, -324.179331
18.426909, -3.565823, -324.179331
18.429865, -3.565823, -324.179331
18.432686, -3.565823, -324.179331
18.435325, -3.563273, -323.947507
18.438097, -3.563273, -323.947507
18.442771, -3.563273, -323.947507
18.444952, -3.565823, -324.179331
18.447496, -3.563273, -323.947507
18.450424, -3.563273, -323.947507
18.453367, -3.563273, -323.947507
18.456484, -3.563273, -323.947507
18.459914, -3.565823, -324.179331
18.463100, -3.565823, -324.179331
18.466027, -3.565823, -324.179331
18.469463, -3.565823, -324.179331
18.472037, -3.565823, -324.179331
18.474758, -3.565823, -324.179331
18.477658, -3.565823, -324.179331
18.480565, -3.563273, -323.947507
18.483574, -3.563273, -323.947507
18.486578, -3.563273, -323.947507
18.490143, -3.563273, -323.947507
18.494040, -3.565823, -324.179331
18.496617, -3.565823, -324.179331
18.499399, -3.565823, -324.179331
18.502126, -3.565823, -324.179331
18.504886, -3.565823, -324.179331
18.507838, -3.565823, -324.179331
18.510897, -3.565823, -324.179331
18.514008, -3.563273, -323.947507
18.517044, -3.565823, -324.179331
18.520266, -3.565823, -324.179331
18.523405, -3.565823, -324.179331
18.526572, -3.563273, -323.947507
18.529762, -3.563273, -323.947507
18.532813, -3.563273, -323.947507
18.535801, -3.565823, -324.179331
18.538948, -3.563273, -323.947507
18.543465, -3.565823, -324.179331
18.545841, -3.565823, -324.179331
18.550155, -3.565823, -324.179331
18.552679, -3.565823, -324.179331
18.555296, -3.565823, -324.179331
18.558788, -3.565823, -324.179331
18.561717, -3.563273, -323.947507
18.564558, -3.565823, -324.179331
18.567505, -3.565823, -324.179331
18.571249, -3.563273, -323.947507
18.575921, -3.565823, -324.179331
18.579526, -3.565823, -324.179331
18.583497, -3.565823, -324.179331
18.587980, -3.568373, -324.411156
18.593119, -3.565823, -324.179331
18.596813, -3.565823, -324.179331
18.600314, -3.565823, -324.179331
18.603927, -3.565823, -324.179331
18.607411, -3.565823, -324.179331
18.610839, -3.563273, -323.947507
18.614336, -3.563273, -323.947507
18.616691, -3.563273, -323.947507
18.619267, -3.565823, -324.179331
18.622674, -3.563273, -323.947507
18.627357, -3.565823, -324.179331
18.630846, -3.565823, -324.179331
18.635705, -3.563273, -323.947507
18.640343, -3.565823, -324.179331
18.644763, -3.565823, -324.179331
18.648656, -3.565823, -324.179331
18.652560, -3.565823, -324.179331
18.655906, -3.565823, -324.179331
18.659214, -3.565823, -324.179331
18.662570, -3.565823, -324.179331
18.665767, -3.563273, -323.947507
18.668817, -3.563273, -323.947507
18.671874, -3.563273, -323.947507
18.674833, -3.565823, -324.179331
18.677859, -3.565823, -324.179331
18.680828, -3.565823, -324.179331
18.683844, -3.565823, -324.179331
18.686701, -3.565823, -324.179331
18.689589, -3.565823, -324.179331
18.692656, -3.563273, -323.947507
18.695592, -3.565823, -324.179331
18.698833, -3.565823, -324.179331
18.702097, -3.565823, -324.179331
18.705058, -3.565823, -324.179331
18.708132, -3.565823, -324.179331
18.711102, -3.565823, -324.179331
18.714169, -3.565823, -324.179331
18.717341, -3.565823, -324.179331
18.720535, -3.565823, -324.179331
18.723723, -3.565823, -324.179331
18.726959, -3.565823, -324.179331
18.729980, -3.565823, -324.179331
18.733030, -3.565823, -324.179331
18.735945, -3.563273, -323.947507
18.738858, -3.565823, -324.179331
18.741739, -3.565823, -324.179331
18.744677, -3.565823, -324.179331
18.747663, -3.563273, -323.947507
18.750690, -3.565823, -324.179331
18.753837, -3.563273, -323.947507
18.756822, -3.565823, -324.179331
18.759843, -3.565823, -324.179331
18.763250, -3.565823, -324.179331
18.766981, -3.565823, -324.179331
18.769597, -3.565823, -324.179331
18.772471, -3.565823, -324.179331
18.775691, -3.563273, -323.947507
18.778259, -3.565823, -324.179331
18.781037, -3.565823, -324.179331
18.784067, -3.563273, -323.947507
18.787211, -3.565823, -324.179331
18.790880, -3.565823, -324.179331
18.793682, -3.563273, -323.947507
18.796395, -3.565823, -324.179331
18.799218, -3.565823, -324.179331
18.802089, -3.563273, -323.947507
18.805084, -3.565823, -324.179331
18.808605, -3.565823, -324.179331
18.811164, -3.563273, -323.947507
18.813827, -3.565823, -324.179331
18.816636, -3.565823, -324.179331
18.819447, -3.565823, -324.179331
18.822171, -3.565823, -324.179331
18.824824, -3.565823, -324.179331
18.828317, -3.565823, -324.179331
18.830867, -3.565823, -324.179331
18.833427, -3.565823, -324.179331
18.836534, -3.565823, -324.179331
18.839147, -3.565823, -324.179331
18.841602, -3.565823, -324.179331
18.844192, -3.565823, -324.179331
18.847205, -3.565823, -324.179331
18.850193, -3.563273, -323.947507
18.853260, -3.565823, -324.179331
18.856911, -3.565823, -324.179331
18.859503, -3.565823, -324.179331
18.862142, -3.565823, -324.179331
18.864685, -3.565823, -324.179331
18.868129, -3.565823, -324.179331
18.870515, -3.565823, -324.179331
18.873585, -3.565823, -324.179331
18.876177, -3.563273, -323.947507
18.879520, -3.565823, -324.179331
18.882469, -3.565823, -324.179331
18.884917, -3.565823, -324.179331
18.888339, -3.565823, -324.179331
18.890793, -3.563273, -323.947507
18.893930, -3.563273, -323.947507
18.897490, -3.563273, -323.947507
18.900288, -3.565823, -324.179331
18.902940, -3.565823, -324.179331
18.905983, -3.565823, -324.179331
18.908916, -3.565823, -324.179331
18.911813, -3.563273, -323.947507
18.914697, -3.565823, -324.179331
18.919654, -3.565823, -324.179331
18.922630, -3.565823, -324.179331
18.927439, -3.565823, -324.179331
18.930336, -3.565823, -324.179331
18.932758, -3.565823, -324.179331
18.935237, -3.565823, -324.179331
18.939733, -3.565823, -324.179331
18.943516, -3.565823, -324.179331
18.945832, -3.565823, -324.179331
18.948755, -3.565823, -324.179331
18.951847, -3.565823, -324.179331
18.954949, -3.565823, -324.179331
18.958269, -3.565823, -324.179331
18.960739, -3.565823, -324.179331
18.963290, -3.565823, -324.179331
18.966009, -3.565823, -324.179331
18.968865, -3.565823, -324.179331
18.971748, -3.565823, -324.179331
18.975250, -3.565823, -324.179331
18.978330, -3.565823, -324.179331
18.981353, -3.565823, -324.179331
18.984580, -3.565823, -324.179331
18.987573, -3.565823, -324.179331
18.990675, -3.563273, -323.947507
18.994077, -3.565823, -324.179331
18.997179, -3.565823, -324.179331
19.000165, -3.563273, -323.947507
19.003171, -3.565823, -324.179331
19.006567, -3.565823, -324.179331
19.009423, -3.565823, -324.179331
19.011974, -3.565823, -324.179331
19.014889, -3.565823, -324.179331
19.017825, -3.565823, -324.179331
19.020436, -3.565823, -324.179331
19.023144, -3.565823, -324.179331
19.027182, -3.565823, -324.179331
19.029841, -3.565823, -324.179331
19.032505, -3.565823, -324.179331
19.036035, -3.565823, -324.179331
19.038399, -3.565823, -324.179331
19.041550, -3.565823, -324.179331
19.045106, -3.565823, -324.179331
19.047993, -3.565823, -324.179331
19.050324, -3.565823, -324.179331
19.052821, -3.565823, -324.179331
19.057266, -3.565823, -324.179331
19.059943, -3.565823, -324.179331
19.062494, -3.565823, -324.179331
19.065916, -3.565823, -324.179331
19.069558, -3.565823, -324.179331
19.072183, -3.565823, -324.179331
19.076119, -3.565823, -324.179331
19.078521, -3.565823, -324.179331
19.080797, -3.565823, -324.179331
19.083387, -3.565823, -324.179331
19.086322, -3.565823, -324.179331
19.089236, -3.565823, -324.179331
19.092497, -3.565823, -324.179331
19.095734, -3.563273, -323.947507
19.098181, -3.565823, -324.179331
19.100527, -3.565823, -324.179331
19.103287, -3.565823, -324.179331
19.107684, -3.565823, -324.179331
19.109907, -3.565823, -324.179331
19.112289, -3.565823, -324.179331
19.115586, -3.565823, -324.179331
19.118284, -3.565823, -324.179331
19.120888, -3.563273, -323.947507
19.124610, -3.565823, -324.179331
19.126840, -3.563273, -323.947507
19.129140, -3.565823, -324.179331
19.131591, -3.565823, -324.179331
19.134780, -3.563273, -323.947507
19.137869, -3.565823, -324.179331
19.140439, -3.565823, -324.179331
19.142864, -3.563273, -323.947507
19.145415, -3.565823, -324.179331
19.148100, -3.565823, -324.179331
19.151052, -3.565823, -324.179331
19.154134, -3.565823, -324.179331
19.157770, -3.565823, -324.179331
19.160324, -3.565823, -324.179331
19.162942, -3.565823, -324.179331
19.166351, -3.565823, -324.179331
19.168860, -3.565823, -324.179331
19.171192, -3.565823, -324.179331
19.175100, -3.565823, -324.179331
19.178085, -3.565823, -324.179331
19.180663, -3.565823, -324.179331
19.183104, -3.563273, -323.947507
19.186089, -3.563273, -323.947507
19.189038, -3.565823, -324.179331
19.192918, -3.565823, -324.179331
19.196705, -3.565823, -324.179331
19.199301, -3.565823, -324.179331
19.201555, -3.563273, -323.947507
19.204069, -3.563273, -323.947507
19.207857, -3.563273, -323.947507
19.210707, -3.563273, -323.947507
19.213420, -3.563273, -323.947507
19.216975, -3.563273, -323.947507
19.219532, -3.565823, -324.179331
19.221884, -3.563273, -323.947507
19.224681, -3.563273, -323.947507
19.227593, -3.563273, -323.947507
19.230563, -3.563273, -323.947507
19.234130, -3.565823, -324.179331
19.238450, -3.565823, -324.179331
19.242930, -3.563273, -323.947507
19.247171, -3.565823, -324.179331
19.250768, -3.563273, -323.947507
19.254153, -3.563273, -323.947507
19.258392, -3.563273, -323.947507
19.262466, -3.563273, -323.947507
19.266344, -3.563273, -323.947507
19.269289, -3.563273, -323.947507
19.271688, -3.563273, -323.947507
19.274557, -3.565823, -324.179331
19.277094, -3.565823, -324.179331
19.279940, -3.563273, -323.947507
19.282873, -3.563273, -323.947507
19.285913, -3.565823, -324.179331
19.289020, -3.565823, -324.179331
19.292006, -3.565823, -324.179331
19.296317, -3.565823, -324.179331
19.300016, -3.565823, -324.179331
19.302481, -3.563273, -323.947507
19.304799, -3.563273, -323.947507
19.308098, -3.563273, -323.947507
19.310444, -3.563273, -323.947507
19.312999, -3.565823, -324.179331
19.315976, -3.563273, -323.947507
19.318876, -3.563273, -323.947507
19.321726, -3.563273, -323.947507
19.325081, -3.563273, -323.947507
19.327657, -3.563273, -323.947507
19.330157, -3.563273, -323.947507
19.333026, -3.563273, -323.947507
19.336009, -3.563273, -323.947507
19.340415, -3.563273, -323.947507
19.342589, -3.563273, -323.947507
19.344892, -3.563273, -323.947507
19.347497, -3.563273, -323.947507
19.350531, -3.563273, -323.947507
19.353766, -3.563273, -323.947507
19.356713, -3.563273, -323.947507
19.359282, -3.563273, -323.947507
19.361806, -3.563273, -323.947507
19.364281, -3.563273, -323.947507
19.368377, -3.565823, -324.179331
19.371989, -3.563273, -323.947507
19.376135, -3.563273, -323.947507
19.380857, -3.563273, -323.947507
19.384812, -3.563273, -323.947507
19.388562, -3.563273, -323.947507
19.391788, -3.563273, -323.947507
19.394388, -3.563273, -323.947507
19.396986, -3.565823, -324.179331
19.399447, -3.565823, -324.179331
19.402190, -3.565823, -324.179331
19.405094, -3.565823, -324.179331
19.408193, -3.563273, -323.947507
19.410588, -3.563273, -323.947507
19.413748, -3.563273, -323.947507
19.415936, -3.563273, -323.947507
19.418528, -3.563273, -323.947507
19.421336, -3.565823, -324.179331
19.424169, -3.563273, -323.947507
19.427351, -3.563273, -323.947507
19.430552, -3.563273, -323.947507
19.433493, -3.563273, -323.947507
19.436701, -3.563273, -323.947507
19.440988, -3.563273, -323.947507
19.443123, -3.563273, -323.947507
19.445549, -3.563273, -323.947507
19.448266, -3.565823, -324.179331
19.450594, -3.565823, -324.179331
19.453078, -3.563273, -323.947507
19.455746, -3.563273, -323.947507
19.459297, -3.563273, -323.947507
19.461945, -3.563273, -323.947507
19.464581, -3.563273, -323.947507
19.467263, -3.563273, -323.947507
19.469764, -3.563273, -323.947507
19.472927, -3.563273, -323.947507
19.476233, -3.563273, -323.947507
19.479396, -3.563273, -323.947507
19.483337, -3.563273, -323.947507
19.486215, -3.563273, -323.947507
19.488958, -3.563273, -323.947507
19.495774, -3.563273, -323.947507
19.501038, -3.563273, -323.947507
19.505830, -3.563273, -323.947507
19.509072, -3.563273, -323.947507
19.513505, -3.563273, -323.947507
19.516205, -3.563273, -323.947507
19.519236, -3.563273, -323.947507
19.521821, -3.565823, -324.179331
19.524311, -3.563273, -323.947507
19.527108, -3.563273, -323.947507
19.530130, -3.563273, -323.947507
19.533211, -3.563273, -323.947507
19.536601, -3.563273, -323.947507
19.539820, -3.565823, -324.179331
19.543061, -3.563273, -323.947507
19.546337, -3.563273, -323.947507
19.550041, -3.563273, -323.947507
19.553122, -3.563273, -323.947507
19.556661, -3.563273, -323.947507
19.559557, -3.563273, -323.947507
19.562024, -3.563273, -323.947507
19.564525, -3.563273, -323.947507
19.567307, -3.563273, -323.947507
19.570127, -3.563273, -323.947507
19.573202, -3.563273, -323.947507
19.576549, -3.563273, -323.947507
19.580039, -3.563273, -323.947507
19.583268, -3.563273, -323.947507
19.587853, -3.563273, -323.947507
19.591461, -3.560723, -323.715682
19.594361, -3.563273, -323.947507
19.598749, -3.563273, -323.947507
19.603317, -3.563273, -323.947507
19.607706, -3.563273, -323.947507
19.611315, -3.563273, -323.947507
19.614601, -3.563273, -323.947507
19.618112, -3.563273, -323.947507
19.620527, -3.563273, -323.947507
19.622834, -3.563273, -323.947507
19.625474, -3.563273, -323.947507
19.628222, -3.563273, -323.947507
19.631110, -3.563273, -323.947507
19.633993, -3.563273, -323.947507
19.637212, -3.563273, -323.947507
19.640238, -3.563273, -323.947507
19.643265, -3.563273, -323.947507
19.646489, -3.565823, -324.179331
19.649515, -3.563273, -323.947507
19.652471, -3.563273, -323.947507
19.655477, -3.565823, -324.179331
19.658364, -3.563273, -323.947507
19.661236, -3.563273, -323.947507
19.664078, -3.563273, -323.947507
19.667131, -3.563273, -323.947507
19.670008, -3.563273, -323.947507
19.672918, -3.563273, -323.947507
19.675894, -3.563273, -323.947507
19.678764, -3.563273, -323.947507
19.681667, -3.563273, -323.947507
19.684542, -3.563273, -323.947507
19.687530, -3.563273, -323.947507
19.690455, -3.563273, -323.947507
19.693359, -3.563273, -323.947507
19.696310, -3.563273, -323.947507
19.699197, -3.563273, -323.947507
19.702078, -3.563273, -323.947507
19.704930, -3.563273, -323.947507
19.708144, -3.563273, -323.947507
19.711208, -3.563273, -323.947507
19.714406, -3.563273, -323.947507
19.717550, -3.563273, -323.947507
19.720512, -3.563273, -323.947507
19.723558, -3.560723, -323.715682
19.727020, -3.563273, -323.947507
19.730188, -3.563273, -323.947507
19.733253, -3.563273, -323.947507
19.736293, -3.563273, -323.947507
19.740455, -3.563273, -323.947507
19.743157, -3.563273, -323.947507
19.745593, -3.563273, -323.947507
19.748358, -3.563273, -323.947507
19.751214, -3.563273, -323.947507
19.754041, -3.563273, -323.947507
19.756925, -3.563273, -323.947507
19.760109, -3.563273, -323.947507
19.763433, -3.563273, -323.947507
19.766699, -3.563273, -323.947507
19.770106, -3.563273, -323.947507
19.773441, -3.563273, -323.947507
19.776706, -3.563273, -323.947507
19.779945, -3.563273, -323.947507
19.783159, -3.563273, -323.947507
19.786484, -3.563273, -323.947507
19.789705, -3.563273, -323.947507
19.792671, -3.563273, -323.947507
19.795801, -3.563273, -323.947507
19.799385, -3.563273, -323.947507
19.802880, -3.560723, -323.715682
19.806190, -3.563273, -323.947507
19.810116, -3.560723, -323.715682
19.813398, -3.563273, -323.947507
19.817292, -3.563273, -323.947507
19.822236, -3.560723, -323.715682
19.828805, -3.563273, -323.947507
19.834279, -3.560723, -323.715682
19.839174, -3.560723, -323.715682
19.842146, -3.560723, -323.715682
19.846680, -3.563273, -323.947507
19.849380, -3.563273, -323.947507
19.852356, -3.563273, -323.947507
19.854821, -3.563273, -323.947507
19.857208, -3.563273, -323.947507
19.861574, -3.563273, -323.947507
19.865675, -3.563273, -323.947507
19.869800, -3.560723, -323.715682
19.873456, -3.563273, -323.947507
19.877621, -3.563273, -323.947507
19.881712, -3.563273, -323.947507
19.884159, -3.560723, -323.715682
19.886599, -3.563273, -323.947507
19.890398, -3.560723, -323.715682
19.892782, -3.563273, -323.947507
19.895352, -3.563273, -323.947507
19.897991, -3.563273, -323.947507
19.902990, -3.563273, -323.947507
19.906915, -3.563273, -323.947507
19.911327, -3.560723, -323.715682
19.914487, -3.563273, -323.947507
19.917184, -3.563273, -323.947507
19.921040, -3.560723, -323.715682
19.923406, -3.563273, -323.947507
19.925580, -3.563273, -323.947507
19.927924, -3.560723, -323.715682
19.930897, -3.560723, -323.715682
19.933998, -3.560723, -323.715682
19.937219, -3.560723, -323.715682
19.941272, -3.560723, -323.715682
19.943959, -3.560723, -323.715682
19.946646, -3.560723, -323.715682
19.949456, -3.560723, -323.715682
19.952645, -3.560723, -323.715682
19.956550, -3.560723, -323.715682
19.958998, -3.560723, -323.715682
19.961363, -3.560723, -323.715682
19.964074, -3.560723, -323.715682
19.966971, -3.560723, -323.715682
19.970943, -3.563273, -323.947507
19.974239, -3.563273, -323.947507
19.976860, -3.560723, -323.715682
19.979362, -3.563273, -323.947507
19.982106, -3.560723, -323.715682
19.985176, -3.560723, -323.715682
19.988350, -3.560723, -323.715682
19.992128, -3.563273, -323.947507
19.994738, -3.560723, -323.715682
19.997444, -3.560723, -323.715682
20.000059, -3.563273, -323.947507
20.003010, -3.560723, -323.715682
20.006132, -3.560723, -323.715682
20.008986, -3.563273, -323.947507
20.011664, -3.560723, -323.715682
20.014323, -3.560723, -323.715682
20.017283, -3.560723, -323.715682
20.020215, -3.560723, -323.715682
20.024384, -3.560723, -323.715682
20.029091, -3.560723, -323.715682
20.033438, -3.563273, -323.947507
20.037324, -3.560723, -323.715682
20.041390, -3.560723, -323.715682
20.044372, -3.560723, -323.715682
20.046933, -3.560723, -323.715682
20.049580, -3.560723, -323.715682
20.052483, -3.560723, -323.715682
20.055489, -3.560723, -323.715682
20.058799, -3.560723, -323.715682
20.061809, -3.560723, -323.715682
20.065046, -3.560723, -323.715682
20.068088, -3.560723, -323.715682
20.071200, -3.560723, -323.715682
20.074963, -3.560723, -323.715682
20.077540, -3.560723, -323.715682
20.079712, -3.560723, -323.715682
20.082078, -3.560723, -323.715682
20.085079, -3.560723, -323.715682
20.088373, -3.560723, -323.715682
20.091821, -3.560723, -323.715682
20.094401, -3.560723, -323.715682
20.097738, -3.560723, -323.715682
20.100245, -3.560723, -323.715682
20.102684, -3.560723, -323.715682
20.105567, -3.560723, -323.715682
20.109412, -3.560723, -323.715682
20.112482, -3.560723, -323.715682
20.114887, -3.560723, -323.715682
20.118471, -3.560723, -323.715682
20.120602, -3.560723, -323.715682
20.123114, -3.560723, -323.715682
20.125873, -3.560723, -323.715682
20.128849, -3.560723, -323.715682
20.131837, -3.560723, -323.715682
20.134783, -3.563273, -323.947507
20.137953, -3.560723, -323.715682
20.141352, -3.560723, -323.715682
20.144388, -3.560723, -323.715682
20.147669, -3.560723, -323.715682
20.150481, -3.560723, -323.715682
20.152883, -3.560723, -323.715682
20.155441, -3.560723, -323.715682
20.158442, -3.560723, -323.715682
20.161182, -3.560723, -323.715682
20.163490, -3.560723, -323.715682
20.166148, -3.560723, -323.715682
20.169914, -3.558173, -323.483858
20.172384, -3.560723, -323.715682
20.174745, -3.560723, -323.715682
20.177172, -3.560723, -323.715682
20.180542, -3.560723, -323.715682
20.186431, -3.560723, -323.715682
20.193364, -3.560723, -323.715682
20.197039, -3.558173, -323.483858
20.200881, -3.558173, -323.483858
20.204222, -3.558173, -323.483858
20.209238, -3.560723, -323.715682
20.212492, -3.560723, -323.715682
20.215003, -3.558173, -323.483858
20.217575, -3.558173, -323.483858
20.220326, -3.560723, -323.715682
20.223141, -3.558173, -323.483858
20.226300, -3.560723, -323.715682
20.229422, -3.560723, -323.715682
20.232522, -3.560723, -323.715682
20.235625, -3.558173, -323.483858
20.238865, -3.558173, -323.483858
20.242259, -3.558173, -323.483858
20.244967, -3.560723, -323.715682
20.247469, -3.558173, -323.483858
20.250071, -3.560723, -323.715682
20.252802, -3.560723, -323.715682
20.255616, -3.560723, -323.715682
20.258579, -3.560723, -323.715682
20.261358, -3.558173, -323.483858
20.264213, -3.558173, -323.483858
20.267057, -3.560723, -323.715682
20.269960, -3.560723, -323.715682
20.273156, -3.558173, -323.483858
20.276499, -3.560723, -323.715682
20.279735, -3.560723, -323.715682
20.283423, -3.558173, -323.483858
20.286883, -3.558173, -323.483858
20.290155, -3.558173, -323.483858
20.293478, -3.560723, -323.715682
20.296899, -3.558173, -323.483858
20.300184, -3.558173, -323.483858
20.303446, -3.560723, -323.715682
20.306816, -3.560723, -323.715682
20.310209, -3.560723, -323.715682
20.313691, -3.558173, -323.483858
20.316950, -3.558173, -323.483858
20.320091, -3.558173, -323.483858
20.323432, -3.558173, -323.483858
20.326561, -3.558173, -323.483858
20.329712, -3.558173, -323.483858
20.333005, -3.558173, -323.483858
20.336076, -3.558173, -323.483858
20.339183, -3.558173, -323.483858
20.342492, -3.558173, -323.483858
20.345748, -3.558173, -323.483858
20.348699, -3.560723, -323.715682
20.351572, -3.560723, -323.715682
20.354452, -3.558173, -323.483858
20.357479, -3.560723, -323.715682
20.360335, -3.560723, -323.715682
20.363414, -3.558173, -323.483858
20.366479, -3.560723, -323.715682
20.369548, -3.560723, -323.715682
20.372648, -3.560723, -323.715682
20.376146, -3.558173, -323.483858
20.378565, -3.558173, -323.483858
20.380937, -3.558173, -323.483858
20.383939, -3.560723, -323.715682
20.387027, -3.560723, -323.715682
20.389527, -3.558173, -323.483858
20.392297, -3.558173, -323.483858
20.395198, -3.558173, -323.483858
20.398061, -3.558173, -323.483858
20.400978, -3.558173, -323.483858
20.404130, -3.560723, -323.715682
20.407956, -3.558173, -323.483858
20.410481, -3.560723, -323.715682
20.412941, -3.558173, -323.483858
20.416497, -3.558173, -323.483858
20.418924, -3.558173, -323.483858
20.421425, -3.558173, -323.483858
20.423860, -3.558173, -323.483858
20.426922, -3.560723, -323.715682
20.429742, -3.558173, -323.483858
20.432609, -3.558173, -323.483858
20.435458, -3.558173, -323.483858
20.437905, -3.558173, -323.483858
20.440237, -3.555623, -323.252033
20.442753, -3.558173, -323.483858
20.445338, -3.555623, -323.252033
20.448352, -3.558173, -323.483858
20.451412, -3.558173, -323.483858
20.453882, -3.558173, -323.483858
20.456574, -3.558173, -323.483858
20.458693, -3.558173, -323.483858
20.460997, -3.558173, -323.483858
20.463591, -3.555623, -323.252033
20.466106, -3.558173, -323.483858
20.468630, -3.558173, -323.483858
20.471225, -3.558173, -323.483858
20.473633, -3.558173, -323.483858
20.476163, -3.558173, -323.483858
20.478497, -3.558173, -323.483858
20.481098, -3.558173, -323.483858
20.484264, -3.558173, -323.483858
20.487357, -3.558173, -323.483858
20.490111, -3.558173, -323.483858
20.492800, -3.558173, -323.483858
20.495811, -3.558173, -323.483858
20.498594, -3.555623, -323.252033
20.501311, -3.558173, -323.483858
20.504089, -3.555623, -323.252033
20.508253, -3.555623, -323.252033
20.510794, -3.555623, -323.252033
20.513202, -3.555623, -323.252033
20.515861, -3.555623, -323.252033
20.518613, -3.555623, -323.252033
20.521450, -3.555623, -323.252033
20.524406, -3.555623, -323.252033
20.527839, -3.558173, -323.483858
20.531278, -3.558173, -323.483858
20.534412, -3.555623, -323.252033
20.537535, -3.558173, -323.483858
20.540740, -3.555623, -323.252033
20.543891, -3.555623, -323.252033
20.546863, -3.555623, -323.252033
20.550003, -3.555623, -323.252033
20.552913, -3.555623, -323.252033
20.556068, -3.555623, -323.252033
20.559471, -3.558173, -323.483858
20.562008, -3.558173, -323.483858
20.564611, -3.558173, -323.483858
20.567380, -3.558173, -323.483858
20.570192, -3.558173, -323.483858
20.573933, -3.555623, -323.252033
20.577478, -3.555623, -323.252033
20.580728, -3.555623, -323.252033
20.584018, -3.555623, -323.252033
20.587307, -3.555623, -323.252033
20.590876, -3.555623, -323.252033
20.594228, -3.558173, -323.483858
20.597734, -3.558173, -323.483858
20.600832, -3.555623, -323.252033
20.604032, -3.558173, -323.483858
20.607738, -3.555623, -323.252033
20.610077, -3.558173, -323.483858
20.612568, -3.555623, -323.252033
20.615264, -3.558173, -323.483858
20.618104, -3.555623, -323.252033
20.621219, -3.555623, -323.252033
20.624841, -3.555623, -323.252033
20.627489, -3.555623, -323.252033
20.630064, -3.555623, -323.252033
20.632801, -3.555623, -323.252033
20.635580, -3.558173, -323.483858
20.638555, -3.555623, -323.252033
20.641737, -3.555623, -323.252033
20.644174, -3.555623, -323.252033
20.649010, -3.555623, -323.252033
20.653410, -3.558173, -323.483858
20.657857, -3.555623, -323.252033
20.661501, -3.555623, -323.252033
20.664924, -3.555623, -323.252033
20.668091, -3.555623, -323.252033
20.671177, -3.555623, -323.252033
20.674279, -3.555623, -323.252033
20.676668, -3.555623, -323.252033
20.678895, -3.555623, -323.252033
20.681399, -3.555623, -323.252033
20.684039, -3.555623, -323.252033
20.686870, -3.558173, -323.483858
20.689822, -3.555623, -323.252033
20.692857, -3.558173, -323.483858
20.696213, -3.558173, -323.483858
20.699486, -3.558173, -323.483858
20.702617, -3.555623, -323.252033
20.705649, -3.555623, -323.252033
20.708904, -3.555623, -323.252033
20.711997, -3.558173, -323.483858
20.714928, -3.558173, -323.483858
20.718156, -3.555623, -323.252033
20.721064, -3.558173, -323.483858
20.724803, -3.555623, -323.252033
20.727538, -3.558173, -323.483858
20.730443, -3.558173, -323.483858
20.733250, -3.558173, -323.483858
20.736147, -3.555623, -323.252033
20.739168, -3.555623, -323.252033
20.741664, -3.555623, -323.252033
20.744145, -3.555623, -323.252033
20.746721, -3.555623, -323.252033
20.749405, -3.555623, -323.252033
20.752217, -3.555623, -323.252033
20.755090, -3.555623, -323.252033
20.758862, -3.555623, -323.252033
20.761406, -3.555623, -323.252033
20.763843, -3.558173, -323.483858
20.766519, -3.555623, -323.252033
20.769379, -3.558173, -323.483858
20.772569, -3.555623, -323.252033
20.776202, -3.555623, -323.252033
20.779295, -3.555623, -323.252033
20.782095, -3.555623, -323.252033
20.784924, -3.555623, -323.252033
20.788421, -3.555623, -323.252033
20.791807, -3.555623, -323.252033
20.794333, -3.555623, -323.252033
20.796792, -3.558173, -323.483858
20.799490, -3.558173, -323.483858
20.802180, -3.555623, -323.252033
20.805027, -3.555623, -323.252033
20.808207, -3.558173, -323.483858
20.811198, -3.555623, -323.252033
20.814350, -3.558173, -323.483858
20.817216, -3.558173, -323.483858
20.820114, -3.555623, -323.252033
20.823083, -3.555623, -323.252033
20.826385, -3.555623, -323.252033
20.829493, -3.558173, -323.483858
20.832359, -3.555623, -323.252033
20.835380, -3.558173, -323.483858
20.838499, -3.555623, -323.252033
20.841534, -3.558173, -323.483858
20.844633, -3.555623, -323.252033
20.847568, -3.558173, -323.483858
20.850440, -3.555623, -323.252033
20.853285, -3.558173, -323.483858
20.856168, -3.555623, -323.252033
20.859268, -3.555623, -323.252033
20.861949, -3.555623, -323.252033
20.864035, -3.555623, -323.252033
20.866684, -3.555623, -323.252033
20.870525, -3.555623, -323.252033
20.873328, -3.555623, -323.252033
20.875888, -3.555623, -323.252033
20.878354, -3.555623, -323.252033
20.881468, -3.555623, -323.252033
20.884059, -3.555623, -323.252033
20.886753, -3.555623, -323.252033
20.890119, -3.555623, -323.252033
20.892975, -3.555623, -323.252033
20.895821, -3.555623, -323.252033
20.898590, -3.555623, -323.252033
20.902123, -3.555623, -323.252033
20.905120, -3.555623, -323.252033
20.908280, -3.555623, -323.252033
20.911418, -3.555623, -323.252033
20.914217, -3.555623, -323.252033
20.917112, -3.558173, -323.483858
20.920412, -3.555623, -323.252033
20.924469, -3.558173, -323.483858
20.926869, -3.555623, -323.252033
20.929394, -3.558173, -323.483858
20.932414, -3.555623, -323.252033
20.935631, -3.558173, -323.483858
20.938248, -3.558173, -323.483858
20.941399, -3.558173, -323.483858
20.943560, -3.558173, -323.483858
20.946033, -3.555623, -323.252033
20.948801, -3.555623, -323.252033
20.951727, -3.555623, -323.252033
20.954624, -3.555623, -323.252033
20.958490, -3.555623, -323.252033
20.961128, -3.555623, -323.252033
20.964136, -3.555623, -323.252033
20.966548, -3.555623, -323.252033
20.969343, -3.555623, -323.252033
20.972980, -3.555623, -323.252033
20.976825, -3.555623, -323.252033
20.980009, -3.555623, -323.252033
20.983739, -3.555623, -323.252033
20.986093, -3.555623, -323.252033
20.988429, -3.555623, -323.252033
20.991936, -3.555623, -323.252033
20.994660, -3.555623, -323.252033
20.997266, -3.555623, -323.252033
20.999802, -3.555623, -323.252033
21.003298, -3.555623, -323.252033
21.006522, -3.555623, -323.252033
21.009195, -3.555623, -323.252033
21.011741, -3.555623, -323.252033
21.014589, -3.555623, -323.252033
21.017539, -3.555623, -323.252033
21.020516, -3.555623, -323.252033
21.024033, -3.555623, -323.252033
21.027120, -3.555623, -323.252033
21.029454, -3.555623, -323.252033
21.032147, -3.555623, -323.252033
21.034733, -3.555623, -323.252033
21.037458, -3.555623, -323.252033
21.040278, -3.555623, -323.252033
21.043256, -3.555623, -323.252033
21.046367, -3.555623, -323.252033
21.049361, -3.555623, -323.252033
21.052348, -3.555623, -323.252033
21.055823, -3.555623, -323.252033
21.059092, -3.555623, -323.252033
21.062151, -3.555623, -323.252033
21.065047, -3.555623, -323.252033
21.068025, -3.555623, -323.252033
21.071116, -3.555623, -323.252033
21.074713, -3.555623, -323.252033
21.077898, -3.555623, -323.252033
21.080819, -3.555623, -323.252033
21.088165, -3.555623, -323.252033
21.097473, -3.555623, -323.252033
21.101022, -3.555623, -323.252033
21.104124, -3.555623, -323.252033
21.107243, -3.555623, -323.252033
21.110548, -3.555623, -323.252033
21.113665, -3.555623, -323.252033
21.116789, -3.555623, -323.252033
21.119910, -3.555623, -323.252033
21.123018, -3.555623, -323.252033
21.126150, -3.555623, -323.252033
21.129839, -3.555623, -323.252033
21.135584, -3.553073, -323.020208
21.144031, -3.555623, -323.252033
21.153900, -3.555623, -323.252033
21.161992, -3.555623, -323.252033
21.168581, -3.555623, -323.252033
21.175229, -3.555623, -323.252033
21.181847, -3.555623, -323.252033
21.192739, -3.555623, -323.252033
21.203571, -3.555623, -323.252033
21.215063, -3.553073, -323.020208
21.225633, -3.555623, -323.252033
21.233697, -3.555623, -323.252033
21.239804, -3.555623, -323.252033
21.245432, -3.555623, -323.252033
21.251549, -3.555623, -323.252033
21.257793, -3.555623, -323.252033
21.262784, -3.555623, -323.252033
21.267404, -3.555623, -323.252033
21.272330, -3.555623, -323.252033
21.278717, -3.555623, -323.252033
21.284795, -3.555623, -323.252033
21.291431, -3.553073, -323.020208
21.298507, -3.555623, -323.252033
21.305012, -3.553073, -323.020208
21.322051, -3.555623, -323.252033
21.347193, -3.555623, -323.252033
21.374456, -3.555623, -323.252033
21.441716, -3.555623, -323.252033
21.449986, -3.555623, -323.252033
21.454657, -3.555623, -323.252033
21.458946, -3.553073, -323.020208
21.463589, -3.553073, -323.020208
21.469197, -3.555623, -323.252033
21.479158, -3.553073, -323.020208
21.502866, -3.555623, -323.252033
21.526109, -3.555623, -323.252033
21.545293, -3.553073, -323.020208
21.551424, -3.553073, -323.020208
21.556056, -3.553073, -323.020208
21.560329, -3.555623, -323.252033
21.564877, -3.553073, -323.020208
21.570764, -3.553073, -323.020208
21.577817, -3.555623, -323.252033
21.582906, -3.553073, -323.020208
21.586036, -3.553073, -323.020208
21.590011, -3.553073, -323.020208
21.595255, -3.555623, -323.252033
21.600186, -3.553073, -323.020208
21.605752, -3.555623, -323.252033
21.610084, -3.555623, -323.252033
21.613098, -3.555623, -323.252033
21.616060, -3.555623, -323.252033
21.619332, -3.555623, -323.252033
21.624215, -3.555623, -323.252033
21.628861, -3.555623, -323.252033
21.632726, -3.555623, -323.252033
21.636486, -3.553073, -323.020208
21.640019, -3.553073, -323.020208
21.642581, -3.553073, -323.020208
21.645229, -3.553073, -323.020208
21.648288, -3.553073, -323.020208
21.651802, -3.555623, -323.252033
21.655598, -3.553073, -323.020208
21.659732, -3.555623, -323.252033
21.663919, -3.555623, -323.252033
21.668046, -3.553073, -323.020208
21.672260, -3.553073, -323.020208
21.676164, -3.553073, -323.020208
21.679971, -3.553073, -323.020208
21.683595, -3.553073, -323.020208
21.687102, -3.555623, -323.252033
21.690375, -3.553073, -323.020208
21.694697, -3.553073, -323.020208
21.699653, -3.553073, -323.020208
21.702376, -3.553073, -323.020208
21.705321, -3.553073, -323.020208
21.708614, -3.553073, -323.020208
21.712459, -3.553073, -323.020208
21.715505, -3.553073, -323.020208
21.718435, -3.555623, -323.252033
21.722088, -3.555623, -323.252033
21.724621, -3.553073, -323.020208
21.726941, -3.553073, -323.020208
21.729430, -3.555623, -323.252033
21.732211, -3.553073, -323.020208
21.735303, -3.553073, -323.020208
21.738374, -3.553073, -323.020208
21.741557, -3.553073, -323.020208
21.745774, -3.555623, -323.252033
21.749576, -3.555623, -323.252033
21.753174, -3.555623, -323.252033
21.756821, -3.555623, -323.252033
21.760469, -3.555623, -323.252033
21.764042, -3.555623, -323.252033
21.767749, -3.555623, -323.252033
21.771323, -3.553073, -323.020208
21.775315, -3.553073, -323.020208
21.783684, -3.553073, -323.020208
21.790093, -3.555623, -323.252033
21.795618, -3.555623, -323.252033
21.799470, -3.555623, -323.252033
21.804188, -3.553073, -323.020208
21.806555, -3.553073, -323.020208
21.809475, -3.553073, -323.020208
21.812707, -3.555623, -323.252033
21.816277, -3.555623, -323.252033
21.819997, -3.553073, -323.020208
21.823482, -3.553073, -323.020208
21.826312, -3.555623, -323.252033
21.829157, -3.553073, -323.020208
21.832642, -3.553073, -323.020208
21.836553, -3.553073, -323.020208
21.839406, -3.555623, -323.252033
21.842232, -3.555623, -323.252033
21.845208, -3.555623, -323.252033
21.848242, -3.555623, -323.252033
21.851361, -3.553073, -323.020208
21.856037, -3.553073, -323.020208
21.867166, -3.553073, -323.020208
21.889864, -3.555623, -323.252033
21.912735, -3.555623, -323.252033
21.936361, -3.553073, -323.020208
21.959102, -3.555623, -323.252033
21.981016, -3.555623, -323.252033
21.998475, -3.555623, -323.252033
22.003529, -3.555623, -323.252033
22.007100, -3.555623, -323.252033
22.010219, -3.555623, -323.252033
22.013556, -3.555623, -323.252033
22.017409, -3.555623, -323.252033
22.024445, -3.555623, -323.252033
22.036727, -3.555623, -323.252033
22.046173, -3.555623, -323.252033
22.053928, -3.555623, -323.252033
22.063442, -3.555623, -323.252033
22.068493, -3.553073, -323.020208
22.073641, -3.555623, -323.252033
22.078822, -3.555623, -323.252033
22.082097, -3.555623, -323.252033
22.084854, -3.555623, -323.252033
22.087784, -3.555623, -323.252033
22.090990, -3.555623, -323.252033
22.094863, -3.553073, -323.020208
22.105367, -3.555623, -323.252033
22.127160, -3.555623, -323.252033
22.152209, -3.555623, -323.252033
22.176523, -3.555623, -323.252033
22.191158, -3.555623, -323.252033
22.196376, -3.555623, -323.252033
22.200239, -3.555623, -323.252033
22.203384, -3.555623, -323.252033
22.206536, -3.553073, -323.020208
22.209817, -3.555623, -323.252033
22.212064, -3.555623, -323.252033
22.214515, -3.555623, -323.252033
22.217404, -3.555623, -323.252033
22.220476, -3.555623, -323.252033
22.224027, -3.555623, -323.252033
22.228128, -3.555623, -323.252033
22.232409, -3.555623, -323.252033
22.236898, -3.555623, -323.252033
22.241989, -3.555623, -323.252033
22.245213, -3.555623, -323.252033
22.248627, -3.555623, -323.252033
22.251420, -3.555623, -323.252033
22.254210, -3.555623, -323.252033
22.257991, -3.555623, -323.252033
22.261676, -3.555623, -323.252033
22.265193, -3.555623, -323.252033
22.268859, -3.555623, -323.252033
22.272543, -3.555623, -323.252033
22.281389, -3.555623, -323.252033
22.288902, -3.555623, -323.252033
22.295296, -3.555623, -323.252033
22.301624, -3.555623, -323.252033
22.305623, -3.555623, -323.252033
22.308866, -3.555623, -323.252033
22.312099, -3.555623, -323.252033
22.315541, -3.555623, -323.252033
22.318880, -3.555623, -323.252033
22.322270, -3.555623, -323.252033
22.326042, -3.555623, -323.252033
22.329792, -3.555623, -323.252033
22.333703, -3.555623, -323.252033
22.338159, -3.555623, -323.252033
22.343396, -3.555623, -323.252033
22.350381, -3.555623, -323.252033
22.367778, -3.555623, -323.252033
22.391149, -3.555623, -323.252033
22.396522, -3.555623, -323.252033
22.400964, -3.553073, -323.020208
22.405008, -3.555623, -323.252033
22.408852, -3.555623, -323.252033
22.412338, -3.555623, -323.252033
22.415930, -3.555623, -323.252033
22.419723, -3.555623, -323.252033
22.424018, -3.555623, -323.252033
22.429080, -3.555623, -323.252033
22.439705, -3.558173, -323.483858
22.464376, -3.555623, -323.252033
22.479361, -3.555623, -323.252033
22.484347, -3.555623, -323.252033
22.487788, -3.558173, -323.483858
22.490604, -3.555623, -323.252033
22.493742, -3.555623, -323.252033
22.498762, -3.555623, -323.252033
22.517485, -3.555623, -323.252033
22.538706, -3.555623, -323.252033
22.560494, -3.555623, -323.252033
22.579907, -3.555623, -323.252033
22.585414, -3.555623, -323.252033
22.588936, -3.555623, -323.252033
22.591945, -3.555623, -323.252033
22.594929, -3.555623, -323.252033
22.598181, -3.555623, -323.252033
22.603856, -3.555623, -323.252033
22.610912, -3.555623, -323.252033
22.617387, -3.558173, -323.483858
22.623517, -3.555623, -323.252033
22.628517, -3.555623, -323.252033
22.639553, -3.555623, -323.252033
22.653003, -3.555623, -323.252033
22.667963, -3.555623, -323.252033
22.677791, -3.555623, -323.252033
22.683443, -3.555623, -323.252033
22.701328, -3.555623, -323.252033
22.723400, -3.555623, -323.252033
22.745608, -3.555623, -323.252033
22.761291, -3.555623, -323.252033
22.766028, -3.555623, -323.252033
22.769493, -3.555623, -323.252033
22.772385, -3.555623, -323.252033
22.775541, -3.558173, -323.483858
22.778938, -3.558173, -323.483858
22.782397, -3.558173, -323.483858
22.787327, -3.558173, -323.483858
22.797953, -3.555623, -323.252033
22.805064, -3.555623, -323.252033
22.819622, -3.555623, -323.252033
22.841445, -3.555623, -323.252033
22.863919, -3.555623, -323.252033
22.886042, -3.555623, -323.252033
22.893728, -3.558173, -323.483858
22.897605, -3.558173, -323.483858
22.900708, -3.558173, -323.483858
22.904356, -3.558173, -323.483858
22.916362, -3.558173, -323.483858
22.931441, -3.558173, -323.483858
22.960043, -3.558173, -323.483858
22.982603, -3.558173, -323.483858
23.015324, -3.558173, -323.483858
23.039267, -3.555623, -323.252033
23.050164, -3.555623, -323.252033
23.054171, -3.555623, -323.252033
23.057943, -3.555623, -323.252033
23.061165, -3.555623, -323.252033
23.065611, -3.555623, -323.252033
23.080861, -3.558173, -323.483858
23.103017, -3.558173, -323.483858
23.125204, -3.558173, -323.483858
23.162961, -3.558173, -323.483858
23.171187, -3.558173, -323.483858
23.177207, -3.558173, -323.483858
23.180169, -3.555623, -323.252033
23.183053, -3.555623, -323.252033
23.190855, -3.555623, -323.252033
23.196699, -3.558173, -323.483858
23.216411, -3.558173, -323.483858
23.240790, -3.555623, -323.252033
23.263886, -3.555623, -323.252033
23.280728, -3.555623, -323.252033
23.286326, -3.555623, -323.252033
23.289690, -3.558173, -323.483858
23.292745, -3.558173, -323.483858
23.296289, -3.558173, -323.483858
23.309036, -3.558173, -323.483858
23.323064, -3.558173, -323.483858
23.345603, -3.555623, -323.252033
23.364455, -3.558173, -323.483858
23.370268, -3.558173, -323.483858
23.373754, -3.558173, -323.483858
23.376614, -3.555623, -323.252033
23.379238, -3.558173, -323.483858
23.382857, -3.558173, -323.483858
23.412498, -3.558173, -323.483858
23.435974, -3.558173, -323.483858
23.450674, -3.558173, -323.483858
23.455414, -3.558173, -323.483858
23.459272, -3.558173, -323.483858
23.462293, -3.558173, -323.483858
23.466168, -3.555623, -323.252033
23.484005, -3.558173, -323.483858
23.504651, -3.555623, -323.252033
23.526370, -3.555623, -323.252033
23.532635, -3.555623, -323.252033
23.536023, -3.558173, -323.483858
23.538996, -3.555623, -323.252033
23.543784, -3.558173, -323.483858
23.549096, -3.558173, -323.483858
23.554604, -3.558173, -323.483858
23.560061, -3.555623, -323.252033
23.565266, -3.558173, -323.483858
23.569839, -3.555623, -323.252033
23.574665, -3.555623, -323.252033
23.577982, -3.555623, -323.252033
23.581501, -3.558173, -323.483858
23.585032, -3.555623, -323.252033
23.588619, -3.555623, -323.252033
23.592522, -3.555623, -323.252033
23.594719, -3.555623, -323.252033
23.601154, -3.555623, -323.252033
23.608816, -3.558173, -323.483858
23.616586, -3.558173, -323.483858
23.624404, -3.555623, -323.252033
23.632642, -3.555623, -323.252033
23.639108, -3.555623, -323.252033
23.645206, -3.558173, -323.483858
23.650817, -3.558173, -323.483858
23.656476, -3.558173, -323.483858
23.661830, -3.558173, -323.483858
23.667500, -3.558173, -323.483858
23.673528, -3.558173, -323.483858
23.679688, -3.555623, -323.252033
23.686497, -3.558173, -323.483858
23.693522, -3.558173, -323.483858
23.700489, -3.555623, -323.252033
23.706580, -3.558173, -323.483858
23.713412, -3.558173, -323.483858
23.721339, -3.558173, -323.483858
23.729114, -3.555623, -323.252033
23.736680, -3.555623, -323.252033
23.741327, -3.555623, -323.252033
23.747670, -3.558173, -323.483858
23.755286, -3.555623, -323.252033
23.759811, -3.555623, -323.252033
23.767252, -3.558173, -323.483858
23.774896, -3.558173, -323.483858
23.781349, -3.555623, -323.252033
23.786882, -3.555623, -323.252033
23.792460, -3.558173, -323.483858
23.797432, -3.558173, -323.483858
23.800706, -3.555623, -323.252033
23.804519, -3.555623, -323.252033
23.808816, -3.558173, -323.483858
23.814981, -3.555623, -323.252033
23.820744, -3.558173, -323.483858
23.826636, -3.558173, -323.483858
23.831757, -3.555623, -323.252033
23.838349, -3.558173, -323.483858
23.843168, -3.558173, -323.483858
23.847229, -3.558173, -323.483858
23.853022, -3.558173, -323.483858
23.857721, -3.555623, -323.252033
23.863098, -3.555623, -323.252033
23.867327, -3.558173, -323.483858
23.873145, -3.558173, -323.483858
23.879545, -3.558173, -323.483858
23.886404, -3.558173, -323.483858
23.892834, -3.558173, -323.483858
23.898193, -3.558173, -323.483858
23.904346, -3.558173, -323.483858
23.913639, -3.558173, -323.483858
23.922233, -3.558173, -323.483858
23.927215, -3.558173, -323.483858
23.934016, -3.558173, -323.483858
23.940087, -3.558173, -323.483858
23.945391, -3.555623, -323.252033
23.950528, -3.558173, -323.483858
23.954658, -3.555623, -323.252033
23.963039, -3.558173, -323.483858
23.971598, -3.555623, -323.252033
23.975387, -3.558173, -323.483858
23.982361, -3.555623, -323.252033
23.988984, -3.555623, -323.252033
23.994128, -3.555623, -323.252033
24.001154, -3.558173, -323.483858
24.007335, -3.555623, -323.252033
24.013084, -3.555623, -323.252033
24.019590, -3.555623, -323.252033
24.022664, -3.555623, -323.252033
24.026825, -3.555623, -323.252033
24.032473, -3.555623, -323.252033
24.039355, -3.555623, -323.252033
24.045889, -3.558173, -323.483858
24.050505, -3.555623, -323.252033
24.054322, -3.558173, -323.483858
24.061374, -3.558173, -323.483858
24.066925, -3.555623, -323.252033
24.071819, -3.558173, -323.483858
24.076245, -3.558173, -323.483858
24.080969, -3.558173, -323.483858
24.084911, -3.558173, -323.483858
24.087938, -3.558173, -323.483858
24.091746, -3.558173, -323.483858
24.095097, -3.555623, -323.252033
24.098476, -3.558173, -323.483858
24.102018, -3.558173, -323.483858
24.105911, -3.558173, -323.483858
24.110097, -3.558173, -323.483858
24.114383, -3.558173, -323.483858
24.118011, -3.558173, -323.483858
24.120296, -3.558173, -323.483858
24.123488, -3.558173, -323.483858
24.127279, -3.558173, -323.483858
24.140025, -3.555623, -323.252033
24.164461, -3.558173, -323.483858
24.180710, -3.558173, -323.483858
24.185440, -3.558173, -323.483858
24.188904, -3.558173, -323.483858
24.192092, -3.558173, -323.483858
24.195150, -3.558173, -323.483858
24.199790, -3.558173, -323.483858
24.205824, -3.558173, -323.483858
24.224444, -3.555623, -323.252033
24.249645, -3.558173, -323.483858
24.269597, -3.555623, -323.252033
24.275687, -3.555623, -323.252033
24.279421, -3.558173, -323.483858
24.282346, -3.555623, -323.252033
24.285464, -3.555623, -323.252033
24.291155, -3.555623, -323.252033
24.305059, -3.555623, -323.252033
24.315413, -3.558173, -323.483858
24.338802, -3.558173, -323.483858
24.360078, -3.555623, -323.252033
24.366068, -3.558173, -323.483858
24.369568, -3.558173, -323.483858
24.372459, -3.558173, -323.483858
24.375441, -3.558173, -323.483858
24.379503, -3.558173, -323.483858
24.391609, -3.558173, -323.483858
24.405606, -3.555623, -323.252033
24.410996, -3.558173, -323.483858
24.428548, -3.558173, -323.483858
24.453093, -3.558173, -323.483858
24.477884, -3.558173, -323.483858
24.494667, -3.558173, -323.483858
24.499308, -3.558173, -323.483858
24.502396, -3.558173, -323.483858
24.505253, -3.558173, -323.483858
24.508579, -3.558173, -323.483858
24.513610, -3.558173, -323.483858
24.522074, -3.558173, -323.483858
24.535255, -3.558173, -323.483858
24.545785, -3.558173, -323.483858
24.556098, -3.555623, -323.252033
24.572296, -3.555623, -323.252033
24.593588, -3.555623, -323.252033
24.618053, -3.555623, -323.252033
24.640417, -3.555623, -323.252033
24.662698, -3.555623, -323.252033
24.685032, -3.558173, -323.483858
24.707275, -3.558173, -323.483858
24.715976, -3.558173, -323.483858
24.720319, -3.558173, -323.483858
24.723562, -3.555623, -323.252033
24.726788, -3.555623, -323.252033
24.731166, -3.555623, -323.252033
24.736624, -3.555623, -323.252033
24.741634, -3.558173, -323.483858
24.750678, -3.558173, -323.483858
24.759989, -3.555623, -323.252033
24.770333, -3.558173, -323.483858
24.782533, -3.558173, -323.483858
24.791777, -3.558173, -323.483858
24.800719, -3.558173, -323.483858
24.806116, -3.558173, -323.483858
24.809719, -3.558173, -323.483858
24.813776, -3.558173, -323.483858
24.817544, -3.558173, -323.483858
24.826832, -3.558173, -323.483858
24.852128, -3.558173, -323.483858
24.864726, -3.558173, -323.483858
24.868982, -3.558173, -323.483858
24.872423, -3.558173, -323.483858
24.875167, -3.558173, -323.483858
24.877837, -3.558173, -323.483858
24.880395, -3.558173, -323.483858
24.883055, -3.558173, -323.483858
24.885816, -3.558173, -323.483858
24.888899, -3.558173, -323.483858
24.891909, -3.558173, -323.483858
24.894898, -3.555623, -323.252033
24.898184, -3.558173, -323.483858
24.901705, -3.558173, -323.483858
24.905029, -3.555623, -323.252033
24.909851, -3.555623, -323.252033
24.912596, -3.558173, -323.483858
24.916252, -3.558173, -323.483858
24.919565, -3.555623, -323.252033
24.921962, -3.558173, -323.483858
24.924865, -3.558173, -323.483858
24.929417, -3.558173, -323.483858
24.934813, -3.555623, -323.252033
24.937606, -3.558173, -323.483858
24.940345, -3.555623, -323.252033
24.949773, -3.555623, -323.252033
24.971559, -3.555623, -323.252033
25.005568, -3.558173, -323.483858
25.015318, -3.555623, -323.252033
25.019394, -3.558173, -323.483858
25.022529, -3.555623, -323.252033
25.025281, -3.558173, -323.483858
25.027944, -3.555623, -323.252033
25.030290, -3.558173, -323.483858
25.033882, -3.558173, -323.483858
25.037494, -3.558173, -323.483858
25.040584, -3.558173, -323.483858
25.044958, -3.558173, -323.483858
25.047769, -3.558173, -323.483858
25.053147, -3.555623, -323.252033
25.071698, -3.558173, -323.483858
25.096368, -3.558173, -323.483858
25.121217, -3.558173, -323.483858
25.136221, -3.558173, -323.483858
25.141175, -3.558173, -323.483858
25.145072, -3.558173, -323.483858
25.147698, -3.558173, -323.483858
25.150210, -3.558173, -323.483858
25.153053, -3.558173, -323.483858
25.156818, -3.555623, -323.252033
25.163730, -3.558173, -323.483858
25.176826, -3.558173, -323.483858
25.185282, -3.555623, -323.252033
25.207322, -3.558173, -323.483858
25.213665, -3.558173, -323.483858
25.216980, -3.555623, -323.252033
25.219515, -3.558173, -323.483858
25.223137, -3.558173, -323.483858
25.226796, -3.558173, -323.483858
25.230100, -3.558173, -323.483858
25.233232, -3.558173, -323.483858
25.236283, -3.558173, -323.483858
25.239334, -3.558173, -323.483858
25.242648, -3.555623, -323.252033
25.245054, -3.555623, -323.252033
25.247563, -3.558173, -323.483858
25.250438, -3.558173, -323.483858
25.253519, -3.558173, -323.483858
25.256724, -3.558173, -323.483858
25.259939, -3.558173, -323.483858
25.263064, -3.558173, -323.483858
25.266098, -3.558173, -323.483858
25.269258, -3.558173, -323.483858
25.272527, -3.558173, -323.483858
25.276282, -3.558173, -323.483858
25.281820, -3.558173, -323.483858
25.286095, -3.555623, -323.252033
25.288989, -3.555623, -323.252033
25.291260, -3.558173, -323.483858
25.294271, -3.558173, -323.483858
25.297627, -3.558173, -323.483858
25.301074, -3.558173, -323.483858
25.305142, -3.558173, -323.483858
25.309704, -3.558173, -323.483858
25.314296, -3.558173, -323.483858
25.318355, -3.558173, -323.483858
25.322460, -3.558173, -323.483858
25.326437, -3.558173, -323.483858
25.330248, -3.558173, -323.483858
25.332750, -3.555623, -323.252033
25.338165, -3.558173, -323.483858
25.341448, -3.555623, -323.252033
25.344714, -3.558173, -323.483858
25.347287, -3.558173, -323.483858
25.352465, -3.558173, -323.483858
25.356611, -3.558173, -323.483858
25.359655, -3.558173, -323.483858
25.363953, -3.558173, -323.483858
25.366007, -3.558173, -323.483858
25.368554, -3.555623, -323.252033
25.371529, -3.558173, -323.483858
25.374922, -3.555623, -323.252033
25.378235, -3.555623, -323.252033
25.381333, -3.555623, -323.252033
25.383404, -3.558173, -323.483858
25.386303, -3.558173, -323.483858
25.389873, -3.558173, -323.483858
25.393546, -3.558173, -323.483858
25.397030, -3.558173, -323.483858
25.400413, -3.558173, -323.483858
25.403744, -3.558173, -323.483858
25.406983, -3.558173, -323.483858
25.410133, -3.558173, -323.483858
25.413253, -3.558173, -323.483858
25.416270, -3.558173, -323.483858
25.419302, -3.558173, -323.483858
25.423068, -3.558173, -323.483858
25.429264, -3.558173, -323.483858
25.432294, -3.558173, -323.483858
25.435297, -3.558173, -323.483858
25.437773, -3.558173, -323.483858
25.440766, -3.558173, -323.483858
25.446230, -3.558173, -323.483858
25.456351, -3.558173, -323.483858
25.459340, -3.558173, -323.483858
25.467931, -3.558173, -323.483858
25.475078, -3.558173, -323.483858
25.482465, -3.558173, -323.483858
25.486776, -3.558173, -323.483858
25.493375, -3.558173, -323.483858
25.499869, -3.558173, -323.483858
25.507606, -3.560723, -323.715682
25.514136, -3.558173, -323.483858
25.520126, -3.558173, -323.483858
25.527402, -3.558173, -323.483858
25.543671, -3.558173, -323.483858
25.566447, -3.558173, -323.483858
25.571794, -3.558173, -323.483858
25.575178, -3.558173, -323.483858
25.578062, -3.558173, -323.483858
25.581084, -3.555623, -323.252033
25.584274, -3.558173, -323.483858
25.588217, -3.558173, -323.483858
25.597926, -3.558173, -323.483858
25.610191, -3.558173, -323.483858
25.621848, -3.558173, -323.483858
25.644317, -3.558173, -323.483858
25.665712, -3.558173, -323.483858
25.687345, -3.558173, -323.483858
25.692642, -3.558173, -323.483858
25.696037, -3.558173, -323.483858
25.698847, -3.558173, -323.483858
25.701839, -3.560723, -323.715682
25.704931, -3.558173, -323.483858
25.709080, -3.558173, -323.483858
25.713685, -3.560723, -323.715682
25.719013, -3.558173, -323.483858
25.723623, -3.558173, -323.483858
25.728522, -3.558173, -323.483858
25.733416, -3.558173, -323.483858
25.737765, -3.558173, -323.483858
25.742025, -3.558173, -323.483858
25.745986, -3.558173, -323.483858
25.754738, -3.558173, -323.483858
25.773361, -3.558173, -323.483858
25.797738, -3.558173, -323.483858
25.810099, -3.558173, -323.483858
25.814832, -3.558173, -323.483858
25.817842, -3.558173, -323.483858
25.820958, -3.558173, -323.483858
25.824972, -3.558173, -323.483858
25.827615, -3.558173, -323.483858
25.830687, -3.558173, -323.483858
25.834273, -3.558173, -323.483858
25.837155, -3.558173, -323.483858
25.841077, -3.558173, -323.483858
25.848759, -3.558173, -323.483858
25.853416, -3.558173, -323.483858
25.870651, -3.558173, -323.483858
25.877408, -3.558173, -323.483858
25.882219, -3.558173, -323.483858
25.885198, -3.558173, -323.483858
25.888295, -3.555623, -323.252033
25.894627, -3.558173, -323.483858
25.900898, -3.558173, -323.483858
25.912676, -3.558173, -323.483858
25.919341, -3.558173, -323.483858
25.943360, -3.558173, -323.483858
25.981127, -3.558173, -323.483858
26.009043, -3.558173, -323.483858
26.034589, -3.558173, -323.483858
26.056076, -3.558173, -323.483858
26.061526, -3.558173, -323.483858
26.066101, -3.558173, -323.483858
26.069796, -3.558173, -323.483858
26.079972, -3.558173, -323.483858
26.098298, -3.558173, -323.483858
26.112959, -3.558173, -323.483858
26.146862, -3.558173, -323.483858
26.170078, -3.558173, -323.483858
26.195886, -3.558173, -323.483858
26.216991, -3.558173, -323.483858
26.223579, -3.558173, -323.483858
26.227680, -3.558173, -323.483858
26.230933, -3.558173, -323.483858
26.235305, -3.558173, -323.483858
26.249359, -3.555623, -323.252033
26.270058, -3.555623, -323.252033
26.298453, -3.555623, -323.252033
26.322550, -3.558173, -323.483858
26.345868, -3.558173, -323.483858
26.369729, -3.558173, -323.483858
26.376555, -3.558173, -323.483858
26.380521, -3.558173, -323.483858
26.384003, -3.558173, -323.483858
26.388425, -3.555623, -323.252033
26.410035, -3.558173, -323.483858
26.435740, -3.558173, -323.483858
26.461060, -3.558173, -323.483858
26.486309, -3.558173, -323.483858
26.509590, -3.558173, -323.483858
26.531274, -3.558173, -323.483858
26.537331, -3.558173, -323.483858
26.541096, -3.558173, -323.483858
26.544124, -3.558173, -323.483858
26.547553, -3.558173, -323.483858
26.552234, -3.558173, -323.483858
26.561036, -3.558173, -323.483858
26.572035, -3.558173, -323.483858
26.578932, -3.558173, -323.483858
26.581737, -3.558173, -323.483858
26.584943, -3.558173, -323.483858
26.588154, -3.555623, -323.252033
26.593006, -3.555623, -323.252033
26.597173, -3.558173, -323.483858
26.604323, -3.558173, -323.483858
26.607616, -3.558173, -323.483858
26.610747, -3.558173, -323.483858
26.614306, -3.555623, -323.252033
26.617882, -3.558173, -323.483858
26.621589, -3.558173, -323.483858
26.625754, -3.558173, -323.483858
26.629871, -3.558173, -323.483858
26.634018, -3.558173, -323.483858
26.638127, -3.555623, -323.252033
26.643194, -3.558173, -323.483858
26.646710, -3.555623, -323.252033
26.652489, -3.558173, -323.483858
26.658885, -3.558173, -323.483858
26.675721, -3.558173, -323.483858
26.703735, -3.558173, -323.483858
26.723210, -3.558173, -323.483858
26.728002, -3.555623, -323.252033
26.731362, -3.555623, -323.252033
26.734102, -3.555623, -323.252033
26.736428, -3.555623, -323.252033
26.738733, -3.558173, -323.483858
26.741406, -3.558173, -323.483858
26.744020, -3.555623, -323.252033
26.746775, -3.555623, -323.252033
26.749823, -3.558173, -323.483858
26.752153, -3.558173, -323.483858
26.754757, -3.558173, -323.483858
26.758649, -3.558173, -323.483858
26.761776, -3.558173, -323.483858
26.764637, -3.558173, -323.483858
26.767471, -3.558173, -323.483858
26.770426, -3.558173, -323.483858
26.773811, -3.558173, -323.483858
26.777362, -3.558173, -323.483858
26.780800, -3.558173, -323.483858
26.784295, -3.558173, -323.483858
26.787736, -3.558173, -323.483858
26.791416, -3.558173, -323.483858
26.794866, -3.558173, -323.483858
26.798072, -3.558173, -323.483858
26.801551, -3.555623, -323.252033
26.804224, -3.558173, -323.483858
26.807680, -3.558173, -323.483858
26.815218, -3.558173, -323.483858
26.820702, -3.555623, -323.252033
26.823169, -3.558173, -323.483858
26.825952, -3.555623, -323.252033
26.828866, -3.555623, -323.252033
26.832479, -3.558173, -323.483858
26.836881, -3.555623, -323.252033
26.841882, -3.555623, -323.252033
26.845819, -3.555623, -323.252033
26.848697, -3.558173, -323.483858
26.851380, -3.558173, -323.483858
26.854208, -3.555623, -323.252033
26.857319, -3.558173, -323.483858
26.860670, -3.555623, -323.252033
26.864010, -3.555623, -323.252033
26.867540, -3.558173, -323.483858
26.871130, -3.555623, -323.252033
26.874881, -3.558173, -323.483858
26.878663, -3.555623, -323.252033
26.882399, -3.558173, -323.483858
26.885355, -3.558173, -323.483858
26.890239, -3.558173, -323.483858
26.894743, -3.558173, -323.483858
26.898834, -3.558173, -323.483858
26.903069, -3.558173, -323.483858
26.907075, -3.555623, -323.252033
26.909813, -3.555623, -323.252033
26.914738, -3.558173, -323.483858
26.919121, -3.558173, -323.483858
26.926411, -3.558173, -323.483858
26.930833, -3.555623, -323.252033
26.936452, -3.558173, -323.483858
26.953163, -3.555623, -323.252033
26.960452, -3.555623, -323.252033
26.964325, -3.555623, -323.252033
26.966855, -3.558173, -323.483858
26.969590, -3.558173, -323.483858
26.974944, -3.555623, -323.252033
27.217688, -3.555623, -323.252033
27.221611, -3.555623, -323.252033
27.224653, -3.555623, -323.252033
27.227238, -3.555623, -323.252033
27.230386, -3.555623, -323.252033
27.233921, -3.555623, -323.252033
27.240062, -3.555623, -323.252033
27.245853, -3.555623, -323.252033
27.254805, -3.555623, -323.252033
27.285183, -3.558173, -323.483858
27.310530, -3.558173, -323.483858
27.316907, -3.555623, -323.252033
27.320912, -3.555623, -323.252033
27.324078, -3.555623, -323.252033
27.326863, -3.555623, -323.252033
27.329585, -3.555623, -323.252033
27.332435, -3.555623, -323.252033
27.335325, -3.555623, -323.252033
27.338506, -3.558173, -323.483858
27.342012, -3.558173, -323.483858
27.346279, -3.558173, -323.483858
27.360326, -3.558173, -323.483858
27.381857, -3.555623, -323.252033
27.403464, -3.555623, -323.252033
27.416973, -3.558173, -323.483858
27.421827, -3.558173, -323.483858
27.425240, -3.558173, -323.483858
27.428014, -3.555623, -323.252033
27.430755, -3.555623, -323.252033
27.433789, -3.558173, -323.483858
27.438424, -3.558173, -323.483858
27.447965, -3.558173, -323.483858
27.455996, -3.558173, -323.483858
27.462217, -3.558173, -323.483858
27.467527, -3.558173, -323.483858
27.472981, -3.555623, -323.252033
27.478510, -3.558173, -323.483858
27.484286, -3.558173, -323.483858
27.489451, -3.558173, -323.483858
27.494965, -3.558173, -323.483858
27.499997, -3.558173, -323.483858
27.504320, -3.558173, -323.483858
27.508659, -3.555623, -323.252033
27.510722, -3.558173, -323.483858
27.514921, -3.558173, -323.483858
27.521209, -3.558173, -323.483858
27.528914, -3.558173, -323.483858
27.536118, -3.558173, -323.483858
27.538171, -3.558173, -323.483858
27.542249, -3.555623, -323.252033
27.546225, -3.558173, -323.483858
27.548724, -3.558173, -323.483858
27.551434, -3.555623, -323.252033
27.553711, -3.555623, -323.252033
27.556187, -3.555623, -323.252033
27.559251, -3.555623, -323.252033
27.561795, -3.558173, -323.483858
27.564519, -3.558173, -323.483858
27.567714, -3.558173, -323.483858
27.570056, -3.558173, -323.483858
27.574447, -3.558173, -323.483858
27.578802, -3.558173, -323.483858
27.582725, -3.555623, -323.252033
27.586772, -3.558173, -323.483858
27.591128, -3.555623, -323.252033
27.594966, -3.558173, -323.483858
27.598613, -3.558173, -323.483858
27.601117, -3.558173, -323.483858
27.603824, -3.558173, -323.483858
27.609418, -3.558173, -323.483858
27.613008, -3.558173, -323.483858
27.616476, -3.558173, -323.483858
27.620152, -3.558173, -323.483858
27.623767, -3.558173, -323.483858
27.627560, -3.558173, -323.483858
27.631372, -3.558173, -323.483858
27.635326, -3.558173, -323.483858
27.639069, -3.558173, -323.483858
27.643222, -3.558173, -323.483858
27.646818, -3.558173, -323.483858
27.650422, -3.558173, -323.483858
27.654055, -3.558173, -323.483858
27.657868, -3.558173, -323.483858
27.660895, -3.558173, -323.483858
27.664422, -3.558173, -323.483858
27.668326, -3.558173, -323.483858
27.672431, -3.558173, -323.483858
27.677031, -3.555623, -323.252033
27.682611, -3.555623, -323.252033
27.687274, -3.558173, -323.483858
27.691372, -3.558173, -323.483858
27.695837, -3.558173, -323.483858
27.699711, -3.558173, -323.483858
27.703391, -3.558173, -323.483858
27.706935, -3.558173, -323.483858
27.710349, -3.558173, -323.483858
27.714822, -3.560723, -323.715682
27.717611, -3.558173, -323.483858
27.720119, -3.558173, -323.483858
27.723155, -3.558173, -323.483858
27.726994, -3.558173, -323.483858
27.730210, -3.558173, -323.483858
27.732844, -3.558173, -323.483858
27.736494, -3.558173, -323.483858
27.741104, -3.558173, -323.483858
27.744117, -3.558173, -323.483858
27.749471, -3.560723, -323.715682
27.754630, -3.558173, -323.483858
27.759858, -3.558173, -323.483858
27.763763, -3.558173, -323.483858
27.767687, -3.558173, -323.483858
27.772134, -3.558173, -323.483858
27.777400, -3.558173, -323.483858
27.781123, -3.558173, -323.483858
27.783965, -3.558173, -323.483858
27.786612, -3.558173, -323.483858
27.790032, -3.558173, -323.483858
27.794565, -3.558173, -323.483858
27.797671, -3.558173, -323.483858
27.800289, -3.558173, -323.483858
27.803126, -3.558173, -323.483858
27.806287, -3.558173, -323.483858
27.809896, -3.558173, -323.483858
27.813520, -3.558173, -323.483858
27.817006, -3.558173, -323.483858
27.820610, -3.558173, -323.483858
27.823822, -3.558173, -323.483858
27.827188, -3.558173, -323.483858
27.830752, -3.555623, -323.252033
27.834368, -3.558173, -323.483858
27.837895, -3.558173, -323.483858
27.841078, -3.558173, -323.483858
27.845284, -3.558173, -323.483858
27.848799, -3.558173, -323.483858
27.852124, -3.558173, -323.483858
27.854995, -3.558173, -323.483858
27.859162, -3.555623, -323.252033
27.862963, -3.555623, -323.252033
27.866560, -3.558173, -323.483858
27.869067, -3.558173, -323.483858
27.872088, -3.558173, -323.483858
27.877904, -3.558173, -323.483858
27.882124, -3.558173, -323.483858
27.887182, -3.558173, -323.483858
27.892712, -3.558173, -323.483858
27.895222, -3.558173, -323.483858
27.897733, -3.558173, -323.483858
27.901041, -3.558173, -323.483858
27.905374, -3.558173, -323.483858
27.911227, -3.558173, -323.483858
27.915046, -3.558173, -323.483858
27.918523, -3.558173, -323.483858
27.923527, -3.558173, -323.483858
27.928484, -3.558173, -323.483858
27.934236, -3.558173, -323.483858
27.938973, -3.558173, -323.483858
27.944117, -3.558173, -323.483858
27.947198, -3.558173, -323.483858
27.950198, -3.558173, -323.483858
27.954383, -3.558173, -323.483858
27.958553, -3.558173, -323.483858
27.962251, -3.558173, -323.483858
27.965340, -3.558173, -323.483858
27.968482, -3.558173, -323.483858
27.972752, -3.558173, -323.483858
27.980974, -3.558173, -323.483858
27.988453, -3.558173, -323.483858
27.992688, -3.555623, -323.252033
27.995380, -3.555623, -323.252033
27.998927, -3.558173, -323.483858
28.003728, -3.558173, -323.483858
28.009325, -3.558173, -323.483858
28.016056, -3.558173, -323.483858
28.028964, -3.558173, -323.483858
28.051458, -3.558173, -323.483858
28.066971, -3.558173, -323.483858
28.072651, -3.558173, -323.483858
28.076212, -3.558173, -323.483858
28.078714, -3.558173, -323.483858
28.081208, -3.558173, -323.483858
28.084104, -3.558173, -323.483858
28.089873, -3.558173, -323.483858
28.095401, -3.560723, -323.715682
28.100909, -3.558173, -323.483858
28.105877, -3.558173, -323.483858
28.109042, -3.558173, -323.483858
28.113430, -3.558173, -323.483858
28.116839, -3.558173, -323.483858
28.119675, -3.558173, -323.483858
28.123446, -3.558173, -323.483858
28.129370, -3.558173, -323.483858
28.134811, -3.558173, -323.483858
28.139822, -3.558173, -323.483858
28.142827, -3.558173, -323.483858
28.145862, -3.558173, -323.483858
28.148967, -3.558173, -323.483858
28.152107, -3.558173, -323.483858
28.154683, -3.558173, -323.483858
28.157203, -3.558173, -323.483858
28.160899, -3.558173, -323.483858
28.163673, -3.558173, -323.483858
28.166621, -3.558173, -323.483858
28.169569, -3.558173, -323.483858
28.173509, -3.558173, -323.483858
28.177119, -3.558173, -323.483858
28.180387, -3.558173, -323.483858
28.183202, -3.558173, -323.483858
28.186008, -3.555623, -323.252033
28.188821, -3.555623, -323.252033
28.192615, -3.558173, -323.483858
28.195887, -3.558173, -323.483858
28.200422, -3.558173, -323.483858
28.203439, -3.558173, -323.483858
28.208101, -3.558173, -323.483858
28.211427, -3.558173, -323.483858
28.213954, -3.558173, -323.483858
28.216543, -3.558173, -323.483858
28.220120, -3.558173, -323.483858
28.223181, -3.558173, -323.483858
28.225889, -3.558173, -323.483858
28.228438, -3.560723, -323.715682
28.231539, -3.558173, -323.483858
28.235899, -3.558173, -323.483858
28.239101, -3.558173, -323.483858
28.242529, -3.558173, -323.483858
28.246432, -3.560723, -323.715682
28.249946, -3.558173, -323.483858
28.253269, -3.558173, -323.483858
28.256209, -3.558173, -323.483858
28.260559, -3.558173, -323.483858
28.265486, -3.558173, -323.483858
28.269913, -3.558173, -323.483858
28.274675, -3.558173, -323.483858
28.279089, -3.558173, -323.483858
28.283220, -3.558173, -323.483858
28.286379, -3.558173, -323.483858
28.289174, -3.558173, -323.483858
28.291770, -3.558173, -323.483858
28.294576, -3.558173, -323.483858
28.297528, -3.558173, -323.483858
28.300546, -3.558173, -323.483858
28.303636, -3.558173, -323.483858
28.307064, -3.558173, -323.483858
28.309250, -3.558173, -323.483858
28.311324, -3.558173, -323.483858
28.313699, -3.558173, -323.483858
28.316556, -3.558173, -323.483858
28.319121, -3.558173, -323.483858
28.321836, -3.560723, -323.715682
28.325604, -3.560723, -323.715682
28.328525, -3.558173, -323.483858
28.331439, -3.558173, -323.483858
28.334326, -3.558173, -323.483858
28.337350, -3.558173, -323.483858
28.341021, -3.558173, -323.483858
28.344600, -3.558173, -323.483858
28.348436, -3.558173, -323.483858
28.351952, -3.558173, -323.483858
28.355487, -3.560723, -323.715682
28.358362, -3.560723, -323.715682
28.360457, -3.560723, -323.715682
28.362837, -3.560723, -323.715682
28.365675, -3.558173, -323.483858
28.368956, -3.558173, -323.483858
28.372125, -3.558173, -323.483858
28.375338, -3.558173, -323.483858
28.377763, -3.558173, -323.483858
28.380641, -3.558173, -323.483858
28.383813, -3.558173, -323.483858
28.387148, -3.558173, -323.483858
28.390964, -3.558173, -323.483858
28.394266, -3.558173, -323.483858
28.398000, -3.560723, -323.715682
28.402214, -3.560723, -323.715682
28.405166, -3.558173, -323.483858
28.409576, -3.558173, -323.483858
28.413232, -3.558173, -323.483858
28.416703, -3.558173, -323.483858
28.420148, -3.555623, -323.252033
28.423175, -3.558173, -323.483858
28.425299, -3.558173, -323.483858
28.427805, -3.560723, -323.715682
28.430569, -3.558173, -323.483858
28.433463, -3.558173, -323.483858
28.435909, -3.558173, -323.483858
28.438256, -3.558173, -323.483858
28.442782, -3.558173, -323.483858
28.448921, -3.558173, -323.483858
28.452958, -3.560723, -323.715682
28.456061, -3.558173, -323.483858
28.458925, -3.558173, -323.483858
28.462992, -3.558173, -323.483858
28.466514, -3.560723, -323.715682
28.470021, -3.560723, -323.715682
28.473223, -3.558173, -323.483858
28.476931, -3.558173, -323.483858
28.480811, -3.560723, -323.715682
28.486513, -3.560723, -323.715682
28.491264, -3.560723, -323.715682
28.494207, -3.558173, -323.483858
28.497214, -3.558173, -323.483858
28.499684, -3.560723, -323.715682
28.502230, -3.558173, -323.483858
28.504989, -3.558173, -323.483858
28.508587, -3.560723, -323.715682
28.511046, -3.560723, -323.715682
28.513349, -3.558173, -323.483858
28.516250, -3.560723, -323.715682
28.519642, -3.560723, -323.715682
28.522345, -3.560723, -323.715682
28.525435, -3.558173, -323.483858
28.528640, -3.560723, -323.715682
28.531967, -3.558173, -323.483858
28.535544, -3.558173, -323.483858
28.539045, -3.558173, -323.483858
28.542473, -3.558173, -323.483858
28.544783, -3.558173, -323.483858
28.550462, -3.558173, -323.483858
28.554787, -3.558173, -323.483858
28.557335, -3.558173, -323.483858
28.560332, -3.558173, -323.483858
28.562983, -3.560723, -323.715682
28.565834, -3.558173, -323.483858
28.568691, -3.558173, -323.483858
28.571789, -3.558173, -323.483858
28.576129, -3.558173, -323.483858
28.580978, -3.558173, -323.483858
28.585283, -3.560723, -323.715682
28.587323, -3.558173, -323.483858
28.591024, -3.560723, -323.715682
28.595687, -3.560723, -323.715682
28.599929, -3.560723, -323.715682
28.603965, -3.560723, -323.715682
28.606405, -3.558173, -323.483858
28.609513, -3.558173, -323.483858
28.612479, -3.558173, -323.483858
28.615505, -3.558173, -323.483858
28.618603, -3.558173, -323.483858
28.622170, -3.558173, -323.483858
28.625774, -3.558173, -323.483858
28.629684, -3.560723, -323.715682
28.633565, -3.560723, -323.715682
28.637945, -3.558173, -323.483858
28.643641, -3.560723, -323.715682
28.649441, -3.558173, -323.483858
28.654520, -3.558173, -323.483858
28.659283, -3.558173, -323.483858
28.663277, -3.558173, -323.483858
28.667218, -3.558173, -323.483858
28.669216, -3.558173, -323.483858
28.671317, -3.558173, -323.483858
28.673637, -3.558173, -323.483858
28.676343, -3.558173, -323.483858
28.679205, -3.558173, -323.483858
28.682452, -3.558173, -323.483858
28.686743, -3.558173, -323.483858
28.690005, -3.558173, -323.483858
28.692599, -3.560723, -323.715682
28.695259, -3.558173, -323.483858
28.698163, -3.558173, -323.483858
28.701144, -3.560723, -323.715682
28.704234, -3.560723, -323.715682
28.707317, -3.558173, -323.483858
28.710439, -3.558173, -323.483858
28.713522, -3.558173, -323.483858
28.716659, -3.558173, -323.483858
28.719780, -3.560723, -323.715682
28.722871, -3.560723, -323.715682
28.725965, -3.560723, -323.715682
28.729051, -3.560723, -323.715682
28.732150, -3.558173, -323.483858
28.735665, -3.558173, -323.483858
28.739214, -3.558173, -323.483858
28.742637, -3.558173, -323.483858
28.746110, -3.560723, -323.715682
28.749421, -3.558173, -323.483858
28.753071, -3.558173, -323.483858
28.757572, -3.558173, -323.483858
28.760458, -3.558173, -323.483858
28.763119, -3.558173, -323.483858
28.765818, -3.560723, -323.715682
28.770202, -3.558173, -323.483858
28.774415, -3.558173, -323.483858
28.778019, -3.558173, -323.483858
28.781248, -3.558173, -323.483858
28.784299, -3.558173, -323.483858
28.787769, -3.558173, -323.483858
28.791732, -3.558173, -323.483858
28.795392, -3.558173, -323.483858
28.799169, -3.558173, -323.483858
28.802862, -3.558173, -323.483858
28.808695, -3.560723, -323.715682
28.813292, -3.558173, -323.483858
28.817697, -3.558173, -323.483858
28.821962, -3.558173, -323.483858
28.826857, -3.558173, -323.483858
28.831744, -3.558173, -323.483858
28.836373, -3.558173, -323.483858
28.840838, -3.555623, -323.252033
28.845359, -3.558173, -323.483858
28.850162, -3.558173, -323.483858
28.854227, -3.558173, -323.483858
28.858131, -3.558173, -323.483858
28.860565, -3.558173, -323.483858
28.864425, -3.560723, -323.715682
28.867459, -3.560723, -323.715682
28.870143, -3.560723, -323.715682
28.872945, -3.560723, -323.715682
28.875979, -3.558173, -323.483858
28.879180, -3.560723, -323.715682
28.882529, -3.560723, -323.715682
28.885945, -3.558173, -323.483858
28.889461, -3.558173, -323.483858
28.892973, -3.558173, -323.483858
28.896313, -3.558173, -323.483858
28.899617, -3.558173, -323.483858
28.903250, -3.558173, -323.483858
28.907434, -3.560723, -323.715682
28.912040, -3.558173, -323.483858
28.917064, -3.558173, -323.483858
28.920369, -3.558173, -323.483858
28.924567, -3.558173, -323.483858
28.928812, -3.558173, -323.483858
28.933270, -3.558173, -323.483858
28.938016, -3.558173, -323.483858
28.943246, -3.558173, -323.483858
28.948470, -3.558173, -323.483858
28.953845, -3.558173, -323.483858
28.959276, -3.560723, -323.715682
28.964429, -3.558173, -323.483858
28.969335, -3.558173, -323.483858
28.971805, -3.558173, -323.483858
28.974882, -3.558173, -323.483858
28.977744, -3.558173, -323.483858
28.980942, -3.558173, -323.483858
28.983638, -3.558173, -323.483858
28.987058, -3.558173, -323.483858
28.991119, -3.558173, -323.483858
28.997983, -3.558173, -323.483858
29.004838, -3.558173, -323.483858
29.009698, -3.558173, -323.483858
29.014088, -3.558173, -323.483858
29.018338, -3.558173, -323.483858
29.022785, -3.558173, -323.483858
29.025634, -3.560723, -323.715682
29.028543, -3.560723, -323.715682
29.033655, -3.560723, -323.715682
29.038671, -3.560723, -323.715682
29.043749, -3.558173, -323.483858
29.049003, -3.558173, -323.483858
29.054271, -3.558173, -323.483858
29.059473, -3.558173, -323.483858
29.064553, -3.558173, -323.483858
29.067919, -3.558173, -323.483858
29.072563, -3.558173, -323.483858
29.076324, -3.558173, -323.483858
29.079689, -3.558173, -323.483858
29.082552, -3.558173, -323.483858
29.084727, -3.558173, -323.483858
29.087374, -3.558173, -323.483858
29.091801, -3.558173, -323.483858
29.095468, -3.558173, -323.483858
29.098993, -3.558173, -323.483858
29.102679, -3.558173, -323.483858
29.106673, -3.558173, -323.483858
29.109152, -3.558173, -323.483858
29.112341, -3.558173, -323.483858
29.115869, -3.558173, -323.483858
29.120195, -3.558173, -323.483858
29.124415, -3.558173, -323.483858
29.128789, -3.558173, -323.483858
29.132820, -3.558173, -323.483858
29.137359, -3.558173, -323.483858
29.141243, -3.558173, -323.483858
29.145004, -3.560723, -323.715682
29.148591, -3.558173, -323.483858
29.152086, -3.558173, -323.483858
29.155343, -3.558173, -323.483858
29.159040, -3.558173, -323.483858
29.163708, -3.558173, -323.483858
29.167063, -3.558173, -323.483858
29.170033, -3.558173, -323.483858
29.174929, -3.558173, -323.483858
29.178184, -3.558173, -323.483858
29.181334, -3.558173, -323.483858
29.184625, -3.558173, -323.483858
29.188128, -3.558173, -323.483858
29.192391, -3.558173, -323.483858
29.196074, -3.558173, -323.483858
29.200533, -3.558173, -323.483858
29.206073, -3.558173, -323.483858
29.210131, -3.558173, -323.483858
29.213133, -3.560723, -323.715682
29.216973, -3.558173, -323.483858
29.220496, -3.558173, -323.483858
29.224496, -3.558173, -323.483858
29.229321, -3.558173, -323.483858
29.231782, -3.558173, -323.483858
29.236039, -3.558173, -323.483858
29.240092, -3.558173, -323.483858
29.243741, -3.558173, -323.483858
29.246555, -3.555623, -323.252033
29.249526, -3.558173, -323.483858
29.252212, -3.558173, -323.483858
29.257329, -3.558173, -323.483858
29.259902, -3.558173, -323.483858
29.263302, -3.558173, -323.483858
29.266972, -3.558173, -323.483858
29.270516, -3.558173, -323.483858
29.274075, -3.558173, -323.483858
29.279145, -3.558173, -323.483858
29.281729, -3.558173, -323.483858
29.284456, -3.558173, -323.483858
29.289779, -3.558173, -323.483858
29.293420, -3.558173, -323.483858
29.296758, -3.558173, -323.483858
29.300098, -3.558173, -323.483858
29.306242, -3.558173, -323.483858
29.310602, -3.558173, -323.483858
29.314603, -3.560723, -323.715682
29.317620, -3.558173, -323.483858
29.320447, -3.560723, -323.715682
29.323959, -3.558173, -323.483858
29.328889, -3.558173, -323.483858
29.333637, -3.560723, -323.715682
29.337594, -3.560723, -323.715682
29.340799, -3.558173, -323.483858
29.344667, -3.558173, -323.483858
29.348467, -3.558173, -323.483858
29.352429, -3.558173, -323.483858
29.356508, -3.558173, -323.483858
29.359790, -3.558173, -323.483858
29.363604, -3.558173, -323.483858
29.366664, -3.560723, -323.715682
29.369443, -3.560723, -323.715682
29.372418, -3.560723, -323.715682
29.376020, -3.560723, -323.715682
29.379904, -3.558173, -323.483858
29.384154, -3.558173, -323.483858
29.389173, -3.558173, -323.483858
29.394167, -3.558173, -323.483858
29.397460, -3.560723, -323.715682
29.399996, -3.558173, -323.483858
29.402454, -3.558173, -323.483858
29.405422, -3.558173, -323.483858
29.409343, -3.558173, -323.483858
29.414312, -3.560723, -323.715682
29.418074, -3.558173, -323.483858
29.422634, -3.558173, -323.483858
29.425355, -3.558173, -323.483858
29.431567, -3.558173, -323.483858
29.435911, -3.560723, -323.715682
29.440373, -3.560723, -323.715682
29.444992, -3.558173, -323.483858
29.448896, -3.560723, -323.715682
29.452573, -3.560723, -323.715682
29.455372, -3.560723, -323.715682
29.458869, -3.560723, -323.715682
29.462414, -3.560723, -323.715682
29.466405, -3.560723, -323.715682
29.470036, -3.558173, -323.483858
29.473556, -3.560723, -323.715682
29.478744, -3.560723, -323.715682
29.481512, -3.560723, -323.715682
29.484581, -3.560723, -323.715682
29.488052, -3.560723, -323.715682
29.490955, -3.560723, -323.715682
29.494409, -3.560723, -323.715682
29.497109, -3.560723, -323.715682
29.499982, -3.560723, -323.715682
29.503750, -3.560723, -323.715682
29.508032, -3.558173, -323.483858
29.512257, -3.560723, -323.715682
29.515665, -3.560723, -323.715682
29.518058, -3.558173, -323.483858
29.520613, -3.558173, -323.483858
29.523189, -3.560723, -323.715682
29.525551, -3.558173, -323.483858
29.528088, -3.558173, -323.483858
29.532906, -3.560723, -323.715682
29.536940, -3.558173, -323.483858
29.542196, -3.560723, -323.715682
29.546086, -3.560723, -323.715682
29.549992, -3.558173, -323.483858
29.553886, -3.560723, -323.715682
29.556850, -3.558173, -323.483858
29.560990, -3.558173, -323.483858
29.567552, -3.560723, -323.715682
29.572254, -3.560723, -323.715682
29.575563, -3.560723, -323.715682
29.578662, -3.560723, -323.715682
29.581464, -3.560723, -323.715682
29.584328, -3.560723, -323.715682
29.587538, -3.560723, -323.715682
29.591263, -3.560723, -323.715682
29.594246, -3.560723, -323.715682
29.596850, -3.560723, -323.715682
29.599564, -3.560723, -323.715682
29.602491, -3.560723, -323.715682
29.605780, -3.563273, -323.947507
29.610269, -3.560723, -323.715682
29.614104, -3.560723, -323.715682
29.617757, -3.560723, -323.715682
29.621374, -3.560723, -323.715682
29.625410, -3.560723, -323.715682
29.629140, -3.560723, -323.715682
29.632791, -3.560723, -323.715682
29.636602, -3.560723, -323.715682
29.640500, -3.560723, -323.715682
29.642725, -3.558173, -323.483858
29.644853, -3.560723, -323.715682
29.647362, -3.560723, -323.715682
29.650068, -3.560723, -323.715682
29.652885, -3.560723, -323.715682
29.656675, -3.560723, -323.715682
29.660914, -3.560723, -323.715682
29.665235, -3.560723, -323.715682
29.669459, -3.560723, -323.715682
29.672764, -3.560723, -323.715682
29.674878, -3.560723, -323.715682
29.678925, -3.560723, -323.715682
29.683809, -3.560723, -323.715682
29.687092, -3.560723, -323.715682
29.690621, -3.560723, -323.715682
29.693607, -3.560723, -323.715682
29.696301, -3.560723, -323.715682
29.699035, -3.560723, -323.715682
29.701886, -3.558173, -323.483858
29.704805, -3.560723, -323.715682
29.708329, -3.560723, -323.715682
29.711783, -3.560723, -323.715682
29.715000, -3.560723, -323.715682
29.718713, -3.560723, -323.715682
29.722537, -3.560723, -323.715682
29.727583, -3.560723, -323.715682
29.733594, -3.560723, -323.715682
29.738599, -3.560723, -323.715682
29.742145, -3.560723, -323.715682
29.745538, -3.560723, -323.715682
29.747925, -3.560723, -323.715682
29.750262, -3.563273, -323.947507
29.752697, -3.563273, -323.947507
29.755795, -3.560723, -323.715682
29.759930, -3.560723, -323.715682
29.764682, -3.563273, -323.947507
29.769134, -3.560723, -323.715682
29.773246, -3.560723, -323.715682
29.775593, -3.560723, -323.715682
29.779397, -3.560723, -323.715682
29.784727, -3.560723, -323.715682
29.789478, -3.560723, -323.715682
29.794131, -3.560723, -323.715682
29.798347, -3.560723, -323.715682
29.802544, -3.560723, -323.715682
29.806406, -3.560723, -323.715682
29.810242, -3.560723, -323.715682
29.813920, -3.560723, -323.715682
29.817424, -3.560723, -323.715682
29.820988, -3.563273, -323.947507
29.824485, -3.560723, -323.715682
29.828108, -3.560723, -323.715682
29.831747, -3.560723, -323.715682
29.835561, -3.560723, -323.715682
29.838544, -3.560723, -323.715682
29.840889, -3.560723, -323.715682
29.843404, -3.560723, -323.715682
29.846205, -3.560723, -323.715682
29.849189, -3.563273, -323.947507
29.852283, -3.560723, -323.715682
29.855497, -3.560723, -323.715682
29.859807, -3.563273, -323.947507
29.865712, -3.563273, -323.947507
29.868747, -3.560723, -323.715682
29.870798, -3.560723, -323.715682
29.873405, -3.563273, -323.947507
29.876082, -3.563273, -323.947507
29.878822, -3.560723, -323.715682
29.881684, -3.563273, -323.947507
29.884504, -3.563273, -323.947507
29.887495, -3.563273, -323.947507
29.890266, -3.563273, -323.947507
29.892820, -3.560723, -323.715682
29.895992, -3.563273, -323.947507
29.899584, -3.563273, -323.947507
29.903996, -3.560723, -323.715682
29.907753, -3.563273, -323.947507
29.910072, -3.560723, -323.715682
29.912910, -3.560723, -323.715682
29.915360, -3.560723, -323.715682
29.918194, -3.560723, -323.715682
29.921395, -3.560723, -323.715682
29.925778, -3.560723, -323.715682
29.929144, -3.560723, -323.715682
29.932368, -3.560723, -323.715682
29.937241, -3.560723, -323.715682
29.941297, -3.560723, -323.715682
29.944587, -3.560723, -323.715682
29.947469, -3.560723, -323.715682
29.950750, -3.560723, -323.715682
29.954373, -3.560723, -323.715682
29.959957, -3.563273, -323.947507
29.966144, -3.563273, -323.947507
29.969748, -3.560723, -323.715682
29.973576, -3.560723, -323.715682
29.976667, -3.560723, -323.715682
29.979080, -3.563273, -323.947507
29.982605, -3.563273, -323.947507
29.988840, -3.560723, -323.715682
29.992505, -3.560723, -323.715682
29.994831, -3.560723, -323.715682
29.997836, -3.560723, -323.715682
30.001720, -3.560723, -323.715682
30.004839, -3.563273, -323.947507
30.007549, -3.563273, -323.947507
30.010782, -3.563273, -323.947507
30.014148, -3.563273, -323.947507
30.017507, -3.563273, -323.947507
30.021140, -3.563273, -323.947507
30.024220, -3.563273, -323.947507
30.026502, -3.563273, -323.947507
30.029013, -3.563273, -323.947507
30.031930, -3.563273, -323.947507
30.035009, -3.563273, -323.947507
30.038277, -3.560723, -323.715682
30.041864, -3.560723, -323.715682
30.045342, -3.563273, -323.947507
30.048787, -3.563273, -323.947507
30.052782, -3.560723, -323.715682
30.057892, -3.560723, -323.715682
30.061619, -3.563273, -323.947507
30.065353, -3.560723, -323.715682
30.068131, -3.563273, -323.947507
30.071512, -3.563273, -323.947507
30.074872, -3.563273, -323.947507
30.078513, -3.560723, -323.715682
30.083700, -3.560723, -323.715682
30.089053, -3.560723, -323.715682
30.091989, -3.560723, -323.715682
30.095021, -3.560723, -323.715682
30.097781, -3.560723, -323.715682
30.100675, -3.560723, -323.715682
30.104168, -3.560723, -323.715682
30.109940, -3.560723, -323.715682
30.115625, -3.560723, -323.715682
30.117794, -3.563273, -323.947507
30.120796, -3.563273, -323.947507
30.125899, -3.563273, -323.947507
30.131249, -3.563273, -323.947507
30.136054, -3.560723, -323.715682
30.140858, -3.560723, -323.715682
30.144769, -3.560723, -323.715682
30.148000, -3.563273, -323.947507
30.151796, -3.563273, -323.947507
30.155949, -3.563273, -323.947507
30.159455, -3.563273, -323.947507
30.165057, -3.563273, -323.947507
30.170201, -3.563273, -323.947507
30.174268, -3.563273, -323.947507
30.177656, -3.563273, -323.947507
30.181109, -3.563273, -323.947507
30.184978, -3.563273, -323.947507
30.190305, -3.563273, -323.947507
30.197791, -3.563273, -323.947507
30.204598, -3.560723, -323.715682
30.211458, -3.563273, -323.947507
30.217950, -3.560723, -323.715682
30.220886, -3.560723, -323.715682
30.226752, -3.560723, -323.715682
30.231420, -3.563273, -323.947507
30.236097, -3.563273, -323.947507
30.241151, -3.563273, -323.947507
30.246497, -3.560723, -323.715682
30.252188, -3.560723, -323.715682
30.256901, -3.563273, -323.947507
30.260623, -3.560723, -323.715682
30.264561, -3.563273, -323.947507
30.269958, -3.563273, -323.947507
30.278415, -3.563273, -323.947507
30.284033, -3.560723, -323.715682
30.290190, -3.563273, -323.947507
30.294196, -3.563273, -323.947507
30.298400, -3.563273, -323.947507
30.302631, -3.563273, -323.947507
30.307297, -3.563273, -323.947507
30.311001, -3.563273, -323.947507
30.314711, -3.563273, -323.947507
30.318445, -3.563273, -323.947507
30.322087, -3.563273, -323.947507
30.325778, -3.563273, -323.947507
30.330620, -3.563273, -323.947507
30.335324, -3.563273, -323.947507
30.343376, -3.563273, -323.947507
30.347936, -3.563273, -323.947507
30.353671, -3.563273, -323.947507
30.381247, -3.563273, -323.947507
30.408381, -3.563273, -323.947507
30.423740, -3.563273, -323.947507
30.428660, -3.563273, -323.947507
30.432050, -3.563273, -323.947507
30.434893, -3.563273, -323.947507
30.438416, -3.563273, -323.947507
30.442690, -3.563273, -323.947507
30.448687, -3.563273, -323.947507
30.454962, -3.563273, -323.947507
30.461260, -3.563273, -323.947507
30.467002, -3.563273, -323.947507
30.472482, -3.563273, -323.947507
30.477667, -3.563273, -323.947507
30.483437, -3.563273, -323.947507
30.491305, -3.563273, -323.947507
30.502284, -3.563273, -323.947507
30.523237, -3.563273, -323.947507
30.544209, -3.560723, -323.715682
30.565861, -3.563273, -323.947507
30.589433, -3.563273, -323.947507
30.612505, -3.563273, -323.947507
30.618073, -3.563273, -323.947507
30.621310, -3.563273, -323.947507
30.624212, -3.563273, -323.947507
30.627176, -3.563273, -323.947507
30.630440, -3.563273, -323.947507
30.636394, -3.563273, -323.947507
30.643823, -3.563273, -323.947507
30.650712, -3.563273, -323.947507
30.658309, -3.563273, -323.947507
30.674897, -3.563273, -323.947507
30.680339, -3.563273, -323.947507
30.686646, -3.563273, -323.947507
30.693466, -3.563273, -323.947507
30.697182, -3.563273, -323.947507
30.700057, -3.563273, -323.947507
30.702561, -3.563273, -323.947507
30.706080, -3.565823, -324.179331
30.710542, -3.563273, -323.947507
30.714490, -3.563273, -323.947507
30.718221, -3.563273, -323.947507
30.721628, -3.563273, -323.947507
30.727027, -3.563273, -323.947507
30.733862, -3.563273, -323.947507
30.747741, -3.563273, -323.947507
30.755653, -3.563273, -323.947507
30.779171, -3.563273, -323.947507
30.805607, -3.563273, -323.947507
30.815278, -3.563273, -323.947507
30.819647, -3.563273, -323.947507
30.822669, -3.563273, -323.947507
30.826636, -3.563273, -323.947507
30.830360, -3.563273, -323.947507
30.841197, -3.563273, -323.947507
30.862306, -3.563273, -323.947507
30.885478, -3.563273, -323.947507
30.912083, -3.563273, -323.947507
30.937082, -3.563273, -323.947507
30.952219, -3.563273, -323.947507
30.957496, -3.560723, -323.715682
30.961913, -3.563273, -323.947507
30.965249, -3.563273, -323.947507
30.970520, -3.563273, -323.947507
30.975132, -3.563273, -323.947507
30.985090, -3.563273, -323.947507
31.001516, -3.563273, -323.947507
31.023732, -3.563273, -323.947507
31.049436, -3.563273, -323.947507
31.072199, -3.563273, -323.947507
31.093317, -3.563273, -323.947507
31.100325, -3.563273, -323.947507
31.103972, -3.563273, -323.947507
31.107088, -3.563273, -323.947507
31.110556, -3.565823, -324.179331
31.114314, -3.563273, -323.947507
31.124189, -3.563273, -323.947507
31.145661, -3.563273, -323.947507
31.168199, -3.563273, -323.947507
31.191467, -3.563273, -323.947507
31.216784, -3.563273, -323.947507
31.244905, -3.563273, -323.947507
31.250966, -3.563273, -323.947507
31.254473, -3.563273, -323.947507
31.257966, -3.563273, -323.947507
31.261575, -3.563273, -323.947507
31.270959, -3.563273, -323.947507
31.279045, -3.563273, -323.947507
31.291772, -3.563273, -323.947507
31.296031, -3.563273, -323.947507
31.306905, -3.563273, -323.947507
31.315905, -3.563273, -323.947507
31.323588, -3.563273, -323.947507
31.329199, -3.563273, -323.947507
31.336423, -3.563273, -323.947507
31.343438, -3.563273, -323.947507
31.351023, -3.563273, -323.947507
31.357833, -3.563273, -323.947507
31.365879, -3.563273, -323.947507
31.373272, -3.563273, -323.947507
31.381873, -3.563273, -323.947507
31.390009, -3.563273, -323.947507
31.393190, -3.563273, -323.947507
31.407858, -3.563273, -323.947507
31.422200, -3.565823, -324.179331
31.450755, -3.565823, -324.179331
31.487858, -3.563273, -323.947507
31.515171, -3.565823, -324.179331
31.526845, -3.563273, -323.947507
31.531485, -3.565823, -324.179331
31.534515, -3.563273, -323.947507
31.537437, -3.565823, -324.179331
31.541100, -3.565823, -324.179331
31.546455, -3.563273, -323.947507
31.551559, -3.565823, -324.179331
31.557151, -3.565823, -324.179331
31.563354, -3.565823, -324.179331
31.569686, -3.565823, -324.179331
31.576454, -3.563273, -323.947507
31.583303, -3.565823, -324.179331
31.589371, -3.563273, -323.947507
31.595454, -3.563273, -323.947507
31.601284, -3.565823, -324.179331
31.607405, -3.565823, -324.179331
31.613949, -3.563273, -323.947507
31.620058, -3.563273, -323.947507
31.626251, -3.565823, -324.179331
31.632392, -3.565823, -324.179331
31.639155, -3.563273, -323.947507
31.646290, -3.563273, -323.947507
31.654103, -3.563273, -323.947507
31.662020, -3.565823, -324.179331
31.677119, -3.565823, -324.179331
31.690491, -3.565823, -324.179331
31.710257, -3.563273, -323.947507
31.732561, -3.565823, -324.179331
31.757461, -3.563273, -323.947507
31.779251, -3.563273, -323.947507
31.784474, -3.563273, -323.947507
31.788138, -3.565823, -324.179331
31.791382, -3.563273, -323.947507
31.794253, -3.563273, -323.947507
31.797551, -3.563273, -323.947507
31.801506, -3.565823, -324.179331
31.806740, -3.565823, -324.179331
31.812831, -3.565823, -324.179331
31.835876, -3.565823, -324.179331
31.859931, -3.565823, -324.179331
31.883287, -3.565823, -324.179331
31.907000, -3.565823, -324.179331
31.930378, -3.565823, -324.179331
31.954878, -3.565823, -324.179331
31.965247, -3.565823, -324.179331
31.969624, -3.565823, -324.179331
31.973146, -3.565823, -324.179331
31.977887, -3.565823, -324.179331
31.982239, -3.565823, -324.179331
31.986206, -3.565823, -324.179331
31.994967, -3.565823, -324.179331
32.020680, -3.565823, -324.179331
32.052815, -3.565823, -324.179331
32.081626, -3.563273, -323.947507
32.114406, -3.565823, -324.179331
32.134022, -3.565823, -324.179331
32.139217, -3.565823, -324.179331
32.143027, -3.563273, -323.947507
32.146707, -3.565823, -324.179331
32.151712, -3.565823, -324.179331
32.172338, -3.565823, -324.179331
32.197972, -3.565823, -324.179331
32.220417, -3.565823, -324.179331
32.242970, -3.565823, -324.179331
32.265354, -3.565823, -324.179331
32.291629, -3.565823, -324.179331
32.316433, -3.565823, -324.179331
32.342731, -3.565823, -324.179331
32.366552, -3.565823, -324.179331
32.390418, -3.565823, -324.179331
32.414206, -3.565823, -324.179331
32.436885, -3.565823, -324.179331
32.457448, -3.565823, -324.179331
32.463472, -3.565823, -324.179331
32.467169, -3.565823, -324.179331
32.470182, -3.565823, -324.179331
32.473284, -3.565823, -324.179331
32.476730, -3.565823, -324.179331
32.480790, -3.565823, -324.179331
32.485407, -3.565823, -324.179331
32.491898, -3.565823, -324.179331
32.500739, -3.565823, -324.179331
32.512657, -3.565823, -324.179331
32.523224, -3.565823, -324.179331
32.532005, -3.565823, -324.179331
32.541622, -3.565823, -324.179331
32.562530, -3.568373, -324.411156
32.583831, -3.565823, -324.179331
32.609569, -3.565823, -324.179331
32.633609, -3.565823, -324.179331
32.655866, -3.565823, -324.179331
32.677420, -3.565823, -324.179331
32.684247, -3.565823, -324.179331
32.688136, -3.565823, -324.179331
32.691231, -3.565823, -324.179331
32.694776, -3.565823, -324.179331
32.701482, -3.565823, -324.179331
32.707880, -3.565823, -324.179331
32.726492, -3.565823, -324.179331
32.748159, -3.565823, -324.179331
32.770217, -3.565823, -324.179331
32.793919, -3.568373, -324.411156
32.817365, -3.565823, -324.179331
32.836616, -3.565823, -324.179331
32.842549, -3.565823, -324.179331
32.846157, -3.565823, -324.179331
32.849105, -3.565823, -324.179331
32.852306, -3.565823, -324.179331
32.857639, -3.565823, -324.179331
32.866675, -3.565823, -324.179331
32.879217, -3.568373, -324.411156
32.893329, -3.565823, -324.179331
32.909792, -3.565823, -324.179331
32.931353, -3.565823, -324.179331
32.954359, -3.565823, -324.179331
32.978956, -3.565823, -324.179331
33.002832, -3.568373, -324.411156
33.026301, -3.568373, -324.411156
33.049087, -3.565823, -324.179331
33.055995, -3.565823, -324.179331
33.060578, -3.565823, -324.179331
33.063445, -3.565823, -324.179331
33.066433, -3.565823, -324.179331
33.069906, -3.565823, -324.179331
33.074732, -3.568373, -324.411156
33.094236, -3.565823, -324.179331
33.114808, -3.565823, -324.179331
33.140858, -3.568373, -324.411156
33.164034, -3.568373, -324.411156
33.186230, -3.568373, -324.411156
33.195980, -3.565823, -324.179331
33.200654, -3.565823, -324.179331
33.203884, -3.565823, -324.179331
33.207807, -3.565823, -324.179331
33.212063, -3.565823, -324.179331
33.217854, -3.565823, -324.179331
33.239398, -3.565823, -324.179331
33.267933, -3.565823, -324.179331
33.305361, -3.568373, -324.411156
33.331687, -3.568373, -324.411156
33.365866, -3.568373, -324.411156
33.393481, -3.568373, -324.411156
33.409006, -3.565823, -324.179331
33.414146, -3.565823, -324.179331
33.417582, -3.565823, -324.179331
33.420665, -3.565823, -324.179331
33.424807, -3.565823, -324.179331
33.430247, -3.565823, -324.179331
33.439176, -3.568373, -324.411156
33.446103, -3.568373, -324.411156
33.452870, -3.568373, -324.411156
33.460363, -3.565823, -324.179331
33.467644, -3.565823, -324.179331
33.474281, -3.565823, -324.179331
33.480074, -3.568373, -324.411156
33.485736, -3.568373, -324.411156
33.491271, -3.568373, -324.411156
33.496874, -3.568373, -324.411156
33.502740, -3.568373, -324.411156
33.508556, -3.568373, -324.411156
33.514845, -3.568373, -324.411156
33.521634, -3.568373, -324.411156
33.529995, -3.568373, -324.411156
33.537261, -3.568373, -324.411156
33.543484, -3.568373, -324.411156
33.549177, -3.568373, -324.411156
33.554636, -3.568373, -324.411156
33.560094, -3.568373, -324.411156
33.565035, -3.568373, -324.411156
33.570407, -3.568373, -324.411156
33.576318, -3.568373, -324.411156
33.582010, -3.565823, -324.179331
33.588047, -3.568373, -324.411156
33.593895, -3.568373, -324.411156
33.599603, -3.565823, -324.179331
33.605189, -3.565823, -324.179331
33.610902, -3.565823, -324.179331
33.616340, -3.565823, -324.179331
33.621739, -3.568373, -324.411156
33.627360, -3.565823, -324.179331
33.632598, -3.565823, -324.179331
33.638714, -3.568373, -324.411156
33.642141, -3.568373, -324.411156
33.649146, -3.568373, -324.411156
33.655799, -3.565823, -324.179331
33.662630, -3.568373, -324.411156
33.669321, -3.568373, -324.411156
33.675399, -3.565823, -324.179331
33.681774, -3.565823, -324.179331
33.687992, -3.568373, -324.411156
33.694526, -3.568373, -324.411156
33.701970, -3.568373, -324.411156
33.709751, -3.568373, -324.411156
33.720170, -3.568373, -324.411156
33.731028, -3.568373, -324.411156
33.739162, -3.568373, -324.411156
33.746572, -3.568373, -324.411156
33.753551, -3.568373, -324.411156
33.760933, -3.568373, -324.411156
33.764693, -3.568373, -324.411156
33.770203, -3.568373, -324.411156
33.776120, -3.568373, -324.411156
33.781460, -3.568373, -324.411156
33.787815, -3.568373, -324.411156
33.791642, -3.568373, -324.411156
33.797298, -3.568373, -324.411156
33.802006, -3.568373, -324.411156
33.803974, -3.568373, -324.411156
33.807619, -3.568373, -324.411156
33.810138, -3.568373, -324.411156
33.813147, -3.568373, -324.411156
33.816433, -3.568373, -324.411156
33.819752, -3.565823, -324.179331
33.823663, -3.568373, -324.411156
33.827428, -3.565823, -324.179331
33.831180, -3.565823, -324.179331
33.835636, -3.568373, -324.411156
33.839204, -3.565823, -324.179331
33.841432, -3.568373, -324.411156
33.844204, -3.568373, -324.411156
33.847401, -3.565823, -324.179331
33.850672, -3.568373, -324.411156
33.854013, -3.568373, -324.411156
33.857735, -3.565823, -324.179331
33.859901, -3.568373, -324.411156
33.862604, -3.568373, -324.411156
33.867353, -3.568373, -324.411156
33.870439, -3.568373, -324.411156
33.874154, -3.568373, -324.411156
33.877505, -3.568373, -324.411156
33.880803, -3.568373, -324.411156
33.883886, -3.568373, -324.411156
33.887415, -3.568373, -324.411156
33.890959, -3.568373, -324.411156
33.893884, -3.568373, -324.411156
33.897503, -3.568373, -324.411156
33.901695, -3.568373, -324.411156
33.906185, -3.568373, -324.411156
33.910907, -3.568373, -324.411156
33.915152, -3.568373, -324.411156
33.919282, -3.568373, -324.411156
33.922712, -3.568373, -324.411156
33.925894, -3.568373, -324.411156
33.929249, -3.568373, -324.411156
33.934556, -3.568373, -324.411156
33.957676, -3.568373, -324.411156
33.983408, -3.565823, -324.179331
34.011646, -3.565823, -324.179331
34.018566, -3.568373, -324.411156
34.023096, -3.568373, -324.411156
34.026366, -3.568373, -324.411156
34.029376, -3.568373, -324.411156
34.032879, -3.565823, -324.179331
34.037939, -3.568373, -324.411156
34.048900, -3.568373, -324.411156
34.068743, -3.568373, -324.411156
34.091858, -3.568373, -324.411156
34.116330, -3.565823, -324.179331
34.136975, -3.565823, -324.179331
34.142609, -3.568373, -324.411156
34.146447, -3.568373, -324.411156
34.149427, -3.565823, -324.179331
34.152355, -3.568373, -324.411156
34.157387, -3.565823, -324.179331
34.177232, -3.568373, -324.411156
34.198772, -3.568373, -324.411156
34.217148, -3.568373, -324.411156
34.223184, -3.568373, -324.411156
34.227269, -3.568373, -324.411156
34.230156, -3.568373, -324.411156
34.233049, -3.568373, -324.411156
34.236804, -3.568373, -324.411156
34.247223, -3.568373, -324.411156
34.268711, -3.568373, -324.411156
34.293886, -3.568373, -324.411156
34.320024, -3.568373, -324.411156
34.338193, -3.568373, -324.411156
34.343114, -3.568373, -324.411156
34.346634, -3.568373, -324.411156
34.349433, -3.568373, -324.411156
34.352117, -3.568373, -324.411156
34.356147, -3.568373, -324.411156
34.363813, -3.568373, -324.411156
34.377036, -3.568373, -324.411156
34.391700, -3.568373, -324.411156
34.404808, -3.568373, -324.411156
34.408750, -3.565823, -324.179331
34.411806, -3.568373, -324.411156
34.413902, -3.568373, -324.411156
34.426549, -3.568373, -324.411156
34.449219, -3.568373, -324.411156
34.472125, -3.568373, -324.411156
34.485028, -3.568373, -324.411156
34.489755, -3.568373, -324.411156
34.492966, -3.568373, -324.411156
34.495949, -3.568373, -324.411156
34.498551, -3.568373, -324.411156
34.500954, -3.565823, -324.179331
34.503796, -3.565823, -324.179331
34.507771, -3.568373, -324.411156
34.511263, -3.565823, -324.179331
34.517072, -3.568373, -324.411156
34.539451, -3.568373, -324.411156
34.562912, -3.568373, -324.411156
34.570464, -3.568373, -324.411156
34.574768, -3.568373, -324.411156
34.577987, -3.568373, -324.411156
34.581122, -3.568373, -324.411156
34.584714, -3.568373, -324.411156
34.591059, -3.568373, -324.411156
34.603764, -3.568373, -324.411156
34.613148, -3.568373, -324.411156
34.619531, -3.568373, -324.411156
34.632296, -3.568373, -324.411156
34.658046, -3.568373, -324.411156
34.689370, -3.568373, -324.411156
34.694346, -3.568373, -324.411156
34.697993, -3.568373, -324.411156
34.700827, -3.568373, -324.411156
34.703936, -3.568373, -324.411156
34.708147, -3.568373, -324.411156
34.715303, -3.568373, -324.411156
34.722957, -3.568373, -324.411156
34.727566, -3.568373, -324.411156
34.730396, -3.568373, -324.411156
34.733139, -3.568373, -324.411156
34.735937, -3.568373, -324.411156
34.739159, -3.568373, -324.411156
34.742439, -3.568373, -324.411156
34.756312, -3.568373, -324.411156
34.780288, -3.568373, -324.411156
34.803104, -3.568373, -324.411156
34.810566, -3.568373, -324.411156
34.814483, -3.568373, -324.411156
34.817469, -3.568373, -324.411156
34.820333, -3.568373, -324.411156
34.823266, -3.568373, -324.411156
34.826520, -3.568373, -324.411156
34.830235, -3.568373, -324.411156
34.834052, -3.568373, -324.411156
34.838223, -3.568373, -324.411156
34.844738, -3.568373, -324.411156
34.861584, -3.568373, -324.411156
34.884242, -3.568373, -324.411156
34.906710, -3.568373, -324.411156
34.936517, -3.568373, -324.411156
35.010334, -3.568373, -324.411156
35.038300, -3.568373, -324.411156
35.067456, -3.568373, -324.411156
35.094390, -3.568373, -324.411156
35.118879, -3.568373, -324.411156
35.142270, -3.568373, -324.411156
35.165160, -3.568373, -324.411156
35.189588, -3.568373, -324.411156
35.212526, -3.568373, -324.411156
35.242291, -3.568373, -324.411156
35.254870, -3.568373, -324.411156
35.259884, -3.568373, -324.411156
35.264070, -3.568373, -324.411156
35.267393, -3.568373, -324.411156
35.276705, -3.568373, -324.411156
35.297697, -3.568373, -324.411156
35.341217, -3.568373, -324.411156
35.368167, -3.568373, -324.411156
35.395024, -3.568373, -324.411156
35.420421, -3.568373, -324.411156
35.433596, -3.568373, -324.411156
35.438393, -3.568373, -324.411156
35.442540, -3.568373, -324.411156
35.445806, -3.568373, -324.411156
35.454431, -3.568373, -324.411156
35.473187, -3.568373, -324.411156
35.501891, -3.568373, -324.411156
35.529787, -3.568373, -324.411156
35.556295, -3.568373, -324.411156
35.583931, -3.568373, -324.411156
35.601570, -3.568373, -324.411156
35.608350, -3.568373, -324.411156
35.612204, -3.568373, -324.411156
35.615845, -3.568373, -324.411156
35.624919, -3.568373, -324.411156
35.643715, -3.568373, -324.411156
35.671471, -3.568373, -324.411156
35.699058, -3.568373, -324.411156
35.725290, -3.568373, -324.411156
35.750327, -3.568373, -324.411156
35.776817, -3.568373, -324.411156
35.799987, -3.568373, -324.411156
35.823777, -3.568373, -324.411156
35.842993, -3.568373, -324.411156
35.848695, -3.568373, -324.411156
35.852288, -3.568373, -324.411156
35.855384, -3.568373, -324.411156
35.858824, -3.568373, -324.411156
35.862537, -3.568373, -324.411156
35.867546, -3.568373, -324.411156
35.873545, -3.565823, -324.179331
35.878168, -3.568373, -324.411156
35.882904, -3.568373, -324.411156
35.896163, -3.568373, -324.411156
35.920686, -3.565823, -324.179331
35.952089, -3.565823, -324.179331
35.975728, -3.568373, -324.411156
36.000279, -3.568373, -324.411156
36.026874, -3.568373, -324.411156
36.050265, -3.565823, -324.179331
36.075716, -3.568373, -324.411156
36.100785, -3.568373, -324.411156
36.125317, -3.568373, -324.411156
36.138925, -3.565823, -324.179331
36.143967, -3.565823, -324.179331
36.148495, -3.565823, -324.179331
36.151756, -3.565823, -324.179331
36.155172, -3.565823, -324.179331
36.159806, -3.565823, -324.179331
36.166550, -3.568373, -324.411156
36.173607, -3.565823, -324.179331
36.181971, -3.565823, -324.179331
36.192362, -3.565823, -324.179331
36.209807, -3.565823, -324.179331
36.233566, -3.565823, -324.179331
36.257053, -3.568373, -324.411156
36.280533, -3.568373, -324.411156
36.305506, -3.565823, -324.179331
36.327707, -3.565823, -324.179331
36.349618, -3.568373, -324.411156
36.362764, -3.565823, -324.179331
36.367578, -3.565823, -324.179331
36.370778, -3.565823, -324.179331
36.373846, -3.565823, -324.179331
36.377164, -3.568373, -324.411156
36.381133, -3.568373, -324.411156
36.386243, -3.565823, -324.179331
36.390171, -3.565823, -324.179331
36.397821, -3.565823, -324.179331
36.407300, -3.565823, -324.179331
36.432603, -3.565823, -324.179331
36.462460, -3.565823, -324.179331
36.490214, -3.565823, -324.179331
36.524936, -3.565823, -324.179331
36.544963, -3.565823, -324.179331
36.550205, -3.565823, -324.179331
36.553792, -3.565823, -324.179331
36.557324, -3.568373, -324.411156
36.561370, -3.565823, -324.179331
36.568359, -3.565823, -324.179331
36.578931, -3.565823, -324.179331
36.588035, -3.565823, -324.179331
36.597596, -3.565823, -324.179331
36.606122, -3.565823, -324.179331
36.614206, -3.565823, -324.179331
36.621960, -3.565823, -324.179331
36.630681, -3.565823, -324.179331
36.635702, -3.565823, -324.179331
36.641257, -3.565823, -324.179331
36.657321, -3.565823, -324.179331
36.678746, -3.565823, -324.179331
36.700836, -3.565823, -324.179331
36.724544, -3.565823, -324.179331
36.746696, -3.565823, -324.179331
36.769473, -3.565823, -324.179331
36.793139, -3.565823, -324.179331
36.803198, -3.568373, -324.411156
36.807752, -3.565823, -324.179331
36.810962, -3.568373, -324.411156
36.814174, -3.568373, -324.411156
36.818791, -3.565823, -324.179331
36.831724, -3.565823, -324.179331
36.855447, -3.565823, -324.179331
36.878388, -3.565823, -324.179331
36.900632, -3.565823, -324.179331
36.922812, -3.565823, -324.179331
36.956077, -3.565823, -324.179331
36.979635, -3.565823, -324.179331
37.003217, -3.568373, -324.411156
37.026036, -3.565823, -324.179331
37.048380, -3.565823, -324.179331
37.070471, -3.565823, -324.179331
37.097163, -3.565823, -324.179331
37.122416, -3.565823, -324.179331
37.146344, -3.565823, -324.179331
37.170251, -3.565823, -324.179331
37.193627, -3.568373, -324.411156
37.205679, -3.565823, -324.179331
37.210329, -3.565823, -324.179331
37.213540, -3.565823, -324.179331
37.216506, -3.565823, -324.179331
37.219749, -3.565823, -324.179331
37.224627, -3.565823, -324.179331
37.229226, -3.565823, -324.179331
37.234268, -3.565823, -324.179331
37.239493, -3.565823, -324.179331
37.245171, -3.565823, -324.179331
37.250840, -3.565823, -324.179331
37.257334, -3.568373, -324.411156
37.273454, -3.568373, -324.411156
37.295662, -3.565823, -324.179331
37.318137, -3.568373, -324.411156
37.343755, -3.568373, -324.411156
37.366622, -3.568373, -324.411156
37.389243, -3.568373, -324.411156
37.411597, -3.568373, -324.411156
37.432869, -3.568373, -324.411156
37.439307, -3.568373, -324.411156
37.443222, -3.568373, -324.411156
37.446399, -3.568373, -324.411156
37.453839, -3.568373, -324.411156
37.473560, -3.568373, -324.411156
37.496473, -3.568373, -324.411156
37.519993, -3.568373, -324.411156
37.542529, -3.568373, -324.411156
37.565025, -3.565823, -324.179331
37.587829, -3.568373, -324.411156
37.611472, -3.568373, -324.411156
37.637528, -3.568373, -324.411156
37.660838, -3.568373, -324.411156
37.684562, -3.568373, -324.411156
37.709276, -3.568373, -324.411156
37.716567, -3.568373, -324.411156
37.720791, -3.568373, -324.411156
37.724053, -3.568373, -324.411156
37.727280, -3.568373, -324.411156
37.731653, -3.568373, -324.411156
37.741682, -3.568373, -324.411156
37.755915, -3.568373, -324.411156
37.770227, -3.568373, -324.411156
37.789440, -3.568373, -324.411156
37.811703, -3.565823, -324.179331
37.835924, -3.568373, -324.411156
37.858404, -3.565823, -324.179331
37.883412, -3.565823, -324.179331
37.907789, -3.565823, -324.179331
37.930638, -3.568373, -324.411156
37.959688, -3.568373, -324.411156
37.984970, -3.568373, -324.411156
38.014055, -3.568373, -324.411156
38.048491, -3.568373, -324.411156
38.077219, -3.568373, -324.411156
38.104601, -3.568373, -324.411156
38.128395, -3.568373, -324.411156
38.152227, -3.568373, -324.411156
38.181865, -3.568373, -324.411156
38.209879, -3.568373, -324.411156
38.271210, -3.568373, -324.411156
38.317007, -3.568373, -324.411156
38.340555, -3.568373, -324.411156
38.363598, -3.568373, -324.411156
38.381417, -3.568373, -324.411156
38.386624, -3.568373, -324.411156
38.390329, -3.568373, -324.411156
38.393604, -3.568373, -324.411156
38.396726, -3.568373, -324.411156
38.400166, -3.568373, -324.411156
38.404901, -3.568373, -324.411156
38.419598, -3.568373, -324.411156
38.452185, -3.568373, -324.411156
38.478904, -3.568373, -324.411156
38.505075, -3.568373, -324.411156
38.530982, -3.568373, -324.411156
38.559890, -3.568373, -324.411156
38.590332, -3.568373, -324.411156
38.613947, -3.568373, -324.411156
38.637148, -3.568373, -324.411156
38.657245, -3.568373, -324.411156
38.663865, -3.568373, -324.411156
38.667469, -3.568373, -324.411156
38.670780, -3.568373, -324.411156
38.673960, -3.568373, -324.411156
38.680435, -3.568373, -324.411156
38.694374, -3.568373, -324.411156
38.715357, -3.568373, -324.411156
38.743730, -3.568373, -324.411156
38.774944, -3.568373, -324.411156
38.803577, -3.568373, -324.411156
38.833520, -3.570923, -324.642981
38.860453, -3.568373, -324.411156
38.886015, -3.568373, -324.411156
38.913231, -3.568373, -324.411156
38.921327, -3.568373, -324.411156
38.926505, -3.568373, -324.411156
38.929998, -3.568373, -324.411156
38.934723, -3.568373, -324.411156
38.956114, -3.568373, -324.411156
38.978612, -3.568373, -324.411156
39.001816, -3.568373, -324.411156
39.027989, -3.568373, -324.411156
39.050315, -3.568373, -324.411156
39.073316, -3.568373, -324.411156
39.098265, -3.568373, -324.411156
39.115410, -3.568373, -324.411156
39.120147, -3.568373, -324.411156
39.123921, -3.568373, -324.411156
39.127293, -3.568373, -324.411156
39.130535, -3.568373, -324.411156
39.134124, -3.568373, -324.411156
39.137993, -3.568373, -324.411156
39.142086, -3.568373, -324.411156
39.146536, -3.568373, -324.411156
39.151827, -3.568373, -324.411156
39.157109, -3.568373, -324.411156
39.162780, -3.568373, -324.411156
39.169468, -3.568373, -324.411156
39.185793, -3.568373, -324.411156
39.208321, -3.568373, -324.411156
39.232858, -3.568373, -324.411156
39.257831, -3.568373, -324.411156
39.282157, -3.568373, -324.411156
39.306199, -3.568373, -324.411156
39.355453, -3.568373, -324.411156
39.386940, -3.568373, -324.411156
39.414338, -3.568373, -324.411156
39.440050, -3.568373, -324.411156
39.446588, -3.568373, -324.411156
39.450538, -3.568373, -324.411156
39.453732, -3.568373, -324.411156
39.456637, -3.568373, -324.411156
39.459519, -3.568373, -324.411156
39.462938, -3.568373, -324.411156
39.470351, -3.568373, -324.411156
39.492454, -3.568373, -324.411156
39.514114, -3.568373, -324.411156
39.536004, -3.568373, -324.411156
39.557814, -3.568373, -324.411156
39.566337, -3.568373, -324.411156
39.570451, -3.568373, -324.411156
39.573422, -3.568373, -324.411156
39.576195, -3.568373, -324.411156
39.579208, -3.568373, -324.411156
39.582519, -3.568373, -324.411156
39.585940, -3.568373, -324.411156
39.589526, -3.568373, -324.411156
39.593454, -3.568373, -324.411156
39.597569, -3.568373, -324.411156
39.601559, -3.570923, -324.642981
39.605273, -3.568373, -324.411156
39.609122, -3.568373, -324.411156
39.614828, -3.568373, -324.411156
39.622798, -3.568373, -324.411156
39.639727, -3.568373, -324.411156
39.648103, -3.568373, -324.411156
39.656190, -3.568373, -324.411156
39.663839, -3.568373, -324.411156
39.670406, -3.568373, -324.411156
39.677374, -3.568373, -324.411156
39.685002, -3.570923, -324.642981
39.692170, -3.568373, -324.411156
39.698622, -3.568373, -324.411156
39.705959, -3.570923, -324.642981
39.718036, -3.568373, -324.411156
39.728185, -3.568373, -324.411156
39.738190, -3.568373, -324.411156
39.747307, -3.570923, -324.642981
39.751582, -3.570923, -324.642981
39.758637, -3.570923, -324.642981
39.766419, -3.568373, -324.411156
39.773007, -3.570923, -324.642981
39.780131, -3.568373, -324.411156
39.786499, -3.570923, -324.642981
39.792553, -3.570923, -324.642981
39.798319, -3.570923, -324.642981
39.801922, -3.568373, -324.411156
39.805032, -3.570923, -324.642981
39.808421, -3.570923, -324.642981
39.812502, -3.568373, -324.411156
39.818278, -3.568373, -324.411156
39.825396, -3.568373, -324.411156
39.834007, -3.568373, -324.411156
39.842977, -3.568373, -324.411156
39.852448, -3.568373, -324.411156
39.863746, -3.570923, -324.642981
39.873696, -3.568373, -324.411156
39.887298, -3.568373, -324.411156
39.901961, -3.568373, -324.411156
39.922355, -3.568373, -324.411156
39.945497, -3.568373, -324.411156
39.968681, -3.570923, -324.642981
39.979848, -3.568373, -324.411156
39.984286, -3.568373, -324.411156
39.987295, -3.568373, -324.411156
39.990216, -3.570923, -324.642981
39.994780, -3.568373, -324.411156
40.009060, -3.568373, -324.411156
40.029115, -3.570923, -324.642981
40.051194, -3.570923, -324.642981
40.072353, -3.570923, -324.642981
40.088024, -3.568373, -324.411156
40.092745, -3.570923, -324.642981
40.095796, -3.570923, -324.642981
40.098609, -3.570923, -324.642981
40.101546, -3.570923, -324.642981
40.106842, -3.570923, -324.642981
40.127786, -3.570923, -324.642981
40.150343, -3.570923, -324.642981
40.173829, -3.570923, -324.642981
40.180072, -3.568373, -324.411156
40.183744, -3.570923, -324.642981
40.186727, -3.570923, -324.642981
40.190047, -3.570923, -324.642981
40.197826, -3.570923, -324.642981
40.217901, -3.570923, -324.642981
40.229465, -3.568373, -324.411156
40.245422, -3.568373, -324.411156
40.250800, -3.570923, -324.642981
40.254702, -3.570923, -324.642981
40.258261, -3.570923, -324.642981
40.263808, -3.570923, -324.642981
40.270346, -3.570923, -324.642981
40.272444, -3.568373, -324.411156
40.275652, -3.570923, -324.642981
40.285447, -3.570923, -324.642981
40.303244, -3.570923, -324.642981
40.309616, -3.568373, -324.411156
40.312985, -3.568373, -324.411156
40.315941, -3.570923, -324.642981
40.318382, -3.568373, -324.411156
40.321364, -3.570923, -324.642981
40.324859, -3.570923, -324.642981
40.330925, -3.568373, -324.411156
40.334868, -3.570923, -324.642981
40.338587, -3.570923, -324.642981
40.341498, -3.570923, -324.642981
40.344904, -3.568373, -324.411156
40.348740, -3.570923, -324.642981
40.352819, -3.570923, -324.642981
40.357847, -3.570923, -324.642981
40.364140, -3.568373, -324.411156
40.371752, -3.570923, -324.642981
40.375416, -3.570923, -324.642981
40.378423, -3.568373, -324.411156
40.381670, -3.570923, -324.642981
40.384873, -3.570923, -324.642981
40.388357, -3.570923, -324.642981
40.393060, -3.570923, -324.642981
40.396415, -3.570923, -324.642981
40.402641, -3.570923, -324.642981
40.405930, -3.570923, -324.642981
40.409282, -3.570923, -324.642981
40.412431, -3.570923, -324.642981
40.414763, -3.570923, -324.642981
40.417585, -3.568373, -324.411156
40.421222, -3.570923, -324.642981
40.431365, -3.570923, -324.642981
40.440598, -3.570923, -324.642981
40.444451, -3.568373, -324.411156
40.447370, -3.570923, -324.642981
40.449741, -3.570923, -324.642981
40.452037, -3.570923, -324.642981
40.454549, -3.570923, -324.642981
40.457040, -3.570923, -324.642981
40.459275, -3.570923, -324.642981
40.461779, -3.570923, -324.642981
40.464560, -3.570923, -324.642981
40.466802, -3.570923, -324.642981
40.469403, -3.570923, -324.642981
40.472309, -3.570923, -324.642981
40.474936, -3.570923, -324.642981
40.477500, -3.570923, -324.642981
40.481392, -3.570923, -324.642981
40.484608, -3.570923, -324.642981
40.486925, -3.570923, -324.642981
40.490953, -3.570923, -324.642981
40.494162, -3.570923, -324.642981
40.497276, -3.570923, -324.642981
40.499443, -3.570923, -324.642981
40.501956, -3.570923, -324.642981
40.504863, -3.570923, -324.642981
40.508379, -3.570923, -324.642981
40.511898, -3.570923, -324.642981
40.515430, -3.570923, -324.642981
40.518665, -3.570923, -324.642981
40.521660, -3.570923, -324.642981
40.525725, -3.570923, -324.642981
40.528964, -3.570923, -324.642981
40.531878, -3.570923, -324.642981
40.534338, -3.570923, -324.642981
40.536832, -3.570923, -324.642981
40.539995, -3.570923, -324.642981
40.542415, -3.570923, -324.642981
40.545510, -3.570923, -324.642981
40.549089, -3.570923, -324.642981
40.551781, -3.570923, -324.642981
40.554390, -3.570923, -324.642981
40.557336, -3.570923, -324.642981
40.560265, -3.570923, -324.642981
40.563432, -3.570923, -324.642981
40.566815, -3.570923, -324.642981
40.570269, -3.570923, -324.642981
40.572685, -3.573472, -324.874805
40.575305, -3.570923, -324.642981
40.578954, -3.570923, -324.642981
40.583381, -3.570923, -324.642981
40.586125, -3.570923, -324.642981
40.588506, -3.570923, -324.642981
40.591294, -3.570923, -324.642981
40.594277, -3.570923, -324.642981
40.596832, -3.570923, -324.642981
40.600343, -3.570923, -324.642981
40.605759, -3.570923, -324.642981
40.612427, -3.570923, -324.642981
40.617497, -3.570923, -324.642981
40.622202, -3.570923, -324.642981
40.626685, -3.573472, -324.874805
40.630589, -3.570923, -324.642981
40.634277, -3.570923, -324.642981
40.637744, -3.573472, -324.874805
40.641225, -3.573472, -324.874805
40.644576, -3.570923, -324.642981
40.647913, -3.570923, -324.642981
40.651159, -3.570923, -324.642981
40.654926, -3.573472, -324.874805
40.657697, -3.570923, -324.642981
40.660199, -3.570923, -324.642981
40.662921, -3.570923, -324.642981
40.666274, -3.570923, -324.642981
40.669655, -3.570923, -324.642981
40.673231, -3.570923, -324.642981
40.678817, -3.570923, -324.642981
40.682432, -3.570923, -324.642981
40.687383, -3.570923, -324.642981
40.691935, -3.573472, -324.874805
40.696178, -3.570923, -324.642981
40.700298, -3.570923, -324.642981
40.704110, -3.573472, -324.874805
40.707832, -3.570923, -324.642981
40.711240, -3.570923, -324.642981
40.714445, -3.570923, -324.642981
40.718204, -3.570923, -324.642981
40.720655, -3.570923, -324.642981
40.723927, -3.570923, -324.642981
40.727668, -3.570923, -324.642981
40.731467, -3.570923, -324.642981
40.734743, -3.570923, -324.642981
40.739307, -3.570923, -324.642981
40.743101, -3.570923, -324.642981
40.746456, -3.570923, -324.642981
40.749595, -3.570923, -324.642981
40.752757, -3.570923, -324.642981
40.756112, -3.570923, -324.642981
40.759535, -3.573472, -324.874805
40.762923, -3.570923, -324.642981
40.766250, -3.570923, -324.642981
40.769606, -3.570923, -324.642981
40.773032, -3.570923, -324.642981
40.776372, -3.570923, -324.642981
40.779676, -3.570923, -324.642981
40.782986, -3.570923, -324.642981
40.786252, -3.570923, -324.642981
40.790566, -3.570923, -324.642981
40.792715, -3.573472, -324.874805
40.795208, -3.573472, -324.874805
40.797915, -3.573472, -324.874805
40.800833, -3.573472, -324.874805
40.803920, -3.570923, -324.642981
40.807638, -3.570923, -324.642981
40.811052, -3.573472, -324.874805
40.814195, -3.570923, -324.642981
40.817413, -3.570923, -324.642981
40.821149, -3.570923, -324.642981
40.824800, -3.570923, -324.642981
40.828154, -3.570923, -324.642981
40.831483, -3.570923, -324.642981
40.834779, -3.570923, -324.642981
40.838049, -3.570923, -324.642981
40.843486, -3.570923, -324.642981
40.846987, -3.570923, -324.642981
40.852771, -3.573472, -324.874805
40.857411, -3.570923, -324.642981
40.860851, -3.570923, -324.642981
40.864236, -3.570923, -324.642981
40.867767, -3.570923, -324.642981
40.871162, -3.570923, -324.642981
40.876733, -3.570923, -324.642981
40.880490, -3.570923, -324.642981
40.884163, -3.570923, -324.642981
40.887740, -3.570923, -324.642981
40.891403, -3.573472, -324.874805
40.894903, -3.573472, -324.874805
40.898353, -3.573472, -324.874805
40.902025, -3.573472, -324.874805
40.905776, -3.573472, -324.874805
40.908204, -3.570923, -324.642981
40.911358, -3.573472, -324.874805
40.914588, -3.573472, -324.874805
40.918875, -3.573472, -324.874805
40.924250, -3.573472, -324.874805
40.927201, -3.570923, -324.642981
40.929808, -3.570923, -324.642981
40.932549, -3.573472, -324.874805
40.935276, -3.573472, -324.874805
40.938171, -3.573472, -324.874805
40.941752, -3.573472, -324.874805
40.945684, -3.570923, -324.642981
40.948654, -3.573472, -324.874805
40.951150, -3.570923, -324.642981
40.953637, -3.570923, -324.642981
40.956301, -3.570923, -324.642981
40.959111, -3.570923, -324.642981
40.961758, -3.570923, -324.642981
40.964377, -3.570923, -324.642981
40.967300, -3.573472, -324.874805
40.970607, -3.573472, -324.874805
40.973889, -3.570923, -324.642981
40.977292, -3.573472, -324.874805
40.980544, -3.570923, -324.642981
40.985010, -3.573472, -324.874805
40.991588, -3.570923, -324.642981
40.997366, -3.570923, -324.642981
41.001736, -3.570923, -324.642981
41.005310, -3.573472, -324.874805
41.008449, -3.570923, -324.642981
41.011490, -3.573472, -324.874805
41.014714, -3.570923, -324.642981
41.018117, -3.573472, -324.874805
41.021705, -3.570923, -324.642981
41.025347, -3.573472, -324.874805
41.028839, -3.573472, -324.874805
41.032440, -3.573472, -324.874805
41.036157, -3.573472, -324.874805
41.040257, -3.570923, -324.642981
41.044974, -3.573472, -324.874805
41.061086, -3.570923, -324.642981
41.086692, -3.573472, -324.874805
41.093520, -3.576022, -325.106630
41.097481, -3.573472, -324.874805
41.100427, -3.576022, -325.106630
41.103445, -3.573472, -324.874805
41.107953, -3.573472, -324.874805
41.110898, -3.573472, -324.874805
41.113787, -3.573472, -324.874805
41.117307, -3.573472, -324.874805
41.123065, -3.573472, -324.874805
41.145434, -3.573472, -324.874805
41.166661, -3.573472, -324.874805
41.172587, -3.573472, -324.874805
41.176215, -3.573472, -324.874805
41.179796, -3.573472, -324.874805
41.183040, -3.573472, -324.874805
41.188643, -3.573472, -324.874805
41.199086, -3.573472, -324.874805
41.208118, -3.573472, -324.874805
41.218512, -3.573472, -324.874805
41.224635, -3.573472, -324.874805
41.236294, -3.573472, -324.874805
41.248485, -3.573472, -324.874805
41.260749, -3.570923, -324.642981
41.278523, -3.570923, -324.642981
41.300143, -3.570923, -324.642981
41.324360, -3.570923, -324.642981
41.351553, -3.573472, -324.874805
41.377629, -3.573472, -324.874805
41.401974, -3.573472, -324.874805
41.409569, -3.573472, -324.874805
41.413553, -3.573472, -324.874805
41.416563, -3.573472, -324.874805
41.419300, -3.573472, -324.874805
41.422454, -3.573472, -324.874805
41.427096, -3.573472, -324.874805
41.432018, -3.573472, -324.874805
41.437436, -3.573472, -324.874805
41.443911, -3.573472, -324.874805
41.457228, -3.573472, -324.874805
41.468874, -3.576022, -325.106630
41.478619, -3.576022, -325.106630
41.488426, -3.576022, -325.106630
41.498799, -3.573472, -324.874805
41.507326, -3.576022, -325.106630
41.516951, -3.573472, -324.874805
41.524320, -3.573472, -324.874805
41.531265, -3.573472, -324.874805
41.537936, -3.573472, -324.874805
41.548216, -3.573472, -324.874805
41.555824, -3.576022, -325.106630
41.559772, -3.573472, -324.874805
41.568689, -3.573472, -324.874805
41.575899, -3.570923, -324.642981
41.578931, -3.573472, -324.874805
41.586353, -3.573472, -324.874805
41.594097, -3.576022, -325.106630
41.602060, -3.573472, -324.874805
41.605927, -3.573472, -324.874805
41.611939, -3.573472, -324.874805
41.620133, -3.573472, -324.874805
41.626508, -3.573472, -324.874805
41.630732, -3.573472, -324.874805
41.638967, -3.570923, -324.642981
41.647709, -3.573472, -324.874805
41.655770, -3.576022, -325.106630
41.660107, -3.573472, -324.874805
41.667240, -3.576022, -325.106630
41.674696, -3.573472, -324.874805
41.681754, -3.576022, -325.106630
41.687029, -3.576022, -325.106630
41.690763, -3.576022, -325.106630
41.694847, -3.573472, -324.874805
41.699649, -3.573472, -324.874805
41.705419, -3.576022, -325.106630
41.712156, -3.576022, -325.106630
41.718693, -3.573472, -324.874805
41.726227, -3.573472, -324.874805
41.737394, -3.576022, -325.106630
41.743204, -3.576022, -325.106630
41.746971, -3.576022, -325.106630
41.751816, -3.576022, -325.106630
41.769677, -3.576022, -325.106630
41.792633, -3.576022, -325.106630
41.818137, -3.576022, -325.106630
41.843655, -3.576022, -325.106630
41.866248, -3.576022, -325.106630
41.890590, -3.573472, -324.874805
41.910188, -3.573472, -324.874805
41.916362, -3.573472, -324.874805
41.920358, -3.573472, -324.874805
41.923902, -3.573472, -324.874805
41.926964, -3.576022, -325.106630
41.930060, -3.576022, -325.106630
41.933599, -3.576022, -325.106630
41.938333, -3.573472, -324.874805
41.945240, -3.576022, -325.106630
41.954059, -3.576022, -325.106630
41.964768, -3.576022, -325.106630
41.967908, -3.576022, -325.106630
41.977990, -3.573472, -324.874805
41.990260, -3.573472, -324.874805
41.999870, -3.573472, -324.874805
42.009789, -3.576022, -325.106630
42.020208, -3.576022, -325.106630
42.035541, -3.573472, -324.874805
42.060896, -3.576022, -325.106630
42.087890, -3.576022, -325.106630
42.107252, -3.576022, -325.106630
42.112744, -3.576022, -325.106630
42.116227, -3.576022, -325.106630
42.119218, -3.576022, -325.106630
42.122495, -3.576022, -325.106630
42.126533, -3.576022, -325.106630
42.132186, -3.576022, -325.106630
42.138906, -3.576022, -325.106630
42.144181, -3.576022, -325.106630
42.148144, -3.576022, -325.106630
42.153133, -3.576022, -325.106630
42.158608, -3.576022, -325.106630
42.163755, -3.576022, -325.106630
42.168358, -3.576022, -325.106630
42.173058, -3.576022, -325.106630
42.178464, -3.576022, -325.106630
42.183914, -3.573472, -324.874805
42.189437, -3.576022, -325.106630
42.192022, -3.576022, -325.106630
42.194346, -3.576022, -325.106630
42.199218, -3.576022, -325.106630
42.207178, -3.576022, -325.106630
42.212931, -3.576022, -325.106630
42.215574, -3.576022, -325.106630
42.218604, -3.576022, -325.106630
42.223205, -3.576022, -325.106630
42.231256, -3.573472, -324.874805
42.237703, -3.576022, -325.106630
42.254164, -3.576022, -325.106630
42.286841, -3.573472, -324.874805
42.314988, -3.573472, -324.874805
42.338692, -3.573472, -324.874805
42.358844, -3.576022, -325.106630
42.363939, -3.576022, -325.106630
42.377985, -3.576022, -325.106630
42.384264, -3.576022, -325.106630
42.388053, -3.576022, -325.106630
42.400559, -3.576022, -325.106630
42.424531, -3.576022, -325.106630
42.449430, -3.576022, -325.106630
42.475965, -3.576022, -325.106630
42.501902, -3.576022, -325.106630
42.510171, -3.576022, -325.106630
42.514124, -3.576022, -325.106630
42.517016, -3.576022, -325.106630
42.520002, -3.576022, -325.106630
42.524364, -3.576022, -325.106630
42.535373, -3.576022, -325.106630
42.542915, -3.576022, -325.106630
42.558682, -3.576022, -325.106630
42.569358, -3.576022, -325.106630
42.592829, -3.576022, -325.106630
42.616082, -3.576022, -325.106630
42.639249, -3.576022, -325.106630
42.664509, -3.576022, -325.106630
42.684196, -3.576022, -325.106630
42.689963, -3.576022, -325.106630
42.693838, -3.576022, -325.106630
42.696793, -3.576022, -325.106630
42.700485, -3.576022, -325.106630
42.719749, -3.576022, -325.106630
42.736182, -3.576022, -325.106630
42.757787, -3.576022, -325.106630
42.779523, -3.576022, -325.106630
42.805501, -3.573472, -324.874805
42.812454, -3.576022, -325.106630
42.816284, -3.576022, -325.106630
42.819328, -3.576022, -325.106630
42.822217, -3.576022, -325.106630
42.826324, -3.576022, -325.106630
42.831293, -3.576022, -325.106630
42.837524, -3.576022, -325.106630
42.847071, -3.576022, -325.106630
42.856940, -3.576022, -325.106630
42.862322, -3.576022, -325.106630
42.865860, -3.576022, -325.106630
42.868932, -3.576022, -325.106630
42.872024, -3.576022, -325.106630
42.875298, -3.576022, -325.106630
42.878752, -3.576022, -325.106630
42.883587, -3.576022, -325.106630
42.901480, -3.576022, -325.106630
42.921502, -3.576022, -325.106630
42.927115, -3.576022, -325.106630
42.930441, -3.576022, -325.106630
42.933177, -3.576022, -325.106630
42.935710, -3.576022, -325.106630
42.938389, -3.576022, -325.106630
42.942115, -3.576022, -325.106630
42.944466, -3.576022, -325.106630
42.948101, -3.576022, -325.106630
42.954724, -3.576022, -325.106630
42.964219, -3.576022, -325.106630
42.971020, -3.576022, -325.106630
42.998371, -3.576022, -325.106630
43.025036, -3.576022, -325.106630
43.034707, -3.576022, -325.106630
43.040176, -3.576022, -325.106630
43.044798, -3.576022, -325.106630
43.048087, -3.576022, -325.106630
43.050749, -3.576022, -325.106630
43.053650, -3.576022, -325.106630
43.057324, -3.576022, -325.106630
43.062609, -3.573472, -324.874805
43.083025, -3.576022, -325.106630
43.109149, -3.576022, -325.106630
43.124434, -3.576022, -325.106630
43.129128, -3.576022, -325.106630
43.132534, -3.576022, -325.106630
43.135309, -3.576022, -325.106630
43.137765, -3.576022, -325.106630
43.140378, -3.576022, -325.106630
43.143076, -3.576022, -325.106630
43.146018, -3.576022, -325.106630
43.149107, -3.576022, -325.106630
43.152278, -3.576022, -325.106630
43.155770, -3.576022, -325.106630
43.161735, -3.576022, -325.106630
43.175943, -3.576022, -325.106630
43.191673, -3.576022, -325.106630
43.220182, -3.576022, -325.106630
43.227051, -3.576022, -325.106630
43.231245, -3.576022, -325.106630
43.234440, -3.576022, -325.106630
43.236897, -3.576022, -325.106630
43.239331, -3.576022, -325.106630
43.242048, -3.576022, -325.106630
43.244925, -3.576022, -325.106630
43.248141, -3.576022, -325.106630
43.252749, -3.576022, -325.106630
43.268650, -3.576022, -325.106630
43.291624, -3.576022, -325.106630
43.315081, -3.576022, -325.106630
43.330523, -3.576022, -325.106630
43.335397, -3.576022, -325.106630
43.338848, -3.576022, -325.106630
43.341955, -3.576022, -325.106630
43.344589, -3.576022, -325.106630
43.347157, -3.576022, -325.106630
43.349951, -3.576022, -325.106630
43.352891, -3.576022, -325.106630
43.357105, -3.576022, -325.106630
43.362153, -3.576022, -325.106630
43.377945, -3.576022, -325.106630
43.409935, -3.576022, -325.106630
43.424814, -3.576022, -325.106630
43.429368, -3.576022, -325.106630
43.432526, -3.576022, -325.106630
43.435437, -3.576022, -325.106630
43.438157, -3.576022, -325.106630
43.440658, -3.576022, -325.106630
43.442875, -3.576022, -325.106630
43.445454, -3.576022, -325.106630
43.448334, -3.576022, -325.106630
43.451541, -3.576022, -325.106630
43.456154, -3.576022, -325.106630
43.472471, -3.576022, -325.106630
43.494192, -3.576022, -325.106630
43.514801, -3.576022, -325.106630
43.521008, -3.576022, -325.106630
43.524906, -3.576022, -325.106630
43.528648, -3.576022, -325.106630
43.532069, -3.578572, -325.338454
43.534621, -3.576022, -325.106630
43.537486, -3.576022, -325.106630
43.541205, -3.576022, -325.106630
43.545288, -3.576022, -325.106630
43.563595, -3.576022, -325.106630
43.585272, -3.576022, -325.106630
43.596924, -3.576022, -325.106630
43.600834, -3.578572, -325.338454
43.603849, -3.576022, -325.106630
43.606437, -3.578572, -325.338454
43.608962, -3.576022, -325.106630
43.611672, -3.576022, -325.106630
43.614521, -3.576022, -325.106630
43.617433, -3.576022, -325.106630
43.620560, -3.576022, -325.106630
43.624626, -3.573472, -324.874805
43.636523, -3.576022, -325.106630
43.651515, -3.576022, -325.106630
43.656048, -3.576022, -325.106630
43.659350, -3.576022, -325.106630
43.661741, -3.576022, -325.106630
43.664122, -3.576022, -325.106630
43.666760, -3.576022, -325.106630
43.669562, -3.576022, -325.106630
43.672629, -3.576022, -325.106630
43.675579, -3.576022, -325.106630
43.678335, -3.576022, -325.106630
43.681312, -3.576022, -325.106630
43.684286, -3.576022, -325.106630
43.687964, -3.576022, -325.106630
43.690945, -3.576022, -325.106630
43.693588, -3.576022, -325.106630
43.696506, -3.576022, -325.106630
43.699382, -3.576022, -325.106630
43.702390, -3.576022, -325.106630
43.705487, -3.576022, -325.106630
43.709077, -3.576022, -325.106630
43.711825, -3.576022, -325.106630
43.714638, -3.576022, -325.106630
43.717729, -3.576022, -325.106630
43.720939, -3.576022, -325.106630
43.724344, -3.576022, -325.106630
43.727758, -3.576022, -325.106630
43.731250, -3.576022, -325.106630
43.734783, -3.576022, -325.106630
43.738329, -3.576022, -325.106630
43.741283, -3.576022, -325.106630
43.743684, -3.578572, -325.338454
43.745988, -3.576022, -325.106630
43.748662, -3.576022, -325.106630
43.751453, -3.576022, -325.106630
43.754294, -3.576022, -325.106630
43.757094, -3.576022, -325.106630
43.759328, -3.576022, -325.106630
43.764283, -3.576022, -325.106630
43.769134, -3.576022, -325.106630
43.773495, -3.576022, -325.106630
43.777512, -3.576022, -325.106630
43.779859, -3.576022, -325.106630
43.782750, -3.576022, -325.106630
43.785131, -3.576022, -325.106630
43.788811, -3.576022, -325.106630
43.794532, -3.576022, -325.106630
43.799305, -3.576022, -325.106630
43.803916, -3.576022, -325.106630
43.808568, -3.576022, -325.106630
43.812916, -3.576022, -325.106630
43.817411, -3.576022, -325.106630
43.822427, -3.576022, -325.106630
43.826303, -3.576022, -325.106630
43.830714, -3.576022, -325.106630
43.834565, -3.576022, -325.106630
43.838037, -3.576022, -325.106630
43.841560, -3.576022, -325.106630
43.845434, -3.576022, -325.106630
43.849547, -3.576022, -325.106630
43.857354, -3.576022, -325.106630
43.870257, -3.576022, -325.106630
43.876314, -3.576022, -325.106630
43.880157, -3.576022, -325.106630
43.883628, -3.576022, -325.106630
43.887217, -3.576022, -325.106630
43.890373, -3.576022, -325.106630
43.892997, -3.576022, -325.106630
43.895588, -3.576022, -325.106630
43.898251, -3.576022, -325.106630
43.901010, -3.576022, -325.106630
43.903804, -3.576022, -325.106630
43.906659, -3.576022, -325.106630
43.910091, -3.576022, -325.106630
43.913331, -3.573472, -324.874805
43.918986, -3.576022, -325.106630
43.923833, -3.576022, -325.106630
43.927390, -3.576022, -325.106630
43.930608, -3.576022, -325.106630
43.933021, -3.576022, -325.106630
43.935649, -3.576022, -325.106630
43.939522, -3.576022, -325.106630
43.943236, -3.576022, -325.106630
43.947135, -3.576022, -325.106630
43.951262, -3.576022, -325.106630
43.956053, -3.573472, -324.874805
43.959604, -3.576022, -325.106630
43.964172, -3.576022, -325.106630
43.967727, -3.576022, -325.106630
43.971478, -3.576022, -325.106630
43.975786, -3.578572, -325.338454
43.979313, -3.576022, -325.106630
43.984214, -3.576022, -325.106630
43.989523, -3.576022, -325.106630
43.993458, -3.576022, -325.106630
43.996563, -3.576022, -325.106630
43.999687, -3.576022, -325.106630
44.003062, -3.576022, -325.106630
44.006732, -3.576022, -325.106630
44.020384, -3.576022, -325.106630
44.034040, -3.576022, -325.106630
44.076508, -3.576022, -325.106630
44.103724, -3.576022, -325.106630
44.115962, -3.576022, -325.106630
44.120604, -3.576022, -325.106630
44.124824, -3.576022, -325.106630
44.128182, -3.576022, -325.106630
44.130849, -3.576022, -325.106630
44.133328, -3.576022, -325.106630
44.136102, -3.576022, -325.106630
44.139424, -3.576022, -325.106630
44.143706, -3.576022, -325.106630
44.146580, -3.576022, -325.106630
44.149157, -3.576022, -325.106630
44.157694, -3.576022, -325.106630
44.179214, -3.576022, -325.106630
44.201095, -3.576022, -325.106630
44.225028, -3.576022, -325.106630
44.246458, -3.576022, -325.106630
44.253079, -3.576022, -325.106630
44.257943, -3.576022, -325.106630
44.261803, -3.576022, -325.106630
44.265133, -3.576022, -325.106630
44.268480, -3.576022, -325.106630
44.271664, -3.576022, -325.106630
44.274311, -3.576022, -325.106630
44.276602, -3.576022, -325.106630
44.279150, -3.576022, -325.106630
44.281480, -3.576022, -325.106630
44.283794, -3.576022, -325.106630
44.305576, -3.576022, -325.106630
44.328519, -3.576022, -325.106630
44.350314, -3.578572, -325.338454
44.357586, -3.578572, -325.338454
44.361647, -3.576022, -325.106630
44.364684, -3.576022, -325.106630
44.367497, -3.576022, -325.106630
44.371618, -3.576022, -325.106630
44.378925, -3.576022, -325.106630
44.398341, -3.576022, -325.106630
44.419685, -3.576022, -325.106630
44.443371, -3.576022, -325.106630
44.452232, -3.576022, -325.106630
44.457372, -3.576022, -325.106630
44.460495, -3.576022, -325.106630
44.462913, -3.576022, -325.106630
44.465148, -3.576022, -325.106630
44.467406, -3.576022, -325.106630
44.476384, -3.576022, -325.106630
44.484209, -3.576022, -325.106630
44.491128, -3.576022, -325.106630
44.496814, -3.576022, -325.106630
44.502682, -3.576022, -325.106630
44.508597, -3.576022, -325.106630
44.514934, -3.576022, -325.106630
44.520733, -3.576022, -325.106630
44.524471, -3.576022, -325.106630
44.536136, -3.576022, -325.106630
44.556182, -3.576022, -325.106630
44.575215, -3.576022, -325.106630
44.581622, -3.576022, -325.106630
44.584973, -3.576022, -325.106630
44.587690, -3.576022, -325.106630
44.590491, -3.576022, -325.106630
44.593272, -3.576022, -325.106630
44.596124, -3.576022, -325.106630
44.599296, -3.576022, -325.106630
44.603240, -3.576022, -325.106630
44.610648, -3.576022, -325.106630
44.618854, -3.576022, -325.106630
44.627063, -3.576022, -325.106630
44.633981, -3.576022, -325.106630
44.640526, -3.576022, -325.106630
44.645663, -3.576022, -325.106630
44.650295, -3.576022, -325.106630
44.653695, -3.576022, -325.106630
44.657368, -3.576022, -325.106630
44.661590, -3.576022, -325.106630
44.667971, -3.576022, -325.106630
44.672932, -3.576022, -325.106630
44.678412, -3.576022, -325.106630
44.683240, -3.576022, -325.106630
44.687754, -3.576022, -325.106630
44.691173, -3.576022, -325.106630
44.694538, -3.576022, -325.106630
44.697960, -3.576022, -325.106630
44.701447, -3.576022, -325.106630
44.705483, -3.576022, -325.106630
44.709213, -3.576022, -325.106630
44.711324, -3.576022, -325.106630
44.714295, -3.576022, -325.106630
44.720441, -3.576022, -325.106630
44.725258, -3.576022, -325.106630
44.730832, -3.576022, -325.106630
44.733002, -3.576022, -325.106630
44.735703, -3.576022, -325.106630
44.740581, -3.576022, -325.106630
44.744660, -3.576022, -325.106630
44.755226, -3.576022, -325.106630
44.758617, -3.576022, -325.106630
44.764349, -3.576022, -325.106630
44.772905, -3.578572, -325.338454
44.780612, -3.576022, -325.106630
44.786675, -3.576022, -325.106630
44.792944, -3.576022, -325.106630
44.798305, -3.576022, -325.106630
44.803426, -3.576022, -325.106630
44.808490, -3.576022, -325.106630
44.813513, -3.576022, -325.106630
44.817880, -3.576022, -325.106630
44.822145, -3.576022, -325.106630
44.825003, -3.578572, -325.338454
44.830213, -3.576022, -325.106630
44.836766, -3.576022, -325.106630
44.843852, -3.578572, -325.338454
44.852283, -3.576022, -325.106630
44.862567, -3.576022, -325.106630
44.869931, -3.576022, -325.106630
44.873722, -3.576022, -325.106630
44.882814, -3.576022, -325.106630
44.885194, -3.576022, -325.106630
44.893281, -3.576022, -325.106630
44.895548, -3.576022, -325.106630
44.897896, -3.576022, -325.106630
44.900657, -3.576022, -325.106630
44.908295, -3.576022, -325.106630
44.934086, -3.576022, -325.106630
44.956878, -3.576022, -325.106630
44.962943, -3.576022, -325.106630
44.967362, -3.576022, -325.106630
44.971193, -3.576022, -325.106630
44.974871, -3.576022, -325.106630
44.977217, -3.576022, -325.106630
44.979493, -3.576022, -325.106630
44.982090, -3.576022, -325.106630
44.987442, -3.576022, -325.106630
44.994264, -3.576022, -325.106630
45.007419, -3.576022, -325.106630
45.026159, -3.576022, -325.106630
45.031656, -3.576022, -325.106630
45.034751, -3.576022, -325.106630
45.037336, -3.576022, -325.106630
45.039667, -3.576022, -325.106630
45.045116, -3.576022, -325.106630
45.050901, -3.576022, -325.106630
45.056528, -3.576022, -325.106630
45.061731, -3.576022, -325.106630
45.067247, -3.578572, -325.338454
45.073190, -3.576022, -325.106630
45.079209, -3.578572, -325.338454
45.086118, -3.578572, -325.338454
45.091109, -3.578572, -325.338454
45.094293, -3.578572, -325.338454
45.097428, -3.576022, -325.106630
45.106797, -3.576022, -325.106630
45.115905, -3.576022, -325.106630
45.141823, -3.576022, -325.106630
45.158336, -3.576022, -325.106630
45.164420, -3.576022, -325.106630
45.168063, -3.576022, -325.106630
45.170959, -3.576022, -325.106630
45.173898, -3.576022, -325.106630
45.177420, -3.576022, -325.106630
45.180683, -3.576022, -325.106630
45.184733, -3.578572, -325.338454
45.190551, -3.576022, -325.106630
45.193299, -3.576022, -325.106630
45.201639, -3.576022, -325.106630
45.206198, -3.576022, -325.106630
45.212504, -3.576022, -325.106630
45.230975, -3.576022, -325.106630
45.236404, -3.576022, -325.106630
45.256152, -3.576022, -325.106630
45.292726, -3.576022, -325.106630
45.296805, -3.576022, -325.106630
45.299321, -3.576022, -325.106630
45.301556, -3.576022, -325.106630
45.303942, -3.576022, -325.106630
45.307364, -3.578572, -325.338454
45.310311, -3.578572, -325.338454
45.313203, -3.576022, -325.106630
45.332270, -3.576022, -325.106630
45.355959, -3.576022, -325.106630
45.362291, -3.576022, -325.106630
45.365652, -3.576022, -325.106630
45.368503, -3.576022, -325.106630
45.372786, -3.576022, -325.106630
45.386858, -3.576022, -325.106630
45.390231, -3.576022, -325.106630
45.394367, -3.578572, -325.338454
45.401949, -3.578572, -325.338454
45.408940, -3.578572, -325.338454
45.430885, -3.576022, -325.106630
45.438974, -3.576022, -325.106630
45.443766, -3.576022, -325.106630
45.446798, -3.576022, -325.106630
45.450170, -3.576022, -325.106630
45.454425, -3.576022, -325.106630
45.460949, -3.576022, -325.106630
45.475530, -3.576022, -325.106630
45.493739, -3.576022, -325.106630
45.513941, -3.576022, -325.106630
45.519643, -3.578572, -325.338454
45.523722, -3.576022, -325.106630
45.526627, -3.578572, -325.338454
45.529429, -3.578572, -325.338454
45.532519, -3.578572, -325.338454
45.536584, -3.576022, -325.106630
45.541157, -3.576022, -325.106630
45.548189, -3.576022, -325.106630
45.557037, -3.576022, -325.106630
45.565208, -3.576022, -325.106630
45.572660, -3.576022, -325.106630
45.577556, -3.576022, -325.106630
45.581817, -3.576022, -325.106630
45.586894, -3.576022, -325.106630
45.591415, -3.576022, -325.106630
45.595647, -3.576022, -325.106630
45.601608, -3.576022, -325.106630
45.606914, -3.576022, -325.106630
45.611979, -3.576022, -325.106630
45.616921, -3.576022, -325.106630
45.622320, -3.576022, -325.106630
45.629293, -3.576022, -325.106630
45.638967, -3.576022, -325.106630
45.646609, -3.576022, -325.106630
45.653747, -3.576022, -325.106630
45.660679, -3.578572, -325.338454
45.666686, -3.576022, -325.106630
45.672791, -3.576022, -325.106630
45.678081, -3.576022, -325.106630
45.682558, -3.576022, -325.106630
45.685599, -3.576022, -325.106630
45.689118, -3.576022, -325.106630
45.692918, -3.576022, -325.106630
45.697682, -3.576022, -325.106630
45.702224, -3.576022, -325.106630
45.707051, -3.576022, -325.106630
45.712746, -3.576022, -325.106630
45.716543, -3.576022, -325.106630
45.723103, -3.576022, -325.106630
45.727170, -3.576022, -325.106630
45.733728, -3.576022, -325.106630
45.737126, -3.576022, -325.106630
45.743824, -3.576022, -325.106630
45.749246, -3.576022, -325.106630
45.754931, -3.576022, -325.106630
45.757829, -3.576022, -325.106630
45.764173, -3.576022, -325.106630
45.767536, -3.576022, -325.106630
45.772786, -3.576022, -325.106630
45.776002, -3.576022, -325.106630
45.783001, -3.576022, -325.106630
45.786747, -3.578572, -325.338454
45.790170, -3.576022, -325.106630
45.795960, -3.576022, -325.106630
45.799841, -3.576022, -325.106630
45.803092, -3.576022, -325.106630
45.806169, -3.576022, -325.106630
45.810060, -3.576022, -325.106630
45.814202, -3.576022, -325.106630
45.816851, -3.576022, -325.106630
45.819121, -3.576022, -325.106630
45.826329, -3.576022, -325.106630
45.832807, -3.576022, -325.106630
45.840274, -3.576022, -325.106630
45.847247, -3.576022, -325.106630
45.853545, -3.576022, -325.106630
45.859278, -3.578572, -325.338454
45.863312, -3.576022, -325.106630
45.866940, -3.576022, -325.106630
45.870663, -3.576022, -325.106630
45.875075, -3.576022, -325.106630
45.878563, -3.576022, -325.106630
45.880642, -3.576022, -325.106630
45.887196, -3.576022, -325.106630
45.894427, -3.576022, -325.106630
45.898881, -3.576022, -325.106630
45.900934, -3.578572, -325.338454
45.903319, -3.576022, -325.106630
45.910683, -3.576022, -325.106630
45.917999, -3.576022, -325.106630
45.921071, -3.576022, -325.106630
45.928107, -3.576022, -325.106630
45.934855, -3.576022, -325.106630
45.944443, -3.576022, -325.106630
45.951977, -3.576022, -325.106630
45.957013, -3.576022, -325.106630
45.960617, -3.576022, -325.106630
45.964152, -3.576022, -325.106630
45.968548, -3.576022, -325.106630
45.974755, -3.576022, -325.106630
45.980629, -3.578572, -325.338454
45.993825, -3.576022, -325.106630
46.015573, -3.576022, -325.106630
46.020768, -3.576022, -325.106630
46.025392, -3.576022, -325.106630
46.028459, -3.576022, -325.106630
46.031036, -3.576022, -325.106630
46.034420, -3.576022, -325.106630
46.040088, -3.576022, -325.106630
46.048775, -3.578572, -325.338454
46.051925, -3.576022, -325.106630
46.054018, -3.576022, -325.106630
46.061956, -3.578572, -325.338454
46.081272, -3.576022, -325.106630
46.101695, -3.578572, -325.338454
46.111265, -3.576022, -325.106630
46.115507, -3.576022, -325.106630
46.118564, -3.576022, -325.106630
46.121407, -3.576022, -325.106630
46.125005, -3.576022, -325.106630
46.128424, -3.578572, -325.338454
46.132622, -3.576022, -325.106630
46.139272, -3.576022, -325.106630
46.145538, -3.576022, -325.106630
46.151498, -3.576022, -325.106630
46.157348, -3.576022, -325.106630
46.162340, -3.576022, -325.106630
46.166483, -3.576022, -325.106630
46.170659, -3.576022, -325.106630
46.174961, -3.576022, -325.106630
46.180102, -3.576022, -325.106630
46.188277, -3.576022, -325.106630
46.198965, -3.576022, -325.106630
46.208527, -3.576022, -325.106630
46.216099, -3.576022, -325.106630
46.222848, -3.576022, -325.106630
46.229002, -3.576022, -325.106630
46.233465, -3.576022, -325.106630
46.237285, -3.578572, -325.338454
46.241450, -3.576022, -325.106630
46.245847, -3.576022, -325.106630
46.250278, -3.576022, -325.106630
46.254719, -3.576022, -325.106630
46.260132, -3.578572, -325.338454
46.266246, -3.576022, -325.106630
46.269868, -3.576022, -325.106630
46.274385, -3.578572, -325.338454
46.278842, -3.576022, -325.106630
46.285472, -3.578572, -325.338454
46.290863, -3.578572, -325.338454
46.294974, -3.578572, -325.338454
46.299593, -3.578572, -325.338454
46.302871, -3.578572, -325.338454
46.307386, -3.578572, -325.338454
46.310594, -3.576022, -325.106630
46.314368, -3.578572, -325.338454
46.317914, -3.578572, -325.338454
46.323664, -3.576022, -325.106630
46.328804, -3.576022, -325.106630
46.335169, -3.576022, -325.106630
46.357411, -3.576022, -325.106630
46.369473, -3.576022, -325.106630
46.374006, -3.576022, -325.106630
46.376749, -3.576022, -325.106630
46.379920, -3.578572, -325.338454
46.389323, -3.576022, -325.106630
46.393075, -3.578572, -325.338454
46.407491, -3.578572, -325.338454
46.428696, -3.578572, -325.338454
46.441658, -3.576022, -325.106630
46.445640, -3.578572, -325.338454
46.448528, -3.576022, -325.106630
46.451012, -3.576022, -325.106630
46.453714, -3.576022, -325.106630
46.456724, -3.576022, -325.106630
46.459859, -3.576022, -325.106630
46.463236, -3.576022, -325.106630
46.467256, -3.578572, -325.338454
46.471387, -3.578572, -325.338454
46.475940, -3.578572, -325.338454
46.481761, -3.578572, -325.338454
46.487202, -3.578572, -325.338454
46.492610, -3.578572, -325.338454
46.497790, -3.578572, -325.338454
46.502410, -3.576022, -325.106630
46.508403, -3.578572, -325.338454
46.515134, -3.578572, -325.338454
46.522351, -3.578572, -325.338454
46.529928, -3.578572, -325.338454
46.538131, -3.578572, -325.338454
46.547822, -3.578572, -325.338454
46.551580, -3.578572, -325.338454
46.553980, -3.578572, -325.338454
46.557567, -3.578572, -325.338454
46.566951, -3.578572, -325.338454
46.576256, -3.578572, -325.338454
46.583264, -3.578572, -325.338454
46.588772, -3.578572, -325.338454
46.594777, -3.578572, -325.338454
46.599987, -3.578572, -325.338454
46.605062, -3.578572, -325.338454
46.609334, -3.578572, -325.338454
46.613582, -3.578572, -325.338454
46.617144, -3.578572, -325.338454
46.620939, -3.576022, -325.106630
46.624606, -3.578572, -325.338454
46.628030, -3.578572, -325.338454
46.631551, -3.578572, -325.338454
46.634985, -3.578572, -325.338454
46.638983, -3.576022, -325.106630
46.642536, -3.578572, -325.338454
46.646776, -3.578572, -325.338454
46.652223, -3.578572, -325.338454
46.657534, -3.578572, -325.338454
46.664094, -3.578572, -325.338454
46.688737, -3.578572, -325.338454
46.708400, -3.578572, -325.338454
46.713390, -3.578572, -325.338454
46.716565, -3.578572, -325.338454
46.719124, -3.578572, -325.338454
46.721837, -3.578572, -325.338454
46.724888, -3.578572, -325.338454
46.728190, -3.578572, -325.338454
46.731532, -3.578572, -325.338454
46.735353, -3.578572, -325.338454
46.740102, -3.578572, -325.338454
46.745421, -3.578572, -325.338454
46.750054, -3.578572, -325.338454
46.754262, -3.578572, -325.338454
46.758348, -3.578572, -325.338454
46.762420, -3.578572, -325.338454
46.765310, -3.578572, -325.338454
46.768154, -3.578572, -325.338454
46.771380, -3.578572, -325.338454
46.775016, -3.578572, -325.338454
46.778778, -3.578572, -325.338454
46.782372, -3.578572, -325.338454
46.785747, -3.578572, -325.338454
46.789487, -3.578572, -325.338454
46.793093, -3.578572, -325.338454
46.794988, -3.578572, -325.338454
46.800199, -3.578572, -325.338454
46.806072, -3.578572, -325.338454
46.809475, -3.578572, -325.338454
46.812752, -3.578572, -325.338454
46.815988, -3.578572, -325.338454
46.819377, -3.578572, -325.338454
46.826918, -3.578572, -325.338454
46.832440, -3.578572, -325.338454
46.851435, -3.578572, -325.338454
46.861817, -3.578572, -325.338454
46.865691, -3.578572, -325.338454
46.868382, -3.578572, -325.338454
46.871013, -3.578572, -325.338454
46.874315, -3.578572, -325.338454
46.876761, -3.578572, -325.338454
46.879009, -3.578572, -325.338454
46.881477, -3.578572, -325.338454
46.884953, -3.578572, -325.338454
46.894871, -3.578572, -325.338454
46.902422, -3.578572, -325.338454
46.910299, -3.578572, -325.338454
46.936548, -3.578572, -325.338454
46.945528, -3.578572, -325.338454
46.950106, -3.578572, -325.338454
46.952982, -3.581122, -325.570279
46.957227, -3.578572, -325.338454
46.961297, -3.578572, -325.338454
46.966583, -3.578572, -325.338454
46.972465, -3.578572, -325.338454
46.987701, -3.578572, -325.338454
47.012587, -3.578572, -325.338454
47.021053, -3.578572, -325.338454
47.025769, -3.578572, -325.338454
47.028931, -3.578572, -325.338454
47.032618, -3.578572, -325.338454
47.037467, -3.578572, -325.338454
47.045523, -3.578572, -325.338454
47.058732, -3.578572, -325.338454
47.080250, -3.578572, -325.338454
47.095962, -3.581122, -325.570279
47.100314, -3.578572, -325.338454
47.103115, -3.578572, -325.338454
47.106672, -3.578572, -325.338454
47.113257, -3.578572, -325.338454
47.121111, -3.578572, -325.338454
47.124801, -3.578572, -325.338454
47.134529, -3.578572, -325.338454
47.142169, -3.578572, -325.338454
47.144954, -3.578572, -325.338454
47.147368, -3.578572, -325.338454
47.150168, -3.578572, -325.338454
47.153945, -3.581122, -325.570279
47.159360, -3.578572, -325.338454
47.163883, -3.578572, -325.338454
47.176476, -3.578572, -325.338454
47.196409, -3.578572, -325.338454
47.201750, -3.578572, -325.338454
47.205590, -3.578572, -325.338454
47.208234, -3.578572, -325.338454
47.210909, -3.578572, -325.338454
47.213814, -3.578572, -325.338454
47.217109, -3.581122, -325.570279
47.221197, -3.578572, -325.338454
47.226283, -3.578572, -325.338454
47.231772, -3.581122, -325.570279
47.237124, -3.581122, -325.570279
47.241549, -3.578572, -325.338454
47.247389, -3.578572, -325.338454
47.255744, -3.578572, -325.338454
47.261370, -3.578572, -325.338454
47.263513, -3.578572, -325.338454
47.266003, -3.578572, -325.338454
47.269175, -3.578572, -325.338454
47.272933, -3.578572, -325.338454
47.284270, -3.581122, -325.570279
47.305728, -3.578572, -325.338454
47.317015, -3.578572, -325.338454
47.321359, -3.581122, -325.570279
47.324238, -3.581122, -325.570279
47.326698, -3.578572, -325.338454
47.329349, -3.581122, -325.570279
47.332424, -3.578572, -325.338454
47.335853, -3.578572, -325.338454
47.339572, -3.578572, -325.338454
47.343585, -3.578572, -325.338454
47.347846, -3.578572, -325.338454
47.351866, -3.578572, -325.338454
47.354171, -3.581122, -325.570279
47.359116, -3.578572, -325.338454
47.363650, -3.581122, -325.570279
47.367913, -3.578572, -325.338454
47.372186, -3.578572, -325.338454
47.376317, -3.581122, -325.570279
47.380172, -3.581122, -325.570279
47.384365, -3.578572, -325.338454
47.389693, -3.578572, -325.338454
47.395479, -3.581122, -325.570279
47.400466, -3.581122, -325.570279
47.405808, -3.581122, -325.570279
47.423007, -3.578572, -325.338454
47.429283, -3.578572, -325.338454
47.436558, -3.581122, -325.570279
47.458347, -3.578572, -325.338454
47.472163, -3.581122, -325.570279
47.476792, -3.581122, -325.570279
47.479643, -3.581122, -325.570279
47.482309, -3.581122, -325.570279
47.485013, -3.578572, -325.338454
47.487460, -3.578572, -325.338454
47.490133, -3.578572, -325.338454
47.492883, -3.578572, -325.338454
47.496364, -3.578572, -325.338454
47.503691, -3.578572, -325.338454
47.521338, -3.578572, -325.338454
47.542600, -3.578572, -325.338454
47.546708, -3.581122, -325.570279
47.549312, -3.578572, -325.338454
47.551932, -3.578572, -325.338454
47.554989, -3.581122, -325.570279
47.559054, -3.581122, -325.570279
47.561582, -3.578572, -325.338454
47.564312, -3.578572, -325.338454
47.567288, -3.578572, -325.338454
47.570209, -3.578572, -325.338454
47.574176, -3.578572, -325.338454
47.581918, -3.578572, -325.338454
47.606319, -3.578572, -325.338454
47.629274, -3.578572, -325.338454
47.634871, -3.581122, -325.570279
47.638555, -3.581122, -325.570279
47.641508, -3.581122, -325.570279
47.644184, -3.578572, -325.338454
47.646792, -3.581122, -325.570279
47.649243, -3.581122, -325.570279
47.658692, -3.581122, -325.570279
47.665251, -3.578572, -325.338454
47.669230, -3.578572, -325.338454
47.671718, -3.581122, -325.570279
47.676206, -3.581122, -325.570279
47.682131, -3.578572, -325.338454
47.687998, -3.581122, -325.570279
47.694566, -3.581122, -325.570279
47.700654, -3.581122, -325.570279
47.702959, -3.581122, -325.570279
47.705476, -3.581122, -325.570279
47.707934, -3.581122, -325.570279
47.710233, -3.581122, -325.570279
47.713546, -3.581122, -325.570279
47.717818, -3.578572, -325.338454
47.725860, -3.581122, -325.570279
47.749900, -3.578572, -325.338454
47.771361, -3.578572, -325.338454
47.776886, -3.578572, -325.338454
47.780272, -3.581122, -325.570279
47.783003, -3.581122, -325.570279
47.785742, -3.578572, -325.338454
47.788777, -3.578572, -325.338454
47.793669, -3.581122, -325.570279
47.800620, -3.581122, -325.570279
47.803134, -3.578572, -325.338454
47.805461, -3.578572, -325.338454
47.810066, -3.578572, -325.338454
47.812279, -3.578572, -325.338454
47.814812, -3.578572, -325.338454
47.817736, -3.578572, -325.338454
47.820271, -3.581122, -325.570279
47.822559, -3.581122, -325.570279
47.825049, -3.578572, -325.338454
47.827500, -3.581122, -325.570279
47.830287, -3.578572, -325.338454
47.833461, -3.581122, -325.570279
47.836696, -3.578572, -325.338454
47.840016, -3.578572, -325.338454
47.843651, -3.581122, -325.570279
47.847619, -3.578572, -325.338454
47.849653, -3.581122, -325.570279
47.853095, -3.581122, -325.570279
47.856073, -3.581122, -325.570279
47.858761, -3.581122, -325.570279
47.860989, -3.581122, -325.570279
47.863523, -3.581122, -325.570279
47.866720, -3.581122, -325.570279
47.869729, -3.581122, -325.570279
47.872684, -3.578572, -325.338454
47.875694, -3.578572, -325.338454
47.878698, -3.581122, -325.570279
47.881377, -3.581122, -325.570279
47.883946, -3.578572, -325.338454
47.886380, -3.578572, -325.338454
47.889620, -3.578572, -325.338454
47.892075, -3.581122, -325.570279
47.894700, -3.581122, -325.570279
47.897324, -3.578572, -325.338454
47.901065, -3.578572, -325.338454
47.903931, -3.578572, -325.338454
47.907080, -3.578572, -325.338454
47.910087, -3.578572, -325.338454
47.912284, -3.581122, -325.570279
47.914677, -3.578572, -325.338454
47.917505, -3.578572, -325.338454
47.920428, -3.578572, -325.338454
47.923297, -3.578572, -325.338454
47.926525, -3.578572, -325.338454
47.930103, -3.578572, -325.338454
47.932950, -3.578572, -325.338454
47.938820, -3.578572, -325.338454
47.944496, -3.581122, -325.570279
47.948725, -3.581122, -325.570279
47.953578, -3.578572, -325.338454
47.962905, -3.578572, -325.338454
47.981484, -3.581122, -325.570279
47.986736, -3.578572, -325.338454
47.990497, -3.581122, -325.570279
47.993440, -3.578572, -325.338454
47.996352, -3.578572, -325.338454
47.999624, -3.581122, -325.570279
48.003299, -3.578572, -325.338454
48.007381, -3.581122, -325.570279
48.011683, -3.578572, -325.338454
48.016190, -3.581122, -325.570279
48.020834, -3.578572, -325.338454
48.025448, -3.578572, -325.338454
48.029520, -3.578572, -325.338454
48.035130, -3.578572, -325.338454
48.040016, -3.578572, -325.338454
48.043831, -3.578572, -325.338454
48.047561, -3.578572, -325.338454
48.051549, -3.578572, -325.338454
48.056650, -3.578572, -325.338454
48.059119, -3.578572, -325.338454
48.061954, -3.578572, -325.338454
48.065387, -3.578572, -325.338454
48.076955, -3.578572, -325.338454
48.102837, -3.581122, -325.570279
48.118340, -3.581122, -325.570279
48.122985, -3.578572, -325.338454
48.126381, -3.578572, -325.338454
48.129152, -3.581122, -325.570279
48.131550, -3.578572, -325.338454
48.134117, -3.578572, -325.338454
48.136932, -3.578572, -325.338454
48.139991, -3.578572, -325.338454
48.143623, -3.578572, -325.338454
48.147512, -3.581122, -325.570279
48.151430, -3.578572, -325.338454
48.155273, -3.578572, -325.338454
48.159091, -3.581122, -325.570279
48.163006, -3.578572, -325.338454
48.167113, -3.578572, -325.338454
48.171228, -3.578572, -325.338454
48.174598, -3.578572, -325.338454
48.180043, -3.578572, -325.338454
48.184366, -3.581122, -325.570279
48.187741, -3.581122, -325.570279
48.191096, -3.581122, -325.570279
48.195092, -3.578572, -325.338454
48.198242, -3.581122, -325.570279
48.201431, -3.581122, -325.570279
48.204153, -3.578572, -325.338454
48.206803, -3.578572, -325.338454
48.211458, -3.578572, -325.338454
48.217883, -3.578572, -325.338454
48.222080, -3.578572, -325.338454
48.229796, -3.578572, -325.338454
48.235855, -3.578572, -325.338454
48.241269, -3.578572, -325.338454
48.244093, -3.578572, -325.338454
48.250306, -3.581122, -325.570279
48.256655, -3.581122, -325.570279
48.262410, -3.578572, -325.338454
48.269983, -3.578572, -325.338454
48.276590, -3.578572, -325.338454
48.281569, -3.578572, -325.338454
48.286511, -3.578572, -325.338454
48.294118, -3.578572, -325.338454
48.300740, -3.578572, -325.338454
48.309058, -3.578572, -325.338454
48.313942, -3.578572, -325.338454
48.330612, -3.578572, -325.338454
48.355637, -3.578572, -325.338454
48.380061, -3.581122, -325.570279
48.405162, -3.581122, -325.570279
48.430002, -3.578572, -325.338454
48.444189, -3.578572, -325.338454
48.448954, -3.578572, -325.338454
48.452759, -3.578572, -325.338454
48.457004, -3.578572, -325.338454
48.460638, -3.581122, -325.570279
48.464973, -3.578572, -325.338454
48.469709, -3.581122, -325.570279
48.475476, -3.581122, -325.570279
48.478393, -3.581122, -325.570279
48.481089, -3.581122, -325.570279
48.484807, -3.581122, -325.570279
48.490819, -3.581122, -325.570279
48.497975, -3.581122, -325.570279
48.501186, -3.578572, -325.338454
48.507666, -3.578572, -325.338454
48.528746, -3.578572, -325.338454
48.551938, -3.578572, -325.338454
48.579788, -3.578572, -325.338454
48.604459, -3.578572, -325.338454
48.626467, -3.581122, -325.570279
48.632228, -3.578572, -325.338454
48.635700, -3.578572, -325.338454
48.638573, -3.578572, -325.338454
48.641589, -3.581122, -325.570279
48.645344, -3.578572, -325.338454
48.654543, -3.578572, -325.338454
48.656728, -3.578572, -325.338454
48.659223, -3.578572, -325.338454
48.662046, -3.578572, -325.338454
48.664970, -3.578572, -325.338454
48.668475, -3.578572, -325.338454
48.672561, -3.578572, -325.338454
48.676313, -3.578572, -325.338454
48.679507, -3.578572, -325.338454
48.682686, -3.578572, -325.338454
48.685833, -3.581122, -325.570279
48.689149, -3.578572, -325.338454
48.692476, -3.578572, -325.338454
48.694870, -3.581122, -325.570279
48.697676, -3.581122, -325.570279
48.701911, -3.578572, -325.338454
48.709302, -3.578572, -325.338454
48.716653, -3.578572, -325.338454
48.737125, -3.578572, -325.338454
48.744670, -3.578572, -325.338454
48.748190, -3.581122, -325.570279
48.750989, -3.581122, -325.570279
48.753629, -3.578572, -325.338454
48.756171, -3.581122, -325.570279
48.758329, -3.581122, -325.570279
48.760775, -3.581122, -325.570279
48.763688, -3.578572, -325.338454
48.770691, -3.578572, -325.338454
48.779202, -3.578572, -325.338454
48.781464, -3.578572, -325.338454
48.783865, -3.578572, -325.338454
48.786497, -3.578572, -325.338454
48.789276, -3.578572, -325.338454
48.792388, -3.581122, -325.570279
48.795397, -3.578572, -325.338454
48.798538, -3.578572, -325.338454
48.805725, -3.578572, -325.338454
48.809860, -3.578572, -325.338454
48.812421, -3.578572, -325.338454
48.815177, -3.578572, -325.338454
48.818273, -3.578572, -325.338454
48.821324, -3.578572, -325.338454
48.824577, -3.578572, -325.338454
48.827918, -3.578572, -325.338454
48.831099, -3.578572, -325.338454
48.834473, -3.578572, -325.338454
48.837782, -3.581122, -325.570279
48.849308, -3.581122, -325.570279
48.856855, -3.581122, -325.570279
48.860725, -3.578572, -325.338454
48.863353, -3.578572, -325.338454
48.865953, -3.578572, -325.338454
48.868689, -3.578572, -325.338454
48.871571, -3.578572, -325.338454
48.880042, -3.578572, -325.338454
48.888883, -3.578572, -325.338454
48.891132, -3.578572, -325.338454
48.893745, -3.581122, -325.570279
48.896590, -3.578572, -325.338454
48.899572, -3.581122, -325.570279
48.902618, -3.581122, -325.570279
48.907404, -3.581122, -325.570279
48.913546, -3.581122, -325.570279
48.920133, -3.578572, -325.338454
48.927194, -3.581122, -325.570279
48.941771, -3.578572, -325.338454
48.968935, -3.578572, -325.338454
48.998354, -3.578572, -325.338454
49.023544, -3.578572, -325.338454
49.047719, -3.578572, -325.338454
49.073652, -3.578572, -325.338454
49.079155, -3.578572, -325.338454
49.082597, -3.578572, -325.338454
49.085410, -3.581122, -325.570279
49.088381, -3.578572, -325.338454
49.092320, -3.578572, -325.338454
49.111324, -3.578572, -325.338454
49.134411, -3.578572, -325.338454
49.161055, -3.578572, -325.338454
49.182378, -3.578572, -325.338454
49.188204, -3.578572, -325.338454
49.191862, -3.578572, -325.338454
49.194815, -3.578572, -325.338454
49.197690, -3.578572, -325.338454
49.200834, -3.578572, -325.338454
49.204291, -3.578572, -325.338454
49.208015, -3.581122, -325.570279
49.211902, -3.581122, -325.570279
49.216260, -3.578572, -325.338454
49.221526, -3.578572, -325.338454
49.228871, -3.581122, -325.570279
49.237314, -3.581122, -325.570279
49.239798, -3.578572, -325.338454
49.242783, -3.578572, -325.338454
49.245933, -3.578572, -325.338454
49.249173, -3.581122, -325.570279
49.252709, -3.581122, -325.570279
49.256578, -3.581122, -325.570279
49.260421, -3.581122, -325.570279
49.264337, -3.581122, -325.570279
49.268298, -3.581122, -325.570279
49.272495, -3.581122, -325.570279
49.276714, -3.578572, -325.338454
49.280301, -3.578572, -325.338454
49.283666, -3.581122, -325.570279
49.287027, -3.578572, -325.338454
49.290415, -3.578572, -325.338454
49.293819, -3.578572, -325.338454
49.297068, -3.578572, -325.338454
49.300399, -3.581122, -325.570279
49.304336, -3.581122, -325.570279
49.306559, -3.581122, -325.570279
49.309093, -3.581122, -325.570279
49.312351, -3.581122, -325.570279
49.316401, -3.578572, -325.338454
49.328991, -3.578572, -325.338454
49.350825, -3.578572, -325.338454
49.374044, -3.578572, -325.338454
49.396949, -3.578572, -325.338454
49.404467, -3.578572, -325.338454
49.409157, -3.578572, -325.338454
49.412162, -3.578572, -325.338454
49.414876, -3.578572, -325.338454
49.417264, -3.578572, -325.338454
49.419440, -3.578572, -325.338454
49.421802, -3.581122, -325.570279
49.424598, -3.581122, -325.570279
49.427461, -3.578572, -325.338454
49.430536, -3.578572, -325.338454
49.433937, -3.578572, -325.338454
49.437168, -3.578572, -325.338454
49.440424, -3.581122, -325.570279
49.442995, -3.581122, -325.570279
49.445878, -3.581122, -325.570279
49.449328, -3.581122, -325.570279
49.453749, -3.581122, -325.570279
49.476883, -3.581122, -325.570279
49.499148, -3.581122, -325.570279
49.507277, -3.578572, -325.338454
49.511450, -3.581122, -325.570279
49.514333, -3.581122, -325.570279
49.516981, -3.578572, -325.338454
49.522269, -3.578572, -325.338454
49.525446, -3.578572, -325.338454
49.530776, -3.581122, -325.570279
49.536946, -3.581122, -325.570279
49.543627, -3.578572, -325.338454
49.547151, -3.581122, -325.570279
49.550481, -3.581122, -325.570279
49.554211, -3.578572, -325.338454
49.559643, -3.578572, -325.338454
49.563140, -3.578572, -325.338454
49.566255, -3.578572, -325.338454
49.569388, -3.578572, -325.338454
49.572706, -3.581122, -325.570279
49.576250, -3.578572, -325.338454
49.580458, -3.578572, -325.338454
49.589505, -3.578572, -325.338454
49.594176, -3.581122, -325.570279
49.598333, -3.578572, -325.338454
49.601198, -3.578572, -325.338454
49.603529, -3.578572, -325.338454
49.605783, -3.578572, -325.338454
49.608670, -3.581122, -325.570279
49.611297, -3.578572, -325.338454
49.613948, -3.581122, -325.570279
49.616661, -3.581122, -325.570279
49.619429, -3.578572, -325.338454
49.623294, -3.581122, -325.570279
49.626400, -3.578572, -325.338454
49.629476, -3.581122, -325.570279
49.632655, -3.578572, -325.338454
49.635819, -3.581122, -325.570279
49.639331, -3.578572, -325.338454
49.642745, -3.581122, -325.570279
49.648237, -3.578572, -325.338454
49.652926, -3.581122, -325.570279
49.656899, -3.581122, -325.570279
49.660089, -3.581122, -325.570279
49.663001, -3.581122, -325.570279
49.666226, -3.581122, -325.570279
49.668509, -3.581122, -325.570279
49.671178, -3.578572, -325.338454
49.675994, -3.578572, -325.338454
49.679531, -3.578572, -325.338454
49.682737, -3.578572, -325.338454
49.685838, -3.581122, -325.570279
49.687898, -3.581122, -325.570279
49.690938, -3.581122, -325.570279
49.693564, -3.578572, -325.338454
49.696290, -3.578572, -325.338454
49.699251, -3.578572, -325.338454
49.702387, -3.581122, -325.570279
49.704999, -3.581122, -325.570279
49.707891, -3.578572, -325.338454
49.710616, -3.578572, -325.338454
49.713642, -3.581122, -325.570279
49.716206, -3.578572, -325.338454
49.718708, -3.578572, -325.338454
49.721185, -3.578572, -325.338454
49.723782, -3.578572, -325.338454
49.726694, -3.578572, -325.338454
49.729783, -3.578572, -325.338454
49.733173, -3.578572, -325.338454
49.736511, -3.578572, -325.338454
49.738988, -3.581122, -325.570279
49.743111, -3.581122, -325.570279
49.748605, -3.578572, -325.338454
49.753484, -3.578572, -325.338454
49.758046, -3.581122, -325.570279
49.762264, -3.581122, -325.570279
49.766416, -3.578572, -325.338454
49.770247, -3.578572, -325.338454
49.773338, -3.578572, -325.338454
49.776374, -3.578572, -325.338454
49.779206, -3.578572, -325.338454
49.782224, -3.578572, -325.338454
49.785219, -3.578572, -325.338454
49.788412, -3.581122, -325.570279
49.792389, -3.578572, -325.338454
49.795684, -3.578572, -325.338454
49.798391, -3.581122, -325.570279
49.800980, -3.578572, -325.338454
49.803658, -3.578572, -325.338454
49.805951, -3.578572, -325.338454
49.808673, -3.578572, -325.338454
49.811874, -3.581122, -325.570279
49.815050, -3.578572, -325.338454
49.818474, -3.578572, -325.338454
49.821783, -3.578572, -325.338454
49.826823, -3.578572, -325.338454
49.830789, -3.578572, -325.338454
49.833530, -3.581122, -325.570279
49.837183, -3.578572, -325.338454
49.841890, -3.578572, -325.338454
49.845787, -3.578572, -325.338454
49.849181, -3.578572, -325.338454
49.852305, -3.578572, -325.338454
49.855124, -3.578572, -325.338454
49.858309, -3.578572, -325.338454
49.861410, -3.581122, -325.570279
49.865069, -3.578572, -325.338454
49.872178, -3.581122, -325.570279
49.876213, -3.581122, -325.570279
49.879631, -3.581122, -325.570279
49.882956, -3.581122, -325.570279
49.886505, -3.581122, -325.570279
49.889870, -3.581122, -325.570279
49.893010, -3.581122, -325.570279
49.896896, -3.578572, -325.338454
49.901509, -3.581122, -325.570279
49.907883, -3.581122, -325.570279
49.911461, -3.581122, -325.570279
49.913965, -3.578572, -325.338454
49.919381, -3.581122, -325.570279
49.925425, -3.581122, -325.570279
49.937331, -3.578572, -325.338454
49.942586, -3.578572, -325.338454
49.948363, -3.578572, -325.338454
49.955846, -3.581122, -325.570279
49.974941, -3.578572, -325.338454
49.980686, -3.581122, -325.570279
49.983926, -3.578572, -325.338454
49.986544, -3.578572, -325.338454
49.989179, -3.578572, -325.338454
49.991689, -3.581122, -325.570279
49.994761, -3.581122, -325.570279
49.997748, -3.581122, -325.570279
50.000437, -3.581122, -325.570279
50.003103, -3.578572, -325.338454
50.005824, -3.578572, -325.338454
50.008762, -3.578572, -325.338454
50.012176, -3.578572, -325.338454
50.019209, -3.581122, -325.570279
50.031583, -3.578572, -325.338454
50.050636, -3.581122, -325.570279
50.055382, -3.581122, -325.570279
50.058923, -3.581122, -325.570279
50.061481, -3.578572, -325.338454
50.063729, -3.581122, -325.570279
50.066159, -3.581122, -325.570279
50.068923, -3.581122, -325.570279
50.072627, -3.578572, -325.338454
50.075232, -3.578572, -325.338454
50.077518, -3.581122, -325.570279
50.080148, -3.578572, -325.338454
50.082984, -3.581122, -325.570279
50.086581, -3.581122, -325.570279
50.096546, -3.578572, -325.338454
50.120182, -3.581122, -325.570279
50.145504, -3.581122, -325.570279
50.169609, -3.581122, -325.570279
50.190411, -3.581122, -325.570279
50.195876, -3.581122, -325.570279
50.199428, -3.581122, -325.570279
50.202320, -3.581122, -325.570279
50.205371, -3.578572, -325.338454
50.208104, -3.581122, -325.570279
50.210874, -3.578572, -325.338454
50.213858, -3.578572, -325.338454
50.216900, -3.581122, -325.570279
50.221107, -3.581122, -325.570279
50.225165, -3.578572, -325.338454
50.228401, -3.581122, -325.570279
50.231530, -3.578572, -325.338454
50.234693, -3.578572, -325.338454
50.236892, -3.581122, -325.570279
50.239897, -3.581122, -325.570279
50.242959, -3.581122, -325.570279
50.245970, -3.578572, -325.338454
50.249027, -3.578572, -325.338454
50.252580, -3.578572, -325.338454
50.256267, -3.578572, -325.338454
50.260380, -3.578572, -325.338454
50.274380, -3.581122, -325.570279
50.295916, -3.578572, -325.338454
50.318560, -3.578572, -325.338454
50.341052, -3.581122, -325.570279
50.365896, -3.581122, -325.570279
50.373242, -3.581122, -325.570279
50.377166, -3.581122, -325.570279
50.380203, -3.581122, -325.570279
50.383001, -3.581122, -325.570279
50.385984, -3.581122, -325.570279
50.389582, -3.581122, -325.570279
50.394330, -3.581122, -325.570279
50.400008, -3.581122, -325.570279
50.406808, -3.581122, -325.570279
50.412540, -3.581122, -325.570279
50.421424, -3.581122, -325.570279
50.441886, -3.581122, -325.570279
50.463232, -3.581122, -325.570279
50.485473, -3.578572, -325.338454
50.507057, -3.581122, -325.570279
50.528841, -3.578572, -325.338454
50.553281, -3.578572, -325.338454
50.576135, -3.578572, -325.338454
50.582033, -3.578572, -325.338454
50.585206, -3.578572, -325.338454
50.588158, -3.581122, -325.570279
50.591581, -3.581122, -325.570279
50.595328, -3.581122, -325.570279
50.599355, -3.578572, -325.338454
50.603362, -3.581122, -325.570279
50.607809, -3.578572, -325.338454
50.613101, -3.578572, -325.338454
50.618441, -3.581122, -325.570279
50.623999, -3.578572, -325.338454
50.629847, -3.581122, -325.570279
50.636291, -3.578572, -325.338454
50.641568, -3.578572, -325.338454
50.646694, -3.581122, -325.570279
50.653991, -3.578572, -325.338454
50.664781, -3.578572, -325.338454
50.672476, -3.581122, -325.570279
50.679860, -3.581122, -325.570279
50.687099, -3.581122, -325.570279
50.693732, -3.581122, -325.570279
50.700222, -3.581122, -325.570279
50.706131, -3.581122, -325.570279
50.712353, -3.581122, -325.570279
50.717905, -3.581122, -325.570279
50.722337, -3.581122, -325.570279
50.734378, -3.581122, -325.570279
50.755423, -3.581122, -325.570279
50.776549, -3.581122, -325.570279
50.798320, -3.578572, -325.338454
50.819508, -3.581122, -325.570279
50.840753, -3.578572, -325.338454
50.863681, -3.581122, -325.570279
50.870189, -3.581122, -325.570279
50.874059, -3.581122, -325.570279
50.877043, -3.581122, -325.570279
50.879902, -3.581122, -325.570279
50.882979, -3.581122, -325.570279
50.887769, -3.581122, -325.570279
50.894006, -3.578572, -325.338454
50.902288, -3.581122, -325.570279
50.911565, -3.581122, -325.570279
50.919292, -3.578572, -325.338454
50.927277, -3.578572, -325.338454
50.935830, -3.581122, -325.570279
50.951367, -3.578572, -325.338454
50.972664, -3.581122, -325.570279
50.994924, -3.578572, -325.338454
51.017346, -3.581122, -325.570279
51.039316, -3.578572, -325.338454
51.060725, -3.578572, -325.338454
51.067707, -3.578572, -325.338454
51.071613, -3.578572, -325.338454
51.074782, -3.578572, -325.338454
51.077591, -3.578572, -325.338454
51.080721, -3.578572, -325.338454
51.085525, -3.581122, -325.570279
51.103639, -3.581122, -325.570279
51.124223, -3.581122, -325.570279
51.146006, -3.581122, -325.570279
51.167568, -3.581122, -325.570279
51.187681, -3.578572, -325.338454
51.194128, -3.578572, -325.338454
51.198071, -3.581122, -325.570279
51.201293, -3.581122, -325.570279
51.204256, -3.581122, -325.570279
51.207673, -3.578572, -325.338454
51.212036, -3.581122, -325.570279
51.217314, -3.578572, -325.338454
51.224696, -3.578572, -325.338454
51.238798, -3.581122, -325.570279
51.258999, -3.581122, -325.570279
51.275993, -3.581122, -325.570279
51.306335, -3.581122, -325.570279
51.331632, -3.581122, -325.570279
51.356139, -3.578572, -325.338454
51.378738, -3.578572, -325.338454
51.403534, -3.581122, -325.570279
51.423488, -3.581122, -325.570279
51.429683, -3.581122, -325.570279
51.433499, -3.578572, -325.338454
51.436681, -3.581122, -325.570279
51.440317, -3.578572, -325.338454
51.446139, -3.581122, -325.570279
51.466071, -3.581122, -325.570279
51.478607, -3.578572, -325.338454
51.501641, -3.578572, -325.338454
51.526549, -3.578572, -325.338454
51.550972, -3.578572, -325.338454
51.558556, -3.578572, -325.338454
51.562978, -3.578572, -325.338454
51.566202, -3.578572, -325.338454
51.569363, -3.578572, -325.338454
51.574291, -3.581122, -325.570279
51.590619, -3.581122, -325.570279
51.612032, -3.578572, -325.338454
51.637164, -3.578572, -325.338454
51.662548, -3.578572, -325.338454
51.682426, -3.581122, -325.570279
51.687710, -3.578572, -325.338454
51.691282, -3.578572, -325.338454
51.694206, -3.581122, -325.570279
51.697242, -3.581122, -325.570279
51.702279, -3.581122, -325.570279
51.707746, -3.581122, -325.570279
51.711717, -3.581122, -325.570279
51.715307, -3.581122, -325.570279
51.719452, -3.581122, -325.570279
51.730534, -3.581122, -325.570279
51.737212, -3.581122, -325.570279
51.762425, -3.581122, -325.570279
51.787398, -3.581122, -325.570279
51.830803, -3.578572, -325.338454
51.857902, -3.578572, -325.338454
51.900880, -3.578572, -325.338454
51.909520, -3.578572, -325.338454
51.913445, -3.578572, -325.338454
51.916710, -3.581122, -325.570279
51.921554, -3.581122, -325.570279
51.930894, -3.581122, -325.570279
51.934576, -3.581122, -325.570279
51.953910, -3.581122, -325.570279
51.975561, -3.578572, -325.338454
51.997449, -3.578572, -325.338454
52.023202, -3.578572, -325.338454
52.045919, -3.578572, -325.338454
52.067556, -3.578572, -325.338454
52.081183, -3.578572, -325.338454
52.086041, -3.578572, -325.338454
52.089299, -3.578572, -325.338454
52.092333, -3.581122, -325.570279
52.095526, -3.581122, -325.570279
52.099741, -3.578572, -325.338454
52.111587, -3.581122, -325.570279
52.131990, -3.578572, -325.338454
52.153220, -3.581122, -325.570279
52.179041, -3.581122, -325.570279
52.201674, -3.578572, -325.338454
52.223924, -3.578572, -325.338454
52.246196, -3.581122, -325.570279
52.268164, -3.578572, -325.338454
52.286626, -3.581122, -325.570279
52.292650, -3.581122, -325.570279
52.296452, -3.581122, -325.570279
52.299658, -3.581122, -325.570279
52.302610, -3.581122, -325.570279
52.306647, -3.581122, -325.570279
52.316540, -3.581122, -325.570279
52.328635, -3.581122, -325.570279
52.340438, -3.581122, -325.570279
52.349470, -3.581122, -325.570279
52.365994, -3.581122, -325.570279
52.386910, -3.578572, -325.338454
52.411296, -3.581122, -325.570279
52.434269, -3.581122, -325.570279
52.457258, -3.578572, -325.338454
52.481716, -3.581122, -325.570279
52.489670, -3.581122, -325.570279
52.493551, -3.581122, -325.570279
52.496530, -3.581122, -325.570279
52.499120, -3.578572, -325.338454
52.504070, -3.581122, -325.570279
52.507587, -3.578572, -325.338454
52.517144, -3.578572, -325.338454
52.526804, -3.578572, -325.338454
52.536917, -3.578572, -325.338454
52.546721, -3.578572, -325.338454
52.556853, -3.581122, -325.570279
52.565562, -3.581122, -325.570279
52.573270, -3.578572, -325.338454
52.579375, -3.581122, -325.570279
52.586795, -3.581122, -325.570279
52.595490, -3.581122, -325.570279
52.602740, -3.578572, -325.338454
52.607020, -3.581122, -325.570279
52.610059, -3.581122, -325.570279
52.613403, -3.581122, -325.570279
52.616918, -3.578572, -325.338454
52.620571, -3.581122, -325.570279
52.624622, -3.581122, -325.570279
52.628825, -3.581122, -325.570279
52.631546, -3.581122, -325.570279
52.635150, -3.581122, -325.570279
52.639503, -3.581122, -325.570279
52.643284, -3.581122, -325.570279
52.646848, -3.581122, -325.570279
52.650071, -3.581122, -325.570279
52.652710, -3.581122, -325.570279
52.656422, -3.581122, -325.570279
52.659577, -3.581122, -325.570279
52.663568, -3.581122, -325.570279
52.668537, -3.581122, -325.570279
52.674105, -3.578572, -325.338454
52.680284, -3.581122, -325.570279
52.686553, -3.581122, -325.570279
52.694511, -3.578572, -325.338454
52.702016, -3.581122, -325.570279
52.708467, -3.581122, -325.570279
52.714222, -3.581122, -325.570279
52.719661, -3.581122, -325.570279
52.724530, -3.581122, -325.570279
52.728857, -3.578572, -325.338454
52.732952, -3.578572, -325.338454
52.735993, -3.578572, -325.338454
52.739260, -3.581122, -325.570279
52.741999, -3.578572, -325.338454
52.748179, -3.581122, -325.570279
52.762319, -3.581122, -325.570279
52.772424, -3.581122, -325.570279
52.781908, -3.581122, -325.570279
52.787408, -3.581122, -325.570279
52.792102, -3.581122, -325.570279
52.796989, -3.581122, -325.570279
52.800832, -3.581122, -325.570279
52.804462, -3.581122, -325.570279
52.808117, -3.581122, -325.570279
52.811782, -3.581122, -325.570279
52.815410, -3.581122, -325.570279
52.819326, -3.578572, -325.338454
52.825624, -3.581122, -325.570279
52.839740, -3.581122, -325.570279
52.857769, -3.581122, -325.570279
52.882626, -3.581122, -325.570279
52.906884, -3.581122, -325.570279
52.938858, -3.581122, -325.570279
52.965142, -3.578572, -325.338454
52.989599, -3.581122, -325.570279
53.026775, -3.578572, -325.338454
53.032218, -3.578572, -325.338454
53.035643, -3.578572, -325.338454
53.038556, -3.581122, -325.570279
53.044489, -3.578572, -325.338454
53.058223, -3.581122, -325.570279
53.079187, -3.578572, -325.338454
53.100804, -3.581122, -325.570279
53.125235, -3.581122, -325.570279
53.147087, -3.581122, -325.570279
53.177761, -3.581122, -325.570279
53.201452, -3.581122, -325.570279
53.207781, -3.581122, -325.570279
53.211534, -3.578572, -325.338454
53.214664, -3.581122, -325.570279
53.217734, -3.581122, -325.570279
53.221762, -3.578572, -325.338454
53.227823, -3.581122, -325.570279
53.234659, -3.578572, -325.338454
53.242057, -3.581122, -325.570279
53.254994, -3.581122, -325.570279
53.267091, -3.581122, -325.570279
53.274631, -3.581122, -325.570279
53.285253, -3.581122, -325.570279
53.294060, -3.578572, -325.338454
53.301168, -3.581122, -325.570279
53.311503, -3.581122, -325.570279
53.316565, -3.581122, -325.570279
53.320723, -3.581122, -325.570279
53.339331, -3.581122, -325.570279
53.360994, -3.581122, -325.570279
53.382599, -3.581122, -325.570279
53.404791, -3.578572, -325.338454
53.426714, -3.581122, -325.570279
53.447968, -3.581122, -325.570279
53.460438, -3.581122, -325.570279
53.465160, -3.581122, -325.570279
53.468383, -3.581122, -325.570279
53.471300, -3.581122, -325.570279
53.474369, -3.578572, -325.338454
53.478028, -3.581122, -325.570279
53.486921, -3.581122, -325.570279
53.498118, -3.581122, -325.570279
53.507494, -3.581122, -325.570279
53.517235, -3.578572, -325.338454
53.523225, -3.578572, -325.338454
53.534194, -3.581122, -325.570279
53.544078, -3.581122, -325.570279
53.554125, -3.578572, -325.338454
53.568503, -3.581122, -325.570279
53.584510, -3.578572, -325.338454
53.599342, -3.578572, -325.338454
53.607058, -3.578572, -325.338454
53.610890, -3.578572, -325.338454
53.618481, -3.578572, -325.338454
53.626568, -3.581122, -325.570279
53.636362, -3.581122, -325.570279
53.648001, -3.581122, -325.570279
53.667566, -3.581122, -325.570279
53.690854, -3.581122, -325.570279
53.713054, -3.581122, -325.570279
53.737376, -3.581122, -325.570279
53.760948, -3.578572, -325.338454
53.783186, -3.581122, -325.570279
53.804812, -3.578572, -325.338454
53.820777, -3.578572, -325.338454
53.825928, -3.581122, -325.570279
53.829137, -3.581122, -325.570279
53.831852, -3.581122, -325.570279
53.834507, -3.581122, -325.570279
53.837418, -3.581122, -325.570279
53.841020, -3.581122, -325.570279
53.843685, -3.581122, -325.570279
53.847646, -3.581122, -325.570279
53.853336, -3.581122, -325.570279
53.859825, -3.581122, -325.570279
53.867587, -3.581122, -325.570279
53.877796, -3.581122, -325.570279
53.886926, -3.581122, -325.570279
53.891770, -3.581122, -325.570279
53.898590, -3.581122, -325.570279
53.909283, -3.581122, -325.570279
53.923334, -3.581122, -325.570279
53.939208, -3.581122, -325.570279
53.956292, -3.581122, -325.570279
53.978077, -3.578572, -325.338454
54.002798, -3.581122, -325.570279
54.025547, -3.578572, -325.338454
54.048087, -3.581122, -325.570279
54.070997, -3.578572, -325.338454
54.093448, -3.578572, -325.338454
54.115922, -3.578572, -325.338454
54.137719, -3.578572, -325.338454
54.152105, -3.578572, -325.338454
54.157183, -3.581122, -325.570279
54.160636, -3.581122, -325.570279
54.163631, -3.581122, -325.570279
54.166883, -3.581122, -325.570279
54.170383, -3.581122, -325.570279
54.175613, -3.581122, -325.570279
54.194099, -3.581122, -325.570279
54.215164, -3.581122, -325.570279
54.237151, -3.578572, -325.338454
54.262649, -3.581122, -325.570279
54.294426, -3.581122, -325.570279
54.339373, -3.581122, -325.570279
54.374110, -3.581122, -325.570279
54.409597, -3.581122, -325.570279
54.435505, -3.581122, -325.570279
54.459075, -3.581122, -325.570279
54.491078, -3.581122, -325.570279
54.513793, -3.581122, -325.570279
54.522392, -3.581122, -325.570279
54.527307, -3.581122, -325.570279
54.530820, -3.581122, -325.570279
54.534092, -3.581122, -325.570279
54.537590, -3.581122, -325.570279
54.544342, -3.581122, -325.570279
54.559470, -3.581122, -325.570279
54.575080, -3.581122, -325.570279
54.595656, -3.581122, -325.570279
54.612610, -3.578572, -325.338454
54.635860, -3.581122, -325.570279
54.661237, -3.581122, -325.570279
54.686030, -3.581122, -325.570279
54.710370, -3.581122, -325.570279
54.735725, -3.581122, -325.570279
54.757209, -3.581122, -325.570279
54.763247, -3.581122, -325.570279
54.766829, -3.578572, -325.338454
54.769728, -3.578572, -325.338454
54.772815, -3.581122, -325.570279
54.777285, -3.581122, -325.570279
54.784169, -3.578572, -325.338454
54.804010, -3.581122, -325.570279
54.824912, -3.581122, -325.570279
54.847588, -3.581122, -325.570279
54.869401, -3.581122, -325.570279
54.890947, -3.581122, -325.570279
54.901626, -3.581122, -325.570279
54.906200, -3.581122, -325.570279
54.909362, -3.581122, -325.570279
54.912143, -3.581122, -325.570279
54.915221, -3.581122, -325.570279
54.918720, -3.581122, -325.570279
54.922689, -3.581122, -325.570279
54.927779, -3.581122, -325.570279
54.934978, -3.581122, -325.570279
54.951163, -3.581122, -325.570279
54.972033, -3.581122, -325.570279
54.994261, -3.581122, -325.570279
55.018384, -3.581122, -325.570279
55.040044, -3.581122, -325.570279
55.063160, -3.581122, -325.570279
55.083654, -3.581122, -325.570279
55.089965, -3.581122, -325.570279
55.093756, -3.581122, -325.570279
55.096732, -3.581122, -325.570279
55.099570, -3.581122, -325.570279
55.102604, -3.581122, -325.570279
55.106490, -3.581122, -325.570279
55.117690, -3.581122, -325.570279
55.130645, -3.581122, -325.570279
55.143934, -3.581122, -325.570279
55.164194, -3.581122, -325.570279
55.187360, -3.581122, -325.570279
55.213512, -3.581122, -325.570279
55.235626, -3.581122, -325.570279
55.258345, -3.581122, -325.570279
55.280016, -3.581122, -325.570279
55.287124, -3.581122, -325.570279
55.290914, -3.581122, -325.570279
55.293911, -3.583672, -325.802104
55.296832, -3.581122, -325.570279
55.299948, -3.581122, -325.570279
55.303425, -3.581122, -325.570279
55.307693, -3.581122, -325.570279
55.313099, -3.581122, -325.570279
55.318700, -3.581122, -325.570279
55.324164, -3.581122, -325.570279
55.330098, -3.581122, -325.570279
55.333099, -3.581122, -325.570279
55.336381, -3.581122, -325.570279
55.339837, -3.581122, -325.570279
55.343297, -3.583672, -325.802104
55.347316, -3.583672, -325.802104
55.350848, -3.583672, -325.802104
55.354874, -3.581122, -325.570279
55.360230, -3.581122, -325.570279
55.365662, -3.581122, -325.570279
55.370781, -3.581122, -325.570279
55.376475, -3.583672, -325.802104
55.381909, -3.581122, -325.570279
55.387388, -3.581122, -325.570279
55.390659, -3.581122, -325.570279
55.394301, -3.581122, -325.570279
55.398197, -3.581122, -325.570279
55.402059, -3.581122, -325.570279
55.405770, -3.581122, -325.570279
55.409481, -3.581122, -325.570279
55.413131, -3.581122, -325.570279
55.416899, -3.581122, -325.570279
55.420786, -3.581122, -325.570279
55.424053, -3.581122, -325.570279
55.428313, -3.581122, -325.570279
55.436084, -3.581122, -325.570279
55.440502, -3.581122, -325.570279
55.442811, -3.581122, -325.570279
55.445814, -3.581122, -325.570279
55.449770, -3.581122, -325.570279
55.454048, -3.581122, -325.570279
55.458123, -3.581122, -325.570279
55.462386, -3.581122, -325.570279
55.467514, -3.581122, -325.570279
55.471494, -3.581122, -325.570279
55.475461, -3.581122, -325.570279
55.479485, -3.583672, -325.802104
55.483093, -3.581122, -325.570279
55.485704, -3.581122, -325.570279
55.490868, -3.581122, -325.570279
55.496389, -3.581122, -325.570279
55.501351, -3.581122, -325.570279
55.504562, -3.581122, -325.570279
55.507893, -3.581122, -325.570279
55.511490, -3.581122, -325.570279
55.515441, -3.581122, -325.570279
55.519440, -3.581122, -325.570279
55.522749, -3.581122, -325.570279
55.527205, -3.581122, -325.570279
55.531297, -3.581122, -325.570279
55.535270, -3.581122, -325.570279
55.537528, -3.581122, -325.570279
55.541012, -3.581122, -325.570279
55.543431, -3.578572, -325.338454
55.546127, -3.581122, -325.570279
55.552001, -3.581122, -325.570279
55.560232, -3.581122, -325.570279
55.565996, -3.581122, -325.570279
55.568599, -3.581122, -325.570279
55.571480, -3.581122, -325.570279
55.575779, -3.581122, -325.570279
55.581753, -3.581122, -325.570279
55.584904, -3.581122, -325.570279
55.592135, -3.581122, -325.570279
55.598756, -3.581122, -325.570279
55.604487, -3.581122, -325.570279
55.610470, -3.581122, -325.570279
55.615887, -3.581122, -325.570279
55.619606, -3.581122, -325.570279
55.622647, -3.581122, -325.570279
55.625823, -3.581122, -325.570279
55.628501, -3.581122, -325.570279
55.631921, -3.581122, -325.570279
55.635644, -3.581122, -325.570279
55.638988, -3.581122, -325.570279
55.642940, -3.581122, -325.570279
55.647073, -3.581122, -325.570279
55.651221, -3.583672, -325.802104
55.655558, -3.581122, -325.570279
55.659939, -3.581122, -325.570279
55.664351, -3.581122, -325.570279
55.669202, -3.581122, -325.570279
55.675387, -3.581122, -325.570279
55.681409, -3.583672, -325.802104
55.686512, -3.583672, -325.802104
55.691280, -3.581122, -325.570279
55.695860, -3.581122, -325.570279
55.702217, -3.581122, -325.570279
55.713690, -3.581122, -325.570279
55.726059, -3.581122, -325.570279
55.737586, -3.581122, -325.570279
55.741949, -3.581122, -325.570279
55.749933, -3.578572, -325.338454
55.756924, -3.581122, -325.570279
55.763718, -3.581122, -325.570279
55.770176, -3.581122, -325.570279
55.776158, -3.581122, -325.570279
55.782012, -3.581122, -325.570279
55.787492, -3.581122, -325.570279
55.790512, -3.581122, -325.570279
55.793954, -3.581122, -325.570279
55.797729, -3.581122, -325.570279
55.801476, -3.581122, -325.570279
55.805290, -3.581122, -325.570279
55.808970, -3.581122, -325.570279
55.813210, -3.581122, -325.570279
55.816975, -3.581122, -325.570279
55.819642, -3.581122, -325.570279
55.824144, -3.581122, -325.570279
55.827877, -3.581122, -325.570279
55.831589, -3.583672, -325.802104
55.835254, -3.581122, -325.570279
55.839517, -3.581122, -325.570279
55.842687, -3.581122, -325.570279
55.845802, -3.581122, -325.570279
55.849155, -3.581122, -325.570279
55.852370, -3.581122, -325.570279
55.856259, -3.581122, -325.570279
55.860264, -3.581122, -325.570279
55.863425, -3.581122, -325.570279
55.866468, -3.581122, -325.570279
55.869664, -3.581122, -325.570279
55.873196, -3.583672, -325.802104
55.879527, -3.581122, -325.570279
55.886910, -3.581122, -325.570279
55.893384, -3.581122, -325.570279
55.898795, -3.581122, -325.570279
55.904329, -3.578572, -325.338454
55.912690, -3.581122, -325.570279
55.915834, -3.581122, -325.570279
55.918588, -3.581122, -325.570279
55.921365, -3.581122, -325.570279
55.924554, -3.581122, -325.570279
55.927617, -3.583672, -325.802104
55.930844, -3.581122, -325.570279
55.934109, -3.581122, -325.570279
55.937212, -3.581122, -325.570279
55.941051, -3.581122, -325.570279
55.945153, -3.581122, -325.570279
55.949456, -3.581122, -325.570279
55.954344, -3.578572, -325.338454
55.960448, -3.581122, -325.570279
55.967526, -3.581122, -325.570279
55.973800, -3.581122, -325.570279
55.979641, -3.581122, -325.570279
55.986663, -3.583672, -325.802104
55.995100, -3.581122, -325.570279
56.000650, -3.581122, -325.570279
56.003099, -3.581122, -325.570279
56.006057, -3.581122, -325.570279
56.009538, -3.581122, -325.570279
56.011817, -3.581122, -325.570279
56.014003, -3.581122, -325.570279
56.019242, -3.581122, -325.570279
56.024238, -3.581122, -325.570279
56.027696, -3.583672, -325.802104
56.031594, -3.581122, -325.570279
56.038291, -3.581122, -325.570279
56.044153, -3.581122, -325.570279
56.051977, -3.581122, -325.570279
56.059511, -3.581122, -325.570279
56.065294, -3.581122, -325.570279
56.070926, -3.581122, -325.570279
56.077525, -3.578572, -325.338454
56.082754, -3.578572, -325.338454
56.087714, -3.581122, -325.570279
56.093958, -3.581122, -325.570279
56.099671, -3.578572, -325.338454
56.105275, -3.581122, -325.570279
56.111330, -3.581122, -325.570279
56.117095, -3.581122, -325.570279
56.121711, -3.581122, -325.570279
56.124874, -3.581122, -325.570279
56.128078, -3.581122, -325.570279
56.131418, -3.581122, -325.570279
56.135282, -3.578572, -325.338454
56.139370, -3.578572, -325.338454
56.143388, -3.578572, -325.338454
56.147250, -3.581122, -325.570279
56.151213, -3.578572, -325.338454
56.153760, -3.578572, -325.338454
56.157905, -3.578572, -325.338454
56.162844, -3.578572, -325.338454
56.167432, -3.581122, -325.570279
56.172634, -3.581122, -325.570279
56.177729, -3.581122, -325.570279
56.182447, -3.581122, -325.570279
56.185815, -3.578572, -325.338454
56.189304, -3.581122, -325.570279
56.193805, -3.581122, -325.570279
56.198848, -3.581122, -325.570279
56.203376, -3.581122, -325.570279
56.207894, -3.581122, -325.570279
56.212734, -3.581122, -325.570279
56.217945, -3.581122, -325.570279
56.223193, -3.581122, -325.570279
56.228559, -3.581122, -325.570279
56.233654, -3.581122, -325.570279
56.238271, -3.581122, -325.570279
56.243219, -3.581122, -325.570279
56.248161, -3.581122, -325.570279
56.252580, -3.581122, -325.570279
56.256747, -3.578572, -325.338454
56.261345, -3.578572, -325.338454
56.265658, -3.578572, -325.338454
56.269265, -3.581122, -325.570279
56.272454, -3.578572, -325.338454
56.275173, -3.581122, -325.570279
56.279101, -3.581122, -325.570279
56.283082, -3.581122, -325.570279
56.285636, -3.578572, -325.338454
56.288459, -3.581122, -325.570279
56.291071, -3.581122, -325.570279
56.294225, -3.581122, -325.570279
56.297763, -3.581122, -325.570279
56.301712, -3.578572, -325.338454
56.305940, -3.578572, -325.338454
56.311581, -3.578572, -325.338454
56.315048, -3.578572, -325.338454
56.320535, -3.581122, -325.570279
56.325668, -3.578572, -325.338454
56.331052, -3.578572, -325.338454
56.336354, -3.581122, -325.570279
56.341832, -3.581122, -325.570279
56.347354, -3.581122, -325.570279
56.352905, -3.581122, -325.570279
56.358471, -3.581122, -325.570279
56.363567, -3.578572, -325.338454
56.368562, -3.578572, -325.338454
56.372953, -3.578572, -325.338454
56.377217, -3.581122, -325.570279
56.381479, -3.581122, -325.570279
56.385482, -3.581122, -325.570279
56.389248, -3.581122, -325.570279
56.393288, -3.581122, -325.570279
56.397363, -3.581122, -325.570279
56.401799, -3.581122, -325.570279
56.406644, -3.581122, -325.570279
56.411440, -3.578572, -325.338454
56.415968, -3.581122, -325.570279
56.420220, -3.578572, -325.338454
56.425304, -3.578572, -325.338454
56.431044, -3.578572, -325.338454
56.436526, -3.578572, -325.338454
56.441613, -3.581122, -325.570279
56.446058, -3.578572, -325.338454
56.449142, -3.578572, -325.338454
56.451674, -3.581122, -325.570279
56.454625, -3.578572, -325.338454
56.457102, -3.581122, -325.570279
56.460258, -3.578572, -325.338454
56.464392, -3.578572, -325.338454
56.468628, -3.578572, -325.338454
56.473015, -3.578572, -325.338454
56.477897, -3.578572, -325.338454
56.480150, -3.578572, -325.338454
56.483017, -3.578572, -325.338454
56.486367, -3.578572, -325.338454
56.490638, -3.578572, -325.338454
56.495000, -3.581122, -325.570279
56.499170, -3.578572, -325.338454
56.503059, -3.578572, -325.338454
56.507119, -3.578572, -325.338454
56.509965, -3.578572, -325.338454
56.512586, -3.578572, -325.338454
56.515819, -3.578572, -325.338454
56.519245, -3.578572, -325.338454
56.521865, -3.578572, -325.338454
56.525064, -3.578572, -325.338454
56.528860, -3.578572, -325.338454
56.532154, -3.578572, -325.338454
56.535211, -3.581122, -325.570279
56.538220, -3.578572, -325.338454
56.540890, -3.581122, -325.570279
56.544479, -3.578572, -325.338454
56.548453, -3.581122, -325.570279
56.552619, -3.578572, -325.338454
56.557746, -3.578572, -325.338454
56.561735, -3.578572, -325.338454
56.564271, -3.578572, -325.338454
56.567087, -3.578572, -325.338454
56.570094, -3.578572, -325.338454
56.572947, -3.578572, -325.338454
56.577623, -3.578572, -325.338454
56.582841, -3.578572, -325.338454
56.586465, -3.578572, -325.338454
56.591121, -3.578572, -325.338454
56.597519, -3.578572, -325.338454
56.603954, -3.578572, -325.338454
56.609403, -3.581122, -325.570279
56.614745, -3.578572, -325.338454
56.620072, -3.578572, -325.338454
56.626922, -3.578572, -325.338454
56.632788, -3.578572, -325.338454
56.635068, -3.578572, -325.338454
56.637753, -3.578572, -325.338454
56.642834, -3.578572, -325.338454
56.647439, -3.578572, -325.338454
56.651685, -3.581122, -325.570279
56.655735, -3.581122, -325.570279
56.660831, -3.578572, -325.338454
56.664616, -3.578572, -325.338454
56.667101, -3.578572, -325.338454
56.670541, -3.578572, -325.338454
56.674542, -3.578572, -325.338454
56.678038, -3.578572, -325.338454
56.681310, -3.578572, -325.338454
56.684686, -3.578572, -325.338454
56.688253, -3.578572, -325.338454
56.692112, -3.578572, -325.338454
56.694936, -3.581122, -325.570279
56.697259, -3.581122, -325.570279
56.700319, -3.578572, -325.338454
56.703677, -3.581122, -325.570279
56.709655, -3.578572, -325.338454
56.714105, -3.578572, -325.338454
56.716225, -3.578572, -325.338454
56.718977, -3.578572, -325.338454
56.722818, -3.578572, -325.338454
56.726830, -3.578572, -325.338454
56.730684, -3.578572, -325.338454
56.734303, -3.578572, -325.338454
56.736586, -3.578572, -325.338454
56.740056, -3.578572, -325.338454
56.743820, -3.578572, -325.338454
56.747954, -3.578572, -325.338454
56.752017, -3.578572, -325.338454
56.756636, -3.578572, -325.338454
56.763517, -3.578572, -325.338454
56.770198, -3.578572, -325.338454
56.774808, -3.578572, -325.338454
56.778293, -3.578572, -325.338454
56.781258, -3.578572, -325.338454
56.784437, -3.578572, -325.338454
56.786893, -3.578572, -325.338454
56.790437, -3.578572, -325.338454
56.793579, -3.578572, -325.338454
56.797196, -3.578572, -325.338454
56.800193, -3.578572, -325.338454
56.803213, -3.578572, -325.338454
56.807111, -3.578572, -325.338454
56.810416, -3.578572, -325.338454
56.813904, -3.578572, -325.338454
56.817033, -3.578572, -325.338454
56.819381, -3.578572, -325.338454
56.822452, -3.578572, -325.338454
56.825455, -3.578572, -325.338454
56.828819, -3.578572, -325.338454
56.832547, -3.578572, -325.338454
56.836376, -3.578572, -325.338454
56.841663, -3.578572, -325.338454
56.849524, -3.578572, -325.338454
56.855700, -3.578572, -325.338454
56.858272, -3.578572, -325.338454
56.860746, -3.578572, -325.338454
56.863678, -3.578572, -325.338454
56.866648, -3.578572, -325.338454
56.869108, -3.578572, -325.338454
56.872165, -3.578572, -325.338454
56.876225, -3.578572, -325.338454
56.880862, -3.578572, -325.338454
56.885438, -3.578572, -325.338454
56.890424, -3.578572, -325.338454
56.894064, -3.578572, -325.338454
56.897368, -3.578572, -325.338454
56.900474, -3.578572, -325.338454
56.903510, -3.578572, -325.338454
56.906455, -3.578572, -325.338454
56.910475, -3.578572, -325.338454
56.914799, -3.578572, -325.338454
56.919665, -3.576022, -325.106630
56.923471, -3.578572, -325.338454
56.927379, -3.576022, -325.106630
56.931060, -3.576022, -325.106630
56.936711, -3.576022, -325.106630
56.943883, -3.578572, -325.338454
56.950387, -3.578572, -325.338454
56.956070, -3.578572, -325.338454
56.961329, -3.576022, -325.106630
56.966343, -3.576022, -325.106630
56.971129, -3.576022, -325.106630
56.977992, -3.578572, -325.338454
56.982922, -3.578572, -325.338454
56.987414, -3.578572, -325.338454
56.991666, -3.578572, -325.338454
56.996257, -3.576022, -325.106630
57.001198, -3.578572, -325.338454
57.006832, -3.578572, -325.338454
57.012977, -3.578572, -325.338454
57.019827, -3.578572, -325.338454
57.028414, -3.578572, -325.338454
57.035992, -3.576022, -325.106630
57.042450, -3.578572, -325.338454
57.048156, -3.578572, -325.338454
57.053316, -3.578572, -325.338454
57.059493, -3.578572, -325.338454
57.065121, -3.578572, -325.338454
57.070636, -3.578572, -325.338454
57.074642, -3.576022, -325.106630
57.077739, -3.576022, -325.106630
57.083401, -3.576022, -325.106630
57.088714, -3.578572, -325.338454
57.093613, -3.576022, -325.106630
57.098289, -3.576022, -325.106630
57.103744, -3.576022, -325.106630
57.112940, -3.576022, -325.106630
57.116930, -3.576022, -325.106630
57.120163, -3.578572, -325.338454
57.123628, -3.578572, -325.338454
57.126397, -3.578572, -325.338454
57.129237, -3.578572, -325.338454
57.132472, -3.578572, -325.338454
57.136891, -3.576022, -325.106630
57.140797, -3.576022, -325.106630
57.144985, -3.576022, -325.106630
57.149384, -3.576022, -325.106630
57.153748, -3.578572, -325.338454
57.158462, -3.578572, -325.338454
57.165894, -3.578572, -325.338454
57.171951, -3.578572, -325.338454
57.174473, -3.578572, -325.338454
57.177698, -3.578572, -325.338454
57.181781, -3.578572, -325.338454
57.187175, -3.578572, -325.338454
57.193607, -3.578572, -325.338454
57.199050, -3.578572, -325.338454
57.201954, -3.578572, -325.338454
57.206016, -3.578572, -325.338454
57.211131, -3.578572, -325.338454
57.216402, -3.576022, -325.106630
57.221328, -3.578572, -325.338454
57.225482, -3.576022, -325.106630
57.229307, -3.576022, -325.106630
57.234806, -3.576022, -325.106630
57.242414, -3.576022, -325.106630
57.249003, -3.578572, -325.338454
57.257730, -3.578572, -325.338454
57.261837, -3.576022, -325.106630
57.264628, -3.578572, -325.338454
57.267885, -3.578572, -325.338454
57.272802, -3.576022, -325.106630
57.279827, -3.578572, -325.338454
57.284880, -3.576022, -325.106630
57.288693, -3.576022, -325.106630
57.292483, -3.576022, -325.106630
57.296228, -3.576022, -325.106630
57.300019, -3.578572, -325.338454
57.303700, -3.576022, -325.106630
57.308003, -3.578572, -325.338454
57.313459, -3.576022, -325.106630
57.318383, -3.578572, -325.338454
57.323266, -3.578572, -325.338454
57.326861, -3.576022, -325.106630
57.330584, -3.578572, -325.338454
57.334360, -3.576022, -325.106630
57.338234, -3.576022, -325.106630
57.340736, -3.578572, -325.338454
57.343539, -3.578572, -325.338454
57.346820, -3.578572, -325.338454
57.350206, -3.578572, -325.338454
57.354810, -3.578572, -325.338454
57.360086, -3.576022, -325.106630
57.365947, -3.578572, -325.338454
57.372022, -3.578572, -325.338454
57.377415, -3.576022, -325.106630
57.381808, -3.578572, -325.338454
57.386008, -3.578572, -325.338454
57.389863, -3.576022, -325.106630
57.392433, -3.576022, -325.106630
57.395961, -3.576022, -325.106630
57.399519, -3.576022, -325.106630
57.403102, -3.578572, -325.338454
57.407794, -3.576022, -325.106630
57.413427, -3.576022, -325.106630
57.418672, -3.576022, -325.106630
57.423888, -3.578572, -325.338454
57.428718, -3.578572, -325.338454
57.433051, -3.576022, -325.106630
57.437011, -3.576022, -325.106630
57.441665, -3.578572, -325.338454
57.445949, -3.576022, -325.106630
57.450865, -3.576022, -325.106630
57.455433, -3.578572, -325.338454
57.459607, -3.576022, -325.106630
57.463661, -3.576022, -325.106630
57.467585, -3.576022, -325.106630
57.471917, -3.576022, -325.106630
57.476359, -3.576022, -325.106630
57.482022, -3.576022, -325.106630
57.487546, -3.576022, -325.106630
57.490177, -3.576022, -325.106630
57.492621, -3.578572, -325.338454
57.496846, -3.578572, -325.338454
57.500827, -3.578572, -325.338454
57.504518, -3.578572, -325.338454
57.508140, -3.576022, -325.106630
57.512557, -3.578572, -325.338454
57.517326, -3.578572, -325.338454
57.521659, -3.576022, -325.106630
57.526372, -3.576022, -325.106630
57.534110, -3.576022, -325.106630
57.540919, -3.578572, -325.338454
57.547148, -3.576022, -325.106630
57.553082, -3.576022, -325.106630
57.558722, -3.576022, -325.106630
57.565277, -3.576022, -325.106630
57.570664, -3.578572, -325.338454
57.575608, -3.578572, -325.338454
57.580159, -3.578572, -325.338454
57.584512, -3.576022, -325.106630
57.589234, -3.578572, -325.338454
57.593606, -3.576022, -325.106630
57.596108, -3.578572, -325.338454
57.599500, -3.578572, -325.338454
57.602923, -3.576022, -325.106630
57.606862, -3.576022, -325.106630
57.610732, -3.576022, -325.106630
57.616148, -3.578572, -325.338454
57.621951, -3.576022, -325.106630
57.624584, -3.578572, -325.338454
57.627739, -3.576022, -325.106630
57.630963, -3.578572, -325.338454
57.634309, -3.578572, -325.338454
57.638014, -3.576022, -325.106630
57.641356, -3.576022, -325.106630
57.645829, -3.576022, -325.106630
57.651361, -3.576022, -325.106630
57.657303, -3.576022, -325.106630
57.663164, -3.578572, -325.338454
57.668043, -3.578572, -325.338454
57.672427, -3.576022, -325.106630
57.677151, -3.578572, -325.338454
57.681448, -3.578572, -325.338454
57.685561, -3.578572, -325.338454
57.689267, -3.578572, -325.338454
57.691670, -3.578572, -325.338454
57.696520, -3.578572, -325.338454
57.701059, -3.576022, -325.106630
57.705082, -3.578572, -325.338454
57.707570, -3.578572, -325.338454
57.709892, -3.578572, -325.338454
57.712653, -3.578572, -325.338454
57.715051, -3.578572, -325.338454
57.718117, -3.576022, -325.106630
57.721972, -3.576022, -325.106630
57.725863, -3.578572, -325.338454
57.728799, -3.578572, -325.338454
57.732018, -3.578572, -325.338454
57.735581, -3.578572, -325.338454
57.739597, -3.578572, -325.338454
57.742386, -3.578572, -325.338454
57.750877, -3.578572, -325.338454
57.757607, -3.578572, -325.338454
57.763448, -3.576022, -325.106630
57.768787, -3.576022, -325.106630
57.773876, -3.578572, -325.338454
57.780479, -3.578572, -325.338454
57.786441, -3.578572, -325.338454
57.790463, -3.578572, -325.338454
57.792676, -3.578572, -325.338454
57.794904, -3.578572, -325.338454
57.797436, -3.578572, -325.338454
57.800206, -3.576022, -325.106630
57.803336, -3.576022, -325.106630
57.807379, -3.576022, -325.106630
57.812879, -3.578572, -325.338454
57.816352, -3.576022, -325.106630
57.818550, -3.578572, -325.338454
57.821285, -3.576022, -325.106630
57.824527, -3.576022, -325.106630
57.826931, -3.578572, -325.338454
57.830445, -3.578572, -325.338454
57.834471, -3.576022, -325.106630
57.838390, -3.578572, -325.338454
57.842682, -3.578572, -325.338454
57.846791, -3.578572, -325.338454
57.850675, -3.578572, -325.338454
57.854474, -3.578572, -325.338454
57.859048, -3.578572, -325.338454
57.863127, -3.578572, -325.338454
57.867260, -3.578572, -325.338454
57.871173, -3.578572, -325.338454
57.875313, -3.578572, -325.338454
57.879467, -3.578572, -325.338454
57.883493, -3.576022, -325.106630
57.887411, -3.578572, -325.338454
57.891715, -3.578572, -325.338454
57.896233, -3.578572, -325.338454
57.900692, -3.576022, -325.106630
57.905255, -3.578572, -325.338454
57.907544, -3.578572, -325.338454
57.910224, -3.578572, -325.338454
57.913253, -3.576022, -325.106630
57.916272, -3.578572, -325.338454
57.918960, -3.578572, -325.338454
57.921822, -3.578572, -325.338454
57.925147, -3.576022, -325.106630
57.928922, -3.578572, -325.338454
57.932272, -3.578572, -325.338454
57.936600, -3.578572, -325.338454
57.940567, -3.578572, -325.338454
57.943915, -3.578572, -325.338454
57.947431, -3.578572, -325.338454
57.950916, -3.578572, -325.338454
57.954606, -3.578572, -325.338454
57.959209, -3.578572, -325.338454
57.963004, -3.578572, -325.338454
57.966729, -3.578572, -325.338454
57.971010, -3.578572, -325.338454
57.977205, -3.578572, -325.338454
57.980010, -3.578572, -325.338454
57.983603, -3.578572, -325.338454
57.987476, -3.578572, -325.338454
57.992191, -3.578572, -325.338454
57.997401, -3.578572, -325.338454
58.002289, -3.578572, -325.338454
58.006982, -3.578572, -325.338454
58.011826, -3.578572, -325.338454
58.016181, -3.578572, -325.338454
58.020740, -3.578572, -325.338454
58.026874, -3.578572, -325.338454
58.030436, -3.578572, -325.338454
58.033967, -3.578572, -325.338454
58.037554, -3.578572, -325.338454
58.043981, -3.578572, -325.338454
58.049824, -3.578572, -325.338454
58.055687, -3.576022, -325.106630
58.064251, -3.578572, -325.338454
58.074674, -3.578572, -325.338454
58.083136, -3.578572, -325.338454
58.089772, -3.578572, -325.338454
58.095748, -3.576022, -325.106630
58.101213, -3.578572, -325.338454
58.106333, -3.578572, -325.338454
58.110774, -3.578572, -325.338454
58.113307, -3.578572, -325.338454
58.116354, -3.578572, -325.338454
58.119846, -3.578572, -325.338454
58.123570, -3.576022, -325.106630
58.127116, -3.578572, -325.338454
58.131025, -3.578572, -325.338454
58.141075, -3.578572, -325.338454
58.151303, -3.578572, -325.338454
58.161033, -3.578572, -325.338454
58.170002, -3.578572, -325.338454
58.177355, -3.578572, -325.338454
58.183914, -3.578572, -325.338454
58.189693, -3.578572, -325.338454
58.194867, -3.578572, -325.338454
58.200161, -3.578572, -325.338454
58.205054, -3.578572, -325.338454
58.209534, -3.578572, -325.338454
58.213365, -3.578572, -325.338454
58.217130, -3.578572, -325.338454
58.220838, -3.578572, -325.338454
58.225207, -3.578572, -325.338454
58.232555, -3.578572, -325.338454
58.239628, -3.578572, -325.338454
58.245818, -3.578572, -325.338454
58.249903, -3.578572, -325.338454
58.253121, -3.578572, -325.338454
58.256141, -3.578572, -325.338454
58.260118, -3.578572, -325.338454
58.264803, -3.578572, -325.338454
58.269340, -3.578572, -325.338454
58.273009, -3.578572, -325.338454
58.275824, -3.578572, -325.338454
58.279344, -3.578572, -325.338454
58.282724, -3.578572, -325.338454
58.286131, -3.578572, -325.338454
58.289903, -3.578572, -325.338454
58.296095, -3.578572, -325.338454
58.298226, -3.578572, -325.338454
58.300802, -3.578572, -325.338454
58.303967, -3.578572, -325.338454
58.306694, -3.578572, -325.338454
58.309541, -3.578572, -325.338454
58.313020, -3.578572, -325.338454
58.316743, -3.578572, -325.338454
58.320720, -3.578572, -325.338454
58.326994, -3.578572, -325.338454
58.333448, -3.578572, -325.338454
58.337772, -3.578572, -325.338454
58.340231, -3.578572, -325.338454
58.343184, -3.578572, -325.338454
58.346614, -3.578572, -325.338454
58.350356, -3.578572, -325.338454
58.354229, -3.578572, -325.338454
58.358394, -3.578572, -325.338454
58.362125, -3.578572, -325.338454
58.365768, -3.578572, -325.338454
58.369590, -3.578572, -325.338454
58.373434, -3.578572, -325.338454
58.377389, -3.578572, -325.338454
58.382358, -3.578572, -325.338454
58.388569, -3.578572, -325.338454
58.392146, -3.578572, -325.338454
58.394804, -3.578572, -325.338454
58.397627, -3.578572, -325.338454
58.399917, -3.578572, -325.338454
58.403160, -3.578572, -325.338454
58.407213, -3.578572, -325.338454
58.413300, -3.578572, -325.338454
58.420148, -3.576022, -325.106630
58.428249, -3.578572, -325.338454
58.431445, -3.578572, -325.338454
58.435224, -3.578572, -325.338454
58.439222, -3.578572, -325.338454
58.443088, -3.578572, -325.338454
58.446955, -3.578572, -325.338454
58.450653, -3.578572, -325.338454
58.454208, -3.578572, -325.338454
58.457989, -3.578572, -325.338454
58.461514, -3.578572, -325.338454
58.464451, -3.576022, -325.106630
58.468354, -3.578572, -325.338454
58.472486, -3.578572, -325.338454
58.475601, -3.578572, -325.338454
58.478414, -3.578572, -325.338454
58.481367, -3.578572, -325.338454
58.484995, -3.578572, -325.338454
58.488887, -3.578572, -325.338454
58.492083, -3.578572, -325.338454
58.497426, -3.581122, -325.570279
58.500937, -3.578572, -325.338454
58.503500, -3.578572, -325.338454
58.506633, -3.578572, -325.338454
58.509987, -3.578572, -325.338454
58.513670, -3.578572, -325.338454
58.517123, -3.578572, -325.338454
58.521084, -3.578572, -325.338454
58.525088, -3.578572, -325.338454
58.528582, -3.578572, -325.338454
58.532080, -3.578572, -325.338454
58.535371, -3.578572, -325.338454
58.538917, -3.578572, -325.338454
58.542989, -3.578572, -325.338454
58.549304, -3.578572, -325.338454
58.555964, -3.578572, -325.338454
58.558432, -3.578572, -325.338454
58.561244, -3.578572, -325.338454
58.565754, -3.576022, -325.106630
58.571928, -3.578572, -325.338454
58.577783, -3.578572, -325.338454
58.583433, -3.578572, -325.338454
58.588517, -3.578572, -325.338454
58.593655, -3.578572, -325.338454
58.598201, -3.578572, -325.338454
58.602204, -3.578572, -325.338454
58.606081, -3.578572, -325.338454
58.610052, -3.578572, -325.338454
58.614164, -3.578572, -325.338454
58.618955, -3.578572, -325.338454
58.623258, -3.578572, -325.338454
58.625423, -3.578572, -325.338454
58.628032, -3.578572, -325.338454
58.630893, -3.578572, -325.338454
58.633752, -3.578572, -325.338454
58.636598, -3.578572, -325.338454
58.640141, -3.578572, -325.338454
58.644408, -3.578572, -325.338454
58.648869, -3.578572, -325.338454
58.653440, -3.578572, -325.338454
58.658197, -3.578572, -325.338454
58.663521, -3.578572, -325.338454
58.668904, -3.578572, -325.338454
58.675254, -3.578572, -325.338454
58.681039, -3.578572, -325.338454
58.686284, -3.578572, -325.338454
58.691245, -3.578572, -325.338454
58.693960, -3.578572, -325.338454
58.696773, -3.578572, -325.338454
58.699660, -3.578572, -325.338454
58.703207, -3.578572, -325.338454
58.708182, -3.581122, -325.570279
58.712047, -3.578572, -325.338454
58.715554, -3.578572, -325.338454
58.719154, -3.578572, -325.338454
58.722833, -3.578572, -325.338454
58.725970, -3.578572, -325.338454
58.729525, -3.578572, -325.338454
58.733170, -3.578572, -325.338454
58.737700, -3.578572, -325.338454
58.742809, -3.578572, -325.338454
58.747608, -3.578572, -325.338454
58.752004, -3.578572, -325.338454
58.756376, -3.578572, -325.338454
58.760564, -3.578572, -325.338454
58.764544, -3.578572, -325.338454
58.768766, -3.578572, -325.338454
58.772805, -3.578572, -325.338454
58.777549, -3.578572, -325.338454
58.782006, -3.578572, -325.338454
58.784544, -3.578572, -325.338454
58.788756, -3.578572, -325.338454
58.794822, -3.578572, -325.338454
58.802902, -3.578572, -325.338454
58.809598, -3.578572, -325.338454
58.814074, -3.578572, -325.338454
58.817561, -3.578572, -325.338454
58.820376, -3.581122, -325.570279
58.823322, -3.578572, -325.338454
58.825367, -3.578572, -325.338454
58.827797, -3.578572, -325.338454
58.831730, -3.578572, -325.338454
58.838540, -3.578572, -325.338454
58.854944, -3.578572, -325.338454
58.879211, -3.578572, -325.338454
58.903991, -3.578572, -325.338454
58.930181, -3.578572, -325.338454
58.948471, -3.578572, -325.338454
58.954491, -3.578572, -325.338454
58.958023, -3.578572, -325.338454
58.960983, -3.578572, -325.338454
58.964042, -3.578572, -325.338454
58.968589, -3.578572, -325.338454
58.981763, -3.578572, -325.338454
59.001985, -3.578572, -325.338454
59.022721, -3.578572, -325.338454
59.045323, -3.578572, -325.338454
59.058495, -3.578572, -325.338454
59.064011, -3.578572, -325.338454
59.067780, -3.578572, -325.338454
59.070734, -3.578572, -325.338454
59.076509, -3.578572, -325.338454
59.083438, -3.578572, -325.338454
59.101733, -3.578572, -325.338454
59.113459, -3.578572, -325.338454
59.137959, -3.578572, -325.338454
59.158470, -3.578572, -325.338454
59.164807, -3.578572, -325.338454
59.168681, -3.578572, -325.338454
59.172137, -3.578572, -325.338454
59.177058, -3.578572, -325.338454
59.183355, -3.578572, -325.338454
59.189665, -3.578572, -325.338454
59.193018, -3.578572, -325.338454
59.205293, -3.578572, -325.338454
59.211180, -3.578572, -325.338454
59.216236, -3.578572, -325.338454
59.220110, -3.581122, -325.570279
59.225769, -3.578572, -325.338454
59.236093, -3.578572, -325.338454
59.256179, -3.578572, -325.338454
59.279583, -3.578572, -325.338454
59.307669, -3.578572, -325.338454
59.336520, -3.581122, -325.570279
59.365962, -3.581122, -325.570279
59.370705, -3.578572, -325.338454
59.374829, -3.578572, -325.338454
59.377675, -3.578572, -325.338454
59.380754, -3.578572, -325.338454
59.384766, -3.578572, -325.338454
59.391987, -3.578572, -325.338454
59.399435, -3.578572, -325.338454
59.406144, -3.578572, -325.338454
59.412361, -3.578572, -325.338454
59.418507, -3.578572, -325.338454
59.422753, -3.578572, -325.338454
59.425254, -3.578572, -325.338454
59.428706, -3.578572, -325.338454
59.432153, -3.578572, -325.338454
59.435487, -3.578572, -325.338454
59.438870, -3.578572, -325.338454
59.442278, -3.578572, -325.338454
59.445499, -3.578572, -325.338454
59.448718, -3.578572, -325.338454
59.452386, -3.578572, -325.338454
59.455989, -3.578572, -325.338454
59.458254, -3.578572, -325.338454
59.461278, -3.581122, -325.570279
59.465104, -3.581122, -325.570279
59.468893, -3.581122, -325.570279
59.473563, -3.581122, -325.570279
59.478393, -3.581122, -325.570279
59.483515, -3.578572, -325.338454
59.488822, -3.578572, -325.338454
59.494221, -3.578572, -325.338454
59.499921, -3.581122, -325.570279
59.505219, -3.578572, -325.338454
59.509895, -3.578572, -325.338454
59.514156, -3.578572, -325.338454
59.517198, -3.581122, -325.570279
59.519873, -3.581122, -325.570279
59.523379, -3.581122, -325.570279
59.528224, -3.581122, -325.570279
59.533106, -3.581122, -325.570279
59.537635, -3.581122, -325.570279
59.542211, -3.581122, -325.570279
59.544438, -3.581122, -325.570279
59.547195, -3.581122, -325.570279
59.550189, -3.581122, -325.570279
59.553441, -3.581122, -325.570279
59.556759, -3.578572, -325.338454
59.559229, -3.578572, -325.338454
59.561749, -3.578572, -325.338454
59.564995, -3.581122, -325.570279
59.568235, -3.581122, -325.570279
59.572237, -3.581122, -325.570279
59.579650, -3.581122, -325.570279
59.586769, -3.581122, -325.570279
59.590475, -3.581122, -325.570279
59.593029, -3.578572, -325.338454
59.596122, -3.578572, -325.338454
59.599266, -3.581122, -325.570279
59.603491, -3.578572, -325.338454
59.608319, -3.578572, -325.338454
59.612524, -3.578572, -325.338454
59.616382, -3.578572, -325.338454
59.620232, -3.581122, -325.570279
59.624471, -3.581122, -325.570279
59.627390, -3.581122, -325.570279
59.630397, -3.581122, -325.570279
59.633787, -3.581122, -325.570279
59.635973, -3.581122, -325.570279
59.639115, -3.581122, -325.570279
59.644500, -3.581122, -325.570279
59.647457, -3.578572, -325.338454
59.650351, -3.581122, -325.570279
59.653394, -3.581122, -325.570279
59.658737, -3.581122, -325.570279
59.662900, -3.581122, -325.570279
59.666927, -3.581122, -325.570279
59.671159, -3.583672, -325.802104
59.675909, -3.581122, -325.570279
59.682492, -3.581122, -325.570279
59.688256, -3.581122, -325.570279
59.691273, -3.581122, -325.570279
59.693994, -3.578572, -325.338454
59.697261, -3.581122, -325.570279
59.700099, -3.581122, -325.570279
59.702795, -3.581122, -325.570279
59.705583, -3.581122, -325.570279
59.708357, -3.581122, -325.570279
59.711181, -3.581122, -325.570279
59.714329, -3.581122, -325.570279
59.716883, -3.581122, -325.570279
59.719550, -3.581122, -325.570279
59.723312, -3.583672, -325.802104
59.727511, -3.581122, -325.570279
59.731620, -3.581122, -325.570279
59.735762, -3.581122, -325.570279
59.740142, -3.581122, -325.570279
59.744622, -3.578572, -325.338454
59.749646, -3.581122, -325.570279
59.755175, -3.581122, -325.570279
59.759914, -3.581122, -325.570279
59.764672, -3.581122, -325.570279
59.769545, -3.581122, -325.570279
59.774104, -3.583672, -325.802104
59.777582, -3.583672, -325.802104
59.780474, -3.583672, -325.802104
59.783421, -3.581122, -325.570279
59.786532, -3.581122, -325.570279
59.790222, -3.581122, -325.570279
59.795911, -3.581122, -325.570279
59.802517, -3.581122, -325.570279
59.807598, -3.583672, -325.802104
59.813841, -3.583672, -325.802104
59.819815, -3.583672, -325.802104
59.823098, -3.581122, -325.570279
59.828139, -3.583672, -325.802104
59.831203, -3.583672, -325.802104
59.834482, -3.583672, -325.802104
59.838082, -3.583672, -325.802104
59.841585, -3.583672, -325.802104
59.846725, -3.583672, -325.802104
59.851439, -3.581122, -325.570279
59.855924, -3.581122, -325.570279
59.860424, -3.581122, -325.570279
59.864360, -3.581122, -325.570279
59.868104, -3.581122, -325.570279
59.872667, -3.581122, -325.570279
59.878722, -3.583672, -325.802104
59.881960, -3.581122, -325.570279
59.884497, -3.581122, -325.570279
59.887596, -3.583672, -325.802104
59.890414, -3.583672, -325.802104
59.893340, -3.583672, -325.802104
59.897191, -3.581122, -325.570279
59.901366, -3.581122, -325.570279
59.905528, -3.583672, -325.802104
59.908782, -3.581122, -325.570279
59.911534, -3.583672, -325.802104
59.914056, -3.581122, -325.570279
59.917288, -3.581122, -325.570279
59.921217, -3.583672, -325.802104
59.925744, -3.583672, -325.802104
59.929582, -3.583672, -325.802104
59.933766, -3.583672, -325.802104
59.941857, -3.583672, -325.802104
59.945937, -3.583672, -325.802104
59.949824, -3.583672, -325.802104
59.953292, -3.583672, -325.802104
59.957263, -3.583672, -325.802104
59.962377, -3.581122, -325.570279
59.967449, -3.583672, -325.802104
59.975032, -3.583672, -325.802104
59.983470, -3.583672, -325.802104
59.990502, -3.583672, -325.802104
59.997080, -3.583672, -325.802104
60.003108, -3.583672, -325.802104
