Time (s),Voltage (V),Pressure
0.478374, 0.075190, 8.270921
0.518079, 0.075190, 8.270921
0.543380, 0.072641, 7.990538
0.566417, 0.072641, 7.990538
0.610797, 0.075190, 8.270921
0.623961, 0.072641, 7.990538
0.626694, 0.075190, 8.270921
0.628956, 0.072641, 7.990538
0.631093, 0.075190, 8.270921
0.633147, 0.075190, 8.270921
0.635150, 0.075190, 8.270921
0.637107, 0.072641, 7.990538
0.639118, 0.075190, 8.270921
0.641036, 0.075190, 8.270921
0.642942, 0.072641, 7.990538
0.647663, 0.075190, 8.270921
0.649928, 0.072641, 7.990538
0.651723, 0.075190, 8.270921
0.653432, 0.075190, 8.270921
0.655114, 0.075190, 8.270921
0.656801, 0.075190, 8.270921
0.658602, 0.075190, 8.270921
0.660302, 0.072641, 7.990538
0.661971, 0.075190, 8.270921
0.663694, 0.072641, 7.990538
0.665409, 0.075190, 8.270921
0.667237, 0.072641, 7.990538
0.669276, 0.075190, 8.270921
0.671138, 0.072641, 7.990538
0.673002, 0.075190, 8.270921
0.674714, 0.075190, 8.270921
0.676415, 0.075190, 8.270921
0.678242, 0.075190, 8.270921
0.679991, 0.075190, 8.270921
0.681775, 0.075190, 8.270921
0.683581, 0.075190, 8.270921
0.685463, 0.072641, 7.990538
0.687166, 0.075190, 8.270921
0.689000, 0.075190, 8.270921
0.690742, 0.075190, 8.270921
0.692663, 0.075190, 8.270921
0.694394, 0.075190, 8.270921
0.696184, 0.075190, 8.270921
0.698059, 0.075190, 8.270921
0.699898, 0.075190, 8.270921
0.701725, 0.075190, 8.270921
0.703598, 0.075190, 8.270921
0.705305, 0.075190, 8.270921
0.707010, 0.075190, 8.270921
0.708843, 0.072641, 7.990538
0.710674, 0.075190, 8.270921
0.712575, 0.075190, 8.270921
0.714359, 0.075190, 8.270921
0.716142, 0.072641, 7.990538
0.717904, 0.072641, 7.990538
0.719962, 0.072641, 7.990538
0.721955, 0.075190, 8.270921
0.723907, 0.072641, 7.990538
0.725647, 0.075190, 8.270921
0.727379, 0.072641, 7.990538
0.729273, 0.075190, 8.270921
0.731052, 0.075190, 8.270921
0.732924, 0.072641, 7.990538
0.734823, 0.075190, 8.270921
0.736535, 0.075190, 8.270921
0.738261, 0.075190, 8.270921
0.740117, 0.072641, 7.990538
0.741837, 0.072641, 7.990538
0.743545, 0.075190, 8.270921
0.745264, 0.075190, 8.270921
0.747031, 0.075190, 8.270921
0.748857, 0.075190, 8.270921
0.750784, 0.075190, 8.270921
0.752770, 0.072641, 7.990538
0.754575, 0.075190, 8.270921
0.756289, 0.075190, 8.270921
0.758005, 0.075190, 8.270921
0.760055, 0.075190, 8.270921
0.762592, 0.072641, 7.990538
0.764821, 0.075190, 8.270921
0.766788, 0.075190, 8.270921
0.768644, 0.075190, 8.270921
0.770481, 0.075190, 8.270921
0.772474, 0.075190, 8.270921
0.774279, 0.072641, 7.990538
0.775980, 0.075190, 8.270921
0.777698, 0.075190, 8.270921
0.779412, 0.075190, 8.270921
0.781439, 0.075190, 8.270921
0.783276, 0.075190, 8.270921
0.785300, 0.072641, 7.990538
0.787023, 0.072641, 7.990538
0.788732, 0.072641, 7.990538
0.790568, 0.075190, 8.270921
0.792405, 0.072641, 7.990538
0.794319, 0.075190, 8.270921
0.796140, 0.075190, 8.270921
0.797942, 0.075190, 8.270921
0.800387, 0.075190, 8.270921
0.804709, 0.072641, 7.990538
0.870289, 0.072641, 7.990538
0.872764, 0.075190, 8.270921
0.874905, 0.075190, 8.270921
0.876968, 0.072641, 7.990538
0.879066, 0.075190, 8.270921
0.881103, 0.072641, 7.990538
0.883077, 0.075190, 8.270921
0.885004, 0.075190, 8.270921
0.886880, 0.075190, 8.270921
0.888958, 0.075190, 8.270921
0.890979, 0.075190, 8.270921
0.893044, 0.075190, 8.270921
0.895249, 0.075190, 8.270921
0.897368, 0.075190, 8.270921
0.899464, 0.075190, 8.270921
0.901391, 0.075190, 8.270921
0.903255, 0.075190, 8.270921
0.905396, 0.075190, 8.270921
0.907345, 0.075190, 8.270921
0.909388, 0.075190, 8.270921
0.911506, 0.075190, 8.270921
0.913521, 0.075190, 8.270921
0.915461, 0.075190, 8.270921
0.917354, 0.075190, 8.270921
0.919242, 0.075190, 8.270921
0.921364, 0.075190, 8.270921
0.923483, 0.072641, 7.990538
0.925657, 0.072641, 7.990538
0.927590, 0.072641, 7.990538
0.929528, 0.072641, 7.990538
0.931770, 0.072641, 7.990538
0.934024, 0.072641, 7.990538
0.936073, 0.075190, 8.270921
0.938022, 0.075190, 8.270921
0.940174, 0.075190, 8.270921
0.942322, 0.075190, 8.270921
0.944205, 0.075190, 8.270921
0.946048, 0.075190, 8.270921
0.947975, 0.075190, 8.270921
0.949855, 0.075190, 8.270921
0.951737, 0.072641, 7.990538
0.953655, 0.075190, 8.270921
0.955496, 0.075190, 8.270921
0.957367, 0.075190, 8.270921
0.959670, 0.075190, 8.270921
0.961605, 0.075190, 8.270921
0.963772, 0.075190, 8.270921
0.965851, 0.075190, 8.270921
0.968057, 0.075190, 8.270921
0.970478, 0.075190, 8.270921
0.972562, 0.075190, 8.270921
0.974508, 0.075190, 8.270921
0.976253, 0.072641, 7.990538
0.977985, 0.075190, 8.270921
0.979722, 0.075190, 8.270921
0.981607, 0.075190, 8.270921
0.983713, 0.075190, 8.270921
0.985695, 0.075190, 8.270921
0.987443, 0.075190, 8.270921
0.989172, 0.075190, 8.270921
0.990957, 0.075190, 8.270921
0.992705, 0.072641, 7.990538
0.994423, 0.075190, 8.270921
0.996150, 0.075190, 8.270921
0.998012, 0.075190, 8.270921
1.000129, 0.075190, 8.270921
1.002228, 0.075190, 8.270921
1.004077, 0.075190, 8.270921
1.005893, 0.072641, 7.990538
1.007686, 0.075190, 8.270921
1.009486, 0.072641, 7.990538
1.011389, 0.075190, 8.270921
1.013270, 0.075190, 8.270921
1.015112, 0.075190, 8.270921
1.016912, 0.072641, 7.990538
1.018703, 0.075190, 8.270921
1.020537, 0.072641, 7.990538
1.022325, 0.072641, 7.990538
1.024076, 0.075190, 8.270921
1.025843, 0.075190, 8.270921
1.027597, 0.075190, 8.270921
1.029355, 0.075190, 8.270921
1.031233, 0.072641, 7.990538
1.033066, 0.075190, 8.270921
1.034851, 0.075190, 8.270921
1.036662, 0.075190, 8.270921
1.038727, 0.075190, 8.270921
1.040784, 0.075190, 8.270921
1.042794, 0.075190, 8.270921
1.044923, 0.075190, 8.270921
1.046873, 0.075190, 8.270921
1.048724, 0.075190, 8.270921
1.050915, 0.075190, 8.270921
1.052743, 0.072641, 7.990538
1.054484, 0.075190, 8.270921
1.056204, 0.075190, 8.270921
1.057937, 0.075190, 8.270921
1.059674, 0.075190, 8.270921
1.061499, 0.075190, 8.270921
1.063763, 0.075190, 8.270921
1.066996, 0.072641, 7.990538
1.068869, 0.075190, 8.270921
1.070685, 0.075190, 8.270921
1.072502, 0.072641, 7.990538
1.074361, 0.075190, 8.270921
1.076654, 0.075190, 8.270921
1.078415, 0.072641, 7.990538
1.080180, 0.072641, 7.990538
1.082138, 0.075190, 8.270921
1.084217, 0.075190, 8.270921
1.086513, 0.075190, 8.270921
1.088518, 0.075190, 8.270921
1.090533, 0.075190, 8.270921
1.092512, 0.075190, 8.270921
1.094328, 0.075190, 8.270921
1.096577, 0.072641, 7.990538
1.098474, 0.072641, 7.990538
1.100508, 0.075190, 8.270921
1.102600, 0.075190, 8.270921
1.104965, 0.075190, 8.270921
1.106941, 0.075190, 8.270921
1.109032, 0.075190, 8.270921
1.111032, 0.075190, 8.270921
1.112845, 0.075190, 8.270921
1.114702, 0.075190, 8.270921
1.116785, 0.075190, 8.270921
1.118794, 0.075190, 8.270921
1.120540, 0.072641, 7.990538
1.122262, 0.075190, 8.270921
1.124136, 0.075190, 8.270921
1.126220, 0.075190, 8.270921
1.128250, 0.075190, 8.270921
1.130014, 0.075190, 8.270921
1.131909, 0.075190, 8.270921
1.133962, 0.072641, 7.990538
1.135959, 0.075190, 8.270921
1.137706, 0.075190, 8.270921
1.139455, 0.075190, 8.270921
1.141186, 0.075190, 8.270921
1.142926, 0.075190, 8.270921
1.144732, 0.075190, 8.270921
1.146478, 0.075190, 8.270921
1.148356, 0.075190, 8.270921
1.150405, 0.075190, 8.270921
1.152380, 0.075190, 8.270921
1.154186, 0.075190, 8.270921
1.156217, 0.072641, 7.990538
1.158100, 0.075190, 8.270921
1.159943, 0.075190, 8.270921
1.161915, 0.075190, 8.270921
1.163805, 0.075190, 8.270921
1.166097, 0.075190, 8.270921
1.168182, 0.075190, 8.270921
1.170094, 0.075190, 8.270921
1.171954, 0.075190, 8.270921
1.173868, 0.075190, 8.270921
1.175808, 0.075190, 8.270921
1.177736, 0.075190, 8.270921
1.179570, 0.072641, 7.990538
1.181687, 0.072641, 7.990538
1.183584, 0.075190, 8.270921
1.185425, 0.075190, 8.270921
1.187248, 0.072641, 7.990538
1.189056, 0.072641, 7.990538
1.190846, 0.075190, 8.270921
1.192636, 0.075190, 8.270921
1.194407, 0.075190, 8.270921
1.196227, 0.072641, 7.990538
1.198161, 0.075190, 8.270921
1.199989, 0.075190, 8.270921
1.201879, 0.075190, 8.270921
1.204199, 0.075190, 8.270921
1.205984, 0.075190, 8.270921
1.207736, 0.075190, 8.270921
1.209478, 0.075190, 8.270921
1.211216, 0.072641, 7.990538
1.213059, 0.075190, 8.270921
1.214872, 0.075190, 8.270921
1.216918, 0.072641, 7.990538
1.218977, 0.075190, 8.270921
1.220738, 0.075190, 8.270921
1.222478, 0.075190, 8.270921
1.224341, 0.075190, 8.270921
1.226102, 0.072641, 7.990538
1.227839, 0.075190, 8.270921
1.229578, 0.072641, 7.990538
1.231388, 0.072641, 7.990538
1.233378, 0.072641, 7.990538
1.235563, 0.075190, 8.270921
1.237447, 0.072641, 7.990538
1.239502, 0.075190, 8.270921
1.241480, 0.075190, 8.270921
1.243222, 0.075190, 8.270921
1.245177, 0.075190, 8.270921
1.247528, 0.075190, 8.270921
1.249598, 0.072641, 7.990538
1.251544, 0.075190, 8.270921
1.253394, 0.075190, 8.270921
1.256206, 0.075190, 8.270921
1.258346, 0.072641, 7.990538
1.261688, 0.075190, 8.270921
1.263932, 0.072641, 7.990538
1.266153, 0.072641, 7.990538
1.268020, 0.075190, 8.270921
1.269911, 0.075190, 8.270921
1.271580, 0.075190, 8.270921
1.273261, 0.075190, 8.270921
1.275525, 0.075190, 8.270921
1.277523, 0.075190, 8.270921
1.279380, 0.075190, 8.270921
1.281297, 0.075190, 8.270921
1.283141, 0.075190, 8.270921
1.285635, 0.075190, 8.270921
1.287478, 0.072641, 7.990538
1.289330, 0.072641, 7.990538
1.291030, 0.072641, 7.990538
1.292741, 0.075190, 8.270921
1.294502, 0.075190, 8.270921
1.296880, 0.072641, 7.990538
1.298717, 0.075190, 8.270921
1.300634, 0.072641, 7.990538
1.302363, 0.075190, 8.270921
1.304076, 0.075190, 8.270921
1.306323, 0.075190, 8.270921
1.308070, 0.075190, 8.270921
1.309802, 0.072641, 7.990538
1.311506, 0.072641, 7.990538
1.313341, 0.075190, 8.270921
1.315562, 0.072641, 7.990538
1.317413, 0.072641, 7.990538
1.319310, 0.075190, 8.270921
1.321250, 0.075190, 8.270921
1.323098, 0.075190, 8.270921
1.325429, 0.072641, 7.990538
1.329474, 0.075190, 8.270921
1.331910, 0.072641, 7.990538
1.334103, 0.075190, 8.270921
1.336081, 0.075190, 8.270921
1.337912, 0.075190, 8.270921
1.339791, 0.072641, 7.990538
1.342542, 0.075190, 8.270921
1.344563, 0.072641, 7.990538
1.346623, 0.075190, 8.270921
1.348683, 0.075190, 8.270921
1.350502, 0.072641, 7.990538
1.352396, 0.072641, 7.990538
1.354187, 0.075190, 8.270921
1.356061, 0.075190, 8.270921
1.358101, 0.072641, 7.990538
1.359933, 0.072641, 7.990538
1.361714, 0.072641, 7.990538
1.363814, 0.072641, 7.990538
1.365742, 0.072641, 7.990538
1.367690, 0.075190, 8.270921
1.369537, 0.075190, 8.270921
1.371426, 0.075190, 8.270921
1.373998, 0.072641, 7.990538
1.376206, 0.075190, 8.270921
1.378248, 0.072641, 7.990538
1.380316, 0.072641, 7.990538
1.382404, 0.072641, 7.990538
1.384912, 0.075190, 8.270921
1.386933, 0.075190, 8.270921
1.388820, 0.072641, 7.990538
1.390654, 0.072641, 7.990538
1.392461, 0.072641, 7.990538
1.394621, 0.075190, 8.270921
1.396467, 0.075190, 8.270921
1.398594, 0.072641, 7.990538
1.400465, 0.072641, 7.990538
1.402321, 0.075190, 8.270921
1.404497, 0.075190, 8.270921
1.406332, 0.075190, 8.270921
1.408133, 0.072641, 7.990538
1.409945, 0.075190, 8.270921
1.411762, 0.075190, 8.270921
1.413906, 0.072641, 7.990538
1.415882, 0.075190, 8.270921
1.417756, 0.075190, 8.270921
1.419583, 0.072641, 7.990538
1.421417, 0.075190, 8.270921
1.423252, 0.075190, 8.270921
1.425127, 0.075190, 8.270921
1.427023, 0.075190, 8.270921
1.428917, 0.072641, 7.990538
1.430739, 0.075190, 8.270921
1.432767, 0.075190, 8.270921
1.434810, 0.072641, 7.990538
1.436721, 0.072641, 7.990538
1.438649, 0.075190, 8.270921
1.440409, 0.075190, 8.270921
1.442150, 0.075190, 8.270921
1.444068, 0.075190, 8.270921
1.445849, 0.072641, 7.990538
1.447711, 0.075190, 8.270921
1.449643, 0.075190, 8.270921
1.451594, 0.072641, 7.990538
1.453380, 0.075190, 8.270921
1.455230, 0.072641, 7.990538
1.457165, 0.072641, 7.990538
1.462968, 0.072641, 7.990538
1.465288, 0.072641, 7.990538
1.467351, 0.072641, 7.990538
1.469455, 0.072641, 7.990538
1.471294, 0.072641, 7.990538
1.473016, 0.075190, 8.270921
1.474906, 0.075190, 8.270921
1.476653, 0.075190, 8.270921
1.478367, 0.075190, 8.270921
1.480097, 0.075190, 8.270921
1.481900, 0.075190, 8.270921
1.483773, 0.075190, 8.270921
1.485830, 0.075190, 8.270921
1.487574, 0.075190, 8.270921
1.489286, 0.075190, 8.270921
1.490988, 0.075190, 8.270921
1.492707, 0.072641, 7.990538
1.494427, 0.072641, 7.990538
1.496877, 0.072641, 7.990538
1.499914, 0.072641, 7.990538
1.501814, 0.075190, 8.270921
1.503621, 0.075190, 8.270921
1.505530, 0.075190, 8.270921
1.507420, 0.075190, 8.270921
1.509329, 0.075190, 8.270921
1.511209, 0.075190, 8.270921
1.513364, 0.072641, 7.990538
1.516572, 0.072641, 7.990538
1.518982, 0.072641, 7.990538
1.520908, 0.075190, 8.270921
1.522761, 0.072641, 7.990538
1.524563, 0.075190, 8.270921
1.527024, 0.072641, 7.990538
1.529298, 0.075190, 8.270921
1.531782, 0.075190, 8.270921
1.533751, 0.072641, 7.990538
1.535584, 0.075190, 8.270921
1.537395, 0.075190, 8.270921
1.539138, 0.075190, 8.270921
1.540923, 0.072641, 7.990538
1.542684, 0.075190, 8.270921
1.544416, 0.072641, 7.990538
1.546217, 0.072641, 7.990538
1.548190, 0.072641, 7.990538
1.549959, 0.075190, 8.270921
1.551699, 0.075190, 8.270921
1.553449, 0.072641, 7.990538
1.555179, 0.075190, 8.270921
1.557101, 0.072641, 7.990538
1.558993, 0.072641, 7.990538
1.560888, 0.075190, 8.270921
1.562649, 0.072641, 7.990538
1.564493, 0.072641, 7.990538
1.566502, 0.075190, 8.270921
1.568560, 0.072641, 7.990538
1.570280, 0.072641, 7.990538
1.571964, 0.075190, 8.270921
1.573651, 0.072641, 7.990538
1.575349, 0.075190, 8.270921
1.577157, 0.072641, 7.990538
1.578901, 0.072641, 7.990538
1.580675, 0.075190, 8.270921
1.582545, 0.075190, 8.270921
1.584534, 0.072641, 7.990538
1.586414, 0.075190, 8.270921
1.588175, 0.075190, 8.270921
1.589905, 0.072641, 7.990538
1.591605, 0.072641, 7.990538
1.593395, 0.072641, 7.990538
1.595110, 0.072641, 7.990538
1.597317, 0.075190, 8.270921
1.599248, 0.075190, 8.270921
1.601212, 0.075190, 8.270921
1.602912, 0.072641, 7.990538
1.604580, 0.072641, 7.990538
1.606252, 0.075190, 8.270921
1.608213, 0.075190, 8.270921
1.610146, 0.072641, 7.990538
1.611952, 0.072641, 7.990538
1.613830, 0.072641, 7.990538
1.615639, 0.072641, 7.990538
1.617791, 0.075190, 8.270921
1.619743, 0.072641, 7.990538
1.621575, 0.072641, 7.990538
1.623400, 0.072641, 7.990538
1.625168, 0.072641, 7.990538
1.626974, 0.075190, 8.270921
1.628792, 0.075190, 8.270921
1.630594, 0.072641, 7.990538
1.632391, 0.075190, 8.270921
1.634153, 0.075190, 8.270921
1.635911, 0.075190, 8.270921
1.637734, 0.072641, 7.990538
1.639602, 0.072641, 7.990538
1.641361, 0.075190, 8.270921
1.643255, 0.072641, 7.990538
1.645169, 0.075190, 8.270921
1.647111, 0.075190, 8.270921
1.649551, 0.075190, 8.270921
1.652111, 0.072641, 7.990538
1.669326, 0.072641, 7.990538
1.671938, 0.072641, 7.990538
1.674119, 0.072641, 7.990538
1.675879, 0.075190, 8.270921
1.677623, 0.072641, 7.990538
1.679396, 0.072641, 7.990538
1.681160, 0.075190, 8.270921
1.683060, 0.072641, 7.990538
1.684881, 0.075190, 8.270921
1.686639, 0.075190, 8.270921
1.688431, 0.072641, 7.990538
1.690369, 0.072641, 7.990538
1.692246, 0.075190, 8.270921
1.693998, 0.072641, 7.990538
1.695732, 0.072641, 7.990538
1.697499, 0.072641, 7.990538
1.699391, 0.075190, 8.270921
1.701164, 0.072641, 7.990538
1.702898, 0.072641, 7.990538
1.704626, 0.072641, 7.990538
1.706356, 0.075190, 8.270921
1.708092, 0.075190, 8.270921
1.709966, 0.072641, 7.990538
1.711756, 0.075190, 8.270921
1.713550, 0.072641, 7.990538
1.715384, 0.072641, 7.990538
1.717231, 0.075190, 8.270921
1.719346, 0.075190, 8.270921
1.721227, 0.075190, 8.270921
1.723034, 0.072641, 7.990538
1.724775, 0.075190, 8.270921
1.726530, 0.072641, 7.990538
1.728259, 0.072641, 7.990538
1.730069, 0.072641, 7.990538
1.731889, 0.075190, 8.270921
1.733639, 0.075190, 8.270921
1.735359, 0.072641, 7.990538
1.737103, 0.072641, 7.990538
1.738878, 0.075190, 8.270921
1.740634, 0.072641, 7.990538
1.742380, 0.075190, 8.270921
1.744140, 0.075190, 8.270921
1.745901, 0.075190, 8.270921
1.747741, 0.075190, 8.270921
1.749853, 0.072641, 7.990538
1.751835, 0.075190, 8.270921
1.753640, 0.072641, 7.990538
1.755400, 0.075190, 8.270921
1.757131, 0.072641, 7.990538
1.758852, 0.072641, 7.990538
1.760672, 0.072641, 7.990538
1.762409, 0.072641, 7.990538
1.764169, 0.072641, 7.990538
1.765910, 0.072641, 7.990538
1.767620, 0.072641, 7.990538
1.769550, 0.072641, 7.990538
1.771993, 0.072641, 7.990538
1.773969, 0.072641, 7.990538
1.775813, 0.072641, 7.990538
1.777603, 0.072641, 7.990538
1.779411, 0.072641, 7.990538
1.781653, 0.075190, 8.270921
1.783644, 0.075190, 8.270921
1.785538, 0.072641, 7.990538
1.787468, 0.072641, 7.990538
1.789310, 0.075190, 8.270921
1.791099, 0.072641, 7.990538
1.792857, 0.072641, 7.990538
1.794566, 0.072641, 7.990538
1.796334, 0.072641, 7.990538
1.799716, 0.072641, 7.990538
1.802111, 0.075190, 8.270921
1.804050, 0.075190, 8.270921
1.805829, 0.075190, 8.270921
1.807629, 0.072641, 7.990538
1.809432, 0.075190, 8.270921
1.811272, 0.072641, 7.990538
1.813126, 0.072641, 7.990538
1.815011, 0.072641, 7.990538
1.816816, 0.072641, 7.990538
1.818577, 0.072641, 7.990538
1.820345, 0.075190, 8.270921
1.822118, 0.072641, 7.990538
1.823971, 0.072641, 7.990538
1.825800, 0.072641, 7.990538
1.827664, 0.072641, 7.990538
1.829519, 0.075190, 8.270921
1.831792, 0.075190, 8.270921
1.835456, 0.072641, 7.990538
1.838448, 0.072641, 7.990538
1.841886, 0.072641, 7.990538
1.844819, 0.072641, 7.990538
1.847668, 0.075190, 8.270921
1.850287, 0.072641, 7.990538
1.852799, 0.072641, 7.990538
1.855739, 0.075190, 8.270921
1.858767, 0.072641, 7.990538
1.861335, 0.072641, 7.990538
1.864714, 0.072641, 7.990538
1.867935, 0.072641, 7.990538
1.871731, 0.072641, 7.990538
1.874337, 0.072641, 7.990538
1.876974, 0.072641, 7.990538
1.880955, 0.072641, 7.990538
1.884718, 0.075190, 8.270921
1.888362, 0.075190, 8.270921
1.891151, 0.075190, 8.270921
1.894025, 0.072641, 7.990538
1.896719, 0.072641, 7.990538
1.899509, 0.072641, 7.990538
1.901686, 0.075190, 8.270921
1.903691, 0.075190, 8.270921
1.905679, 0.072641, 7.990538
1.907655, 0.075190, 8.270921
1.910382, 0.072641, 7.990538
1.912543, 0.075190, 8.270921
1.914684, 0.075190, 8.270921
1.916490, 0.072641, 7.990538
1.918721, 0.072641, 7.990538
1.922538, 0.075190, 8.270921
1.924471, 0.072641, 7.990538
1.926258, 0.075190, 8.270921
1.928015, 0.072641, 7.990538
1.929976, 0.072641, 7.990538
1.931892, 0.072641, 7.990538
1.933690, 0.072641, 7.990538
1.935436, 0.072641, 7.990538
1.937206, 0.072641, 7.990538
1.939143, 0.072641, 7.990538
1.941152, 0.072641, 7.990538
1.942972, 0.075190, 8.270921
1.944778, 0.072641, 7.990538
1.946663, 0.072641, 7.990538
1.948963, 0.072641, 7.990538
1.951869, 0.072641, 7.990538
1.954812, 0.072641, 7.990538
1.957443, 0.072641, 7.990538
1.959717, 0.075190, 8.270921
1.961963, 0.072641, 7.990538
1.964963, 0.072641, 7.990538
1.967333, 0.072641, 7.990538
1.969757, 0.075190, 8.270921
1.971971, 0.072641, 7.990538
1.974002, 0.072641, 7.990538
1.975997, 0.075190, 8.270921
1.977940, 0.075190, 8.270921
1.980715, 0.075190, 8.270921
1.982834, 0.075190, 8.270921
1.984748, 0.075190, 8.270921
1.986605, 0.072641, 7.990538
1.988468, 0.072641, 7.990538
1.990430, 0.072641, 7.990538
1.992271, 0.072641, 7.990538
1.994094, 0.072641, 7.990538
1.995909, 0.075190, 8.270921
1.997762, 0.075190, 8.270921
1.999663, 0.072641, 7.990538
2.001580, 0.072641, 7.990538
2.003519, 0.072641, 7.990538
2.005621, 0.075190, 8.270921
2.007631, 0.072641, 7.990538
2.009814, 0.072641, 7.990538
2.011886, 0.072641, 7.990538
2.013949, 0.072641, 7.990538
2.016001, 0.072641, 7.990538
2.017941, 0.072641, 7.990538
2.019892, 0.072641, 7.990538
2.021723, 0.072641, 7.990538
2.023544, 0.072641, 7.990538
2.025344, 0.072641, 7.990538
2.027122, 0.072641, 7.990538
2.029103, 0.072641, 7.990538
2.030994, 0.072641, 7.990538
2.032834, 0.072641, 7.990538
2.034668, 0.075190, 8.270921
2.036457, 0.072641, 7.990538
2.038236, 0.072641, 7.990538
2.040491, 0.072641, 7.990538
2.042407, 0.072641, 7.990538
2.044201, 0.072641, 7.990538
2.045993, 0.075190, 8.270921
2.047871, 0.072641, 7.990538
2.049901, 0.072641, 7.990538
2.051782, 0.075190, 8.270921
2.053580, 0.075190, 8.270921
2.055351, 0.072641, 7.990538
2.057138, 0.075190, 8.270921
2.059294, 0.075190, 8.270921
2.062042, 0.075190, 8.270921
2.064393, 0.075190, 8.270921
2.066260, 0.072641, 7.990538
2.068083, 0.075190, 8.270921
2.070007, 0.072641, 7.990538
2.071909, 0.072641, 7.990538
2.073740, 0.072641, 7.990538
2.075552, 0.075190, 8.270921
2.077313, 0.072641, 7.990538
2.079050, 0.072641, 7.990538
2.081030, 0.075190, 8.270921
2.082991, 0.072641, 7.990538
2.085468, 0.075190, 8.270921
2.087264, 0.072641, 7.990538
2.089019, 0.072641, 7.990538
2.090818, 0.072641, 7.990538
2.092596, 0.072641, 7.990538
2.094348, 0.072641, 7.990538
2.096146, 0.072641, 7.990538
2.098005, 0.072641, 7.990538
2.099869, 0.072641, 7.990538
2.101650, 0.072641, 7.990538
2.103553, 0.072641, 7.990538
2.105375, 0.075190, 8.270921
2.107136, 0.072641, 7.990538
2.108906, 0.072641, 7.990538
2.110713, 0.072641, 7.990538
2.112477, 0.072641, 7.990538
2.114319, 0.072641, 7.990538
2.116086, 0.072641, 7.990538
2.117898, 0.072641, 7.990538
2.119725, 0.075190, 8.270921
2.121666, 0.072641, 7.990538
2.123488, 0.072641, 7.990538
2.125266, 0.072641, 7.990538
2.127026, 0.075190, 8.270921
2.128790, 0.072641, 7.990538
2.130606, 0.072641, 7.990538
2.132522, 0.072641, 7.990538
2.134295, 0.072641, 7.990538
2.136039, 0.072641, 7.990538
2.137801, 0.072641, 7.990538
2.139568, 0.072641, 7.990538
2.141508, 0.072641, 7.990538
2.143333, 0.072641, 7.990538
2.145174, 0.072641, 7.990538
2.147061, 0.072641, 7.990538
2.148993, 0.072641, 7.990538
2.150899, 0.072641, 7.990538
2.152808, 0.072641, 7.990538
2.154646, 0.072641, 7.990538
2.156465, 0.072641, 7.990538
2.158262, 0.075190, 8.270921
2.160050, 0.072641, 7.990538
2.162017, 0.072641, 7.990538
2.164140, 0.075190, 8.270921
2.166044, 0.072641, 7.990538
2.167864, 0.072641, 7.990538
2.169658, 0.072641, 7.990538
2.171531, 0.072641, 7.990538
2.173442, 0.072641, 7.990538
2.175259, 0.075190, 8.270921
2.177041, 0.072641, 7.990538
2.178820, 0.072641, 7.990538
2.180630, 0.075190, 8.270921
2.182704, 0.072641, 7.990538
2.184561, 0.072641, 7.990538
2.186367, 0.072641, 7.990538
2.188157, 0.075190, 8.270921
2.189946, 0.075190, 8.270921
2.191805, 0.075190, 8.270921
2.193648, 0.075190, 8.270921
2.195438, 0.072641, 7.990538
2.197296, 0.072641, 7.990538
2.199182, 0.072641, 7.990538
2.201012, 0.072641, 7.990538
2.202850, 0.072641, 7.990538
2.204632, 0.075190, 8.270921
2.206442, 0.075190, 8.270921
2.208305, 0.072641, 7.990538
2.210064, 0.072641, 7.990538
2.211872, 0.075190, 8.270921
2.213637, 0.072641, 7.990538
2.215509, 0.075190, 8.270921
2.217348, 0.072641, 7.990538
2.219116, 0.075190, 8.270921
2.220886, 0.072641, 7.990538
2.222780, 0.072641, 7.990538
2.224632, 0.072641, 7.990538
2.226415, 0.072641, 7.990538
2.228228, 0.075190, 8.270921
2.230084, 0.075190, 8.270921
2.232211, 0.072641, 7.990538
2.234189, 0.072641, 7.990538
2.236022, 0.072641, 7.990538
2.237780, 0.072641, 7.990538
2.239531, 0.072641, 7.990538
2.241277, 0.072641, 7.990538
2.243127, 0.072641, 7.990538
2.244909, 0.072641, 7.990538
2.246658, 0.072641, 7.990538
2.248641, 0.072641, 7.990538
2.250440, 0.072641, 7.990538
2.252328, 0.075190, 8.270921
2.254166, 0.072641, 7.990538
2.255910, 0.072641, 7.990538
2.257675, 0.072641, 7.990538
2.259409, 0.072641, 7.990538
2.261125, 0.075190, 8.270921
2.264202, 0.075190, 8.270921
2.266212, 0.072641, 7.990538
2.268089, 0.072641, 7.990538
2.270998, 0.075190, 8.270921
2.272937, 0.072641, 7.990538
2.274754, 0.072641, 7.990538
2.276578, 0.072641, 7.990538
2.278380, 0.072641, 7.990538
2.280160, 0.072641, 7.990538
2.282171, 0.072641, 7.990538
2.284122, 0.072641, 7.990538
2.285929, 0.072641, 7.990538
2.287638, 0.072641, 7.990538
2.289349, 0.072641, 7.990538
2.291079, 0.072641, 7.990538
2.293234, 0.072641, 7.990538
2.295492, 0.072641, 7.990538
2.297515, 0.075190, 8.270921
2.299303, 0.072641, 7.990538
2.301038, 0.072641, 7.990538
2.302794, 0.072641, 7.990538
2.304580, 0.072641, 7.990538
2.306321, 0.072641, 7.990538
2.308034, 0.075190, 8.270921
2.309734, 0.072641, 7.990538
2.311443, 0.072641, 7.990538
2.313252, 0.072641, 7.990538
2.315110, 0.072641, 7.990538
2.316850, 0.075190, 8.270921
2.318568, 0.072641, 7.990538
2.320273, 0.070092, 7.710155
2.321972, 0.072641, 7.990538
2.323706, 0.072641, 7.990538
2.325421, 0.072641, 7.990538
2.327132, 0.072641, 7.990538
2.328842, 0.072641, 7.990538
2.330596, 0.072641, 7.990538
2.332374, 0.072641, 7.990538
2.334500, 0.072641, 7.990538
2.336577, 0.072641, 7.990538
2.338566, 0.072641, 7.990538
2.340488, 0.072641, 7.990538
2.342328, 0.072641, 7.990538
2.344409, 0.072641, 7.990538
2.346311, 0.075190, 8.270921
2.348292, 0.072641, 7.990538
2.350194, 0.072641, 7.990538
2.352060, 0.072641, 7.990538
2.354172, 0.072641, 7.990538
2.356340, 0.072641, 7.990538
2.358382, 0.075190, 8.270921
2.360275, 0.072641, 7.990538
2.362149, 0.072641, 7.990538
2.364069, 0.072641, 7.990538
2.365999, 0.072641, 7.990538
2.367787, 0.072641, 7.990538
2.369533, 0.072641, 7.990538
2.371271, 0.072641, 7.990538
2.373171, 0.072641, 7.990538
2.375302, 0.072641, 7.990538
2.377212, 0.072641, 7.990538
2.379028, 0.072641, 7.990538
2.381055, 0.072641, 7.990538
2.382995, 0.072641, 7.990538
2.384771, 0.072641, 7.990538
2.386565, 0.072641, 7.990538
2.388324, 0.072641, 7.990538
2.390983, 0.072641, 7.990538
2.393486, 0.072641, 7.990538
2.395527, 0.072641, 7.990538
2.397513, 0.072641, 7.990538
2.399604, 0.072641, 7.990538
2.401633, 0.072641, 7.990538
2.403645, 0.072641, 7.990538
2.405834, 0.072641, 7.990538
2.407723, 0.072641, 7.990538
2.409667, 0.072641, 7.990538
2.411989, 0.072641, 7.990538
2.414442, 0.072641, 7.990538
2.416629, 0.072641, 7.990538
2.418658, 0.075190, 8.270921
2.420680, 0.072641, 7.990538
2.422672, 0.072641, 7.990538
2.424637, 0.075190, 8.270921
2.426942, 0.075190, 8.270921
2.430120, 0.072641, 7.990538
2.433448, 0.072641, 7.990538
2.436016, 0.072641, 7.990538
2.438681, 0.072641, 7.990538
2.440761, 0.072641, 7.990538
2.443106, 0.072641, 7.990538
2.445106, 0.072641, 7.990538
2.447424, 0.072641, 7.990538
2.449725, 0.072641, 7.990538
2.451985, 0.075190, 8.270921
2.454221, 0.072641, 7.990538
2.456260, 0.072641, 7.990538
2.458263, 0.072641, 7.990538
2.460248, 0.072641, 7.990538
2.462349, 0.072641, 7.990538
2.464590, 0.072641, 7.990538
2.466751, 0.072641, 7.990538
2.468802, 0.072641, 7.990538
2.471361, 0.072641, 7.990538
2.473713, 0.072641, 7.990538
2.475755, 0.072641, 7.990538
2.477688, 0.072641, 7.990538
2.479618, 0.072641, 7.990538
2.481648, 0.072641, 7.990538
2.483715, 0.072641, 7.990538
2.485668, 0.072641, 7.990538
2.487589, 0.072641, 7.990538
2.489518, 0.072641, 7.990538
2.491416, 0.072641, 7.990538
2.493404, 0.072641, 7.990538
2.495295, 0.072641, 7.990538
2.497194, 0.072641, 7.990538
2.499040, 0.072641, 7.990538
2.500815, 0.075190, 8.270921
2.502728, 0.072641, 7.990538
2.504569, 0.072641, 7.990538
2.506539, 0.072641, 7.990538
2.508246, 0.072641, 7.990538
2.509913, 0.075190, 8.270921
2.511651, 0.075190, 8.270921
2.513633, 0.072641, 7.990538
2.515576, 0.072641, 7.990538
2.517491, 0.072641, 7.990538
2.519276, 0.072641, 7.990538
2.521039, 0.072641, 7.990538
2.522964, 0.072641, 7.990538
2.524698, 0.072641, 7.990538
2.526414, 0.075190, 8.270921
2.528103, 0.072641, 7.990538
2.529816, 0.072641, 7.990538
2.531550, 0.072641, 7.990538
2.533497, 0.072641, 7.990538
2.535344, 0.072641, 7.990538
2.537282, 0.072641, 7.990538
2.539023, 0.072641, 7.990538
2.540708, 0.072641, 7.990538
2.542548, 0.075190, 8.270921
2.544386, 0.072641, 7.990538
2.546299, 0.075190, 8.270921
2.548134, 0.075190, 8.270921
2.550011, 0.072641, 7.990538
2.551928, 0.072641, 7.990538
2.553850, 0.075190, 8.270921
2.555699, 0.075190, 8.270921
2.557513, 0.072641, 7.990538
2.559192, 0.072641, 7.990538
2.560865, 0.072641, 7.990538
2.562742, 0.072641, 7.990538
2.565007, 0.072641, 7.990538
2.566935, 0.072641, 7.990538
2.568857, 0.075190, 8.270921
2.570548, 0.072641, 7.990538
2.572210, 0.072641, 7.990538
2.573990, 0.075190, 8.270921
2.575846, 0.072641, 7.990538
2.577654, 0.075190, 8.270921
2.579337, 0.072641, 7.990538
2.581147, 0.072641, 7.990538
2.583121, 0.075190, 8.270921
2.585021, 0.075190, 8.270921
2.586696, 0.072641, 7.990538
2.588353, 0.072641, 7.990538
2.590015, 0.075190, 8.270921
2.591681, 0.072641, 7.990538
2.593508, 0.072641, 7.990538
2.595353, 0.072641, 7.990538
2.597311, 0.075190, 8.270921
2.599085, 0.072641, 7.990538
2.600978, 0.075190, 8.270921
2.602977, 0.072641, 7.990538
2.604840, 0.072641, 7.990538
2.606600, 0.072641, 7.990538
2.608370, 0.072641, 7.990538
2.610124, 0.075190, 8.270921
2.611864, 0.072641, 7.990538
2.613817, 0.072641, 7.990538
2.615655, 0.072641, 7.990538
2.617401, 0.072641, 7.990538
2.619114, 0.072641, 7.990538
2.620822, 0.072641, 7.990538
2.622506, 0.072641, 7.990538
2.624467, 0.072641, 7.990538
2.626235, 0.072641, 7.990538
2.628016, 0.072641, 7.990538
2.629789, 0.072641, 7.990538
2.631665, 0.075190, 8.270921
2.633603, 0.075190, 8.270921
2.635506, 0.072641, 7.990538
2.637353, 0.072641, 7.990538
2.639143, 0.072641, 7.990538
2.640929, 0.072641, 7.990538
2.642698, 0.072641, 7.990538
2.644807, 0.072641, 7.990538
2.647155, 0.072641, 7.990538
2.650390, 0.072641, 7.990538
2.653860, 0.072641, 7.990538
2.657390, 0.072641, 7.990538
2.661213, 0.072641, 7.990538
2.664436, 0.072641, 7.990538
2.666882, 0.072641, 7.990538
2.668950, 0.072641, 7.990538
2.671874, 0.072641, 7.990538
2.673852, 0.075190, 8.270921
2.675825, 0.075190, 8.270921
2.677676, 0.072641, 7.990538
2.679482, 0.072641, 7.990538
2.681296, 0.072641, 7.990538
2.683030, 0.072641, 7.990538
2.684846, 0.072641, 7.990538
2.686602, 0.075190, 8.270921
2.688326, 0.072641, 7.990538
2.690124, 0.072641, 7.990538
2.691833, 0.072641, 7.990538
2.693535, 0.072641, 7.990538
2.695323, 0.072641, 7.990538
2.697233, 0.072641, 7.990538
2.699063, 0.072641, 7.990538
2.700861, 0.072641, 7.990538
2.702625, 0.072641, 7.990538
2.704387, 0.072641, 7.990538
2.706304, 0.075190, 8.270921
2.708135, 0.072641, 7.990538
2.709965, 0.075190, 8.270921
2.711708, 0.072641, 7.990538
2.713465, 0.072641, 7.990538
2.715435, 0.072641, 7.990538
2.717427, 0.072641, 7.990538
2.719258, 0.072641, 7.990538
2.721022, 0.072641, 7.990538
2.722791, 0.075190, 8.270921
2.724527, 0.072641, 7.990538
2.726345, 0.072641, 7.990538
2.728129, 0.072641, 7.990538
2.729928, 0.072641, 7.990538
2.732011, 0.072641, 7.990538
2.733829, 0.075190, 8.270921
2.735703, 0.072641, 7.990538
2.737575, 0.075190, 8.270921
2.739315, 0.075190, 8.270921
2.741063, 0.072641, 7.990538
2.742824, 0.072641, 7.990538
2.744610, 0.075190, 8.270921
2.747618, 0.072641, 7.990538
2.750585, 0.072641, 7.990538
2.752479, 0.072641, 7.990538
2.754239, 0.072641, 7.990538
2.755989, 0.072641, 7.990538
2.757740, 0.072641, 7.990538
2.759431, 0.072641, 7.990538
2.761185, 0.072641, 7.990538
2.762986, 0.072641, 7.990538
2.764826, 0.072641, 7.990538
2.766599, 0.072641, 7.990538
2.768346, 0.072641, 7.990538
2.770050, 0.075190, 8.270921
2.771729, 0.072641, 7.990538
2.773423, 0.072641, 7.990538
2.775114, 0.072641, 7.990538
2.776966, 0.072641, 7.990538
2.778799, 0.075190, 8.270921
2.780644, 0.075190, 8.270921
2.782465, 0.072641, 7.990538
2.784270, 0.075190, 8.270921
2.786099, 0.075190, 8.270921
2.788023, 0.072641, 7.990538
2.789855, 0.072641, 7.990538
2.791676, 0.072641, 7.990538
2.793485, 0.072641, 7.990538
2.795285, 0.072641, 7.990538
2.797494, 0.075190, 8.270921
2.799784, 0.072641, 7.990538
2.801695, 0.075190, 8.270921
2.803488, 0.075190, 8.270921
2.805239, 0.075190, 8.270921
2.807072, 0.075190, 8.270921
2.809205, 0.075190, 8.270921
2.811005, 0.072641, 7.990538
2.812871, 0.072641, 7.990538
2.815036, 0.075190, 8.270921
2.816869, 0.075190, 8.270921
2.820021, 0.072641, 7.990538
2.823020, 0.072641, 7.990538
2.825252, 0.072641, 7.990538
2.827223, 0.072641, 7.990538
2.829366, 0.075190, 8.270921
2.831192, 0.072641, 7.990538
2.833004, 0.072641, 7.990538
2.834783, 0.072641, 7.990538
2.836538, 0.072641, 7.990538
2.839183, 0.072641, 7.990538
2.842229, 0.072641, 7.990538
2.844333, 0.072641, 7.990538
2.846545, 0.075190, 8.270921
2.849052, 0.072641, 7.990538
2.851199, 0.072641, 7.990538
2.853225, 0.072641, 7.990538
2.855294, 0.075190, 8.270921
2.857252, 0.072641, 7.990538
2.860425, 0.075190, 8.270921
2.862363, 0.072641, 7.990538
2.864547, 0.075190, 8.270921
2.866384, 0.072641, 7.990538
2.868274, 0.075190, 8.270921
2.870744, 0.075190, 8.270921
2.872729, 0.075190, 8.270921
2.874760, 0.075190, 8.270921
2.876942, 0.075190, 8.270921
2.880038, 0.072641, 7.990538
2.882721, 0.075190, 8.270921
2.884854, 0.075190, 8.270921
2.886859, 0.075190, 8.270921
2.888859, 0.072641, 7.990538
2.890894, 0.072641, 7.990538
2.892881, 0.075190, 8.270921
2.894771, 0.072641, 7.990538
2.896914, 0.072641, 7.990538
2.899015, 0.072641, 7.990538
2.900937, 0.075190, 8.270921
2.902797, 0.075190, 8.270921
2.904668, 0.075190, 8.270921
2.906513, 0.072641, 7.990538
2.908394, 0.072641, 7.990538
2.910415, 0.075190, 8.270921
2.912519, 0.072641, 7.990538
2.914705, 0.072641, 7.990538
2.916820, 0.072641, 7.990538
2.919081, 0.072641, 7.990538
2.921489, 0.072641, 7.990538
2.923463, 0.075190, 8.270921
2.925369, 0.072641, 7.990538
2.927236, 0.072641, 7.990538
2.929130, 0.072641, 7.990538
2.931169, 0.072641, 7.990538
2.933219, 0.072641, 7.990538
2.935250, 0.072641, 7.990538
2.937185, 0.072641, 7.990538
2.939057, 0.072641, 7.990538
2.940895, 0.075190, 8.270921
2.942802, 0.072641, 7.990538
2.944593, 0.075190, 8.270921
2.946417, 0.075190, 8.270921
2.948375, 0.075190, 8.270921
2.950274, 0.075190, 8.270921
2.952022, 0.072641, 7.990538
2.953760, 0.075190, 8.270921
2.955503, 0.075190, 8.270921
2.957276, 0.072641, 7.990538
2.959070, 0.072641, 7.990538
2.960858, 0.075190, 8.270921
2.962632, 0.075190, 8.270921
2.964571, 0.075190, 8.270921
2.966343, 0.072641, 7.990538
2.968135, 0.072641, 7.990538
2.969941, 0.075190, 8.270921
2.971758, 0.075190, 8.270921
2.973825, 0.075190, 8.270921
2.976124, 0.075190, 8.270921
2.978177, 0.072641, 7.990538
2.980373, 0.072641, 7.990538
2.982860, 0.072641, 7.990538
2.984982, 0.075190, 8.270921
2.986949, 0.072641, 7.990538
2.989044, 0.072641, 7.990538
2.990969, 0.072641, 7.990538
2.992879, 0.072641, 7.990538
2.994687, 0.072641, 7.990538
2.996551, 0.075190, 8.270921
2.998420, 0.072641, 7.990538
3.000183, 0.072641, 7.990538
3.001943, 0.072641, 7.990538
3.003672, 0.072641, 7.990538
3.005413, 0.075190, 8.270921
3.007156, 0.072641, 7.990538
3.008870, 0.072641, 7.990538
3.010560, 0.072641, 7.990538
3.012243, 0.075190, 8.270921
3.013977, 0.075190, 8.270921
3.015731, 0.075190, 8.270921
3.017443, 0.072641, 7.990538
3.019159, 0.075190, 8.270921
3.020908, 0.072641, 7.990538
3.022630, 0.072641, 7.990538
3.024364, 0.072641, 7.990538
3.026179, 0.072641, 7.990538
3.027878, 0.075190, 8.270921
3.029676, 0.072641, 7.990538
3.031528, 0.072641, 7.990538
3.033263, 0.072641, 7.990538
3.035033, 0.075190, 8.270921
3.036765, 0.072641, 7.990538
3.038486, 0.072641, 7.990538
3.040178, 0.072641, 7.990538
3.041871, 0.072641, 7.990538
3.043553, 0.075190, 8.270921
3.045488, 0.075190, 8.270921
3.047418, 0.075190, 8.270921
3.049189, 0.072641, 7.990538
3.050902, 0.072641, 7.990538
3.053757, 0.072641, 7.990538
3.055570, 0.072641, 7.990538
3.057311, 0.075190, 8.270921
3.059013, 0.072641, 7.990538
3.060727, 0.072641, 7.990538
3.062467, 0.075190, 8.270921
3.064210, 0.072641, 7.990538
3.066101, 0.072641, 7.990538
3.069869, 0.072641, 7.990538
3.071980, 0.072641, 7.990538
3.073844, 0.072641, 7.990538
3.075784, 0.072641, 7.990538
3.077709, 0.072641, 7.990538
3.079614, 0.072641, 7.990538
3.081673, 0.072641, 7.990538
3.083709, 0.072641, 7.990538
3.085700, 0.075190, 8.270921
3.087551, 0.075190, 8.270921
3.089396, 0.072641, 7.990538
3.091184, 0.075190, 8.270921
3.092968, 0.072641, 7.990538
3.094820, 0.072641, 7.990538
3.096751, 0.072641, 7.990538
3.098695, 0.072641, 7.990538
3.100510, 0.072641, 7.990538
3.102751, 0.072641, 7.990538
3.104821, 0.075190, 8.270921
3.106890, 0.075190, 8.270921
3.109093, 0.075190, 8.270921
3.110893, 0.075190, 8.270921
3.112703, 0.072641, 7.990538
3.114613, 0.075190, 8.270921
3.116633, 0.072641, 7.990538
3.118770, 0.072641, 7.990538
3.120870, 0.072641, 7.990538
3.122929, 0.072641, 7.990538
3.124804, 0.072641, 7.990538
3.126693, 0.075190, 8.270921
3.128505, 0.075190, 8.270921
3.130564, 0.075190, 8.270921
3.133418, 0.075190, 8.270921
3.135722, 0.072641, 7.990538
3.137850, 0.072641, 7.990538
3.140222, 0.072641, 7.990538
3.142241, 0.072641, 7.990538
3.144274, 0.072641, 7.990538
3.146221, 0.072641, 7.990538
3.148844, 0.072641, 7.990538
3.151307, 0.072641, 7.990538
3.153878, 0.072641, 7.990538
3.156185, 0.075190, 8.270921
3.158176, 0.072641, 7.990538
3.160186, 0.075190, 8.270921
3.162105, 0.075190, 8.270921
3.164267, 0.075190, 8.270921
3.166529, 0.075190, 8.270921
3.168633, 0.075190, 8.270921
3.170472, 0.075190, 8.270921
3.172272, 0.075190, 8.270921
3.174253, 0.072641, 7.990538
3.176100, 0.072641, 7.990538
3.177892, 0.075190, 8.270921
3.180243, 0.072641, 7.990538
3.182751, 0.072641, 7.990538
3.184783, 0.072641, 7.990538
3.186803, 0.072641, 7.990538
3.188738, 0.072641, 7.990538
3.190688, 0.075190, 8.270921
3.192606, 0.072641, 7.990538
3.194526, 0.072641, 7.990538
3.196458, 0.075190, 8.270921
3.198626, 0.075190, 8.270921
3.200544, 0.072641, 7.990538
3.202424, 0.075190, 8.270921
3.204316, 0.075190, 8.270921
3.206171, 0.075190, 8.270921
3.208073, 0.075190, 8.270921
3.209933, 0.072641, 7.990538
3.211792, 0.072641, 7.990538
3.213635, 0.072641, 7.990538
3.215490, 0.072641, 7.990538
3.217390, 0.072641, 7.990538
3.219273, 0.072641, 7.990538
3.221106, 0.072641, 7.990538
3.222926, 0.075190, 8.270921
3.224734, 0.075190, 8.270921
3.226552, 0.072641, 7.990538
3.228612, 0.072641, 7.990538
3.230619, 0.075190, 8.270921
3.232500, 0.072641, 7.990538
3.234344, 0.072641, 7.990538
3.236176, 0.072641, 7.990538
3.238145, 0.072641, 7.990538
3.240046, 0.072641, 7.990538
3.241887, 0.072641, 7.990538
3.243692, 0.072641, 7.990538
3.245508, 0.072641, 7.990538
3.247397, 0.075190, 8.270921
3.249265, 0.072641, 7.990538
3.251106, 0.072641, 7.990538
3.268587, 0.072641, 7.990538
3.271961, 0.075190, 8.270921
3.274512, 0.072641, 7.990538
3.276707, 0.072641, 7.990538
3.278921, 0.075190, 8.270921
3.281298, 0.075190, 8.270921
3.283476, 0.075190, 8.270921
3.285572, 0.072641, 7.990538
3.287660, 0.072641, 7.990538
3.289870, 0.072641, 7.990538
3.292381, 0.075190, 8.270921
3.294412, 0.072641, 7.990538
3.296356, 0.072641, 7.990538
3.298341, 0.072641, 7.990538
3.300516, 0.072641, 7.990538
3.302402, 0.075190, 8.270921
3.304241, 0.072641, 7.990538
3.306020, 0.075190, 8.270921
3.307780, 0.072641, 7.990538
3.309602, 0.072641, 7.990538
3.311369, 0.072641, 7.990538
3.313095, 0.075190, 8.270921
3.315012, 0.075190, 8.270921
3.316935, 0.072641, 7.990538
3.318739, 0.072641, 7.990538
3.320584, 0.072641, 7.990538
3.322328, 0.072641, 7.990538
3.324068, 0.072641, 7.990538
3.325780, 0.072641, 7.990538
3.327501, 0.072641, 7.990538
3.329214, 0.075190, 8.270921
3.331056, 0.072641, 7.990538
3.332819, 0.075190, 8.270921
3.334544, 0.075190, 8.270921
3.336273, 0.075190, 8.270921
3.337993, 0.072641, 7.990538
3.339848, 0.072641, 7.990538
3.341659, 0.072641, 7.990538
3.343376, 0.075190, 8.270921
3.345079, 0.072641, 7.990538
3.346876, 0.072641, 7.990538
3.348764, 0.072641, 7.990538
3.350675, 0.075190, 8.270921
3.352699, 0.075190, 8.270921
3.354616, 0.072641, 7.990538
3.356628, 0.072641, 7.990538
3.358621, 0.072641, 7.990538
3.361106, 0.075190, 8.270921
3.363255, 0.072641, 7.990538
3.365402, 0.072641, 7.990538
3.367232, 0.072641, 7.990538
3.369023, 0.072641, 7.990538
3.371110, 0.072641, 7.990538
3.373617, 0.072641, 7.990538
3.375750, 0.072641, 7.990538
3.377752, 0.072641, 7.990538
3.379714, 0.072641, 7.990538
3.381759, 0.072641, 7.990538
3.383682, 0.072641, 7.990538
3.385593, 0.075190, 8.270921
3.387522, 0.075190, 8.270921
3.389480, 0.072641, 7.990538
3.391555, 0.072641, 7.990538
3.393499, 0.072641, 7.990538
3.395378, 0.072641, 7.990538
3.397258, 0.072641, 7.990538
3.399195, 0.072641, 7.990538
3.401139, 0.072641, 7.990538
3.403105, 0.072641, 7.990538
3.405016, 0.075190, 8.270921
3.406861, 0.075190, 8.270921
3.408736, 0.075190, 8.270921
3.410620, 0.072641, 7.990538
3.412508, 0.075190, 8.270921
3.414339, 0.072641, 7.990538
3.416159, 0.072641, 7.990538
3.418015, 0.072641, 7.990538
3.419838, 0.075190, 8.270921
3.421619, 0.075190, 8.270921
3.423424, 0.075190, 8.270921
3.425263, 0.072641, 7.990538
3.427041, 0.075190, 8.270921
3.428765, 0.072641, 7.990538
3.430539, 0.072641, 7.990538
3.432397, 0.072641, 7.990538
3.434149, 0.075190, 8.270921
3.435884, 0.072641, 7.990538
3.437619, 0.072641, 7.990538
3.439380, 0.075190, 8.270921
3.441179, 0.072641, 7.990538
3.442965, 0.072641, 7.990538
3.444711, 0.075190, 8.270921
3.446459, 0.072641, 7.990538
3.448248, 0.072641, 7.990538
3.449988, 0.075190, 8.270921
3.451709, 0.075190, 8.270921
3.453562, 0.075190, 8.270921
3.455497, 0.075190, 8.270921
3.457286, 0.072641, 7.990538
3.459063, 0.072641, 7.990538
3.461393, 0.072641, 7.990538
3.463220, 0.072641, 7.990538
3.465120, 0.072641, 7.990538
3.467004, 0.072641, 7.990538
3.468921, 0.072641, 7.990538
3.470720, 0.072641, 7.990538
3.472479, 0.072641, 7.990538
3.474231, 0.072641, 7.990538
3.475996, 0.072641, 7.990538
3.477777, 0.075190, 8.270921
3.479668, 0.075190, 8.270921
3.481595, 0.075190, 8.270921
3.483712, 0.072641, 7.990538
3.485576, 0.075190, 8.270921
3.487383, 0.072641, 7.990538
3.489177, 0.072641, 7.990538
3.490943, 0.075190, 8.270921
3.492702, 0.072641, 7.990538
3.494441, 0.072641, 7.990538
3.496237, 0.072641, 7.990538
3.498128, 0.072641, 7.990538
3.499889, 0.075190, 8.270921
3.501644, 0.072641, 7.990538
3.503472, 0.072641, 7.990538
3.505218, 0.075190, 8.270921
3.506970, 0.072641, 7.990538
3.508743, 0.072641, 7.990538
3.510491, 0.072641, 7.990538
3.512232, 0.075190, 8.270921
3.514026, 0.072641, 7.990538
3.515789, 0.072641, 7.990538
3.517695, 0.072641, 7.990538
3.519519, 0.072641, 7.990538
3.521266, 0.072641, 7.990538
3.523005, 0.072641, 7.990538
3.524737, 0.072641, 7.990538
3.526478, 0.072641, 7.990538
3.528450, 0.072641, 7.990538
3.530480, 0.072641, 7.990538
3.533988, 0.070092, 7.710155
3.536655, 0.072641, 7.990538
3.539075, 0.072641, 7.990538
3.541306, 0.072641, 7.990538
3.543385, 0.072641, 7.990538
3.545375, 0.072641, 7.990538
3.547354, 0.075190, 8.270921
3.549594, 0.075190, 8.270921
3.551526, 0.075190, 8.270921
3.553344, 0.072641, 7.990538
3.555138, 0.072641, 7.990538
3.556905, 0.075190, 8.270921
3.558807, 0.075190, 8.270921
3.560626, 0.072641, 7.990538
3.562465, 0.072641, 7.990538
3.564340, 0.072641, 7.990538
3.566150, 0.072641, 7.990538
3.568002, 0.072641, 7.990538
3.570087, 0.072641, 7.990538
3.571909, 0.075190, 8.270921
3.573719, 0.072641, 7.990538
3.575514, 0.072641, 7.990538
3.577332, 0.072641, 7.990538
3.579842, 0.072641, 7.990538
3.582198, 0.072641, 7.990538
3.584295, 0.072641, 7.990538
3.586232, 0.072641, 7.990538
3.588044, 0.072641, 7.990538
3.589860, 0.072641, 7.990538
3.591675, 0.072641, 7.990538
3.593481, 0.072641, 7.990538
3.595491, 0.072641, 7.990538
3.597346, 0.072641, 7.990538
3.599312, 0.072641, 7.990538
3.601105, 0.075190, 8.270921
3.603139, 0.072641, 7.990538
3.604990, 0.072641, 7.990538
3.606782, 0.072641, 7.990538
3.608574, 0.072641, 7.990538
3.610795, 0.072641, 7.990538
3.612938, 0.072641, 7.990538
3.615053, 0.072641, 7.990538
3.617093, 0.072641, 7.990538
3.619073, 0.072641, 7.990538
3.621136, 0.072641, 7.990538
3.623161, 0.072641, 7.990538
3.625129, 0.072641, 7.990538
3.627102, 0.072641, 7.990538
3.629082, 0.072641, 7.990538
3.631265, 0.072641, 7.990538
3.633264, 0.072641, 7.990538
3.635260, 0.072641, 7.990538
3.637191, 0.072641, 7.990538
3.639054, 0.072641, 7.990538
3.641335, 0.072641, 7.990538
3.644176, 0.075190, 8.270921
3.646828, 0.075190, 8.270921
3.649725, 0.075190, 8.270921
3.652239, 0.072641, 7.990538
3.654218, 0.072641, 7.990538
3.656191, 0.072641, 7.990538
3.658834, 0.075190, 8.270921
3.660889, 0.072641, 7.990538
3.663952, 0.072641, 7.990538
3.666371, 0.072641, 7.990538
3.668960, 0.072641, 7.990538
3.671182, 0.072641, 7.990538
3.673542, 0.072641, 7.990538
3.675917, 0.072641, 7.990538
3.678159, 0.072641, 7.990538
3.680335, 0.072641, 7.990538
3.682631, 0.072641, 7.990538
3.684811, 0.072641, 7.990538
3.686795, 0.072641, 7.990538
3.688931, 0.072641, 7.990538
3.690987, 0.072641, 7.990538
3.693187, 0.072641, 7.990538
3.695209, 0.072641, 7.990538
3.697677, 0.072641, 7.990538
3.699732, 0.072641, 7.990538
3.701661, 0.072641, 7.990538
3.703822, 0.072641, 7.990538
3.705939, 0.072641, 7.990538
3.707959, 0.072641, 7.990538
3.709847, 0.072641, 7.990538
3.711969, 0.072641, 7.990538
3.714213, 0.075190, 8.270921
3.716356, 0.072641, 7.990538
3.718687, 0.072641, 7.990538
3.720669, 0.072641, 7.990538
3.722624, 0.072641, 7.990538
3.724986, 0.072641, 7.990538
3.726969, 0.072641, 7.990538
3.728915, 0.072641, 7.990538
3.730819, 0.075190, 8.270921
3.733001, 0.072641, 7.990538
3.734907, 0.072641, 7.990538
3.736817, 0.072641, 7.990538
3.738658, 0.072641, 7.990538
3.740732, 0.072641, 7.990538
3.742570, 0.075190, 8.270921
3.744556, 0.072641, 7.990538
3.746586, 0.072641, 7.990538
3.748543, 0.072641, 7.990538
3.750364, 0.072641, 7.990538
3.752174, 0.072641, 7.990538
3.754230, 0.072641, 7.990538
3.756172, 0.072641, 7.990538
3.757978, 0.072641, 7.990538
3.759736, 0.072641, 7.990538
3.761716, 0.072641, 7.990538
3.763668, 0.072641, 7.990538
3.765914, 0.072641, 7.990538
3.768074, 0.072641, 7.990538
3.770052, 0.072641, 7.990538
3.771962, 0.072641, 7.990538
3.773869, 0.072641, 7.990538
3.775982, 0.072641, 7.990538
3.777900, 0.072641, 7.990538
3.779818, 0.072641, 7.990538
3.781900, 0.072641, 7.990538
3.783847, 0.072641, 7.990538
3.787090, 0.072641, 7.990538
3.789065, 0.072641, 7.990538
3.790928, 0.072641, 7.990538
3.792841, 0.072641, 7.990538
3.794642, 0.072641, 7.990538
3.796707, 0.072641, 7.990538
3.798772, 0.072641, 7.990538
3.800680, 0.072641, 7.990538
3.802502, 0.072641, 7.990538
3.804293, 0.072641, 7.990538
3.806257, 0.072641, 7.990538
3.808104, 0.075190, 8.270921
3.809897, 0.072641, 7.990538
3.811664, 0.072641, 7.990538
3.813471, 0.072641, 7.990538
3.815450, 0.070092, 7.710155
3.817320, 0.072641, 7.990538
3.819117, 0.072641, 7.990538
3.820975, 0.072641, 7.990538
3.822859, 0.072641, 7.990538
3.824665, 0.072641, 7.990538
3.826512, 0.072641, 7.990538
3.828330, 0.072641, 7.990538
3.830071, 0.072641, 7.990538
3.831842, 0.072641, 7.990538
3.833638, 0.072641, 7.990538
3.835536, 0.072641, 7.990538
3.837474, 0.072641, 7.990538
3.839300, 0.072641, 7.990538
3.841115, 0.072641, 7.990538
3.842941, 0.072641, 7.990538
3.844721, 0.072641, 7.990538
3.846574, 0.072641, 7.990538
3.848516, 0.072641, 7.990538
3.850353, 0.072641, 7.990538
3.852108, 0.072641, 7.990538
3.853861, 0.072641, 7.990538
3.855629, 0.072641, 7.990538
3.857464, 0.072641, 7.990538
3.859843, 0.072641, 7.990538
3.861695, 0.072641, 7.990538
3.863533, 0.072641, 7.990538
3.865382, 0.072641, 7.990538
3.867219, 0.072641, 7.990538
3.869060, 0.072641, 7.990538
3.870838, 0.072641, 7.990538
3.872587, 0.072641, 7.990538
3.874312, 0.072641, 7.990538
3.876061, 0.072641, 7.990538
3.877882, 0.072641, 7.990538
3.879699, 0.072641, 7.990538
3.881527, 0.072641, 7.990538
3.883416, 0.072641, 7.990538
3.885233, 0.072641, 7.990538
3.887051, 0.072641, 7.990538
3.888863, 0.072641, 7.990538
3.890651, 0.072641, 7.990538
3.892395, 0.072641, 7.990538
3.894154, 0.072641, 7.990538
3.895898, 0.072641, 7.990538
3.897830, 0.072641, 7.990538
3.899835, 0.072641, 7.990538
3.901737, 0.072641, 7.990538
3.903660, 0.072641, 7.990538
3.905539, 0.072641, 7.990538
3.907380, 0.072641, 7.990538
3.909685, 0.072641, 7.990538
3.912005, 0.072641, 7.990538
3.914413, 0.072641, 7.990538
3.916893, 0.072641, 7.990538
3.918988, 0.072641, 7.990538
3.920854, 0.072641, 7.990538
3.922704, 0.072641, 7.990538
3.924507, 0.070092, 7.710155
3.926312, 0.072641, 7.990538
3.928683, 0.072641, 7.990538
3.931094, 0.072641, 7.990538
3.933432, 0.072641, 7.990538
3.935503, 0.072641, 7.990538
3.937433, 0.072641, 7.990538
3.939726, 0.072641, 7.990538
3.941798, 0.072641, 7.990538
3.943725, 0.072641, 7.990538
3.945645, 0.072641, 7.990538
3.947962, 0.072641, 7.990538
3.951025, 0.072641, 7.990538
3.953018, 0.072641, 7.990538
3.954846, 0.072641, 7.990538
3.956602, 0.072641, 7.990538
3.958295, 0.072641, 7.990538
3.960080, 0.072641, 7.990538
3.961767, 0.072641, 7.990538
3.963498, 0.072641, 7.990538
3.965289, 0.072641, 7.990538
3.966980, 0.072641, 7.990538
3.968681, 0.072641, 7.990538
3.970594, 0.072641, 7.990538
3.972332, 0.072641, 7.990538
3.974001, 0.072641, 7.990538
3.975694, 0.072641, 7.990538
3.977454, 0.070092, 7.710155
3.979183, 0.072641, 7.990538
3.981333, 0.072641, 7.990538
3.983563, 0.072641, 7.990538
3.985377, 0.072641, 7.990538
3.987083, 0.072641, 7.990538
3.988772, 0.072641, 7.990538
3.990437, 0.072641, 7.990538
3.992201, 0.072641, 7.990538
3.993927, 0.072641, 7.990538
3.995792, 0.072641, 7.990538
3.997908, 0.072641, 7.990538
3.999915, 0.072641, 7.990538
4.001779, 0.072641, 7.990538
4.003560, 0.072641, 7.990538
4.005324, 0.072641, 7.990538
4.007084, 0.072641, 7.990538
4.008862, 0.072641, 7.990538
4.010715, 0.072641, 7.990538
4.012662, 0.072641, 7.990538
4.014633, 0.072641, 7.990538
4.016540, 0.072641, 7.990538
4.018419, 0.072641, 7.990538
4.020263, 0.070092, 7.710155
4.022119, 0.070092, 7.710155
4.023945, 0.072641, 7.990538
4.025748, 0.072641, 7.990538
4.028239, 0.072641, 7.990538
4.030195, 0.072641, 7.990538
4.032269, 0.072641, 7.990538
4.034189, 0.070092, 7.710155
4.036074, 0.072641, 7.990538
4.037920, 0.072641, 7.990538
4.039725, 0.072641, 7.990538
4.041943, 0.070092, 7.710155
4.043768, 0.070092, 7.710155
4.045463, 0.072641, 7.990538
4.047377, 0.072641, 7.990538
4.049242, 0.072641, 7.990538
4.051921, 0.072641, 7.990538
4.053796, 0.072641, 7.990538
4.055633, 0.072641, 7.990538
4.057398, 0.072641, 7.990538
4.059133, 0.072641, 7.990538
4.060980, 0.072641, 7.990538
4.062819, 0.072641, 7.990538
4.064673, 0.072641, 7.990538
4.066478, 0.072641, 7.990538
4.068293, 0.070092, 7.710155
4.070234, 0.070092, 7.710155
4.072132, 0.072641, 7.990538
4.073914, 0.072641, 7.990538
4.075626, 0.072641, 7.990538
4.077325, 0.072641, 7.990538
4.079016, 0.072641, 7.990538
4.081735, 0.072641, 7.990538
4.084515, 0.072641, 7.990538
4.086364, 0.072641, 7.990538
4.088103, 0.072641, 7.990538
4.089949, 0.072641, 7.990538
4.091979, 0.070092, 7.710155
4.093732, 0.072641, 7.990538
4.095450, 0.070092, 7.710155
4.097163, 0.072641, 7.990538
4.099045, 0.072641, 7.990538
4.101634, 0.070092, 7.710155
4.104249, 0.072641, 7.990538
4.107098, 0.072641, 7.990538
4.110228, 0.072641, 7.990538
4.112639, 0.070092, 7.710155
4.114606, 0.072641, 7.990538
4.116420, 0.072641, 7.990538
4.118312, 0.072641, 7.990538
4.120270, 0.072641, 7.990538
4.122202, 0.072641, 7.990538
4.123970, 0.072641, 7.990538
4.125696, 0.072641, 7.990538
4.127497, 0.072641, 7.990538
4.129456, 0.072641, 7.990538
4.131743, 0.070092, 7.710155
4.133565, 0.072641, 7.990538
4.135480, 0.072641, 7.990538
4.137249, 0.072641, 7.990538
4.139039, 0.072641, 7.990538
4.140762, 0.072641, 7.990538
4.142586, 0.072641, 7.990538
4.144329, 0.072641, 7.990538
4.146066, 0.072641, 7.990538
4.147872, 0.072641, 7.990538
4.149772, 0.072641, 7.990538
4.151584, 0.070092, 7.710155
4.153406, 0.072641, 7.990538
4.155167, 0.072641, 7.990538
4.156982, 0.072641, 7.990538
4.158838, 0.072641, 7.990538
4.160725, 0.072641, 7.990538
4.162457, 0.072641, 7.990538
4.164335, 0.070092, 7.710155
4.166321, 0.072641, 7.990538
4.168059, 0.072641, 7.990538
4.169869, 0.072641, 7.990538
4.171665, 0.072641, 7.990538
4.173570, 0.072641, 7.990538
4.175413, 0.072641, 7.990538
4.177172, 0.072641, 7.990538
4.178985, 0.070092, 7.710155
4.181090, 0.072641, 7.990538
4.183007, 0.070092, 7.710155
4.184774, 0.072641, 7.990538
4.186485, 0.072641, 7.990538
4.188192, 0.072641, 7.990538
4.190261, 0.072641, 7.990538
4.192127, 0.072641, 7.990538
4.193889, 0.072641, 7.990538
4.195857, 0.072641, 7.990538
4.197820, 0.072641, 7.990538
4.199856, 0.072641, 7.990538
4.201705, 0.070092, 7.710155
4.203605, 0.072641, 7.990538
4.205436, 0.070092, 7.710155
4.207216, 0.072641, 7.990538
4.209022, 0.070092, 7.710155
4.210911, 0.070092, 7.710155
4.212878, 0.072641, 7.990538
4.215804, 0.070092, 7.710155
4.217675, 0.072641, 7.990538
4.219462, 0.070092, 7.710155
4.221211, 0.072641, 7.990538
4.222960, 0.072641, 7.990538
4.224692, 0.072641, 7.990538
4.226427, 0.070092, 7.710155
4.228163, 0.072641, 7.990538
4.229897, 0.072641, 7.990538
4.231691, 0.072641, 7.990538
4.233372, 0.072641, 7.990538
4.235151, 0.072641, 7.990538
4.236833, 0.070092, 7.710155
4.238521, 0.072641, 7.990538
4.240685, 0.070092, 7.710155
4.243098, 0.070092, 7.710155
4.244830, 0.070092, 7.710155
4.246566, 0.072641, 7.990538
4.248418, 0.072641, 7.990538
4.250479, 0.070092, 7.710155
4.252538, 0.072641, 7.990538
4.254307, 0.072641, 7.990538
4.256040, 0.072641, 7.990538
4.257775, 0.072641, 7.990538
4.259577, 0.072641, 7.990538
4.261359, 0.070092, 7.710155
4.263144, 0.072641, 7.990538
4.266445, 0.070092, 7.710155
4.268325, 0.072641, 7.990538
4.271371, 0.070092, 7.710155
4.273297, 0.070092, 7.710155
4.275082, 0.072641, 7.990538
4.276782, 0.070092, 7.710155
4.278479, 0.072641, 7.990538
4.280704, 0.072641, 7.990538
4.282692, 0.072641, 7.990538
4.284434, 0.070092, 7.710155
4.286148, 0.072641, 7.990538
4.287822, 0.072641, 7.990538
4.289494, 0.070092, 7.710155
4.291389, 0.070092, 7.710155
4.293085, 0.070092, 7.710155
4.294822, 0.072641, 7.990538
4.296532, 0.070092, 7.710155
4.298256, 0.072641, 7.990538
4.300138, 0.072641, 7.990538
4.301995, 0.072641, 7.990538
4.303752, 0.072641, 7.990538
4.305431, 0.072641, 7.990538
4.307128, 0.072641, 7.990538
4.308835, 0.072641, 7.990538
4.310707, 0.072641, 7.990538
4.312493, 0.072641, 7.990538
4.314353, 0.072641, 7.990538
4.316147, 0.072641, 7.990538
4.317889, 0.070092, 7.710155
4.319618, 0.072641, 7.990538
4.321757, 0.072641, 7.990538
4.323705, 0.070092, 7.710155
4.325569, 0.070092, 7.710155
4.327410, 0.072641, 7.990538
4.329263, 0.072641, 7.990538
4.331523, 0.072641, 7.990538
4.333503, 0.070092, 7.710155
4.335306, 0.070092, 7.710155
4.337085, 0.072641, 7.990538
4.338847, 0.070092, 7.710155
4.340808, 0.070092, 7.710155
4.342703, 0.070092, 7.710155
4.344467, 0.072641, 7.990538
4.346261, 0.070092, 7.710155
4.348092, 0.070092, 7.710155
4.349875, 0.070092, 7.710155
4.352468, 0.070092, 7.710155
4.354305, 0.070092, 7.710155
4.356030, 0.070092, 7.710155
4.357776, 0.072641, 7.990538
4.359533, 0.070092, 7.710155
4.361303, 0.070092, 7.710155
4.363146, 0.072641, 7.990538
4.365058, 0.070092, 7.710155
4.366851, 0.070092, 7.710155
4.368593, 0.070092, 7.710155
4.370464, 0.070092, 7.710155
4.372335, 0.070092, 7.710155
4.374045, 0.070092, 7.710155
4.375728, 0.072641, 7.990538
4.377581, 0.072641, 7.990538
4.379270, 0.070092, 7.710155
4.382241, 0.070092, 7.710155
4.384570, 0.070092, 7.710155
4.386356, 0.072641, 7.990538
4.388092, 0.072641, 7.990538
4.389900, 0.070092, 7.710155
4.391608, 0.072641, 7.990538
4.393468, 0.070092, 7.710155
4.395333, 0.070092, 7.710155
4.397129, 0.072641, 7.990538
4.398889, 0.070092, 7.710155
4.400943, 0.070092, 7.710155
4.402719, 0.070092, 7.710155
4.404416, 0.072641, 7.990538
4.406066, 0.070092, 7.710155
4.407734, 0.072641, 7.990538
4.409403, 0.070092, 7.710155
4.411644, 0.070092, 7.710155
4.413373, 0.072641, 7.990538
4.415287, 0.070092, 7.710155
4.417004, 0.070092, 7.710155
4.418666, 0.070092, 7.710155
4.420410, 0.072641, 7.990538
4.422145, 0.070092, 7.710155
4.423811, 0.072641, 7.990538
4.425436, 0.070092, 7.710155
4.427108, 0.070092, 7.710155
4.429311, 0.070092, 7.710155
4.431132, 0.070092, 7.710155
4.432942, 0.070092, 7.710155
4.434722, 0.070092, 7.710155
4.436465, 0.070092, 7.710155
4.438193, 0.072641, 7.990538
4.440002, 0.070092, 7.710155
4.441797, 0.070092, 7.710155
4.443572, 0.070092, 7.710155
4.445341, 0.070092, 7.710155
4.447087, 0.070092, 7.710155
4.448827, 0.070092, 7.710155
4.450622, 0.072641, 7.990538
4.452347, 0.072641, 7.990538
4.454034, 0.070092, 7.710155
4.455669, 0.072641, 7.990538
4.457325, 0.070092, 7.710155
4.459088, 0.070092, 7.710155
4.460826, 0.070092, 7.710155
4.462536, 0.070092, 7.710155
4.464448, 0.070092, 7.710155
4.466373, 0.070092, 7.710155
4.468133, 0.070092, 7.710155
4.469832, 0.070092, 7.710155
4.471609, 0.070092, 7.710155
4.473300, 0.070092, 7.710155
4.474988, 0.070092, 7.710155
4.476665, 0.070092, 7.710155
4.478359, 0.070092, 7.710155
4.480103, 0.070092, 7.710155
4.482054, 0.072641, 7.990538
4.483813, 0.070092, 7.710155
4.485550, 0.070092, 7.710155
4.487246, 0.072641, 7.990538
4.488933, 0.070092, 7.710155
4.490649, 0.070092, 7.710155
4.492472, 0.070092, 7.710155
4.494201, 0.070092, 7.710155
4.495859, 0.070092, 7.710155
4.497556, 0.070092, 7.710155
4.499222, 0.072641, 7.990538
4.500989, 0.070092, 7.710155
4.502802, 0.070092, 7.710155
4.504613, 0.070092, 7.710155
4.506468, 0.072641, 7.990538
4.508359, 0.072641, 7.990538
4.510291, 0.070092, 7.710155
4.512703, 0.070092, 7.710155
4.515380, 0.070092, 7.710155
4.517556, 0.072641, 7.990538
4.519654, 0.070092, 7.710155
4.521668, 0.072641, 7.990538
4.523629, 0.072641, 7.990538
4.525928, 0.072641, 7.990538
4.528103, 0.070092, 7.710155
4.530292, 0.072641, 7.990538
4.532562, 0.070092, 7.710155
4.534611, 0.070092, 7.710155
4.536543, 0.070092, 7.710155
4.538532, 0.072641, 7.990538
4.540458, 0.072641, 7.990538
4.542401, 0.070092, 7.710155
4.544370, 0.070092, 7.710155
4.546283, 0.072641, 7.990538
4.548203, 0.070092, 7.710155
4.550103, 0.070092, 7.710155
4.551963, 0.072641, 7.990538
4.553803, 0.070092, 7.710155
4.555635, 0.070092, 7.710155
4.557462, 0.070092, 7.710155
4.559262, 0.070092, 7.710155
4.561032, 0.070092, 7.710155
4.562778, 0.070092, 7.710155
4.564571, 0.070092, 7.710155
4.566359, 0.070092, 7.710155
4.568243, 0.070092, 7.710155
4.569969, 0.070092, 7.710155
4.571718, 0.070092, 7.710155
4.573475, 0.070092, 7.710155
4.575176, 0.070092, 7.710155
4.576930, 0.070092, 7.710155
4.578647, 0.070092, 7.710155
4.580483, 0.070092, 7.710155
4.582320, 0.070092, 7.710155
4.584069, 0.072641, 7.990538
4.585749, 0.070092, 7.710155
4.587508, 0.070092, 7.710155
4.589228, 0.070092, 7.710155
4.590916, 0.070092, 7.710155
4.592580, 0.070092, 7.710155
4.594257, 0.070092, 7.710155
4.595959, 0.072641, 7.990538
4.597802, 0.070092, 7.710155
4.600498, 0.072641, 7.990538
4.603056, 0.072641, 7.990538
4.605525, 0.070092, 7.710155
4.607246, 0.070092, 7.710155
4.609093, 0.070092, 7.710155
4.611057, 0.070092, 7.710155
4.612999, 0.070092, 7.710155
4.615571, 0.072641, 7.990538
4.617629, 0.072641, 7.990538
4.619737, 0.070092, 7.710155
4.621791, 0.070092, 7.710155
4.623809, 0.070092, 7.710155
4.625745, 0.070092, 7.710155
4.627601, 0.070092, 7.710155
4.629553, 0.070092, 7.710155
4.631478, 0.070092, 7.710155
4.633411, 0.070092, 7.710155
4.635270, 0.072641, 7.990538
4.637114, 0.070092, 7.710155
4.638944, 0.070092, 7.710155
4.640764, 0.070092, 7.710155
4.642598, 0.070092, 7.710155
4.644387, 0.070092, 7.710155
4.646154, 0.070092, 7.710155
4.647934, 0.072641, 7.990538
4.649861, 0.070092, 7.710155
4.652624, 0.070092, 7.710155
4.654395, 0.072641, 7.990538
4.656097, 0.070092, 7.710155
4.658621, 0.072641, 7.990538
4.661366, 0.070092, 7.710155
4.663410, 0.070092, 7.710155
4.665285, 0.070092, 7.710155
4.667497, 0.067543, 7.429772
4.669634, 0.070092, 7.710155
4.671543, 0.070092, 7.710155
4.673375, 0.070092, 7.710155
4.675105, 0.070092, 7.710155
4.676772, 0.070092, 7.710155
4.678411, 0.070092, 7.710155
4.680288, 0.070092, 7.710155
4.682117, 0.070092, 7.710155
4.683910, 0.070092, 7.710155
4.685681, 0.070092, 7.710155
4.687451, 0.070092, 7.710155
4.689277, 0.070092, 7.710155
4.692107, 0.070092, 7.710155
4.694763, 0.070092, 7.710155
4.696759, 0.070092, 7.710155
4.698596, 0.070092, 7.710155
4.700451, 0.070092, 7.710155
4.702267, 0.070092, 7.710155
4.704037, 0.070092, 7.710155
4.705791, 0.070092, 7.710155
4.707509, 0.070092, 7.710155
4.709350, 0.070092, 7.710155
4.711150, 0.070092, 7.710155
4.712959, 0.070092, 7.710155
4.714824, 0.070092, 7.710155
4.716656, 0.070092, 7.710155
4.718479, 0.070092, 7.710155
4.720374, 0.070092, 7.710155
4.722252, 0.070092, 7.710155
4.724024, 0.070092, 7.710155
4.725807, 0.070092, 7.710155
4.727588, 0.070092, 7.710155
4.729344, 0.070092, 7.710155
4.731209, 0.070092, 7.710155
4.733012, 0.070092, 7.710155
4.734780, 0.070092, 7.710155
4.736557, 0.070092, 7.710155
4.738316, 0.070092, 7.710155
4.740037, 0.070092, 7.710155
4.741828, 0.070092, 7.710155
4.743577, 0.070092, 7.710155
4.745287, 0.070092, 7.710155
4.747042, 0.070092, 7.710155
4.748853, 0.072641, 7.990538
4.750608, 0.070092, 7.710155
4.752509, 0.070092, 7.710155
4.754286, 0.070092, 7.710155
4.756087, 0.070092, 7.710155
4.757869, 0.070092, 7.710155
4.759613, 0.070092, 7.710155
4.761436, 0.070092, 7.710155
4.764136, 0.070092, 7.710155
4.767173, 0.070092, 7.710155
4.769241, 0.070092, 7.710155
4.771045, 0.070092, 7.710155
4.772969, 0.070092, 7.710155
4.774733, 0.070092, 7.710155
4.776488, 0.070092, 7.710155
4.778203, 0.070092, 7.710155
4.779980, 0.070092, 7.710155
4.782013, 0.070092, 7.710155
4.784076, 0.070092, 7.710155
4.786048, 0.070092, 7.710155
4.787802, 0.070092, 7.710155
4.789540, 0.070092, 7.710155
4.791147, 0.070092, 7.710155
4.792778, 0.070092, 7.710155
4.794419, 0.070092, 7.710155
4.796215, 0.070092, 7.710155
4.799176, 0.072641, 7.990538
4.800996, 0.070092, 7.710155
4.802821, 0.070092, 7.710155
4.804484, 0.072641, 7.990538
4.806580, 0.070092, 7.710155
4.808198, 0.070092, 7.710155
4.809814, 0.070092, 7.710155
4.811428, 0.070092, 7.710155
4.813288, 0.072641, 7.990538
4.815252, 0.070092, 7.710155
4.816992, 0.070092, 7.710155
4.818777, 0.072641, 7.990538
4.820404, 0.070092, 7.710155
4.822021, 0.070092, 7.710155
4.823617, 0.070092, 7.710155
4.825219, 0.072641, 7.990538
4.826818, 0.070092, 7.710155
4.828576, 0.070092, 7.710155
4.830704, 0.070092, 7.710155
4.833546, 0.070092, 7.710155
4.837029, 0.070092, 7.710155
4.839412, 0.070092, 7.710155
4.841639, 0.070092, 7.710155
4.843672, 0.070092, 7.710155
4.845564, 0.070092, 7.710155
4.847539, 0.070092, 7.710155
4.849387, 0.070092, 7.710155
4.851180, 0.070092, 7.710155
4.853101, 0.070092, 7.710155
4.855001, 0.070092, 7.710155
4.856799, 0.070092, 7.710155
4.858526, 0.070092, 7.710155
4.860253, 0.072641, 7.990538
4.862065, 0.067543, 7.429772
4.863824, 0.070092, 7.710155
4.865497, 0.070092, 7.710155
4.867296, 0.070092, 7.710155
4.869026, 0.070092, 7.710155
4.870655, 0.070092, 7.710155
4.872440, 0.070092, 7.710155
4.874149, 0.070092, 7.710155
4.875794, 0.070092, 7.710155
4.877450, 0.070092, 7.710155
4.879123, 0.070092, 7.710155
4.881277, 0.070092, 7.710155
4.882976, 0.070092, 7.710155
4.884601, 0.070092, 7.710155
4.886251, 0.070092, 7.710155
4.887898, 0.070092, 7.710155
4.889647, 0.072641, 7.990538
4.891605, 0.070092, 7.710155
4.893423, 0.070092, 7.710155
4.895190, 0.070092, 7.710155
4.897077, 0.070092, 7.710155
4.898744, 0.070092, 7.710155
4.900530, 0.072641, 7.990538
4.903645, 0.070092, 7.710155
4.905371, 0.070092, 7.710155
4.907061, 0.070092, 7.710155
4.908809, 0.070092, 7.710155
4.910447, 0.072641, 7.990538
4.912183, 0.070092, 7.710155
4.913850, 0.070092, 7.710155
4.915583, 0.070092, 7.710155
4.917397, 0.070092, 7.710155
4.918986, 0.070092, 7.710155
4.920566, 0.070092, 7.710155
4.922545, 0.072641, 7.990538
4.924332, 0.072641, 7.990538
4.925941, 0.070092, 7.710155
4.927595, 0.070092, 7.710155
4.929205, 0.070092, 7.710155
4.930821, 0.067543, 7.429772
4.932559, 0.070092, 7.710155
4.934171, 0.072641, 7.990538
4.935767, 0.070092, 7.710155
4.937344, 0.070092, 7.710155
4.939050, 0.070092, 7.710155
4.940644, 0.070092, 7.710155
4.942392, 0.070092, 7.710155
4.944002, 0.067543, 7.429772
4.945583, 0.070092, 7.710155
4.947162, 0.070092, 7.710155
4.948750, 0.072641, 7.990538
4.950323, 0.070092, 7.710155
4.951997, 0.070092, 7.710155
4.953636, 0.070092, 7.710155
4.955212, 0.070092, 7.710155
4.956792, 0.070092, 7.710155
4.958367, 0.070092, 7.710155
4.959944, 0.070092, 7.710155
4.961751, 0.070092, 7.710155
4.963579, 0.070092, 7.710155
4.965227, 0.070092, 7.710155
4.966799, 0.067543, 7.429772
4.968394, 0.070092, 7.710155
4.969970, 0.070092, 7.710155
4.971665, 0.070092, 7.710155
4.973285, 0.070092, 7.710155
4.974886, 0.070092, 7.710155
4.976507, 0.070092, 7.710155
4.978114, 0.070092, 7.710155
4.979894, 0.070092, 7.710155
4.981697, 0.072641, 7.990538
4.983898, 0.070092, 7.710155
4.985551, 0.070092, 7.710155
4.987292, 0.070092, 7.710155
4.989001, 0.070092, 7.710155
4.990583, 0.070092, 7.710155
4.992356, 0.067543, 7.429772
4.994082, 0.070092, 7.710155
4.995768, 0.070092, 7.710155
4.997398, 0.070092, 7.710155
4.999016, 0.070092, 7.710155
5.000700, 0.070092, 7.710155
5.002609, 0.070092, 7.710155
5.004301, 0.070092, 7.710155
5.005922, 0.070092, 7.710155
5.007744, 0.070092, 7.710155
5.009362, 0.070092, 7.710155
5.011109, 0.070092, 7.710155
5.012789, 0.070092, 7.710155
5.014405, 0.070092, 7.710155
5.016050, 0.070092, 7.710155
5.017844, 0.070092, 7.710155
5.019439, 0.070092, 7.710155
5.021186, 0.070092, 7.710155
5.022825, 0.070092, 7.710155
5.024441, 0.070092, 7.710155
5.026096, 0.070092, 7.710155
5.027713, 0.070092, 7.710155
5.029333, 0.070092, 7.710155
5.031684, 0.070092, 7.710155
5.033732, 0.070092, 7.710155
5.035515, 0.070092, 7.710155
5.037135, 0.070092, 7.710155
5.038760, 0.070092, 7.710155
5.040440, 0.070092, 7.710155
5.042632, 0.070092, 7.710155
5.044645, 0.070092, 7.710155
5.046666, 0.070092, 7.710155
5.048576, 0.070092, 7.710155
5.050274, 0.070092, 7.710155
5.052047, 0.070092, 7.710155
5.053675, 0.070092, 7.710155
5.055288, 0.070092, 7.710155
5.057098, 0.070092, 7.710155
5.059064, 0.070092, 7.710155
5.060814, 0.070092, 7.710155
5.062528, 0.070092, 7.710155
5.064335, 0.070092, 7.710155
5.066028, 0.070092, 7.710155
5.067854, 0.070092, 7.710155
5.069500, 0.070092, 7.710155
5.071112, 0.070092, 7.710155
5.072844, 0.072641, 7.990538
5.074528, 0.072641, 7.990538
5.076316, 0.072641, 7.990538
5.077936, 0.070092, 7.710155
5.079562, 0.070092, 7.710155
5.081293, 0.070092, 7.710155
5.083005, 0.070092, 7.710155
5.084777, 0.070092, 7.710155
5.086505, 0.070092, 7.710155
5.088106, 0.070092, 7.710155
5.089695, 0.070092, 7.710155
5.091408, 0.070092, 7.710155
5.093104, 0.070092, 7.710155
5.094853, 0.070092, 7.710155
5.096464, 0.072641, 7.990538
5.098182, 0.070092, 7.710155
5.099905, 0.070092, 7.710155
5.101791, 0.070092, 7.710155
5.103429, 0.070092, 7.710155
5.105258, 0.070092, 7.710155
5.106926, 0.070092, 7.710155
5.108564, 0.070092, 7.710155
5.110259, 0.070092, 7.710155
5.111938, 0.070092, 7.710155
5.113553, 0.070092, 7.710155
5.115161, 0.070092, 7.710155
5.116875, 0.072641, 7.990538
5.118661, 0.070092, 7.710155
5.120255, 0.070092, 7.710155
5.121938, 0.070092, 7.710155
5.123533, 0.070092, 7.710155
5.125098, 0.070092, 7.710155
5.126677, 0.070092, 7.710155
5.128260, 0.070092, 7.710155
5.129844, 0.070092, 7.710155
5.131621, 0.070092, 7.710155
5.133250, 0.072641, 7.990538
5.135073, 0.070092, 7.710155
5.136664, 0.070092, 7.710155
5.138250, 0.070092, 7.710155
5.139832, 0.070092, 7.710155
5.141578, 0.070092, 7.710155
5.143280, 0.070092, 7.710155
5.144981, 0.070092, 7.710155
5.146701, 0.070092, 7.710155
5.149667, 0.070092, 7.710155
5.151421, 0.072641, 7.990538
5.153216, 0.072641, 7.990538
5.154894, 0.070092, 7.710155
5.157145, 0.070092, 7.710155
5.158805, 0.070092, 7.710155
5.160555, 0.070092, 7.710155
5.162502, 0.070092, 7.710155
5.164651, 0.070092, 7.710155
5.166455, 0.070092, 7.710155
5.168277, 0.070092, 7.710155
5.169974, 0.070092, 7.710155
5.171664, 0.070092, 7.710155
5.173616, 0.070092, 7.710155
5.175405, 0.070092, 7.710155
5.177068, 0.070092, 7.710155
5.178632, 0.070092, 7.710155
5.180351, 0.070092, 7.710155
5.182033, 0.070092, 7.710155
5.183937, 0.070092, 7.710155
5.185536, 0.070092, 7.710155
5.187119, 0.070092, 7.710155
5.188702, 0.070092, 7.710155
5.190281, 0.070092, 7.710155
5.191843, 0.072641, 7.990538
5.194963, 0.070092, 7.710155
5.196553, 0.070092, 7.710155
5.198306, 0.070092, 7.710155
5.199981, 0.070092, 7.710155
5.201708, 0.070092, 7.710155
5.204737, 0.070092, 7.710155
5.206296, 0.070092, 7.710155
5.207865, 0.070092, 7.710155
5.209437, 0.070092, 7.710155
5.210994, 0.070092, 7.710155
5.213309, 0.070092, 7.710155
5.215654, 0.070092, 7.710155
5.217426, 0.070092, 7.710155
5.218997, 0.070092, 7.710155
5.220564, 0.070092, 7.710155
5.222266, 0.070092, 7.710155
5.224281, 0.070092, 7.710155
5.225966, 0.070092, 7.710155
5.227745, 0.070092, 7.710155
5.229627, 0.070092, 7.710155
5.231783, 0.067543, 7.429772
5.233840, 0.070092, 7.710155
5.235643, 0.070092, 7.710155
5.237379, 0.070092, 7.710155
5.238974, 0.070092, 7.710155
5.240553, 0.070092, 7.710155
5.242118, 0.072641, 7.990538
5.245857, 0.070092, 7.710155
5.247681, 0.070092, 7.710155
5.249352, 0.070092, 7.710155
5.251044, 0.070092, 7.710155
5.252732, 0.070092, 7.710155
5.254528, 0.070092, 7.710155
5.256228, 0.070092, 7.710155
5.257908, 0.070092, 7.710155
5.259498, 0.070092, 7.710155
5.261073, 0.072641, 7.990538
5.262644, 0.070092, 7.710155
5.264496, 0.070092, 7.710155
5.266275, 0.070092, 7.710155
5.268059, 0.070092, 7.710155
5.269643, 0.070092, 7.710155
5.271228, 0.070092, 7.710155
5.272798, 0.070092, 7.710155
5.274525, 0.070092, 7.710155
5.276117, 0.070092, 7.710155
5.277693, 0.070092, 7.710155
5.279277, 0.070092, 7.710155
5.280921, 0.070092, 7.710155
5.282645, 0.070092, 7.710155
5.284738, 0.070092, 7.710155
5.286439, 0.070092, 7.710155
5.288199, 0.070092, 7.710155
5.289788, 0.070092, 7.710155
5.291368, 0.072641, 7.990538
5.292937, 0.070092, 7.710155
5.294667, 0.070092, 7.710155
5.296388, 0.070092, 7.710155
5.298195, 0.070092, 7.710155
5.299870, 0.070092, 7.710155
5.301636, 0.072641, 7.990538
5.303585, 0.070092, 7.710155
5.306044, 0.072641, 7.990538
5.307637, 0.072641, 7.990538
5.309219, 0.070092, 7.710155
5.310771, 0.070092, 7.710155
5.312344, 0.070092, 7.710155
5.314139, 0.070092, 7.710155
5.315824, 0.070092, 7.710155
5.317506, 0.070092, 7.710155
5.319230, 0.070092, 7.710155
5.320790, 0.070092, 7.710155
5.322370, 0.070092, 7.710155
5.324111, 0.070092, 7.710155
5.325794, 0.070092, 7.710155
5.327541, 0.070092, 7.710155
5.329121, 0.070092, 7.710155
5.330739, 0.070092, 7.710155
5.332371, 0.070092, 7.710155
5.334979, 0.070092, 7.710155
5.336898, 0.070092, 7.710155
5.338514, 0.072641, 7.990538
5.340110, 0.070092, 7.710155
5.341712, 0.070092, 7.710155
5.343575, 0.070092, 7.710155
5.345241, 0.070092, 7.710155
5.347072, 0.070092, 7.710155
5.348660, 0.070092, 7.710155
5.350496, 0.070092, 7.710155
5.352120, 0.070092, 7.710155
5.353811, 0.070092, 7.710155
5.355451, 0.070092, 7.710155
5.357268, 0.072641, 7.990538
5.358837, 0.070092, 7.710155
5.360420, 0.070092, 7.710155
5.362008, 0.070092, 7.710155
5.364703, 0.070092, 7.710155
5.366725, 0.070092, 7.710155
5.368499, 0.070092, 7.710155
5.370131, 0.070092, 7.710155
5.371731, 0.070092, 7.710155
5.373475, 0.070092, 7.710155
5.375084, 0.070092, 7.710155
5.376656, 0.070092, 7.710155
5.378243, 0.070092, 7.710155
5.379835, 0.070092, 7.710155
5.381476, 0.070092, 7.710155
5.383541, 0.070092, 7.710155
5.387138, 0.070092, 7.710155
5.388990, 0.070092, 7.710155
5.390817, 0.070092, 7.710155
5.392446, 0.070092, 7.710155
5.394070, 0.070092, 7.710155
5.395670, 0.070092, 7.710155
5.398153, 0.070092, 7.710155
5.400819, 0.070092, 7.710155
5.402573, 0.070092, 7.710155
5.404221, 0.070092, 7.710155
5.405867, 0.072641, 7.990538
5.407559, 0.070092, 7.710155
5.409193, 0.070092, 7.710155
5.411022, 0.070092, 7.710155
5.413582, 0.070092, 7.710155
5.416255, 0.070092, 7.710155
5.418381, 0.072641, 7.990538
5.420321, 0.070092, 7.710155
5.422513, 0.070092, 7.710155
5.424539, 0.070092, 7.710155
5.426449, 0.070092, 7.710155
5.428228, 0.070092, 7.710155
5.430337, 0.070092, 7.710155
5.432227, 0.072641, 7.990538
5.434022, 0.070092, 7.710155
5.435719, 0.070092, 7.710155
5.437399, 0.070092, 7.710155
5.439109, 0.070092, 7.710155
5.441000, 0.070092, 7.710155
5.442903, 0.070092, 7.710155
5.444705, 0.070092, 7.710155
5.446429, 0.070092, 7.710155
5.448320, 0.070092, 7.710155
5.450115, 0.072641, 7.990538
5.452695, 0.070092, 7.710155
5.454664, 0.070092, 7.710155
5.456485, 0.070092, 7.710155
5.458341, 0.070092, 7.710155
5.459981, 0.070092, 7.710155
5.461689, 0.072641, 7.990538
5.464384, 0.070092, 7.710155
5.466322, 0.070092, 7.710155
5.468200, 0.070092, 7.710155
5.469964, 0.070092, 7.710155
5.471876, 0.070092, 7.710155
5.473855, 0.070092, 7.710155
5.475826, 0.070092, 7.710155
5.477880, 0.070092, 7.710155
5.479846, 0.070092, 7.710155
5.481849, 0.070092, 7.710155
5.483659, 0.072641, 7.990538
5.485402, 0.072641, 7.990538
5.487118, 0.070092, 7.710155
5.488849, 0.072641, 7.990538
5.490551, 0.070092, 7.710155
5.492332, 0.070092, 7.710155
5.494043, 0.070092, 7.710155
5.495709, 0.070092, 7.710155
5.497475, 0.070092, 7.710155
5.499220, 0.070092, 7.710155
5.500917, 0.070092, 7.710155
5.502914, 0.070092, 7.710155
5.504679, 0.070092, 7.710155
5.506388, 0.072641, 7.990538
5.508082, 0.070092, 7.710155
5.509748, 0.070092, 7.710155
5.511436, 0.070092, 7.710155
5.513267, 0.072641, 7.990538
5.514972, 0.070092, 7.710155
5.516676, 0.070092, 7.710155
5.518394, 0.070092, 7.710155
5.520598, 0.070092, 7.710155
5.522336, 0.070092, 7.710155
5.524142, 0.070092, 7.710155
5.525825, 0.070092, 7.710155
5.527490, 0.070092, 7.710155
5.529174, 0.070092, 7.710155
5.530876, 0.070092, 7.710155
5.532555, 0.070092, 7.710155
5.534289, 0.070092, 7.710155
5.535996, 0.070092, 7.710155
5.537664, 0.070092, 7.710155
5.539344, 0.070092, 7.710155
5.540976, 0.070092, 7.710155
5.542813, 0.070092, 7.710155
5.544759, 0.070092, 7.710155
5.546443, 0.070092, 7.710155
5.548199, 0.070092, 7.710155
5.549897, 0.072641, 7.990538
5.551545, 0.070092, 7.710155
5.553451, 0.070092, 7.710155
5.555637, 0.070092, 7.710155
5.557322, 0.070092, 7.710155
5.558979, 0.070092, 7.710155
5.560538, 0.070092, 7.710155
5.562103, 0.070092, 7.710155
5.563767, 0.072641, 7.990538
5.565776, 0.070092, 7.710155
5.567481, 0.072641, 7.990538
5.569135, 0.070092, 7.710155
5.570906, 0.072641, 7.990538
5.572506, 0.070092, 7.710155
5.574135, 0.070092, 7.710155
5.575780, 0.070092, 7.710155
5.577420, 0.070092, 7.710155
5.579054, 0.070092, 7.710155
5.582076, 0.070092, 7.710155
5.584015, 0.070092, 7.710155
5.585761, 0.070092, 7.710155
5.587363, 0.070092, 7.710155
5.588934, 0.070092, 7.710155
5.590509, 0.070092, 7.710155
5.592104, 0.070092, 7.710155
5.593704, 0.070092, 7.710155
5.595413, 0.070092, 7.710155
5.597183, 0.070092, 7.710155
5.598814, 0.070092, 7.710155
5.600509, 0.070092, 7.710155
5.603532, 0.070092, 7.710155
5.605098, 0.070092, 7.710155
5.606667, 0.070092, 7.710155
5.608253, 0.070092, 7.710155
5.609893, 0.070092, 7.710155
5.612399, 0.070092, 7.710155
5.614230, 0.070092, 7.710155
5.615892, 0.070092, 7.710155
5.617510, 0.070092, 7.710155
5.619122, 0.070092, 7.710155
5.620726, 0.070092, 7.710155
5.622308, 0.070092, 7.710155
5.624028, 0.070092, 7.710155
5.625693, 0.070092, 7.710155
5.627283, 0.070092, 7.710155
5.628869, 0.070092, 7.710155
5.630454, 0.070092, 7.710155
5.632066, 0.070092, 7.710155
5.633658, 0.070092, 7.710155
5.635316, 0.070092, 7.710155
5.636911, 0.070092, 7.710155
5.638470, 0.070092, 7.710155
5.640056, 0.070092, 7.710155
5.641642, 0.070092, 7.710155
5.643219, 0.070092, 7.710155
5.644890, 0.070092, 7.710155
5.646458, 0.070092, 7.710155
5.648261, 0.070092, 7.710155
5.650405, 0.070092, 7.710155
5.652720, 0.070092, 7.710155
5.654976, 0.072641, 7.990538
5.657209, 0.070092, 7.710155
5.659538, 0.070092, 7.710155
5.661826, 0.070092, 7.710155
5.663686, 0.070092, 7.710155
5.665687, 0.070092, 7.710155
5.667406, 0.070092, 7.710155
5.669002, 0.070092, 7.710155
5.670582, 0.072641, 7.990538
5.672170, 0.070092, 7.710155
5.673764, 0.070092, 7.710155
5.675350, 0.070092, 7.710155
5.677205, 0.070092, 7.710155
5.678847, 0.070092, 7.710155
5.680700, 0.070092, 7.710155
5.682315, 0.070092, 7.710155
5.684022, 0.070092, 7.710155
5.685773, 0.072641, 7.990538
5.687787, 0.072641, 7.990538
5.689513, 0.070092, 7.710155
5.691158, 0.070092, 7.710155
5.692982, 0.070092, 7.710155
5.694582, 0.070092, 7.710155
5.696868, 0.070092, 7.710155
5.698723, 0.070092, 7.710155
5.700333, 0.070092, 7.710155
5.701980, 0.072641, 7.990538
5.703613, 0.070092, 7.710155
5.705252, 0.070092, 7.710155
5.706917, 0.072641, 7.990538
5.708549, 0.070092, 7.710155
5.710166, 0.070092, 7.710155
5.711762, 0.070092, 7.710155
5.713384, 0.070092, 7.710155
5.715004, 0.070092, 7.710155
5.716740, 0.070092, 7.710155
5.718720, 0.070092, 7.710155
5.720509, 0.070092, 7.710155
5.722179, 0.072641, 7.990538
5.723764, 0.070092, 7.710155
5.725340, 0.070092, 7.710155
5.726964, 0.070092, 7.710155
5.728621, 0.070092, 7.710155
5.730420, 0.070092, 7.710155
5.732109, 0.070092, 7.710155
5.733844, 0.070092, 7.710155
5.735551, 0.070092, 7.710155
5.737279, 0.070092, 7.710155
5.740265, 0.070092, 7.710155
5.741860, 0.070092, 7.710155
5.743428, 0.070092, 7.710155
5.744991, 0.070092, 7.710155
5.747809, 0.070092, 7.710155
5.750437, 0.070092, 7.710155
5.752178, 0.072641, 7.990538
5.753870, 0.072641, 7.990538
5.755423, 0.070092, 7.710155
5.756984, 0.070092, 7.710155
5.759164, 0.070092, 7.710155
5.760928, 0.072641, 7.990538
5.762480, 0.070092, 7.710155
5.764721, 0.070092, 7.710155
5.767027, 0.072641, 7.990538
5.768789, 0.070092, 7.710155
5.770433, 0.070092, 7.710155
5.772119, 0.070092, 7.710155
5.773705, 0.072641, 7.990538
5.775262, 0.072641, 7.990538
5.776844, 0.072641, 7.990538
5.780158, 0.070092, 7.710155
5.782396, 0.070092, 7.710155
5.784119, 0.072641, 7.990538
5.785736, 0.070092, 7.710155
5.787754, 0.072641, 7.990538
5.789791, 0.070092, 7.710155
5.791349, 0.070092, 7.710155
5.792991, 0.070092, 7.710155
5.794558, 0.070092, 7.710155
5.796106, 0.070092, 7.710155
5.799588, 0.070092, 7.710155
5.801590, 0.070092, 7.710155
5.803281, 0.072641, 7.990538
5.804864, 0.070092, 7.710155
5.806428, 0.072641, 7.990538
5.807999, 0.070092, 7.710155
5.810113, 0.072641, 7.990538
5.811755, 0.070092, 7.710155
5.815282, 0.072641, 7.990538
5.817126, 0.070092, 7.710155
5.819482, 0.070092, 7.710155
5.821730, 0.070092, 7.710155
5.823347, 0.070092, 7.710155
5.824894, 0.070092, 7.710155
5.826461, 0.070092, 7.710155
5.828006, 0.070092, 7.710155
5.831378, 0.072641, 7.990538
5.833186, 0.072641, 7.990538
5.834933, 0.070092, 7.710155
5.836556, 0.072641, 7.990538
5.838599, 0.072641, 7.990538
5.840279, 0.070092, 7.710155
5.841958, 0.070092, 7.710155
5.843613, 0.070092, 7.710155
5.845216, 0.070092, 7.710155
5.847014, 0.070092, 7.710155
5.849519, 0.070092, 7.710155
5.851285, 0.070092, 7.710155
5.853045, 0.070092, 7.710155
5.854639, 0.070092, 7.710155
5.856228, 0.070092, 7.710155
5.857832, 0.070092, 7.710155
5.861523, 0.072641, 7.990538
5.865280, 0.070092, 7.710155
5.867854, 0.070092, 7.710155
5.870107, 0.070092, 7.710155
5.871945, 0.070092, 7.710155
5.873631, 0.070092, 7.710155
5.875303, 0.070092, 7.710155
5.876987, 0.070092, 7.710155
5.879070, 0.072641, 7.990538
5.881756, 0.070092, 7.710155
5.883770, 0.072641, 7.990538
5.885592, 0.070092, 7.710155
5.887970, 0.070092, 7.710155
5.890067, 0.070092, 7.710155
5.891951, 0.070092, 7.710155
5.893646, 0.070092, 7.710155
5.895307, 0.070092, 7.710155
5.897077, 0.070092, 7.710155
5.898964, 0.070092, 7.710155
5.900641, 0.070092, 7.710155
5.902313, 0.070092, 7.710155
5.903934, 0.072641, 7.990538
5.905597, 0.072641, 7.990538
5.907198, 0.072641, 7.990538
5.909136, 0.072641, 7.990538
5.911140, 0.070092, 7.710155
5.913018, 0.070092, 7.710155
5.914845, 0.072641, 7.990538
5.916584, 0.072641, 7.990538
5.918570, 0.070092, 7.710155
5.920268, 0.070092, 7.710155
5.921962, 0.070092, 7.710155
5.923628, 0.072641, 7.990538
5.925394, 0.072641, 7.990538
5.927024, 0.072641, 7.990538
5.928703, 0.070092, 7.710155
5.930426, 0.070092, 7.710155
5.932239, 0.070092, 7.710155
5.933941, 0.070092, 7.710155
5.935681, 0.070092, 7.710155
5.937371, 0.070092, 7.710155
5.939340, 0.070092, 7.710155
5.941090, 0.070092, 7.710155
5.942935, 0.070092, 7.710155
5.944837, 0.070092, 7.710155
5.946880, 0.070092, 7.710155
5.949111, 0.070092, 7.710155
5.951471, 0.070092, 7.710155
5.953661, 0.070092, 7.710155
5.955538, 0.070092, 7.710155
5.957417, 0.070092, 7.710155
5.959183, 0.070092, 7.710155
5.961102, 0.070092, 7.710155
5.963564, 0.070092, 7.710155
5.966480, 0.070092, 7.710155
5.968653, 0.070092, 7.710155
5.970553, 0.070092, 7.710155
5.972525, 0.070092, 7.710155
5.974273, 0.070092, 7.710155
5.976184, 0.070092, 7.710155
5.977907, 0.070092, 7.710155
5.979649, 0.070092, 7.710155
5.981828, 0.070092, 7.710155
5.983869, 0.070092, 7.710155
5.985590, 0.070092, 7.710155
5.987296, 0.072641, 7.990538
5.989030, 0.072641, 7.990538
5.990912, 0.070092, 7.710155
5.992646, 0.070092, 7.710155
5.994359, 0.070092, 7.710155
5.996065, 0.070092, 7.710155
5.998246, 0.070092, 7.710155
6.000032, 0.072641, 7.990538
6.001733, 0.070092, 7.710155
6.003513, 0.070092, 7.710155
6.005383, 0.072641, 7.990538
6.007070, 0.072641, 7.990538
6.008832, 0.070092, 7.710155
6.010612, 0.070092, 7.710155
6.012520, 0.070092, 7.710155
6.017034, 0.070092, 7.710155
6.019029, 0.070092, 7.710155
6.020889, 0.070092, 7.710155
6.022751, 0.070092, 7.710155
6.024522, 0.070092, 7.710155
6.026353, 0.070092, 7.710155
6.028143, 0.070092, 7.710155
6.030387, 0.070092, 7.710155
6.032569, 0.070092, 7.710155
6.034452, 0.072641, 7.990538
6.036160, 0.070092, 7.710155
6.037852, 0.072641, 7.990538
6.039474, 0.070092, 7.710155
6.041218, 0.070092, 7.710155
6.042856, 0.070092, 7.710155
6.045287, 0.070092, 7.710155
6.047367, 0.070092, 7.710155
6.049346, 0.072641, 7.990538
6.051053, 0.070092, 7.710155
6.052729, 0.072641, 7.990538
6.054417, 0.072641, 7.990538
6.056244, 0.072641, 7.990538
6.057931, 0.072641, 7.990538
6.059702, 0.070092, 7.710155
6.061358, 0.070092, 7.710155
6.063246, 0.070092, 7.710155
6.064895, 0.070092, 7.710155
6.066555, 0.072641, 7.990538
6.068354, 0.072641, 7.990538
6.070087, 0.072641, 7.990538
6.071681, 0.070092, 7.710155
6.073278, 0.072641, 7.990538
6.075477, 0.070092, 7.710155
6.077338, 0.070092, 7.710155
6.078989, 0.072641, 7.990538
6.080648, 0.072641, 7.990538
6.082245, 0.070092, 7.710155
6.083966, 0.070092, 7.710155
6.085849, 0.070092, 7.710155
6.087436, 0.070092, 7.710155
6.089000, 0.070092, 7.710155
6.090584, 0.070092, 7.710155
6.092310, 0.070092, 7.710155
6.093883, 0.070092, 7.710155
6.095775, 0.070092, 7.710155
6.097630, 0.070092, 7.710155
6.099444, 0.070092, 7.710155
6.101156, 0.072641, 7.990538
6.103334, 0.070092, 7.710155
6.105088, 0.072641, 7.990538
6.106962, 0.070092, 7.710155
6.108625, 0.072641, 7.990538
6.110317, 0.070092, 7.710155
6.112138, 0.070092, 7.710155
6.113973, 0.072641, 7.990538
6.115640, 0.072641, 7.990538
6.117271, 0.072641, 7.990538
6.119019, 0.070092, 7.710155
6.120784, 0.070092, 7.710155
6.122526, 0.072641, 7.990538
6.124190, 0.072641, 7.990538
6.126021, 0.072641, 7.990538
6.127832, 0.072641, 7.990538
6.129858, 0.072641, 7.990538
6.131545, 0.070092, 7.710155
6.133267, 0.070092, 7.710155
6.135062, 0.070092, 7.710155
6.136808, 0.072641, 7.990538
6.138442, 0.072641, 7.990538
6.140254, 0.072641, 7.990538
6.141987, 0.072641, 7.990538
6.143869, 0.070092, 7.710155
6.145620, 0.070092, 7.710155
6.147227, 0.070092, 7.710155
6.148958, 0.070092, 7.710155
6.151147, 0.070092, 7.710155
6.152863, 0.070092, 7.710155
6.154613, 0.072641, 7.990538
6.156383, 0.070092, 7.710155
6.158131, 0.072641, 7.990538
6.159721, 0.072641, 7.990538
6.161418, 0.070092, 7.710155
6.163046, 0.070092, 7.710155
6.164982, 0.072641, 7.990538
6.166800, 0.070092, 7.710155
6.168549, 0.070092, 7.710155
6.170268, 0.070092, 7.710155
6.172430, 0.070092, 7.710155
6.174221, 0.070092, 7.710155
6.176071, 0.070092, 7.710155
6.177835, 0.072641, 7.990538
6.179688, 0.070092, 7.710155
6.181466, 0.072641, 7.990538
6.183106, 0.070092, 7.710155
6.184812, 0.072641, 7.990538
6.186708, 0.070092, 7.710155
6.188318, 0.070092, 7.710155
6.189918, 0.070092, 7.710155
6.191777, 0.072641, 7.990538
6.193734, 0.070092, 7.710155
6.195469, 0.070092, 7.710155
6.197310, 0.070092, 7.710155
6.198927, 0.072641, 7.990538
6.200674, 0.070092, 7.710155
6.202592, 0.072641, 7.990538
6.204226, 0.070092, 7.710155
6.205833, 0.070092, 7.710155
6.207689, 0.070092, 7.710155
6.209427, 0.070092, 7.710155
6.211035, 0.072641, 7.990538
6.212733, 0.070092, 7.710155
6.214365, 0.072641, 7.990538
6.216302, 0.072641, 7.990538
6.218109, 0.070092, 7.710155
6.219724, 0.070092, 7.710155
6.221419, 0.072641, 7.990538
6.223420, 0.070092, 7.710155
6.225084, 0.070092, 7.710155
6.226966, 0.070092, 7.710155
6.228735, 0.072641, 7.990538
6.230740, 0.072641, 7.990538
6.232658, 0.070092, 7.710155
6.235579, 0.070092, 7.710155
6.237343, 0.070092, 7.710155
6.239088, 0.070092, 7.710155
6.240760, 0.070092, 7.710155
6.242483, 0.070092, 7.710155
6.244256, 0.070092, 7.710155
6.246093, 0.070092, 7.710155
6.247916, 0.070092, 7.710155
6.249567, 0.072641, 7.990538
6.251258, 0.070092, 7.710155
6.275104, 0.070092, 7.710155
6.277160, 0.070092, 7.710155
6.279178, 0.070092, 7.710155
6.281513, 0.072641, 7.990538
6.283431, 0.070092, 7.710155
6.287816, 0.070092, 7.710155
6.289841, 0.072641, 7.990538
6.291612, 0.070092, 7.710155
6.293321, 0.072641, 7.990538
6.295214, 0.072641, 7.990538
6.297118, 0.072641, 7.990538
6.299836, 0.072641, 7.990538
6.301514, 0.072641, 7.990538
6.303394, 0.072641, 7.990538
6.305215, 0.070092, 7.710155
6.306877, 0.070092, 7.710155
6.308498, 0.072641, 7.990538
6.310199, 0.070092, 7.710155
6.311914, 0.070092, 7.710155
6.313907, 0.072641, 7.990538
6.315720, 0.070092, 7.710155
6.317385, 0.070092, 7.710155
6.319203, 0.070092, 7.710155
6.320841, 0.072641, 7.990538
6.322405, 0.070092, 7.710155
6.324048, 0.070092, 7.710155
6.325928, 0.072641, 7.990538
6.327732, 0.070092, 7.710155
6.329678, 0.070092, 7.710155
6.331478, 0.072641, 7.990538
6.333344, 0.070092, 7.710155
6.335202, 0.070092, 7.710155
6.337011, 0.072641, 7.990538
6.338644, 0.070092, 7.710155
6.340395, 0.070092, 7.710155
6.342025, 0.070092, 7.710155
6.343629, 0.070092, 7.710155
6.346398, 0.070092, 7.710155
6.349315, 0.070092, 7.710155
6.351401, 0.072641, 7.990538
6.353299, 0.072641, 7.990538
6.355806, 0.072641, 7.990538
6.358413, 0.070092, 7.710155
6.360070, 0.070092, 7.710155
6.361861, 0.070092, 7.710155
6.363610, 0.072641, 7.990538
6.365641, 0.070092, 7.710155
6.367562, 0.070092, 7.710155
6.369345, 0.070092, 7.710155
6.370992, 0.072641, 7.990538
6.372715, 0.070092, 7.710155
6.374402, 0.072641, 7.990538
6.376448, 0.070092, 7.710155
6.378087, 0.072641, 7.990538
6.379866, 0.070092, 7.710155
6.381614, 0.070092, 7.710155
6.383654, 0.072641, 7.990538
6.385270, 0.070092, 7.710155
6.387249, 0.070092, 7.710155
6.388962, 0.072641, 7.990538
6.390757, 0.070092, 7.710155
6.392388, 0.070092, 7.710155
6.394107, 0.072641, 7.990538
6.396746, 0.070092, 7.710155
6.399362, 0.070092, 7.710155
6.401355, 0.070092, 7.710155
6.403026, 0.072641, 7.990538
6.404917, 0.070092, 7.710155
6.406598, 0.070092, 7.710155
6.408224, 0.070092, 7.710155
6.409872, 0.070092, 7.710155
6.411467, 0.070092, 7.710155
6.413205, 0.070092, 7.710155
6.415160, 0.070092, 7.710155
6.417322, 0.070092, 7.710155
6.419175, 0.070092, 7.710155
6.420863, 0.070092, 7.710155
6.422524, 0.070092, 7.710155
6.424244, 0.070092, 7.710155
6.426681, 0.070092, 7.710155
6.428299, 0.070092, 7.710155
6.429951, 0.070092, 7.710155
6.431597, 0.070092, 7.710155
6.433358, 0.070092, 7.710155
6.435037, 0.072641, 7.990538
6.436770, 0.070092, 7.710155
6.438376, 0.072641, 7.990538
6.439963, 0.072641, 7.990538
6.441712, 0.070092, 7.710155
6.443282, 0.070092, 7.710155
6.444864, 0.072641, 7.990538
6.447832, 0.072641, 7.990538
6.449852, 0.070092, 7.710155
6.451523, 0.070092, 7.710155
6.453297, 0.070092, 7.710155
6.455097, 0.070092, 7.710155
6.456754, 0.070092, 7.710155
6.458472, 0.072641, 7.990538
6.460177, 0.070092, 7.710155
6.461989, 0.070092, 7.710155
6.464249, 0.070092, 7.710155
6.466296, 0.070092, 7.710155
6.467935, 0.070092, 7.710155
6.469728, 0.070092, 7.710155
6.471423, 0.070092, 7.710155
6.473008, 0.072641, 7.990538
6.474595, 0.070092, 7.710155
6.476538, 0.070092, 7.710155
6.478216, 0.070092, 7.710155
6.479900, 0.070092, 7.710155
6.481569, 0.070092, 7.710155
6.483419, 0.070092, 7.710155
6.485109, 0.070092, 7.710155
6.486831, 0.070092, 7.710155
6.488468, 0.070092, 7.710155
6.490176, 0.070092, 7.710155
6.491905, 0.070092, 7.710155
6.493491, 0.070092, 7.710155
6.495057, 0.070092, 7.710155
6.496750, 0.070092, 7.710155
6.498526, 0.070092, 7.710155
6.500180, 0.070092, 7.710155
6.501898, 0.072641, 7.990538
6.503490, 0.070092, 7.710155
6.505194, 0.070092, 7.710155
6.508027, 0.072641, 7.990538
6.509687, 0.070092, 7.710155
6.511340, 0.070092, 7.710155
6.513195, 0.070092, 7.710155
6.514925, 0.070092, 7.710155
6.516555, 0.070092, 7.710155
6.518227, 0.070092, 7.710155
6.519986, 0.070092, 7.710155
6.521707, 0.070092, 7.710155
6.523347, 0.070092, 7.710155
6.525045, 0.070092, 7.710155
6.526966, 0.070092, 7.710155
6.528594, 0.070092, 7.710155
6.530945, 0.072641, 7.990538
6.532598, 0.070092, 7.710155
6.534291, 0.070092, 7.710155
6.536089, 0.070092, 7.710155
6.537707, 0.070092, 7.710155
6.539292, 0.072641, 7.990538
6.540859, 0.072641, 7.990538
6.542452, 0.070092, 7.710155
6.544111, 0.070092, 7.710155
6.546601, 0.070092, 7.710155
6.548659, 0.070092, 7.710155
6.550320, 0.070092, 7.710155
6.552006, 0.070092, 7.710155
6.553601, 0.072641, 7.990538
6.555271, 0.070092, 7.710155
6.556858, 0.072641, 7.990538
6.558441, 0.072641, 7.990538
6.560036, 0.070092, 7.710155
6.561617, 0.070092, 7.710155
6.563214, 0.072641, 7.990538
6.567065, 0.070092, 7.710155
6.568653, 0.070092, 7.710155
6.570225, 0.070092, 7.710155
6.571808, 0.070092, 7.710155
6.573457, 0.072641, 7.990538
6.575124, 0.072641, 7.990538
6.576700, 0.070092, 7.710155
6.578279, 0.070092, 7.710155
6.579899, 0.070092, 7.710155
6.581596, 0.070092, 7.710155
6.583253, 0.070092, 7.710155
6.584928, 0.070092, 7.710155
6.586534, 0.072641, 7.990538
6.588161, 0.070092, 7.710155
6.589863, 0.072641, 7.990538
6.591453, 0.072641, 7.990538
6.593028, 0.070092, 7.710155
6.594598, 0.070092, 7.710155
6.597563, 0.070092, 7.710155
6.599257, 0.070092, 7.710155
6.600918, 0.070092, 7.710155
6.602575, 0.070092, 7.710155
6.604152, 0.070092, 7.710155
6.607130, 0.072641, 7.990538
6.609530, 0.070092, 7.710155
6.611214, 0.072641, 7.990538
6.612890, 0.070092, 7.710155
6.614892, 0.070092, 7.710155
6.616540, 0.070092, 7.710155
6.618225, 0.072641, 7.990538
6.619874, 0.070092, 7.710155
6.622333, 0.070092, 7.710155
6.625552, 0.070092, 7.710155
6.627746, 0.070092, 7.710155
6.629528, 0.070092, 7.710155
6.631426, 0.072641, 7.990538
6.633132, 0.072641, 7.990538
6.634775, 0.070092, 7.710155
6.636537, 0.072641, 7.990538
6.638173, 0.070092, 7.710155
6.639805, 0.072641, 7.990538
6.641423, 0.070092, 7.710155
6.643558, 0.070092, 7.710155
6.645156, 0.070092, 7.710155
6.646886, 0.070092, 7.710155
6.649196, 0.070092, 7.710155
6.650977, 0.072641, 7.990538
6.652792, 0.070092, 7.710155
6.654428, 0.070092, 7.710155
6.656054, 0.072641, 7.990538
6.657669, 0.070092, 7.710155
6.659254, 0.070092, 7.710155
6.660862, 0.070092, 7.710155
6.662767, 0.072641, 7.990538
6.664929, 0.072641, 7.990538
6.667065, 0.072641, 7.990538
6.668992, 0.070092, 7.710155
6.670796, 0.070092, 7.710155
6.672413, 0.070092, 7.710155
6.674037, 0.070092, 7.710155
6.675634, 0.070092, 7.710155
6.677444, 0.070092, 7.710155
6.679149, 0.070092, 7.710155
6.681417, 0.070092, 7.710155
6.683225, 0.070092, 7.710155
6.685079, 0.070092, 7.710155
6.686720, 0.070092, 7.710155
6.688375, 0.070092, 7.710155
6.689996, 0.070092, 7.710155
6.691768, 0.072641, 7.990538
6.693475, 0.072641, 7.990538
6.695216, 0.070092, 7.710155
6.697764, 0.072641, 7.990538
6.699684, 0.070092, 7.710155
6.701339, 0.070092, 7.710155
6.703015, 0.070092, 7.710155
6.704607, 0.070092, 7.710155
6.706881, 0.070092, 7.710155
6.708826, 0.070092, 7.710155
6.710471, 0.072641, 7.990538
6.712082, 0.070092, 7.710155
6.713871, 0.072641, 7.990538
6.715591, 0.072641, 7.990538
6.717314, 0.070092, 7.710155
6.719072, 0.072641, 7.990538
6.720924, 0.070092, 7.710155
6.722597, 0.072641, 7.990538
6.726212, 0.070092, 7.710155
6.730283, 0.070092, 7.710155
6.733632, 0.072641, 7.990538
6.735700, 0.072641, 7.990538
6.737554, 0.070092, 7.710155
6.739483, 0.070092, 7.710155
6.741300, 0.070092, 7.710155
6.743391, 0.072641, 7.990538
6.745107, 0.072641, 7.990538
6.747097, 0.072641, 7.990538
6.749050, 0.070092, 7.710155
6.750773, 0.070092, 7.710155
6.752576, 0.070092, 7.710155
6.754220, 0.070092, 7.710155
6.755838, 0.070092, 7.710155
6.757602, 0.070092, 7.710155
6.759260, 0.070092, 7.710155
6.760928, 0.070092, 7.710155
6.762600, 0.072641, 7.990538
6.765186, 0.072641, 7.990538
6.766771, 0.070092, 7.710155
6.768509, 0.070092, 7.710155
6.770132, 0.072641, 7.990538
6.771728, 0.070092, 7.710155
6.773512, 0.072641, 7.990538
6.775126, 0.070092, 7.710155
6.776730, 0.072641, 7.990538
6.778331, 0.072641, 7.990538
6.779997, 0.070092, 7.710155
6.781752, 0.072641, 7.990538
6.783449, 0.070092, 7.710155
6.785145, 0.070092, 7.710155
6.786776, 0.070092, 7.710155
6.788344, 0.070092, 7.710155
6.789937, 0.070092, 7.710155
6.791919, 0.072641, 7.990538
6.793668, 0.072641, 7.990538
6.795378, 0.070092, 7.710155
6.797003, 0.070092, 7.710155
6.798645, 0.070092, 7.710155
6.800293, 0.070092, 7.710155
6.802298, 0.070092, 7.710155
6.804011, 0.072641, 7.990538
6.805805, 0.070092, 7.710155
6.807420, 0.070092, 7.710155
6.809022, 0.070092, 7.710155
6.810649, 0.070092, 7.710155
6.812580, 0.070092, 7.710155
6.814408, 0.070092, 7.710155
6.816174, 0.070092, 7.710155
6.817941, 0.070092, 7.710155
6.819569, 0.070092, 7.710155
6.821181, 0.070092, 7.710155
6.823016, 0.070092, 7.710155
6.824740, 0.070092, 7.710155
6.827057, 0.070092, 7.710155
6.828846, 0.070092, 7.710155
6.830540, 0.070092, 7.710155
6.832326, 0.072641, 7.990538
6.834195, 0.072641, 7.990538
6.835926, 0.072641, 7.990538
6.837634, 0.070092, 7.710155
6.839214, 0.070092, 7.710155
6.840790, 0.070092, 7.710155
6.842486, 0.070092, 7.710155
6.844107, 0.070092, 7.710155
6.845772, 0.072641, 7.990538
6.847646, 0.070092, 7.710155
6.849436, 0.072641, 7.990538
6.851128, 0.070092, 7.710155
6.852821, 0.072641, 7.990538
6.854457, 0.072641, 7.990538
6.856132, 0.072641, 7.990538
6.857935, 0.070092, 7.710155
6.859527, 0.070092, 7.710155
6.861102, 0.070092, 7.710155
6.862681, 0.070092, 7.710155
6.865092, 0.072641, 7.990538
6.866723, 0.070092, 7.710155
6.868338, 0.070092, 7.710155
6.870116, 0.072641, 7.990538
6.871847, 0.070092, 7.710155
6.873611, 0.070092, 7.710155
6.875260, 0.070092, 7.710155
6.877043, 0.070092, 7.710155
6.878638, 0.070092, 7.710155
6.880221, 0.070092, 7.710155
6.881864, 0.070092, 7.710155
6.883673, 0.070092, 7.710155
6.885531, 0.070092, 7.710155
6.887313, 0.070092, 7.710155
6.889136, 0.070092, 7.710155
6.890720, 0.070092, 7.710155
6.892297, 0.070092, 7.710155
6.894017, 0.070092, 7.710155
6.895690, 0.070092, 7.710155
6.897546, 0.070092, 7.710155
6.899183, 0.070092, 7.710155
6.900979, 0.072641, 7.990538
6.902561, 0.072641, 7.990538
6.904296, 0.070092, 7.710155
6.905960, 0.072641, 7.990538
6.907700, 0.072641, 7.990538
6.909452, 0.070092, 7.710155
6.911036, 0.070092, 7.710155
6.912603, 0.072641, 7.990538
6.914384, 0.070092, 7.710155
6.916041, 0.072641, 7.990538
6.917788, 0.070092, 7.710155
6.919599, 0.072641, 7.990538
6.921199, 0.072641, 7.990538
6.922764, 0.072641, 7.990538
6.924390, 0.072641, 7.990538
6.925981, 0.070092, 7.710155
6.927555, 0.072641, 7.990538
6.929126, 0.072641, 7.990538
6.930760, 0.070092, 7.710155
6.932414, 0.072641, 7.990538
6.934225, 0.070092, 7.710155
6.936007, 0.070092, 7.710155
6.937586, 0.070092, 7.710155
6.939162, 0.070092, 7.710155
6.940720, 0.070092, 7.710155
6.942328, 0.070092, 7.710155
6.943904, 0.070092, 7.710155
6.945640, 0.070092, 7.710155
6.947587, 0.072641, 7.990538
6.949294, 0.072641, 7.990538
6.950918, 0.070092, 7.710155
6.952534, 0.070092, 7.710155
6.954168, 0.072641, 7.990538
6.956386, 0.072641, 7.990538
6.958196, 0.072641, 7.990538
6.959930, 0.070092, 7.710155
6.961615, 0.070092, 7.710155
6.963423, 0.070092, 7.710155
6.965643, 0.072641, 7.990538
6.967637, 0.072641, 7.990538
6.970023, 0.070092, 7.710155
6.972078, 0.070092, 7.710155
6.974006, 0.070092, 7.710155
6.976589, 0.072641, 7.990538
6.981160, 0.070092, 7.710155
6.985927, 0.070092, 7.710155
6.989326, 0.072641, 7.990538
6.992272, 0.072641, 7.990538
6.995818, 0.070092, 7.710155
6.999419, 0.070092, 7.710155
7.001730, 0.070092, 7.710155
7.003843, 0.072641, 7.990538
7.005916, 0.072641, 7.990538
7.007883, 0.072641, 7.990538
7.009915, 0.072641, 7.990538
7.011735, 0.070092, 7.710155
7.013721, 0.070092, 7.710155
7.016234, 0.070092, 7.710155
7.018148, 0.070092, 7.710155
7.020027, 0.072641, 7.990538
7.021864, 0.072641, 7.990538
7.024065, 0.070092, 7.710155
7.026257, 0.072641, 7.990538
7.028495, 0.072641, 7.990538
7.030759, 0.070092, 7.710155
7.033139, 0.070092, 7.710155
7.035039, 0.072641, 7.990538
7.036937, 0.070092, 7.710155
7.038870, 0.072641, 7.990538
7.040521, 0.072641, 7.990538
7.042177, 0.070092, 7.710155
7.043774, 0.072641, 7.990538
7.045379, 0.070092, 7.710155
7.047119, 0.070092, 7.710155
7.048903, 0.070092, 7.710155
7.050577, 0.072641, 7.990538
7.052541, 0.070092, 7.710155
7.054169, 0.072641, 7.990538
7.055768, 0.072641, 7.990538
7.057374, 0.072641, 7.990538
7.058985, 0.070092, 7.710155
7.060580, 0.070092, 7.710155
7.062179, 0.070092, 7.710155
7.064079, 0.070092, 7.710155
7.065888, 0.070092, 7.710155
7.067645, 0.070092, 7.710155
7.069382, 0.070092, 7.710155
7.071105, 0.070092, 7.710155
7.072797, 0.070092, 7.710155
7.074467, 0.070092, 7.710155
7.076135, 0.070092, 7.710155
7.077806, 0.070092, 7.710155
7.079637, 0.072641, 7.990538
7.081300, 0.070092, 7.710155
7.082921, 0.070092, 7.710155
7.084674, 0.072641, 7.990538
7.086566, 0.070092, 7.710155
7.088173, 0.070092, 7.710155
7.089846, 0.070092, 7.710155
7.091486, 0.070092, 7.710155
7.093241, 0.070092, 7.710155
7.094998, 0.070092, 7.710155
7.096620, 0.070092, 7.710155
7.098238, 0.070092, 7.710155
7.100009, 0.070092, 7.710155
7.101844, 0.070092, 7.710155
7.103524, 0.070092, 7.710155
7.105366, 0.072641, 7.990538
7.106994, 0.070092, 7.710155
7.108638, 0.070092, 7.710155
7.110348, 0.070092, 7.710155
7.112053, 0.070092, 7.710155
7.113641, 0.072641, 7.990538
7.115323, 0.070092, 7.710155
7.117170, 0.070092, 7.710155
7.118767, 0.070092, 7.710155
7.120355, 0.070092, 7.710155
7.122114, 0.070092, 7.710155
7.123923, 0.070092, 7.710155
7.125773, 0.072641, 7.990538
7.127394, 0.072641, 7.990538
7.129011, 0.070092, 7.710155
7.130746, 0.070092, 7.710155
7.132458, 0.070092, 7.710155
7.134243, 0.070092, 7.710155
7.136087, 0.070092, 7.710155
7.137666, 0.070092, 7.710155
7.139265, 0.072641, 7.990538
7.140840, 0.070092, 7.710155
7.142525, 0.070092, 7.710155
7.144309, 0.070092, 7.710155
7.146022, 0.070092, 7.710155
7.147726, 0.070092, 7.710155
7.149580, 0.072641, 7.990538
7.151322, 0.070092, 7.710155
7.153163, 0.070092, 7.710155
7.154923, 0.072641, 7.990538
7.156748, 0.070092, 7.710155
7.158330, 0.070092, 7.710155
7.159888, 0.070092, 7.710155
7.161467, 0.070092, 7.710155
7.163224, 0.072641, 7.990538
7.164866, 0.070092, 7.710155
7.166600, 0.070092, 7.710155
7.168474, 0.070092, 7.710155
7.170067, 0.070092, 7.710155
7.171640, 0.070092, 7.710155
7.173400, 0.072641, 7.990538
7.175186, 0.070092, 7.710155
7.176979, 0.070092, 7.710155
7.178559, 0.072641, 7.990538
7.180148, 0.070092, 7.710155
7.181774, 0.072641, 7.990538
7.183555, 0.070092, 7.710155
7.185382, 0.070092, 7.710155
7.187170, 0.072641, 7.990538
7.188898, 0.072641, 7.990538
7.190994, 0.072641, 7.990538
7.192803, 0.072641, 7.990538
7.194598, 0.072641, 7.990538
7.196401, 0.072641, 7.990538
7.198239, 0.070092, 7.710155
7.200024, 0.070092, 7.710155
7.201884, 0.072641, 7.990538
7.203574, 0.072641, 7.990538
7.205196, 0.070092, 7.710155
7.207081, 0.070092, 7.710155
7.208700, 0.070092, 7.710155
7.210277, 0.072641, 7.990538
7.211837, 0.070092, 7.710155
7.213535, 0.070092, 7.710155
7.215295, 0.070092, 7.710155
7.217105, 0.070092, 7.710155
7.218880, 0.070092, 7.710155
7.220474, 0.070092, 7.710155
7.222031, 0.070092, 7.710155
7.223611, 0.072641, 7.990538
7.225343, 0.072641, 7.990538
7.227086, 0.070092, 7.710155
7.228947, 0.070092, 7.710155
7.230583, 0.070092, 7.710155
7.232201, 0.070092, 7.710155
7.233992, 0.070092, 7.710155
7.235890, 0.070092, 7.710155
7.237660, 0.070092, 7.710155
7.239438, 0.070092, 7.710155
7.241025, 0.070092, 7.710155
7.242609, 0.072641, 7.990538
7.244165, 0.070092, 7.710155
7.245898, 0.070092, 7.710155
7.247779, 0.070092, 7.710155
7.249703, 0.070092, 7.710155
7.251474, 0.070092, 7.710155
7.253334, 0.072641, 7.990538
7.254987, 0.070092, 7.710155
7.256886, 0.072641, 7.990538
7.258556, 0.072641, 7.990538
7.260174, 0.070092, 7.710155
7.261808, 0.072641, 7.990538
7.263649, 0.070092, 7.710155
7.265627, 0.072641, 7.990538
7.267464, 0.072641, 7.990538
7.269106, 0.072641, 7.990538
7.270916, 0.072641, 7.990538
7.272693, 0.072641, 7.990538
7.274267, 0.070092, 7.710155
7.275929, 0.070092, 7.710155
7.277578, 0.070092, 7.710155
7.279467, 0.070092, 7.710155
7.281277, 0.072641, 7.990538
7.283036, 0.072641, 7.990538
7.284965, 0.070092, 7.710155
7.287294, 0.072641, 7.990538
7.289084, 0.070092, 7.710155
7.290747, 0.072641, 7.990538
7.292574, 0.070092, 7.710155
7.294218, 0.070092, 7.710155
7.295852, 0.070092, 7.710155
7.298150, 0.070092, 7.710155
7.299822, 0.070092, 7.710155
7.301522, 0.072641, 7.990538
7.303184, 0.072641, 7.990538
7.304939, 0.072641, 7.990538
7.306539, 0.070092, 7.710155
7.308393, 0.070092, 7.710155
7.310363, 0.070092, 7.710155
7.312108, 0.070092, 7.710155
7.313806, 0.072641, 7.990538
7.315690, 0.070092, 7.710155
7.317380, 0.070092, 7.710155
7.319075, 0.070092, 7.710155
7.320693, 0.072641, 7.990538
7.322433, 0.072641, 7.990538
7.324105, 0.072641, 7.990538
7.325672, 0.072641, 7.990538
7.327543, 0.072641, 7.990538
7.331710, 0.070092, 7.710155
7.333323, 0.072641, 7.990538
7.335005, 0.070092, 7.710155
7.336556, 0.072641, 7.990538
7.338284, 0.072641, 7.990538
7.339853, 0.070092, 7.710155
7.341414, 0.070092, 7.710155
7.342973, 0.070092, 7.710155
7.344509, 0.070092, 7.710155
7.346077, 0.072641, 7.990538
7.349207, 0.072641, 7.990538
7.350909, 0.070092, 7.710155
7.352686, 0.072641, 7.990538
7.354239, 0.072641, 7.990538
7.355796, 0.072641, 7.990538
7.357952, 0.070092, 7.710155
7.360176, 0.072641, 7.990538
7.362359, 0.072641, 7.990538
7.364498, 0.070092, 7.710155
7.366651, 0.070092, 7.710155
7.368466, 0.072641, 7.990538
7.370603, 0.070092, 7.710155
7.372399, 0.070092, 7.710155
7.374064, 0.072641, 7.990538
7.375642, 0.070092, 7.710155
7.377500, 0.072641, 7.990538
7.380395, 0.072641, 7.990538
7.382004, 0.072641, 7.990538
7.383725, 0.072641, 7.990538
7.385501, 0.072641, 7.990538
7.387246, 0.072641, 7.990538
7.390290, 0.072641, 7.990538
7.391899, 0.070092, 7.710155
7.393449, 0.070092, 7.710155
7.395018, 0.072641, 7.990538
7.396596, 0.070092, 7.710155
7.398428, 0.072641, 7.990538
7.400089, 0.072641, 7.990538
7.401830, 0.072641, 7.990538
7.403396, 0.072641, 7.990538
7.404954, 0.072641, 7.990538
7.406507, 0.072641, 7.990538
7.408551, 0.070092, 7.710155
7.410232, 0.072641, 7.990538
7.411861, 0.072641, 7.990538
7.413429, 0.072641, 7.990538
7.415126, 0.072641, 7.990538
7.416774, 0.072641, 7.990538
7.419033, 0.072641, 7.990538
7.420723, 0.070092, 7.710155
7.422459, 0.070092, 7.710155
7.424036, 0.072641, 7.990538
7.425629, 0.072641, 7.990538
7.427197, 0.072641, 7.990538
7.428819, 0.072641, 7.990538
7.430492, 0.070092, 7.710155
7.432147, 0.072641, 7.990538
7.433832, 0.070092, 7.710155
7.435544, 0.070092, 7.710155
7.437104, 0.070092, 7.710155
7.438828, 0.072641, 7.990538
7.440517, 0.070092, 7.710155
7.442260, 0.070092, 7.710155
7.443908, 0.072641, 7.990538
7.445486, 0.072641, 7.990538
7.447141, 0.072641, 7.990538
7.449431, 0.070092, 7.710155
7.451072, 0.070092, 7.710155
7.452823, 0.072641, 7.990538
7.454415, 0.070092, 7.710155
7.455998, 0.072641, 7.990538
7.457555, 0.072641, 7.990538
7.460510, 0.072641, 7.990538
7.462162, 0.070092, 7.710155
7.463874, 0.070092, 7.710155
7.465511, 0.072641, 7.990538
7.467204, 0.072641, 7.990538
7.468868, 0.070092, 7.710155
7.470459, 0.072641, 7.990538
7.472039, 0.070092, 7.710155
7.473711, 0.072641, 7.990538
7.475277, 0.070092, 7.710155
7.476852, 0.070092, 7.710155
7.479729, 0.070092, 7.710155
7.482155, 0.072641, 7.990538
7.483945, 0.072641, 7.990538
7.485769, 0.070092, 7.710155
7.487383, 0.072641, 7.990538
7.489139, 0.070092, 7.710155
7.490741, 0.070092, 7.710155
7.492336, 0.072641, 7.990538
7.493920, 0.072641, 7.990538
7.495502, 0.070092, 7.710155
7.497104, 0.072641, 7.990538
7.498957, 0.070092, 7.710155
7.500634, 0.070092, 7.710155
7.502399, 0.072641, 7.990538
7.504103, 0.070092, 7.710155
7.505712, 0.070092, 7.710155
7.507293, 0.072641, 7.990538
7.509213, 0.070092, 7.710155
7.510872, 0.072641, 7.990538
7.512510, 0.070092, 7.710155
7.514169, 0.072641, 7.990538
7.515787, 0.072641, 7.990538
7.517412, 0.070092, 7.710155
7.519426, 0.072641, 7.990538
7.521124, 0.072641, 7.990538
7.522836, 0.072641, 7.990538
7.524511, 0.072641, 7.990538
7.526246, 0.072641, 7.990538
7.528068, 0.072641, 7.990538
7.529762, 0.072641, 7.990538
7.531535, 0.072641, 7.990538
7.533308, 0.070092, 7.710155
7.535005, 0.072641, 7.990538
7.536609, 0.070092, 7.710155
7.538388, 0.072641, 7.990538
7.539994, 0.070092, 7.710155
7.541588, 0.072641, 7.990538
7.543199, 0.072641, 7.990538
7.545270, 0.070092, 7.710155
7.546873, 0.072641, 7.990538
7.548776, 0.070092, 7.710155
7.550476, 0.072641, 7.990538
7.552253, 0.072641, 7.990538
7.553858, 0.072641, 7.990538
7.555454, 0.072641, 7.990538
7.557029, 0.072641, 7.990538
7.558858, 0.070092, 7.710155
7.560549, 0.072641, 7.990538
7.562350, 0.072641, 7.990538
7.564097, 0.072641, 7.990538
7.565740, 0.070092, 7.710155
7.568018, 0.072641, 7.990538
7.570757, 0.070092, 7.710155
7.572507, 0.070092, 7.710155
7.574304, 0.070092, 7.710155
7.575956, 0.070092, 7.710155
7.577587, 0.072641, 7.990538
7.579214, 0.072641, 7.990538
7.582050, 0.072641, 7.990538
7.583908, 0.072641, 7.990538
7.585643, 0.070092, 7.710155
7.587370, 0.070092, 7.710155
7.588999, 0.072641, 7.990538
7.590595, 0.072641, 7.990538
7.592201, 0.070092, 7.710155
7.593892, 0.072641, 7.990538
7.595498, 0.072641, 7.990538
7.598062, 0.070092, 7.710155
7.600136, 0.072641, 7.990538
7.601826, 0.072641, 7.990538
7.603537, 0.070092, 7.710155
7.605138, 0.072641, 7.990538
7.606718, 0.072641, 7.990538
7.608310, 0.072641, 7.990538
7.609911, 0.070092, 7.710155
7.611504, 0.072641, 7.990538
7.613097, 0.072641, 7.990538
7.615071, 0.072641, 7.990538
7.616786, 0.070092, 7.710155
7.618540, 0.072641, 7.990538
7.620128, 0.072641, 7.990538
7.621705, 0.072641, 7.990538
7.623265, 0.072641, 7.990538
7.627629, 0.072641, 7.990538
7.630335, 0.072641, 7.990538
7.632419, 0.070092, 7.710155
7.634249, 0.072641, 7.990538
7.635989, 0.070092, 7.710155
7.637860, 0.072641, 7.990538
7.639483, 0.070092, 7.710155
7.641116, 0.072641, 7.990538
7.642753, 0.070092, 7.710155
7.644854, 0.072641, 7.990538
7.646705, 0.072641, 7.990538
7.648684, 0.070092, 7.710155
7.650665, 0.070092, 7.710155
7.652278, 0.070092, 7.710155
7.653938, 0.070092, 7.710155
7.655537, 0.070092, 7.710155
7.657125, 0.072641, 7.990538
7.658692, 0.070092, 7.710155
7.660287, 0.072641, 7.990538
7.661876, 0.070092, 7.710155
7.664435, 0.070092, 7.710155
7.666371, 0.070092, 7.710155
7.668778, 0.072641, 7.990538
7.670501, 0.072641, 7.990538
7.672164, 0.072641, 7.990538
7.673803, 0.070092, 7.710155
7.675421, 0.070092, 7.710155
7.677082, 0.072641, 7.990538
7.678704, 0.072641, 7.990538
7.680930, 0.072641, 7.990538
7.682973, 0.070092, 7.710155
7.684761, 0.070092, 7.710155
7.686466, 0.072641, 7.990538
7.688081, 0.072641, 7.990538
7.689672, 0.072641, 7.990538
7.692823, 0.072641, 7.990538
7.694449, 0.070092, 7.710155
7.696053, 0.070092, 7.710155
7.697702, 0.070092, 7.710155
7.699317, 0.072641, 7.990538
7.701045, 0.072641, 7.990538
7.702717, 0.072641, 7.990538
7.704385, 0.072641, 7.990538
7.705985, 0.070092, 7.710155
7.707589, 0.072641, 7.990538
7.709225, 0.072641, 7.990538
7.710955, 0.070092, 7.710155
7.712644, 0.072641, 7.990538
7.714585, 0.070092, 7.710155
7.716459, 0.070092, 7.710155
7.718230, 0.072641, 7.990538
7.720004, 0.072641, 7.990538
7.721690, 0.072641, 7.990538
7.723342, 0.072641, 7.990538
7.725121, 0.072641, 7.990538
7.727222, 0.070092, 7.710155
7.728905, 0.070092, 7.710155
7.732110, 0.070092, 7.710155
7.733979, 0.072641, 7.990538
7.735770, 0.072641, 7.990538
7.737396, 0.070092, 7.710155
7.738983, 0.072641, 7.990538
7.741054, 0.070092, 7.710155
7.743157, 0.070092, 7.710155
7.745306, 0.072641, 7.990538
7.747427, 0.070092, 7.710155
7.749621, 0.070092, 7.710155
7.751706, 0.072641, 7.990538
7.753785, 0.070092, 7.710155
7.756682, 0.070092, 7.710155
7.758649, 0.072641, 7.990538
7.760546, 0.070092, 7.710155
7.762178, 0.070092, 7.710155
7.763812, 0.070092, 7.710155
7.765442, 0.070092, 7.710155
7.767144, 0.070092, 7.710155
7.768858, 0.072641, 7.990538
7.770521, 0.072641, 7.990538
7.772177, 0.072641, 7.990538
7.774021, 0.072641, 7.990538
7.775632, 0.070092, 7.710155
7.777233, 0.072641, 7.990538
7.778816, 0.072641, 7.990538
7.781824, 0.070092, 7.710155
7.783592, 0.070092, 7.710155
7.785348, 0.072641, 7.990538
7.786967, 0.072641, 7.990538
7.788607, 0.070092, 7.710155
7.790256, 0.070092, 7.710155
7.791855, 0.070092, 7.710155
7.793456, 0.072641, 7.990538
7.795057, 0.070092, 7.710155
7.796671, 0.072641, 7.990538
7.798359, 0.072641, 7.990538
7.800247, 0.072641, 7.990538
7.801942, 0.070092, 7.710155
7.803847, 0.072641, 7.990538
7.805472, 0.070092, 7.710155
7.807082, 0.070092, 7.710155
7.808829, 0.072641, 7.990538
7.810548, 0.072641, 7.990538
7.812314, 0.072641, 7.990538
7.814060, 0.070092, 7.710155
7.815755, 0.072641, 7.990538
7.817423, 0.072641, 7.990538
7.820179, 0.072641, 7.990538
7.822210, 0.072641, 7.990538
7.823818, 0.072641, 7.990538
7.825422, 0.072641, 7.990538
7.827020, 0.070092, 7.710155
7.828710, 0.070092, 7.710155
7.830342, 0.070092, 7.710155
7.831997, 0.072641, 7.990538
7.833696, 0.070092, 7.710155
7.835517, 0.072641, 7.990538
7.837365, 0.072641, 7.990538
7.839295, 0.072641, 7.990538
7.841263, 0.070092, 7.710155
7.843055, 0.070092, 7.710155
7.844897, 0.070092, 7.710155
7.846915, 0.070092, 7.710155
7.849248, 0.070092, 7.710155
7.851091, 0.072641, 7.990538
7.852832, 0.070092, 7.710155
7.854521, 0.072641, 7.990538
7.856243, 0.072641, 7.990538
7.857961, 0.070092, 7.710155
7.859865, 0.070092, 7.710155
7.861576, 0.070092, 7.710155
7.863269, 0.070092, 7.710155
7.864959, 0.070092, 7.710155
7.866815, 0.072641, 7.990538
7.868706, 0.070092, 7.710155
7.871247, 0.070092, 7.710155
7.873062, 0.072641, 7.990538
7.874894, 0.072641, 7.990538
7.876524, 0.072641, 7.990538
7.878126, 0.070092, 7.710155
7.879848, 0.070092, 7.710155
7.881524, 0.070092, 7.710155
7.883301, 0.072641, 7.990538
7.885461, 0.072641, 7.990538
7.888161, 0.070092, 7.710155
7.890299, 0.072641, 7.990538
7.892173, 0.072641, 7.990538
7.894037, 0.072641, 7.990538
7.895867, 0.072641, 7.990538
7.898043, 0.072641, 7.990538
7.900021, 0.072641, 7.990538
7.901946, 0.070092, 7.710155
7.903714, 0.072641, 7.990538
7.905452, 0.072641, 7.990538
7.907181, 0.070092, 7.710155
7.909065, 0.070092, 7.710155
7.911127, 0.072641, 7.990538
7.913479, 0.072641, 7.990538
7.915415, 0.070092, 7.710155
7.917271, 0.070092, 7.710155
7.919160, 0.072641, 7.990538
7.920901, 0.072641, 7.990538
7.922505, 0.072641, 7.990538
7.924099, 0.070092, 7.710155
7.925688, 0.070092, 7.710155
7.927277, 0.070092, 7.710155
7.928946, 0.072641, 7.990538
7.931114, 0.070092, 7.710155
7.933190, 0.070092, 7.710155
7.935235, 0.070092, 7.710155
7.937188, 0.070092, 7.710155
7.938796, 0.070092, 7.710155
7.940452, 0.070092, 7.710155
7.942188, 0.072641, 7.990538
7.944009, 0.070092, 7.710155
7.945893, 0.070092, 7.710155
7.947661, 0.070092, 7.710155
7.949283, 0.072641, 7.990538
7.951279, 0.070092, 7.710155
7.953215, 0.072641, 7.990538
7.954987, 0.070092, 7.710155
7.956720, 0.070092, 7.710155
7.958403, 0.070092, 7.710155
7.960082, 0.070092, 7.710155
7.961956, 0.070092, 7.710155
7.963870, 0.072641, 7.990538
7.965822, 0.072641, 7.990538
7.967795, 0.072641, 7.990538
7.969596, 0.072641, 7.990538
7.971254, 0.070092, 7.710155
7.973179, 0.072641, 7.990538
7.974902, 0.070092, 7.710155
7.976548, 0.072641, 7.990538
7.978372, 0.072641, 7.990538
7.980184, 0.070092, 7.710155
7.982060, 0.072641, 7.990538
7.983976, 0.070092, 7.710155
7.985853, 0.070092, 7.710155
7.987583, 0.070092, 7.710155
7.989193, 0.070092, 7.710155
7.990766, 0.070092, 7.710155
7.992658, 0.072641, 7.990538
7.995050, 0.070092, 7.710155
7.997012, 0.072641, 7.990538
7.998719, 0.072641, 7.990538
8.000759, 0.072641, 7.990538
8.002489, 0.072641, 7.990538
8.004311, 0.072641, 7.990538
8.006177, 0.070092, 7.710155
8.007791, 0.070092, 7.710155
8.009388, 0.072641, 7.990538
8.010969, 0.070092, 7.710155
8.012812, 0.070092, 7.710155
8.015863, 0.070092, 7.710155
8.017796, 0.072641, 7.990538
8.019559, 0.072641, 7.990538
8.021268, 0.072641, 7.990538
8.023041, 0.070092, 7.710155
8.024734, 0.072641, 7.990538
8.026409, 0.070092, 7.710155
8.028063, 0.072641, 7.990538
8.029711, 0.072641, 7.990538
8.031527, 0.070092, 7.710155
8.033351, 0.072641, 7.990538
8.035198, 0.072641, 7.990538
8.036878, 0.072641, 7.990538
8.038603, 0.072641, 7.990538
8.040193, 0.072641, 7.990538
8.041754, 0.072641, 7.990538
8.043505, 0.072641, 7.990538
8.045154, 0.070092, 7.710155
8.048203, 0.072641, 7.990538
8.050201, 0.070092, 7.710155
8.051827, 0.070092, 7.710155
8.053674, 0.070092, 7.710155
8.055270, 0.070092, 7.710155
8.056853, 0.070092, 7.710155
8.058436, 0.070092, 7.710155
8.060007, 0.072641, 7.990538
8.061578, 0.070092, 7.710155
8.063276, 0.070092, 7.710155
8.065124, 0.070092, 7.710155
8.066839, 0.072641, 7.990538
8.068534, 0.072641, 7.990538
8.070099, 0.070092, 7.710155
8.071672, 0.070092, 7.710155
8.073396, 0.072641, 7.990538
8.075143, 0.070092, 7.710155
8.076808, 0.070092, 7.710155
8.078565, 0.072641, 7.990538
8.080177, 0.072641, 7.990538
8.081791, 0.070092, 7.710155
8.083599, 0.072641, 7.990538
8.085398, 0.072641, 7.990538
8.087085, 0.070092, 7.710155
8.088736, 0.072641, 7.990538
8.090382, 0.072641, 7.990538
8.092524, 0.072641, 7.990538
8.094240, 0.070092, 7.710155
8.095950, 0.072641, 7.990538
8.098490, 0.072641, 7.990538
8.100530, 0.070092, 7.710155
8.102320, 0.070092, 7.710155
8.104136, 0.070092, 7.710155
8.105954, 0.072641, 7.990538
8.107747, 0.070092, 7.710155
8.109412, 0.070092, 7.710155
8.111339, 0.072641, 7.990538
8.112982, 0.070092, 7.710155
8.115004, 0.072641, 7.990538
8.116904, 0.072641, 7.990538
8.118577, 0.072641, 7.990538
8.120176, 0.070092, 7.710155
8.121759, 0.070092, 7.710155
8.123353, 0.072641, 7.990538
8.125195, 0.072641, 7.990538
8.127786, 0.070092, 7.710155
8.129415, 0.072641, 7.990538
8.131328, 0.072641, 7.990538
8.133285, 0.072641, 7.990538
8.134942, 0.072641, 7.990538
8.136520, 0.072641, 7.990538
8.138117, 0.072641, 7.990538
8.139700, 0.070092, 7.710155
8.141407, 0.070092, 7.710155
8.143076, 0.070092, 7.710155
8.144707, 0.070092, 7.710155
8.146777, 0.072641, 7.990538
8.148840, 0.070092, 7.710155
8.150459, 0.072641, 7.990538
8.152126, 0.072641, 7.990538
8.153697, 0.072641, 7.990538
8.155261, 0.072641, 7.990538
8.157073, 0.072641, 7.990538
8.158840, 0.072641, 7.990538
8.160487, 0.070092, 7.710155
8.162069, 0.072641, 7.990538
8.163696, 0.072641, 7.990538
8.165309, 0.070092, 7.710155
8.167126, 0.070092, 7.710155
8.168902, 0.070092, 7.710155
8.170624, 0.072641, 7.990538
8.172216, 0.072641, 7.990538
8.173799, 0.072641, 7.990538
8.175369, 0.072641, 7.990538
8.177003, 0.072641, 7.990538
8.178601, 0.072641, 7.990538
8.180219, 0.072641, 7.990538
8.181878, 0.070092, 7.710155
8.183553, 0.070092, 7.710155
8.185263, 0.072641, 7.990538
8.186959, 0.070092, 7.710155
8.188610, 0.072641, 7.990538
8.190284, 0.070092, 7.710155
8.191963, 0.070092, 7.710155
8.193529, 0.072641, 7.990538
8.195110, 0.070092, 7.710155
8.196726, 0.070092, 7.710155
8.198528, 0.070092, 7.710155
8.200220, 0.070092, 7.710155
8.201954, 0.070092, 7.710155
8.203525, 0.072641, 7.990538
8.205101, 0.072641, 7.990538
8.206684, 0.070092, 7.710155
8.208420, 0.072641, 7.990538
8.210151, 0.072641, 7.990538
8.211883, 0.072641, 7.990538
8.213485, 0.070092, 7.710155
8.215127, 0.072641, 7.990538
8.216779, 0.072641, 7.990538
8.218595, 0.070092, 7.710155
8.220239, 0.072641, 7.990538
8.221977, 0.072641, 7.990538
8.223582, 0.070092, 7.710155
8.225165, 0.070092, 7.710155
8.226744, 0.070092, 7.710155
8.228442, 0.070092, 7.710155
8.230098, 0.072641, 7.990538
8.231732, 0.070092, 7.710155
8.233437, 0.072641, 7.990538
8.235175, 0.072641, 7.990538
8.236757, 0.070092, 7.710155
8.238371, 0.072641, 7.990538
8.240295, 0.072641, 7.990538
8.242021, 0.072641, 7.990538
8.243627, 0.070092, 7.710155
8.245330, 0.072641, 7.990538
8.247202, 0.072641, 7.990538
8.248853, 0.070092, 7.710155
8.250580, 0.070092, 7.710155
8.252341, 0.070092, 7.710155
8.254199, 0.070092, 7.710155
8.255908, 0.070092, 7.710155
8.257766, 0.072641, 7.990538
8.259474, 0.070092, 7.710155
8.261151, 0.070092, 7.710155
8.263002, 0.070092, 7.710155
8.265285, 0.070092, 7.710155
8.267140, 0.070092, 7.710155
8.268761, 0.070092, 7.710155
8.270574, 0.072641, 7.990538
8.272282, 0.070092, 7.710155
8.274050, 0.070092, 7.710155
8.275630, 0.070092, 7.710155
8.277243, 0.072641, 7.990538
8.278837, 0.072641, 7.990538
8.280545, 0.070092, 7.710155
8.282168, 0.072641, 7.990538
8.283906, 0.072641, 7.990538
8.285587, 0.070092, 7.710155
8.287180, 0.072641, 7.990538
8.288763, 0.072641, 7.990538
8.290351, 0.070092, 7.710155
8.293424, 0.070092, 7.710155
8.295084, 0.070092, 7.710155
8.296764, 0.070092, 7.710155
8.298412, 0.072641, 7.990538
8.300149, 0.072641, 7.990538
8.301906, 0.072641, 7.990538
8.303492, 0.072641, 7.990538
8.305065, 0.072641, 7.990538
8.306631, 0.072641, 7.990538
8.308213, 0.072641, 7.990538
8.309951, 0.070092, 7.710155
8.311621, 0.070092, 7.710155
8.313275, 0.072641, 7.990538
8.315019, 0.070092, 7.710155
8.316681, 0.072641, 7.990538
8.318407, 0.070092, 7.710155
8.320093, 0.072641, 7.990538
8.321769, 0.072641, 7.990538
8.323523, 0.070092, 7.710155
8.325149, 0.070092, 7.710155
8.326737, 0.070092, 7.710155
8.328321, 0.072641, 7.990538
8.329998, 0.072641, 7.990538
8.331910, 0.072641, 7.990538
8.333643, 0.070092, 7.710155
8.335313, 0.070092, 7.710155
8.336895, 0.070092, 7.710155
8.338491, 0.070092, 7.710155
8.340073, 0.070092, 7.710155
8.341739, 0.070092, 7.710155
8.343313, 0.070092, 7.710155
8.344890, 0.072641, 7.990538
8.346517, 0.070092, 7.710155
8.348179, 0.072641, 7.990538
8.349818, 0.070092, 7.710155
8.351881, 0.070092, 7.710155
8.353704, 0.070092, 7.710155
8.355487, 0.072641, 7.990538
8.357073, 0.070092, 7.710155
8.358654, 0.072641, 7.990538
8.360240, 0.070092, 7.710155
8.362143, 0.070092, 7.710155
8.364034, 0.072641, 7.990538
8.365668, 0.070092, 7.710155
8.367250, 0.072641, 7.990538
8.368878, 0.072641, 7.990538
8.370690, 0.070092, 7.710155
8.372450, 0.070092, 7.710155
8.374144, 0.072641, 7.990538
8.375965, 0.070092, 7.710155
8.377538, 0.070092, 7.710155
8.379122, 0.070092, 7.710155
8.380768, 0.072641, 7.990538
8.382789, 0.070092, 7.710155
8.384954, 0.070092, 7.710155
8.387078, 0.070092, 7.710155
8.388904, 0.070092, 7.710155
8.390656, 0.070092, 7.710155
8.392333, 0.072641, 7.990538
8.394139, 0.070092, 7.710155
8.395774, 0.070092, 7.710155
8.397602, 0.070092, 7.710155
8.399238, 0.070092, 7.710155
8.400952, 0.072641, 7.990538
8.402908, 0.070092, 7.710155
8.404637, 0.070092, 7.710155
8.406309, 0.070092, 7.710155
8.407943, 0.070092, 7.710155
8.409537, 0.072641, 7.990538
8.411142, 0.070092, 7.710155
8.412884, 0.072641, 7.990538
8.415044, 0.070092, 7.710155
8.417193, 0.070092, 7.710155
8.419859, 0.072641, 7.990538
8.421912, 0.070092, 7.710155
8.424209, 0.070092, 7.710155
8.425993, 0.072641, 7.990538
8.427960, 0.072641, 7.990538
8.430233, 0.072641, 7.990538
8.432394, 0.072641, 7.990538
8.434345, 0.070092, 7.710155
8.436323, 0.072641, 7.990538
8.438079, 0.070092, 7.710155
8.439808, 0.072641, 7.990538
8.442050, 0.070092, 7.710155
8.443760, 0.070092, 7.710155
8.445437, 0.072641, 7.990538
8.447645, 0.070092, 7.710155
8.449432, 0.070092, 7.710155
8.451066, 0.070092, 7.710155
8.452723, 0.072641, 7.990538
8.454815, 0.070092, 7.710155
8.456889, 0.070092, 7.710155
8.458888, 0.070092, 7.710155
8.460656, 0.070092, 7.710155
8.462423, 0.070092, 7.710155
8.464311, 0.070092, 7.710155
8.466275, 0.072641, 7.990538
8.468217, 0.070092, 7.710155
8.469984, 0.070092, 7.710155
8.471768, 0.070092, 7.710155
8.473470, 0.070092, 7.710155
8.475180, 0.070092, 7.710155
8.476863, 0.072641, 7.990538
8.478575, 0.070092, 7.710155
8.480246, 0.070092, 7.710155
8.481960, 0.072641, 7.990538
8.483695, 0.072641, 7.990538
8.485426, 0.070092, 7.710155
8.487032, 0.070092, 7.710155
8.488638, 0.072641, 7.990538
8.490250, 0.070092, 7.710155
8.491844, 0.070092, 7.710155
8.493456, 0.072641, 7.990538
8.495199, 0.070092, 7.710155
8.496949, 0.070092, 7.710155
8.498617, 0.070092, 7.710155
8.500324, 0.070092, 7.710155
8.502038, 0.072641, 7.990538
8.503661, 0.070092, 7.710155
8.505578, 0.072641, 7.990538
8.507977, 0.072641, 7.990538
8.509629, 0.072641, 7.990538
8.511231, 0.070092, 7.710155
8.512852, 0.070092, 7.710155
8.514569, 0.070092, 7.710155
8.516552, 0.070092, 7.710155
8.518370, 0.070092, 7.710155
8.520101, 0.072641, 7.990538
8.521826, 0.070092, 7.710155
8.523436, 0.070092, 7.710155
8.525034, 0.070092, 7.710155
8.526834, 0.070092, 7.710155
8.528538, 0.070092, 7.710155
8.530406, 0.072641, 7.990538
8.532078, 0.070092, 7.710155
8.533766, 0.070092, 7.710155
8.535467, 0.072641, 7.990538
8.537346, 0.070092, 7.710155
8.539002, 0.072641, 7.990538
8.540598, 0.070092, 7.710155
8.542268, 0.070092, 7.710155
8.543978, 0.070092, 7.710155
8.545707, 0.070092, 7.710155
8.547731, 0.070092, 7.710155
8.549436, 0.070092, 7.710155
8.551142, 0.072641, 7.990538
8.552877, 0.072641, 7.990538
8.554463, 0.072641, 7.990538
8.556061, 0.072641, 7.990538
8.557843, 0.072641, 7.990538
8.559550, 0.072641, 7.990538
8.561290, 0.070092, 7.710155
8.562888, 0.072641, 7.990538
8.564539, 0.072641, 7.990538
8.566180, 0.072641, 7.990538
8.568025, 0.072641, 7.990538
8.569638, 0.070092, 7.710155
8.571232, 0.070092, 7.710155
8.572817, 0.070092, 7.710155
8.574393, 0.072641, 7.990538
8.575979, 0.070092, 7.710155
8.577799, 0.072641, 7.990538
8.579505, 0.070092, 7.710155
8.581281, 0.072641, 7.990538
8.583167, 0.070092, 7.710155
8.584824, 0.072641, 7.990538
8.586422, 0.072641, 7.990538
8.588135, 0.072641, 7.990538
8.589753, 0.072641, 7.990538
8.591534, 0.070092, 7.710155
8.593133, 0.070092, 7.710155
8.594708, 0.070092, 7.710155
8.596295, 0.070092, 7.710155
8.598043, 0.070092, 7.710155
8.599693, 0.070092, 7.710155
8.601401, 0.072641, 7.990538
8.603131, 0.072641, 7.990538
8.604708, 0.072641, 7.990538
8.606294, 0.072641, 7.990538
8.607993, 0.070092, 7.710155
8.609614, 0.070092, 7.710155
8.611207, 0.070092, 7.710155
8.612801, 0.070092, 7.710155
8.614983, 0.070092, 7.710155
8.616748, 0.072641, 7.990538
8.618845, 0.072641, 7.990538
8.620724, 0.072641, 7.990538
8.622385, 0.070092, 7.710155
8.624028, 0.072641, 7.990538
8.625650, 0.072641, 7.990538
8.627263, 0.072641, 7.990538
8.629158, 0.072641, 7.990538
8.631393, 0.070092, 7.710155
8.633047, 0.072641, 7.990538
8.634666, 0.070092, 7.710155
8.636286, 0.072641, 7.990538
8.637888, 0.070092, 7.710155
8.639518, 0.070092, 7.710155
8.641121, 0.070092, 7.710155
8.642757, 0.072641, 7.990538
8.644505, 0.072641, 7.990538
8.646136, 0.070092, 7.710155
8.649711, 0.072641, 7.990538
8.651385, 0.072641, 7.990538
8.653011, 0.070092, 7.710155
8.654626, 0.072641, 7.990538
8.656217, 0.072641, 7.990538
8.657890, 0.070092, 7.710155
8.659814, 0.070092, 7.710155
8.661545, 0.070092, 7.710155
8.663497, 0.070092, 7.710155
8.666059, 0.070092, 7.710155
8.668626, 0.070092, 7.710155
8.670899, 0.070092, 7.710155
8.673053, 0.072641, 7.990538
8.674797, 0.070092, 7.710155
8.676560, 0.070092, 7.710155
8.678155, 0.070092, 7.710155
8.679744, 0.072641, 7.990538
8.681361, 0.070092, 7.710155
8.683067, 0.072641, 7.990538
8.684882, 0.070092, 7.710155
8.686585, 0.072641, 7.990538
8.688356, 0.070092, 7.710155
8.690112, 0.072641, 7.990538
8.691721, 0.072641, 7.990538
8.693414, 0.072641, 7.990538
8.695094, 0.072641, 7.990538
8.696828, 0.072641, 7.990538
8.698617, 0.072641, 7.990538
8.700321, 0.072641, 7.990538
8.702039, 0.070092, 7.710155
8.703769, 0.072641, 7.990538
8.705498, 0.072641, 7.990538
8.707235, 0.072641, 7.990538
8.708974, 0.072641, 7.990538
8.710574, 0.072641, 7.990538
8.712165, 0.070092, 7.710155
8.714112, 0.070092, 7.710155
8.716725, 0.070092, 7.710155
8.718397, 0.070092, 7.710155
8.720106, 0.072641, 7.990538
8.721708, 0.070092, 7.710155
8.723285, 0.072641, 7.990538
8.724968, 0.072641, 7.990538
8.726632, 0.072641, 7.990538
8.728375, 0.070092, 7.710155
8.730073, 0.070092, 7.710155
8.731722, 0.070092, 7.710155
8.733387, 0.070092, 7.710155
8.736709, 0.070092, 7.710155
8.739311, 0.072641, 7.990538
8.740950, 0.072641, 7.990538
8.742671, 0.070092, 7.710155
8.744261, 0.070092, 7.710155
8.746098, 0.070092, 7.710155
8.747801, 0.070092, 7.710155
8.749475, 0.070092, 7.710155
8.751198, 0.070092, 7.710155
8.752791, 0.072641, 7.990538
8.754366, 0.072641, 7.990538
8.756168, 0.072641, 7.990538
8.757944, 0.070092, 7.710155
8.759629, 0.070092, 7.710155
8.761221, 0.072641, 7.990538
8.762809, 0.070092, 7.710155
8.764455, 0.072641, 7.990538
8.766302, 0.070092, 7.710155
8.768389, 0.070092, 7.710155
8.770443, 0.072641, 7.990538
8.772597, 0.072641, 7.990538
8.774599, 0.072641, 7.990538
8.776604, 0.070092, 7.710155
8.778605, 0.072641, 7.990538
8.780623, 0.072641, 7.990538
8.782800, 0.072641, 7.990538
8.784774, 0.070092, 7.710155
8.786652, 0.072641, 7.990538
8.788442, 0.070092, 7.710155
8.790198, 0.072641, 7.990538
8.791942, 0.070092, 7.710155
8.793540, 0.072641, 7.990538
8.795149, 0.072641, 7.990538
8.797370, 0.070092, 7.710155
8.799115, 0.070092, 7.710155
8.800861, 0.072641, 7.990538
8.802540, 0.072641, 7.990538
8.804131, 0.072641, 7.990538
8.805722, 0.072641, 7.990538
8.807405, 0.070092, 7.710155
8.809046, 0.072641, 7.990538
8.810719, 0.072641, 7.990538
8.812500, 0.072641, 7.990538
8.814149, 0.070092, 7.710155
8.815831, 0.072641, 7.990538
8.817802, 0.072641, 7.990538
8.819500, 0.072641, 7.990538
8.821312, 0.072641, 7.990538
8.822891, 0.072641, 7.990538
8.824476, 0.072641, 7.990538
8.826105, 0.070092, 7.710155
8.827889, 0.072641, 7.990538
8.829664, 0.072641, 7.990538
8.831335, 0.072641, 7.990538
8.833079, 0.072641, 7.990538
8.834848, 0.072641, 7.990538
8.836441, 0.070092, 7.710155
8.838144, 0.072641, 7.990538
8.839828, 0.070092, 7.710155
8.841541, 0.072641, 7.990538
8.843294, 0.072641, 7.990538
8.844877, 0.072641, 7.990538
8.846473, 0.072641, 7.990538
8.850089, 0.070092, 7.710155
8.853520, 0.070092, 7.710155
8.855300, 0.072641, 7.990538
8.857107, 0.070092, 7.710155
8.858714, 0.070092, 7.710155
8.860292, 0.072641, 7.990538
8.861890, 0.070092, 7.710155
8.864237, 0.072641, 7.990538
8.866725, 0.072641, 7.990538
8.868499, 0.072641, 7.990538
8.870100, 0.070092, 7.710155
8.871726, 0.070092, 7.710155
8.873365, 0.072641, 7.990538
8.875022, 0.070092, 7.710155
8.876668, 0.070092, 7.710155
8.878361, 0.070092, 7.710155
8.880312, 0.070092, 7.710155
8.882590, 0.070092, 7.710155
8.884279, 0.070092, 7.710155
8.886083, 0.072641, 7.990538
8.887716, 0.070092, 7.710155
8.889332, 0.070092, 7.710155
8.891019, 0.072641, 7.990538
8.892639, 0.072641, 7.990538
8.894220, 0.072641, 7.990538
8.896019, 0.072641, 7.990538
8.897916, 0.072641, 7.990538
8.899591, 0.072641, 7.990538
8.901308, 0.072641, 7.990538
8.903094, 0.072641, 7.990538
8.904690, 0.072641, 7.990538
8.906260, 0.072641, 7.990538
8.908001, 0.072641, 7.990538
8.909861, 0.070092, 7.710155
8.911543, 0.072641, 7.990538
8.913170, 0.072641, 7.990538
8.914824, 0.070092, 7.710155
8.916443, 0.072641, 7.990538
8.918175, 0.072641, 7.990538
8.919797, 0.070092, 7.710155
8.921533, 0.072641, 7.990538
8.923323, 0.072641, 7.990538
8.924932, 0.072641, 7.990538
8.926528, 0.072641, 7.990538
8.928175, 0.072641, 7.990538
8.929834, 0.072641, 7.990538
8.931479, 0.070092, 7.710155
8.933079, 0.072641, 7.990538
8.934915, 0.072641, 7.990538
8.936556, 0.070092, 7.710155
8.938327, 0.070092, 7.710155
8.940010, 0.070092, 7.710155
8.941765, 0.072641, 7.990538
8.943520, 0.070092, 7.710155
8.945116, 0.072641, 7.990538
8.946714, 0.070092, 7.710155
8.948411, 0.070092, 7.710155
8.950159, 0.070092, 7.710155
8.952086, 0.070092, 7.710155
8.953893, 0.070092, 7.710155
8.955483, 0.070092, 7.710155
8.957071, 0.072641, 7.990538
8.958744, 0.072641, 7.990538
8.960379, 0.072641, 7.990538
8.962128, 0.072641, 7.990538
8.963996, 0.072641, 7.990538
8.965636, 0.072641, 7.990538
8.967520, 0.072641, 7.990538
8.969316, 0.070092, 7.710155
8.971004, 0.070092, 7.710155
8.973224, 0.072641, 7.990538
8.975171, 0.072641, 7.990538
8.976880, 0.070092, 7.710155
8.978452, 0.072641, 7.990538
8.980263, 0.072641, 7.990538
8.981935, 0.070092, 7.710155
8.983717, 0.072641, 7.990538
8.985474, 0.072641, 7.990538
8.987073, 0.070092, 7.710155
8.988671, 0.070092, 7.710155
8.990335, 0.072641, 7.990538
8.991921, 0.072641, 7.990538
8.993510, 0.070092, 7.710155
8.995101, 0.070092, 7.710155
8.996741, 0.070092, 7.710155
8.998415, 0.070092, 7.710155
9.000405, 0.070092, 7.710155
9.002265, 0.070092, 7.710155
9.004065, 0.070092, 7.710155
9.005652, 0.072641, 7.990538
9.007250, 0.072641, 7.990538
9.008880, 0.072641, 7.990538
9.010592, 0.070092, 7.710155
9.012244, 0.070092, 7.710155
9.014109, 0.070092, 7.710155
9.015766, 0.070092, 7.710155
9.017592, 0.070092, 7.710155
9.019265, 0.072641, 7.990538
9.021000, 0.072641, 7.990538
9.022827, 0.072641, 7.990538
9.024548, 0.072641, 7.990538
9.026136, 0.072641, 7.990538
9.027723, 0.072641, 7.990538
9.029315, 0.070092, 7.710155
9.031134, 0.070092, 7.710155
9.032831, 0.070092, 7.710155
9.034419, 0.070092, 7.710155
9.036059, 0.072641, 7.990538
9.037725, 0.072641, 7.990538
9.039344, 0.072641, 7.990538
9.041031, 0.070092, 7.710155
9.042621, 0.072641, 7.990538
9.044222, 0.070092, 7.710155
9.045818, 0.072641, 7.990538
9.047432, 0.072641, 7.990538
9.049072, 0.072641, 7.990538
9.050772, 0.072641, 7.990538
9.052467, 0.072641, 7.990538
9.054232, 0.070092, 7.710155
9.056065, 0.072641, 7.990538
9.057658, 0.070092, 7.710155
9.059245, 0.070092, 7.710155
9.060812, 0.072641, 7.990538
9.062518, 0.072641, 7.990538
9.064176, 0.070092, 7.710155
9.065796, 0.070092, 7.710155
9.067704, 0.070092, 7.710155
9.069346, 0.070092, 7.710155
9.070928, 0.072641, 7.990538
9.072731, 0.070092, 7.710155
9.074524, 0.072641, 7.990538
9.076360, 0.070092, 7.710155
9.078004, 0.070092, 7.710155
9.079586, 0.070092, 7.710155
9.081247, 0.072641, 7.990538
9.084185, 0.072641, 7.990538
9.085887, 0.070092, 7.710155
9.087455, 0.072641, 7.990538
9.089015, 0.070092, 7.710155
9.090587, 0.072641, 7.990538
9.092265, 0.072641, 7.990538
9.093951, 0.072641, 7.990538
9.095725, 0.070092, 7.710155
9.097350, 0.072641, 7.990538
9.099097, 0.070092, 7.710155
9.100745, 0.070092, 7.710155
9.102406, 0.070092, 7.710155
9.104095, 0.070092, 7.710155
9.105881, 0.072641, 7.990538
9.107534, 0.072641, 7.990538
9.109335, 0.072641, 7.990538
9.110966, 0.072641, 7.990538
9.112628, 0.072641, 7.990538
9.114255, 0.072641, 7.990538
9.115858, 0.070092, 7.710155
9.117429, 0.070092, 7.710155
9.119008, 0.072641, 7.990538
9.120589, 0.072641, 7.990538
9.122168, 0.072641, 7.990538
9.123883, 0.072641, 7.990538
9.125492, 0.070092, 7.710155
9.127312, 0.070092, 7.710155
9.128899, 0.070092, 7.710155
9.130520, 0.070092, 7.710155
9.132140, 0.072641, 7.990538
9.134035, 0.070092, 7.710155
9.135743, 0.070092, 7.710155
9.137531, 0.070092, 7.710155
9.139115, 0.072641, 7.990538
9.140707, 0.072641, 7.990538
9.142793, 0.072641, 7.990538
9.144452, 0.072641, 7.990538
9.146035, 0.072641, 7.990538
9.147667, 0.070092, 7.710155
9.149295, 0.072641, 7.990538
9.151089, 0.072641, 7.990538
9.152670, 0.070092, 7.710155
9.156295, 0.070092, 7.710155
9.158080, 0.072641, 7.990538
9.159891, 0.072641, 7.990538
9.161475, 0.070092, 7.710155
9.164104, 0.070092, 7.710155
9.167014, 0.072641, 7.990538
9.169286, 0.072641, 7.990538
9.172263, 0.072641, 7.990538
9.173979, 0.070092, 7.710155
9.175524, 0.070092, 7.710155
9.177112, 0.072641, 7.990538
9.178680, 0.072641, 7.990538
9.180672, 0.072641, 7.990538
9.182561, 0.072641, 7.990538
9.184329, 0.072641, 7.990538
9.185984, 0.072641, 7.990538
9.187666, 0.072641, 7.990538
9.189483, 0.072641, 7.990538
9.191076, 0.070092, 7.710155
9.192680, 0.070092, 7.710155
9.194273, 0.070092, 7.710155
9.195888, 0.072641, 7.990538
9.197665, 0.070092, 7.710155
9.199310, 0.070092, 7.710155
9.201061, 0.072641, 7.990538
9.202640, 0.072641, 7.990538
9.204218, 0.072641, 7.990538
9.205768, 0.070092, 7.710155
9.208995, 0.070092, 7.710155
9.211243, 0.070092, 7.710155
9.213122, 0.072641, 7.990538
9.215929, 0.072641, 7.990538
9.218362, 0.072641, 7.990538
9.220572, 0.070092, 7.710155
9.222111, 0.070092, 7.710155
9.223694, 0.070092, 7.710155
9.225271, 0.070092, 7.710155
9.226902, 0.072641, 7.990538
9.229783, 0.072641, 7.990538
9.232322, 0.072641, 7.990538
9.233973, 0.072641, 7.990538
9.235524, 0.070092, 7.710155
9.237076, 0.070092, 7.710155
9.239206, 0.072641, 7.990538
9.240861, 0.070092, 7.710155
9.242427, 0.072641, 7.990538
9.244093, 0.070092, 7.710155
9.245687, 0.072641, 7.990538
9.248406, 0.072641, 7.990538
9.250230, 0.072641, 7.990538
9.251860, 0.072641, 7.990538
9.253459, 0.072641, 7.990538
9.255053, 0.072641, 7.990538
9.256640, 0.072641, 7.990538
9.258782, 0.072641, 7.990538
9.260608, 0.072641, 7.990538
9.262258, 0.072641, 7.990538
9.264498, 0.072641, 7.990538
9.266443, 0.072641, 7.990538
9.268090, 0.072641, 7.990538
9.271092, 0.070092, 7.710155
9.272737, 0.072641, 7.990538
9.274277, 0.072641, 7.990538
9.275857, 0.070092, 7.710155
9.277428, 0.070092, 7.710155
9.279071, 0.072641, 7.990538
9.280804, 0.070092, 7.710155
9.282442, 0.070092, 7.710155
9.284114, 0.070092, 7.710155
9.285730, 0.072641, 7.990538
9.287321, 0.070092, 7.710155
9.289138, 0.072641, 7.990538
9.290819, 0.070092, 7.710155
9.292459, 0.070092, 7.710155
9.294023, 0.070092, 7.710155
9.295605, 0.072641, 7.990538
9.297997, 0.070092, 7.710155
9.301038, 0.072641, 7.990538
9.302696, 0.072641, 7.990538
9.304249, 0.072641, 7.990538
9.305809, 0.072641, 7.990538
9.307386, 0.072641, 7.990538
9.309443, 0.072641, 7.990538
9.311090, 0.072641, 7.990538
9.312767, 0.072641, 7.990538
9.314474, 0.072641, 7.990538
9.316130, 0.072641, 7.990538
9.317780, 0.072641, 7.990538
9.320829, 0.072641, 7.990538
9.322431, 0.072641, 7.990538
9.323972, 0.072641, 7.990538
9.325630, 0.072641, 7.990538
9.327229, 0.070092, 7.710155
9.329409, 0.072641, 7.990538
9.332471, 0.072641, 7.990538
9.334215, 0.070092, 7.710155
9.335837, 0.070092, 7.710155
9.337398, 0.072641, 7.990538
9.339565, 0.070092, 7.710155
9.342139, 0.070092, 7.710155
9.343782, 0.070092, 7.710155
9.345431, 0.072641, 7.990538
9.347158, 0.070092, 7.710155
9.348959, 0.070092, 7.710155
9.350667, 0.072641, 7.990538
9.352342, 0.072641, 7.990538
9.353965, 0.072641, 7.990538
9.355560, 0.072641, 7.990538
9.357142, 0.070092, 7.710155
9.358963, 0.070092, 7.710155
9.360666, 0.072641, 7.990538
9.362362, 0.070092, 7.710155
9.365057, 0.072641, 7.990538
9.366849, 0.070092, 7.710155
9.368593, 0.072641, 7.990538
9.371476, 0.070092, 7.710155
9.373086, 0.072641, 7.990538
9.374674, 0.070092, 7.710155
9.376256, 0.070092, 7.710155
9.377854, 0.072641, 7.990538
9.379549, 0.072641, 7.990538
9.382314, 0.072641, 7.990538
9.383938, 0.072641, 7.990538
9.385656, 0.070092, 7.710155
9.387243, 0.070092, 7.710155
9.389477, 0.070092, 7.710155
9.391925, 0.072641, 7.990538
9.393638, 0.072641, 7.990538
9.395241, 0.072641, 7.990538
9.397164, 0.072641, 7.990538
9.399642, 0.072641, 7.990538
9.402723, 0.070092, 7.710155
9.404423, 0.070092, 7.710155
9.406023, 0.070092, 7.710155
9.407606, 0.070092, 7.710155
9.409527, 0.070092, 7.710155
9.411187, 0.072641, 7.990538
9.412812, 0.070092, 7.710155
9.414463, 0.072641, 7.990538
9.416118, 0.070092, 7.710155
9.417792, 0.070092, 7.710155
9.420278, 0.070092, 7.710155
9.422511, 0.070092, 7.710155
9.424245, 0.070092, 7.710155
9.425980, 0.070092, 7.710155
9.427590, 0.072641, 7.990538
9.429372, 0.070092, 7.710155
9.431147, 0.070092, 7.710155
9.432850, 0.070092, 7.710155
9.434538, 0.070092, 7.710155
9.436273, 0.070092, 7.710155
9.437885, 0.070092, 7.710155
9.439619, 0.072641, 7.990538
9.441327, 0.072641, 7.990538
9.443048, 0.070092, 7.710155
9.444642, 0.070092, 7.710155
9.446242, 0.072641, 7.990538
9.447931, 0.070092, 7.710155
9.450627, 0.072641, 7.990538
9.452658, 0.070092, 7.710155
9.454346, 0.070092, 7.710155
9.455947, 0.070092, 7.710155
9.457555, 0.070092, 7.710155
9.459556, 0.070092, 7.710155
9.462958, 0.070092, 7.710155
9.465838, 0.070092, 7.710155
9.467525, 0.070092, 7.710155
9.469236, 0.070092, 7.710155
9.470869, 0.070092, 7.710155
9.472489, 0.070092, 7.710155
9.474227, 0.070092, 7.710155
9.475906, 0.072641, 7.990538
9.477573, 0.070092, 7.710155
9.479340, 0.070092, 7.710155
9.481217, 0.070092, 7.710155
9.483049, 0.070092, 7.710155
9.484763, 0.070092, 7.710155
9.486394, 0.070092, 7.710155
9.488017, 0.070092, 7.710155
9.489705, 0.070092, 7.710155
9.491390, 0.070092, 7.710155
9.493079, 0.070092, 7.710155
9.494837, 0.070092, 7.710155
9.496504, 0.070092, 7.710155
9.498278, 0.070092, 7.710155
9.500000, 0.070092, 7.710155
9.501724, 0.072641, 7.990538
9.503328, 0.070092, 7.710155
9.504934, 0.070092, 7.710155
9.506588, 0.070092, 7.710155
9.508299, 0.070092, 7.710155
9.509922, 0.070092, 7.710155
9.511525, 0.070092, 7.710155
9.513664, 0.072641, 7.990538
9.515358, 0.070092, 7.710155
9.517260, 0.070092, 7.710155
9.519208, 0.070092, 7.710155
9.520965, 0.072641, 7.990538
9.522761, 0.070092, 7.710155
9.524377, 0.070092, 7.710155
9.525957, 0.070092, 7.710155
9.527670, 0.070092, 7.710155
9.529449, 0.070092, 7.710155
9.531099, 0.070092, 7.710155
9.532884, 0.072641, 7.990538
9.534583, 0.070092, 7.710155
9.536186, 0.072641, 7.990538
9.537769, 0.070092, 7.710155
9.539421, 0.070092, 7.710155
9.541020, 0.070092, 7.710155
9.542602, 0.070092, 7.710155
9.544192, 0.070092, 7.710155
9.545789, 0.070092, 7.710155
9.547553, 0.070092, 7.710155
9.549485, 0.070092, 7.710155
9.551265, 0.072641, 7.990538
9.553074, 0.070092, 7.710155
9.554680, 0.070092, 7.710155
9.556281, 0.070092, 7.710155
9.557858, 0.070092, 7.710155
9.559636, 0.070092, 7.710155
9.561340, 0.070092, 7.710155
9.563142, 0.070092, 7.710155
9.564867, 0.070092, 7.710155
9.566632, 0.070092, 7.710155
9.568436, 0.070092, 7.710155
9.570164, 0.070092, 7.710155
9.571882, 0.070092, 7.710155
9.573593, 0.070092, 7.710155
9.575280, 0.070092, 7.710155
9.576874, 0.072641, 7.990538
9.578459, 0.070092, 7.710155
9.580246, 0.070092, 7.710155
9.581933, 0.070092, 7.710155
9.583672, 0.070092, 7.710155
9.585390, 0.070092, 7.710155
9.586979, 0.070092, 7.710155
9.588565, 0.070092, 7.710155
9.590246, 0.070092, 7.710155
9.591826, 0.072641, 7.990538
9.593402, 0.072641, 7.990538
9.594988, 0.070092, 7.710155
9.596581, 0.070092, 7.710155
9.598237, 0.070092, 7.710155
9.599964, 0.070092, 7.710155
9.601797, 0.070092, 7.710155
9.603601, 0.070092, 7.710155
9.605251, 0.070092, 7.710155
9.606837, 0.070092, 7.710155
9.608423, 0.070092, 7.710155
9.610084, 0.070092, 7.710155
9.611858, 0.070092, 7.710155
9.613574, 0.072641, 7.990538
9.615386, 0.070092, 7.710155
9.617084, 0.070092, 7.710155
9.618873, 0.070092, 7.710155
9.620513, 0.070092, 7.710155
9.622639, 0.070092, 7.710155
9.624706, 0.070092, 7.710155
9.626970, 0.070092, 7.710155
9.629213, 0.070092, 7.710155
9.631725, 0.070092, 7.710155
9.633811, 0.070092, 7.710155
9.635469, 0.070092, 7.710155
9.637063, 0.070092, 7.710155
9.638668, 0.072641, 7.990538
9.640351, 0.070092, 7.710155
9.642040, 0.072641, 7.990538
9.643619, 0.070092, 7.710155
9.645202, 0.070092, 7.710155
9.646790, 0.070092, 7.710155
9.648388, 0.070092, 7.710155
9.649947, 0.072641, 7.990538
9.651715, 0.070092, 7.710155
9.653292, 0.070092, 7.710155
9.654867, 0.070092, 7.710155
9.656439, 0.070092, 7.710155
9.657986, 0.070092, 7.710155
9.659555, 0.070092, 7.710155
9.661395, 0.072641, 7.990538
9.663027, 0.072641, 7.990538
9.666629, 0.070092, 7.710155
9.668643, 0.070092, 7.710155
9.670272, 0.070092, 7.710155
9.672459, 0.070092, 7.710155
9.674689, 0.070092, 7.710155
9.677242, 0.070092, 7.710155
9.679502, 0.070092, 7.710155
9.683042, 0.070092, 7.710155
9.685027, 0.070092, 7.710155
9.686831, 0.070092, 7.710155
9.688600, 0.070092, 7.710155
9.690247, 0.070092, 7.710155
9.692335, 0.070092, 7.710155
9.694105, 0.070092, 7.710155
9.695887, 0.072641, 7.990538
9.699404, 0.070092, 7.710155
9.701225, 0.070092, 7.710155
9.702914, 0.070092, 7.710155
9.704511, 0.070092, 7.710155
9.706113, 0.070092, 7.710155
9.707695, 0.070092, 7.710155
9.709321, 0.070092, 7.710155
9.710893, 0.070092, 7.710155
9.712583, 0.070092, 7.710155
9.714473, 0.070092, 7.710155
9.716198, 0.070092, 7.710155
9.717880, 0.070092, 7.710155
9.719478, 0.072641, 7.990538
9.721070, 0.070092, 7.710155
9.722753, 0.070092, 7.710155
9.724363, 0.070092, 7.710155
9.725957, 0.070092, 7.710155
9.727555, 0.070092, 7.710155
9.729299, 0.072641, 7.990538
9.730989, 0.070092, 7.710155
9.732577, 0.070092, 7.710155
9.734339, 0.070092, 7.710155
9.735960, 0.070092, 7.710155
9.737540, 0.070092, 7.710155
9.739104, 0.070092, 7.710155
9.741254, 0.070092, 7.710155
9.742910, 0.072641, 7.990538
9.744489, 0.070092, 7.710155
9.746073, 0.070092, 7.710155
9.747735, 0.072641, 7.990538
9.749373, 0.070092, 7.710155
9.751226, 0.070092, 7.710155
9.752930, 0.070092, 7.710155
9.754622, 0.072641, 7.990538
9.756201, 0.070092, 7.710155
9.757784, 0.070092, 7.710155
9.759377, 0.070092, 7.710155
9.761087, 0.070092, 7.710155
9.762734, 0.070092, 7.710155
9.764431, 0.070092, 7.710155
9.766100, 0.070092, 7.710155
9.767771, 0.070092, 7.710155
9.769377, 0.070092, 7.710155
9.771168, 0.070092, 7.710155
9.773134, 0.070092, 7.710155
9.774936, 0.070092, 7.710155
9.776628, 0.070092, 7.710155
9.778454, 0.072641, 7.990538
9.780069, 0.070092, 7.710155
9.781876, 0.070092, 7.710155
9.783596, 0.070092, 7.710155
9.785379, 0.070092, 7.710155
9.787059, 0.072641, 7.990538
9.788651, 0.070092, 7.710155
9.790230, 0.070092, 7.710155
9.793316, 0.070092, 7.710155
9.795265, 0.070092, 7.710155
9.797133, 0.070092, 7.710155
9.798978, 0.070092, 7.710155
9.800784, 0.070092, 7.710155
9.802719, 0.070092, 7.710155
9.804510, 0.072641, 7.990538
9.806222, 0.070092, 7.710155
9.807856, 0.070092, 7.710155
9.809623, 0.070092, 7.710155
9.811495, 0.070092, 7.710155
9.813305, 0.070092, 7.710155
9.815031, 0.070092, 7.710155
9.816739, 0.070092, 7.710155
9.818489, 0.070092, 7.710155
9.820107, 0.070092, 7.710155
9.821918, 0.072641, 7.990538
9.823636, 0.070092, 7.710155
9.825334, 0.070092, 7.710155
9.826938, 0.070092, 7.710155
9.828523, 0.070092, 7.710155
9.830176, 0.070092, 7.710155
9.833257, 0.070092, 7.710155
9.834942, 0.070092, 7.710155
9.836626, 0.070092, 7.710155
9.838217, 0.070092, 7.710155
9.839818, 0.070092, 7.710155
9.841545, 0.070092, 7.710155
9.843227, 0.070092, 7.710155
9.844839, 0.070092, 7.710155
9.846432, 0.070092, 7.710155
9.848105, 0.070092, 7.710155
9.849798, 0.070092, 7.710155
9.853607, 0.070092, 7.710155
9.855748, 0.070092, 7.710155
9.857517, 0.070092, 7.710155
9.859314, 0.070092, 7.710155
9.861023, 0.070092, 7.710155
9.862751, 0.070092, 7.710155
9.864409, 0.067543, 7.429772
9.866057, 0.070092, 7.710155
9.867853, 0.070092, 7.710155
9.869956, 0.070092, 7.710155
9.871706, 0.070092, 7.710155
9.873428, 0.072641, 7.990538
9.875147, 0.072641, 7.990538
9.876744, 0.070092, 7.710155
9.878346, 0.070092, 7.710155
9.879967, 0.070092, 7.710155
9.881714, 0.070092, 7.710155
9.883406, 0.070092, 7.710155
9.885136, 0.070092, 7.710155
9.886731, 0.070092, 7.710155
9.888339, 0.070092, 7.710155
9.889947, 0.070092, 7.710155
9.893513, 0.070092, 7.710155
9.895237, 0.070092, 7.710155
9.896890, 0.070092, 7.710155
9.898554, 0.070092, 7.710155
9.900379, 0.070092, 7.710155
9.903329, 0.070092, 7.710155
9.905284, 0.070092, 7.710155
9.907025, 0.070092, 7.710155
9.908642, 0.070092, 7.710155
9.910262, 0.070092, 7.710155
9.911982, 0.070092, 7.710155
9.913609, 0.070092, 7.710155
9.916433, 0.070092, 7.710155
9.918118, 0.070092, 7.710155
9.919736, 0.070092, 7.710155
9.921468, 0.070092, 7.710155
9.923145, 0.070092, 7.710155
9.924810, 0.070092, 7.710155
9.926496, 0.070092, 7.710155
9.928105, 0.070092, 7.710155
9.929725, 0.070092, 7.710155
9.931541, 0.070092, 7.710155
9.933344, 0.070092, 7.710155
9.935133, 0.070092, 7.710155
9.936738, 0.070092, 7.710155
9.938344, 0.070092, 7.710155
9.939950, 0.070092, 7.710155
9.941664, 0.070092, 7.710155
9.943436, 0.070092, 7.710155
9.945034, 0.070092, 7.710155
9.946727, 0.070092, 7.710155
9.948414, 0.070092, 7.710155
9.950114, 0.070092, 7.710155
9.951906, 0.070092, 7.710155
9.953682, 0.070092, 7.710155
9.955385, 0.070092, 7.710155
9.957155, 0.070092, 7.710155
9.958746, 0.070092, 7.710155
9.960344, 0.070092, 7.710155
9.961956, 0.070092, 7.710155
9.963836, 0.070092, 7.710155
9.965519, 0.070092, 7.710155
9.967259, 0.070092, 7.710155
9.968974, 0.070092, 7.710155
9.970560, 0.070092, 7.710155
9.972156, 0.070092, 7.710155
9.973892, 0.070092, 7.710155
9.975624, 0.072641, 7.990538
9.977282, 0.070092, 7.710155
9.978860, 0.070092, 7.710155
9.980479, 0.070092, 7.710155
9.982146, 0.070092, 7.710155
9.984155, 0.070092, 7.710155
9.985999, 0.070092, 7.710155
9.987688, 0.070092, 7.710155
9.989285, 0.070092, 7.710155
9.990863, 0.070092, 7.710155
9.992457, 0.070092, 7.710155
9.994223, 0.070092, 7.710155
9.995921, 0.070092, 7.710155
9.997774, 0.067543, 7.429772
9.999580, 0.070092, 7.710155
10.001317, 0.070092, 7.710155
10.002911, 0.070092, 7.710155
10.006705, 0.070092, 7.710155
10.010151, 0.070092, 7.710155
10.011986, 0.072641, 7.990538
10.013805, 0.070092, 7.710155
10.015624, 0.072641, 7.990538
10.017345, 0.070092, 7.710155
10.019083, 0.070092, 7.710155
10.020683, 0.070092, 7.710155
10.022286, 0.070092, 7.710155
10.024048, 0.070092, 7.710155
10.025696, 0.070092, 7.710155
10.027404, 0.070092, 7.710155
10.029048, 0.070092, 7.710155
10.030698, 0.070092, 7.710155
10.032470, 0.070092, 7.710155
10.035655, 0.070092, 7.710155
10.037325, 0.070092, 7.710155
10.038878, 0.072641, 7.990538
10.040457, 0.070092, 7.710155
10.042034, 0.070092, 7.710155
10.044291, 0.070092, 7.710155
10.046777, 0.070092, 7.710155
10.048688, 0.067543, 7.429772
10.051173, 0.070092, 7.710155
10.052865, 0.070092, 7.710155
10.056934, 0.070092, 7.710155
10.058983, 0.070092, 7.710155
10.060886, 0.070092, 7.710155
10.063359, 0.072641, 7.990538
10.066104, 0.070092, 7.710155
10.068042, 0.070092, 7.710155
10.069695, 0.070092, 7.710155
10.071305, 0.070092, 7.710155
10.072929, 0.070092, 7.710155
10.074528, 0.070092, 7.710155
10.076129, 0.070092, 7.710155
10.077735, 0.070092, 7.710155
10.080757, 0.070092, 7.710155
10.083529, 0.070092, 7.710155
10.085116, 0.067543, 7.429772
10.086719, 0.070092, 7.710155
10.088299, 0.070092, 7.710155
10.089906, 0.070092, 7.710155
10.091485, 0.070092, 7.710155
10.093091, 0.072641, 7.990538
10.094761, 0.070092, 7.710155
10.097582, 0.070092, 7.710155
10.099904, 0.070092, 7.710155
10.101671, 0.070092, 7.710155
10.103345, 0.070092, 7.710155
10.105016, 0.070092, 7.710155
10.106657, 0.067543, 7.429772
10.108332, 0.070092, 7.710155
10.110076, 0.070092, 7.710155
10.113717, 0.070092, 7.710155
10.115768, 0.070092, 7.710155
10.117485, 0.070092, 7.710155
10.119100, 0.070092, 7.710155
10.120707, 0.070092, 7.710155
10.122297, 0.070092, 7.710155
10.124173, 0.072641, 7.990538
10.126844, 0.070092, 7.710155
10.128659, 0.070092, 7.710155
10.130952, 0.070092, 7.710155
10.133200, 0.070092, 7.710155
10.134967, 0.067543, 7.429772
10.136712, 0.070092, 7.710155
10.138420, 0.070092, 7.710155
10.140140, 0.070092, 7.710155
10.141901, 0.070092, 7.710155
10.143690, 0.070092, 7.710155
10.146819, 0.070092, 7.710155
10.148668, 0.070092, 7.710155
10.150333, 0.070092, 7.710155
10.151948, 0.070092, 7.710155
10.153540, 0.070092, 7.710155
10.155600, 0.070092, 7.710155
10.157591, 0.070092, 7.710155
10.159286, 0.070092, 7.710155
10.160897, 0.070092, 7.710155
10.162498, 0.070092, 7.710155
10.165097, 0.070092, 7.710155
10.167257, 0.070092, 7.710155
10.169037, 0.070092, 7.710155
10.170660, 0.070092, 7.710155
10.172270, 0.070092, 7.710155
10.174026, 0.070092, 7.710155
10.175679, 0.070092, 7.710155
10.177355, 0.070092, 7.710155
10.178963, 0.070092, 7.710155
10.180615, 0.070092, 7.710155
10.182274, 0.070092, 7.710155
10.184983, 0.070092, 7.710155
10.187015, 0.067543, 7.429772
10.188616, 0.070092, 7.710155
10.190221, 0.070092, 7.710155
10.191827, 0.070092, 7.710155
10.193484, 0.067543, 7.429772
10.195079, 0.070092, 7.710155
10.196690, 0.070092, 7.710155
10.198368, 0.070092, 7.710155
10.200041, 0.070092, 7.710155
10.201806, 0.067543, 7.429772
10.203578, 0.070092, 7.710155
10.205335, 0.070092, 7.710155
10.207032, 0.070092, 7.710155
10.208754, 0.070092, 7.710155
10.210370, 0.070092, 7.710155
10.211972, 0.070092, 7.710155
10.214339, 0.070092, 7.710155
10.216476, 0.070092, 7.710155
10.218359, 0.070092, 7.710155
10.220259, 0.070092, 7.710155
10.222012, 0.070092, 7.710155
10.223665, 0.070092, 7.710155
10.225276, 0.070092, 7.710155
10.226904, 0.070092, 7.710155
10.228533, 0.070092, 7.710155
10.231537, 0.070092, 7.710155
10.233483, 0.070092, 7.710155
10.235266, 0.070092, 7.710155
10.237144, 0.070092, 7.710155
10.238945, 0.070092, 7.710155
10.241099, 0.067543, 7.429772
10.242852, 0.070092, 7.710155
10.244825, 0.067543, 7.429772
10.249006, 0.070092, 7.710155
10.250715, 0.070092, 7.710155
10.252436, 0.070092, 7.710155
10.254069, 0.070092, 7.710155
10.255680, 0.070092, 7.710155
10.257314, 0.067543, 7.429772
10.258917, 0.070092, 7.710155
10.260666, 0.070092, 7.710155
10.262456, 0.070092, 7.710155
10.265318, 0.070092, 7.710155
10.266956, 0.067543, 7.429772
10.268716, 0.067543, 7.429772
10.270411, 0.067543, 7.429772
10.272026, 0.070092, 7.710155
10.273778, 0.070092, 7.710155
10.275392, 0.070092, 7.710155
10.276999, 0.070092, 7.710155
10.278585, 0.070092, 7.710155
10.280226, 0.070092, 7.710155
10.281892, 0.070092, 7.710155
10.283674, 0.070092, 7.710155
10.285449, 0.067543, 7.429772
10.287065, 0.070092, 7.710155
10.288654, 0.070092, 7.710155
10.290258, 0.070092, 7.710155
10.291857, 0.072641, 7.990538
10.293772, 0.070092, 7.710155
10.295447, 0.067543, 7.429772
10.297167, 0.070092, 7.710155
10.298955, 0.070092, 7.710155
10.300701, 0.070092, 7.710155
10.302328, 0.070092, 7.710155
10.304073, 0.070092, 7.710155
10.305695, 0.070092, 7.710155
10.307298, 0.070092, 7.710155
10.308894, 0.067543, 7.429772
10.310501, 0.067543, 7.429772
10.312100, 0.070092, 7.710155
10.313929, 0.070092, 7.710155
10.315752, 0.070092, 7.710155
10.317581, 0.070092, 7.710155
10.319309, 0.070092, 7.710155
10.320903, 0.070092, 7.710155
10.322506, 0.070092, 7.710155
10.324351, 0.070092, 7.710155
10.326054, 0.070092, 7.710155
10.327818, 0.070092, 7.710155
10.329508, 0.070092, 7.710155
10.332359, 0.070092, 7.710155
10.334072, 0.067543, 7.429772
10.335837, 0.067543, 7.429772
10.337457, 0.070092, 7.710155
10.339061, 0.070092, 7.710155
10.340650, 0.070092, 7.710155
10.342254, 0.070092, 7.710155
10.343931, 0.067543, 7.429772
10.345559, 0.070092, 7.710155
10.347223, 0.070092, 7.710155
10.348886, 0.070092, 7.710155
10.350599, 0.070092, 7.710155
10.352324, 0.070092, 7.710155
10.354084, 0.070092, 7.710155
10.355757, 0.070092, 7.710155
10.357447, 0.070092, 7.710155
10.359254, 0.070092, 7.710155
10.360843, 0.070092, 7.710155
10.362444, 0.070092, 7.710155
10.364605, 0.070092, 7.710155
10.367413, 0.070092, 7.710155
10.369172, 0.070092, 7.710155
10.370795, 0.070092, 7.710155
10.372412, 0.070092, 7.710155
10.374122, 0.067543, 7.429772
10.375763, 0.070092, 7.710155
10.377424, 0.070092, 7.710155
10.379142, 0.067543, 7.429772
10.380811, 0.070092, 7.710155
10.382568, 0.070092, 7.710155
10.384407, 0.070092, 7.710155
10.386071, 0.070092, 7.710155
10.387755, 0.070092, 7.710155
10.389469, 0.070092, 7.710155
10.391085, 0.070092, 7.710155
10.392688, 0.070092, 7.710155
10.394376, 0.067543, 7.429772
10.395990, 0.070092, 7.710155
10.398816, 0.070092, 7.710155
10.400429, 0.070092, 7.710155
10.402190, 0.070092, 7.710155
10.403802, 0.067543, 7.429772
10.407794, 0.070092, 7.710155
10.409809, 0.070092, 7.710155
10.411529, 0.070092, 7.710155
10.413162, 0.070092, 7.710155
10.415247, 0.070092, 7.710155
10.416927, 0.070092, 7.710155
10.418772, 0.070092, 7.710155
10.421004, 0.070092, 7.710155
10.422710, 0.070092, 7.710155
10.424517, 0.067543, 7.429772
10.426919, 0.070092, 7.710155
10.428893, 0.070092, 7.710155
10.430667, 0.070092, 7.710155
10.432437, 0.070092, 7.710155
10.434258, 0.070092, 7.710155
10.436115, 0.067543, 7.429772
10.437839, 0.070092, 7.710155
10.439547, 0.070092, 7.710155
10.441363, 0.070092, 7.710155
10.443007, 0.070092, 7.710155
10.444635, 0.067543, 7.429772
10.446650, 0.070092, 7.710155
10.449527, 0.070092, 7.710155
10.451224, 0.067543, 7.429772
10.452976, 0.070092, 7.710155
10.454590, 0.070092, 7.710155
10.456351, 0.070092, 7.710155
10.458051, 0.070092, 7.710155
10.459830, 0.070092, 7.710155
10.461443, 0.070092, 7.710155
10.463109, 0.067543, 7.429772
10.466590, 0.070092, 7.710155
10.468268, 0.070092, 7.710155
10.470027, 0.070092, 7.710155
10.471675, 0.070092, 7.710155
10.473359, 0.070092, 7.710155
10.474966, 0.067543, 7.429772
10.476906, 0.070092, 7.710155
10.478516, 0.067543, 7.429772
10.480171, 0.067543, 7.429772
10.483051, 0.070092, 7.710155
10.484704, 0.067543, 7.429772
10.487196, 0.070092, 7.710155
10.489339, 0.070092, 7.710155
10.490936, 0.070092, 7.710155
10.492542, 0.070092, 7.710155
10.494152, 0.070092, 7.710155
10.495893, 0.070092, 7.710155
10.497789, 0.070092, 7.710155
10.499468, 0.070092, 7.710155
10.501219, 0.070092, 7.710155
10.502915, 0.070092, 7.710155
10.504530, 0.070092, 7.710155
10.506395, 0.070092, 7.710155
10.508072, 0.070092, 7.710155
10.509751, 0.070092, 7.710155
10.511495, 0.067543, 7.429772
10.514236, 0.070092, 7.710155
10.516261, 0.070092, 7.710155
10.519275, 0.070092, 7.710155
10.522661, 0.070092, 7.710155
10.524402, 0.070092, 7.710155
10.526258, 0.070092, 7.710155
10.528792, 0.070092, 7.710155
10.530710, 0.070092, 7.710155
10.532550, 0.067543, 7.429772
10.534265, 0.070092, 7.710155
10.535986, 0.070092, 7.710155
10.537723, 0.067543, 7.429772
10.539339, 0.067543, 7.429772
10.540948, 0.070092, 7.710155
10.542547, 0.070092, 7.710155
10.544140, 0.070092, 7.710155
10.545712, 0.070092, 7.710155
10.548623, 0.067543, 7.429772
10.550357, 0.067543, 7.429772
10.552080, 0.070092, 7.710155
10.553668, 0.070092, 7.710155
10.555277, 0.070092, 7.710155
10.557042, 0.070092, 7.710155
10.558935, 0.070092, 7.710155
10.560649, 0.070092, 7.710155
10.562369, 0.070092, 7.710155
10.564140, 0.070092, 7.710155
10.566005, 0.070092, 7.710155
10.567915, 0.070092, 7.710155
10.569676, 0.070092, 7.710155
10.571365, 0.067543, 7.429772
10.572982, 0.070092, 7.710155
10.574586, 0.070092, 7.710155
10.576305, 0.070092, 7.710155
10.577950, 0.070092, 7.710155
10.579698, 0.070092, 7.710155
10.582188, 0.067543, 7.429772
10.584064, 0.070092, 7.710155
10.585809, 0.067543, 7.429772
10.587606, 0.070092, 7.710155
10.589287, 0.070092, 7.710155
10.590945, 0.067543, 7.429772
10.592623, 0.067543, 7.429772
10.594221, 0.067543, 7.429772
10.595797, 0.070092, 7.710155
10.597760, 0.070092, 7.710155
10.599440, 0.070092, 7.710155
10.601186, 0.070092, 7.710155
10.602803, 0.070092, 7.710155
10.604417, 0.067543, 7.429772
10.606623, 0.070092, 7.710155
10.608299, 0.070092, 7.710155
10.609932, 0.067543, 7.429772
10.611698, 0.067543, 7.429772
10.613329, 0.070092, 7.710155
10.615017, 0.067543, 7.429772
10.616808, 0.070092, 7.710155
10.618607, 0.070092, 7.710155
10.620300, 0.070092, 7.710155
10.621986, 0.070092, 7.710155
10.623695, 0.070092, 7.710155
10.625293, 0.070092, 7.710155
10.627391, 0.070092, 7.710155
10.629669, 0.070092, 7.710155
10.632099, 0.070092, 7.710155
10.634282, 0.070092, 7.710155
10.636034, 0.070092, 7.710155
10.638215, 0.070092, 7.710155
10.639977, 0.070092, 7.710155
10.641699, 0.070092, 7.710155
10.643400, 0.070092, 7.710155
10.645096, 0.070092, 7.710155
10.647079, 0.070092, 7.710155
10.648832, 0.070092, 7.710155
10.650561, 0.070092, 7.710155
10.652267, 0.070092, 7.710155
10.653954, 0.070092, 7.710155
10.655606, 0.070092, 7.710155
10.657644, 0.070092, 7.710155
10.659868, 0.070092, 7.710155
10.663737, 0.070092, 7.710155
10.665408, 0.070092, 7.710155
10.666980, 0.070092, 7.710155
10.668660, 0.070092, 7.710155
10.670278, 0.070092, 7.710155
10.671805, 0.070092, 7.710155
10.673349, 0.067543, 7.429772
10.674912, 0.070092, 7.710155
10.676531, 0.070092, 7.710155
10.678163, 0.070092, 7.710155
10.680018, 0.070092, 7.710155
10.682110, 0.070092, 7.710155
10.683873, 0.070092, 7.710155
10.685452, 0.070092, 7.710155
10.687091, 0.070092, 7.710155
10.688819, 0.067543, 7.429772
10.690551, 0.067543, 7.429772
10.692209, 0.070092, 7.710155
10.693806, 0.070092, 7.710155
10.695395, 0.070092, 7.710155
10.697460, 0.067543, 7.429772
10.699273, 0.070092, 7.710155
10.701023, 0.070092, 7.710155
10.702769, 0.070092, 7.710155
10.704576, 0.070092, 7.710155
10.706285, 0.070092, 7.710155
10.707971, 0.070092, 7.710155
10.709675, 0.070092, 7.710155
10.711472, 0.070092, 7.710155
10.713317, 0.070092, 7.710155
10.715416, 0.067543, 7.429772
10.717123, 0.070092, 7.710155
10.718765, 0.067543, 7.429772
10.720367, 0.070092, 7.710155
10.722019, 0.070092, 7.710155
10.723637, 0.070092, 7.710155
10.725311, 0.070092, 7.710155
10.726864, 0.070092, 7.710155
10.728432, 0.067543, 7.429772
10.731090, 0.067543, 7.429772
10.732820, 0.070092, 7.710155
10.734468, 0.070092, 7.710155
10.736076, 0.070092, 7.710155
10.737657, 0.070092, 7.710155
10.739225, 0.067543, 7.429772
10.740793, 0.070092, 7.710155
10.742350, 0.067543, 7.429772
10.743919, 0.067543, 7.429772
10.745849, 0.070092, 7.710155
10.748100, 0.067543, 7.429772
10.750063, 0.070092, 7.710155
10.751700, 0.067543, 7.429772
10.753347, 0.067543, 7.429772
10.754919, 0.067543, 7.429772
10.756511, 0.070092, 7.710155
10.758106, 0.070092, 7.710155
10.759673, 0.070092, 7.710155
10.761373, 0.070092, 7.710155
10.763104, 0.067543, 7.429772
10.765450, 0.070092, 7.710155
10.767474, 0.070092, 7.710155
10.769109, 0.070092, 7.710155
10.770701, 0.067543, 7.429772
10.772279, 0.070092, 7.710155
10.773986, 0.070092, 7.710155
10.776013, 0.070092, 7.710155
10.778615, 0.070092, 7.710155
10.781728, 0.067543, 7.429772
10.783418, 0.067543, 7.429772
10.785034, 0.070092, 7.710155
10.787087, 0.067543, 7.429772
10.788671, 0.070092, 7.710155
10.790294, 0.070092, 7.710155
10.791893, 0.070092, 7.710155
10.793515, 0.070092, 7.710155
10.795076, 0.070092, 7.710155
10.796722, 0.067543, 7.429772
10.798355, 0.070092, 7.710155
10.800197, 0.070092, 7.710155
10.801853, 0.070092, 7.710155
10.803586, 0.070092, 7.710155
10.805256, 0.070092, 7.710155
10.806837, 0.067543, 7.429772
10.808421, 0.070092, 7.710155
10.810043, 0.070092, 7.710155
10.811779, 0.067543, 7.429772
10.813527, 0.070092, 7.710155
10.816428, 0.070092, 7.710155
10.818186, 0.067543, 7.429772
10.820066, 0.070092, 7.710155
10.822248, 0.067543, 7.429772
10.823855, 0.070092, 7.710155
10.825499, 0.070092, 7.710155
10.827111, 0.070092, 7.710155
10.828777, 0.070092, 7.710155
10.830867, 0.067543, 7.429772
10.832645, 0.070092, 7.710155
10.834310, 0.070092, 7.710155
10.835947, 0.070092, 7.710155
10.837632, 0.070092, 7.710155
10.839511, 0.072641, 7.990538
10.841274, 0.067543, 7.429772
10.842961, 0.067543, 7.429772
10.844632, 0.070092, 7.710155
10.847157, 0.067543, 7.429772
10.849210, 0.070092, 7.710155
10.851002, 0.067543, 7.429772
10.852777, 0.070092, 7.710155
10.854530, 0.070092, 7.710155
10.856145, 0.070092, 7.710155
10.857757, 0.070092, 7.710155
10.859341, 0.070092, 7.710155
10.861064, 0.070092, 7.710155
10.862838, 0.070092, 7.710155
10.864862, 0.070092, 7.710155
10.866828, 0.067543, 7.429772
10.868535, 0.070092, 7.710155
10.870240, 0.070092, 7.710155
10.871872, 0.070092, 7.710155
10.873513, 0.070092, 7.710155
10.875094, 0.070092, 7.710155
10.876681, 0.070092, 7.710155
10.878289, 0.067543, 7.429772
10.880520, 0.067543, 7.429772
10.883099, 0.070092, 7.710155
10.884811, 0.067543, 7.429772
10.887512, 0.067543, 7.429772
10.889529, 0.070092, 7.710155
10.891820, 0.070092, 7.710155
10.893775, 0.067543, 7.429772
10.895512, 0.070092, 7.710155
10.897415, 0.070092, 7.710155
10.899100, 0.070092, 7.710155
10.902453, 0.067543, 7.429772
10.904094, 0.070092, 7.710155
10.905798, 0.070092, 7.710155
10.907411, 0.070092, 7.710155
10.909015, 0.070092, 7.710155
10.910818, 0.070092, 7.710155
10.912552, 0.070092, 7.710155
10.914438, 0.067543, 7.429772
10.916202, 0.070092, 7.710155
10.917940, 0.070092, 7.710155
10.919647, 0.070092, 7.710155
10.921255, 0.070092, 7.710155
10.922868, 0.070092, 7.710155
10.924678, 0.070092, 7.710155
10.926282, 0.067543, 7.429772
10.927885, 0.070092, 7.710155
10.929719, 0.070092, 7.710155
10.932262, 0.070092, 7.710155
10.933893, 0.067543, 7.429772
10.935631, 0.070092, 7.710155
10.937300, 0.067543, 7.429772
10.938917, 0.070092, 7.710155
10.940997, 0.070092, 7.710155
10.942810, 0.070092, 7.710155
10.944499, 0.070092, 7.710155
10.946483, 0.067543, 7.429772
10.948425, 0.070092, 7.710155
10.950285, 0.070092, 7.710155
10.951968, 0.067543, 7.429772
10.953693, 0.067543, 7.429772
10.955391, 0.070092, 7.710155
10.957059, 0.070092, 7.710155
10.958997, 0.070092, 7.710155
10.960818, 0.070092, 7.710155
10.962562, 0.070092, 7.710155
10.964441, 0.070092, 7.710155
10.966483, 0.067543, 7.429772
10.968805, 0.070092, 7.710155
10.970545, 0.070092, 7.710155
10.972362, 0.070092, 7.710155
10.974182, 0.070092, 7.710155
10.975829, 0.070092, 7.710155
10.977465, 0.070092, 7.710155
10.979304, 0.070092, 7.710155
10.981309, 0.070092, 7.710155
10.983178, 0.070092, 7.710155
10.984900, 0.067543, 7.429772
10.986717, 0.070092, 7.710155
10.988395, 0.067543, 7.429772
10.990079, 0.067543, 7.429772
10.991709, 0.070092, 7.710155
10.993415, 0.067543, 7.429772
10.995067, 0.067543, 7.429772
10.997411, 0.070092, 7.710155
10.999819, 0.067543, 7.429772
11.001894, 0.070092, 7.710155
11.003648, 0.070092, 7.710155
11.005375, 0.070092, 7.710155
11.007088, 0.070092, 7.710155
11.008748, 0.070092, 7.710155
11.010412, 0.067543, 7.429772
11.012125, 0.070092, 7.710155
11.015416, 0.070092, 7.710155
11.017496, 0.067543, 7.429772
11.019530, 0.067543, 7.429772
11.021327, 0.070092, 7.710155
11.023120, 0.067543, 7.429772
11.024811, 0.067543, 7.429772
11.026501, 0.067543, 7.429772
11.028186, 0.067543, 7.429772
11.030114, 0.067543, 7.429772
11.031947, 0.067543, 7.429772
11.033787, 0.070092, 7.710155
11.035462, 0.067543, 7.429772
11.037268, 0.070092, 7.710155
11.038968, 0.070092, 7.710155
11.040631, 0.070092, 7.710155
11.042306, 0.070092, 7.710155
11.044317, 0.070092, 7.710155
11.046356, 0.070092, 7.710155
11.048215, 0.070092, 7.710155
11.050042, 0.070092, 7.710155
11.051844, 0.070092, 7.710155
11.053524, 0.070092, 7.710155
11.055208, 0.067543, 7.429772
11.056851, 0.067543, 7.429772
11.058615, 0.070092, 7.710155
11.060661, 0.070092, 7.710155
11.062482, 0.072641, 7.990538
11.064702, 0.070092, 7.710155
11.066848, 0.070092, 7.710155
11.068641, 0.070092, 7.710155
11.070347, 0.067543, 7.429772
11.072176, 0.070092, 7.710155
11.074198, 0.067543, 7.429772
11.076029, 0.070092, 7.710155
11.077758, 0.067543, 7.429772
11.079733, 0.067543, 7.429772
11.081773, 0.070092, 7.710155
11.083519, 0.070092, 7.710155
11.085243, 0.067543, 7.429772
11.087064, 0.067543, 7.429772
11.088867, 0.070092, 7.710155
11.090591, 0.067543, 7.429772
11.092276, 0.070092, 7.710155
11.094010, 0.070092, 7.710155
11.095739, 0.070092, 7.710155
11.097663, 0.070092, 7.710155
11.099533, 0.067543, 7.429772
11.101349, 0.070092, 7.710155
11.103150, 0.067543, 7.429772
11.104807, 0.070092, 7.710155
11.106562, 0.070092, 7.710155
11.108426, 0.070092, 7.710155
11.110298, 0.070092, 7.710155
11.111977, 0.070092, 7.710155
11.113846, 0.067543, 7.429772
11.115759, 0.070092, 7.710155
11.117630, 0.070092, 7.710155
11.119322, 0.070092, 7.710155
11.121057, 0.067543, 7.429772
11.123048, 0.070092, 7.710155
11.124855, 0.070092, 7.710155
11.126508, 0.070092, 7.710155
11.128129, 0.070092, 7.710155
11.130093, 0.070092, 7.710155
11.132114, 0.070092, 7.710155
11.133899, 0.070092, 7.710155
11.135583, 0.070092, 7.710155
11.137533, 0.070092, 7.710155
11.139385, 0.070092, 7.710155
11.141111, 0.070092, 7.710155
11.142843, 0.067543, 7.429772
11.144685, 0.070092, 7.710155
11.146509, 0.070092, 7.710155
11.148766, 0.070092, 7.710155
11.150606, 0.070092, 7.710155
11.153087, 0.070092, 7.710155
11.154899, 0.067543, 7.429772
11.156593, 0.070092, 7.710155
11.158464, 0.070092, 7.710155
11.160344, 0.070092, 7.710155
11.162016, 0.067543, 7.429772
11.163989, 0.067543, 7.429772
11.165954, 0.067543, 7.429772
11.167786, 0.070092, 7.710155
11.169492, 0.067543, 7.429772
11.171164, 0.070092, 7.710155
11.172878, 0.070092, 7.710155
11.174507, 0.067543, 7.429772
11.176135, 0.070092, 7.710155
11.177767, 0.070092, 7.710155
11.179613, 0.070092, 7.710155
11.181764, 0.070092, 7.710155
11.183761, 0.070092, 7.710155
11.185476, 0.070092, 7.710155
11.187224, 0.070092, 7.710155
11.188906, 0.070092, 7.710155
11.190533, 0.070092, 7.710155
11.192160, 0.067543, 7.429772
11.193939, 0.070092, 7.710155
11.195596, 0.067543, 7.429772
11.197950, 0.070092, 7.710155
11.199739, 0.070092, 7.710155
11.201603, 0.070092, 7.710155
11.203297, 0.067543, 7.429772
11.204925, 0.070092, 7.710155
11.206525, 0.070092, 7.710155
11.208227, 0.070092, 7.710155
11.210454, 0.070092, 7.710155
11.212278, 0.070092, 7.710155
11.214401, 0.070092, 7.710155
11.216377, 0.070092, 7.710155
11.218680, 0.070092, 7.710155
11.220343, 0.070092, 7.710155
11.222103, 0.070092, 7.710155
11.223821, 0.070092, 7.710155
11.225444, 0.070092, 7.710155
11.227070, 0.067543, 7.429772
11.228684, 0.070092, 7.710155
11.230707, 0.070092, 7.710155
11.232403, 0.067543, 7.429772
11.234049, 0.067543, 7.429772
11.235720, 0.067543, 7.429772
11.237401, 0.067543, 7.429772
11.239011, 0.070092, 7.710155
11.240761, 0.067543, 7.429772
11.242677, 0.067543, 7.429772
11.244649, 0.067543, 7.429772
11.246373, 0.067543, 7.429772
11.248112, 0.070092, 7.710155
11.249811, 0.067543, 7.429772
11.252597, 0.070092, 7.710155
11.254329, 0.070092, 7.710155
11.255965, 0.070092, 7.710155
11.257741, 0.067543, 7.429772
11.259400, 0.070092, 7.710155
11.261163, 0.070092, 7.710155
11.262905, 0.067543, 7.429772
11.265847, 0.070092, 7.710155
11.267594, 0.070092, 7.710155
11.269218, 0.070092, 7.710155
11.271070, 0.067543, 7.429772
11.273057, 0.070092, 7.710155
11.275075, 0.070092, 7.710155
11.276700, 0.070092, 7.710155
11.278278, 0.070092, 7.710155
11.280001, 0.070092, 7.710155
11.281766, 0.070092, 7.710155
11.283647, 0.070092, 7.710155
11.285225, 0.067543, 7.429772
11.287019, 0.070092, 7.710155
11.288855, 0.067543, 7.429772
11.290438, 0.067543, 7.429772
11.291992, 0.070092, 7.710155
11.293535, 0.070092, 7.710155
11.295083, 0.070092, 7.710155
11.296861, 0.070092, 7.710155
11.298718, 0.070092, 7.710155
11.300315, 0.067543, 7.429772
11.301928, 0.067543, 7.429772
11.303605, 0.070092, 7.710155
11.305214, 0.067543, 7.429772
11.306824, 0.067543, 7.429772
11.308398, 0.067543, 7.429772
11.309978, 0.067543, 7.429772
11.311552, 0.070092, 7.710155
11.313239, 0.067543, 7.429772
11.314883, 0.067543, 7.429772
11.316497, 0.067543, 7.429772
11.318152, 0.070092, 7.710155
11.319734, 0.070092, 7.710155
11.321299, 0.070092, 7.710155
11.322856, 0.070092, 7.710155
11.324503, 0.067543, 7.429772
11.326125, 0.070092, 7.710155
11.327751, 0.067543, 7.429772
11.330568, 0.070092, 7.710155
11.333045, 0.070092, 7.710155
11.334966, 0.070092, 7.710155
11.336586, 0.070092, 7.710155
11.338499, 0.070092, 7.710155
11.340461, 0.067543, 7.429772
11.342097, 0.070092, 7.710155
11.343709, 0.070092, 7.710155
11.345275, 0.070092, 7.710155
11.347196, 0.067543, 7.429772
11.349064, 0.070092, 7.710155
11.350680, 0.070092, 7.710155
11.352468, 0.070092, 7.710155
11.354360, 0.067543, 7.429772
11.355984, 0.070092, 7.710155
11.357726, 0.067543, 7.429772
11.359636, 0.067543, 7.429772
11.361504, 0.067543, 7.429772
11.363358, 0.070092, 7.710155
11.365523, 0.070092, 7.710155
11.367199, 0.070092, 7.710155
11.368881, 0.067543, 7.429772
11.370642, 0.067543, 7.429772
11.372720, 0.067543, 7.429772
11.374627, 0.070092, 7.710155
11.376221, 0.067543, 7.429772
11.377834, 0.067543, 7.429772
11.380039, 0.067543, 7.429772
11.382159, 0.070092, 7.710155
11.384101, 0.070092, 7.710155
11.386035, 0.070092, 7.710155
11.387910, 0.070092, 7.710155
11.389590, 0.070092, 7.710155
11.391218, 0.070092, 7.710155
11.393012, 0.070092, 7.710155
11.394624, 0.070092, 7.710155
11.396486, 0.070092, 7.710155
11.398398, 0.070092, 7.710155
11.400330, 0.070092, 7.710155
11.402233, 0.070092, 7.710155
11.404074, 0.070092, 7.710155
11.405745, 0.067543, 7.429772
11.407529, 0.070092, 7.710155
11.409159, 0.070092, 7.710155
11.410773, 0.070092, 7.710155
11.412382, 0.070092, 7.710155
11.414234, 0.067543, 7.429772
11.416023, 0.067543, 7.429772
11.417801, 0.067543, 7.429772
11.419885, 0.070092, 7.710155
11.422019, 0.070092, 7.710155
11.424022, 0.070092, 7.710155
11.425858, 0.067543, 7.429772
11.427678, 0.070092, 7.710155
11.429758, 0.070092, 7.710155
11.436273, 0.067543, 7.429772
11.440165, 0.070092, 7.710155
11.442744, 0.070092, 7.710155
11.445460, 0.067543, 7.429772
11.447675, 0.067543, 7.429772
11.449680, 0.067543, 7.429772
11.451638, 0.067543, 7.429772
11.453562, 0.070092, 7.710155
11.455675, 0.067543, 7.429772
11.457506, 0.067543, 7.429772
11.459539, 0.067543, 7.429772
11.461335, 0.070092, 7.710155
11.463280, 0.070092, 7.710155
11.465641, 0.067543, 7.429772
11.467486, 0.070092, 7.710155
11.469242, 0.070092, 7.710155
11.471009, 0.067543, 7.429772
11.472898, 0.070092, 7.710155
11.474806, 0.067543, 7.429772
11.476573, 0.070092, 7.710155
11.478382, 0.067543, 7.429772
11.480320, 0.070092, 7.710155
11.482126, 0.070092, 7.710155
11.483818, 0.070092, 7.710155
11.485620, 0.070092, 7.710155
11.487298, 0.070092, 7.710155
11.488968, 0.070092, 7.710155
11.490609, 0.070092, 7.710155
11.492285, 0.067543, 7.429772
11.494103, 0.067543, 7.429772
11.495728, 0.070092, 7.710155
11.497669, 0.067543, 7.429772
11.499589, 0.067543, 7.429772
11.501397, 0.070092, 7.710155
11.503005, 0.070092, 7.710155
11.504668, 0.070092, 7.710155
11.506302, 0.070092, 7.710155
11.508080, 0.070092, 7.710155
11.509754, 0.070092, 7.710155
11.511375, 0.070092, 7.710155
11.512982, 0.067543, 7.429772
11.514888, 0.070092, 7.710155
11.516556, 0.070092, 7.710155
11.518230, 0.067543, 7.429772
11.519936, 0.067543, 7.429772
11.522272, 0.070092, 7.710155
11.524016, 0.067543, 7.429772
11.526221, 0.067543, 7.429772
11.527873, 0.067543, 7.429772
11.530751, 0.067543, 7.429772
11.532767, 0.070092, 7.710155
11.534428, 0.067543, 7.429772
11.536296, 0.070092, 7.710155
11.537923, 0.070092, 7.710155
11.539583, 0.070092, 7.710155
11.541194, 0.070092, 7.710155
11.542796, 0.070092, 7.710155
11.544538, 0.067543, 7.429772
11.547036, 0.070092, 7.710155
11.548859, 0.067543, 7.429772
11.550682, 0.067543, 7.429772
11.552397, 0.067543, 7.429772
11.554167, 0.067543, 7.429772
11.555952, 0.070092, 7.710155
11.557757, 0.070092, 7.710155
11.559462, 0.070092, 7.710155
11.561077, 0.067543, 7.429772
11.562685, 0.070092, 7.710155
11.565584, 0.070092, 7.710155
11.567792, 0.070092, 7.710155
11.569418, 0.070092, 7.710155
11.571023, 0.067543, 7.429772
11.572781, 0.070092, 7.710155
11.574372, 0.070092, 7.710155
11.576107, 0.067543, 7.429772
11.577757, 0.070092, 7.710155
11.579562, 0.067543, 7.429772
11.581220, 0.070092, 7.710155
11.582952, 0.067543, 7.429772
11.584640, 0.067543, 7.429772
11.586405, 0.067543, 7.429772
11.588041, 0.067543, 7.429772
11.589719, 0.067543, 7.429772
11.591338, 0.070092, 7.710155
11.592939, 0.070092, 7.710155
11.594750, 0.067543, 7.429772
11.596445, 0.067543, 7.429772
11.598095, 0.067543, 7.429772
11.599763, 0.070092, 7.710155
11.601602, 0.070092, 7.710155
11.603210, 0.070092, 7.710155
11.604864, 0.070092, 7.710155
11.606495, 0.070092, 7.710155
11.608309, 0.067543, 7.429772
11.609993, 0.067543, 7.429772
11.611608, 0.067543, 7.429772
11.613282, 0.070092, 7.710155
11.615113, 0.070092, 7.710155
11.616748, 0.070092, 7.710155
11.618348, 0.070092, 7.710155
11.620007, 0.070092, 7.710155
11.621679, 0.067543, 7.429772
11.623451, 0.070092, 7.710155
11.625650, 0.070092, 7.710155
11.628725, 0.070092, 7.710155
11.631282, 0.070092, 7.710155
11.633100, 0.070092, 7.710155
11.634869, 0.070092, 7.710155
11.636785, 0.070092, 7.710155
11.638621, 0.067543, 7.429772
11.640338, 0.067543, 7.429772
11.642184, 0.067543, 7.429772
11.643910, 0.070092, 7.710155
11.646076, 0.067543, 7.429772
11.647911, 0.067543, 7.429772
11.649760, 0.067543, 7.429772
11.651516, 0.070092, 7.710155
11.653283, 0.070092, 7.710155
11.654941, 0.070092, 7.710155
11.656700, 0.070092, 7.710155
11.658328, 0.067543, 7.429772
11.660061, 0.070092, 7.710155
11.661772, 0.067543, 7.429772
11.663503, 0.067543, 7.429772
11.665486, 0.067543, 7.429772
11.667553, 0.067543, 7.429772
11.669539, 0.070092, 7.710155
11.671266, 0.067543, 7.429772
11.673078, 0.067543, 7.429772
11.674806, 0.067543, 7.429772
11.676639, 0.070092, 7.710155
11.678323, 0.067543, 7.429772
11.680977, 0.070092, 7.710155
11.682861, 0.070092, 7.710155
11.684565, 0.070092, 7.710155
11.686389, 0.070092, 7.710155
11.688129, 0.067543, 7.429772
11.689747, 0.070092, 7.710155
11.691356, 0.070092, 7.710155
11.692955, 0.070092, 7.710155
11.694702, 0.070092, 7.710155
11.696401, 0.070092, 7.710155
11.698147, 0.070092, 7.710155
11.699798, 0.070092, 7.710155
11.701641, 0.067543, 7.429772
11.738061, 0.067543, 7.429772
11.740356, 0.070092, 7.710155
11.742275, 0.070092, 7.710155
11.744055, 0.070092, 7.710155
11.745862, 0.067543, 7.429772
11.747630, 0.067543, 7.429772
11.749369, 0.070092, 7.710155
11.751057, 0.067543, 7.429772
11.752753, 0.067543, 7.429772
11.754708, 0.067543, 7.429772
11.756655, 0.070092, 7.710155
11.758575, 0.070092, 7.710155
11.760322, 0.067543, 7.429772
11.762249, 0.067543, 7.429772
11.764180, 0.070092, 7.710155
11.766049, 0.070092, 7.710155
11.768138, 0.070092, 7.710155
11.769927, 0.070092, 7.710155
11.771617, 0.070092, 7.710155
11.773451, 0.070092, 7.710155
11.775160, 0.070092, 7.710155
11.776925, 0.070092, 7.710155
11.778700, 0.067543, 7.429772
11.780595, 0.070092, 7.710155
11.783210, 0.067543, 7.429772
11.784937, 0.070092, 7.710155
11.786829, 0.070092, 7.710155
11.788482, 0.070092, 7.710155
11.790165, 0.070092, 7.710155
11.791932, 0.070092, 7.710155
11.793928, 0.070092, 7.710155
11.795622, 0.070092, 7.710155
11.797849, 0.067543, 7.429772
11.799699, 0.070092, 7.710155
11.801539, 0.070092, 7.710155
11.803216, 0.070092, 7.710155
11.804875, 0.067543, 7.429772
11.806588, 0.070092, 7.710155
11.808429, 0.070092, 7.710155
11.810312, 0.070092, 7.710155
11.812057, 0.070092, 7.710155
11.814763, 0.070092, 7.710155
11.817060, 0.067543, 7.429772
11.818981, 0.067543, 7.429772
11.820869, 0.070092, 7.710155
11.822831, 0.070092, 7.710155
11.824584, 0.070092, 7.710155
11.826325, 0.070092, 7.710155
11.828038, 0.070092, 7.710155
11.830263, 0.067543, 7.429772
11.833046, 0.070092, 7.710155
11.834983, 0.067543, 7.429772
11.836713, 0.067543, 7.429772
11.838359, 0.070092, 7.710155
11.840973, 0.070092, 7.710155
11.843168, 0.067543, 7.429772
11.844977, 0.067543, 7.429772
11.846855, 0.070092, 7.710155
11.848813, 0.067543, 7.429772
11.850704, 0.070092, 7.710155
11.852562, 0.070092, 7.710155
11.854380, 0.067543, 7.429772
11.856300, 0.070092, 7.710155
11.858167, 0.070092, 7.710155
11.859873, 0.070092, 7.710155
11.861592, 0.070092, 7.710155
11.863704, 0.070092, 7.710155
11.865947, 0.070092, 7.710155
11.867722, 0.070092, 7.710155
11.869434, 0.070092, 7.710155
11.871245, 0.070092, 7.710155
11.872949, 0.070092, 7.710155
11.874639, 0.070092, 7.710155
11.876351, 0.070092, 7.710155
11.878099, 0.070092, 7.710155
11.879788, 0.070092, 7.710155
11.882380, 0.070092, 7.710155
11.884334, 0.067543, 7.429772
11.886178, 0.070092, 7.710155
11.887928, 0.070092, 7.710155
11.889702, 0.070092, 7.710155
11.891473, 0.070092, 7.710155
11.893195, 0.070092, 7.710155
11.894835, 0.070092, 7.710155
11.896645, 0.070092, 7.710155
11.899137, 0.070092, 7.710155
11.901083, 0.070092, 7.710155
11.902922, 0.070092, 7.710155
11.904663, 0.067543, 7.429772
11.906467, 0.070092, 7.710155
11.908210, 0.070092, 7.710155
11.909883, 0.070092, 7.710155
11.911564, 0.070092, 7.710155
11.913572, 0.070092, 7.710155
11.916489, 0.070092, 7.710155
11.918283, 0.067543, 7.429772
11.920025, 0.070092, 7.710155
11.921737, 0.070092, 7.710155
11.923384, 0.067543, 7.429772
11.925065, 0.070092, 7.710155
11.927213, 0.070092, 7.710155
11.928996, 0.070092, 7.710155
11.930920, 0.072641, 7.990538
11.932698, 0.070092, 7.710155
11.934409, 0.070092, 7.710155
11.936207, 0.070092, 7.710155
11.937876, 0.070092, 7.710155
11.939549, 0.070092, 7.710155
11.941192, 0.070092, 7.710155
11.943106, 0.070092, 7.710155
11.944833, 0.070092, 7.710155
11.946555, 0.070092, 7.710155
11.949485, 0.070092, 7.710155
11.951205, 0.067543, 7.429772
11.952907, 0.070092, 7.710155
11.954598, 0.070092, 7.710155
11.956266, 0.070092, 7.710155
11.957989, 0.067543, 7.429772
11.959687, 0.070092, 7.710155
11.961375, 0.070092, 7.710155
11.963076, 0.070092, 7.710155
11.964783, 0.070092, 7.710155
11.966483, 0.067543, 7.429772
11.968276, 0.070092, 7.710155
11.969965, 0.067543, 7.429772
11.971718, 0.070092, 7.710155
11.973393, 0.070092, 7.710155
11.975054, 0.070092, 7.710155
11.976811, 0.070092, 7.710155
11.978528, 0.070092, 7.710155
11.980334, 0.070092, 7.710155
11.983213, 0.070092, 7.710155
11.984933, 0.070092, 7.710155
11.986661, 0.070092, 7.710155
11.988285, 0.070092, 7.710155
11.989980, 0.070092, 7.710155
11.991711, 0.070092, 7.710155
11.993408, 0.070092, 7.710155
11.995085, 0.070092, 7.710155
11.997895, 0.070092, 7.710155
11.999670, 0.070092, 7.710155
12.001404, 0.070092, 7.710155
12.003107, 0.070092, 7.710155
12.004790, 0.070092, 7.710155
12.006433, 0.070092, 7.710155
12.008191, 0.070092, 7.710155
12.009849, 0.070092, 7.710155
12.011533, 0.070092, 7.710155
12.013245, 0.067543, 7.429772
12.016057, 0.070092, 7.710155
12.017810, 0.070092, 7.710155
12.019521, 0.070092, 7.710155
12.021199, 0.070092, 7.710155
12.023079, 0.070092, 7.710155
12.024806, 0.070092, 7.710155
12.026484, 0.070092, 7.710155
12.028175, 0.070092, 7.710155
12.030495, 0.070092, 7.710155
12.032796, 0.067543, 7.429772
12.034553, 0.070092, 7.710155
12.036188, 0.070092, 7.710155
12.038058, 0.072641, 7.990538
12.040561, 0.070092, 7.710155
12.042459, 0.070092, 7.710155
12.044312, 0.070092, 7.710155
12.046218, 0.070092, 7.710155
12.049494, 0.070092, 7.710155
12.051515, 0.070092, 7.710155
12.053231, 0.070092, 7.710155
12.055044, 0.070092, 7.710155
12.056743, 0.067543, 7.429772
12.058603, 0.070092, 7.710155
12.060263, 0.067543, 7.429772
12.061995, 0.070092, 7.710155
12.064842, 0.070092, 7.710155
12.066741, 0.070092, 7.710155
12.068505, 0.070092, 7.710155
12.070344, 0.070092, 7.710155
12.072345, 0.070092, 7.710155
12.074030, 0.070092, 7.710155
12.075761, 0.070092, 7.710155
12.077412, 0.070092, 7.710155
12.079115, 0.070092, 7.710155
12.081143, 0.070092, 7.710155
12.083182, 0.070092, 7.710155
12.085701, 0.070092, 7.710155
12.088109, 0.070092, 7.710155
12.089885, 0.070092, 7.710155
12.091620, 0.070092, 7.710155
12.093465, 0.070092, 7.710155
12.095181, 0.070092, 7.710155
12.097750, 0.070092, 7.710155
12.099789, 0.070092, 7.710155
12.101781, 0.070092, 7.710155
12.104076, 0.070092, 7.710155
12.106095, 0.070092, 7.710155
12.107920, 0.070092, 7.710155
12.109584, 0.070092, 7.710155
12.111680, 0.070092, 7.710155
12.113736, 0.070092, 7.710155
12.116009, 0.070092, 7.710155
12.118049, 0.070092, 7.710155
12.119891, 0.067543, 7.429772
12.121660, 0.070092, 7.710155
12.123528, 0.070092, 7.710155
12.125309, 0.070092, 7.710155
12.127052, 0.070092, 7.710155
12.128797, 0.070092, 7.710155
12.130762, 0.070092, 7.710155
12.132647, 0.070092, 7.710155
12.134427, 0.070092, 7.710155
12.136183, 0.070092, 7.710155
12.138067, 0.070092, 7.710155
12.139876, 0.070092, 7.710155
12.141627, 0.070092, 7.710155
12.143315, 0.070092, 7.710155
12.144935, 0.070092, 7.710155
12.147491, 0.070092, 7.710155
12.149769, 0.070092, 7.710155
12.151848, 0.070092, 7.710155
12.153674, 0.070092, 7.710155
12.155504, 0.070092, 7.710155
12.157104, 0.070092, 7.710155
12.158741, 0.070092, 7.710155
12.160364, 0.070092, 7.710155
12.162008, 0.070092, 7.710155
12.164526, 0.070092, 7.710155
12.166433, 0.070092, 7.710155
12.168233, 0.072641, 7.990538
12.169947, 0.070092, 7.710155
12.171583, 0.070092, 7.710155
12.173213, 0.070092, 7.710155
12.174824, 0.070092, 7.710155
12.176448, 0.070092, 7.710155
12.178109, 0.070092, 7.710155
12.180388, 0.070092, 7.710155
12.182531, 0.070092, 7.710155
12.184336, 0.070092, 7.710155
12.185964, 0.070092, 7.710155
12.187588, 0.067543, 7.429772
12.189220, 0.072641, 7.990538
12.190818, 0.070092, 7.710155
12.192431, 0.070092, 7.710155
12.194074, 0.070092, 7.710155
12.195842, 0.070092, 7.710155
12.197734, 0.070092, 7.710155
12.199581, 0.070092, 7.710155
12.201291, 0.070092, 7.710155
12.202947, 0.070092, 7.710155
12.204556, 0.070092, 7.710155
12.206148, 0.070092, 7.710155
12.207725, 0.070092, 7.710155
12.209382, 0.070092, 7.710155
12.211134, 0.070092, 7.710155
12.212831, 0.070092, 7.710155
12.214566, 0.070092, 7.710155
12.216340, 0.067543, 7.429772
12.218120, 0.070092, 7.710155
12.219709, 0.070092, 7.710155
12.221328, 0.070092, 7.710155
12.222930, 0.070092, 7.710155
12.224595, 0.070092, 7.710155
12.226346, 0.070092, 7.710155
12.228088, 0.070092, 7.710155
12.229841, 0.070092, 7.710155
12.232301, 0.070092, 7.710155
12.234154, 0.070092, 7.710155
12.235807, 0.070092, 7.710155
12.237390, 0.070092, 7.710155
12.239058, 0.070092, 7.710155
12.242233, 0.070092, 7.710155
12.244516, 0.070092, 7.710155
12.246189, 0.070092, 7.710155
12.248988, 0.070092, 7.710155
12.250606, 0.070092, 7.710155
12.252223, 0.070092, 7.710155
12.253833, 0.070092, 7.710155
12.255437, 0.070092, 7.710155
12.257093, 0.070092, 7.710155
12.258719, 0.070092, 7.710155
12.260326, 0.070092, 7.710155
12.261932, 0.070092, 7.710155
12.264687, 0.070092, 7.710155
12.266345, 0.070092, 7.710155
12.267986, 0.070092, 7.710155
12.269613, 0.070092, 7.710155
12.271196, 0.070092, 7.710155
12.272794, 0.070092, 7.710155
12.274586, 0.070092, 7.710155
12.276254, 0.070092, 7.710155
12.277954, 0.070092, 7.710155
12.279549, 0.070092, 7.710155
12.281245, 0.072641, 7.990538
12.282953, 0.070092, 7.710155
12.285706, 0.072641, 7.990538
12.287372, 0.070092, 7.710155
12.288975, 0.070092, 7.710155
12.290555, 0.070092, 7.710155
12.292144, 0.070092, 7.710155
12.293863, 0.070092, 7.710155
12.296160, 0.070092, 7.710155
12.297858, 0.070092, 7.710155
12.299550, 0.070092, 7.710155
12.301271, 0.070092, 7.710155
12.302861, 0.070092, 7.710155
12.304602, 0.070092, 7.710155
12.306213, 0.070092, 7.710155
12.307807, 0.070092, 7.710155
12.309406, 0.070092, 7.710155
12.310995, 0.067543, 7.429772
12.312588, 0.070092, 7.710155
12.315193, 0.072641, 7.990538
12.317107, 0.070092, 7.710155
12.318759, 0.070092, 7.710155
12.320379, 0.070092, 7.710155
12.321973, 0.070092, 7.710155
12.323568, 0.070092, 7.710155
12.325233, 0.067543, 7.429772
12.326836, 0.070092, 7.710155
12.328426, 0.070092, 7.710155
12.330035, 0.070092, 7.710155
12.331728, 0.070092, 7.710155
12.333386, 0.070092, 7.710155
12.336888, 0.070092, 7.710155
12.339091, 0.070092, 7.710155
12.340878, 0.070092, 7.710155
12.342700, 0.070092, 7.710155
12.344353, 0.070092, 7.710155
12.345990, 0.070092, 7.710155
12.349268, 0.070092, 7.710155
12.351794, 0.070092, 7.710155
12.353525, 0.070092, 7.710155
12.355189, 0.067543, 7.429772
12.356899, 0.070092, 7.710155
12.358515, 0.070092, 7.710155
12.360142, 0.070092, 7.710155
12.361760, 0.070092, 7.710155
12.364356, 0.070092, 7.710155
12.366528, 0.070092, 7.710155
12.368330, 0.070092, 7.710155
12.370017, 0.070092, 7.710155
12.371771, 0.070092, 7.710155
12.373408, 0.070092, 7.710155
12.375037, 0.070092, 7.710155
12.376655, 0.070092, 7.710155
12.378278, 0.070092, 7.710155
12.379906, 0.070092, 7.710155
12.382611, 0.070092, 7.710155
12.384293, 0.070092, 7.710155
12.385895, 0.070092, 7.710155
12.387475, 0.070092, 7.710155
12.389065, 0.070092, 7.710155
12.390922, 0.070092, 7.710155
12.392680, 0.070092, 7.710155
12.394392, 0.070092, 7.710155
12.396095, 0.070092, 7.710155
12.397775, 0.070092, 7.710155
12.399430, 0.070092, 7.710155
12.401259, 0.070092, 7.710155
12.402972, 0.070092, 7.710155
12.404682, 0.070092, 7.710155
12.406333, 0.070092, 7.710155
12.407935, 0.070092, 7.710155
12.409517, 0.070092, 7.710155
12.411194, 0.070092, 7.710155
12.412839, 0.070092, 7.710155
12.414492, 0.070092, 7.710155
12.416116, 0.070092, 7.710155
12.417763, 0.070092, 7.710155
12.419512, 0.072641, 7.990538
12.421231, 0.070092, 7.710155
12.422848, 0.070092, 7.710155
12.424563, 0.070092, 7.710155
12.426270, 0.070092, 7.710155
12.427870, 0.070092, 7.710155
12.429516, 0.070092, 7.710155
12.432054, 0.070092, 7.710155
12.434307, 0.070092, 7.710155
12.435989, 0.070092, 7.710155
12.437672, 0.070092, 7.710155
12.439279, 0.070092, 7.710155
12.440884, 0.070092, 7.710155
12.442771, 0.070092, 7.710155
12.444450, 0.070092, 7.710155
12.446192, 0.070092, 7.710155
12.449072, 0.070092, 7.710155
12.450715, 0.070092, 7.710155
12.453530, 0.070092, 7.710155
12.455218, 0.070092, 7.710155
12.456894, 0.070092, 7.710155
12.458486, 0.070092, 7.710155
12.460151, 0.070092, 7.710155
12.462092, 0.070092, 7.710155
12.464562, 0.067543, 7.429772
12.466352, 0.070092, 7.710155
12.468135, 0.070092, 7.710155
12.469758, 0.072641, 7.990538
12.471483, 0.070092, 7.710155
12.473398, 0.070092, 7.710155
12.475049, 0.067543, 7.429772
12.477138, 0.070092, 7.710155
12.478771, 0.070092, 7.710155
12.481314, 0.070092, 7.710155
12.484679, 0.072641, 7.990538
12.486597, 0.070092, 7.710155
12.488451, 0.070092, 7.710155
12.490122, 0.070092, 7.710155
12.491744, 0.070092, 7.710155
12.493396, 0.072641, 7.990538
12.495098, 0.070092, 7.710155
12.496969, 0.070092, 7.710155
12.500243, 0.070092, 7.710155
12.502157, 0.070092, 7.710155
12.503805, 0.070092, 7.710155
12.505426, 0.070092, 7.710155
12.507029, 0.070092, 7.710155
12.508703, 0.070092, 7.710155
12.510325, 0.070092, 7.710155
12.511938, 0.070092, 7.710155
12.514965, 0.070092, 7.710155
12.516867, 0.070092, 7.710155
12.518509, 0.070092, 7.710155
12.520219, 0.070092, 7.710155
12.521837, 0.070092, 7.710155
12.523527, 0.070092, 7.710155
12.525146, 0.072641, 7.990538
12.526759, 0.070092, 7.710155
12.528353, 0.070092, 7.710155
12.531593, 0.067543, 7.429772
12.533318, 0.070092, 7.710155
12.534955, 0.072641, 7.990538
12.536552, 0.070092, 7.710155
12.538199, 0.070092, 7.710155
12.540142, 0.070092, 7.710155
12.542691, 0.070092, 7.710155
12.544405, 0.070092, 7.710155
12.546162, 0.070092, 7.710155
12.549162, 0.070092, 7.710155
12.551168, 0.070092, 7.710155
12.552993, 0.070092, 7.710155
12.554637, 0.070092, 7.710155
12.556226, 0.072641, 7.990538
12.557827, 0.070092, 7.710155
12.559508, 0.070092, 7.710155
12.562529, 0.072641, 7.990538
12.564723, 0.070092, 7.710155
12.566466, 0.072641, 7.990538
12.568228, 0.070092, 7.710155
12.569816, 0.070092, 7.710155
12.572835, 0.070092, 7.710155
12.574564, 0.070092, 7.710155
12.576243, 0.070092, 7.710155
12.577830, 0.070092, 7.710155
12.579494, 0.070092, 7.710155
12.582756, 0.070092, 7.710155
12.584422, 0.070092, 7.710155
12.586107, 0.070092, 7.710155
12.587769, 0.072641, 7.990538
12.589377, 0.072641, 7.990538
12.590973, 0.070092, 7.710155
12.593789, 0.070092, 7.710155
12.595590, 0.070092, 7.710155
12.597263, 0.070092, 7.710155
12.598930, 0.070092, 7.710155
12.600609, 0.070092, 7.710155
12.602589, 0.070092, 7.710155
12.604275, 0.070092, 7.710155
12.606010, 0.070092, 7.710155
12.607609, 0.070092, 7.710155
12.609287, 0.070092, 7.710155
12.610887, 0.070092, 7.710155
12.612766, 0.070092, 7.710155
12.614445, 0.070092, 7.710155
12.616151, 0.070092, 7.710155
12.617967, 0.072641, 7.990538
12.619575, 0.070092, 7.710155
12.621178, 0.070092, 7.710155
12.624260, 0.070092, 7.710155
12.626088, 0.070092, 7.710155
12.627751, 0.070092, 7.710155
12.629429, 0.070092, 7.710155
12.632744, 0.070092, 7.710155
12.634460, 0.072641, 7.990538
12.636067, 0.070092, 7.710155
12.637752, 0.070092, 7.710155
12.639360, 0.070092, 7.710155
12.641717, 0.070092, 7.710155
12.644840, 0.070092, 7.710155
12.646546, 0.070092, 7.710155
12.649502, 0.070092, 7.710155
12.651089, 0.070092, 7.710155
12.652756, 0.070092, 7.710155
12.654613, 0.070092, 7.710155
12.656201, 0.070092, 7.710155
12.657801, 0.070092, 7.710155
12.659470, 0.070092, 7.710155
12.661071, 0.070092, 7.710155
12.662732, 0.070092, 7.710155
12.664568, 0.070092, 7.710155
12.666423, 0.070092, 7.710155
12.668760, 0.070092, 7.710155
12.670390, 0.070092, 7.710155
12.671995, 0.070092, 7.710155
12.673768, 0.070092, 7.710155
12.675394, 0.070092, 7.710155
12.677009, 0.070092, 7.710155
12.678609, 0.070092, 7.710155
12.680479, 0.070092, 7.710155
12.682218, 0.070092, 7.710155
12.683951, 0.070092, 7.710155
12.685572, 0.070092, 7.710155
12.687234, 0.070092, 7.710155
12.688842, 0.070092, 7.710155
12.690449, 0.070092, 7.710155
12.692045, 0.070092, 7.710155
12.693642, 0.070092, 7.710155
12.696119, 0.070092, 7.710155
12.700544, 0.070092, 7.710155
12.703278, 0.070092, 7.710155
12.706086, 0.072641, 7.990538
12.708076, 0.070092, 7.710155
12.711415, 0.070092, 7.710155
12.713599, 0.070092, 7.710155
12.715921, 0.070092, 7.710155
12.717954, 0.070092, 7.710155
12.720149, 0.070092, 7.710155
12.722358, 0.070092, 7.710155
12.725376, 0.072641, 7.990538
12.727963, 0.070092, 7.710155
12.730604, 0.070092, 7.710155
12.733099, 0.070092, 7.710155
12.735036, 0.070092, 7.710155
12.736951, 0.070092, 7.710155
12.738729, 0.070092, 7.710155
12.740467, 0.070092, 7.710155
12.742291, 0.072641, 7.990538
12.743973, 0.072641, 7.990538
12.745673, 0.070092, 7.710155
12.747329, 0.070092, 7.710155
12.749218, 0.070092, 7.710155
12.751111, 0.070092, 7.710155
12.752785, 0.070092, 7.710155
12.754603, 0.067543, 7.429772
12.756521, 0.070092, 7.710155
12.758239, 0.070092, 7.710155
12.760068, 0.070092, 7.710155
12.761742, 0.070092, 7.710155
12.763393, 0.070092, 7.710155
12.765057, 0.070092, 7.710155
12.766754, 0.070092, 7.710155
12.768485, 0.070092, 7.710155
12.770246, 0.072641, 7.990538
12.771850, 0.070092, 7.710155
12.773488, 0.070092, 7.710155
12.775141, 0.070092, 7.710155
12.776772, 0.070092, 7.710155
12.778524, 0.070092, 7.710155
12.780306, 0.070092, 7.710155
12.781946, 0.070092, 7.710155
12.783663, 0.070092, 7.710155
12.785463, 0.070092, 7.710155
12.787123, 0.070092, 7.710155
12.788841, 0.070092, 7.710155
12.790563, 0.070092, 7.710155
12.792145, 0.070092, 7.710155
12.793740, 0.070092, 7.710155
12.795411, 0.070092, 7.710155
12.797118, 0.070092, 7.710155
12.798747, 0.070092, 7.710155
12.800425, 0.070092, 7.710155
12.802290, 0.072641, 7.990538
12.803899, 0.070092, 7.710155
12.805488, 0.070092, 7.710155
12.808647, 0.070092, 7.710155
12.810454, 0.070092, 7.710155
12.812173, 0.070092, 7.710155
12.813926, 0.070092, 7.710155
12.815608, 0.070092, 7.710155
12.817484, 0.070092, 7.710155
12.819089, 0.070092, 7.710155
12.820677, 0.070092, 7.710155
12.822280, 0.070092, 7.710155
12.823918, 0.067543, 7.429772
12.825513, 0.070092, 7.710155
12.827310, 0.070092, 7.710155
12.830539, 0.070092, 7.710155
12.832415, 0.070092, 7.710155
12.834124, 0.070092, 7.710155
12.835716, 0.070092, 7.710155
12.837557, 0.070092, 7.710155
12.839342, 0.070092, 7.710155
12.841000, 0.070092, 7.710155
12.842599, 0.070092, 7.710155
12.844233, 0.070092, 7.710155
12.845859, 0.070092, 7.710155
12.849115, 0.070092, 7.710155
12.850813, 0.070092, 7.710155
12.852555, 0.070092, 7.710155
12.854154, 0.072641, 7.990538
12.855756, 0.070092, 7.710155
12.858104, 0.070092, 7.710155
12.859816, 0.070092, 7.710155
12.861469, 0.072641, 7.990538
12.863117, 0.070092, 7.710155
12.864786, 0.070092, 7.710155
12.866401, 0.070092, 7.710155
12.868202, 0.070092, 7.710155
12.869959, 0.070092, 7.710155
12.871632, 0.070092, 7.710155
12.873345, 0.070092, 7.710155
12.874962, 0.072641, 7.990538
12.876702, 0.072641, 7.990538
12.878377, 0.070092, 7.710155
12.880009, 0.070092, 7.710155
12.881737, 0.070092, 7.710155
12.883477, 0.070092, 7.710155
12.885193, 0.070092, 7.710155
12.886951, 0.070092, 7.710155
12.888560, 0.070092, 7.710155
12.890143, 0.070092, 7.710155
12.891734, 0.072641, 7.990538
12.893327, 0.070092, 7.710155
12.894927, 0.070092, 7.710155
12.896553, 0.070092, 7.710155
12.898789, 0.072641, 7.990538
12.900575, 0.070092, 7.710155
12.902258, 0.070092, 7.710155
12.903916, 0.070092, 7.710155
12.905506, 0.067543, 7.429772
12.907096, 0.070092, 7.710155
12.908669, 0.070092, 7.710155
12.910255, 0.070092, 7.710155
12.911845, 0.070092, 7.710155
12.913480, 0.070092, 7.710155
12.915091, 0.070092, 7.710155
12.916690, 0.070092, 7.710155
12.918332, 0.070092, 7.710155
12.920193, 0.070092, 7.710155
12.922002, 0.072641, 7.990538
12.925401, 0.070092, 7.710155
12.927642, 0.070092, 7.710155
12.930424, 0.070092, 7.710155
12.933839, 0.070092, 7.710155
12.936346, 0.070092, 7.710155
12.938687, 0.070092, 7.710155
12.940825, 0.072641, 7.990538
12.943699, 0.072641, 7.990538
12.946559, 0.070092, 7.710155
12.948503, 0.070092, 7.710155
12.950486, 0.072641, 7.990538
12.952342, 0.072641, 7.990538
12.954092, 0.070092, 7.710155
12.955808, 0.070092, 7.710155
12.957512, 0.070092, 7.710155
12.959211, 0.070092, 7.710155
12.960890, 0.070092, 7.710155
12.962570, 0.070092, 7.710155
12.964380, 0.070092, 7.710155
12.966078, 0.070092, 7.710155
12.967747, 0.070092, 7.710155
12.969403, 0.070092, 7.710155
12.971052, 0.070092, 7.710155
12.972715, 0.072641, 7.990538
12.974451, 0.070092, 7.710155
12.976106, 0.070092, 7.710155
12.977737, 0.070092, 7.710155
12.979405, 0.070092, 7.710155
12.981092, 0.070092, 7.710155
12.982772, 0.070092, 7.710155
12.984605, 0.070092, 7.710155
12.986277, 0.070092, 7.710155
12.987956, 0.072641, 7.990538
12.989666, 0.070092, 7.710155
12.991275, 0.072641, 7.990538
12.992886, 0.070092, 7.710155
12.994599, 0.070092, 7.710155
12.996290, 0.070092, 7.710155
12.998090, 0.070092, 7.710155
12.999776, 0.070092, 7.710155
13.001593, 0.070092, 7.710155
13.003218, 0.070092, 7.710155
13.004926, 0.067543, 7.429772
13.006644, 0.070092, 7.710155
13.008393, 0.070092, 7.710155
13.010005, 0.070092, 7.710155
13.011589, 0.072641, 7.990538
13.013204, 0.072641, 7.990538
13.014961, 0.072641, 7.990538
13.016609, 0.070092, 7.710155
13.018231, 0.070092, 7.710155
13.019910, 0.070092, 7.710155
13.021691, 0.070092, 7.710155
13.023301, 0.070092, 7.710155
13.025069, 0.072641, 7.990538
13.026879, 0.070092, 7.710155
13.028584, 0.070092, 7.710155
13.031860, 0.070092, 7.710155
13.033598, 0.070092, 7.710155
13.035445, 0.070092, 7.710155
13.037102, 0.070092, 7.710155
13.041244, 0.072641, 7.990538
13.042949, 0.070092, 7.710155
13.044837, 0.070092, 7.710155
13.047906, 0.070092, 7.710155
13.049744, 0.070092, 7.710155
13.053295, 0.070092, 7.710155
13.055132, 0.070092, 7.710155
13.056766, 0.070092, 7.710155
13.058433, 0.070092, 7.710155
13.060123, 0.070092, 7.710155
13.061781, 0.070092, 7.710155
13.064102, 0.072641, 7.990538
13.065902, 0.072641, 7.990538
13.067662, 0.070092, 7.710155
13.069498, 0.070092, 7.710155
13.071124, 0.070092, 7.710155
13.072785, 0.070092, 7.710155
13.075667, 0.070092, 7.710155
13.077345, 0.070092, 7.710155
13.079297, 0.070092, 7.710155
13.082348, 0.072641, 7.990538
13.084145, 0.070092, 7.710155
13.085877, 0.070092, 7.710155
13.087618, 0.070092, 7.710155
13.089253, 0.070092, 7.710155
13.090915, 0.070092, 7.710155
13.092679, 0.070092, 7.710155
13.094380, 0.070092, 7.710155
13.096361, 0.070092, 7.710155
13.099957, 0.070092, 7.710155
13.102642, 0.070092, 7.710155
13.104999, 0.072641, 7.990538
13.106859, 0.070092, 7.710155
13.108743, 0.070092, 7.710155
13.110415, 0.070092, 7.710155
13.112547, 0.070092, 7.710155
13.115492, 0.070092, 7.710155
13.117607, 0.070092, 7.710155
13.119284, 0.070092, 7.710155
13.120956, 0.070092, 7.710155
13.122718, 0.070092, 7.710155
13.124786, 0.070092, 7.710155
13.126488, 0.070092, 7.710155
13.129494, 0.070092, 7.710155
13.131988, 0.070092, 7.710155
13.133808, 0.070092, 7.710155
13.135473, 0.070092, 7.710155
13.137420, 0.070092, 7.710155
13.139211, 0.070092, 7.710155
13.140840, 0.070092, 7.710155
13.142864, 0.072641, 7.990538
13.144715, 0.070092, 7.710155
13.146650, 0.070092, 7.710155
13.148512, 0.070092, 7.710155
13.150241, 0.070092, 7.710155
13.152163, 0.070092, 7.710155
13.153849, 0.070092, 7.710155
13.155518, 0.070092, 7.710155
13.157154, 0.070092, 7.710155
13.159989, 0.070092, 7.710155
13.161786, 0.070092, 7.710155
13.163579, 0.070092, 7.710155
13.165393, 0.070092, 7.710155
13.167350, 0.070092, 7.710155
13.169030, 0.070092, 7.710155
13.170668, 0.070092, 7.710155
13.172426, 0.070092, 7.710155
13.174329, 0.072641, 7.990538
13.175981, 0.070092, 7.710155
13.177716, 0.070092, 7.710155
13.179576, 0.070092, 7.710155
13.181934, 0.070092, 7.710155
13.183802, 0.070092, 7.710155
13.185582, 0.070092, 7.710155
13.187336, 0.070092, 7.710155
13.189480, 0.070092, 7.710155
13.191253, 0.072641, 7.990538
13.193076, 0.070092, 7.710155
13.195970, 0.070092, 7.710155
13.198367, 0.070092, 7.710155
13.200200, 0.072641, 7.990538
13.202038, 0.070092, 7.710155
13.203911, 0.070092, 7.710155
13.205868, 0.070092, 7.710155
13.207805, 0.070092, 7.710155
13.209594, 0.070092, 7.710155
13.211359, 0.070092, 7.710155
13.213720, 0.070092, 7.710155
13.215784, 0.070092, 7.710155
13.217752, 0.070092, 7.710155
13.219525, 0.070092, 7.710155
13.221539, 0.070092, 7.710155
13.223324, 0.070092, 7.710155
13.225058, 0.070092, 7.710155
13.226756, 0.070092, 7.710155
13.228400, 0.070092, 7.710155
13.231480, 0.070092, 7.710155
13.234110, 0.070092, 7.710155
13.236213, 0.070092, 7.710155
13.238412, 0.070092, 7.710155
13.240865, 0.072641, 7.990538
13.243041, 0.072641, 7.990538
13.245653, 0.070092, 7.710155
13.248087, 0.070092, 7.710155
13.249928, 0.070092, 7.710155
13.251798, 0.070092, 7.710155
13.254000, 0.070092, 7.710155
13.256467, 0.070092, 7.710155
13.258572, 0.070092, 7.710155
13.260606, 0.070092, 7.710155
13.262451, 0.070092, 7.710155
13.264494, 0.070092, 7.710155
13.266415, 0.070092, 7.710155
13.268301, 0.070092, 7.710155
13.270146, 0.070092, 7.710155
13.271923, 0.070092, 7.710155
13.273620, 0.072641, 7.990538
13.275285, 0.072641, 7.990538
13.276937, 0.070092, 7.710155
13.278674, 0.072641, 7.990538
13.280828, 0.070092, 7.710155
13.282898, 0.070092, 7.710155
13.284761, 0.070092, 7.710155
13.286549, 0.070092, 7.710155
13.288262, 0.070092, 7.710155
13.289938, 0.070092, 7.710155
13.291604, 0.070092, 7.710155
13.293413, 0.070092, 7.710155
13.295016, 0.070092, 7.710155
13.296908, 0.070092, 7.710155
13.298864, 0.070092, 7.710155
13.300647, 0.070092, 7.710155
13.302435, 0.070092, 7.710155
13.304144, 0.070092, 7.710155
13.305809, 0.070092, 7.710155
13.307496, 0.072641, 7.990538
13.309106, 0.070092, 7.710155
13.310716, 0.072641, 7.990538
13.312379, 0.072641, 7.990538
13.314930, 0.070092, 7.710155
13.317246, 0.070092, 7.710155
13.319005, 0.070092, 7.710155
13.320728, 0.070092, 7.710155
13.322568, 0.072641, 7.990538
13.324246, 0.072641, 7.990538
13.325859, 0.070092, 7.710155
13.327495, 0.070092, 7.710155
13.330118, 0.070092, 7.710155
13.333010, 0.070092, 7.710155
13.334712, 0.070092, 7.710155
13.336437, 0.072641, 7.990538
13.338135, 0.070092, 7.710155
13.339774, 0.070092, 7.710155
13.341495, 0.070092, 7.710155
13.343183, 0.070092, 7.710155
13.345658, 0.070092, 7.710155
13.347705, 0.070092, 7.710155
13.349483, 0.070092, 7.710155
13.351334, 0.070092, 7.710155
13.353403, 0.070092, 7.710155
13.355170, 0.072641, 7.990538
13.356777, 0.070092, 7.710155
13.358491, 0.070092, 7.710155
13.360487, 0.070092, 7.710155
13.362191, 0.070092, 7.710155
13.365349, 0.072641, 7.990538
13.367130, 0.070092, 7.710155
13.368870, 0.070092, 7.710155
13.370667, 0.072641, 7.990538
13.372349, 0.070092, 7.710155
13.374046, 0.070092, 7.710155
13.376312, 0.072641, 7.990538
13.379494, 0.070092, 7.710155
13.381559, 0.070092, 7.710155
13.383381, 0.070092, 7.710155
13.385181, 0.070092, 7.710155
13.386877, 0.070092, 7.710155
13.388552, 0.070092, 7.710155
13.390296, 0.070092, 7.710155
13.392216, 0.070092, 7.710155
13.393956, 0.070092, 7.710155
13.395717, 0.070092, 7.710155
13.397457, 0.070092, 7.710155
13.399655, 0.070092, 7.710155
13.401528, 0.070092, 7.710155
13.403522, 0.070092, 7.710155
13.405229, 0.070092, 7.710155
13.407156, 0.070092, 7.710155
13.408874, 0.070092, 7.710155
13.410570, 0.070092, 7.710155
13.412433, 0.070092, 7.710155
13.414675, 0.070092, 7.710155
13.417130, 0.070092, 7.710155
13.419196, 0.070092, 7.710155
13.421023, 0.070092, 7.710155
13.422809, 0.070092, 7.710155
13.424548, 0.070092, 7.710155
13.426251, 0.070092, 7.710155
13.427895, 0.070092, 7.710155
13.430249, 0.070092, 7.710155
13.433613, 0.070092, 7.710155
13.435447, 0.070092, 7.710155
13.437316, 0.072641, 7.990538
13.439118, 0.070092, 7.710155
13.440879, 0.070092, 7.710155
13.442685, 0.070092, 7.710155
13.444409, 0.070092, 7.710155
13.446089, 0.070092, 7.710155
13.449230, 0.070092, 7.710155
13.451164, 0.070092, 7.710155
13.453085, 0.070092, 7.710155
13.454897, 0.072641, 7.990538
13.456627, 0.070092, 7.710155
13.458354, 0.070092, 7.710155
13.460138, 0.070092, 7.710155
13.462156, 0.070092, 7.710155
13.464748, 0.070092, 7.710155
13.466566, 0.070092, 7.710155
13.468317, 0.072641, 7.990538
13.470088, 0.070092, 7.710155
13.471751, 0.070092, 7.710155
13.473592, 0.070092, 7.710155
13.475483, 0.070092, 7.710155
13.477140, 0.070092, 7.710155
13.478818, 0.070092, 7.710155
13.480614, 0.070092, 7.710155
13.482315, 0.070092, 7.710155
13.484101, 0.070092, 7.710155
13.485756, 0.070092, 7.710155
13.487394, 0.070092, 7.710155
13.489058, 0.070092, 7.710155
13.490735, 0.070092, 7.710155
13.492363, 0.070092, 7.710155
13.494095, 0.070092, 7.710155
13.495757, 0.070092, 7.710155
13.497557, 0.070092, 7.710155
13.499258, 0.070092, 7.710155
13.500906, 0.070092, 7.710155
13.502571, 0.070092, 7.710155
13.504683, 0.070092, 7.710155
13.506934, 0.072641, 7.990538
13.509174, 0.070092, 7.710155
13.511031, 0.070092, 7.710155
13.512771, 0.072641, 7.990538
13.514681, 0.070092, 7.710155
13.516351, 0.070092, 7.710155
13.518075, 0.070092, 7.710155
13.519845, 0.070092, 7.710155
13.521453, 0.070092, 7.710155
13.523101, 0.070092, 7.710155
13.524804, 0.070092, 7.710155
13.526550, 0.070092, 7.710155
13.528196, 0.070092, 7.710155
13.529958, 0.072641, 7.990538
13.531678, 0.072641, 7.990538
13.533333, 0.072641, 7.990538
13.535141, 0.070092, 7.710155
13.536907, 0.072641, 7.990538
13.538671, 0.070092, 7.710155
13.540344, 0.070092, 7.710155
13.542073, 0.070092, 7.710155
13.543875, 0.070092, 7.710155
13.545724, 0.070092, 7.710155
13.547449, 0.070092, 7.710155
13.549098, 0.070092, 7.710155
13.550850, 0.070092, 7.710155
13.552590, 0.070092, 7.710155
13.554365, 0.072641, 7.990538
13.556310, 0.070092, 7.710155
13.558148, 0.070092, 7.710155
13.559792, 0.072641, 7.990538
13.561448, 0.070092, 7.710155
13.563038, 0.070092, 7.710155
13.564687, 0.070092, 7.710155
13.566696, 0.070092, 7.710155
13.568600, 0.070092, 7.710155
13.570261, 0.070092, 7.710155
13.571853, 0.070092, 7.710155
13.573465, 0.070092, 7.710155
13.575081, 0.070092, 7.710155
13.577129, 0.070092, 7.710155
13.578972, 0.070092, 7.710155
13.580904, 0.070092, 7.710155
13.582695, 0.070092, 7.710155
13.584357, 0.072641, 7.990538
13.586061, 0.070092, 7.710155
13.587757, 0.070092, 7.710155
13.589369, 0.070092, 7.710155
13.590981, 0.070092, 7.710155
13.592568, 0.070092, 7.710155
13.594184, 0.070092, 7.710155
13.595827, 0.070092, 7.710155
13.597632, 0.070092, 7.710155
13.599427, 0.070092, 7.710155
13.601066, 0.070092, 7.710155
13.602719, 0.072641, 7.990538
13.604304, 0.070092, 7.710155
13.606039, 0.070092, 7.710155
13.608237, 0.070092, 7.710155
13.609914, 0.070092, 7.710155
13.612001, 0.070092, 7.710155
13.613846, 0.070092, 7.710155
13.615495, 0.070092, 7.710155
13.617343, 0.070092, 7.710155
13.619123, 0.072641, 7.990538
13.620945, 0.072641, 7.990538
13.622616, 0.070092, 7.710155
13.624262, 0.070092, 7.710155
13.625890, 0.070092, 7.710155
13.627823, 0.070092, 7.710155
13.629479, 0.070092, 7.710155
13.631162, 0.070092, 7.710155
13.632752, 0.070092, 7.710155
13.634502, 0.070092, 7.710155
13.636122, 0.070092, 7.710155
13.637991, 0.070092, 7.710155
13.639736, 0.070092, 7.710155
13.641501, 0.070092, 7.710155
13.643318, 0.070092, 7.710155
13.645176, 0.072641, 7.990538
13.646997, 0.070092, 7.710155
13.648949, 0.070092, 7.710155
13.650626, 0.070092, 7.710155
13.652248, 0.070092, 7.710155
13.653877, 0.070092, 7.710155
13.655507, 0.070092, 7.710155
13.657426, 0.070092, 7.710155
13.659355, 0.070092, 7.710155
13.660977, 0.070092, 7.710155
13.662594, 0.072641, 7.990538
13.664497, 0.070092, 7.710155
13.666170, 0.070092, 7.710155
13.668013, 0.070092, 7.710155
13.670193, 0.070092, 7.710155
13.672056, 0.070092, 7.710155
13.673923, 0.070092, 7.710155
13.675689, 0.070092, 7.710155
13.677443, 0.072641, 7.990538
13.679332, 0.070092, 7.710155
13.681253, 0.070092, 7.710155
13.682943, 0.072641, 7.990538
13.684750, 0.067543, 7.429772
13.686374, 0.070092, 7.710155
13.688013, 0.070092, 7.710155
13.689823, 0.070092, 7.710155
13.691776, 0.070092, 7.710155
13.693435, 0.070092, 7.710155
13.695092, 0.070092, 7.710155
13.696781, 0.070092, 7.710155
13.698618, 0.070092, 7.710155
13.700691, 0.070092, 7.710155
13.702551, 0.070092, 7.710155
13.704307, 0.070092, 7.710155
13.706234, 0.070092, 7.710155
13.707914, 0.072641, 7.990538
13.709611, 0.070092, 7.710155
13.711313, 0.070092, 7.710155
13.713296, 0.072641, 7.990538
13.715211, 0.070092, 7.710155
13.716942, 0.070092, 7.710155
13.718748, 0.070092, 7.710155
13.720569, 0.070092, 7.710155
13.722240, 0.070092, 7.710155
13.723944, 0.070092, 7.710155
13.725641, 0.070092, 7.710155
13.727433, 0.070092, 7.710155
13.729084, 0.070092, 7.710155
13.731107, 0.070092, 7.710155
13.732975, 0.070092, 7.710155
13.734832, 0.070092, 7.710155
13.736483, 0.070092, 7.710155
13.738151, 0.070092, 7.710155
13.739815, 0.070092, 7.710155
13.741584, 0.070092, 7.710155
13.743254, 0.070092, 7.710155
13.744896, 0.070092, 7.710155
13.746760, 0.070092, 7.710155
13.748742, 0.070092, 7.710155
13.750451, 0.070092, 7.710155
13.752201, 0.070092, 7.710155
13.753871, 0.070092, 7.710155
13.755642, 0.070092, 7.710155
13.757323, 0.070092, 7.710155
13.758959, 0.070092, 7.710155
13.760606, 0.070092, 7.710155
13.762266, 0.070092, 7.710155
13.764064, 0.070092, 7.710155
13.765772, 0.070092, 7.710155
13.767562, 0.070092, 7.710155
13.769311, 0.070092, 7.710155
13.771160, 0.070092, 7.710155
13.772804, 0.070092, 7.710155
13.774462, 0.070092, 7.710155
13.776146, 0.070092, 7.710155
13.778091, 0.070092, 7.710155
13.779800, 0.070092, 7.710155
13.781418, 0.070092, 7.710155
13.783129, 0.072641, 7.990538
13.784807, 0.070092, 7.710155
13.786507, 0.070092, 7.710155
13.789906, 0.070092, 7.710155
13.791651, 0.070092, 7.710155
13.793320, 0.070092, 7.710155
13.794918, 0.070092, 7.710155
13.798423, 0.070092, 7.710155
13.800396, 0.070092, 7.710155
13.802003, 0.070092, 7.710155
13.803660, 0.070092, 7.710155
13.805243, 0.070092, 7.710155
13.807709, 0.070092, 7.710155
13.809688, 0.072641, 7.990538
13.811314, 0.070092, 7.710155
13.812944, 0.070092, 7.710155
13.815521, 0.070092, 7.710155
13.817704, 0.070092, 7.710155
13.819352, 0.072641, 7.990538
13.821071, 0.070092, 7.710155
13.822653, 0.070092, 7.710155
13.824218, 0.070092, 7.710155
13.825802, 0.070092, 7.710155
13.828380, 0.070092, 7.710155
13.830571, 0.070092, 7.710155
13.832389, 0.070092, 7.710155
13.834106, 0.070092, 7.710155
13.835876, 0.070092, 7.710155
13.837620, 0.070092, 7.710155
13.839266, 0.070092, 7.710155
13.841771, 0.070092, 7.710155
13.844831, 0.070092, 7.710155
13.847646, 0.070092, 7.710155
13.849558, 0.070092, 7.710155
13.851388, 0.070092, 7.710155
13.854601, 0.070092, 7.710155
13.857372, 0.070092, 7.710155
13.859072, 0.070092, 7.710155
13.860697, 0.070092, 7.710155
13.862353, 0.072641, 7.990538
13.864623, 0.072641, 7.990538
13.866350, 0.070092, 7.710155
13.868285, 0.070092, 7.710155
13.869993, 0.072641, 7.990538
13.871772, 0.072641, 7.990538
13.873363, 0.070092, 7.710155
13.874994, 0.070092, 7.710155
13.876563, 0.070092, 7.710155
13.879169, 0.070092, 7.710155
13.881198, 0.070092, 7.710155
13.882877, 0.070092, 7.710155
13.884580, 0.070092, 7.710155
13.886202, 0.070092, 7.710155
13.889135, 0.070092, 7.710155
13.891503, 0.070092, 7.710155
13.894290, 0.070092, 7.710155
13.896907, 0.070092, 7.710155
13.899183, 0.070092, 7.710155
13.901081, 0.072641, 7.990538
13.903002, 0.070092, 7.710155
13.905560, 0.070092, 7.710155
13.908696, 0.070092, 7.710155
13.910572, 0.070092, 7.710155
13.912438, 0.070092, 7.710155
13.914425, 0.070092, 7.710155
13.916191, 0.070092, 7.710155
13.918429, 0.070092, 7.710155
13.920435, 0.070092, 7.710155
13.922170, 0.070092, 7.710155
13.923933, 0.070092, 7.710155
13.925539, 0.070092, 7.710155
13.927955, 0.070092, 7.710155
13.930536, 0.070092, 7.710155
13.932560, 0.070092, 7.710155
13.934347, 0.070092, 7.710155
13.936026, 0.070092, 7.710155
13.937657, 0.070092, 7.710155
13.939298, 0.070092, 7.710155
13.940907, 0.070092, 7.710155
13.943384, 0.072641, 7.990538
13.945060, 0.070092, 7.710155
13.947151, 0.070092, 7.710155
13.949073, 0.070092, 7.710155
13.950796, 0.070092, 7.710155
13.952662, 0.070092, 7.710155
13.954283, 0.070092, 7.710155
13.955979, 0.070092, 7.710155
13.958117, 0.070092, 7.710155
13.959833, 0.070092, 7.710155
13.961506, 0.070092, 7.710155
13.963474, 0.070092, 7.710155
13.965165, 0.070092, 7.710155
13.966875, 0.070092, 7.710155
13.968609, 0.070092, 7.710155
13.970259, 0.070092, 7.710155
13.971849, 0.070092, 7.710155
13.973707, 0.070092, 7.710155
13.975345, 0.072641, 7.990538
13.977015, 0.072641, 7.990538
13.978613, 0.070092, 7.710155
13.980352, 0.070092, 7.710155
13.982043, 0.070092, 7.710155
13.983800, 0.070092, 7.710155
13.985925, 0.070092, 7.710155
13.987631, 0.072641, 7.990538
13.989307, 0.070092, 7.710155
13.990929, 0.070092, 7.710155
13.992530, 0.070092, 7.710155
13.995445, 0.070092, 7.710155
13.997199, 0.070092, 7.710155
13.998834, 0.070092, 7.710155
14.000478, 0.070092, 7.710155
14.002139, 0.072641, 7.990538
14.004179, 0.072641, 7.990538
14.005923, 0.070092, 7.710155
14.007577, 0.070092, 7.710155
14.009219, 0.070092, 7.710155
14.010863, 0.070092, 7.710155
14.012588, 0.070092, 7.710155
14.014421, 0.070092, 7.710155
14.016123, 0.070092, 7.710155
14.017846, 0.070092, 7.710155
14.019447, 0.072641, 7.990538
14.021040, 0.072641, 7.990538
14.023044, 0.070092, 7.710155
14.024724, 0.072641, 7.990538
14.026424, 0.070092, 7.710155
14.028025, 0.070092, 7.710155
14.030536, 0.070092, 7.710155
14.032405, 0.070092, 7.710155
14.035126, 0.070092, 7.710155
14.036912, 0.070092, 7.710155
14.038608, 0.070092, 7.710155
14.040246, 0.070092, 7.710155
14.041903, 0.070092, 7.710155
14.043809, 0.070092, 7.710155
14.045473, 0.070092, 7.710155
14.047510, 0.067543, 7.429772
14.049234, 0.070092, 7.710155
14.050891, 0.070092, 7.710155
14.052595, 0.070092, 7.710155
14.054417, 0.070092, 7.710155
14.056073, 0.070092, 7.710155
14.057768, 0.070092, 7.710155
14.059363, 0.070092, 7.710155
14.060957, 0.070092, 7.710155
14.062534, 0.070092, 7.710155
14.064328, 0.070092, 7.710155
14.065944, 0.070092, 7.710155
14.067666, 0.070092, 7.710155
14.069272, 0.070092, 7.710155
14.070860, 0.070092, 7.710155
14.072439, 0.067543, 7.429772
14.074230, 0.070092, 7.710155
14.075885, 0.070092, 7.710155
14.077636, 0.070092, 7.710155
14.079357, 0.070092, 7.710155
14.081078, 0.070092, 7.710155
14.082708, 0.070092, 7.710155
14.084629, 0.070092, 7.710155
14.086290, 0.070092, 7.710155
14.088024, 0.070092, 7.710155
14.089626, 0.070092, 7.710155
14.091219, 0.070092, 7.710155
14.092794, 0.070092, 7.710155
14.096571, 0.070092, 7.710155
14.098728, 0.070092, 7.710155
14.100441, 0.070092, 7.710155
14.102162, 0.070092, 7.710155
14.104218, 0.070092, 7.710155
14.105995, 0.070092, 7.710155
14.107668, 0.070092, 7.710155
14.109372, 0.070092, 7.710155
14.110962, 0.070092, 7.710155
14.112583, 0.070092, 7.710155
14.114443, 0.070092, 7.710155
14.116259, 0.067543, 7.429772
14.117993, 0.070092, 7.710155
14.119635, 0.070092, 7.710155
14.121259, 0.070092, 7.710155
14.122940, 0.070092, 7.710155
14.124669, 0.070092, 7.710155
14.126280, 0.070092, 7.710155
14.127918, 0.070092, 7.710155
14.129588, 0.070092, 7.710155
14.131328, 0.070092, 7.710155
14.132988, 0.070092, 7.710155
14.134892, 0.070092, 7.710155
14.136580, 0.070092, 7.710155
14.138216, 0.070092, 7.710155
14.139878, 0.070092, 7.710155
14.141559, 0.070092, 7.710155
14.143208, 0.070092, 7.710155
14.145551, 0.070092, 7.710155
14.147647, 0.070092, 7.710155
14.149414, 0.070092, 7.710155
14.151193, 0.072641, 7.990538
14.152850, 0.070092, 7.710155
14.154785, 0.070092, 7.710155
14.156717, 0.070092, 7.710155
14.158541, 0.070092, 7.710155
14.160268, 0.070092, 7.710155
14.161910, 0.070092, 7.710155
14.165799, 0.070092, 7.710155
14.167916, 0.070092, 7.710155
14.169682, 0.070092, 7.710155
14.171374, 0.070092, 7.710155
14.173386, 0.070092, 7.710155
14.175334, 0.070092, 7.710155
14.177034, 0.070092, 7.710155
14.178738, 0.070092, 7.710155
14.180415, 0.070092, 7.710155
14.182124, 0.070092, 7.710155
14.183739, 0.070092, 7.710155
14.185412, 0.070092, 7.710155
14.187062, 0.070092, 7.710155
14.188674, 0.070092, 7.710155
14.190302, 0.070092, 7.710155
14.192131, 0.070092, 7.710155
14.195274, 0.070092, 7.710155
14.198017, 0.070092, 7.710155
14.199738, 0.070092, 7.710155
14.201379, 0.070092, 7.710155
14.203557, 0.070092, 7.710155
14.205301, 0.070092, 7.710155
14.206950, 0.070092, 7.710155
14.208584, 0.070092, 7.710155
14.210252, 0.070092, 7.710155
14.212007, 0.070092, 7.710155
14.215038, 0.072641, 7.990538
14.217089, 0.070092, 7.710155
14.218938, 0.070092, 7.710155
14.220668, 0.070092, 7.710155
14.222528, 0.070092, 7.710155
14.224248, 0.070092, 7.710155
14.226000, 0.070092, 7.710155
14.227664, 0.070092, 7.710155
14.230176, 0.070092, 7.710155
14.232482, 0.070092, 7.710155
14.234221, 0.067543, 7.429772
14.235921, 0.072641, 7.990538
14.237651, 0.070092, 7.710155
14.239278, 0.070092, 7.710155
14.240966, 0.070092, 7.710155
14.243146, 0.070092, 7.710155
14.245363, 0.070092, 7.710155
14.247580, 0.070092, 7.710155
14.249207, 0.070092, 7.710155
14.250862, 0.070092, 7.710155
14.252993, 0.070092, 7.710155
14.255324, 0.070092, 7.710155
14.256958, 0.070092, 7.710155
14.258546, 0.070092, 7.710155
14.260125, 0.070092, 7.710155
14.261773, 0.070092, 7.710155
14.266566, 0.070092, 7.710155
14.268386, 0.070092, 7.710155
14.270122, 0.070092, 7.710155
14.271845, 0.070092, 7.710155
14.273535, 0.070092, 7.710155
14.275231, 0.070092, 7.710155
14.276935, 0.067543, 7.429772
14.278529, 0.070092, 7.710155
14.280172, 0.070092, 7.710155
14.281755, 0.070092, 7.710155
14.284497, 0.070092, 7.710155
14.286564, 0.070092, 7.710155
14.288223, 0.070092, 7.710155
14.289983, 0.070092, 7.710155
14.291585, 0.070092, 7.710155
14.293292, 0.070092, 7.710155
14.294888, 0.070092, 7.710155
14.297512, 0.070092, 7.710155
14.299245, 0.070092, 7.710155
14.300904, 0.067543, 7.429772
14.302496, 0.067543, 7.429772
14.306016, 0.067543, 7.429772
14.308111, 0.070092, 7.710155
14.309831, 0.070092, 7.710155
14.311533, 0.070092, 7.710155
14.313619, 0.070092, 7.710155
14.315945, 0.070092, 7.710155
14.317765, 0.070092, 7.710155
14.319621, 0.067543, 7.429772
14.321289, 0.070092, 7.710155
14.323000, 0.067543, 7.429772
14.324629, 0.067543, 7.429772
14.326285, 0.070092, 7.710155
14.327876, 0.067543, 7.429772
14.329518, 0.067543, 7.429772
14.332194, 0.070092, 7.710155
14.333997, 0.067543, 7.429772
14.335674, 0.070092, 7.710155
14.337322, 0.067543, 7.429772
14.338950, 0.067543, 7.429772
14.340566, 0.070092, 7.710155
14.342170, 0.070092, 7.710155
14.343842, 0.067543, 7.429772
14.345445, 0.070092, 7.710155
14.348161, 0.067543, 7.429772
14.350235, 0.070092, 7.710155
14.352400, 0.070092, 7.710155
14.354148, 0.070092, 7.710155
14.356271, 0.070092, 7.710155
14.358123, 0.070092, 7.710155
14.359804, 0.070092, 7.710155
14.361485, 0.070092, 7.710155
14.363189, 0.070092, 7.710155
14.364967, 0.070092, 7.710155
14.366636, 0.067543, 7.429772
14.369658, 0.067543, 7.429772
14.371381, 0.070092, 7.710155
14.373056, 0.067543, 7.429772
14.374721, 0.070092, 7.710155
14.376302, 0.070092, 7.710155
14.378147, 0.070092, 7.710155
14.379826, 0.070092, 7.710155
14.382614, 0.070092, 7.710155
14.384260, 0.070092, 7.710155
14.385926, 0.070092, 7.710155
14.387783, 0.070092, 7.710155
14.389444, 0.070092, 7.710155
14.391101, 0.070092, 7.710155
14.392671, 0.070092, 7.710155
14.394258, 0.067543, 7.429772
14.396321, 0.067543, 7.429772
14.399501, 0.070092, 7.710155
14.401145, 0.070092, 7.710155
14.402779, 0.067543, 7.429772
14.404454, 0.067543, 7.429772
14.406034, 0.067543, 7.429772
14.407915, 0.067543, 7.429772
14.409590, 0.070092, 7.710155
14.411232, 0.070092, 7.710155
14.412875, 0.067543, 7.429772
14.415291, 0.070092, 7.710155
14.417231, 0.067543, 7.429772
14.420375, 0.070092, 7.710155
14.422249, 0.070092, 7.710155
14.423980, 0.070092, 7.710155
14.425602, 0.067543, 7.429772
14.427859, 0.070092, 7.710155
14.430874, 0.067543, 7.429772
14.432700, 0.070092, 7.710155
14.434508, 0.070092, 7.710155
14.436210, 0.067543, 7.429772
14.438950, 0.070092, 7.710155
14.440747, 0.070092, 7.710155
14.442626, 0.070092, 7.710155
14.444559, 0.067543, 7.429772
14.447678, 0.067543, 7.429772
14.450611, 0.067543, 7.429772
14.452778, 0.070092, 7.710155
14.454887, 0.067543, 7.429772
14.456931, 0.072641, 7.990538
14.459197, 0.070092, 7.710155
14.461053, 0.067543, 7.429772
14.462827, 0.070092, 7.710155
14.464827, 0.067543, 7.429772
14.466601, 0.067543, 7.429772
14.468427, 0.070092, 7.710155
14.470148, 0.067543, 7.429772
14.472254, 0.067543, 7.429772
14.474119, 0.070092, 7.710155
14.475830, 0.067543, 7.429772
14.477634, 0.067543, 7.429772
14.479638, 0.067543, 7.429772
14.481631, 0.070092, 7.710155
14.483508, 0.067543, 7.429772
14.485218, 0.070092, 7.710155
14.486916, 0.070092, 7.710155
14.488596, 0.070092, 7.710155
14.490272, 0.067543, 7.429772
14.492023, 0.070092, 7.710155
14.493865, 0.067543, 7.429772
14.495724, 0.067543, 7.429772
14.498260, 0.067543, 7.429772
14.500082, 0.067543, 7.429772
14.501841, 0.070092, 7.710155
14.503457, 0.070092, 7.710155
14.505071, 0.070092, 7.710155
14.506966, 0.067543, 7.429772
14.508775, 0.067543, 7.429772
14.510452, 0.070092, 7.710155
14.512058, 0.067543, 7.429772
14.514032, 0.070092, 7.710155
14.515804, 0.067543, 7.429772
14.517654, 0.067543, 7.429772
14.519363, 0.070092, 7.710155
14.520993, 0.067543, 7.429772
14.522725, 0.070092, 7.710155
14.524403, 0.070092, 7.710155
14.526057, 0.070092, 7.710155
14.527827, 0.070092, 7.710155
14.529463, 0.067543, 7.429772
14.531170, 0.067543, 7.429772
14.532857, 0.070092, 7.710155
14.534502, 0.067543, 7.429772
14.536098, 0.067543, 7.429772
14.537834, 0.067543, 7.429772
14.539432, 0.067543, 7.429772
14.541021, 0.067543, 7.429772
14.542628, 0.070092, 7.710155
14.544714, 0.067543, 7.429772
14.546471, 0.067543, 7.429772
14.548477, 0.067543, 7.429772
14.550212, 0.067543, 7.429772
14.551918, 0.070092, 7.710155
14.553520, 0.070092, 7.710155
14.555121, 0.067543, 7.429772
14.556710, 0.067543, 7.429772
14.558496, 0.067543, 7.429772
14.560113, 0.067543, 7.429772
14.561697, 0.067543, 7.429772
14.563410, 0.067543, 7.429772
14.565072, 0.067543, 7.429772
14.566738, 0.067543, 7.429772
14.568598, 0.070092, 7.710155
14.570307, 0.067543, 7.429772
14.571959, 0.067543, 7.429772
14.573540, 0.070092, 7.710155
14.575121, 0.067543, 7.429772
14.576698, 0.067543, 7.429772
14.578352, 0.067543, 7.429772
14.579949, 0.067543, 7.429772
14.581544, 0.070092, 7.710155
14.583224, 0.067543, 7.429772
14.584911, 0.067543, 7.429772
14.586488, 0.070092, 7.710155
14.588645, 0.070092, 7.710155
14.590990, 0.067543, 7.429772
14.592576, 0.067543, 7.429772
14.594137, 0.067543, 7.429772
14.595699, 0.067543, 7.429772
14.597323, 0.067543, 7.429772
14.599053, 0.067543, 7.429772
14.600713, 0.067543, 7.429772
14.602402, 0.067543, 7.429772
14.603964, 0.067543, 7.429772
14.605522, 0.070092, 7.710155
14.607064, 0.067543, 7.429772
14.608792, 0.067543, 7.429772
14.610415, 0.067543, 7.429772
14.612128, 0.067543, 7.429772
14.613841, 0.067543, 7.429772
14.615487, 0.070092, 7.710155
14.617161, 0.070092, 7.710155
14.619887, 0.067543, 7.429772
14.621740, 0.067543, 7.429772
14.623444, 0.067543, 7.429772
14.625072, 0.067543, 7.429772
14.626692, 0.067543, 7.429772
14.628761, 0.067543, 7.429772
14.630738, 0.067543, 7.429772
14.632356, 0.067543, 7.429772
14.633936, 0.070092, 7.710155
14.635512, 0.067543, 7.429772
14.637071, 0.067543, 7.429772
14.638713, 0.067543, 7.429772
14.640289, 0.067543, 7.429772
14.641853, 0.067543, 7.429772
14.643463, 0.067543, 7.429772
14.645012, 0.067543, 7.429772
14.646574, 0.067543, 7.429772
14.648296, 0.067543, 7.429772
14.649882, 0.067543, 7.429772
14.651459, 0.067543, 7.429772
14.653013, 0.067543, 7.429772
14.654581, 0.067543, 7.429772
14.656155, 0.070092, 7.710155
14.657787, 0.067543, 7.429772
14.659451, 0.067543, 7.429772
14.661008, 0.067543, 7.429772
14.663519, 0.067543, 7.429772
14.666779, 0.067543, 7.429772
14.669116, 0.067543, 7.429772
14.670945, 0.067543, 7.429772
14.672566, 0.067543, 7.429772
14.674146, 0.067543, 7.429772
14.675697, 0.067543, 7.429772
14.677264, 0.067543, 7.429772
14.679117, 0.067543, 7.429772
14.681887, 0.067543, 7.429772
14.683648, 0.067543, 7.429772
14.685390, 0.067543, 7.429772
14.686971, 0.067543, 7.429772
14.688667, 0.067543, 7.429772
14.690291, 0.067543, 7.429772
14.691902, 0.067543, 7.429772
14.693593, 0.067543, 7.429772
14.695164, 0.067543, 7.429772
14.696770, 0.067543, 7.429772
14.698430, 0.067543, 7.429772
14.700619, 0.067543, 7.429772
14.702284, 0.067543, 7.429772
14.703836, 0.067543, 7.429772
14.705402, 0.067543, 7.429772
14.707013, 0.067543, 7.429772
14.708730, 0.067543, 7.429772
14.710470, 0.067543, 7.429772
14.712105, 0.067543, 7.429772
14.713728, 0.067543, 7.429772
14.715383, 0.067543, 7.429772
14.717555, 0.067543, 7.429772
14.719342, 0.067543, 7.429772
14.720957, 0.067543, 7.429772
14.722611, 0.070092, 7.710155
14.724252, 0.067543, 7.429772
14.725817, 0.067543, 7.429772
14.727378, 0.067543, 7.429772
14.729067, 0.067543, 7.429772
14.730775, 0.067543, 7.429772
14.732450, 0.067543, 7.429772
14.734267, 0.070092, 7.710155
14.735850, 0.067543, 7.429772
14.737418, 0.067543, 7.429772
14.739124, 0.067543, 7.429772
14.740750, 0.067543, 7.429772
14.742432, 0.067543, 7.429772
14.744075, 0.067543, 7.429772
14.745679, 0.067543, 7.429772
14.748463, 0.067543, 7.429772
14.751116, 0.067543, 7.429772
14.752775, 0.067543, 7.429772
14.754429, 0.067543, 7.429772
14.756003, 0.067543, 7.429772
14.757596, 0.067543, 7.429772
14.759288, 0.067543, 7.429772
14.760890, 0.067543, 7.429772
14.762578, 0.067543, 7.429772
14.764370, 0.067543, 7.429772
14.766036, 0.067543, 7.429772
14.767834, 0.067543, 7.429772
14.769792, 0.067543, 7.429772
14.771545, 0.067543, 7.429772
14.773243, 0.067543, 7.429772
14.774846, 0.067543, 7.429772
14.776446, 0.067543, 7.429772
14.778015, 0.067543, 7.429772
14.780216, 0.067543, 7.429772
14.782267, 0.067543, 7.429772
14.783945, 0.067543, 7.429772
14.785821, 0.067543, 7.429772
14.787453, 0.067543, 7.429772
14.790090, 0.067543, 7.429772
14.792115, 0.070092, 7.710155
14.793964, 0.067543, 7.429772
14.795629, 0.067543, 7.429772
14.798395, 0.067543, 7.429772
14.800551, 0.067543, 7.429772
14.802216, 0.067543, 7.429772
14.803990, 0.067543, 7.429772
14.805597, 0.067543, 7.429772
14.807193, 0.067543, 7.429772
14.809163, 0.067543, 7.429772
14.811673, 0.067543, 7.429772
14.813739, 0.067543, 7.429772
14.816481, 0.064994, 7.149389
14.818231, 0.067543, 7.429772
14.820782, 0.067543, 7.429772
14.822494, 0.067543, 7.429772
14.824155, 0.067543, 7.429772
14.825742, 0.067543, 7.429772
14.827338, 0.067543, 7.429772
14.829040, 0.067543, 7.429772
14.831606, 0.067543, 7.429772
14.833503, 0.067543, 7.429772
14.835178, 0.067543, 7.429772
14.836779, 0.067543, 7.429772
14.838376, 0.067543, 7.429772
14.840222, 0.067543, 7.429772
14.841882, 0.067543, 7.429772
14.843592, 0.067543, 7.429772
14.845190, 0.067543, 7.429772
14.846887, 0.067543, 7.429772
14.848546, 0.067543, 7.429772
14.850819, 0.067543, 7.429772
14.852595, 0.067543, 7.429772
14.854333, 0.067543, 7.429772
14.855926, 0.067543, 7.429772
14.857510, 0.067543, 7.429772
14.859123, 0.067543, 7.429772
14.862677, 0.067543, 7.429772
14.864951, 0.067543, 7.429772
14.866878, 0.067543, 7.429772
14.868619, 0.067543, 7.429772
14.870317, 0.067543, 7.429772
14.872043, 0.067543, 7.429772
14.873858, 0.067543, 7.429772
14.875511, 0.067543, 7.429772
14.877115, 0.067543, 7.429772
14.878725, 0.067543, 7.429772
14.880653, 0.067543, 7.429772
14.882336, 0.067543, 7.429772
14.884000, 0.067543, 7.429772
14.885649, 0.067543, 7.429772
14.887310, 0.067543, 7.429772
14.889068, 0.067543, 7.429772
14.890813, 0.067543, 7.429772
14.892441, 0.064994, 7.149389
14.894155, 0.067543, 7.429772
14.895792, 0.064994, 7.149389
14.897468, 0.064994, 7.149389
14.899586, 0.067543, 7.429772
14.901639, 0.067543, 7.429772
14.904213, 0.067543, 7.429772
14.906044, 0.064994, 7.149389
14.907934, 0.067543, 7.429772
14.909669, 0.067543, 7.429772
14.911979, 0.067543, 7.429772
14.917166, 0.067543, 7.429772
14.919715, 0.067543, 7.429772
14.921670, 0.067543, 7.429772
14.923567, 0.067543, 7.429772
14.925410, 0.067543, 7.429772
14.927672, 0.067543, 7.429772
14.930320, 0.067543, 7.429772
14.932504, 0.067543, 7.429772
14.934259, 0.067543, 7.429772
14.935954, 0.067543, 7.429772
14.937596, 0.067543, 7.429772
14.939222, 0.067543, 7.429772
14.940827, 0.067543, 7.429772
14.942992, 0.067543, 7.429772
14.944692, 0.067543, 7.429772
14.946870, 0.067543, 7.429772
14.949394, 0.067543, 7.429772
14.951104, 0.067543, 7.429772
14.952739, 0.067543, 7.429772
14.954341, 0.064994, 7.149389
14.955948, 0.064994, 7.149389
14.957966, 0.064994, 7.149389
14.959828, 0.064994, 7.149389
14.961565, 0.064994, 7.149389
14.964582, 0.064994, 7.149389
14.966457, 0.064994, 7.149389
14.968326, 0.067543, 7.429772
14.970005, 0.067543, 7.429772
14.971587, 0.067543, 7.429772
14.973433, 0.067543, 7.429772
14.975117, 0.067543, 7.429772
14.976813, 0.067543, 7.429772
14.978412, 0.067543, 7.429772
14.980105, 0.067543, 7.429772
14.982940, 0.064994, 7.149389
14.985334, 0.064994, 7.149389
14.987314, 0.064994, 7.149389
14.989064, 0.067543, 7.429772
14.990746, 0.067543, 7.429772
14.992376, 0.067543, 7.429772
14.993983, 0.067543, 7.429772
14.995653, 0.067543, 7.429772
14.998481, 0.067543, 7.429772
15.000297, 0.067543, 7.429772
15.001955, 0.067543, 7.429772
15.003650, 0.067543, 7.429772
15.005270, 0.067543, 7.429772
15.006883, 0.067543, 7.429772
15.008481, 0.064994, 7.149389
15.010075, 0.064994, 7.149389
15.011678, 0.064994, 7.149389
15.013511, 0.064994, 7.149389
15.016409, 0.067543, 7.429772
15.018103, 0.067543, 7.429772
15.019721, 0.067543, 7.429772
15.021325, 0.067543, 7.429772
15.022911, 0.067543, 7.429772
15.024506, 0.067543, 7.429772
15.026091, 0.067543, 7.429772
15.027695, 0.067543, 7.429772
15.029460, 0.067543, 7.429772
15.032440, 0.064994, 7.149389
15.034192, 0.064994, 7.149389
15.035836, 0.064994, 7.149389
15.037408, 0.064994, 7.149389
15.038992, 0.064994, 7.149389
15.040574, 0.064994, 7.149389
15.042622, 0.064994, 7.149389
15.044287, 0.064994, 7.149389
15.046041, 0.064994, 7.149389
15.047938, 0.064994, 7.149389
15.049760, 0.064994, 7.149389
15.051566, 0.064994, 7.149389
15.053184, 0.064994, 7.149389
15.054759, 0.064994, 7.149389
15.056353, 0.064994, 7.149389
15.057940, 0.067543, 7.429772
15.059528, 0.067543, 7.429772
15.061171, 0.067543, 7.429772
15.062914, 0.067543, 7.429772
15.065011, 0.067543, 7.429772
15.066800, 0.067543, 7.429772
15.068469, 0.064994, 7.149389
15.070061, 0.067543, 7.429772
15.072679, 0.064994, 7.149389
15.075813, 0.067543, 7.429772
15.077472, 0.067543, 7.429772
15.079133, 0.064994, 7.149389
15.080791, 0.067543, 7.429772
15.082476, 0.067543, 7.429772
15.084155, 0.067543, 7.429772
15.085812, 0.067543, 7.429772
15.087424, 0.064994, 7.149389
15.089508, 0.067543, 7.429772
15.091105, 0.064994, 7.149389
15.092902, 0.067543, 7.429772
15.094627, 0.064994, 7.149389
15.096345, 0.067543, 7.429772
15.098032, 0.067543, 7.429772
15.099722, 0.064994, 7.149389
15.101388, 0.064994, 7.149389
15.105123, 0.064994, 7.149389
15.107434, 0.067543, 7.429772
15.109278, 0.067543, 7.429772
15.111028, 0.064994, 7.149389
15.113751, 0.067543, 7.429772
15.115908, 0.067543, 7.429772
15.117740, 0.067543, 7.429772
15.119477, 0.067543, 7.429772
15.121079, 0.064994, 7.149389
15.122837, 0.064994, 7.149389
15.124540, 0.064994, 7.149389
15.126208, 0.064994, 7.149389
15.127876, 0.067543, 7.429772
15.129535, 0.067543, 7.429772
15.131244, 0.064994, 7.149389
15.133035, 0.064994, 7.149389
15.134815, 0.067543, 7.429772
15.136559, 0.067543, 7.429772
15.138155, 0.067543, 7.429772
15.139731, 0.067543, 7.429772
15.141314, 0.067543, 7.429772
15.142978, 0.067543, 7.429772
15.144614, 0.067543, 7.429772
15.146408, 0.064994, 7.149389
15.148068, 0.064994, 7.149389
15.149753, 0.067543, 7.429772
15.151479, 0.067543, 7.429772
15.153265, 0.067543, 7.429772
15.155501, 0.067543, 7.429772
15.157588, 0.067543, 7.429772
15.159735, 0.067543, 7.429772
15.161856, 0.064994, 7.149389
15.164019, 0.064994, 7.149389
15.165811, 0.064994, 7.149389
15.167641, 0.064994, 7.149389
15.169351, 0.064994, 7.149389
15.171048, 0.064994, 7.149389
15.172865, 0.064994, 7.149389
15.175010, 0.064994, 7.149389
15.176789, 0.064994, 7.149389
15.178596, 0.064994, 7.149389
15.180360, 0.064994, 7.149389
15.182022, 0.067543, 7.429772
15.183924, 0.064994, 7.149389
15.185719, 0.067543, 7.429772
15.187315, 0.064994, 7.149389
15.188910, 0.064994, 7.149389
15.190501, 0.064994, 7.149389
15.192081, 0.064994, 7.149389
15.193649, 0.064994, 7.149389
15.195411, 0.067543, 7.429772
15.197251, 0.067543, 7.429772
15.199098, 0.067543, 7.429772
15.200909, 0.067543, 7.429772
15.202639, 0.067543, 7.429772
15.204580, 0.064994, 7.149389
15.206281, 0.064994, 7.149389
15.208085, 0.064994, 7.149389
15.209668, 0.064994, 7.149389
15.211263, 0.064994, 7.149389
15.213004, 0.064994, 7.149389
15.214861, 0.067543, 7.429772
15.216545, 0.067543, 7.429772
15.218223, 0.064994, 7.149389
15.219866, 0.064994, 7.149389
15.221502, 0.067543, 7.429772
15.223246, 0.064994, 7.149389
15.225167, 0.064994, 7.149389
15.226835, 0.064994, 7.149389
15.228666, 0.064994, 7.149389
15.230328, 0.064994, 7.149389
15.231960, 0.067543, 7.429772
15.233750, 0.067543, 7.429772
15.235600, 0.064994, 7.149389
15.237972, 0.064994, 7.149389
15.240345, 0.064994, 7.149389
15.242521, 0.064994, 7.149389
15.244636, 0.064994, 7.149389
15.246804, 0.064994, 7.149389
15.248892, 0.064994, 7.149389
15.251565, 0.067543, 7.429772
15.254156, 0.064994, 7.149389
15.256305, 0.064994, 7.149389
15.257956, 0.064994, 7.149389
15.259543, 0.067543, 7.429772
15.261129, 0.064994, 7.149389
15.262734, 0.064994, 7.149389
15.264371, 0.064994, 7.149389
15.266141, 0.064994, 7.149389
15.267965, 0.067543, 7.429772
15.269722, 0.067543, 7.429772
15.271340, 0.067543, 7.429772
15.273406, 0.064994, 7.149389
15.275014, 0.067543, 7.429772
15.277857, 0.064994, 7.149389
15.279670, 0.067543, 7.429772
15.281485, 0.067543, 7.429772
15.283205, 0.064994, 7.149389
15.285002, 0.064994, 7.149389
15.286647, 0.067543, 7.429772
15.288284, 0.067543, 7.429772
15.289992, 0.064994, 7.149389
15.291718, 0.064994, 7.149389
15.293298, 0.064994, 7.149389
15.294886, 0.064994, 7.149389
15.296497, 0.064994, 7.149389
15.298341, 0.067543, 7.429772
15.300070, 0.064994, 7.149389
15.301853, 0.067543, 7.429772
15.303436, 0.064994, 7.149389
15.305017, 0.064994, 7.149389
15.306603, 0.067543, 7.429772
15.308288, 0.067543, 7.429772
15.309961, 0.064994, 7.149389
15.311691, 0.064994, 7.149389
15.313286, 0.064994, 7.149389
15.314947, 0.064994, 7.149389
15.316709, 0.067543, 7.429772
15.318367, 0.067543, 7.429772
15.320065, 0.064994, 7.149389
15.321838, 0.064994, 7.149389
15.323418, 0.064994, 7.149389
15.325079, 0.064994, 7.149389
15.326664, 0.064994, 7.149389
15.329951, 0.064994, 7.149389
15.331920, 0.064994, 7.149389
15.333596, 0.067543, 7.429772
15.335222, 0.067543, 7.429772
15.336813, 0.064994, 7.149389
15.338513, 0.067543, 7.429772
15.340160, 0.064994, 7.149389
15.341853, 0.064994, 7.149389
15.343448, 0.064994, 7.149389
15.345025, 0.064994, 7.149389
15.346612, 0.064994, 7.149389
15.348376, 0.067543, 7.429772
15.350022, 0.067543, 7.429772
15.351731, 0.067543, 7.429772
15.353416, 0.064994, 7.149389
15.355014, 0.064994, 7.149389
15.356588, 0.067543, 7.429772
15.358294, 0.067543, 7.429772
15.359948, 0.067543, 7.429772
15.361662, 0.064994, 7.149389
15.363316, 0.064994, 7.149389
15.364994, 0.067543, 7.429772
15.366686, 0.067543, 7.429772
15.368509, 0.064994, 7.149389
15.370205, 0.067543, 7.429772
15.371886, 0.067543, 7.429772
15.373630, 0.064994, 7.149389
15.375227, 0.064994, 7.149389
15.376788, 0.064994, 7.149389
15.378366, 0.064994, 7.149389
15.381334, 0.067543, 7.429772
15.383057, 0.067543, 7.429772
15.384749, 0.064994, 7.149389
15.386339, 0.064994, 7.149389
15.387915, 0.067543, 7.429772
15.389544, 0.064994, 7.149389
15.391281, 0.067543, 7.429772
15.393002, 0.067543, 7.429772
15.394586, 0.064994, 7.149389
15.396178, 0.064994, 7.149389
15.397854, 0.067543, 7.429772
15.399754, 0.064994, 7.149389
15.401579, 0.067543, 7.429772
15.403352, 0.067543, 7.429772
15.404952, 0.067543, 7.429772
15.406543, 0.064994, 7.149389
15.408102, 0.067543, 7.429772
15.409747, 0.067543, 7.429772
15.411372, 0.064994, 7.149389
15.413031, 0.064994, 7.149389
15.414822, 0.067543, 7.429772
15.416530, 0.067543, 7.429772
15.418277, 0.067543, 7.429772
15.419942, 0.064994, 7.149389
15.421665, 0.064994, 7.149389
15.423436, 0.067543, 7.429772
15.425163, 0.067543, 7.429772
15.426755, 0.064994, 7.149389
15.428348, 0.064994, 7.149389
15.430988, 0.064994, 7.149389
15.433162, 0.064994, 7.149389
15.434891, 0.064994, 7.149389
15.436503, 0.064994, 7.149389
15.438215, 0.067543, 7.429772
15.440624, 0.064994, 7.149389
15.442681, 0.067543, 7.429772
15.444268, 0.067543, 7.429772
15.445929, 0.067543, 7.429772
15.448204, 0.067543, 7.429772
15.450669, 0.064994, 7.149389
15.453209, 0.067543, 7.429772
15.454971, 0.064994, 7.149389
15.456580, 0.064994, 7.149389
15.458174, 0.064994, 7.149389
15.459755, 0.064994, 7.149389
15.461665, 0.064994, 7.149389
15.463377, 0.064994, 7.149389
15.465157, 0.064994, 7.149389
15.466935, 0.064994, 7.149389
15.468691, 0.064994, 7.149389
15.470296, 0.064994, 7.149389
15.473135, 0.067543, 7.429772
15.474762, 0.067543, 7.429772
15.476358, 0.064994, 7.149389
15.477972, 0.067543, 7.429772
15.479617, 0.064994, 7.149389
15.483033, 0.064994, 7.149389
15.484726, 0.067543, 7.429772
15.486429, 0.067543, 7.429772
15.488013, 0.067543, 7.429772
15.489604, 0.067543, 7.429772
15.491332, 0.064994, 7.149389
15.492969, 0.064994, 7.149389
15.494625, 0.067543, 7.429772
15.496392, 0.064994, 7.149389
15.498653, 0.067543, 7.429772
15.500378, 0.064994, 7.149389
15.503171, 0.064994, 7.149389
15.504762, 0.064994, 7.149389
15.506338, 0.064994, 7.149389
15.507921, 0.064994, 7.149389
15.509512, 0.064994, 7.149389
15.511568, 0.064994, 7.149389
15.515131, 0.064994, 7.149389
15.517115, 0.067543, 7.429772
15.518932, 0.064994, 7.149389
15.520745, 0.067543, 7.429772
15.522514, 0.064994, 7.149389
15.524147, 0.064994, 7.149389
15.525750, 0.064994, 7.149389
15.527422, 0.064994, 7.149389
15.529095, 0.064994, 7.149389
15.532214, 0.067543, 7.429772
15.534273, 0.064994, 7.149389
15.535912, 0.064994, 7.149389
15.537569, 0.064994, 7.149389
15.539264, 0.064994, 7.149389
15.540954, 0.064994, 7.149389
15.542682, 0.064994, 7.149389
15.544426, 0.067543, 7.429772
15.546161, 0.067543, 7.429772
15.548884, 0.064994, 7.149389
15.550574, 0.064994, 7.149389
15.552309, 0.067543, 7.429772
15.553903, 0.064994, 7.149389
15.555500, 0.064994, 7.149389
15.557122, 0.067543, 7.429772
15.560354, 0.064994, 7.149389
15.562097, 0.064994, 7.149389
15.563948, 0.064994, 7.149389
15.565679, 0.067543, 7.429772
15.567428, 0.064994, 7.149389
15.569029, 0.064994, 7.149389
15.570625, 0.064994, 7.149389
15.572204, 0.064994, 7.149389
15.574068, 0.064994, 7.149389
15.575693, 0.064994, 7.149389
15.577383, 0.064994, 7.149389
15.579052, 0.064994, 7.149389
15.580732, 0.064994, 7.149389
15.582448, 0.064994, 7.149389
15.585424, 0.064994, 7.149389
15.587060, 0.064994, 7.149389
15.588780, 0.064994, 7.149389
15.590354, 0.067543, 7.429772
15.591936, 0.064994, 7.149389
15.594157, 0.067543, 7.429772
15.596492, 0.064994, 7.149389
15.598141, 0.064994, 7.149389
15.599808, 0.067543, 7.429772
15.601507, 0.064994, 7.149389
15.603086, 0.064994, 7.149389
15.604941, 0.067543, 7.429772
15.606689, 0.064994, 7.149389
15.608361, 0.064994, 7.149389
15.609946, 0.064994, 7.149389
15.611523, 0.067543, 7.429772
15.613172, 0.064994, 7.149389
15.616426, 0.067543, 7.429772
15.618334, 0.064994, 7.149389
15.619996, 0.067543, 7.429772
15.621556, 0.067543, 7.429772
15.623131, 0.067543, 7.429772
15.625065, 0.064994, 7.149389
15.628266, 0.064994, 7.149389
15.630376, 0.064994, 7.149389
15.632130, 0.067543, 7.429772
15.633868, 0.064994, 7.149389
15.637333, 0.064994, 7.149389
15.639076, 0.067543, 7.429772
15.640754, 0.067543, 7.429772
15.642625, 0.067543, 7.429772
15.644536, 0.064994, 7.149389
15.646389, 0.064994, 7.149389
15.648154, 0.064994, 7.149389
15.649751, 0.064994, 7.149389
15.651345, 0.064994, 7.149389
15.652947, 0.064994, 7.149389
15.654617, 0.064994, 7.149389
15.656343, 0.064994, 7.149389
15.657951, 0.064994, 7.149389
15.659563, 0.067543, 7.429772
15.661153, 0.064994, 7.149389
15.662809, 0.064994, 7.149389
15.664460, 0.064994, 7.149389
15.666182, 0.064994, 7.149389
15.668504, 0.064994, 7.149389
15.670475, 0.064994, 7.149389
15.672308, 0.064994, 7.149389
15.673967, 0.064994, 7.149389
15.675838, 0.064994, 7.149389
15.677572, 0.064994, 7.149389
15.679392, 0.064994, 7.149389
15.681056, 0.067543, 7.429772
15.682776, 0.064994, 7.149389
15.684475, 0.067543, 7.429772
15.686146, 0.067543, 7.429772
15.687765, 0.064994, 7.149389
15.689360, 0.064994, 7.149389
15.690940, 0.064994, 7.149389
15.692524, 0.067543, 7.429772
15.694111, 0.067543, 7.429772
15.695996, 0.064994, 7.149389
15.697972, 0.067543, 7.429772
15.699695, 0.064994, 7.149389
15.701422, 0.064994, 7.149389
15.703029, 0.064994, 7.149389
15.704629, 0.067543, 7.429772
15.707049, 0.067543, 7.429772
15.709188, 0.064994, 7.149389
15.710894, 0.064994, 7.149389
15.712565, 0.064994, 7.149389
15.714259, 0.064994, 7.149389
15.716095, 0.064994, 7.149389
15.718102, 0.064994, 7.149389
15.719848, 0.064994, 7.149389
15.721585, 0.064994, 7.149389
15.723204, 0.064994, 7.149389
15.724805, 0.064994, 7.149389
15.726498, 0.064994, 7.149389
15.728159, 0.064994, 7.149389
15.729862, 0.064994, 7.149389
15.731651, 0.064994, 7.149389
15.733401, 0.064994, 7.149389
15.735081, 0.064994, 7.149389
15.736685, 0.064994, 7.149389
15.738328, 0.064994, 7.149389
15.739914, 0.064994, 7.149389
15.741483, 0.064994, 7.149389
15.743071, 0.064994, 7.149389
15.744661, 0.064994, 7.149389
15.746293, 0.064994, 7.149389
15.748098, 0.067543, 7.429772
15.749809, 0.064994, 7.149389
15.751545, 0.067543, 7.429772
15.753134, 0.067543, 7.429772
15.754724, 0.067543, 7.429772
15.756301, 0.064994, 7.149389
15.758057, 0.067543, 7.429772
15.759671, 0.067543, 7.429772
15.761284, 0.064994, 7.149389
15.762991, 0.064994, 7.149389
15.764783, 0.067543, 7.429772
15.766500, 0.067543, 7.429772
15.768359, 0.067543, 7.429772
15.770036, 0.067543, 7.429772
15.771769, 0.067543, 7.429772
15.773358, 0.064994, 7.149389
15.774937, 0.067543, 7.429772
15.776510, 0.064994, 7.149389
15.778159, 0.067543, 7.429772
15.779902, 0.064994, 7.149389
15.781697, 0.067543, 7.429772
15.783422, 0.064994, 7.149389
15.785092, 0.064994, 7.149389
15.786680, 0.067543, 7.429772
15.788499, 0.064994, 7.149389
15.790121, 0.064994, 7.149389
15.791885, 0.064994, 7.149389
15.793488, 0.064994, 7.149389
15.795065, 0.064994, 7.149389
15.796807, 0.064994, 7.149389
15.798787, 0.064994, 7.149389
15.800430, 0.064994, 7.149389
15.802237, 0.064994, 7.149389
15.803885, 0.064994, 7.149389
15.805458, 0.064994, 7.149389
15.807057, 0.064994, 7.149389
15.809307, 0.064994, 7.149389
15.811047, 0.067543, 7.429772
15.812855, 0.067543, 7.429772
15.814520, 0.064994, 7.149389
15.816262, 0.064994, 7.149389
15.818091, 0.064994, 7.149389
15.819729, 0.064994, 7.149389
15.821316, 0.067543, 7.429772
15.822906, 0.067543, 7.429772
15.824485, 0.064994, 7.149389
15.826058, 0.067543, 7.429772
15.827616, 0.067543, 7.429772
15.829946, 0.067543, 7.429772
15.832310, 0.064994, 7.149389
15.834029, 0.064994, 7.149389
15.835699, 0.064994, 7.149389
15.837287, 0.064994, 7.149389
15.838855, 0.064994, 7.149389
15.841825, 0.067543, 7.429772
15.843393, 0.067543, 7.429772
15.844955, 0.064994, 7.149389
15.846681, 0.067543, 7.429772
15.848357, 0.064994, 7.149389
15.850213, 0.064994, 7.149389
15.851945, 0.064994, 7.149389
15.853631, 0.064994, 7.149389
15.855204, 0.064994, 7.149389
15.856779, 0.064994, 7.149389
15.858339, 0.064994, 7.149389
15.860112, 0.064994, 7.149389
15.861944, 0.064994, 7.149389
15.863803, 0.064994, 7.149389
15.865540, 0.064994, 7.149389
15.867363, 0.064994, 7.149389
15.868949, 0.064994, 7.149389
15.870679, 0.064994, 7.149389
15.872369, 0.067543, 7.429772
15.874089, 0.064994, 7.149389
15.875679, 0.064994, 7.149389
15.877256, 0.064994, 7.149389
15.878875, 0.064994, 7.149389
15.881277, 0.064994, 7.149389
15.883074, 0.064994, 7.149389
15.884810, 0.064994, 7.149389
15.886372, 0.064994, 7.149389
15.887935, 0.064994, 7.149389
15.889498, 0.064994, 7.149389
15.892547, 0.064994, 7.149389
15.894140, 0.064994, 7.149389
15.895744, 0.064994, 7.149389
15.897459, 0.064994, 7.149389
15.899161, 0.064994, 7.149389
15.900965, 0.064994, 7.149389
15.902644, 0.064994, 7.149389
15.904310, 0.067543, 7.429772
15.906054, 0.064994, 7.149389
15.907620, 0.064994, 7.149389
15.909203, 0.064994, 7.149389
15.910774, 0.067543, 7.429772
15.912724, 0.064994, 7.149389
15.914458, 0.064994, 7.149389
15.916192, 0.064994, 7.149389
15.917936, 0.064994, 7.149389
15.919537, 0.064994, 7.149389
15.921190, 0.064994, 7.149389
15.924405, 0.064994, 7.149389
15.926483, 0.064994, 7.149389
15.928074, 0.064994, 7.149389
15.929754, 0.064994, 7.149389
15.931397, 0.064994, 7.149389
15.933332, 0.064994, 7.149389
15.935319, 0.064994, 7.149389
15.937388, 0.064994, 7.149389
15.939504, 0.064994, 7.149389
15.941122, 0.064994, 7.149389
15.942981, 0.064994, 7.149389
15.944627, 0.064994, 7.149389
15.946279, 0.064994, 7.149389
15.947919, 0.067543, 7.429772
15.949637, 0.064994, 7.149389
15.951409, 0.064994, 7.149389
15.953123, 0.064994, 7.149389
15.954740, 0.064994, 7.149389
15.956311, 0.064994, 7.149389
15.957905, 0.064994, 7.149389
15.959615, 0.067543, 7.429772
15.961314, 0.067543, 7.429772
15.963402, 0.064994, 7.149389
15.965271, 0.064994, 7.149389
15.967128, 0.064994, 7.149389
15.968946, 0.064994, 7.149389
15.970554, 0.064994, 7.149389
15.972134, 0.067543, 7.429772
15.973816, 0.067543, 7.429772
15.975517, 0.064994, 7.149389
15.977270, 0.067543, 7.429772
15.978877, 0.064994, 7.149389
15.980553, 0.067543, 7.429772
15.982219, 0.064994, 7.149389
15.984078, 0.067543, 7.429772
15.986190, 0.067543, 7.429772
15.987993, 0.064994, 7.149389
15.989586, 0.064994, 7.149389
15.991169, 0.064994, 7.149389
15.992745, 0.064994, 7.149389
15.994464, 0.064994, 7.149389
15.996191, 0.064994, 7.149389
15.998036, 0.064994, 7.149389
15.999762, 0.064994, 7.149389
16.001543, 0.064994, 7.149389
16.003135, 0.067543, 7.429772
16.004841, 0.064994, 7.149389
16.006549, 0.064994, 7.149389
16.008315, 0.064994, 7.149389
16.009879, 0.064994, 7.149389
16.011454, 0.064994, 7.149389
16.013071, 0.064994, 7.149389
16.014891, 0.064994, 7.149389
16.016715, 0.067543, 7.429772
16.018476, 0.064994, 7.149389
16.020052, 0.064994, 7.149389
16.021637, 0.064994, 7.149389
16.023215, 0.067543, 7.429772
16.024953, 0.064994, 7.149389
16.026594, 0.064994, 7.149389
16.028382, 0.064994, 7.149389
16.029996, 0.067543, 7.429772
16.031627, 0.064994, 7.149389
16.033323, 0.064994, 7.149389
16.035327, 0.064994, 7.149389
16.037207, 0.064994, 7.149389
16.039124, 0.064994, 7.149389
16.040806, 0.064994, 7.149389
16.042462, 0.064994, 7.149389
16.044124, 0.064994, 7.149389
16.047590, 0.064994, 7.149389
16.050270, 0.064994, 7.149389
16.052046, 0.067543, 7.429772
16.053915, 0.067543, 7.429772
16.055502, 0.064994, 7.149389
16.057060, 0.064994, 7.149389
16.058619, 0.067543, 7.429772
16.060193, 0.064994, 7.149389
16.061988, 0.064994, 7.149389
16.063696, 0.064994, 7.149389
16.065443, 0.064994, 7.149389
16.067233, 0.064994, 7.149389
16.068934, 0.064994, 7.149389
16.070504, 0.064994, 7.149389
16.072072, 0.064994, 7.149389
16.073627, 0.064994, 7.149389
16.075166, 0.064994, 7.149389
16.077006, 0.064994, 7.149389
16.078783, 0.064994, 7.149389
16.080628, 0.064994, 7.149389
16.082233, 0.064994, 7.149389
16.084049, 0.064994, 7.149389
16.085643, 0.064994, 7.149389
16.087184, 0.064994, 7.149389
16.088756, 0.064994, 7.149389
16.090337, 0.064994, 7.149389
16.091966, 0.064994, 7.149389
16.093654, 0.067543, 7.429772
16.095351, 0.064994, 7.149389
16.097062, 0.064994, 7.149389
16.098650, 0.064994, 7.149389
16.100369, 0.064994, 7.149389
16.102053, 0.064994, 7.149389
16.103608, 0.064994, 7.149389
16.105139, 0.064994, 7.149389
16.106859, 0.064994, 7.149389
16.109019, 0.064994, 7.149389
16.112012, 0.064994, 7.149389
16.113817, 0.067543, 7.429772
16.115665, 0.064994, 7.149389
16.118281, 0.064994, 7.149389
16.121296, 0.064994, 7.149389
16.123019, 0.064994, 7.149389
16.124727, 0.064994, 7.149389
16.126302, 0.064994, 7.149389
16.127857, 0.064994, 7.149389
16.129465, 0.064994, 7.149389
16.131324, 0.064994, 7.149389
16.132957, 0.064994, 7.149389
16.134601, 0.064994, 7.149389
16.136287, 0.064994, 7.149389
16.137860, 0.064994, 7.149389
16.139425, 0.064994, 7.149389
16.140988, 0.064994, 7.149389
16.142546, 0.064994, 7.149389
16.144155, 0.064994, 7.149389
16.145793, 0.064994, 7.149389
16.147486, 0.064994, 7.149389
16.149088, 0.064994, 7.149389
16.150801, 0.064994, 7.149389
16.152399, 0.064994, 7.149389
16.153944, 0.064994, 7.149389
16.155502, 0.064994, 7.149389
16.157058, 0.064994, 7.149389
16.158628, 0.064994, 7.149389
16.160714, 0.064994, 7.149389
16.162415, 0.064994, 7.149389
16.164008, 0.064994, 7.149389
16.165579, 0.064994, 7.149389
16.167299, 0.064994, 7.149389
16.168979, 0.064994, 7.149389
16.170538, 0.064994, 7.149389
16.172079, 0.064994, 7.149389
16.173961, 0.064994, 7.149389
16.175602, 0.064994, 7.149389
16.177347, 0.064994, 7.149389
16.178967, 0.064994, 7.149389
16.180611, 0.064994, 7.149389
16.182303, 0.064994, 7.149389
16.184112, 0.064994, 7.149389
16.185923, 0.064994, 7.149389
16.187549, 0.064994, 7.149389
16.189151, 0.064994, 7.149389
16.190752, 0.064994, 7.149389
16.192359, 0.064994, 7.149389
16.193957, 0.064994, 7.149389
16.195656, 0.064994, 7.149389
16.197302, 0.067543, 7.429772
16.198913, 0.064994, 7.149389
16.200510, 0.064994, 7.149389
16.202281, 0.064994, 7.149389
16.203888, 0.064994, 7.149389
16.205549, 0.067543, 7.429772
16.207136, 0.064994, 7.149389
16.208724, 0.064994, 7.149389
16.210300, 0.064994, 7.149389
16.211882, 0.064994, 7.149389
16.213458, 0.064994, 7.149389
16.215065, 0.064994, 7.149389
16.216703, 0.064994, 7.149389
16.218287, 0.064994, 7.149389
16.219950, 0.064994, 7.149389
16.221528, 0.064994, 7.149389
16.223082, 0.064994, 7.149389
16.224654, 0.064994, 7.149389
16.226307, 0.064994, 7.149389
16.227890, 0.064994, 7.149389
16.229506, 0.064994, 7.149389
16.231161, 0.064994, 7.149389
16.232817, 0.064994, 7.149389
16.234393, 0.067543, 7.429772
16.236041, 0.064994, 7.149389
16.237690, 0.064994, 7.149389
16.239348, 0.064994, 7.149389
16.241250, 0.064994, 7.149389
16.244096, 0.064994, 7.149389
16.248172, 0.064994, 7.149389
16.251450, 0.064994, 7.149389
16.253469, 0.064994, 7.149389
16.255262, 0.064994, 7.149389
16.257032, 0.064994, 7.149389
16.258667, 0.064994, 7.149389
16.260291, 0.064994, 7.149389
16.262024, 0.064994, 7.149389
16.263760, 0.064994, 7.149389
16.266160, 0.064994, 7.149389
16.267919, 0.064994, 7.149389
16.269544, 0.064994, 7.149389
16.271162, 0.064994, 7.149389
16.272795, 0.064994, 7.149389
16.274429, 0.064994, 7.149389
16.276051, 0.064994, 7.149389
16.277698, 0.064994, 7.149389
16.279319, 0.067543, 7.429772
16.281006, 0.064994, 7.149389
16.282673, 0.064994, 7.149389
16.284328, 0.064994, 7.149389
16.286120, 0.064994, 7.149389
16.287791, 0.067543, 7.429772
16.289487, 0.064994, 7.149389
16.291085, 0.064994, 7.149389
16.293189, 0.064994, 7.149389
16.295231, 0.064994, 7.149389
16.296921, 0.064994, 7.149389
16.298596, 0.064994, 7.149389
16.300207, 0.064994, 7.149389
16.301850, 0.064994, 7.149389
16.303412, 0.064994, 7.149389
16.304985, 0.064994, 7.149389
16.306558, 0.064994, 7.149389
16.308414, 0.064994, 7.149389
16.310482, 0.064994, 7.149389
16.312108, 0.064994, 7.149389
16.313796, 0.064994, 7.149389
16.315411, 0.064994, 7.149389
16.317046, 0.064994, 7.149389
16.318634, 0.064994, 7.149389
16.320221, 0.064994, 7.149389
16.321806, 0.067543, 7.429772
16.323475, 0.064994, 7.149389
16.325056, 0.064994, 7.149389
16.326640, 0.064994, 7.149389
16.328220, 0.064994, 7.149389
16.329847, 0.064994, 7.149389
16.331519, 0.064994, 7.149389
16.333691, 0.064994, 7.149389
16.335347, 0.064994, 7.149389
16.337033, 0.064994, 7.149389
16.338617, 0.064994, 7.149389
16.340207, 0.064994, 7.149389
16.341783, 0.064994, 7.149389
16.343340, 0.064994, 7.149389
16.344991, 0.064994, 7.149389
16.346634, 0.064994, 7.149389
16.348349, 0.064994, 7.149389
16.349987, 0.064994, 7.149389
16.351685, 0.064994, 7.149389
16.353259, 0.064994, 7.149389
16.356295, 0.064994, 7.149389
16.357908, 0.064994, 7.149389
16.359495, 0.064994, 7.149389
16.361078, 0.064994, 7.149389
16.362704, 0.064994, 7.149389
16.365508, 0.064994, 7.149389
16.367525, 0.064994, 7.149389
16.369197, 0.067543, 7.429772
16.370790, 0.064994, 7.149389
16.372381, 0.064994, 7.149389
16.373966, 0.064994, 7.149389
16.376903, 0.064994, 7.149389
16.378512, 0.064994, 7.149389
16.380267, 0.064994, 7.149389
16.381869, 0.064994, 7.149389
16.383558, 0.064994, 7.149389
16.385662, 0.064994, 7.149389
16.388020, 0.064994, 7.149389
16.389609, 0.064994, 7.149389
16.391182, 0.064994, 7.149389
16.392735, 0.064994, 7.149389
16.394308, 0.064994, 7.149389
16.396162, 0.064994, 7.149389
16.399280, 0.064994, 7.149389
16.400984, 0.064994, 7.149389
16.402587, 0.064994, 7.149389
16.404148, 0.064994, 7.149389
16.406909, 0.064994, 7.149389
16.408964, 0.064994, 7.149389
16.410545, 0.064994, 7.149389
16.412176, 0.064994, 7.149389
16.413882, 0.064994, 7.149389
16.415702, 0.064994, 7.149389
16.419044, 0.064994, 7.149389
16.420963, 0.064994, 7.149389
16.422629, 0.064994, 7.149389
16.424207, 0.064994, 7.149389
16.426480, 0.064994, 7.149389
16.428856, 0.064994, 7.149389
16.430700, 0.064994, 7.149389
16.432764, 0.064994, 7.149389
16.434328, 0.064994, 7.149389
16.435992, 0.064994, 7.149389
16.437652, 0.064994, 7.149389
16.439336, 0.064994, 7.149389
16.440941, 0.064994, 7.149389
16.442526, 0.064994, 7.149389
16.444120, 0.064994, 7.149389
16.445728, 0.064994, 7.149389
16.448928, 0.064994, 7.149389
16.450647, 0.064994, 7.149389
16.452288, 0.064994, 7.149389
16.453877, 0.064994, 7.149389
16.455472, 0.064994, 7.149389
16.457803, 0.064994, 7.149389
16.459514, 0.064994, 7.149389
16.461119, 0.064994, 7.149389
16.462930, 0.064994, 7.149389
16.465765, 0.064994, 7.149389
16.468598, 0.064994, 7.149389
16.472787, 0.064994, 7.149389
16.476492, 0.064994, 7.149389
16.478898, 0.064994, 7.149389
16.481763, 0.064994, 7.149389
16.483785, 0.064994, 7.149389
16.485647, 0.064994, 7.149389
16.487896, 0.064994, 7.149389
16.489847, 0.064994, 7.149389
16.491643, 0.064994, 7.149389
16.493399, 0.064994, 7.149389
16.495316, 0.064994, 7.149389
16.497813, 0.064994, 7.149389
16.499606, 0.064994, 7.149389
16.501387, 0.064994, 7.149389
16.503440, 0.064994, 7.149389
16.505288, 0.064994, 7.149389
16.507100, 0.064994, 7.149389
16.509154, 0.064994, 7.149389
16.511668, 0.064994, 7.149389
16.516426, 0.064994, 7.149389
16.518954, 0.064994, 7.149389
16.520874, 0.064994, 7.149389
16.522714, 0.064994, 7.149389
16.524492, 0.064994, 7.149389
16.526275, 0.064994, 7.149389
16.527994, 0.064994, 7.149389
16.530007, 0.064994, 7.149389
16.532607, 0.064994, 7.149389
16.534668, 0.064994, 7.149389
16.536848, 0.064994, 7.149389
16.538882, 0.067543, 7.429772
16.540831, 0.064994, 7.149389
16.542710, 0.064994, 7.149389
16.544700, 0.064994, 7.149389
16.546699, 0.064994, 7.149389
16.548776, 0.064994, 7.149389
16.550559, 0.064994, 7.149389
16.552312, 0.064994, 7.149389
16.553936, 0.064994, 7.149389
16.555536, 0.064994, 7.149389
16.557803, 0.064994, 7.149389
16.560074, 0.064994, 7.149389
16.562421, 0.064994, 7.149389
16.564664, 0.064994, 7.149389
16.566664, 0.064994, 7.149389
16.568413, 0.064994, 7.149389
16.570063, 0.064994, 7.149389
16.571767, 0.064994, 7.149389
16.573757, 0.064994, 7.149389
16.576520, 0.064994, 7.149389
16.578188, 0.064994, 7.149389
16.579921, 0.064994, 7.149389
16.581550, 0.064994, 7.149389
16.583203, 0.064994, 7.149389
16.585585, 0.064994, 7.149389
16.587215, 0.064994, 7.149389
16.588855, 0.064994, 7.149389
16.590448, 0.064994, 7.149389
16.592036, 0.064994, 7.149389
16.593629, 0.064994, 7.149389
16.595824, 0.064994, 7.149389
16.597478, 0.064994, 7.149389
16.599137, 0.064994, 7.149389
16.600790, 0.064994, 7.149389
16.602390, 0.064994, 7.149389
16.603987, 0.064994, 7.149389
16.605739, 0.064994, 7.149389
16.607378, 0.064994, 7.149389
16.609071, 0.064994, 7.149389
16.610666, 0.064994, 7.149389
16.612258, 0.064994, 7.149389
16.614634, 0.064994, 7.149389
16.616673, 0.064994, 7.149389
16.618315, 0.064994, 7.149389
16.619995, 0.064994, 7.149389
16.621682, 0.064994, 7.149389
16.623282, 0.064994, 7.149389
16.624974, 0.064994, 7.149389
16.626877, 0.064994, 7.149389
16.628623, 0.064994, 7.149389
16.630317, 0.064994, 7.149389
16.632006, 0.064994, 7.149389
16.633653, 0.064994, 7.149389
16.635289, 0.064994, 7.149389
16.637155, 0.064994, 7.149389
16.638782, 0.064994, 7.149389
16.640439, 0.064994, 7.149389
16.642078, 0.064994, 7.149389
16.643695, 0.064994, 7.149389
16.645312, 0.064994, 7.149389
16.647028, 0.064994, 7.149389
16.648694, 0.064994, 7.149389
16.650311, 0.064994, 7.149389
16.651924, 0.064994, 7.149389
16.653526, 0.064994, 7.149389
16.655128, 0.064994, 7.149389
16.656911, 0.064994, 7.149389
16.658862, 0.064994, 7.149389
16.660682, 0.064994, 7.149389
16.662303, 0.064994, 7.149389
16.663931, 0.064994, 7.149389
16.665600, 0.064994, 7.149389
16.667255, 0.064994, 7.149389
16.668917, 0.064994, 7.149389
16.671554, 0.064994, 7.149389
16.673307, 0.064994, 7.149389
16.674924, 0.064994, 7.149389
16.676523, 0.064994, 7.149389
16.678215, 0.064994, 7.149389
16.679833, 0.064994, 7.149389
16.681463, 0.064994, 7.149389
16.683060, 0.064994, 7.149389
16.684721, 0.064994, 7.149389
16.686494, 0.064994, 7.149389
16.688246, 0.064994, 7.149389
16.689910, 0.064994, 7.149389
16.691602, 0.064994, 7.149389
16.693175, 0.064994, 7.149389
16.694764, 0.064994, 7.149389
16.696377, 0.064994, 7.149389
16.698754, 0.064994, 7.149389
16.700531, 0.064994, 7.149389
16.702229, 0.064994, 7.149389
16.703868, 0.064994, 7.149389
16.705454, 0.064994, 7.149389
16.707039, 0.064994, 7.149389
16.708629, 0.064994, 7.149389
16.710705, 0.064994, 7.149389
16.712303, 0.064994, 7.149389
16.714153, 0.064994, 7.149389
16.716837, 0.064994, 7.149389
16.718778, 0.064994, 7.149389
16.720436, 0.064994, 7.149389
16.722148, 0.064994, 7.149389
16.723753, 0.064994, 7.149389
16.725322, 0.064994, 7.149389
16.726916, 0.064994, 7.149389
16.728651, 0.064994, 7.149389
16.730428, 0.064994, 7.149389
16.732098, 0.064994, 7.149389
16.733752, 0.064994, 7.149389
16.735463, 0.064994, 7.149389
16.737056, 0.064994, 7.149389
16.738815, 0.064994, 7.149389
16.740696, 0.064994, 7.149389
16.742412, 0.064994, 7.149389
16.744014, 0.064994, 7.149389
16.745584, 0.064994, 7.149389
16.747241, 0.064994, 7.149389
16.749061, 0.064994, 7.149389
16.750804, 0.064994, 7.149389
16.752543, 0.064994, 7.149389
16.754117, 0.064994, 7.149389
16.755708, 0.064994, 7.149389
16.757297, 0.064994, 7.149389
16.758945, 0.064994, 7.149389
16.760597, 0.064994, 7.149389
16.762494, 0.064994, 7.149389
16.766014, 0.064994, 7.149389
16.767885, 0.064994, 7.149389
16.769635, 0.064994, 7.149389
16.771307, 0.064994, 7.149389
16.772952, 0.064994, 7.149389
16.774721, 0.064994, 7.149389
16.776366, 0.064994, 7.149389
16.777991, 0.064994, 7.149389
16.779927, 0.064994, 7.149389
16.781766, 0.064994, 7.149389
16.783412, 0.064994, 7.149389
16.785278, 0.064994, 7.149389
16.786960, 0.064994, 7.149389
16.788549, 0.064994, 7.149389
16.790391, 0.064994, 7.149389
16.792112, 0.064994, 7.149389
16.793936, 0.064994, 7.149389
16.795641, 0.064994, 7.149389
16.797369, 0.064994, 7.149389
16.799053, 0.064994, 7.149389
16.800773, 0.064994, 7.149389
16.802406, 0.064994, 7.149389
16.804043, 0.064994, 7.149389
16.805607, 0.064994, 7.149389
16.807170, 0.064994, 7.149389
16.808818, 0.064994, 7.149389
16.810504, 0.064994, 7.149389
16.812092, 0.064994, 7.149389
16.815105, 0.064994, 7.149389
16.816862, 0.064994, 7.149389
16.818493, 0.064994, 7.149389
16.820162, 0.064994, 7.149389
16.821710, 0.064994, 7.149389
16.823272, 0.064994, 7.149389
16.824833, 0.064994, 7.149389
16.826393, 0.064994, 7.149389
16.827938, 0.064994, 7.149389
16.829822, 0.064994, 7.149389
16.832680, 0.064994, 7.149389
16.834331, 0.064994, 7.149389
16.835991, 0.064994, 7.149389
16.837558, 0.064994, 7.149389
16.839480, 0.064994, 7.149389
16.842081, 0.064994, 7.149389
16.844137, 0.064994, 7.149389
16.846867, 0.064994, 7.149389
16.849165, 0.064994, 7.149389
16.851243, 0.064994, 7.149389
16.853064, 0.064994, 7.149389
16.854849, 0.064994, 7.149389
16.856684, 0.064994, 7.149389
16.858575, 0.064994, 7.149389
16.860318, 0.064994, 7.149389
16.862012, 0.064994, 7.149389
16.864791, 0.064994, 7.149389
16.866866, 0.064994, 7.149389
16.868526, 0.064994, 7.149389
16.870410, 0.064994, 7.149389
16.872215, 0.064994, 7.149389
16.873893, 0.064994, 7.149389
16.875605, 0.064994, 7.149389
16.877173, 0.064994, 7.149389
16.878730, 0.064994, 7.149389
16.880793, 0.064994, 7.149389
16.882590, 0.064994, 7.149389
16.884272, 0.064994, 7.149389
16.885925, 0.064994, 7.149389
16.887516, 0.064994, 7.149389
16.889098, 0.064994, 7.149389
16.891297, 0.064994, 7.149389
16.893014, 0.064994, 7.149389
16.895100, 0.064994, 7.149389
16.897133, 0.064994, 7.149389
16.899166, 0.064994, 7.149389
16.901088, 0.064994, 7.149389
16.902939, 0.064994, 7.149389
16.904852, 0.064994, 7.149389
16.906974, 0.064994, 7.149389
16.909826, 0.064994, 7.149389
16.912179, 0.064994, 7.149389
16.914301, 0.064994, 7.149389
16.916117, 0.064994, 7.149389
16.917961, 0.064994, 7.149389
16.919662, 0.064994, 7.149389
16.922008, 0.064994, 7.149389
16.924594, 0.064994, 7.149389
16.926289, 0.064994, 7.149389
16.928003, 0.067543, 7.429772
16.929687, 0.067543, 7.429772
16.931620, 0.064994, 7.149389
16.933413, 0.064994, 7.149389
16.935051, 0.064994, 7.149389
16.936736, 0.064994, 7.149389
16.938316, 0.064994, 7.149389
16.939904, 0.064994, 7.149389
16.941577, 0.064994, 7.149389
16.943384, 0.064994, 7.149389
16.945048, 0.064994, 7.149389
16.946833, 0.064994, 7.149389
16.948517, 0.064994, 7.149389
16.950165, 0.064994, 7.149389
16.952014, 0.064994, 7.149389
16.953841, 0.064994, 7.149389
16.955468, 0.064994, 7.149389
16.957122, 0.064994, 7.149389
16.958751, 0.064994, 7.149389
16.960411, 0.064994, 7.149389
16.963089, 0.064994, 7.149389
16.966484, 0.064994, 7.149389
16.968402, 0.064994, 7.149389
16.970188, 0.064994, 7.149389
16.971934, 0.064994, 7.149389
16.973708, 0.064994, 7.149389
16.975393, 0.064994, 7.149389
16.977179, 0.064994, 7.149389
16.978989, 0.064994, 7.149389
16.980769, 0.064994, 7.149389
16.982961, 0.064994, 7.149389
16.985651, 0.064994, 7.149389
16.987448, 0.064994, 7.149389
16.989146, 0.064994, 7.149389
16.990754, 0.064994, 7.149389
16.992358, 0.064994, 7.149389
16.994012, 0.064994, 7.149389
16.995611, 0.064994, 7.149389
16.997256, 0.064994, 7.149389
16.998890, 0.064994, 7.149389
17.000557, 0.064994, 7.149389
17.002223, 0.064994, 7.149389
17.003992, 0.064994, 7.149389
17.005689, 0.064994, 7.149389
17.007414, 0.064994, 7.149389
17.009010, 0.067543, 7.429772
17.010606, 0.064994, 7.149389
17.012193, 0.064994, 7.149389
17.015564, 0.064994, 7.149389
17.017900, 0.064994, 7.149389
17.020965, 0.064994, 7.149389
17.022904, 0.064994, 7.149389
17.024758, 0.064994, 7.149389
17.026473, 0.064994, 7.149389
17.028168, 0.064994, 7.149389
17.029786, 0.064994, 7.149389
17.031445, 0.064994, 7.149389
17.033197, 0.064994, 7.149389
17.034935, 0.064994, 7.149389
17.036537, 0.064994, 7.149389
17.038132, 0.064994, 7.149389
17.039734, 0.064994, 7.149389
17.041325, 0.064994, 7.149389
17.042917, 0.064994, 7.149389
17.044725, 0.064994, 7.149389
17.046422, 0.064994, 7.149389
17.048232, 0.064994, 7.149389
17.049964, 0.064994, 7.149389
17.051650, 0.064994, 7.149389
17.053255, 0.064994, 7.149389
17.056762, 0.064994, 7.149389
17.058684, 0.064994, 7.149389
17.060426, 0.064994, 7.149389
17.062082, 0.064994, 7.149389
17.063805, 0.064994, 7.149389
17.065578, 0.064994, 7.149389
17.067312, 0.064994, 7.149389
17.069066, 0.064994, 7.149389
17.070670, 0.064994, 7.149389
17.072289, 0.064994, 7.149389
17.073952, 0.064994, 7.149389
17.075581, 0.064994, 7.149389
17.077659, 0.064994, 7.149389
17.079286, 0.064994, 7.149389
17.081294, 0.064994, 7.149389
17.083022, 0.064994, 7.149389
17.084727, 0.064994, 7.149389
17.086514, 0.064994, 7.149389
17.088123, 0.064994, 7.149389
17.089726, 0.064994, 7.149389
17.091324, 0.064994, 7.149389
17.092899, 0.064994, 7.149389
17.094497, 0.064994, 7.149389
17.096526, 0.067543, 7.429772
17.098377, 0.064994, 7.149389
17.100210, 0.064994, 7.149389
17.102043, 0.064994, 7.149389
17.103684, 0.064994, 7.149389
17.105585, 0.064994, 7.149389
17.107524, 0.064994, 7.149389
17.109221, 0.064994, 7.149389
17.110908, 0.064994, 7.149389
17.112534, 0.064994, 7.149389
17.114180, 0.064994, 7.149389
17.115845, 0.064994, 7.149389
17.117975, 0.064994, 7.149389
17.119889, 0.064994, 7.149389
17.121731, 0.064994, 7.149389
17.123402, 0.064994, 7.149389
17.125156, 0.064994, 7.149389
17.126742, 0.064994, 7.149389
17.128338, 0.064994, 7.149389
17.129977, 0.064994, 7.149389
17.131675, 0.064994, 7.149389
17.133452, 0.064994, 7.149389
17.135241, 0.064994, 7.149389
17.136957, 0.067543, 7.429772
17.138613, 0.064994, 7.149389
17.140210, 0.064994, 7.149389
17.141794, 0.064994, 7.149389
17.143389, 0.064994, 7.149389
17.144966, 0.064994, 7.149389
17.146611, 0.064994, 7.149389
17.148401, 0.067543, 7.429772
17.150159, 0.064994, 7.149389
17.151895, 0.064994, 7.149389
17.153675, 0.064994, 7.149389
17.155300, 0.064994, 7.149389
17.156870, 0.064994, 7.149389
17.158461, 0.064994, 7.149389
17.160044, 0.064994, 7.149389
17.161650, 0.064994, 7.149389
17.163287, 0.064994, 7.149389
17.164922, 0.064994, 7.149389
17.166616, 0.064994, 7.149389
17.168363, 0.064994, 7.149389
17.169954, 0.064994, 7.149389
17.171544, 0.064994, 7.149389
17.173130, 0.064994, 7.149389
17.175050, 0.064994, 7.149389
17.176817, 0.064994, 7.149389
17.178527, 0.064994, 7.149389
17.180149, 0.064994, 7.149389
17.181808, 0.064994, 7.149389
17.183510, 0.064994, 7.149389
17.185406, 0.064994, 7.149389
17.187140, 0.064994, 7.149389
17.188791, 0.064994, 7.149389
17.190384, 0.064994, 7.149389
17.191970, 0.064994, 7.149389
17.193560, 0.064994, 7.149389
17.195231, 0.064994, 7.149389
17.196858, 0.064994, 7.149389
17.198514, 0.064994, 7.149389
17.200258, 0.064994, 7.149389
17.202005, 0.064994, 7.149389
17.203608, 0.064994, 7.149389
17.205322, 0.064994, 7.149389
17.206962, 0.064994, 7.149389
17.208558, 0.064994, 7.149389
17.210178, 0.064994, 7.149389
17.211795, 0.064994, 7.149389
17.213414, 0.064994, 7.149389
17.215111, 0.067543, 7.429772
17.216742, 0.064994, 7.149389
17.218363, 0.064994, 7.149389
17.219978, 0.067543, 7.429772
17.221631, 0.064994, 7.149389
17.223320, 0.064994, 7.149389
17.225437, 0.064994, 7.149389
17.227352, 0.064994, 7.149389
17.228981, 0.064994, 7.149389
17.230637, 0.064994, 7.149389
17.232241, 0.064994, 7.149389
17.233815, 0.064994, 7.149389
17.235700, 0.064994, 7.149389
17.237426, 0.064994, 7.149389
17.239055, 0.064994, 7.149389
17.240681, 0.064994, 7.149389
17.242297, 0.064994, 7.149389
17.243888, 0.064994, 7.149389
17.245543, 0.064994, 7.149389
17.247738, 0.064994, 7.149389
17.249384, 0.064994, 7.149389
17.251002, 0.064994, 7.149389
17.252770, 0.064994, 7.149389
17.254364, 0.064994, 7.149389
17.256111, 0.064994, 7.149389
17.257698, 0.064994, 7.149389
17.259346, 0.064994, 7.149389
17.260977, 0.064994, 7.149389
17.262726, 0.064994, 7.149389
17.264486, 0.067543, 7.429772
17.266228, 0.067543, 7.429772
17.267930, 0.064994, 7.149389
17.269518, 0.064994, 7.149389
17.271100, 0.064994, 7.149389
17.272687, 0.064994, 7.149389
17.274260, 0.064994, 7.149389
17.275820, 0.067543, 7.429772
17.277520, 0.064994, 7.149389
17.279192, 0.064994, 7.149389
17.281024, 0.064994, 7.149389
17.282791, 0.064994, 7.149389
17.284506, 0.064994, 7.149389
17.286172, 0.064994, 7.149389
17.288337, 0.064994, 7.149389
17.290025, 0.064994, 7.149389
17.291682, 0.064994, 7.149389
17.293325, 0.064994, 7.149389
17.294954, 0.064994, 7.149389
17.296747, 0.064994, 7.149389
17.298891, 0.064994, 7.149389
17.300598, 0.064994, 7.149389
17.302241, 0.064994, 7.149389
17.303864, 0.064994, 7.149389
17.305472, 0.064994, 7.149389
17.307296, 0.064994, 7.149389
17.309044, 0.064994, 7.149389
17.310645, 0.064994, 7.149389
17.312574, 0.064994, 7.149389
17.315392, 0.064994, 7.149389
17.317217, 0.064994, 7.149389
17.318967, 0.064994, 7.149389
17.320609, 0.064994, 7.149389
17.322366, 0.064994, 7.149389
17.323967, 0.064994, 7.149389
17.325537, 0.064994, 7.149389
17.327385, 0.064994, 7.149389
17.330060, 0.067543, 7.429772
17.332829, 0.064994, 7.149389
17.334508, 0.064994, 7.149389
17.336122, 0.067543, 7.429772
17.337798, 0.064994, 7.149389
17.339422, 0.064994, 7.149389
17.341057, 0.064994, 7.149389
17.342720, 0.064994, 7.149389
17.344301, 0.064994, 7.149389
17.345949, 0.064994, 7.149389
17.348613, 0.064994, 7.149389
17.350444, 0.064994, 7.149389
17.352088, 0.067543, 7.429772
17.353680, 0.064994, 7.149389
17.355266, 0.064994, 7.149389
17.356855, 0.064994, 7.149389
17.359666, 0.064994, 7.149389
17.361427, 0.064994, 7.149389
17.364288, 0.064994, 7.149389
17.365940, 0.064994, 7.149389
17.367712, 0.064994, 7.149389
17.369482, 0.064994, 7.149389
17.371257, 0.067543, 7.429772
17.372895, 0.064994, 7.149389
17.374649, 0.064994, 7.149389
17.376372, 0.064994, 7.149389
17.377976, 0.064994, 7.149389
17.380271, 0.064994, 7.149389
17.382234, 0.064994, 7.149389
17.383929, 0.064994, 7.149389
17.385530, 0.064994, 7.149389
17.387128, 0.064994, 7.149389
17.388724, 0.064994, 7.149389
17.390390, 0.064994, 7.149389
17.392148, 0.064994, 7.149389
17.393761, 0.064994, 7.149389
17.395348, 0.064994, 7.149389
17.398167, 0.064994, 7.149389
17.400524, 0.064994, 7.149389
17.402378, 0.064994, 7.149389
17.404112, 0.064994, 7.149389
17.405746, 0.064994, 7.149389
17.407333, 0.064994, 7.149389
17.408925, 0.064994, 7.149389
17.411927, 0.064994, 7.149389
17.413661, 0.064994, 7.149389
17.416468, 0.067543, 7.429772
17.418323, 0.064994, 7.149389
17.420055, 0.064994, 7.149389
17.422102, 0.064994, 7.149389
17.423831, 0.064994, 7.149389
17.425600, 0.064994, 7.149389
17.427323, 0.064994, 7.149389
17.430423, 0.064994, 7.149389
17.432793, 0.064994, 7.149389
17.434541, 0.064994, 7.149389
17.436205, 0.064994, 7.149389
17.437829, 0.064994, 7.149389
17.439465, 0.064994, 7.149389
17.441174, 0.064994, 7.149389
17.442906, 0.064994, 7.149389
17.444993, 0.064994, 7.149389
17.446981, 0.064994, 7.149389
17.449056, 0.064994, 7.149389
17.451112, 0.064994, 7.149389
17.453180, 0.064994, 7.149389
17.455090, 0.064994, 7.149389
17.457484, 0.064994, 7.149389
17.459572, 0.064994, 7.149389
17.461790, 0.064994, 7.149389
17.463868, 0.064994, 7.149389
17.465744, 0.064994, 7.149389
17.467604, 0.064994, 7.149389
17.469285, 0.064994, 7.149389
17.471147, 0.067543, 7.429772
17.473073, 0.064994, 7.149389
17.474916, 0.064994, 7.149389
17.476721, 0.064994, 7.149389
17.478523, 0.064994, 7.149389
17.480467, 0.064994, 7.149389
17.482592, 0.064994, 7.149389
17.484465, 0.064994, 7.149389
17.486321, 0.064994, 7.149389
17.490010, 0.064994, 7.149389
17.492464, 0.064994, 7.149389
17.494312, 0.064994, 7.149389
17.496312, 0.064994, 7.149389
17.498420, 0.067543, 7.429772
17.500400, 0.064994, 7.149389
17.502430, 0.064994, 7.149389
17.504318, 0.064994, 7.149389
17.506070, 0.064994, 7.149389
17.507810, 0.064994, 7.149389
17.509458, 0.064994, 7.149389
17.511082, 0.064994, 7.149389
17.513101, 0.067543, 7.429772
17.515161, 0.064994, 7.149389
17.516931, 0.064994, 7.149389
17.518608, 0.064994, 7.149389
17.520214, 0.064994, 7.149389
17.521881, 0.064994, 7.149389
17.523484, 0.064994, 7.149389
17.525089, 0.064994, 7.149389
17.526686, 0.064994, 7.149389
17.528282, 0.064994, 7.149389
17.529998, 0.064994, 7.149389
17.531971, 0.064994, 7.149389
17.534024, 0.064994, 7.149389
17.535738, 0.064994, 7.149389
17.537409, 0.064994, 7.149389
17.539002, 0.064994, 7.149389
17.540579, 0.064994, 7.149389
17.542271, 0.064994, 7.149389
17.543951, 0.064994, 7.149389
17.545790, 0.064994, 7.149389
17.548162, 0.064994, 7.149389
17.549919, 0.064994, 7.149389
17.551581, 0.064994, 7.149389
17.554083, 0.064994, 7.149389
17.555675, 0.064994, 7.149389
17.557260, 0.064994, 7.149389
17.558847, 0.064994, 7.149389
17.560434, 0.067543, 7.429772
17.562031, 0.067543, 7.429772
17.565258, 0.064994, 7.149389
17.567556, 0.064994, 7.149389
17.569441, 0.064994, 7.149389
17.571190, 0.064994, 7.149389
17.572946, 0.064994, 7.149389
17.574701, 0.064994, 7.149389
17.576365, 0.064994, 7.149389
17.578029, 0.064994, 7.149389
17.579734, 0.064994, 7.149389
17.581397, 0.064994, 7.149389
17.583951, 0.064994, 7.149389
17.587202, 0.067543, 7.429772
17.589042, 0.064994, 7.149389
17.590818, 0.064994, 7.149389
17.592691, 0.064994, 7.149389
17.594343, 0.064994, 7.149389
17.595968, 0.064994, 7.149389
17.598381, 0.064994, 7.149389
17.600328, 0.064994, 7.149389
17.602001, 0.064994, 7.149389
17.603703, 0.064994, 7.149389
17.605301, 0.064994, 7.149389
17.606897, 0.067543, 7.429772
17.608474, 0.064994, 7.149389
17.610068, 0.064994, 7.149389
17.611658, 0.064994, 7.149389
17.613387, 0.064994, 7.149389
17.615311, 0.064994, 7.149389
17.617056, 0.064994, 7.149389
17.619331, 0.064994, 7.149389
17.621119, 0.064994, 7.149389
17.622749, 0.064994, 7.149389
17.624360, 0.064994, 7.149389
17.625955, 0.064994, 7.149389
17.627558, 0.064994, 7.149389
17.629148, 0.064994, 7.149389
17.631318, 0.064994, 7.149389
17.633542, 0.064994, 7.149389
17.635332, 0.064994, 7.149389
17.637011, 0.064994, 7.149389
17.638669, 0.064994, 7.149389
17.640516, 0.064994, 7.149389
17.642357, 0.064994, 7.149389
17.644024, 0.064994, 7.149389
17.645669, 0.064994, 7.149389
17.647339, 0.064994, 7.149389
17.648993, 0.064994, 7.149389
17.650703, 0.064994, 7.149389
17.652354, 0.064994, 7.149389
17.653971, 0.064994, 7.149389
17.655587, 0.064994, 7.149389
17.657171, 0.064994, 7.149389
17.658780, 0.064994, 7.149389
17.660405, 0.064994, 7.149389
17.662042, 0.064994, 7.149389
17.663665, 0.067543, 7.429772
17.665256, 0.064994, 7.149389
17.666859, 0.064994, 7.149389
17.668462, 0.064994, 7.149389
17.670059, 0.064994, 7.149389
17.671885, 0.064994, 7.149389
17.673497, 0.067543, 7.429772
17.675190, 0.064994, 7.149389
17.676822, 0.064994, 7.149389
17.678430, 0.064994, 7.149389
17.680052, 0.064994, 7.149389
17.682346, 0.064994, 7.149389
17.684171, 0.064994, 7.149389
17.685886, 0.064994, 7.149389
17.687598, 0.067543, 7.429772
17.689303, 0.064994, 7.149389
17.691183, 0.064994, 7.149389
17.692938, 0.064994, 7.149389
17.694622, 0.064994, 7.149389
17.696430, 0.064994, 7.149389
17.698156, 0.064994, 7.149389
17.699899, 0.064994, 7.149389
17.701807, 0.064994, 7.149389
17.703451, 0.064994, 7.149389
17.705057, 0.064994, 7.149389
17.706633, 0.067543, 7.429772
17.708233, 0.064994, 7.149389
17.709895, 0.064994, 7.149389
17.711540, 0.064994, 7.149389
17.713184, 0.064994, 7.149389
17.714852, 0.064994, 7.149389
17.716561, 0.064994, 7.149389
17.718257, 0.064994, 7.149389
17.719861, 0.064994, 7.149389
17.721455, 0.064994, 7.149389
17.723314, 0.067543, 7.429772
17.725065, 0.064994, 7.149389
17.726716, 0.064994, 7.149389
17.728447, 0.064994, 7.149389
17.730264, 0.064994, 7.149389
17.732098, 0.064994, 7.149389
17.733855, 0.064994, 7.149389
17.735669, 0.064994, 7.149389
17.737282, 0.064994, 7.149389
17.738867, 0.064994, 7.149389
17.740449, 0.064994, 7.149389
17.742041, 0.064994, 7.149389
17.743631, 0.064994, 7.149389
17.745216, 0.064994, 7.149389
17.747927, 0.064994, 7.149389
17.749766, 0.064994, 7.149389
17.751513, 0.067543, 7.429772
17.753214, 0.067543, 7.429772
17.754769, 0.064994, 7.149389
17.756345, 0.064994, 7.149389
17.757929, 0.064994, 7.149389
17.759501, 0.064994, 7.149389
17.761056, 0.064994, 7.149389
17.763535, 0.064994, 7.149389
17.765713, 0.067543, 7.429772
17.767418, 0.064994, 7.149389
17.769022, 0.064994, 7.149389
17.770600, 0.064994, 7.149389
17.772285, 0.064994, 7.149389
17.773965, 0.064994, 7.149389
17.775552, 0.064994, 7.149389
17.777120, 0.064994, 7.149389
17.778691, 0.064994, 7.149389
17.780333, 0.064994, 7.149389
17.781944, 0.064994, 7.149389
17.783732, 0.064994, 7.149389
17.785360, 0.064994, 7.149389
17.787115, 0.064994, 7.149389
17.788710, 0.064994, 7.149389
17.790779, 0.064994, 7.149389
17.792537, 0.064994, 7.149389
17.794175, 0.064994, 7.149389
17.795871, 0.064994, 7.149389
17.799008, 0.064994, 7.149389
17.800639, 0.064994, 7.149389
17.802443, 0.064994, 7.149389
17.804135, 0.064994, 7.149389
17.805773, 0.064994, 7.149389
17.807458, 0.064994, 7.149389
17.809042, 0.064994, 7.149389
17.810625, 0.064994, 7.149389
17.812250, 0.064994, 7.149389
17.815152, 0.064994, 7.149389
17.816967, 0.064994, 7.149389
17.818630, 0.067543, 7.429772
17.820229, 0.067543, 7.429772
17.821890, 0.064994, 7.149389
17.823752, 0.064994, 7.149389
17.825410, 0.064994, 7.149389
17.827165, 0.064994, 7.149389
17.828740, 0.064994, 7.149389
17.831476, 0.064994, 7.149389
17.833929, 0.064994, 7.149389
17.835723, 0.064994, 7.149389
17.837404, 0.064994, 7.149389
17.838987, 0.064994, 7.149389
17.840542, 0.064994, 7.149389
17.842124, 0.064994, 7.149389
17.843870, 0.064994, 7.149389
17.845513, 0.064994, 7.149389
17.847890, 0.064994, 7.149389
17.850078, 0.064994, 7.149389
17.851708, 0.064994, 7.149389
17.853480, 0.064994, 7.149389
17.855145, 0.064994, 7.149389
17.856864, 0.064994, 7.149389
17.858430, 0.064994, 7.149389
17.860010, 0.064994, 7.149389
17.861592, 0.064994, 7.149389
17.864237, 0.064994, 7.149389
17.867516, 0.064994, 7.149389
17.869270, 0.064994, 7.149389
17.870915, 0.064994, 7.149389
17.872811, 0.064994, 7.149389
17.874684, 0.064994, 7.149389
17.876315, 0.064994, 7.149389
17.877940, 0.064994, 7.149389
17.879811, 0.064994, 7.149389
17.882472, 0.064994, 7.149389
17.884716, 0.064994, 7.149389
17.886607, 0.064994, 7.149389
17.888313, 0.064994, 7.149389
17.889912, 0.064994, 7.149389
17.891508, 0.064994, 7.149389
17.893458, 0.064994, 7.149389
17.895154, 0.064994, 7.149389
17.896957, 0.064994, 7.149389
17.898621, 0.064994, 7.149389
17.900298, 0.067543, 7.429772
17.901982, 0.064994, 7.149389
17.903908, 0.064994, 7.149389
17.905670, 0.064994, 7.149389
17.907309, 0.064994, 7.149389
17.908898, 0.064994, 7.149389
17.910470, 0.064994, 7.149389
17.912052, 0.064994, 7.149389
17.913979, 0.064994, 7.149389
17.915706, 0.064994, 7.149389
17.917500, 0.064994, 7.149389
17.919173, 0.064994, 7.149389
17.920772, 0.064994, 7.149389
17.922366, 0.064994, 7.149389
17.924265, 0.064994, 7.149389
17.925969, 0.064994, 7.149389
17.927605, 0.064994, 7.149389
17.929291, 0.064994, 7.149389
17.931578, 0.064994, 7.149389
17.933235, 0.064994, 7.149389
17.935255, 0.064994, 7.149389
17.936904, 0.064994, 7.149389
17.938519, 0.064994, 7.149389
17.940175, 0.064994, 7.149389
17.941899, 0.064994, 7.149389
17.943827, 0.064994, 7.149389
17.945770, 0.064994, 7.149389
17.947631, 0.064994, 7.149389
17.949399, 0.064994, 7.149389
17.951169, 0.064994, 7.149389
17.952800, 0.064994, 7.149389
17.954629, 0.064994, 7.149389
17.956312, 0.064994, 7.149389
17.958103, 0.064994, 7.149389
17.959747, 0.064994, 7.149389
17.961364, 0.064994, 7.149389
17.963109, 0.064994, 7.149389
17.964996, 0.064994, 7.149389
17.967047, 0.064994, 7.149389
17.968724, 0.064994, 7.149389
17.970376, 0.064994, 7.149389
17.972514, 0.064994, 7.149389
17.974279, 0.064994, 7.149389
17.975925, 0.064994, 7.149389
17.977586, 0.064994, 7.149389
17.979253, 0.064994, 7.149389
17.980933, 0.064994, 7.149389
17.982639, 0.064994, 7.149389
17.984507, 0.064994, 7.149389
17.986166, 0.064994, 7.149389
17.987860, 0.064994, 7.149389
17.989636, 0.064994, 7.149389
17.991225, 0.064994, 7.149389
17.992821, 0.064994, 7.149389
17.994920, 0.064994, 7.149389
17.998160, 0.064994, 7.149389
17.999965, 0.064994, 7.149389
18.001710, 0.064994, 7.149389
18.003403, 0.064994, 7.149389
18.005242, 0.064994, 7.149389
18.006903, 0.064994, 7.149389
18.008602, 0.064994, 7.149389
18.010188, 0.064994, 7.149389
18.011775, 0.064994, 7.149389
18.013379, 0.064994, 7.149389
18.015124, 0.064994, 7.149389
18.016845, 0.064994, 7.149389
18.018567, 0.064994, 7.149389
18.020174, 0.064994, 7.149389
18.021754, 0.064994, 7.149389
18.023316, 0.064994, 7.149389
18.024952, 0.064994, 7.149389
18.026556, 0.064994, 7.149389
18.028193, 0.064994, 7.149389
18.029961, 0.064994, 7.149389
18.031616, 0.064994, 7.149389
18.033293, 0.064994, 7.149389
18.035131, 0.064994, 7.149389
18.036826, 0.064994, 7.149389
18.038497, 0.064994, 7.149389
18.040247, 0.064994, 7.149389
18.041838, 0.064994, 7.149389
18.043422, 0.064994, 7.149389
18.044978, 0.064994, 7.149389
18.046832, 0.064994, 7.149389
18.048455, 0.064994, 7.149389
18.050166, 0.064994, 7.149389
18.051843, 0.064994, 7.149389
18.053429, 0.064994, 7.149389
18.054988, 0.064994, 7.149389
18.056730, 0.064994, 7.149389
18.058408, 0.064994, 7.149389
18.060162, 0.064994, 7.149389
18.061747, 0.064994, 7.149389
18.063459, 0.064994, 7.149389
18.065194, 0.064994, 7.149389
18.067052, 0.064994, 7.149389
18.068709, 0.064994, 7.149389
18.070328, 0.064994, 7.149389
18.071951, 0.064994, 7.149389
18.073575, 0.064994, 7.149389
18.075462, 0.064994, 7.149389
18.077091, 0.064994, 7.149389
18.078837, 0.064994, 7.149389
18.080636, 0.064994, 7.149389
18.082290, 0.064994, 7.149389
18.084077, 0.064994, 7.149389
18.086225, 0.064994, 7.149389
18.088152, 0.064994, 7.149389
18.089798, 0.064994, 7.149389
18.091442, 0.064994, 7.149389
18.093090, 0.064994, 7.149389
18.094664, 0.064994, 7.149389
18.096451, 0.064994, 7.149389
18.098124, 0.064994, 7.149389
18.099751, 0.064994, 7.149389
18.101402, 0.064994, 7.149389
18.103007, 0.064994, 7.149389
18.104679, 0.064994, 7.149389
18.107227, 0.064994, 7.149389
18.109275, 0.067543, 7.429772
18.110979, 0.064994, 7.149389
18.112853, 0.064994, 7.149389
18.114775, 0.064994, 7.149389
18.116563, 0.064994, 7.149389
18.118343, 0.064994, 7.149389
18.120119, 0.064994, 7.149389
18.121823, 0.064994, 7.149389
18.123614, 0.064994, 7.149389
18.125287, 0.064994, 7.149389
18.126885, 0.064994, 7.149389
18.128503, 0.064994, 7.149389
18.130206, 0.064994, 7.149389
18.132600, 0.064994, 7.149389
18.134245, 0.064994, 7.149389
18.136005, 0.064994, 7.149389
18.137637, 0.064994, 7.149389
18.139230, 0.064994, 7.149389
18.140826, 0.064994, 7.149389
18.142424, 0.064994, 7.149389
18.144033, 0.064994, 7.149389
18.147039, 0.064994, 7.149389
18.148989, 0.064994, 7.149389
18.150671, 0.064994, 7.149389
18.152381, 0.064994, 7.149389
18.154125, 0.064994, 7.149389
18.155744, 0.064994, 7.149389
18.157336, 0.064994, 7.149389
18.158911, 0.064994, 7.149389
18.160490, 0.064994, 7.149389
18.162125, 0.064994, 7.149389
18.163771, 0.064994, 7.149389
18.165568, 0.064994, 7.149389
18.167579, 0.064994, 7.149389
18.169249, 0.064994, 7.149389
18.170951, 0.064994, 7.149389
18.172647, 0.064994, 7.149389
18.174246, 0.064994, 7.149389
18.176796, 0.064994, 7.149389
18.178935, 0.064994, 7.149389
18.180556, 0.064994, 7.149389
18.182171, 0.064994, 7.149389
18.183921, 0.064994, 7.149389
18.185643, 0.064994, 7.149389
18.187264, 0.064994, 7.149389
18.188903, 0.064994, 7.149389
18.190496, 0.064994, 7.149389
18.192078, 0.064994, 7.149389
18.193665, 0.064994, 7.149389
18.195585, 0.064994, 7.149389
18.197420, 0.064994, 7.149389
18.199076, 0.064994, 7.149389
18.200777, 0.064994, 7.149389
18.202371, 0.064994, 7.149389
18.203964, 0.064994, 7.149389
18.205705, 0.064994, 7.149389
18.207344, 0.064994, 7.149389
18.208969, 0.064994, 7.149389
18.210668, 0.064994, 7.149389
18.212279, 0.064994, 7.149389
18.215152, 0.064994, 7.149389
18.217188, 0.064994, 7.149389
18.218889, 0.064994, 7.149389
18.220502, 0.064994, 7.149389
18.222097, 0.064994, 7.149389
18.223665, 0.064994, 7.149389
18.225257, 0.064994, 7.149389
18.228877, 0.064994, 7.149389
18.231599, 0.064994, 7.149389
18.233370, 0.064994, 7.149389
18.235105, 0.064994, 7.149389
18.236941, 0.064994, 7.149389
18.238681, 0.064994, 7.149389
18.240283, 0.064994, 7.149389
18.241935, 0.064994, 7.149389
18.243752, 0.064994, 7.149389
18.245771, 0.064994, 7.149389
18.247511, 0.064994, 7.149389
18.249149, 0.064994, 7.149389
18.250774, 0.064994, 7.149389
18.252474, 0.064994, 7.149389
18.254165, 0.064994, 7.149389
18.256139, 0.064994, 7.149389
18.257829, 0.064994, 7.149389
18.259507, 0.064994, 7.149389
18.261223, 0.064994, 7.149389
18.262852, 0.064994, 7.149389
18.264583, 0.064994, 7.149389
18.266705, 0.064994, 7.149389
18.268386, 0.064994, 7.149389
18.270064, 0.064994, 7.149389
18.271758, 0.064994, 7.149389
18.273445, 0.064994, 7.149389
18.275026, 0.064994, 7.149389
18.276864, 0.064994, 7.149389
18.278466, 0.064994, 7.149389
18.280377, 0.064994, 7.149389
18.282796, 0.064994, 7.149389
18.284406, 0.064994, 7.149389
18.287033, 0.064994, 7.149389
18.289568, 0.064994, 7.149389
18.291220, 0.064994, 7.149389
18.292902, 0.064994, 7.149389
18.294479, 0.064994, 7.149389
18.296738, 0.064994, 7.149389
18.298530, 0.064994, 7.149389
18.300247, 0.064994, 7.149389
18.301839, 0.064994, 7.149389
18.303512, 0.064994, 7.149389
18.305113, 0.064994, 7.149389
18.306997, 0.064994, 7.149389
18.309370, 0.064994, 7.149389
18.311511, 0.064994, 7.149389
18.313696, 0.064994, 7.149389
18.315817, 0.064994, 7.149389
18.318085, 0.064994, 7.149389
18.320162, 0.064994, 7.149389
18.322525, 0.064994, 7.149389
18.325094, 0.064994, 7.149389
18.328228, 0.064994, 7.149389
18.330686, 0.064994, 7.149389
18.333164, 0.064994, 7.149389
18.334936, 0.064994, 7.149389
18.336672, 0.064994, 7.149389
18.338316, 0.064994, 7.149389
18.339917, 0.064994, 7.149389
18.341767, 0.064994, 7.149389
18.343445, 0.064994, 7.149389
18.345151, 0.064994, 7.149389
18.347699, 0.064994, 7.149389
18.349829, 0.064994, 7.149389
18.351598, 0.064994, 7.149389
18.353222, 0.064994, 7.149389
18.354837, 0.064994, 7.149389
18.356614, 0.064994, 7.149389
18.358407, 0.064994, 7.149389
18.360133, 0.064994, 7.149389
18.361853, 0.064994, 7.149389
18.364818, 0.064994, 7.149389
18.366603, 0.064994, 7.149389
18.368323, 0.064994, 7.149389
18.369905, 0.064994, 7.149389
18.371497, 0.064994, 7.149389
18.373280, 0.064994, 7.149389
18.374939, 0.064994, 7.149389
18.376686, 0.064994, 7.149389
18.378292, 0.064994, 7.149389
18.379935, 0.064994, 7.149389
18.381581, 0.064994, 7.149389
18.384198, 0.064994, 7.149389
18.386576, 0.064994, 7.149389
18.388336, 0.064994, 7.149389
18.390146, 0.064994, 7.149389
18.391804, 0.064994, 7.149389
18.393640, 0.064994, 7.149389
18.395316, 0.064994, 7.149389
18.397180, 0.064994, 7.149389
18.398851, 0.064994, 7.149389
18.400576, 0.064994, 7.149389
18.402298, 0.064994, 7.149389
18.404126, 0.064994, 7.149389
18.405840, 0.064994, 7.149389
18.407621, 0.064994, 7.149389
18.409225, 0.064994, 7.149389
18.410822, 0.064994, 7.149389
18.412459, 0.064994, 7.149389
18.414429, 0.064994, 7.149389
18.416127, 0.064994, 7.149389
18.418011, 0.064994, 7.149389
18.419694, 0.064994, 7.149389
18.421357, 0.064994, 7.149389
18.423142, 0.064994, 7.149389
18.426429, 0.064994, 7.149389
18.428304, 0.064994, 7.149389
18.430283, 0.064994, 7.149389
18.431978, 0.064994, 7.149389
18.433949, 0.064994, 7.149389
18.435849, 0.064994, 7.149389
18.437582, 0.064994, 7.149389
18.439181, 0.064994, 7.149389
18.440772, 0.064994, 7.149389
18.442365, 0.064994, 7.149389
18.445200, 0.064994, 7.149389
18.446930, 0.064994, 7.149389
18.448720, 0.064994, 7.149389
18.450457, 0.064994, 7.149389
18.452127, 0.064994, 7.149389
18.453892, 0.064994, 7.149389
18.455510, 0.064994, 7.149389
18.457108, 0.064994, 7.149389
18.458675, 0.064994, 7.149389
18.460256, 0.064994, 7.149389
18.461844, 0.064994, 7.149389
18.463723, 0.064994, 7.149389
18.465548, 0.064994, 7.149389
18.467299, 0.064994, 7.149389
18.468964, 0.064994, 7.149389
18.470575, 0.064994, 7.149389
18.472280, 0.064994, 7.149389
18.474173, 0.064994, 7.149389
18.475867, 0.064994, 7.149389
18.477636, 0.064994, 7.149389
18.479301, 0.064994, 7.149389
18.480955, 0.064994, 7.149389
18.482574, 0.064994, 7.149389
18.484506, 0.064994, 7.149389
18.486106, 0.064994, 7.149389
18.487703, 0.064994, 7.149389
18.489300, 0.064994, 7.149389
18.490860, 0.064994, 7.149389
18.492443, 0.064994, 7.149389
18.494620, 0.064994, 7.149389
18.496589, 0.064994, 7.149389
18.498308, 0.064994, 7.149389
18.500069, 0.064994, 7.149389
18.501889, 0.064994, 7.149389
18.503722, 0.064994, 7.149389
18.505396, 0.064994, 7.149389
18.507015, 0.064994, 7.149389
18.508765, 0.064994, 7.149389
18.510489, 0.064994, 7.149389
18.512612, 0.064994, 7.149389
18.515351, 0.064994, 7.149389
18.517185, 0.064994, 7.149389
18.518947, 0.064994, 7.149389
18.520818, 0.064994, 7.149389
18.522435, 0.064994, 7.149389
18.524111, 0.064994, 7.149389
18.525796, 0.064994, 7.149389
18.527566, 0.064994, 7.149389
18.529147, 0.064994, 7.149389
18.530779, 0.064994, 7.149389
18.532538, 0.064994, 7.149389
18.534331, 0.064994, 7.149389
18.535930, 0.064994, 7.149389
18.537516, 0.064994, 7.149389
18.539095, 0.064994, 7.149389
18.540664, 0.064994, 7.149389
18.542242, 0.064994, 7.149389
18.543993, 0.064994, 7.149389
18.545595, 0.064994, 7.149389
18.547361, 0.064994, 7.149389
18.549112, 0.064994, 7.149389
18.550952, 0.064994, 7.149389
18.552554, 0.064994, 7.149389
18.554303, 0.064994, 7.149389
18.556052, 0.064994, 7.149389
18.557793, 0.064994, 7.149389
18.559384, 0.064994, 7.149389
18.560948, 0.064994, 7.149389
18.562527, 0.064994, 7.149389
18.564367, 0.064994, 7.149389
18.566162, 0.064994, 7.149389
18.567885, 0.064994, 7.149389
18.569486, 0.064994, 7.149389
18.571048, 0.064994, 7.149389
18.572627, 0.064994, 7.149389
18.574377, 0.064994, 7.149389
18.576031, 0.064994, 7.149389
18.577869, 0.064994, 7.149389
18.579458, 0.064994, 7.149389
18.581088, 0.064994, 7.149389
18.582881, 0.064994, 7.149389
18.584766, 0.064994, 7.149389
18.586556, 0.064994, 7.149389
18.588270, 0.064994, 7.149389
18.589863, 0.064994, 7.149389
18.591486, 0.064994, 7.149389
18.593043, 0.064994, 7.149389
18.594930, 0.064994, 7.149389
18.596596, 0.064994, 7.149389
18.598231, 0.064994, 7.149389
18.599959, 0.064994, 7.149389
18.601770, 0.064994, 7.149389
18.603535, 0.064994, 7.149389
18.605248, 0.064994, 7.149389
18.606880, 0.064994, 7.149389
18.608557, 0.064994, 7.149389
18.610164, 0.064994, 7.149389
18.611774, 0.064994, 7.149389
18.613444, 0.064994, 7.149389
18.615115, 0.064994, 7.149389
18.616906, 0.064994, 7.149389
18.618725, 0.064994, 7.149389
18.621784, 0.064994, 7.149389
18.623601, 0.064994, 7.149389
18.625352, 0.064994, 7.149389
18.627063, 0.064994, 7.149389
18.628742, 0.064994, 7.149389
18.630413, 0.064994, 7.149389
18.632067, 0.064994, 7.149389
18.634026, 0.064994, 7.149389
18.637573, 0.064994, 7.149389
18.639377, 0.064994, 7.149389
18.641098, 0.064994, 7.149389
18.642793, 0.064994, 7.149389
18.644467, 0.064994, 7.149389
18.646132, 0.064994, 7.149389
18.648912, 0.064994, 7.149389
18.651081, 0.064994, 7.149389
18.652759, 0.064994, 7.149389
18.654393, 0.064994, 7.149389
18.656064, 0.064994, 7.149389
18.657728, 0.064994, 7.149389
18.659382, 0.064994, 7.149389
18.661034, 0.064994, 7.149389
18.662776, 0.064994, 7.149389
18.664480, 0.064994, 7.149389
18.666141, 0.064994, 7.149389
18.667806, 0.064994, 7.149389
18.669489, 0.064994, 7.149389
18.671212, 0.064994, 7.149389
18.672845, 0.064994, 7.149389
18.674459, 0.064994, 7.149389
18.676056, 0.064994, 7.149389
18.677799, 0.064994, 7.149389
18.679438, 0.064994, 7.149389
18.681287, 0.064994, 7.149389
18.682951, 0.064994, 7.149389
18.684555, 0.064994, 7.149389
18.686222, 0.064994, 7.149389
18.688451, 0.064994, 7.149389
18.690344, 0.064994, 7.149389
18.692114, 0.064994, 7.149389
18.693936, 0.064994, 7.149389
18.695547, 0.064994, 7.149389
18.697201, 0.064994, 7.149389
18.698799, 0.064994, 7.149389
18.700610, 0.064994, 7.149389
18.702354, 0.064994, 7.149389
18.704082, 0.064994, 7.149389
18.705695, 0.064994, 7.149389
18.707289, 0.064994, 7.149389
18.708866, 0.064994, 7.149389
18.710556, 0.064994, 7.149389
18.712156, 0.064994, 7.149389
18.713837, 0.064994, 7.149389
18.715505, 0.064994, 7.149389
18.717213, 0.064994, 7.149389
18.718863, 0.064994, 7.149389
18.720620, 0.064994, 7.149389
18.722385, 0.064994, 7.149389
18.724144, 0.064994, 7.149389
18.725715, 0.064994, 7.149389
18.727306, 0.064994, 7.149389
18.728970, 0.064994, 7.149389
18.730854, 0.064994, 7.149389
18.732674, 0.064994, 7.149389
18.734375, 0.064994, 7.149389
18.735981, 0.064994, 7.149389
18.737678, 0.064994, 7.149389
18.739327, 0.064994, 7.149389
18.741074, 0.064994, 7.149389
18.742745, 0.064994, 7.149389
18.744417, 0.064994, 7.149389
18.746039, 0.064994, 7.149389
18.747770, 0.064994, 7.149389
18.749458, 0.064994, 7.149389
18.751376, 0.064994, 7.149389
18.753094, 0.064994, 7.149389
18.754942, 0.064994, 7.149389
18.756551, 0.064994, 7.149389
18.758156, 0.064994, 7.149389
18.759804, 0.064994, 7.149389
18.761438, 0.064994, 7.149389
18.763186, 0.064994, 7.149389
18.764964, 0.064994, 7.149389
18.766693, 0.064994, 7.149389
18.768480, 0.064994, 7.149389
18.770364, 0.064994, 7.149389
18.772110, 0.064994, 7.149389
18.773916, 0.064994, 7.149389
18.775496, 0.064994, 7.149389
18.777088, 0.064994, 7.149389
18.778673, 0.064994, 7.149389
18.780482, 0.064994, 7.149389
18.782501, 0.064994, 7.149389
18.784290, 0.064994, 7.149389
18.786077, 0.064994, 7.149389
18.787674, 0.064994, 7.149389
18.789268, 0.064994, 7.149389
18.790962, 0.064994, 7.149389
18.792560, 0.064994, 7.149389
18.794151, 0.064994, 7.149389
18.795717, 0.064994, 7.149389
18.797347, 0.064994, 7.149389
18.798994, 0.064994, 7.149389
18.800824, 0.064994, 7.149389
18.802576, 0.064994, 7.149389
18.804169, 0.064994, 7.149389
18.805744, 0.064994, 7.149389
18.807331, 0.064994, 7.149389
18.808922, 0.064994, 7.149389
18.810797, 0.064994, 7.149389
18.812642, 0.064994, 7.149389
18.815330, 0.064994, 7.149389
18.817249, 0.064994, 7.149389
18.818985, 0.064994, 7.149389
18.820865, 0.064994, 7.149389
18.822525, 0.064994, 7.149389
18.824290, 0.064994, 7.149389
18.825890, 0.064994, 7.149389
18.827463, 0.062446, 6.869006
18.829079, 0.064994, 7.149389
18.831066, 0.064994, 7.149389
18.832793, 0.064994, 7.149389
18.834569, 0.064994, 7.149389
18.836176, 0.064994, 7.149389
18.837772, 0.064994, 7.149389
18.839354, 0.064994, 7.149389
18.841108, 0.064994, 7.149389
18.842827, 0.064994, 7.149389
18.844539, 0.064994, 7.149389
18.846170, 0.064994, 7.149389
18.847896, 0.064994, 7.149389
18.849657, 0.064994, 7.149389
18.852955, 0.064994, 7.149389
18.854707, 0.064994, 7.149389
18.856337, 0.064994, 7.149389
18.857912, 0.064994, 7.149389
18.859518, 0.064994, 7.149389
18.861638, 0.064994, 7.149389
18.863725, 0.064994, 7.149389
18.866312, 0.064994, 7.149389
18.868054, 0.064994, 7.149389
18.869655, 0.064994, 7.149389
18.871507, 0.064994, 7.149389
18.873231, 0.064994, 7.149389
18.874978, 0.064994, 7.149389
18.876552, 0.064994, 7.149389
18.878147, 0.064994, 7.149389
18.879878, 0.064994, 7.149389
18.881732, 0.064994, 7.149389
18.883500, 0.064994, 7.149389
18.885193, 0.064994, 7.149389
18.886819, 0.064994, 7.149389
18.888419, 0.064994, 7.149389
18.890053, 0.064994, 7.149389
18.893247, 0.064994, 7.149389
18.894906, 0.064994, 7.149389
18.896672, 0.064994, 7.149389
18.898344, 0.064994, 7.149389
18.900012, 0.064994, 7.149389
18.901923, 0.062446, 6.869006
18.903612, 0.064994, 7.149389
18.905313, 0.064994, 7.149389
18.906922, 0.064994, 7.149389
18.908525, 0.064994, 7.149389
18.910100, 0.064994, 7.149389
18.912010, 0.064994, 7.149389
18.914278, 0.064994, 7.149389
18.915968, 0.064994, 7.149389
18.917746, 0.064994, 7.149389
18.919343, 0.064994, 7.149389
18.921497, 0.064994, 7.149389
18.925249, 0.064994, 7.149389
18.927108, 0.064994, 7.149389
18.928714, 0.064994, 7.149389
18.930416, 0.064994, 7.149389
18.933147, 0.064994, 7.149389
18.935843, 0.064994, 7.149389
18.937620, 0.064994, 7.149389
18.939538, 0.064994, 7.149389
18.941364, 0.064994, 7.149389
18.943017, 0.064994, 7.149389
18.944623, 0.064994, 7.149389
18.947191, 0.062446, 6.869006
18.950131, 0.064994, 7.149389
18.951861, 0.062446, 6.869006
18.953597, 0.064994, 7.149389
18.955210, 0.064994, 7.149389
18.956801, 0.064994, 7.149389
18.958421, 0.064994, 7.149389
18.960001, 0.064994, 7.149389
18.961823, 0.064994, 7.149389
18.964821, 0.064994, 7.149389
18.966796, 0.064994, 7.149389
18.968472, 0.064994, 7.149389
18.970067, 0.064994, 7.149389
18.971670, 0.064994, 7.149389
18.973253, 0.064994, 7.149389
18.974862, 0.064994, 7.149389
18.976529, 0.064994, 7.149389
18.978227, 0.064994, 7.149389
18.980567, 0.064994, 7.149389
18.982662, 0.064994, 7.149389
18.984315, 0.064994, 7.149389
18.985906, 0.064994, 7.149389
18.987498, 0.064994, 7.149389
18.989056, 0.064994, 7.149389
18.990831, 0.064994, 7.149389
18.992449, 0.064994, 7.149389
18.994128, 0.064994, 7.149389
18.995821, 0.067543, 7.429772
18.997479, 0.064994, 7.149389
18.999150, 0.064994, 7.149389
19.000817, 0.064994, 7.149389
19.002443, 0.064994, 7.149389
19.004057, 0.064994, 7.149389
19.005713, 0.064994, 7.149389
19.007385, 0.064994, 7.149389
19.009182, 0.064994, 7.149389
19.010900, 0.064994, 7.149389
19.012594, 0.064994, 7.149389
19.014318, 0.064994, 7.149389
19.016064, 0.064994, 7.149389
19.017919, 0.064994, 7.149389
19.019849, 0.064994, 7.149389
19.021622, 0.064994, 7.149389
19.023394, 0.064994, 7.149389
19.025022, 0.064994, 7.149389
19.026609, 0.064994, 7.149389
19.028191, 0.064994, 7.149389
19.030048, 0.064994, 7.149389
19.031917, 0.064994, 7.149389
19.033706, 0.064994, 7.149389
19.035345, 0.064994, 7.149389
19.036939, 0.064994, 7.149389
19.038530, 0.064994, 7.149389
19.040318, 0.064994, 7.149389
19.042034, 0.064994, 7.149389
19.044302, 0.064994, 7.149389
19.046170, 0.064994, 7.149389
19.047927, 0.064994, 7.149389
19.049724, 0.064994, 7.149389
19.051556, 0.064994, 7.149389
19.053157, 0.064994, 7.149389
19.054966, 0.064994, 7.149389
19.056567, 0.064994, 7.149389
19.058157, 0.064994, 7.149389
19.059904, 0.064994, 7.149389
19.061580, 0.064994, 7.149389
19.063356, 0.064994, 7.149389
19.065203, 0.064994, 7.149389
19.066985, 0.064994, 7.149389
19.068767, 0.064994, 7.149389
19.070447, 0.064994, 7.149389
19.072059, 0.064994, 7.149389
19.073658, 0.064994, 7.149389
19.075232, 0.064994, 7.149389
19.076816, 0.064994, 7.149389
19.078403, 0.064994, 7.149389
19.080200, 0.064994, 7.149389
19.082934, 0.064994, 7.149389
19.084785, 0.064994, 7.149389
19.086385, 0.064994, 7.149389
19.087976, 0.064994, 7.149389
19.089559, 0.064994, 7.149389
19.091269, 0.064994, 7.149389
19.092931, 0.064994, 7.149389
19.094615, 0.064994, 7.149389
19.096215, 0.064994, 7.149389
19.097875, 0.064994, 7.149389
19.099522, 0.064994, 7.149389
19.101485, 0.064994, 7.149389
19.103206, 0.064994, 7.149389
19.105037, 0.064994, 7.149389
19.106704, 0.064994, 7.149389
19.108358, 0.064994, 7.149389
19.110010, 0.064994, 7.149389
19.111599, 0.064994, 7.149389
19.113204, 0.064994, 7.149389
19.114910, 0.064994, 7.149389
19.116643, 0.064994, 7.149389
19.118240, 0.064994, 7.149389
19.119908, 0.064994, 7.149389
19.121492, 0.064994, 7.149389
19.123075, 0.064994, 7.149389
19.124650, 0.064994, 7.149389
19.126224, 0.064994, 7.149389
19.127794, 0.064994, 7.149389
19.129365, 0.064994, 7.149389
19.131343, 0.064994, 7.149389
19.133035, 0.064994, 7.149389
19.134801, 0.064994, 7.149389
19.136387, 0.064994, 7.149389
19.137961, 0.064994, 7.149389
19.139532, 0.064994, 7.149389
19.142462, 0.064994, 7.149389
19.144153, 0.064994, 7.149389
19.145745, 0.064994, 7.149389
19.147445, 0.064994, 7.149389
19.149052, 0.064994, 7.149389
19.150874, 0.064994, 7.149389
19.152473, 0.064994, 7.149389
19.154056, 0.064994, 7.149389
19.155647, 0.064994, 7.149389
19.157208, 0.064994, 7.149389
19.158789, 0.064994, 7.149389
19.160644, 0.064994, 7.149389
19.162393, 0.064994, 7.149389
19.164129, 0.064994, 7.149389
19.165830, 0.064994, 7.149389
19.167548, 0.064994, 7.149389
19.169123, 0.064994, 7.149389
19.171850, 0.064994, 7.149389
19.173638, 0.064994, 7.149389
19.175397, 0.064994, 7.149389
19.177080, 0.064994, 7.149389
19.178712, 0.064994, 7.149389
19.181677, 0.064994, 7.149389
19.183387, 0.064994, 7.149389
19.185272, 0.064994, 7.149389
19.186994, 0.064994, 7.149389
19.188711, 0.064994, 7.149389
19.190407, 0.064994, 7.149389
19.192075, 0.064994, 7.149389
19.193677, 0.064994, 7.149389
19.195271, 0.064994, 7.149389
19.198177, 0.064994, 7.149389
19.199975, 0.064994, 7.149389
19.201803, 0.064994, 7.149389
19.203545, 0.064994, 7.149389
19.205154, 0.064994, 7.149389
19.206749, 0.064994, 7.149389
19.208335, 0.064994, 7.149389
19.209937, 0.064994, 7.149389
19.211533, 0.064994, 7.149389
19.213623, 0.064994, 7.149389
19.216013, 0.064994, 7.149389
19.217869, 0.064994, 7.149389
19.219998, 0.064994, 7.149389
19.221695, 0.064994, 7.149389
19.223305, 0.064994, 7.149389
19.224870, 0.064994, 7.149389
19.226454, 0.064994, 7.149389
19.228037, 0.064994, 7.149389
19.229633, 0.064994, 7.149389
19.231322, 0.064994, 7.149389
19.233187, 0.064994, 7.149389
19.235983, 0.064994, 7.149389
19.237753, 0.064994, 7.149389
19.239357, 0.064994, 7.149389
19.240952, 0.064994, 7.149389
19.242527, 0.064994, 7.149389
19.244265, 0.064994, 7.149389
19.245973, 0.064994, 7.149389
19.248710, 0.064994, 7.149389
19.250352, 0.064994, 7.149389
19.252006, 0.064994, 7.149389
19.254426, 0.064994, 7.149389
19.256624, 0.064994, 7.149389
19.258427, 0.064994, 7.149389
19.260179, 0.064994, 7.149389
19.261927, 0.064994, 7.149389
19.264555, 0.064994, 7.149389
19.267352, 0.064994, 7.149389
19.269214, 0.064994, 7.149389
19.271002, 0.064994, 7.149389
19.272832, 0.064994, 7.149389
19.274572, 0.064994, 7.149389
19.276189, 0.064994, 7.149389
19.277792, 0.064994, 7.149389
19.279448, 0.064994, 7.149389
19.281250, 0.064994, 7.149389
19.282928, 0.064994, 7.149389
19.284999, 0.064994, 7.149389
19.286680, 0.064994, 7.149389
19.288429, 0.064994, 7.149389
19.290026, 0.064994, 7.149389
19.291618, 0.064994, 7.149389
19.293184, 0.064994, 7.149389
19.295876, 0.064994, 7.149389
19.297622, 0.064994, 7.149389
19.299442, 0.064994, 7.149389
19.301193, 0.064994, 7.149389
19.302793, 0.064994, 7.149389
19.304477, 0.064994, 7.149389
19.306076, 0.064994, 7.149389
19.307677, 0.064994, 7.149389
19.309410, 0.064994, 7.149389
19.311035, 0.064994, 7.149389
19.312798, 0.064994, 7.149389
19.316030, 0.064994, 7.149389
19.317810, 0.064994, 7.149389
19.319506, 0.064994, 7.149389
19.321111, 0.064994, 7.149389
19.322782, 0.064994, 7.149389
19.325197, 0.064994, 7.149389
19.327303, 0.064994, 7.149389
19.328952, 0.064994, 7.149389
19.330674, 0.064994, 7.149389
19.332367, 0.064994, 7.149389
19.334105, 0.064994, 7.149389
19.335791, 0.064994, 7.149389
19.337438, 0.064994, 7.149389
19.339118, 0.064994, 7.149389
19.340766, 0.064994, 7.149389
19.342396, 0.064994, 7.149389
19.344789, 0.064994, 7.149389
19.348238, 0.064994, 7.149389
19.349953, 0.064994, 7.149389
19.351738, 0.064994, 7.149389
19.353520, 0.064994, 7.149389
19.355471, 0.064994, 7.149389
19.357120, 0.064994, 7.149389
19.358862, 0.064994, 7.149389
19.360468, 0.064994, 7.149389
19.362075, 0.064994, 7.149389
19.364672, 0.064994, 7.149389
19.367344, 0.064994, 7.149389
19.369064, 0.062446, 6.869006
19.370660, 0.064994, 7.149389
19.372246, 0.064994, 7.149389
19.373859, 0.064994, 7.149389
19.375523, 0.064994, 7.149389
19.377106, 0.064994, 7.149389
19.378702, 0.064994, 7.149389
19.380492, 0.064994, 7.149389
19.382280, 0.064994, 7.149389
19.384290, 0.064994, 7.149389
19.386848, 0.064994, 7.149389
19.388462, 0.064994, 7.149389
19.390047, 0.064994, 7.149389
19.391634, 0.064994, 7.149389
19.393210, 0.064994, 7.149389
19.394822, 0.064994, 7.149389
19.396563, 0.064994, 7.149389
19.398268, 0.064994, 7.149389
19.399928, 0.064994, 7.149389
19.401660, 0.064994, 7.149389
19.404005, 0.064994, 7.149389
19.405799, 0.064994, 7.149389
19.407494, 0.064994, 7.149389
19.409158, 0.064994, 7.149389
19.410748, 0.062446, 6.869006
19.412400, 0.064994, 7.149389
19.415639, 0.064994, 7.149389
19.417894, 0.064994, 7.149389
19.419605, 0.064994, 7.149389
19.421216, 0.064994, 7.149389
19.422810, 0.064994, 7.149389
19.424555, 0.064994, 7.149389
19.426339, 0.064994, 7.149389
19.428024, 0.064994, 7.149389
19.429814, 0.064994, 7.149389
19.431532, 0.064994, 7.149389
19.433224, 0.064994, 7.149389
19.435169, 0.064994, 7.149389
19.436851, 0.064994, 7.149389
19.438622, 0.064994, 7.149389
19.440228, 0.064994, 7.149389
19.441809, 0.064994, 7.149389
19.443381, 0.064994, 7.149389
19.446263, 0.064994, 7.149389
19.448014, 0.064994, 7.149389
19.449690, 0.064994, 7.149389
19.451406, 0.064994, 7.149389
19.453003, 0.064994, 7.149389
19.454752, 0.064994, 7.149389
19.456416, 0.064994, 7.149389
19.457991, 0.064994, 7.149389
19.459575, 0.064994, 7.149389
19.461169, 0.064994, 7.149389
19.462806, 0.064994, 7.149389
19.466721, 0.064994, 7.149389
19.468392, 0.064994, 7.149389
19.470096, 0.064994, 7.149389
19.471675, 0.064994, 7.149389
19.473329, 0.064994, 7.149389
19.474985, 0.064994, 7.149389
19.476584, 0.064994, 7.149389
19.478167, 0.064994, 7.149389
19.479882, 0.064994, 7.149389
19.481529, 0.064994, 7.149389
19.483186, 0.064994, 7.149389
19.485166, 0.064994, 7.149389
19.486807, 0.064994, 7.149389
19.488410, 0.064994, 7.149389
19.490005, 0.064994, 7.149389
19.491574, 0.064994, 7.149389
19.493159, 0.064994, 7.149389
19.494937, 0.064994, 7.149389
19.497205, 0.064994, 7.149389
19.499708, 0.064994, 7.149389
19.501466, 0.064994, 7.149389
19.503216, 0.064994, 7.149389
19.504942, 0.064994, 7.149389
19.506599, 0.064994, 7.149389
19.508254, 0.064994, 7.149389
19.509915, 0.064994, 7.149389
19.511505, 0.064994, 7.149389
19.513169, 0.064994, 7.149389
19.516358, 0.064994, 7.149389
19.518138, 0.064994, 7.149389
19.519845, 0.064994, 7.149389
19.521615, 0.064994, 7.149389
19.523227, 0.064994, 7.149389
19.525011, 0.064994, 7.149389
19.526611, 0.064994, 7.149389
19.528202, 0.064994, 7.149389
19.529857, 0.064994, 7.149389
19.532612, 0.064994, 7.149389
19.535013, 0.064994, 7.149389
19.537171, 0.064994, 7.149389
19.540711, 0.064994, 7.149389
19.542504, 0.064994, 7.149389
19.544179, 0.064994, 7.149389
19.546533, 0.064994, 7.149389
19.549672, 0.064994, 7.149389
19.551668, 0.064994, 7.149389
19.553354, 0.064994, 7.149389
19.555055, 0.064994, 7.149389
19.556673, 0.064994, 7.149389
19.558269, 0.064994, 7.149389
19.559882, 0.064994, 7.149389
19.561482, 0.064994, 7.149389
19.563431, 0.064994, 7.149389
19.565527, 0.064994, 7.149389
19.567347, 0.064994, 7.149389
19.569051, 0.064994, 7.149389
19.570669, 0.064994, 7.149389
19.572264, 0.064994, 7.149389
19.573870, 0.064994, 7.149389
19.575456, 0.064994, 7.149389
19.577049, 0.062446, 6.869006
19.578656, 0.064994, 7.149389
19.581273, 0.064994, 7.149389
19.583313, 0.064994, 7.149389
19.585017, 0.064994, 7.149389
19.586632, 0.064994, 7.149389
19.588703, 0.064994, 7.149389
19.590502, 0.064994, 7.149389
19.592247, 0.064994, 7.149389
19.593925, 0.064994, 7.149389
19.595582, 0.064994, 7.149389
19.598165, 0.062446, 6.869006
19.600178, 0.064994, 7.149389
19.602039, 0.064994, 7.149389
19.603756, 0.064994, 7.149389
19.605393, 0.064994, 7.149389
19.606982, 0.064994, 7.149389
19.608573, 0.064994, 7.149389
19.610689, 0.064994, 7.149389
19.612645, 0.064994, 7.149389
19.615117, 0.064994, 7.149389
19.616868, 0.064994, 7.149389
19.618607, 0.064994, 7.149389
19.621024, 0.064994, 7.149389
19.624102, 0.064994, 7.149389
19.625860, 0.064994, 7.149389
19.627506, 0.064994, 7.149389
19.629221, 0.064994, 7.149389
19.632572, 0.064994, 7.149389
19.634401, 0.064994, 7.149389
19.636137, 0.064994, 7.149389
19.637815, 0.064994, 7.149389
19.639875, 0.064994, 7.149389
19.643732, 0.064994, 7.149389
19.645382, 0.064994, 7.149389
19.647215, 0.064994, 7.149389
19.648909, 0.064994, 7.149389
19.650780, 0.064994, 7.149389
19.652494, 0.064994, 7.149389
19.654259, 0.064994, 7.149389
19.656259, 0.064994, 7.149389
19.658086, 0.064994, 7.149389
19.659913, 0.064994, 7.149389
19.661772, 0.064994, 7.149389
19.663453, 0.064994, 7.149389
19.665147, 0.064994, 7.149389
19.666785, 0.064994, 7.149389
19.668471, 0.064994, 7.149389
19.670259, 0.064994, 7.149389
19.671949, 0.064994, 7.149389
19.673579, 0.064994, 7.149389
19.675472, 0.064994, 7.149389
19.677116, 0.064994, 7.149389
19.678695, 0.064994, 7.149389
19.680956, 0.064994, 7.149389
19.682693, 0.064994, 7.149389
19.684334, 0.064994, 7.149389
19.685927, 0.064994, 7.149389
19.687540, 0.064994, 7.149389
19.689880, 0.064994, 7.149389
19.692106, 0.064994, 7.149389
19.693744, 0.062446, 6.869006
19.695329, 0.064994, 7.149389
19.697014, 0.064994, 7.149389
19.699434, 0.064994, 7.149389
19.701336, 0.064994, 7.149389
19.703064, 0.064994, 7.149389
19.704820, 0.064994, 7.149389
19.706430, 0.064994, 7.149389
19.708034, 0.064994, 7.149389
19.709641, 0.064994, 7.149389
19.711237, 0.064994, 7.149389
19.713071, 0.064994, 7.149389
19.715433, 0.064994, 7.149389
19.717385, 0.064994, 7.149389
19.719134, 0.064994, 7.149389
19.720765, 0.064994, 7.149389
19.722376, 0.064994, 7.149389
19.723964, 0.064994, 7.149389
19.725563, 0.064994, 7.149389
19.727148, 0.064994, 7.149389
19.728814, 0.064994, 7.149389
19.731550, 0.064994, 7.149389
19.733276, 0.064994, 7.149389
19.734981, 0.064994, 7.149389
19.736575, 0.064994, 7.149389
19.738180, 0.064994, 7.149389
19.739762, 0.064994, 7.149389
19.741351, 0.064994, 7.149389
19.743025, 0.064994, 7.149389
19.744607, 0.064994, 7.149389
19.747569, 0.064994, 7.149389
19.749407, 0.064994, 7.149389
19.751125, 0.064994, 7.149389
19.752726, 0.064994, 7.149389
19.754296, 0.064994, 7.149389
19.755875, 0.064994, 7.149389
19.757622, 0.064994, 7.149389
19.759223, 0.064994, 7.149389
19.760809, 0.064994, 7.149389
19.762402, 0.064994, 7.149389
19.764069, 0.064994, 7.149389
19.765696, 0.064994, 7.149389
19.767577, 0.064994, 7.149389
19.769230, 0.064994, 7.149389
19.770908, 0.064994, 7.149389
19.773120, 0.064994, 7.149389
19.774851, 0.064994, 7.149389
19.776490, 0.064994, 7.149389
19.778289, 0.064994, 7.149389
19.779992, 0.064994, 7.149389
19.781672, 0.064994, 7.149389
19.783357, 0.064994, 7.149389
19.785065, 0.064994, 7.149389
19.786639, 0.064994, 7.149389
19.789109, 0.064994, 7.149389
19.791344, 0.064994, 7.149389
19.793065, 0.064994, 7.149389
19.794827, 0.064994, 7.149389
19.796492, 0.064994, 7.149389
19.799305, 0.064994, 7.149389
19.801092, 0.064994, 7.149389
19.802901, 0.064994, 7.149389
19.804492, 0.064994, 7.149389
19.806085, 0.064994, 7.149389
19.807670, 0.064994, 7.149389
19.809856, 0.062446, 6.869006
19.811550, 0.064994, 7.149389
19.813251, 0.064994, 7.149389
19.814859, 0.064994, 7.149389
19.816569, 0.064994, 7.149389
19.818390, 0.064994, 7.149389
19.820007, 0.064994, 7.149389
19.821617, 0.064994, 7.149389
19.823298, 0.064994, 7.149389
19.824858, 0.064994, 7.149389
19.826406, 0.064994, 7.149389
19.828035, 0.064994, 7.149389
19.829735, 0.064994, 7.149389
19.831409, 0.064994, 7.149389
19.833138, 0.064994, 7.149389
19.834858, 0.064994, 7.149389
19.836424, 0.064994, 7.149389
19.838089, 0.064994, 7.149389
19.839748, 0.064994, 7.149389
19.841377, 0.064994, 7.149389
19.843097, 0.064994, 7.149389
19.844669, 0.064994, 7.149389
19.846257, 0.064994, 7.149389
19.847908, 0.064994, 7.149389
19.849687, 0.064994, 7.149389
19.851600, 0.064994, 7.149389
19.853374, 0.064994, 7.149389
19.855618, 0.064994, 7.149389
19.859028, 0.064994, 7.149389
19.861242, 0.064994, 7.149389
19.863230, 0.064994, 7.149389
19.865480, 0.064994, 7.149389
19.867505, 0.064994, 7.149389
19.870458, 0.062446, 6.869006
19.872761, 0.064994, 7.149389
19.874503, 0.064994, 7.149389
19.876227, 0.064994, 7.149389
19.877920, 0.064994, 7.149389
19.879721, 0.064994, 7.149389
19.881480, 0.064994, 7.149389
19.883205, 0.064994, 7.149389
19.884923, 0.064994, 7.149389
19.886522, 0.064994, 7.149389
19.888099, 0.064994, 7.149389
19.890151, 0.064994, 7.149389
19.891828, 0.064994, 7.149389
19.893665, 0.064994, 7.149389
19.895254, 0.064994, 7.149389
19.896994, 0.064994, 7.149389
19.898834, 0.064994, 7.149389
19.900448, 0.064994, 7.149389
19.902526, 0.064994, 7.149389
19.904882, 0.064994, 7.149389
19.906957, 0.064994, 7.149389
19.908933, 0.064994, 7.149389
19.911212, 0.064994, 7.149389
19.913304, 0.064994, 7.149389
19.916394, 0.064994, 7.149389
19.918265, 0.064994, 7.149389
19.920214, 0.064994, 7.149389
19.921997, 0.064994, 7.149389
19.923752, 0.064994, 7.149389
19.925678, 0.064994, 7.149389
19.927596, 0.064994, 7.149389
19.929367, 0.064994, 7.149389
19.931142, 0.064994, 7.149389
19.932919, 0.064994, 7.149389
19.934612, 0.064994, 7.149389
19.936232, 0.064994, 7.149389
19.937879, 0.064994, 7.149389
19.939630, 0.064994, 7.149389
19.941251, 0.064994, 7.149389
19.942849, 0.064994, 7.149389
19.944421, 0.064994, 7.149389
19.945997, 0.064994, 7.149389
19.947734, 0.064994, 7.149389
19.949901, 0.064994, 7.149389
19.951784, 0.064994, 7.149389
19.953580, 0.064994, 7.149389
19.955188, 0.064994, 7.149389
19.957249, 0.064994, 7.149389
19.958946, 0.064994, 7.149389
19.960555, 0.064994, 7.149389
19.962114, 0.064994, 7.149389
19.963845, 0.064994, 7.149389
19.965518, 0.064994, 7.149389
19.967197, 0.064994, 7.149389
19.968955, 0.064994, 7.149389
19.970646, 0.064994, 7.149389
19.972329, 0.064994, 7.149389
19.974012, 0.064994, 7.149389
19.975666, 0.064994, 7.149389
19.977307, 0.064994, 7.149389
19.979019, 0.064994, 7.149389
19.980971, 0.064994, 7.149389
19.982732, 0.064994, 7.149389
19.984487, 0.064994, 7.149389
19.986154, 0.064994, 7.149389
19.987729, 0.064994, 7.149389
19.990037, 0.064994, 7.149389
19.991673, 0.064994, 7.149389
19.993294, 0.064994, 7.149389
19.994895, 0.064994, 7.149389
19.996520, 0.064994, 7.149389
19.998197, 0.064994, 7.149389
19.999988, 0.064994, 7.149389
20.001710, 0.064994, 7.149389
20.003356, 0.064994, 7.149389
20.004993, 0.064994, 7.149389
20.006575, 0.064994, 7.149389
20.008157, 0.064994, 7.149389
20.009964, 0.064994, 7.149389
20.011657, 0.064994, 7.149389
20.013295, 0.064994, 7.149389
20.015080, 0.064994, 7.149389
20.016755, 0.064994, 7.149389
20.018401, 0.064994, 7.149389
20.020385, 0.064994, 7.149389
20.022139, 0.064994, 7.149389
20.023814, 0.064994, 7.149389
20.025498, 0.064994, 7.149389
20.027182, 0.064994, 7.149389
20.029040, 0.064994, 7.149389
20.031143, 0.064994, 7.149389
20.033052, 0.064994, 7.149389
20.034722, 0.064994, 7.149389
20.036327, 0.064994, 7.149389
20.037924, 0.064994, 7.149389
20.039671, 0.064994, 7.149389
20.041332, 0.064994, 7.149389
20.042975, 0.064994, 7.149389
20.044755, 0.064994, 7.149389
20.046384, 0.064994, 7.149389
20.048068, 0.064994, 7.149389
20.049935, 0.064994, 7.149389
20.051724, 0.064994, 7.149389
20.053404, 0.064994, 7.149389
20.055094, 0.064994, 7.149389
20.056730, 0.064994, 7.149389
20.058322, 0.064994, 7.149389
20.060267, 0.064994, 7.149389
20.061928, 0.064994, 7.149389
20.063730, 0.064994, 7.149389
20.065504, 0.064994, 7.149389
20.067306, 0.064994, 7.149389
20.068956, 0.064994, 7.149389
20.070706, 0.064994, 7.149389
20.072305, 0.064994, 7.149389
20.073974, 0.064994, 7.149389
20.075557, 0.064994, 7.149389
20.077115, 0.064994, 7.149389
20.078690, 0.064994, 7.149389
20.081338, 0.064994, 7.149389
20.083238, 0.064994, 7.149389
20.085001, 0.064994, 7.149389
20.086775, 0.064994, 7.149389
20.088375, 0.064994, 7.149389
20.090090, 0.064994, 7.149389
20.091803, 0.064994, 7.149389
20.093532, 0.064994, 7.149389
20.095095, 0.064994, 7.149389
20.096714, 0.064994, 7.149389
20.098378, 0.064994, 7.149389
20.100899, 0.064994, 7.149389
20.103538, 0.064994, 7.149389
20.105799, 0.064994, 7.149389
20.107674, 0.064994, 7.149389
20.109440, 0.064994, 7.149389
20.112418, 0.064994, 7.149389
20.114180, 0.064994, 7.149389
20.115828, 0.064994, 7.149389
20.117518, 0.064994, 7.149389
20.119134, 0.064994, 7.149389
20.120824, 0.064994, 7.149389
20.122393, 0.064994, 7.149389
20.123958, 0.064994, 7.149389
20.125531, 0.064994, 7.149389
20.127101, 0.064994, 7.149389
20.128664, 0.064994, 7.149389
20.130557, 0.064994, 7.149389
20.132766, 0.064994, 7.149389
20.134527, 0.064994, 7.149389
20.136210, 0.064994, 7.149389
20.137788, 0.064994, 7.149389
20.139345, 0.064994, 7.149389
20.142732, 0.064994, 7.149389
20.144845, 0.064994, 7.149389
20.147017, 0.064994, 7.149389
20.149166, 0.064994, 7.149389
20.150908, 0.064994, 7.149389
20.152552, 0.064994, 7.149389
20.154157, 0.064994, 7.149389
20.156010, 0.064994, 7.149389
20.157724, 0.064994, 7.149389
20.159485, 0.064994, 7.149389
20.161135, 0.064994, 7.149389
20.162980, 0.064994, 7.149389
20.164834, 0.064994, 7.149389
20.166538, 0.064994, 7.149389
20.168304, 0.064994, 7.149389
20.169913, 0.064994, 7.149389
20.171817, 0.064994, 7.149389
20.173520, 0.064994, 7.149389
20.175202, 0.064994, 7.149389
20.176793, 0.064994, 7.149389
20.178405, 0.064994, 7.149389
20.181225, 0.064994, 7.149389
20.182911, 0.064994, 7.149389
20.184584, 0.064994, 7.149389
20.186156, 0.064994, 7.149389
20.189065, 0.064994, 7.149389
20.190736, 0.064994, 7.149389
20.192331, 0.064994, 7.149389
20.193987, 0.064994, 7.149389
20.195629, 0.064994, 7.149389
20.197313, 0.064994, 7.149389
20.198930, 0.064994, 7.149389
20.201151, 0.064994, 7.149389
20.202886, 0.064994, 7.149389
20.204565, 0.064994, 7.149389
20.206150, 0.064994, 7.149389
20.207724, 0.064994, 7.149389
20.209289, 0.064994, 7.149389
20.210981, 0.064994, 7.149389
20.213356, 0.064994, 7.149389
20.215576, 0.064994, 7.149389
20.217323, 0.064994, 7.149389
20.218996, 0.064994, 7.149389
20.221827, 0.064994, 7.149389
20.223545, 0.064994, 7.149389
20.225179, 0.064994, 7.149389
20.226770, 0.064994, 7.149389
20.228349, 0.064994, 7.149389
20.231063, 0.064994, 7.149389
20.233764, 0.064994, 7.149389
20.235547, 0.064994, 7.149389
20.237236, 0.064994, 7.149389
20.238875, 0.064994, 7.149389
20.240477, 0.064994, 7.149389
20.242081, 0.064994, 7.149389
20.243670, 0.064994, 7.149389
20.246171, 0.064994, 7.149389
20.248326, 0.064994, 7.149389
20.250129, 0.064994, 7.149389
20.251852, 0.064994, 7.149389
20.253564, 0.064994, 7.149389
20.255150, 0.064994, 7.149389
20.256742, 0.064994, 7.149389
20.258345, 0.064994, 7.149389
20.259929, 0.064994, 7.149389
20.261989, 0.064994, 7.149389
20.264031, 0.064994, 7.149389
20.265816, 0.064994, 7.149389
20.267572, 0.064994, 7.149389
20.269185, 0.064994, 7.149389
20.270791, 0.064994, 7.149389
20.272383, 0.064994, 7.149389
20.273982, 0.064994, 7.149389
20.275563, 0.064994, 7.149389
20.277510, 0.064994, 7.149389
20.280010, 0.064994, 7.149389
20.282227, 0.064994, 7.149389
20.283946, 0.064994, 7.149389
20.285589, 0.064994, 7.149389
20.287228, 0.064994, 7.149389
20.288854, 0.064994, 7.149389
20.291478, 0.064994, 7.149389
20.293845, 0.064994, 7.149389
20.295566, 0.064994, 7.149389
20.297221, 0.064994, 7.149389
20.298857, 0.064994, 7.149389
20.300672, 0.064994, 7.149389
20.302280, 0.064994, 7.149389
20.303844, 0.064994, 7.149389
20.305418, 0.064994, 7.149389
20.306997, 0.064994, 7.149389
20.308572, 0.064994, 7.149389
20.310227, 0.064994, 7.149389
20.312171, 0.064994, 7.149389
20.314902, 0.064994, 7.149389
20.317199, 0.064994, 7.149389
20.318849, 0.064994, 7.149389
20.320438, 0.064994, 7.149389
20.322647, 0.064994, 7.149389
20.324466, 0.064994, 7.149389
20.326112, 0.064994, 7.149389
20.327687, 0.064994, 7.149389
20.329973, 0.064994, 7.149389
20.331827, 0.064994, 7.149389
20.333448, 0.064994, 7.149389
20.335097, 0.064994, 7.149389
20.336683, 0.064994, 7.149389
20.338259, 0.064994, 7.149389
20.339836, 0.064994, 7.149389
20.341558, 0.064994, 7.149389
20.343214, 0.064994, 7.149389
20.344807, 0.064994, 7.149389
20.346532, 0.064994, 7.149389
20.348525, 0.064994, 7.149389
20.350259, 0.064994, 7.149389
20.353112, 0.064994, 7.149389
20.356188, 0.064994, 7.149389
20.358052, 0.064994, 7.149389
20.359862, 0.064994, 7.149389
20.361739, 0.064994, 7.149389
20.363595, 0.064994, 7.149389
20.365860, 0.064994, 7.149389
20.367613, 0.064994, 7.149389
20.369271, 0.064994, 7.149389
20.370956, 0.064994, 7.149389
20.372996, 0.064994, 7.149389
20.374792, 0.064994, 7.149389
20.376542, 0.064994, 7.149389
20.378152, 0.064994, 7.149389
20.380986, 0.064994, 7.149389
20.382782, 0.064994, 7.149389
20.384594, 0.064994, 7.149389
20.386264, 0.064994, 7.149389
20.387861, 0.064994, 7.149389
20.389426, 0.064994, 7.149389
20.391001, 0.064994, 7.149389
20.392732, 0.064994, 7.149389
20.394324, 0.064994, 7.149389
20.395940, 0.064994, 7.149389
20.398065, 0.064994, 7.149389
20.399874, 0.064994, 7.149389
20.401600, 0.064994, 7.149389
20.403374, 0.064994, 7.149389
20.404987, 0.064994, 7.149389
20.406587, 0.064994, 7.149389
20.408180, 0.064994, 7.149389
20.409768, 0.064994, 7.149389
20.411381, 0.064994, 7.149389
20.413245, 0.064994, 7.149389
20.414927, 0.064994, 7.149389
20.416620, 0.064994, 7.149389
20.418352, 0.064994, 7.149389
20.419951, 0.064994, 7.149389
20.421528, 0.064994, 7.149389
20.424698, 0.064994, 7.149389
20.426599, 0.064994, 7.149389
20.428303, 0.064994, 7.149389
20.431104, 0.064994, 7.149389
20.433191, 0.064994, 7.149389
20.435095, 0.064994, 7.149389
20.436765, 0.064994, 7.149389
20.438433, 0.064994, 7.149389
20.440069, 0.064994, 7.149389
20.441721, 0.064994, 7.149389
20.445317, 0.064994, 7.149389
20.448920, 0.064994, 7.149389
20.451028, 0.064994, 7.149389
20.453185, 0.064994, 7.149389
20.455113, 0.064994, 7.149389
20.456944, 0.067543, 7.429772
20.460933, 0.064994, 7.149389
20.463352, 0.064994, 7.149389
20.465325, 0.064994, 7.149389
20.467174, 0.064994, 7.149389
20.468954, 0.064994, 7.149389
20.470701, 0.064994, 7.149389
20.472656, 0.064994, 7.149389
20.474534, 0.064994, 7.149389
20.476353, 0.064994, 7.149389
20.478070, 0.064994, 7.149389
20.479970, 0.064994, 7.149389
20.481876, 0.064994, 7.149389
20.483688, 0.064994, 7.149389
20.485381, 0.064994, 7.149389
20.487068, 0.064994, 7.149389
20.488740, 0.067543, 7.429772
20.490412, 0.064994, 7.149389
20.492095, 0.064994, 7.149389
20.494019, 0.064994, 7.149389
20.495792, 0.064994, 7.149389
20.497674, 0.064994, 7.149389
20.499385, 0.064994, 7.149389
20.501154, 0.064994, 7.149389
20.503048, 0.064994, 7.149389
20.504845, 0.064994, 7.149389
20.507151, 0.064994, 7.149389
20.508807, 0.064994, 7.149389
20.510418, 0.064994, 7.149389
20.512008, 0.064994, 7.149389
20.513991, 0.064994, 7.149389
20.515794, 0.064994, 7.149389
20.517623, 0.064994, 7.149389
20.519422, 0.064994, 7.149389
20.521025, 0.064994, 7.149389
20.523146, 0.064994, 7.149389
20.525737, 0.064994, 7.149389
20.527563, 0.064994, 7.149389
20.529292, 0.064994, 7.149389
20.530963, 0.064994, 7.149389
20.532768, 0.064994, 7.149389
20.534650, 0.064994, 7.149389
20.536329, 0.064994, 7.149389
20.538066, 0.064994, 7.149389
20.539677, 0.064994, 7.149389
20.541280, 0.064994, 7.149389
20.542854, 0.064994, 7.149389
20.544627, 0.064994, 7.149389
20.546349, 0.064994, 7.149389
20.548099, 0.064994, 7.149389
20.549774, 0.064994, 7.149389
20.551496, 0.064994, 7.149389
20.553225, 0.064994, 7.149389
20.554847, 0.064994, 7.149389
20.556442, 0.064994, 7.149389
20.558035, 0.064994, 7.149389
20.559623, 0.064994, 7.149389
20.561207, 0.064994, 7.149389
20.562923, 0.064994, 7.149389
20.566143, 0.064994, 7.149389
20.567986, 0.064994, 7.149389
20.569709, 0.064994, 7.149389
20.571401, 0.064994, 7.149389
20.573183, 0.064994, 7.149389
20.575090, 0.064994, 7.149389
20.576694, 0.064994, 7.149389
20.578303, 0.064994, 7.149389
20.580067, 0.064994, 7.149389
20.581713, 0.064994, 7.149389
20.583501, 0.064994, 7.149389
20.585213, 0.064994, 7.149389
20.586796, 0.064994, 7.149389
20.588383, 0.064994, 7.149389
20.589989, 0.064994, 7.149389
20.591589, 0.064994, 7.149389
20.593250, 0.064994, 7.149389
20.594884, 0.064994, 7.149389
20.596579, 0.064994, 7.149389
20.598303, 0.064994, 7.149389
20.599992, 0.064994, 7.149389
20.601731, 0.064994, 7.149389
20.603462, 0.064994, 7.149389
20.605277, 0.064994, 7.149389
20.606953, 0.064994, 7.149389
20.608655, 0.064994, 7.149389
20.610258, 0.064994, 7.149389
20.611851, 0.064994, 7.149389
20.613761, 0.064994, 7.149389
20.615593, 0.064994, 7.149389
20.617491, 0.064994, 7.149389
20.619125, 0.064994, 7.149389
20.620816, 0.064994, 7.149389
20.622553, 0.064994, 7.149389
20.624507, 0.064994, 7.149389
20.626354, 0.064994, 7.149389
20.628056, 0.064994, 7.149389
20.629762, 0.064994, 7.149389
20.631515, 0.064994, 7.149389
20.633159, 0.064994, 7.149389
20.634945, 0.064994, 7.149389
20.636631, 0.064994, 7.149389
20.638289, 0.064994, 7.149389
20.639933, 0.064994, 7.149389
20.641578, 0.064994, 7.149389
20.643181, 0.064994, 7.149389
20.644941, 0.064994, 7.149389
20.646561, 0.064994, 7.149389
20.648186, 0.064994, 7.149389
20.649804, 0.064994, 7.149389
20.651412, 0.064994, 7.149389
20.652995, 0.064994, 7.149389
20.654658, 0.064994, 7.149389
20.656261, 0.064994, 7.149389
20.657851, 0.064994, 7.149389
20.659440, 0.064994, 7.149389
20.661020, 0.064994, 7.149389
20.662613, 0.064994, 7.149389
20.664482, 0.064994, 7.149389
20.666138, 0.064994, 7.149389
20.667765, 0.064994, 7.149389
20.669422, 0.064994, 7.149389
20.671041, 0.064994, 7.149389
20.672648, 0.064994, 7.149389
20.674339, 0.064994, 7.149389
20.675973, 0.064994, 7.149389
20.677701, 0.064994, 7.149389
20.679823, 0.064994, 7.149389
20.681490, 0.064994, 7.149389
20.683161, 0.064994, 7.149389
20.685135, 0.064994, 7.149389
20.686961, 0.064994, 7.149389
20.688756, 0.064994, 7.149389
20.690351, 0.064994, 7.149389
20.691935, 0.064994, 7.149389
20.693670, 0.064994, 7.149389
20.695377, 0.064994, 7.149389
20.697086, 0.064994, 7.149389
20.698846, 0.064994, 7.149389
20.700668, 0.064994, 7.149389
20.702328, 0.064994, 7.149389
20.703920, 0.064994, 7.149389
20.705749, 0.064994, 7.149389
20.707455, 0.064994, 7.149389
20.709212, 0.064994, 7.149389
20.710781, 0.064994, 7.149389
20.712364, 0.064994, 7.149389
20.714015, 0.064994, 7.149389
20.715821, 0.064994, 7.149389
20.717672, 0.064994, 7.149389
20.719395, 0.064994, 7.149389
20.720974, 0.064994, 7.149389
20.722586, 0.064994, 7.149389
20.724167, 0.064994, 7.149389
20.727088, 0.064994, 7.149389
20.728679, 0.064994, 7.149389
20.730273, 0.064994, 7.149389
20.731910, 0.064994, 7.149389
20.733719, 0.064994, 7.149389
20.735352, 0.064994, 7.149389
20.737026, 0.064994, 7.149389
20.738675, 0.064994, 7.149389
20.740242, 0.064994, 7.149389
20.741812, 0.064994, 7.149389
20.743366, 0.064994, 7.149389
20.745027, 0.064994, 7.149389
20.747874, 0.064994, 7.149389
20.749799, 0.064994, 7.149389
20.751579, 0.064994, 7.149389
20.753353, 0.064994, 7.149389
20.754944, 0.064994, 7.149389
20.756539, 0.064994, 7.149389
20.758103, 0.064994, 7.149389
20.759767, 0.064994, 7.149389
20.761387, 0.064994, 7.149389
20.764013, 0.064994, 7.149389
20.766924, 0.064994, 7.149389
20.768883, 0.064994, 7.149389
20.770683, 0.064994, 7.149389
20.772319, 0.064994, 7.149389
20.773932, 0.064994, 7.149389
20.775741, 0.064994, 7.149389
20.777458, 0.064994, 7.149389
20.779210, 0.064994, 7.149389
20.782108, 0.064994, 7.149389
20.783822, 0.064994, 7.149389
20.785545, 0.064994, 7.149389
20.787166, 0.064994, 7.149389
20.788750, 0.064994, 7.149389
20.790508, 0.064994, 7.149389
20.792284, 0.064994, 7.149389
20.793881, 0.067543, 7.429772
20.795535, 0.064994, 7.149389
20.798376, 0.064994, 7.149389
20.800050, 0.064994, 7.149389
20.801749, 0.064994, 7.149389
20.803346, 0.064994, 7.149389
20.804945, 0.064994, 7.149389
20.806946, 0.064994, 7.149389
20.808846, 0.064994, 7.149389
20.810668, 0.064994, 7.149389
20.812422, 0.064994, 7.149389
20.815004, 0.064994, 7.149389
20.816754, 0.064994, 7.149389
20.818471, 0.064994, 7.149389
20.820043, 0.064994, 7.149389
20.821603, 0.064994, 7.149389
20.823503, 0.064994, 7.149389
20.825208, 0.064994, 7.149389
20.826925, 0.064994, 7.149389
20.828494, 0.064994, 7.149389
20.830183, 0.064994, 7.149389
20.831854, 0.064994, 7.149389
20.833702, 0.064994, 7.149389
20.835413, 0.064994, 7.149389
20.837170, 0.064994, 7.149389
20.838747, 0.064994, 7.149389
20.840308, 0.064994, 7.149389
20.841891, 0.064994, 7.149389
20.843642, 0.064994, 7.149389
20.845265, 0.064994, 7.149389
20.846907, 0.064994, 7.149389
20.848512, 0.064994, 7.149389
20.850236, 0.064994, 7.149389
20.851869, 0.064994, 7.149389
20.853460, 0.064994, 7.149389
20.855274, 0.064994, 7.149389
20.857409, 0.064994, 7.149389
20.859128, 0.064994, 7.149389
20.860699, 0.064994, 7.149389
20.862295, 0.064994, 7.149389
20.864005, 0.064994, 7.149389
20.865647, 0.064994, 7.149389
20.867352, 0.064994, 7.149389
20.869097, 0.064994, 7.149389
20.870653, 0.064994, 7.149389
20.872236, 0.064994, 7.149389
20.873818, 0.064994, 7.149389
20.876047, 0.064994, 7.149389
20.879159, 0.064994, 7.149389
20.882791, 0.067543, 7.429772
20.885753, 0.064994, 7.149389
20.887890, 0.064994, 7.149389
20.889578, 0.064994, 7.149389
20.891264, 0.064994, 7.149389
20.892834, 0.064994, 7.149389
20.894779, 0.064994, 7.149389
20.897499, 0.064994, 7.149389
20.899526, 0.064994, 7.149389
20.901188, 0.064994, 7.149389
20.902852, 0.064994, 7.149389
20.904570, 0.064994, 7.149389
20.906171, 0.064994, 7.149389
20.907840, 0.064994, 7.149389
20.909393, 0.064994, 7.149389
20.910939, 0.064994, 7.149389
20.912533, 0.064994, 7.149389
20.914313, 0.064994, 7.149389
20.915911, 0.064994, 7.149389
20.917518, 0.064994, 7.149389
20.919118, 0.064994, 7.149389
20.920905, 0.064994, 7.149389
20.922499, 0.064994, 7.149389
20.924126, 0.064994, 7.149389
20.925871, 0.064994, 7.149389
20.927487, 0.064994, 7.149389
20.929115, 0.064994, 7.149389
20.930947, 0.064994, 7.149389
20.932928, 0.064994, 7.149389
20.935024, 0.064994, 7.149389
20.937062, 0.064994, 7.149389
20.938737, 0.064994, 7.149389
20.940336, 0.064994, 7.149389
20.941910, 0.064994, 7.149389
20.943593, 0.064994, 7.149389
20.945509, 0.064994, 7.149389
20.947855, 0.064994, 7.149389
20.949736, 0.064994, 7.149389
20.951405, 0.064994, 7.149389
20.952974, 0.064994, 7.149389
20.954747, 0.064994, 7.149389
20.956344, 0.064994, 7.149389
20.957916, 0.064994, 7.149389
20.959466, 0.064994, 7.149389
20.961029, 0.064994, 7.149389
20.962624, 0.064994, 7.149389
20.964258, 0.064994, 7.149389
20.965945, 0.064994, 7.149389
20.967580, 0.064994, 7.149389
20.969225, 0.064994, 7.149389
20.970788, 0.064994, 7.149389
20.972345, 0.064994, 7.149389
20.973893, 0.064994, 7.149389
20.975629, 0.064994, 7.149389
20.977256, 0.067543, 7.429772
20.978960, 0.064994, 7.149389
20.980578, 0.064994, 7.149389
20.982159, 0.064994, 7.149389
20.983808, 0.064994, 7.149389
20.985497, 0.064994, 7.149389
20.987079, 0.067543, 7.429772
20.988643, 0.064994, 7.149389
20.990208, 0.067543, 7.429772
20.991750, 0.064994, 7.149389
20.993312, 0.064994, 7.149389
20.994871, 0.064994, 7.149389
20.996648, 0.067543, 7.429772
20.998319, 0.064994, 7.149389
20.999909, 0.064994, 7.149389
21.001567, 0.067543, 7.429772
21.003131, 0.064994, 7.149389
21.004688, 0.064994, 7.149389
21.007948, 0.064994, 7.149389
21.010644, 0.064994, 7.149389
21.012387, 0.064994, 7.149389
21.014005, 0.064994, 7.149389
21.015687, 0.064994, 7.149389
21.017450, 0.064994, 7.149389
21.018998, 0.064994, 7.149389
21.021291, 0.064994, 7.149389
21.023111, 0.064994, 7.149389
21.024665, 0.064994, 7.149389
21.026520, 0.064994, 7.149389
21.028159, 0.064994, 7.149389
21.029881, 0.064994, 7.149389
21.031530, 0.064994, 7.149389
21.033161, 0.064994, 7.149389
21.035623, 0.064994, 7.149389
21.037405, 0.064994, 7.149389
21.039068, 0.064994, 7.149389
21.040736, 0.064994, 7.149389
21.042380, 0.064994, 7.149389
21.044010, 0.064994, 7.149389
21.045984, 0.064994, 7.149389
21.047775, 0.064994, 7.149389
21.049428, 0.064994, 7.149389
21.051080, 0.064994, 7.149389
21.052729, 0.064994, 7.149389
21.054335, 0.064994, 7.149389
21.056496, 0.067543, 7.429772
21.058462, 0.064994, 7.149389
21.060257, 0.064994, 7.149389
21.061955, 0.064994, 7.149389
21.063706, 0.064994, 7.149389
21.065442, 0.064994, 7.149389
21.067428, 0.064994, 7.149389
21.069031, 0.064994, 7.149389
21.070784, 0.064994, 7.149389
21.072368, 0.064994, 7.149389
21.073950, 0.064994, 7.149389
21.075619, 0.064994, 7.149389
21.077335, 0.067543, 7.429772
21.079067, 0.064994, 7.149389
21.080824, 0.064994, 7.149389
21.082449, 0.067543, 7.429772
21.084206, 0.064994, 7.149389
21.086580, 0.064994, 7.149389
21.088839, 0.064994, 7.149389
21.090409, 0.064994, 7.149389
21.091974, 0.064994, 7.149389
21.093606, 0.064994, 7.149389
21.095164, 0.064994, 7.149389
21.098269, 0.064994, 7.149389
21.100020, 0.064994, 7.149389
21.101663, 0.064994, 7.149389
21.103248, 0.064994, 7.149389
21.104885, 0.064994, 7.149389
21.107507, 0.064994, 7.149389
21.109859, 0.064994, 7.149389
21.111719, 0.064994, 7.149389
21.113541, 0.064994, 7.149389
21.115419, 0.064994, 7.149389
21.117122, 0.064994, 7.149389
21.118805, 0.064994, 7.149389
21.120406, 0.064994, 7.149389
21.122015, 0.064994, 7.149389
21.123683, 0.064994, 7.149389
21.125368, 0.064994, 7.149389
21.127060, 0.064994, 7.149389
21.128650, 0.064994, 7.149389
21.130443, 0.064994, 7.149389
21.132335, 0.064994, 7.149389
21.134003, 0.064994, 7.149389
21.135764, 0.064994, 7.149389
21.137432, 0.064994, 7.149389
21.139028, 0.064994, 7.149389
21.140665, 0.064994, 7.149389
21.142243, 0.064994, 7.149389
21.143822, 0.064994, 7.149389
21.145405, 0.064994, 7.149389
21.148276, 0.067543, 7.429772
21.149960, 0.064994, 7.149389
21.151678, 0.064994, 7.149389
21.153238, 0.064994, 7.149389
21.154898, 0.064994, 7.149389
21.156665, 0.064994, 7.149389
21.158258, 0.064994, 7.149389
21.159837, 0.064994, 7.149389
21.161398, 0.064994, 7.149389
21.163102, 0.064994, 7.149389
21.164803, 0.064994, 7.149389
21.167639, 0.064994, 7.149389
21.169391, 0.064994, 7.149389
21.171076, 0.064994, 7.149389
21.172655, 0.064994, 7.149389
21.174269, 0.064994, 7.149389
21.175949, 0.064994, 7.149389
21.177534, 0.064994, 7.149389
21.179169, 0.064994, 7.149389
21.182131, 0.064994, 7.149389
21.183837, 0.064994, 7.149389
21.185631, 0.064994, 7.149389
21.187232, 0.064994, 7.149389
21.188867, 0.064994, 7.149389
21.190536, 0.064994, 7.149389
21.192241, 0.064994, 7.149389
21.193837, 0.064994, 7.149389
21.195518, 0.064994, 7.149389
21.198515, 0.064994, 7.149389
21.200138, 0.064994, 7.149389
21.201815, 0.064994, 7.149389
21.203396, 0.064994, 7.149389
21.204977, 0.064994, 7.149389
21.206953, 0.064994, 7.149389
21.208657, 0.064994, 7.149389
21.210303, 0.067543, 7.429772
21.211976, 0.064994, 7.149389
21.214300, 0.064994, 7.149389
21.216175, 0.064994, 7.149389
21.217887, 0.067543, 7.429772
21.219476, 0.064994, 7.149389
21.221068, 0.064994, 7.149389
21.222675, 0.064994, 7.149389
21.224268, 0.064994, 7.149389
21.225858, 0.064994, 7.149389
21.227716, 0.064994, 7.149389
21.229392, 0.064994, 7.149389
21.231271, 0.064994, 7.149389
21.232970, 0.064994, 7.149389
21.234676, 0.064994, 7.149389
21.236273, 0.064994, 7.149389
21.237967, 0.064994, 7.149389
21.239555, 0.064994, 7.149389
21.241145, 0.064994, 7.149389
21.242734, 0.064994, 7.149389
21.244321, 0.064994, 7.149389
21.245932, 0.064994, 7.149389
21.249372, 0.064994, 7.149389
21.251079, 0.064994, 7.149389
21.252768, 0.064994, 7.149389
21.254334, 0.064994, 7.149389
21.255910, 0.064994, 7.149389
21.257665, 0.064994, 7.149389
21.259243, 0.067543, 7.429772
21.260812, 0.064994, 7.149389
21.262392, 0.064994, 7.149389
21.264026, 0.064994, 7.149389
21.265607, 0.064994, 7.149389
21.267466, 0.064994, 7.149389
21.269104, 0.064994, 7.149389
21.270827, 0.064994, 7.149389
21.272383, 0.064994, 7.149389
21.273934, 0.067543, 7.429772
21.275491, 0.064994, 7.149389
21.277043, 0.064994, 7.149389
21.278837, 0.064994, 7.149389
21.280540, 0.064994, 7.149389
21.282217, 0.064994, 7.149389
21.283907, 0.064994, 7.149389
21.285465, 0.067543, 7.429772
21.287041, 0.064994, 7.149389
21.290661, 0.064994, 7.149389
21.292834, 0.064994, 7.149389
21.294526, 0.064994, 7.149389
21.296313, 0.064994, 7.149389
21.299646, 0.064994, 7.149389
21.301330, 0.064994, 7.149389
21.303094, 0.067543, 7.429772
21.306407, 0.064994, 7.149389
21.308706, 0.064994, 7.149389
21.310477, 0.064994, 7.149389
21.312261, 0.064994, 7.149389
21.314692, 0.064994, 7.149389
21.316655, 0.064994, 7.149389
21.318273, 0.064994, 7.149389
21.320600, 0.064994, 7.149389
21.322274, 0.067543, 7.429772
21.323987, 0.064994, 7.149389
21.325576, 0.064994, 7.149389
21.327149, 0.064994, 7.149389
21.328804, 0.064994, 7.149389
21.330897, 0.064994, 7.149389
21.332608, 0.067543, 7.429772
21.334369, 0.064994, 7.149389
21.336085, 0.067543, 7.429772
21.337760, 0.064994, 7.149389
21.339392, 0.064994, 7.149389
21.341086, 0.064994, 7.149389
21.342673, 0.064994, 7.149389
21.344251, 0.064994, 7.149389
21.345895, 0.064994, 7.149389
21.347602, 0.064994, 7.149389
21.349260, 0.067543, 7.429772
21.352772, 0.064994, 7.149389
21.354661, 0.064994, 7.149389
21.356299, 0.064994, 7.149389
21.357924, 0.064994, 7.149389
21.359528, 0.064994, 7.149389
21.361138, 0.067543, 7.429772
21.362901, 0.064994, 7.149389
21.365978, 0.064994, 7.149389
21.367794, 0.064994, 7.149389
21.369474, 0.064994, 7.149389
21.371249, 0.064994, 7.149389
21.372854, 0.064994, 7.149389
21.374461, 0.064994, 7.149389
21.376057, 0.064994, 7.149389
21.377654, 0.064994, 7.149389
21.379448, 0.064994, 7.149389
21.381367, 0.064994, 7.149389
21.383182, 0.064994, 7.149389
21.384913, 0.064994, 7.149389
21.386658, 0.064994, 7.149389
21.388365, 0.064994, 7.149389
21.390078, 0.064994, 7.149389
21.391787, 0.064994, 7.149389
21.393515, 0.064994, 7.149389
21.395729, 0.064994, 7.149389
21.397645, 0.064994, 7.149389
21.399437, 0.064994, 7.149389
21.401139, 0.064994, 7.149389
21.402826, 0.067543, 7.429772
21.404407, 0.067543, 7.429772
21.406036, 0.064994, 7.149389
21.407796, 0.064994, 7.149389
21.409484, 0.064994, 7.149389
21.411194, 0.064994, 7.149389
21.412828, 0.067543, 7.429772
21.414533, 0.067543, 7.429772
21.416207, 0.067543, 7.429772
21.418076, 0.064994, 7.149389
21.419763, 0.064994, 7.149389
21.421453, 0.064994, 7.149389
21.423304, 0.064994, 7.149389
21.424949, 0.064994, 7.149389
21.426563, 0.064994, 7.149389
21.428419, 0.064994, 7.149389
21.430157, 0.067543, 7.429772
21.431915, 0.064994, 7.149389
21.433682, 0.067543, 7.429772
21.435317, 0.064994, 7.149389
21.436935, 0.064994, 7.149389
21.439732, 0.064994, 7.149389
21.441480, 0.064994, 7.149389
21.443210, 0.064994, 7.149389
21.444792, 0.067543, 7.429772
21.446511, 0.064994, 7.149389
21.448374, 0.064994, 7.149389
21.450064, 0.067543, 7.429772
21.451787, 0.064994, 7.149389
21.453384, 0.064994, 7.149389
21.454976, 0.064994, 7.149389
21.456547, 0.064994, 7.149389
21.458404, 0.067543, 7.429772
21.460059, 0.064994, 7.149389
21.461752, 0.064994, 7.149389
21.463353, 0.064994, 7.149389
21.464984, 0.064994, 7.149389
21.466686, 0.067543, 7.429772
21.468401, 0.064994, 7.149389
21.470060, 0.064994, 7.149389
21.471738, 0.064994, 7.149389
21.473315, 0.067543, 7.429772
21.474894, 0.067543, 7.429772
21.476456, 0.067543, 7.429772
21.478127, 0.064994, 7.149389
21.479779, 0.067543, 7.429772
21.481421, 0.067543, 7.429772
21.483073, 0.067543, 7.429772
21.484767, 0.067543, 7.429772
21.486343, 0.064994, 7.149389
21.488051, 0.064994, 7.149389
21.489664, 0.064994, 7.149389
21.491249, 0.064994, 7.149389
21.492807, 0.067543, 7.429772
21.494382, 0.064994, 7.149389
21.495967, 0.067543, 7.429772
21.497608, 0.067543, 7.429772
21.499299, 0.064994, 7.149389
21.500949, 0.067543, 7.429772
21.502656, 0.064994, 7.149389
21.504240, 0.064994, 7.149389
21.505810, 0.064994, 7.149389
21.507385, 0.064994, 7.149389
21.509053, 0.064994, 7.149389
21.510628, 0.064994, 7.149389
21.512365, 0.064994, 7.149389
21.514003, 0.064994, 7.149389
21.515654, 0.064994, 7.149389
21.517364, 0.064994, 7.149389
21.519283, 0.064994, 7.149389
21.520981, 0.064994, 7.149389
21.522719, 0.067543, 7.429772
21.524325, 0.067543, 7.429772
21.525897, 0.067543, 7.429772
21.527470, 0.064994, 7.149389
21.529161, 0.064994, 7.149389
21.531175, 0.067543, 7.429772
21.532793, 0.064994, 7.149389
21.534586, 0.064994, 7.149389
21.536220, 0.064994, 7.149389
21.537813, 0.064994, 7.149389
21.540270, 0.067543, 7.429772
21.542392, 0.064994, 7.149389
21.544144, 0.064994, 7.149389
21.545730, 0.064994, 7.149389
21.547391, 0.064994, 7.149389
21.549130, 0.064994, 7.149389
21.550992, 0.067543, 7.429772
21.552656, 0.064994, 7.149389
21.554241, 0.064994, 7.149389
21.555823, 0.064994, 7.149389
21.557401, 0.064994, 7.149389
21.559117, 0.064994, 7.149389
21.560759, 0.064994, 7.149389
21.562511, 0.064994, 7.149389
21.564257, 0.064994, 7.149389
21.566382, 0.067543, 7.429772
21.568155, 0.064994, 7.149389
21.569948, 0.064994, 7.149389
21.571552, 0.064994, 7.149389
21.573209, 0.067543, 7.429772
21.574790, 0.064994, 7.149389
21.576347, 0.067543, 7.429772
21.577922, 0.064994, 7.149389
21.580524, 0.067543, 7.429772
21.582372, 0.064994, 7.149389
21.584076, 0.064994, 7.149389
21.585632, 0.064994, 7.149389
21.587195, 0.067543, 7.429772
21.588760, 0.064994, 7.149389
21.590522, 0.064994, 7.149389
21.592218, 0.067543, 7.429772
21.593913, 0.067543, 7.429772
21.595487, 0.064994, 7.149389
21.597139, 0.064994, 7.149389
21.598792, 0.064994, 7.149389
21.600598, 0.064994, 7.149389
21.602187, 0.064994, 7.149389
21.603857, 0.064994, 7.149389
21.605420, 0.064994, 7.149389
21.606969, 0.064994, 7.149389
21.608529, 0.064994, 7.149389
21.610359, 0.064994, 7.149389
21.612040, 0.064994, 7.149389
21.613779, 0.064994, 7.149389
21.615511, 0.064994, 7.149389
21.617213, 0.067543, 7.429772
21.618824, 0.064994, 7.149389
21.620711, 0.064994, 7.149389
21.622415, 0.064994, 7.149389
21.624043, 0.067543, 7.429772
21.625660, 0.064994, 7.149389
21.627253, 0.064994, 7.149389
21.628821, 0.064994, 7.149389
21.630538, 0.064994, 7.149389
21.632172, 0.067543, 7.429772
21.633787, 0.064994, 7.149389
21.635361, 0.064994, 7.149389
21.636960, 0.064994, 7.149389
21.638500, 0.064994, 7.149389
21.640191, 0.064994, 7.149389
21.641757, 0.064994, 7.149389
21.643331, 0.064994, 7.149389
21.644876, 0.064994, 7.149389
21.646436, 0.064994, 7.149389
21.648009, 0.064994, 7.149389
21.649675, 0.064994, 7.149389
21.651275, 0.067543, 7.429772
21.652850, 0.064994, 7.149389
21.654419, 0.064994, 7.149389
21.655992, 0.064994, 7.149389
21.657559, 0.064994, 7.149389
21.659181, 0.067543, 7.429772
21.660733, 0.064994, 7.149389
21.662289, 0.064994, 7.149389
21.663897, 0.064994, 7.149389
21.665469, 0.064994, 7.149389
21.667251, 0.064994, 7.149389
21.668841, 0.064994, 7.149389
21.670547, 0.064994, 7.149389
21.672117, 0.064994, 7.149389
21.673682, 0.064994, 7.149389
21.675330, 0.064994, 7.149389
21.676889, 0.064994, 7.149389
21.678442, 0.064994, 7.149389
21.680132, 0.067543, 7.429772
21.681755, 0.064994, 7.149389
21.683447, 0.064994, 7.149389
21.685149, 0.064994, 7.149389
21.686702, 0.064994, 7.149389
21.688275, 0.064994, 7.149389
21.690033, 0.064994, 7.149389
21.691609, 0.064994, 7.149389
21.693240, 0.064994, 7.149389
21.694785, 0.067543, 7.429772
21.696370, 0.064994, 7.149389
21.697999, 0.064994, 7.149389
21.699818, 0.064994, 7.149389
21.701635, 0.064994, 7.149389
21.703435, 0.064994, 7.149389
21.704989, 0.067543, 7.429772
21.706560, 0.064994, 7.149389
21.708150, 0.067543, 7.429772
21.709802, 0.064994, 7.149389
21.711385, 0.067543, 7.429772
21.712941, 0.064994, 7.149389
21.714581, 0.064994, 7.149389
21.716270, 0.064994, 7.149389
21.718025, 0.064994, 7.149389
21.719745, 0.064994, 7.149389
21.721406, 0.064994, 7.149389
21.723129, 0.067543, 7.429772
21.724782, 0.064994, 7.149389
21.726349, 0.067543, 7.429772
21.727912, 0.064994, 7.149389
21.729608, 0.064994, 7.149389
21.789674, 0.064994, 7.149389
21.792027, 0.067543, 7.429772
21.793907, 0.064994, 7.149389
21.795625, 0.064994, 7.149389
21.797292, 0.067543, 7.429772
21.799040, 0.064994, 7.149389
21.800796, 0.064994, 7.149389
21.802538, 0.067543, 7.429772
21.804258, 0.064994, 7.149389
21.805835, 0.064994, 7.149389
21.807402, 0.064994, 7.149389
21.808990, 0.067543, 7.429772
21.810709, 0.064994, 7.149389
21.812366, 0.067543, 7.429772
21.814011, 0.064994, 7.149389
21.815585, 0.067543, 7.429772
21.817380, 0.064994, 7.149389
21.818973, 0.067543, 7.429772
21.821488, 0.064994, 7.149389
21.824146, 0.064994, 7.149389
21.825958, 0.064994, 7.149389
21.827610, 0.064994, 7.149389
21.829207, 0.064994, 7.149389
21.831043, 0.064994, 7.149389
21.832875, 0.064994, 7.149389
21.834541, 0.064994, 7.149389
21.836422, 0.067543, 7.429772
21.838082, 0.064994, 7.149389
21.839761, 0.064994, 7.149389
21.841487, 0.064994, 7.149389
21.843189, 0.067543, 7.429772
21.844760, 0.064994, 7.149389
21.846985, 0.064994, 7.149389
21.849401, 0.064994, 7.149389
21.851090, 0.067543, 7.429772
21.853334, 0.067543, 7.429772
21.855056, 0.067543, 7.429772
21.856759, 0.064994, 7.149389
21.858353, 0.064994, 7.149389
21.859945, 0.064994, 7.149389
21.861536, 0.064994, 7.149389
21.864381, 0.064994, 7.149389
21.866123, 0.067543, 7.429772
21.867862, 0.067543, 7.429772
21.869599, 0.067543, 7.429772
21.871215, 0.064994, 7.149389
21.872877, 0.067543, 7.429772
21.874483, 0.064994, 7.149389
21.876064, 0.064994, 7.149389
21.877624, 0.064994, 7.149389
21.879238, 0.067543, 7.429772
21.880956, 0.064994, 7.149389
21.882676, 0.064994, 7.149389
21.885984, 0.067543, 7.429772
21.887692, 0.064994, 7.149389
21.889461, 0.064994, 7.149389
21.891134, 0.064994, 7.149389
21.892731, 0.064994, 7.149389
21.894566, 0.064994, 7.149389
21.896272, 0.064994, 7.149389
21.897974, 0.064994, 7.149389
21.899658, 0.064994, 7.149389
21.901404, 0.067543, 7.429772
21.903228, 0.064994, 7.149389
21.905040, 0.064994, 7.149389
21.906745, 0.064994, 7.149389
21.908487, 0.064994, 7.149389
21.910077, 0.064994, 7.149389
21.911670, 0.064994, 7.149389
21.913497, 0.064994, 7.149389
21.915279, 0.064994, 7.149389
21.917089, 0.064994, 7.149389
21.918873, 0.064994, 7.149389
21.920451, 0.064994, 7.149389
21.922045, 0.064994, 7.149389
21.923755, 0.067543, 7.429772
21.927582, 0.067543, 7.429772
21.929344, 0.064994, 7.149389
21.932344, 0.064994, 7.149389
21.934215, 0.064994, 7.149389
21.935875, 0.064994, 7.149389
21.937462, 0.064994, 7.149389
21.939025, 0.067543, 7.429772
21.940611, 0.067543, 7.429772
21.942195, 0.067543, 7.429772
21.943836, 0.067543, 7.429772
21.945487, 0.067543, 7.429772
21.947248, 0.067543, 7.429772
21.949022, 0.067543, 7.429772
21.950673, 0.064994, 7.149389
21.952257, 0.067543, 7.429772
21.954038, 0.067543, 7.429772
21.956177, 0.064994, 7.149389
21.958133, 0.064994, 7.149389
21.959827, 0.067543, 7.429772
21.961593, 0.067543, 7.429772
21.963723, 0.064994, 7.149389
21.966382, 0.064994, 7.149389
21.968251, 0.067543, 7.429772
21.970068, 0.067543, 7.429772
21.972188, 0.067543, 7.429772
21.973807, 0.067543, 7.429772
21.975394, 0.067543, 7.429772
21.976999, 0.064994, 7.149389
21.978607, 0.064994, 7.149389
21.980728, 0.067543, 7.429772
21.982501, 0.064994, 7.149389
21.984456, 0.064994, 7.149389
21.986231, 0.064994, 7.149389
21.987982, 0.067543, 7.429772
21.989618, 0.064994, 7.149389
21.991238, 0.064994, 7.149389
21.992920, 0.067543, 7.429772
21.994533, 0.067543, 7.429772
21.996206, 0.067543, 7.429772
21.997934, 0.067543, 7.429772
21.999601, 0.067543, 7.429772
22.001299, 0.067543, 7.429772
22.002897, 0.064994, 7.149389
22.004484, 0.067543, 7.429772
22.006075, 0.067543, 7.429772
22.008167, 0.067543, 7.429772
22.009864, 0.064994, 7.149389
22.011485, 0.064994, 7.149389
22.013158, 0.067543, 7.429772
22.014771, 0.067543, 7.429772
22.017245, 0.067543, 7.429772
22.019414, 0.067543, 7.429772
22.021063, 0.067543, 7.429772
22.022873, 0.067543, 7.429772
22.024490, 0.064994, 7.149389
22.026129, 0.064994, 7.149389
22.027871, 0.064994, 7.149389
22.029627, 0.064994, 7.149389
22.031422, 0.064994, 7.149389
22.033121, 0.067543, 7.429772
22.034865, 0.064994, 7.149389
22.036588, 0.064994, 7.149389
22.038208, 0.064994, 7.149389
22.039806, 0.067543, 7.429772
22.041400, 0.064994, 7.149389
22.043000, 0.064994, 7.149389
22.044682, 0.064994, 7.149389
22.046866, 0.064994, 7.149389
22.049593, 0.064994, 7.149389
22.051334, 0.064994, 7.149389
22.052999, 0.067543, 7.429772
22.054589, 0.064994, 7.149389
22.056291, 0.064994, 7.149389
22.058148, 0.067543, 7.429772
22.059777, 0.067543, 7.429772
22.061449, 0.064994, 7.149389
22.063164, 0.067543, 7.429772
22.064847, 0.067543, 7.429772
22.066769, 0.067543, 7.429772
22.068838, 0.067543, 7.429772
22.070941, 0.064994, 7.149389
22.073195, 0.064994, 7.149389
22.075110, 0.067543, 7.429772
22.076930, 0.067543, 7.429772
22.078765, 0.064994, 7.149389
22.080584, 0.067543, 7.429772
22.082343, 0.064994, 7.149389
22.084087, 0.067543, 7.429772
22.085759, 0.064994, 7.149389
22.087512, 0.067543, 7.429772
22.089261, 0.067543, 7.429772
22.090979, 0.067543, 7.429772
22.092576, 0.067543, 7.429772
22.094161, 0.067543, 7.429772
22.095825, 0.067543, 7.429772
22.097620, 0.064994, 7.149389
22.099364, 0.064994, 7.149389
22.101163, 0.064994, 7.149389
22.102773, 0.067543, 7.429772
22.104368, 0.064994, 7.149389
22.105940, 0.064994, 7.149389
22.109316, 0.067543, 7.429772
22.111285, 0.064994, 7.149389
22.112983, 0.064994, 7.149389
22.114746, 0.064994, 7.149389
22.116693, 0.067543, 7.429772
22.118397, 0.064994, 7.149389
22.119985, 0.064994, 7.149389
22.121578, 0.064994, 7.149389
22.123153, 0.064994, 7.149389
22.124748, 0.067543, 7.429772
22.127680, 0.067543, 7.429772
22.129344, 0.067543, 7.429772
22.131009, 0.067543, 7.429772
22.132767, 0.064994, 7.149389
22.134440, 0.067543, 7.429772
22.136178, 0.064994, 7.149389
22.137853, 0.064994, 7.149389
22.139606, 0.067543, 7.429772
22.141198, 0.064994, 7.149389
22.142770, 0.067543, 7.429772
22.144426, 0.067543, 7.429772
22.147332, 0.067543, 7.429772
22.149181, 0.067543, 7.429772
22.151506, 0.067543, 7.429772
22.153354, 0.067543, 7.429772
22.155006, 0.064994, 7.149389
22.156641, 0.067543, 7.429772
22.158294, 0.064994, 7.149389
22.159943, 0.067543, 7.429772
22.161582, 0.064994, 7.149389
22.163426, 0.067543, 7.429772
22.165162, 0.064994, 7.149389
22.167106, 0.067543, 7.429772
22.168836, 0.067543, 7.429772
22.170438, 0.064994, 7.149389
22.172033, 0.064994, 7.149389
22.173689, 0.067543, 7.429772
22.175393, 0.067543, 7.429772
22.176996, 0.064994, 7.149389
22.178568, 0.064994, 7.149389
22.180316, 0.064994, 7.149389
22.181994, 0.064994, 7.149389
22.183743, 0.067543, 7.429772
22.185489, 0.064994, 7.149389
22.187176, 0.064994, 7.149389
22.188847, 0.064994, 7.149389
22.190596, 0.067543, 7.429772
22.192183, 0.067543, 7.429772
22.193764, 0.067543, 7.429772
22.195350, 0.067543, 7.429772
22.197204, 0.064994, 7.149389
22.198884, 0.067543, 7.429772
22.200692, 0.067543, 7.429772
22.202296, 0.064994, 7.149389
22.203882, 0.067543, 7.429772
22.205463, 0.064994, 7.149389
22.207203, 0.067543, 7.429772
22.208790, 0.067543, 7.429772
22.210379, 0.064994, 7.149389
22.211959, 0.067543, 7.429772
22.213620, 0.067543, 7.429772
22.215400, 0.067543, 7.429772
22.217674, 0.067543, 7.429772
22.219403, 0.067543, 7.429772
22.221161, 0.064994, 7.149389
22.222758, 0.064994, 7.149389
22.224359, 0.064994, 7.149389
22.225942, 0.064994, 7.149389
22.228112, 0.064994, 7.149389
22.229881, 0.064994, 7.149389
22.231691, 0.067543, 7.429772
22.233527, 0.067543, 7.429772
22.235247, 0.067543, 7.429772
22.237322, 0.067543, 7.429772
22.239019, 0.064994, 7.149389
22.240747, 0.067543, 7.429772
22.242386, 0.067543, 7.429772
22.243972, 0.064994, 7.149389
22.245631, 0.064994, 7.149389
22.247781, 0.067543, 7.429772
22.250106, 0.067543, 7.429772
22.251832, 0.064994, 7.149389
22.253428, 0.067543, 7.429772
22.255011, 0.064994, 7.149389
22.256660, 0.067543, 7.429772
22.258288, 0.067543, 7.429772
22.260006, 0.064994, 7.149389
22.261587, 0.064994, 7.149389
22.263300, 0.067543, 7.429772
22.264974, 0.067543, 7.429772
22.266843, 0.067543, 7.429772
22.270371, 0.067543, 7.429772
22.272260, 0.067543, 7.429772
22.274017, 0.067543, 7.429772
22.275620, 0.067543, 7.429772
22.277246, 0.067543, 7.429772
22.278927, 0.064994, 7.149389
22.280651, 0.064994, 7.149389
22.282325, 0.064994, 7.149389
22.284045, 0.067543, 7.429772
22.285645, 0.067543, 7.429772
22.287390, 0.067543, 7.429772
22.289073, 0.067543, 7.429772
22.290659, 0.067543, 7.429772
22.292271, 0.064994, 7.149389
22.293880, 0.064994, 7.149389
22.295565, 0.067543, 7.429772
22.297481, 0.064994, 7.149389
22.299312, 0.064994, 7.149389
22.301057, 0.067543, 7.429772
22.302830, 0.064994, 7.149389
22.304427, 0.064994, 7.149389
22.306022, 0.064994, 7.149389
22.307758, 0.067543, 7.429772
22.309395, 0.067543, 7.429772
22.311116, 0.067543, 7.429772
22.312780, 0.067543, 7.429772
22.314454, 0.064994, 7.149389
22.316147, 0.067543, 7.429772
22.318422, 0.064994, 7.149389
22.320764, 0.067543, 7.429772
22.322915, 0.064994, 7.149389
22.325003, 0.067543, 7.429772
22.329030, 0.067543, 7.429772
22.330814, 0.067543, 7.429772
22.332384, 0.067543, 7.429772
22.333983, 0.067543, 7.429772
22.335565, 0.067543, 7.429772
22.337156, 0.067543, 7.429772
22.339648, 0.067543, 7.429772
22.341297, 0.067543, 7.429772
22.342906, 0.064994, 7.149389
22.344582, 0.067543, 7.429772
22.346221, 0.064994, 7.149389
22.347800, 0.064994, 7.149389
22.349476, 0.064994, 7.149389
22.351416, 0.064994, 7.149389
22.353257, 0.067543, 7.429772
22.354866, 0.064994, 7.149389
22.356451, 0.067543, 7.429772
22.358019, 0.067543, 7.429772
22.359589, 0.067543, 7.429772
22.361201, 0.064994, 7.149389
22.363047, 0.067543, 7.429772
22.364980, 0.064994, 7.149389
22.366800, 0.067543, 7.429772
22.368501, 0.064994, 7.149389
22.370188, 0.064994, 7.149389
22.371852, 0.064994, 7.149389
22.373496, 0.067543, 7.429772
22.375147, 0.064994, 7.149389
22.376799, 0.067543, 7.429772
22.378442, 0.064994, 7.149389
22.380350, 0.064994, 7.149389
22.383982, 0.064994, 7.149389
22.385710, 0.064994, 7.149389
22.387418, 0.067543, 7.429772
22.389005, 0.067543, 7.429772
22.390565, 0.067543, 7.429772
22.392150, 0.064994, 7.149389
22.393723, 0.064994, 7.149389
22.395388, 0.064994, 7.149389
22.397026, 0.067543, 7.429772
22.398624, 0.064994, 7.149389
22.400263, 0.064994, 7.149389
22.401936, 0.067543, 7.429772
22.403521, 0.067543, 7.429772
22.405104, 0.067543, 7.429772
22.406670, 0.067543, 7.429772
22.408248, 0.067543, 7.429772
22.409905, 0.064994, 7.149389
22.411536, 0.067543, 7.429772
22.413179, 0.064994, 7.149389
22.414832, 0.064994, 7.149389
22.416496, 0.064994, 7.149389
22.418116, 0.067543, 7.429772
22.419717, 0.064994, 7.149389
22.421316, 0.067543, 7.429772
22.422908, 0.067543, 7.429772
22.424481, 0.064994, 7.149389
22.426086, 0.064994, 7.149389
22.427854, 0.064994, 7.149389
22.429624, 0.064994, 7.149389
22.431354, 0.064994, 7.149389
22.433120, 0.064994, 7.149389
22.434847, 0.064994, 7.149389
22.436467, 0.064994, 7.149389
22.438053, 0.064994, 7.149389
22.439672, 0.067543, 7.429772
22.441337, 0.064994, 7.149389
22.443057, 0.067543, 7.429772
22.444616, 0.067543, 7.429772
22.446193, 0.067543, 7.429772
22.447841, 0.067543, 7.429772
22.450635, 0.064994, 7.149389
22.452280, 0.067543, 7.429772
22.453974, 0.067543, 7.429772
22.455537, 0.064994, 7.149389
22.457112, 0.064994, 7.149389
22.458691, 0.064994, 7.149389
22.460312, 0.064994, 7.149389
22.461921, 0.067543, 7.429772
22.463658, 0.067543, 7.429772
22.465327, 0.067543, 7.429772
22.467021, 0.064994, 7.149389
22.468605, 0.067543, 7.429772
22.470229, 0.064994, 7.149389
22.471857, 0.067543, 7.429772
22.473571, 0.067543, 7.429772
22.475148, 0.067543, 7.429772
22.476725, 0.067543, 7.429772
22.478289, 0.067543, 7.429772
22.480006, 0.067543, 7.429772
22.481895, 0.067543, 7.429772
22.483614, 0.064994, 7.149389
22.485321, 0.067543, 7.429772
22.486902, 0.067543, 7.429772
22.488480, 0.067543, 7.429772
22.490227, 0.067543, 7.429772
22.492928, 0.067543, 7.429772
22.494598, 0.067543, 7.429772
22.496189, 0.067543, 7.429772
22.497831, 0.067543, 7.429772
22.499923, 0.067543, 7.429772
22.501667, 0.064994, 7.149389
22.503460, 0.064994, 7.149389
22.505095, 0.064994, 7.149389
22.506673, 0.064994, 7.149389
22.508255, 0.067543, 7.429772
22.509828, 0.067543, 7.429772
22.511483, 0.064994, 7.149389
22.513080, 0.067543, 7.429772
22.515945, 0.067543, 7.429772
22.517621, 0.064994, 7.149389
22.519205, 0.067543, 7.429772
22.520785, 0.064994, 7.149389
22.522451, 0.064994, 7.149389
22.524146, 0.064994, 7.149389
22.525770, 0.067543, 7.429772
22.527333, 0.064994, 7.149389
22.528919, 0.067543, 7.429772
22.530584, 0.064994, 7.149389
22.532265, 0.067543, 7.429772
22.533991, 0.067543, 7.429772
22.535641, 0.067543, 7.429772
22.537218, 0.067543, 7.429772
22.538801, 0.067543, 7.429772
22.540388, 0.067543, 7.429772
22.541996, 0.067543, 7.429772
22.543670, 0.064994, 7.149389
22.545307, 0.064994, 7.149389
22.547429, 0.067543, 7.429772
22.549199, 0.067543, 7.429772
22.550802, 0.067543, 7.429772
22.552547, 0.064994, 7.149389
22.554206, 0.067543, 7.429772
22.556156, 0.067543, 7.429772
22.557963, 0.067543, 7.429772
22.559715, 0.067543, 7.429772
22.561398, 0.064994, 7.149389
22.563225, 0.067543, 7.429772
22.565136, 0.067543, 7.429772
22.566755, 0.064994, 7.149389
22.568354, 0.067543, 7.429772
22.570055, 0.064994, 7.149389
22.571801, 0.064994, 7.149389
22.573396, 0.064994, 7.149389
22.574960, 0.067543, 7.429772
22.576535, 0.064994, 7.149389
22.578142, 0.064994, 7.149389
22.579779, 0.067543, 7.429772
22.581399, 0.067543, 7.429772
22.582980, 0.067543, 7.429772
22.584661, 0.067543, 7.429772
22.586413, 0.064994, 7.149389
22.588003, 0.064994, 7.149389
22.589581, 0.067543, 7.429772
22.591161, 0.067543, 7.429772
22.592799, 0.064994, 7.149389
22.594407, 0.067543, 7.429772
22.596096, 0.067543, 7.429772
22.597723, 0.067543, 7.429772
22.599333, 0.064994, 7.149389
22.601088, 0.067543, 7.429772
22.602676, 0.067543, 7.429772
22.604258, 0.067543, 7.429772
22.605840, 0.067543, 7.429772
22.607417, 0.067543, 7.429772
22.608974, 0.067543, 7.429772
22.610610, 0.067543, 7.429772
22.612237, 0.067543, 7.429772
22.614030, 0.067543, 7.429772
22.615666, 0.067543, 7.429772
22.617331, 0.067543, 7.429772
22.619076, 0.064994, 7.149389
22.620653, 0.067543, 7.429772
22.622233, 0.067543, 7.429772
22.623809, 0.067543, 7.429772
22.625542, 0.064994, 7.149389
22.627344, 0.067543, 7.429772
22.628958, 0.067543, 7.429772
22.630592, 0.067543, 7.429772
22.632189, 0.067543, 7.429772
22.633781, 0.064994, 7.149389
22.635375, 0.064994, 7.149389
22.636946, 0.067543, 7.429772
22.638534, 0.067543, 7.429772
22.640143, 0.067543, 7.429772
22.641723, 0.067543, 7.429772
22.643301, 0.067543, 7.429772
22.644864, 0.064994, 7.149389
22.646459, 0.067543, 7.429772
22.648062, 0.067543, 7.429772
22.649643, 0.067543, 7.429772
22.651215, 0.064994, 7.149389
22.652803, 0.067543, 7.429772
22.654383, 0.067543, 7.429772
22.656053, 0.067543, 7.429772
22.657646, 0.067543, 7.429772
22.659209, 0.064994, 7.149389
22.660802, 0.064994, 7.149389
22.662499, 0.067543, 7.429772
22.664158, 0.067543, 7.429772
22.666328, 0.064994, 7.149389
22.667955, 0.067543, 7.429772
22.669545, 0.067543, 7.429772
22.671112, 0.064994, 7.149389
22.672698, 0.067543, 7.429772
22.674284, 0.067543, 7.429772
22.675859, 0.064994, 7.149389
22.677446, 0.067543, 7.429772
22.679013, 0.067543, 7.429772
22.680588, 0.067543, 7.429772
22.682166, 0.067543, 7.429772
22.683746, 0.067543, 7.429772
22.685304, 0.064994, 7.149389
22.686955, 0.064994, 7.149389
22.688536, 0.067543, 7.429772
22.690109, 0.064994, 7.149389
22.691681, 0.064994, 7.149389
22.693288, 0.064994, 7.149389
22.694872, 0.064994, 7.149389
22.696454, 0.067543, 7.429772
22.698110, 0.067543, 7.429772
22.699699, 0.064994, 7.149389
22.701264, 0.064994, 7.149389
22.702833, 0.067543, 7.429772
22.704408, 0.067543, 7.429772
22.705983, 0.067543, 7.429772
22.707559, 0.067543, 7.429772
22.709115, 0.064994, 7.149389
22.710688, 0.064994, 7.149389
22.712260, 0.064994, 7.149389
22.713850, 0.067543, 7.429772
22.715442, 0.067543, 7.429772
22.717736, 0.067543, 7.429772
22.719982, 0.067543, 7.429772
22.721693, 0.064994, 7.149389
22.723277, 0.064994, 7.149389
22.724854, 0.064994, 7.149389
22.726412, 0.064994, 7.149389
22.728037, 0.064994, 7.149389
22.729721, 0.064994, 7.149389
22.731495, 0.064994, 7.149389
22.733180, 0.064994, 7.149389
22.734965, 0.067543, 7.429772
22.736544, 0.067543, 7.429772
22.738118, 0.067543, 7.429772
22.739702, 0.067543, 7.429772
22.741287, 0.064994, 7.149389
22.742865, 0.067543, 7.429772
22.744429, 0.067543, 7.429772
22.746004, 0.064994, 7.149389
22.747717, 0.067543, 7.429772
22.749469, 0.067543, 7.429772
22.751241, 0.067543, 7.429772
22.752847, 0.067543, 7.429772
22.754408, 0.064994, 7.149389
22.755984, 0.064994, 7.149389
22.757628, 0.064994, 7.149389
22.759250, 0.067543, 7.429772
22.760914, 0.064994, 7.149389
22.762675, 0.064994, 7.149389
22.764294, 0.064994, 7.149389
22.765996, 0.067543, 7.429772
22.767692, 0.067543, 7.429772
22.769309, 0.067543, 7.429772
22.770985, 0.067543, 7.429772
22.772742, 0.067543, 7.429772
22.774305, 0.064994, 7.149389
22.775887, 0.064994, 7.149389
22.777555, 0.064994, 7.149389
22.779308, 0.064994, 7.149389
22.780991, 0.064994, 7.149389
22.782649, 0.067543, 7.429772
22.784427, 0.067543, 7.429772
22.786020, 0.067543, 7.429772
22.787596, 0.067543, 7.429772
22.789216, 0.067543, 7.429772
22.790835, 0.064994, 7.149389
22.792556, 0.067543, 7.429772
22.794267, 0.064994, 7.149389
22.795855, 0.067543, 7.429772
22.797535, 0.067543, 7.429772
22.799292, 0.067543, 7.429772
22.801051, 0.067543, 7.429772
22.802809, 0.067543, 7.429772
22.804438, 0.067543, 7.429772
22.806014, 0.067543, 7.429772
22.807590, 0.064994, 7.149389
22.809235, 0.067543, 7.429772
22.810856, 0.067543, 7.429772
22.812566, 0.064994, 7.149389
22.814299, 0.064994, 7.149389
22.816004, 0.064994, 7.149389
22.817784, 0.064994, 7.149389
22.819365, 0.067543, 7.429772
22.820999, 0.064994, 7.149389
22.822697, 0.064994, 7.149389
22.824483, 0.067543, 7.429772
22.826057, 0.064994, 7.149389
22.827632, 0.064994, 7.149389
22.829221, 0.067543, 7.429772
22.831538, 0.064994, 7.149389
22.833230, 0.064994, 7.149389
22.834925, 0.064994, 7.149389
22.836686, 0.067543, 7.429772
22.838274, 0.067543, 7.429772
22.839913, 0.064994, 7.149389
22.841528, 0.064994, 7.149389
22.843256, 0.067543, 7.429772
22.845020, 0.067543, 7.429772
22.846597, 0.067543, 7.429772
22.848255, 0.067543, 7.429772
22.850060, 0.067543, 7.429772
22.851890, 0.067543, 7.429772
22.853529, 0.067543, 7.429772
22.855115, 0.067543, 7.429772
22.856701, 0.067543, 7.429772
22.858300, 0.064994, 7.149389
22.859888, 0.067543, 7.429772
22.861535, 0.064994, 7.149389
22.863211, 0.067543, 7.429772
22.864942, 0.064994, 7.149389
22.866577, 0.064994, 7.149389
22.868189, 0.067543, 7.429772
22.869796, 0.064994, 7.149389
22.871408, 0.067543, 7.429772
22.873064, 0.067543, 7.429772
22.874657, 0.064994, 7.149389
22.876571, 0.067543, 7.429772
22.878172, 0.067543, 7.429772
22.879770, 0.067543, 7.429772
22.882268, 0.064994, 7.149389
22.884307, 0.064994, 7.149389
22.886109, 0.064994, 7.149389
22.887753, 0.064994, 7.149389
22.889357, 0.064994, 7.149389
22.890944, 0.067543, 7.429772
22.892596, 0.064994, 7.149389
22.894195, 0.064994, 7.149389
22.895777, 0.067543, 7.429772
22.897544, 0.064994, 7.149389
22.899271, 0.064994, 7.149389
22.900911, 0.064994, 7.149389
22.902634, 0.067543, 7.429772
22.904302, 0.067543, 7.429772
22.905906, 0.064994, 7.149389
22.907503, 0.064994, 7.149389
22.909099, 0.064994, 7.149389
22.910688, 0.067543, 7.429772
22.912348, 0.067543, 7.429772
22.915401, 0.067543, 7.429772
22.917161, 0.067543, 7.429772
22.919013, 0.067543, 7.429772
22.920867, 0.067543, 7.429772
22.922672, 0.067543, 7.429772
22.924391, 0.064994, 7.149389
22.926034, 0.064994, 7.149389
22.927814, 0.067543, 7.429772
22.929732, 0.064994, 7.149389
22.931491, 0.067543, 7.429772
22.933130, 0.067543, 7.429772
22.934760, 0.067543, 7.429772
22.936384, 0.067543, 7.429772
22.937985, 0.064994, 7.149389
22.939590, 0.067543, 7.429772
22.941210, 0.067543, 7.429772
22.942888, 0.064994, 7.149389
22.944886, 0.067543, 7.429772
22.946564, 0.064994, 7.149389
22.948250, 0.067543, 7.429772
22.950023, 0.067543, 7.429772
22.951883, 0.064994, 7.149389
22.953668, 0.064994, 7.149389
22.955523, 0.067543, 7.429772
22.957119, 0.064994, 7.149389
22.958719, 0.064994, 7.149389
22.960296, 0.064994, 7.149389
22.961985, 0.064994, 7.149389
22.963679, 0.064994, 7.149389
22.965322, 0.067543, 7.429772
22.967136, 0.064994, 7.149389
22.968935, 0.067543, 7.429772
22.970521, 0.067543, 7.429772
22.972123, 0.067543, 7.429772
22.973848, 0.064994, 7.149389
22.975664, 0.067543, 7.429772
22.977260, 0.064994, 7.149389
22.978862, 0.064994, 7.149389
22.980526, 0.064994, 7.149389
22.982179, 0.067543, 7.429772
22.983798, 0.067543, 7.429772
22.985554, 0.064994, 7.149389
22.987395, 0.067543, 7.429772
22.988982, 0.067543, 7.429772
22.990578, 0.067543, 7.429772
22.992152, 0.067543, 7.429772
22.993883, 0.064994, 7.149389
22.995586, 0.067543, 7.429772
22.997477, 0.067543, 7.429772
22.999119, 0.064994, 7.149389
23.000972, 0.067543, 7.429772
23.003238, 0.067543, 7.429772
23.005053, 0.067543, 7.429772
23.006875, 0.064994, 7.149389
23.008446, 0.067543, 7.429772
23.010042, 0.064994, 7.149389
23.011626, 0.067543, 7.429772
23.013264, 0.067543, 7.429772
23.014960, 0.067543, 7.429772
23.016703, 0.064994, 7.149389
23.018556, 0.067543, 7.429772
23.020133, 0.064994, 7.149389
23.021717, 0.064994, 7.149389
23.023314, 0.067543, 7.429772
23.026452, 0.067543, 7.429772
23.028184, 0.067543, 7.429772
23.030023, 0.067543, 7.429772
23.031696, 0.064994, 7.149389
23.033514, 0.067543, 7.429772
23.035325, 0.067543, 7.429772
23.036945, 0.064994, 7.149389
23.038525, 0.067543, 7.429772
23.040375, 0.064994, 7.149389
23.042069, 0.064994, 7.149389
23.043657, 0.067543, 7.429772
23.045385, 0.067543, 7.429772
23.047149, 0.064994, 7.149389
23.048979, 0.067543, 7.429772
23.050816, 0.067543, 7.429772
23.052531, 0.064994, 7.149389
23.054118, 0.067543, 7.429772
23.055739, 0.064994, 7.149389
23.057526, 0.067543, 7.429772
23.059291, 0.067543, 7.429772
23.060889, 0.067543, 7.429772
23.062453, 0.067543, 7.429772
23.064108, 0.067543, 7.429772
23.065742, 0.064994, 7.149389
23.067540, 0.067543, 7.429772
23.069344, 0.064994, 7.149389
23.070934, 0.067543, 7.429772
23.072506, 0.067543, 7.429772
23.074083, 0.067543, 7.429772
23.076996, 0.067543, 7.429772
23.078674, 0.067543, 7.429772
23.080289, 0.067543, 7.429772
23.081942, 0.064994, 7.149389
23.083558, 0.067543, 7.429772
23.085163, 0.064994, 7.149389
23.086783, 0.064994, 7.149389
23.088387, 0.064994, 7.149389
23.089972, 0.064994, 7.149389
23.091571, 0.067543, 7.429772
23.093207, 0.067543, 7.429772
23.094940, 0.064994, 7.149389
23.096787, 0.064994, 7.149389
23.098429, 0.067543, 7.429772
23.100136, 0.064994, 7.149389
23.101930, 0.064994, 7.149389
23.103630, 0.067543, 7.429772
23.105221, 0.064994, 7.149389
23.106960, 0.064994, 7.149389
23.108752, 0.064994, 7.149389
23.110371, 0.067543, 7.429772
23.112019, 0.064994, 7.149389
23.113856, 0.067543, 7.429772
23.115540, 0.064994, 7.149389
23.117358, 0.064994, 7.149389
23.119232, 0.064994, 7.149389
23.120994, 0.067543, 7.429772
23.122580, 0.067543, 7.429772
23.124143, 0.067543, 7.429772
23.125716, 0.064994, 7.149389
23.127304, 0.067543, 7.429772
23.128984, 0.067543, 7.429772
23.130826, 0.064994, 7.149389
23.132424, 0.067543, 7.429772
23.134165, 0.067543, 7.429772
23.135940, 0.064994, 7.149389
23.137597, 0.067543, 7.429772
23.139293, 0.064994, 7.149389
23.140995, 0.067543, 7.429772
23.142737, 0.064994, 7.149389
23.144298, 0.064994, 7.149389
23.145877, 0.064994, 7.149389
23.147534, 0.064994, 7.149389
23.149175, 0.064994, 7.149389
23.150910, 0.064994, 7.149389
23.152683, 0.067543, 7.429772
23.154245, 0.064994, 7.149389
23.155822, 0.064994, 7.149389
23.157406, 0.067543, 7.429772
23.159022, 0.064994, 7.149389
23.160733, 0.067543, 7.429772
23.162464, 0.067543, 7.429772
23.164108, 0.064994, 7.149389
23.165792, 0.064994, 7.149389
23.167567, 0.064994, 7.149389
23.170558, 0.064994, 7.149389
23.173173, 0.067543, 7.429772
23.174968, 0.067543, 7.429772
23.177092, 0.067543, 7.429772
23.178797, 0.067543, 7.429772
23.180933, 0.067543, 7.429772
23.182884, 0.064994, 7.149389
23.184550, 0.067543, 7.429772
23.186314, 0.067543, 7.429772
23.187885, 0.067543, 7.429772
23.189478, 0.067543, 7.429772
23.191066, 0.067543, 7.429772
23.192706, 0.067543, 7.429772
23.194292, 0.064994, 7.149389
23.196180, 0.067543, 7.429772
23.198894, 0.067543, 7.429772
23.201080, 0.064994, 7.149389
23.203220, 0.067543, 7.429772
23.205000, 0.067543, 7.429772
23.206679, 0.067543, 7.429772
23.208359, 0.067543, 7.429772
23.209943, 0.064994, 7.149389
23.211513, 0.067543, 7.429772
23.213174, 0.064994, 7.149389
23.215270, 0.064994, 7.149389
23.216982, 0.064994, 7.149389
23.218698, 0.064994, 7.149389
23.220334, 0.064994, 7.149389
23.221931, 0.067543, 7.429772
23.223587, 0.067543, 7.429772
23.225245, 0.067543, 7.429772
23.226837, 0.064994, 7.149389
23.228404, 0.064994, 7.149389
23.230082, 0.064994, 7.149389
23.231839, 0.064994, 7.149389
23.233517, 0.067543, 7.429772
23.235206, 0.067543, 7.429772
23.236829, 0.067543, 7.429772
23.238515, 0.067543, 7.429772
23.240180, 0.064994, 7.149389
23.241770, 0.067543, 7.429772
23.243367, 0.064994, 7.149389
23.245000, 0.067543, 7.429772
23.247407, 0.067543, 7.429772
23.249095, 0.067543, 7.429772
23.250780, 0.067543, 7.429772
23.252363, 0.064994, 7.149389
23.253942, 0.064994, 7.149389
23.255779, 0.064994, 7.149389
23.257426, 0.064994, 7.149389
23.259091, 0.064994, 7.149389
23.260742, 0.067543, 7.429772
23.262321, 0.064994, 7.149389
23.264111, 0.067543, 7.429772
23.265982, 0.067543, 7.429772
23.267726, 0.067543, 7.429772
23.269439, 0.067543, 7.429772
23.271031, 0.064994, 7.149389
23.272623, 0.064994, 7.149389
23.274186, 0.067543, 7.429772
23.275825, 0.067543, 7.429772
23.277424, 0.067543, 7.429772
23.279005, 0.067543, 7.429772
23.281765, 0.064994, 7.149389
23.283389, 0.064994, 7.149389
23.285049, 0.064994, 7.149389
23.286781, 0.064994, 7.149389
23.288428, 0.064994, 7.149389
23.290113, 0.064994, 7.149389
23.291693, 0.064994, 7.149389
23.293264, 0.064994, 7.149389
23.294843, 0.067543, 7.429772
23.297486, 0.064994, 7.149389
23.299268, 0.064994, 7.149389
23.300942, 0.064994, 7.149389
23.302540, 0.064994, 7.149389
23.304127, 0.064994, 7.149389
23.305768, 0.064994, 7.149389
23.307373, 0.064994, 7.149389
23.308945, 0.064994, 7.149389
23.310529, 0.064994, 7.149389
23.312114, 0.064994, 7.149389
23.315412, 0.067543, 7.429772
23.317434, 0.067543, 7.429772
23.319168, 0.067543, 7.429772
23.320832, 0.067543, 7.429772
23.322504, 0.067543, 7.429772
23.324100, 0.067543, 7.429772
23.325710, 0.064994, 7.149389
23.327328, 0.067543, 7.429772
23.328920, 0.064994, 7.149389
23.330821, 0.067543, 7.429772
23.332447, 0.064994, 7.149389
23.334072, 0.064994, 7.149389
23.335649, 0.064994, 7.149389
23.337317, 0.064994, 7.149389
23.338914, 0.067543, 7.429772
23.340527, 0.064994, 7.149389
23.342130, 0.064994, 7.149389
23.343779, 0.064994, 7.149389
23.345469, 0.064994, 7.149389
23.347927, 0.064994, 7.149389
23.349574, 0.064994, 7.149389
23.351831, 0.064994, 7.149389
23.353533, 0.067543, 7.429772
23.355178, 0.064994, 7.149389
23.356859, 0.067543, 7.429772
23.358490, 0.067543, 7.429772
23.360120, 0.064994, 7.149389
23.361878, 0.067543, 7.429772
23.364559, 0.064994, 7.149389
23.366535, 0.067543, 7.429772
23.368220, 0.064994, 7.149389
23.369891, 0.064994, 7.149389
23.371461, 0.064994, 7.149389
23.373049, 0.067543, 7.429772
23.374641, 0.064994, 7.149389
23.376364, 0.064994, 7.149389
23.378028, 0.067543, 7.429772
23.379893, 0.067543, 7.429772
23.381580, 0.067543, 7.429772
23.383229, 0.067543, 7.429772
23.384897, 0.064994, 7.149389
23.386595, 0.064994, 7.149389
23.388256, 0.064994, 7.149389
23.389875, 0.064994, 7.149389
23.391527, 0.064994, 7.149389
23.393191, 0.064994, 7.149389
23.394787, 0.064994, 7.149389
23.396525, 0.064994, 7.149389
23.398802, 0.067543, 7.429772
23.400432, 0.067543, 7.429772
23.402128, 0.064994, 7.149389
23.403728, 0.067543, 7.429772
23.405310, 0.064994, 7.149389
23.406968, 0.064994, 7.149389
23.410151, 0.064994, 7.149389
23.411861, 0.067543, 7.429772
23.413889, 0.067543, 7.429772
23.415548, 0.064994, 7.149389
23.417198, 0.067543, 7.429772
23.418892, 0.064994, 7.149389
23.420493, 0.064994, 7.149389
23.422131, 0.067543, 7.429772
23.423846, 0.064994, 7.149389
23.425517, 0.064994, 7.149389
23.427202, 0.064994, 7.149389
23.428784, 0.064994, 7.149389
23.431115, 0.064994, 7.149389
23.432971, 0.064994, 7.149389
23.434675, 0.064994, 7.149389
23.436264, 0.064994, 7.149389
23.438007, 0.064994, 7.149389
23.439825, 0.064994, 7.149389
23.441676, 0.064994, 7.149389
23.443473, 0.064994, 7.149389
23.445207, 0.067543, 7.429772
23.447021, 0.064994, 7.149389
23.448832, 0.067543, 7.429772
23.450542, 0.064994, 7.149389
23.452229, 0.064994, 7.149389
23.453962, 0.067543, 7.429772
23.456388, 0.064994, 7.149389
23.465007, 0.064994, 7.149389
23.468645, 0.064994, 7.149389
23.471343, 0.067543, 7.429772
23.473601, 0.067543, 7.429772
23.475351, 0.067543, 7.429772
23.477105, 0.064994, 7.149389
23.478816, 0.067543, 7.429772
23.480833, 0.067543, 7.429772
23.482666, 0.067543, 7.429772
23.484755, 0.064994, 7.149389
23.486608, 0.064994, 7.149389
23.488512, 0.064994, 7.149389
23.490358, 0.064994, 7.149389
23.492170, 0.064994, 7.149389
23.493948, 0.064994, 7.149389
23.495730, 0.067543, 7.429772
23.497845, 0.064994, 7.149389
23.499764, 0.064994, 7.149389
23.501461, 0.064994, 7.149389
23.503111, 0.064994, 7.149389
23.504753, 0.064994, 7.149389
23.506472, 0.064994, 7.149389
23.508361, 0.064994, 7.149389
23.510210, 0.064994, 7.149389
23.511913, 0.064994, 7.149389
23.513967, 0.064994, 7.149389
23.515678, 0.067543, 7.429772
23.517346, 0.064994, 7.149389
23.519095, 0.064994, 7.149389
23.520759, 0.067543, 7.429772
23.522422, 0.067543, 7.429772
23.524051, 0.064994, 7.149389
23.525708, 0.067543, 7.429772
23.527509, 0.067543, 7.429772
23.529211, 0.064994, 7.149389
23.531104, 0.067543, 7.429772
23.533044, 0.064994, 7.149389
23.534763, 0.067543, 7.429772
23.536435, 0.067543, 7.429772
23.538188, 0.064994, 7.149389
23.540298, 0.064994, 7.149389
23.541954, 0.067543, 7.429772
23.543616, 0.067543, 7.429772
23.545219, 0.067543, 7.429772
23.546873, 0.064994, 7.149389
23.548523, 0.064994, 7.149389
23.550481, 0.064994, 7.149389
23.552241, 0.064994, 7.149389
23.553940, 0.064994, 7.149389
23.555646, 0.067543, 7.429772
23.557265, 0.064994, 7.149389
23.558885, 0.067543, 7.429772
23.560585, 0.067543, 7.429772
23.562234, 0.064994, 7.149389
23.563989, 0.064994, 7.149389
23.565673, 0.064994, 7.149389
23.567351, 0.064994, 7.149389
23.568953, 0.064994, 7.149389
23.570695, 0.067543, 7.429772
23.572332, 0.064994, 7.149389
23.573957, 0.064994, 7.149389
23.575617, 0.064994, 7.149389
23.577318, 0.064994, 7.149389
23.579045, 0.067543, 7.429772
23.580780, 0.064994, 7.149389
23.582415, 0.067543, 7.429772
23.584125, 0.064994, 7.149389
23.585802, 0.067543, 7.429772
23.587429, 0.064994, 7.149389
23.589038, 0.064994, 7.149389
23.590714, 0.064994, 7.149389
23.592405, 0.064994, 7.149389
23.594104, 0.067543, 7.429772
23.595713, 0.067543, 7.429772
23.597484, 0.067543, 7.429772
23.599131, 0.067543, 7.429772
23.600897, 0.067543, 7.429772
23.602527, 0.064994, 7.149389
23.604127, 0.064994, 7.149389
23.605704, 0.064994, 7.149389
23.607291, 0.067543, 7.429772
23.608880, 0.064994, 7.149389
23.610535, 0.067543, 7.429772
23.612230, 0.067543, 7.429772
23.613996, 0.067543, 7.429772
23.615841, 0.064994, 7.149389
23.617534, 0.064994, 7.149389
23.619141, 0.067543, 7.429772
23.620894, 0.064994, 7.149389
23.622733, 0.064994, 7.149389
23.624446, 0.064994, 7.149389
23.626136, 0.067543, 7.429772
23.627775, 0.067543, 7.429772
23.629430, 0.064994, 7.149389
23.631309, 0.064994, 7.149389
23.633127, 0.064994, 7.149389
23.634805, 0.064994, 7.149389
23.636457, 0.067543, 7.429772
23.638100, 0.064994, 7.149389
23.639764, 0.064994, 7.149389
23.641497, 0.064994, 7.149389
23.643143, 0.064994, 7.149389
23.644781, 0.064994, 7.149389
23.646410, 0.064994, 7.149389
23.648070, 0.064994, 7.149389
23.649703, 0.064994, 7.149389
23.651419, 0.067543, 7.429772
23.653041, 0.064994, 7.149389
23.654666, 0.064994, 7.149389
23.656266, 0.064994, 7.149389
23.657883, 0.064994, 7.149389
23.659495, 0.064994, 7.149389
23.661100, 0.064994, 7.149389
23.662710, 0.064994, 7.149389
23.664778, 0.067543, 7.429772
23.666595, 0.064994, 7.149389
23.668250, 0.064994, 7.149389
23.669896, 0.067543, 7.429772
23.671541, 0.067543, 7.429772
23.673178, 0.064994, 7.149389
23.674805, 0.067543, 7.429772
23.676437, 0.064994, 7.149389
23.678087, 0.067543, 7.429772
23.679831, 0.067543, 7.429772
23.681698, 0.064994, 7.149389
23.683347, 0.067543, 7.429772
23.684971, 0.064994, 7.149389
23.686604, 0.067543, 7.429772
23.688227, 0.064994, 7.149389
23.689944, 0.064994, 7.149389
23.691626, 0.064994, 7.149389
23.693322, 0.064994, 7.149389
23.695021, 0.064994, 7.149389
23.696737, 0.064994, 7.149389
23.698422, 0.064994, 7.149389
23.700117, 0.064994, 7.149389
23.701836, 0.064994, 7.149389
23.703505, 0.067543, 7.429772
23.705166, 0.067543, 7.429772
23.706923, 0.067543, 7.429772
23.709018, 0.067543, 7.429772
23.710625, 0.064994, 7.149389
23.712239, 0.064994, 7.149389
23.713952, 0.067543, 7.429772
23.715622, 0.064994, 7.149389
23.717349, 0.064994, 7.149389
23.719046, 0.064994, 7.149389
23.720647, 0.067543, 7.429772
23.722385, 0.064994, 7.149389
23.724050, 0.064994, 7.149389
23.725742, 0.064994, 7.149389
23.727489, 0.064994, 7.149389
23.729072, 0.064994, 7.149389
23.730766, 0.064994, 7.149389
23.732461, 0.064994, 7.149389
23.736609, 0.064994, 7.149389
23.738309, 0.067543, 7.429772
23.739961, 0.067543, 7.429772
23.741529, 0.067543, 7.429772
23.743116, 0.064994, 7.149389
23.744710, 0.064994, 7.149389
23.746299, 0.064994, 7.149389
23.747943, 0.064994, 7.149389
23.749595, 0.064994, 7.149389
23.751294, 0.064994, 7.149389
23.752885, 0.064994, 7.149389
23.754539, 0.067543, 7.429772
23.756200, 0.064994, 7.149389
23.757910, 0.064994, 7.149389
23.759482, 0.064994, 7.149389
23.761060, 0.064994, 7.149389
23.762661, 0.067543, 7.429772
23.765694, 0.064994, 7.149389
23.767445, 0.067543, 7.429772
23.769131, 0.064994, 7.149389
23.770705, 0.067543, 7.429772
23.772284, 0.067543, 7.429772
23.773900, 0.067543, 7.429772
23.775664, 0.064994, 7.149389
23.777357, 0.064994, 7.149389
23.779004, 0.064994, 7.149389
23.780712, 0.064994, 7.149389
23.782491, 0.067543, 7.429772
23.784247, 0.064994, 7.149389
23.785951, 0.067543, 7.429772
23.787549, 0.064994, 7.149389
23.789192, 0.064994, 7.149389
23.790834, 0.064994, 7.149389
23.792628, 0.064994, 7.149389
23.794294, 0.067543, 7.429772
23.795900, 0.064994, 7.149389
23.797599, 0.067543, 7.429772
23.799338, 0.064994, 7.149389
23.801019, 0.067543, 7.429772
23.802599, 0.067543, 7.429772
23.804187, 0.064994, 7.149389
23.805792, 0.064994, 7.149389
23.807442, 0.064994, 7.149389
23.809145, 0.067543, 7.429772
23.810806, 0.064994, 7.149389
23.812397, 0.064994, 7.149389
23.814023, 0.064994, 7.149389
23.815690, 0.064994, 7.149389
23.817450, 0.064994, 7.149389
23.819042, 0.064994, 7.149389
23.820607, 0.064994, 7.149389
23.822186, 0.064994, 7.149389
23.823875, 0.064994, 7.149389
23.825592, 0.064994, 7.149389
23.827325, 0.064994, 7.149389
23.828993, 0.067543, 7.429772
23.830661, 0.067543, 7.429772
23.832359, 0.064994, 7.149389
23.834173, 0.064994, 7.149389
23.835948, 0.064994, 7.149389
23.837540, 0.067543, 7.429772
23.839122, 0.064994, 7.149389
23.840693, 0.064994, 7.149389
23.842279, 0.064994, 7.149389
23.843863, 0.064994, 7.149389
23.845479, 0.064994, 7.149389
23.847126, 0.067543, 7.429772
23.848729, 0.064994, 7.149389
23.850461, 0.067543, 7.429772
23.852162, 0.067543, 7.429772
23.853745, 0.064994, 7.149389
23.855452, 0.067543, 7.429772
23.857142, 0.064994, 7.149389
23.858868, 0.064994, 7.149389
23.860451, 0.067543, 7.429772
23.862042, 0.067543, 7.429772
23.864616, 0.064994, 7.149389
23.866525, 0.067543, 7.429772
23.868217, 0.064994, 7.149389
23.869801, 0.067543, 7.429772
23.871382, 0.064994, 7.149389
23.872961, 0.067543, 7.429772
23.874534, 0.064994, 7.149389
23.876199, 0.067543, 7.429772
23.877887, 0.064994, 7.149389
23.880822, 0.064994, 7.149389
23.882950, 0.064994, 7.149389
23.884686, 0.064994, 7.149389
23.886409, 0.064994, 7.149389
23.888132, 0.064994, 7.149389
23.889853, 0.064994, 7.149389
23.891452, 0.067543, 7.429772
23.893020, 0.064994, 7.149389
23.894609, 0.064994, 7.149389
23.896649, 0.067543, 7.429772
23.898349, 0.067543, 7.429772
23.900033, 0.064994, 7.149389
23.901801, 0.064994, 7.149389
23.903397, 0.064994, 7.149389
23.904965, 0.064994, 7.149389
23.906658, 0.064994, 7.149389
23.908279, 0.064994, 7.149389
23.909958, 0.067543, 7.429772
23.911657, 0.067543, 7.429772
23.913265, 0.064994, 7.149389
23.916210, 0.067543, 7.429772
23.918108, 0.067543, 7.429772
23.919853, 0.064994, 7.149389
23.921509, 0.064994, 7.149389
23.923104, 0.064994, 7.149389
23.924687, 0.067543, 7.429772
23.926300, 0.064994, 7.149389
23.928146, 0.064994, 7.149389
23.929889, 0.064994, 7.149389
23.931644, 0.067543, 7.429772
23.933285, 0.064994, 7.149389
23.934942, 0.064994, 7.149389
23.936603, 0.064994, 7.149389
23.938409, 0.067543, 7.429772
23.940146, 0.067543, 7.429772
23.941854, 0.067543, 7.429772
23.943769, 0.067543, 7.429772
23.945639, 0.064994, 7.149389
23.947619, 0.067543, 7.429772
23.949387, 0.067543, 7.429772
23.951090, 0.064994, 7.149389
23.952786, 0.067543, 7.429772
23.954541, 0.064994, 7.149389
23.956156, 0.064994, 7.149389
23.957768, 0.064994, 7.149389
23.959594, 0.064994, 7.149389
23.961264, 0.064994, 7.149389
23.963151, 0.064994, 7.149389
23.964867, 0.064994, 7.149389
23.966520, 0.067543, 7.429772
23.968272, 0.067543, 7.429772
23.969873, 0.067543, 7.429772
23.971469, 0.067543, 7.429772
23.973124, 0.064994, 7.149389
23.974776, 0.067543, 7.429772
23.976395, 0.067543, 7.429772
23.978039, 0.064994, 7.149389
23.979820, 0.067543, 7.429772
23.982258, 0.067543, 7.429772
23.983929, 0.067543, 7.429772
23.985605, 0.067543, 7.429772
23.987188, 0.064994, 7.149389
23.988771, 0.064994, 7.149389
23.990964, 0.064994, 7.149389
23.992751, 0.064994, 7.149389
23.994436, 0.064994, 7.149389
23.996063, 0.067543, 7.429772
23.997798, 0.064994, 7.149389
23.999459, 0.067543, 7.429772
24.001147, 0.067543, 7.429772
24.002790, 0.067543, 7.429772
24.004509, 0.064994, 7.149389
24.006100, 0.064994, 7.149389
24.007693, 0.064994, 7.149389
24.009274, 0.064994, 7.149389
24.011415, 0.064994, 7.149389
24.013051, 0.067543, 7.429772
24.014683, 0.067543, 7.429772
24.016319, 0.067543, 7.429772
24.018043, 0.067543, 7.429772
24.019644, 0.064994, 7.149389
24.022361, 0.064994, 7.149389
24.023998, 0.067543, 7.429772
24.025638, 0.067543, 7.429772
24.027226, 0.067543, 7.429772
24.028814, 0.067543, 7.429772
24.030473, 0.064994, 7.149389
24.033151, 0.064994, 7.149389
24.034792, 0.064994, 7.149389
24.036498, 0.064994, 7.149389
24.038141, 0.064994, 7.149389
24.039739, 0.064994, 7.149389
24.041362, 0.064994, 7.149389
24.042970, 0.064994, 7.149389
24.044559, 0.064994, 7.149389
24.046155, 0.064994, 7.149389
24.047781, 0.064994, 7.149389
24.049493, 0.064994, 7.149389
24.051138, 0.067543, 7.429772
24.052779, 0.064994, 7.149389
24.054966, 0.067543, 7.429772
24.056670, 0.064994, 7.149389
24.058261, 0.064994, 7.149389
24.059827, 0.067543, 7.429772
24.061411, 0.067543, 7.429772
24.063140, 0.064994, 7.149389
24.064820, 0.064994, 7.149389
24.066565, 0.067543, 7.429772
24.068223, 0.064994, 7.149389
24.069809, 0.064994, 7.149389
24.071397, 0.064994, 7.149389
24.073116, 0.064994, 7.149389
24.074822, 0.064994, 7.149389
24.076468, 0.064994, 7.149389
24.078042, 0.064994, 7.149389
24.079657, 0.064994, 7.149389
24.081303, 0.064994, 7.149389
24.083104, 0.064994, 7.149389
24.084761, 0.064994, 7.149389
24.086349, 0.064994, 7.149389
24.087920, 0.064994, 7.149389
24.089509, 0.064994, 7.149389
24.091099, 0.064994, 7.149389
24.092749, 0.064994, 7.149389
24.094375, 0.064994, 7.149389
24.096025, 0.064994, 7.149389
24.097836, 0.064994, 7.149389
24.099523, 0.064994, 7.149389
24.101262, 0.067543, 7.429772
24.103179, 0.064994, 7.149389
24.106300, 0.064994, 7.149389
24.108057, 0.064994, 7.149389
24.109781, 0.064994, 7.149389
24.111403, 0.064994, 7.149389
24.113091, 0.067543, 7.429772
24.114910, 0.064994, 7.149389
24.116628, 0.064994, 7.149389
24.118258, 0.067543, 7.429772
24.119918, 0.067543, 7.429772
24.121530, 0.067543, 7.429772
24.123206, 0.067543, 7.429772
24.124907, 0.064994, 7.149389
24.126538, 0.064994, 7.149389
24.128238, 0.064994, 7.149389
24.129848, 0.064994, 7.149389
24.131473, 0.064994, 7.149389
24.133129, 0.064994, 7.149389
24.134874, 0.064994, 7.149389
24.136532, 0.067543, 7.429772
24.138188, 0.064994, 7.149389
24.139781, 0.067543, 7.429772
24.141363, 0.064994, 7.149389
24.142926, 0.067543, 7.429772
24.144586, 0.067543, 7.429772
24.146233, 0.064994, 7.149389
24.148021, 0.064994, 7.149389
24.149717, 0.064994, 7.149389
24.151432, 0.064994, 7.149389
24.153017, 0.064994, 7.149389
24.154685, 0.064994, 7.149389
24.156352, 0.064994, 7.149389
24.158028, 0.067543, 7.429772
24.159610, 0.064994, 7.149389
24.161186, 0.064994, 7.149389
24.162760, 0.064994, 7.149389
24.164475, 0.064994, 7.149389
24.166176, 0.064994, 7.149389
24.167868, 0.064994, 7.149389
24.169605, 0.064994, 7.149389
24.171205, 0.064994, 7.149389
24.172771, 0.064994, 7.149389
24.174361, 0.064994, 7.149389
24.175970, 0.067543, 7.429772
24.177652, 0.064994, 7.149389
24.179302, 0.064994, 7.149389
24.180938, 0.064994, 7.149389
24.182600, 0.067543, 7.429772
24.184417, 0.067543, 7.429772
24.186071, 0.064994, 7.149389
24.187763, 0.064994, 7.149389
24.189456, 0.064994, 7.149389
24.191023, 0.064994, 7.149389
24.192610, 0.067543, 7.429772
24.194195, 0.064994, 7.149389
24.195806, 0.064994, 7.149389
24.197529, 0.067543, 7.429772
24.199151, 0.064994, 7.149389
24.200897, 0.064994, 7.149389
24.202486, 0.064994, 7.149389
24.204072, 0.064994, 7.149389
24.207205, 0.064994, 7.149389
24.209221, 0.067543, 7.429772
24.210865, 0.067543, 7.429772
24.212480, 0.064994, 7.149389
24.214348, 0.067543, 7.429772
24.216257, 0.064994, 7.149389
24.218066, 0.064994, 7.149389
24.219767, 0.064994, 7.149389
24.221368, 0.064994, 7.149389
24.222983, 0.064994, 7.149389
24.225089, 0.067543, 7.429772
24.226706, 0.064994, 7.149389
24.228279, 0.064994, 7.149389
24.229958, 0.064994, 7.149389
24.231731, 0.064994, 7.149389
24.233359, 0.064994, 7.149389
24.235010, 0.064994, 7.149389
24.236655, 0.064994, 7.149389
24.238300, 0.067543, 7.429772
24.239977, 0.067543, 7.429772
24.241562, 0.064994, 7.149389
24.243140, 0.064994, 7.149389
24.244720, 0.064994, 7.149389
24.246735, 0.064994, 7.149389
24.248582, 0.064994, 7.149389
24.250292, 0.064994, 7.149389
24.251892, 0.064994, 7.149389
24.253483, 0.064994, 7.149389
24.255054, 0.064994, 7.149389
24.256723, 0.067543, 7.429772
24.258321, 0.064994, 7.149389
24.259900, 0.067543, 7.429772
24.261486, 0.064994, 7.149389
24.263417, 0.067543, 7.429772
24.265348, 0.067543, 7.429772
24.267360, 0.064994, 7.149389
24.269190, 0.064994, 7.149389
24.270805, 0.067543, 7.429772
24.272392, 0.067543, 7.429772
24.274016, 0.064994, 7.149389
24.275649, 0.064994, 7.149389
24.277608, 0.067543, 7.429772
24.279455, 0.064994, 7.149389
24.281419, 0.064994, 7.149389
24.283031, 0.067543, 7.429772
24.284621, 0.064994, 7.149389
24.286192, 0.067543, 7.429772
24.287841, 0.067543, 7.429772
24.289433, 0.064994, 7.149389
24.291019, 0.064994, 7.149389
24.292606, 0.067543, 7.429772
24.294175, 0.067543, 7.429772
24.295766, 0.064994, 7.149389
24.297742, 0.067543, 7.429772
24.299415, 0.064994, 7.149389
24.301141, 0.064994, 7.149389
24.302741, 0.064994, 7.149389
24.304324, 0.064994, 7.149389
24.305893, 0.064994, 7.149389
24.307589, 0.067543, 7.429772
24.309185, 0.064994, 7.149389
24.310760, 0.067543, 7.429772
24.312339, 0.067543, 7.429772
24.314751, 0.067543, 7.429772
24.316444, 0.064994, 7.149389
24.318915, 0.064994, 7.149389
24.320622, 0.064994, 7.149389
24.322220, 0.067543, 7.429772
24.323786, 0.064994, 7.149389
24.325379, 0.064994, 7.149389
24.326969, 0.064994, 7.149389
24.328644, 0.067543, 7.429772
24.330445, 0.067543, 7.429772
24.332103, 0.067543, 7.429772
24.333790, 0.064994, 7.149389
24.335374, 0.067543, 7.429772
24.336968, 0.067543, 7.429772
24.338700, 0.064994, 7.149389
24.340295, 0.064994, 7.149389
24.341863, 0.064994, 7.149389
24.343447, 0.064994, 7.149389
24.345031, 0.064994, 7.149389
24.347417, 0.064994, 7.149389
24.349518, 0.064994, 7.149389
24.351221, 0.064994, 7.149389
24.352902, 0.064994, 7.149389
24.354495, 0.064994, 7.149389
24.356083, 0.064994, 7.149389
24.357670, 0.064994, 7.149389
24.359329, 0.064994, 7.149389
24.360897, 0.067543, 7.429772
24.362479, 0.064994, 7.149389
24.364272, 0.064994, 7.149389
24.365927, 0.067543, 7.429772
24.368028, 0.064994, 7.149389
24.369817, 0.064994, 7.149389
24.371539, 0.067543, 7.429772
24.373306, 0.064994, 7.149389
24.375018, 0.064994, 7.149389
24.376611, 0.067543, 7.429772
24.378217, 0.067543, 7.429772
24.380209, 0.064994, 7.149389
24.381944, 0.067543, 7.429772
24.383732, 0.064994, 7.149389
24.385426, 0.064994, 7.149389
24.387108, 0.064994, 7.149389
24.388745, 0.064994, 7.149389
24.390385, 0.064994, 7.149389
24.392076, 0.067543, 7.429772
24.393959, 0.067543, 7.429772
24.396228, 0.067543, 7.429772
24.398223, 0.067543, 7.429772
24.399910, 0.064994, 7.149389
24.401550, 0.064994, 7.149389
24.403181, 0.064994, 7.149389
24.404810, 0.064994, 7.149389
24.406414, 0.064994, 7.149389
24.408229, 0.064994, 7.149389
24.410017, 0.064994, 7.149389
24.411737, 0.064994, 7.149389
24.413478, 0.064994, 7.149389
24.415208, 0.064994, 7.149389
24.416857, 0.064994, 7.149389
24.418457, 0.064994, 7.149389
24.420050, 0.067543, 7.429772
24.421630, 0.064994, 7.149389
24.423372, 0.064994, 7.149389
24.425182, 0.064994, 7.149389
24.426781, 0.064994, 7.149389
24.428404, 0.064994, 7.149389
24.430227, 0.064994, 7.149389
24.431966, 0.064994, 7.149389
24.433581, 0.064994, 7.149389
24.435216, 0.064994, 7.149389
24.436789, 0.064994, 7.149389
24.438366, 0.067543, 7.429772
24.440328, 0.064994, 7.149389
24.442281, 0.064994, 7.149389
24.444027, 0.064994, 7.149389
24.445813, 0.067543, 7.429772
24.447598, 0.064994, 7.149389
24.449415, 0.064994, 7.149389
24.451131, 0.064994, 7.149389
24.452762, 0.067543, 7.429772
24.454441, 0.064994, 7.149389
24.456109, 0.064994, 7.149389
24.457700, 0.067543, 7.429772
24.459271, 0.067543, 7.429772
24.460952, 0.067543, 7.429772
24.462767, 0.064994, 7.149389
24.464391, 0.067543, 7.429772
24.466271, 0.064994, 7.149389
24.468038, 0.067543, 7.429772
24.469678, 0.067543, 7.429772
24.471498, 0.064994, 7.149389
24.473330, 0.064994, 7.149389
24.475122, 0.064994, 7.149389
24.476879, 0.064994, 7.149389
24.478614, 0.067543, 7.429772
24.480398, 0.064994, 7.149389
24.482159, 0.064994, 7.149389
24.483900, 0.064994, 7.149389
24.485795, 0.064994, 7.149389
24.487436, 0.064994, 7.149389
24.489065, 0.064994, 7.149389
24.490686, 0.067543, 7.429772
24.492292, 0.064994, 7.149389
24.493976, 0.064994, 7.149389
24.495897, 0.064994, 7.149389
24.497854, 0.067543, 7.429772
24.499643, 0.064994, 7.149389
24.501342, 0.064994, 7.149389
24.503017, 0.064994, 7.149389
24.504616, 0.064994, 7.149389
24.506203, 0.064994, 7.149389
24.507785, 0.064994, 7.149389
24.509372, 0.064994, 7.149389
24.510937, 0.067543, 7.429772
24.512641, 0.064994, 7.149389
24.514509, 0.064994, 7.149389
24.516237, 0.064994, 7.149389
24.517898, 0.064994, 7.149389
24.519497, 0.064994, 7.149389
24.521073, 0.064994, 7.149389
24.522666, 0.067543, 7.429772
24.524683, 0.064994, 7.149389
24.526373, 0.064994, 7.149389
24.528051, 0.064994, 7.149389
24.529846, 0.064994, 7.149389
24.531503, 0.064994, 7.149389
24.533165, 0.064994, 7.149389
24.535232, 0.064994, 7.149389
24.536946, 0.064994, 7.149389
24.538622, 0.064994, 7.149389
24.540212, 0.064994, 7.149389
24.541810, 0.064994, 7.149389
24.543396, 0.064994, 7.149389
24.545076, 0.064994, 7.149389
24.546706, 0.064994, 7.149389
24.548470, 0.064994, 7.149389
24.550127, 0.064994, 7.149389
24.551786, 0.064994, 7.149389
24.553377, 0.064994, 7.149389
24.555041, 0.064994, 7.149389
24.556705, 0.064994, 7.149389
24.558351, 0.064994, 7.149389
24.559948, 0.064994, 7.149389
24.561528, 0.064994, 7.149389
24.563139, 0.064994, 7.149389
24.564874, 0.067543, 7.429772
24.567537, 0.067543, 7.429772
24.569487, 0.064994, 7.149389
24.571515, 0.064994, 7.149389
24.573361, 0.067543, 7.429772
24.575174, 0.064994, 7.149389
24.576958, 0.067543, 7.429772
24.578696, 0.064994, 7.149389
24.580359, 0.064994, 7.149389
24.581956, 0.067543, 7.429772
24.583677, 0.067543, 7.429772
24.585456, 0.064994, 7.149389
24.587236, 0.064994, 7.149389
24.588858, 0.064994, 7.149389
24.590446, 0.067543, 7.429772
24.592019, 0.067543, 7.429772
24.593603, 0.064994, 7.149389
24.595194, 0.064994, 7.149389
24.597596, 0.064994, 7.149389
24.599443, 0.064994, 7.149389
24.601142, 0.064994, 7.149389
24.602733, 0.064994, 7.149389
24.604323, 0.067543, 7.429772
24.605982, 0.064994, 7.149389
24.607609, 0.064994, 7.149389
24.609243, 0.064994, 7.149389
24.610929, 0.064994, 7.149389
24.612519, 0.064994, 7.149389
24.614172, 0.064994, 7.149389
24.615862, 0.064994, 7.149389
24.617646, 0.064994, 7.149389
24.619276, 0.064994, 7.149389
24.621022, 0.064994, 7.149389
24.622642, 0.064994, 7.149389
24.624235, 0.064994, 7.149389
24.625816, 0.064994, 7.149389
24.627488, 0.067543, 7.429772
24.629221, 0.064994, 7.149389
24.631408, 0.067543, 7.429772
24.633152, 0.064994, 7.149389
24.634800, 0.064994, 7.149389
24.636569, 0.067543, 7.429772
24.638279, 0.067543, 7.429772
24.639905, 0.064994, 7.149389
24.641543, 0.067543, 7.429772
24.643171, 0.064994, 7.149389
24.644790, 0.067543, 7.429772
24.646530, 0.067543, 7.429772
24.648608, 0.067543, 7.429772
24.650384, 0.067543, 7.429772
24.652036, 0.064994, 7.149389
24.653645, 0.067543, 7.429772
24.655249, 0.064994, 7.149389
24.656878, 0.064994, 7.149389
24.658555, 0.067543, 7.429772
24.660162, 0.067543, 7.429772
24.661811, 0.064994, 7.149389
24.663435, 0.064994, 7.149389
24.665046, 0.064994, 7.149389
24.666659, 0.067543, 7.429772
24.668281, 0.064994, 7.149389
24.669896, 0.064994, 7.149389
24.671582, 0.064994, 7.149389
24.673703, 0.064994, 7.149389
24.675341, 0.064994, 7.149389
24.676975, 0.064994, 7.149389
24.678587, 0.064994, 7.149389
24.680216, 0.064994, 7.149389
24.681827, 0.064994, 7.149389
24.683430, 0.067543, 7.429772
24.685044, 0.064994, 7.149389
24.686698, 0.067543, 7.429772
24.688377, 0.064994, 7.149389
24.690092, 0.064994, 7.149389
24.691682, 0.067543, 7.429772
24.693283, 0.064994, 7.149389
24.694870, 0.064994, 7.149389
24.696482, 0.064994, 7.149389
24.698317, 0.064994, 7.149389
24.699955, 0.064994, 7.149389
24.701593, 0.064994, 7.149389
24.703219, 0.067543, 7.429772
24.704892, 0.067543, 7.429772
24.706687, 0.067543, 7.429772
24.708309, 0.064994, 7.149389
24.709892, 0.067543, 7.429772
24.711490, 0.067543, 7.429772
24.713099, 0.064994, 7.149389
24.714716, 0.064994, 7.149389
24.716380, 0.064994, 7.149389
24.718088, 0.067543, 7.429772
24.719861, 0.067543, 7.429772
24.721561, 0.064994, 7.149389
24.723158, 0.067543, 7.429772
24.724742, 0.067543, 7.429772
24.726327, 0.064994, 7.149389
24.727967, 0.064994, 7.149389
24.729620, 0.064994, 7.149389
24.731268, 0.067543, 7.429772
24.732966, 0.067543, 7.429772
24.734739, 0.067543, 7.429772
24.736852, 0.064994, 7.149389
24.738573, 0.067543, 7.429772
24.740144, 0.064994, 7.149389
24.741731, 0.064994, 7.149389
24.743325, 0.064994, 7.149389
24.744913, 0.064994, 7.149389
24.746510, 0.064994, 7.149389
24.748210, 0.064994, 7.149389
24.749819, 0.067543, 7.429772
24.751597, 0.064994, 7.149389
24.753227, 0.064994, 7.149389
24.754816, 0.064994, 7.149389
24.756408, 0.064994, 7.149389
24.757973, 0.064994, 7.149389
24.759707, 0.067543, 7.429772
24.761388, 0.064994, 7.149389
24.763142, 0.064994, 7.149389
24.764831, 0.064994, 7.149389
24.766534, 0.067543, 7.429772
24.768327, 0.067543, 7.429772
24.770079, 0.064994, 7.149389
24.771908, 0.064994, 7.149389
24.773615, 0.064994, 7.149389
24.775306, 0.064994, 7.149389
24.777002, 0.067543, 7.429772
24.778675, 0.067543, 7.429772
24.781523, 0.067543, 7.429772
24.783297, 0.067543, 7.429772
24.784927, 0.067543, 7.429772
24.786516, 0.064994, 7.149389
24.788087, 0.067543, 7.429772
24.790138, 0.064994, 7.149389
24.792443, 0.067543, 7.429772
24.794159, 0.067543, 7.429772
24.795755, 0.067543, 7.429772
24.797423, 0.064994, 7.149389
24.799120, 0.067543, 7.429772
24.800964, 0.067543, 7.429772
24.802639, 0.064994, 7.149389
24.804286, 0.064994, 7.149389
24.806008, 0.064994, 7.149389
24.807667, 0.064994, 7.149389
24.809245, 0.064994, 7.149389
24.810920, 0.064994, 7.149389
24.812548, 0.064994, 7.149389
24.814172, 0.064994, 7.149389
24.815923, 0.064994, 7.149389
24.817616, 0.067543, 7.429772
24.819209, 0.067543, 7.429772
24.820862, 0.064994, 7.149389
24.822491, 0.067543, 7.429772
24.824238, 0.067543, 7.429772
24.825849, 0.067543, 7.429772
24.827435, 0.067543, 7.429772
24.829014, 0.064994, 7.149389
24.830667, 0.067543, 7.429772
24.832305, 0.064994, 7.149389
24.834000, 0.067543, 7.429772
24.835758, 0.067543, 7.429772
24.837346, 0.067543, 7.429772
24.838899, 0.067543, 7.429772
24.840479, 0.067543, 7.429772
24.842094, 0.064994, 7.149389
24.843760, 0.067543, 7.429772
24.845492, 0.064994, 7.149389
24.847128, 0.067543, 7.429772
24.848922, 0.067543, 7.429772
24.850585, 0.067543, 7.429772
24.852267, 0.064994, 7.149389
24.853852, 0.067543, 7.429772
24.855428, 0.064994, 7.149389
24.856978, 0.064994, 7.149389
24.858548, 0.067543, 7.429772
24.860121, 0.064994, 7.149389
24.861745, 0.064994, 7.149389
24.863377, 0.067543, 7.429772
24.864975, 0.064994, 7.149389
24.866641, 0.067543, 7.429772
24.868390, 0.064994, 7.149389
24.869969, 0.064994, 7.149389
24.871576, 0.067543, 7.429772
24.873183, 0.067543, 7.429772
24.874902, 0.064994, 7.149389
24.876510, 0.067543, 7.429772
24.878086, 0.064994, 7.149389
24.879671, 0.067543, 7.429772
24.881441, 0.067543, 7.429772
24.883044, 0.067543, 7.429772
24.884731, 0.067543, 7.429772
24.886467, 0.067543, 7.429772
24.888051, 0.064994, 7.149389
24.889665, 0.064994, 7.149389
24.891254, 0.064994, 7.149389
24.892926, 0.067543, 7.429772
24.894605, 0.067543, 7.429772
24.896360, 0.067543, 7.429772
24.898046, 0.064994, 7.149389
24.899742, 0.067543, 7.429772
24.901484, 0.067543, 7.429772
24.903106, 0.064994, 7.149389
24.905275, 0.064994, 7.149389
24.906957, 0.067543, 7.429772
24.908537, 0.067543, 7.429772
24.910117, 0.064994, 7.149389
24.911693, 0.067543, 7.429772
24.913392, 0.064994, 7.149389
24.915023, 0.064994, 7.149389
24.916754, 0.067543, 7.429772
24.918442, 0.064994, 7.149389
24.920030, 0.067543, 7.429772
24.921606, 0.064994, 7.149389
24.923178, 0.067543, 7.429772
24.924845, 0.067543, 7.429772
24.926450, 0.067543, 7.429772
24.928236, 0.064994, 7.149389
24.929898, 0.067543, 7.429772
24.931524, 0.067543, 7.429772
24.933318, 0.067543, 7.429772
24.935073, 0.067543, 7.429772
24.936819, 0.067543, 7.429772
24.938598, 0.067543, 7.429772
24.940191, 0.064994, 7.149389
24.941774, 0.067543, 7.429772
24.943354, 0.064994, 7.149389
24.944949, 0.064994, 7.149389
24.946679, 0.064994, 7.149389
24.948435, 0.064994, 7.149389
24.950172, 0.064994, 7.149389
24.951884, 0.064994, 7.149389
24.953466, 0.067543, 7.429772
24.955085, 0.064994, 7.149389
24.956777, 0.067543, 7.429772
24.958505, 0.064994, 7.149389
24.960090, 0.067543, 7.429772
24.961669, 0.067543, 7.429772
24.963252, 0.067543, 7.429772
24.966116, 0.067543, 7.429772
24.967793, 0.067543, 7.429772
24.969482, 0.064994, 7.149389
24.971045, 0.067543, 7.429772
24.972628, 0.064994, 7.149389
24.974207, 0.067543, 7.429772
24.975827, 0.067543, 7.429772
24.977466, 0.067543, 7.429772
24.979152, 0.064994, 7.149389
24.980821, 0.067543, 7.429772
24.982538, 0.064994, 7.149389
24.984224, 0.067543, 7.429772
24.987658, 0.067543, 7.429772
24.989614, 0.067543, 7.429772
24.991355, 0.067543, 7.429772
24.993029, 0.067543, 7.429772
24.994623, 0.067543, 7.429772
24.996229, 0.064994, 7.149389
24.998408, 0.067543, 7.429772
25.000427, 0.064994, 7.149389
25.002313, 0.067543, 7.429772
25.004157, 0.064994, 7.149389
25.005937, 0.067543, 7.429772
25.007576, 0.067543, 7.429772
25.009166, 0.067543, 7.429772
25.010748, 0.067543, 7.429772
25.012342, 0.064994, 7.149389
25.014750, 0.067543, 7.429772
25.016862, 0.064994, 7.149389
25.018571, 0.067543, 7.429772
25.020170, 0.064994, 7.149389
25.021757, 0.064994, 7.149389
25.023422, 0.067543, 7.429772
25.024979, 0.064994, 7.149389
25.026551, 0.067543, 7.429772
25.028135, 0.067543, 7.429772
25.029963, 0.067543, 7.429772
25.032200, 0.064994, 7.149389
25.033925, 0.067543, 7.429772
25.035544, 0.064994, 7.149389
25.037123, 0.064994, 7.149389
25.038694, 0.064994, 7.149389
25.040277, 0.064994, 7.149389
25.041858, 0.064994, 7.149389
25.043440, 0.064994, 7.149389
25.045003, 0.067543, 7.429772
25.048004, 0.067543, 7.429772
25.049861, 0.067543, 7.429772
25.051637, 0.067543, 7.429772
25.053326, 0.067543, 7.429772
25.055004, 0.067543, 7.429772
25.056648, 0.067543, 7.429772
25.058328, 0.067543, 7.429772
25.060040, 0.064994, 7.149389
25.061782, 0.067543, 7.429772
25.063422, 0.067543, 7.429772
25.065089, 0.067543, 7.429772
25.066813, 0.067543, 7.429772
25.069547, 0.064994, 7.149389
25.071188, 0.064994, 7.149389
25.072783, 0.067543, 7.429772
25.074355, 0.064994, 7.149389
25.075917, 0.067543, 7.429772
25.077515, 0.064994, 7.149389
25.079697, 0.067543, 7.429772
25.081370, 0.067543, 7.429772
25.083035, 0.067543, 7.429772
25.084790, 0.067543, 7.429772
25.086375, 0.064994, 7.149389
25.088033, 0.064994, 7.149389
25.089672, 0.067543, 7.429772
25.091305, 0.064994, 7.149389
25.092968, 0.067543, 7.429772
25.094715, 0.067543, 7.429772
25.096293, 0.067543, 7.429772
25.098863, 0.064994, 7.149389
25.101394, 0.064994, 7.149389
25.103058, 0.067543, 7.429772
25.104621, 0.067543, 7.429772
25.106197, 0.067543, 7.429772
25.107993, 0.067543, 7.429772
25.110874, 0.067543, 7.429772
25.112655, 0.067543, 7.429772
25.114426, 0.067543, 7.429772
25.116089, 0.067543, 7.429772
25.117801, 0.067543, 7.429772
25.119537, 0.064994, 7.149389
25.121218, 0.067543, 7.429772
25.122933, 0.067543, 7.429772
25.124652, 0.064994, 7.149389
25.126552, 0.067543, 7.429772
25.128185, 0.067543, 7.429772
25.129930, 0.064994, 7.149389
25.131869, 0.067543, 7.429772
25.133547, 0.067543, 7.429772
25.135179, 0.067543, 7.429772
25.136805, 0.064994, 7.149389
25.138419, 0.067543, 7.429772
25.140050, 0.067543, 7.429772
25.141688, 0.064994, 7.149389
25.143340, 0.064994, 7.149389
25.145113, 0.067543, 7.429772
25.146882, 0.064994, 7.149389
25.148680, 0.064994, 7.149389
25.150485, 0.064994, 7.149389
25.152139, 0.067543, 7.429772
25.153733, 0.064994, 7.149389
25.155328, 0.067543, 7.429772
25.156916, 0.064994, 7.149389
25.158494, 0.064994, 7.149389
25.160093, 0.067543, 7.429772
25.161816, 0.067543, 7.429772
25.163546, 0.067543, 7.429772
25.165226, 0.067543, 7.429772
25.166945, 0.067543, 7.429772
25.168606, 0.067543, 7.429772
25.170227, 0.067543, 7.429772
25.171897, 0.067543, 7.429772
25.173600, 0.064994, 7.149389
25.175181, 0.067543, 7.429772
25.176759, 0.067543, 7.429772
25.178321, 0.067543, 7.429772
25.180009, 0.064994, 7.149389
25.181836, 0.067543, 7.429772
25.183594, 0.067543, 7.429772
25.185343, 0.067543, 7.429772
25.186944, 0.064994, 7.149389
25.188510, 0.067543, 7.429772
25.190091, 0.067543, 7.429772
25.191716, 0.067543, 7.429772
25.193384, 0.067543, 7.429772
25.195130, 0.067543, 7.429772
25.197102, 0.067543, 7.429772
25.199401, 0.067543, 7.429772
25.201051, 0.064994, 7.149389
25.202682, 0.064994, 7.149389
25.204323, 0.067543, 7.429772
25.206037, 0.064994, 7.149389
25.207612, 0.067543, 7.429772
25.209186, 0.067543, 7.429772
25.210803, 0.064994, 7.149389
25.212429, 0.067543, 7.429772
25.214573, 0.067543, 7.429772
25.216320, 0.067543, 7.429772
25.217990, 0.067543, 7.429772
25.219572, 0.067543, 7.429772
25.221174, 0.067543, 7.429772
25.222793, 0.064994, 7.149389
25.224415, 0.067543, 7.429772
25.226128, 0.064994, 7.149389
25.227704, 0.067543, 7.429772
25.229295, 0.067543, 7.429772
25.231838, 0.067543, 7.429772
25.233559, 0.067543, 7.429772
25.235204, 0.064994, 7.149389
25.236769, 0.064994, 7.149389
25.238355, 0.067543, 7.429772
25.239934, 0.067543, 7.429772
25.241562, 0.067543, 7.429772
25.243204, 0.064994, 7.149389
25.244836, 0.067543, 7.429772
25.246507, 0.067543, 7.429772
25.248895, 0.064994, 7.149389
25.250573, 0.067543, 7.429772
25.252729, 0.067543, 7.429772
25.254359, 0.067543, 7.429772
25.256069, 0.067543, 7.429772
25.257652, 0.067543, 7.429772
25.259231, 0.067543, 7.429772
25.260821, 0.064994, 7.149389
25.263455, 0.064994, 7.149389
25.265355, 0.067543, 7.429772
25.267649, 0.064994, 7.149389
25.269740, 0.067543, 7.429772
25.271359, 0.067543, 7.429772
25.273021, 0.067543, 7.429772
25.274610, 0.064994, 7.149389
25.276190, 0.067543, 7.429772
25.277761, 0.067543, 7.429772
25.279357, 0.067543, 7.429772
25.281552, 0.067543, 7.429772
25.283303, 0.067543, 7.429772
25.284901, 0.064994, 7.149389
25.286481, 0.067543, 7.429772
25.288047, 0.064994, 7.149389
25.289623, 0.067543, 7.429772
25.291261, 0.064994, 7.149389
25.292956, 0.064994, 7.149389
25.294545, 0.067543, 7.429772
25.296128, 0.067543, 7.429772
25.298477, 0.067543, 7.429772
25.300127, 0.064994, 7.149389
25.301818, 0.067543, 7.429772
25.304403, 0.067543, 7.429772
25.306052, 0.067543, 7.429772
25.307717, 0.067543, 7.429772
25.309305, 0.067543, 7.429772
25.310894, 0.067543, 7.429772
25.312545, 0.067543, 7.429772
25.314712, 0.067543, 7.429772
25.316389, 0.067543, 7.429772
25.318272, 0.067543, 7.429772
25.320024, 0.067543, 7.429772
25.321611, 0.064994, 7.149389
25.323327, 0.067543, 7.429772
25.324926, 0.064994, 7.149389
25.326512, 0.067543, 7.429772
25.328093, 0.064994, 7.149389
25.329911, 0.067543, 7.429772
25.331624, 0.067543, 7.429772
25.333420, 0.064994, 7.149389
25.335021, 0.067543, 7.429772
25.336616, 0.064994, 7.149389
25.338202, 0.064994, 7.149389
25.339764, 0.067543, 7.429772
25.341347, 0.067543, 7.429772
25.342983, 0.067543, 7.429772
25.344589, 0.067543, 7.429772
25.346248, 0.064994, 7.149389
25.348682, 0.067543, 7.429772
25.350445, 0.067543, 7.429772
25.352147, 0.067543, 7.429772
25.354128, 0.067543, 7.429772
25.355867, 0.067543, 7.429772
25.357502, 0.064994, 7.149389
25.359198, 0.067543, 7.429772
25.360938, 0.067543, 7.429772
25.362534, 0.067543, 7.429772
25.364434, 0.067543, 7.429772
25.366226, 0.070092, 7.710155
25.367918, 0.067543, 7.429772
25.369511, 0.067543, 7.429772
25.371097, 0.067543, 7.429772
25.372676, 0.067543, 7.429772
25.374344, 0.064994, 7.149389
25.375969, 0.067543, 7.429772
25.377661, 0.064994, 7.149389
25.379263, 0.067543, 7.429772
25.381089, 0.067543, 7.429772
25.382838, 0.067543, 7.429772
25.384585, 0.067543, 7.429772
25.386210, 0.067543, 7.429772
25.387834, 0.067543, 7.429772
25.389458, 0.064994, 7.149389
25.391102, 0.067543, 7.429772
25.392816, 0.067543, 7.429772
25.394470, 0.067543, 7.429772
25.396075, 0.067543, 7.429772
25.398016, 0.067543, 7.429772
25.399712, 0.067543, 7.429772
25.401389, 0.064994, 7.149389
25.402975, 0.064994, 7.149389
25.404700, 0.067543, 7.429772
25.406355, 0.067543, 7.429772
25.407998, 0.067543, 7.429772
25.409654, 0.067543, 7.429772
25.411244, 0.067543, 7.429772
25.412837, 0.064994, 7.149389
25.415409, 0.067543, 7.429772
25.417628, 0.067543, 7.429772
25.419556, 0.067543, 7.429772
25.421217, 0.067543, 7.429772
25.422870, 0.064994, 7.149389
25.424588, 0.067543, 7.429772
25.426795, 0.067543, 7.429772
25.428452, 0.067543, 7.429772
25.430278, 0.067543, 7.429772
25.431903, 0.067543, 7.429772
25.433514, 0.064994, 7.149389
25.435378, 0.067543, 7.429772
25.437002, 0.067543, 7.429772
25.438690, 0.067543, 7.429772
25.440395, 0.067543, 7.429772
25.441971, 0.067543, 7.429772
25.443556, 0.067543, 7.429772
25.446352, 0.067543, 7.429772
25.448439, 0.067543, 7.429772
25.450100, 0.064994, 7.149389
25.451789, 0.067543, 7.429772
25.453387, 0.067543, 7.429772
25.454968, 0.067543, 7.429772
25.456647, 0.067543, 7.429772
25.458253, 0.067543, 7.429772
25.459927, 0.067543, 7.429772
25.461510, 0.067543, 7.429772
25.463217, 0.067543, 7.429772
25.465233, 0.067543, 7.429772
25.466957, 0.064994, 7.149389
25.468621, 0.067543, 7.429772
25.470193, 0.067543, 7.429772
25.471785, 0.067543, 7.429772
25.473385, 0.067543, 7.429772
25.475016, 0.067543, 7.429772
25.476708, 0.067543, 7.429772
25.478320, 0.067543, 7.429772
25.480106, 0.067543, 7.429772
25.481811, 0.067543, 7.429772
25.483485, 0.067543, 7.429772
25.485084, 0.067543, 7.429772
25.486746, 0.067543, 7.429772
25.488370, 0.067543, 7.429772
25.490047, 0.067543, 7.429772
25.491623, 0.067543, 7.429772
25.493198, 0.067543, 7.429772
25.494775, 0.067543, 7.429772
25.496847, 0.067543, 7.429772
25.499348, 0.067543, 7.429772
25.501035, 0.067543, 7.429772
25.502768, 0.064994, 7.149389
25.504408, 0.067543, 7.429772
25.506117, 0.064994, 7.149389
25.507784, 0.067543, 7.429772
25.509420, 0.067543, 7.429772
25.511043, 0.067543, 7.429772
25.513406, 0.067543, 7.429772
25.515528, 0.067543, 7.429772
25.517423, 0.067543, 7.429772
25.519212, 0.067543, 7.429772
25.520820, 0.067543, 7.429772
25.522415, 0.067543, 7.429772
25.523981, 0.067543, 7.429772
25.525561, 0.067543, 7.429772
25.527207, 0.067543, 7.429772
25.529143, 0.067543, 7.429772
25.531149, 0.067543, 7.429772
25.532917, 0.067543, 7.429772
25.534633, 0.067543, 7.429772
25.536230, 0.067543, 7.429772
25.537813, 0.067543, 7.429772
25.539407, 0.067543, 7.429772
25.540988, 0.067543, 7.429772
25.542551, 0.067543, 7.429772
25.544341, 0.067543, 7.429772
25.546344, 0.067543, 7.429772
25.548401, 0.067543, 7.429772
25.550154, 0.064994, 7.149389
25.551890, 0.067543, 7.429772
25.553642, 0.067543, 7.429772
25.555816, 0.067543, 7.429772
25.557570, 0.067543, 7.429772
25.559402, 0.067543, 7.429772
25.561240, 0.067543, 7.429772
25.563327, 0.067543, 7.429772
25.565169, 0.067543, 7.429772
25.566906, 0.067543, 7.429772
25.568595, 0.067543, 7.429772
25.570196, 0.067543, 7.429772
25.571776, 0.067543, 7.429772
25.573499, 0.067543, 7.429772
25.575143, 0.067543, 7.429772
25.576779, 0.067543, 7.429772
25.578365, 0.067543, 7.429772
25.580024, 0.067543, 7.429772
25.581802, 0.067543, 7.429772
25.583510, 0.070092, 7.710155
25.585164, 0.067543, 7.429772
25.586900, 0.067543, 7.429772
25.588510, 0.067543, 7.429772
25.590129, 0.067543, 7.429772
25.591733, 0.067543, 7.429772
25.593426, 0.067543, 7.429772
25.595243, 0.067543, 7.429772
25.597507, 0.067543, 7.429772
25.599413, 0.067543, 7.429772
25.601559, 0.067543, 7.429772
25.603174, 0.067543, 7.429772
25.604767, 0.067543, 7.429772
25.606357, 0.067543, 7.429772
25.607944, 0.067543, 7.429772
25.609674, 0.067543, 7.429772
25.611359, 0.067543, 7.429772
25.613642, 0.067543, 7.429772
25.615584, 0.067543, 7.429772
25.617278, 0.067543, 7.429772
25.618928, 0.064994, 7.149389
25.620530, 0.067543, 7.429772
25.622183, 0.067543, 7.429772
25.623781, 0.067543, 7.429772
25.625515, 0.067543, 7.429772
25.627228, 0.067543, 7.429772
25.629092, 0.070092, 7.710155
25.631056, 0.067543, 7.429772
25.632966, 0.067543, 7.429772
25.634649, 0.067543, 7.429772
25.636279, 0.067543, 7.429772
25.637893, 0.067543, 7.429772
25.639513, 0.067543, 7.429772
25.641278, 0.067543, 7.429772
25.643035, 0.067543, 7.429772
25.644676, 0.067543, 7.429772
25.646300, 0.067543, 7.429772
25.648117, 0.067543, 7.429772
25.649728, 0.067543, 7.429772
25.651435, 0.067543, 7.429772
25.653126, 0.067543, 7.429772
25.654717, 0.067543, 7.429772
25.656312, 0.067543, 7.429772
25.657915, 0.067543, 7.429772
25.659514, 0.067543, 7.429772
25.661285, 0.067543, 7.429772
25.663077, 0.067543, 7.429772
25.664826, 0.067543, 7.429772
25.666686, 0.067543, 7.429772
25.668524, 0.067543, 7.429772
25.670181, 0.067543, 7.429772
25.671820, 0.067543, 7.429772
25.673431, 0.067543, 7.429772
25.675141, 0.067543, 7.429772
25.676786, 0.067543, 7.429772
25.678411, 0.067543, 7.429772
25.680150, 0.067543, 7.429772
25.681922, 0.067543, 7.429772
25.683626, 0.067543, 7.429772
25.685329, 0.067543, 7.429772
25.687017, 0.067543, 7.429772
25.688624, 0.067543, 7.429772
25.690200, 0.067543, 7.429772
25.691954, 0.067543, 7.429772
25.693603, 0.067543, 7.429772
25.695312, 0.070092, 7.710155
25.696977, 0.067543, 7.429772
25.698618, 0.067543, 7.429772
25.700273, 0.070092, 7.710155
25.701961, 0.070092, 7.710155
25.703626, 0.067543, 7.429772
25.705332, 0.067543, 7.429772
25.706924, 0.067543, 7.429772
25.708508, 0.067543, 7.429772
25.710095, 0.070092, 7.710155
25.711728, 0.070092, 7.710155
25.714487, 0.067543, 7.429772
25.716236, 0.067543, 7.429772
25.717898, 0.067543, 7.429772
25.719577, 0.070092, 7.710155
25.721309, 0.067543, 7.429772
25.723038, 0.067543, 7.429772
25.724718, 0.067543, 7.429772
25.726458, 0.067543, 7.429772
25.728057, 0.067543, 7.429772
25.729728, 0.067543, 7.429772
25.732905, 0.067543, 7.429772
25.735029, 0.067543, 7.429772
25.736700, 0.067543, 7.429772
25.738314, 0.067543, 7.429772
25.739912, 0.067543, 7.429772
25.741481, 0.067543, 7.429772
25.743243, 0.067543, 7.429772
25.744904, 0.067543, 7.429772
25.746555, 0.067543, 7.429772
25.748332, 0.067543, 7.429772
25.750006, 0.067543, 7.429772
25.751663, 0.067543, 7.429772
25.753259, 0.067543, 7.429772
25.754854, 0.067543, 7.429772
25.756440, 0.067543, 7.429772
25.758128, 0.067543, 7.429772
25.759739, 0.067543, 7.429772
25.761401, 0.067543, 7.429772
25.763215, 0.070092, 7.710155
25.765134, 0.067543, 7.429772
25.766826, 0.067543, 7.429772
25.768493, 0.067543, 7.429772
25.770246, 0.067543, 7.429772
25.771957, 0.067543, 7.429772
25.774263, 0.067543, 7.429772
25.775983, 0.070092, 7.710155
25.777658, 0.067543, 7.429772
25.779709, 0.067543, 7.429772
25.781323, 0.067543, 7.429772
25.782968, 0.067543, 7.429772
25.784754, 0.067543, 7.429772
25.786411, 0.067543, 7.429772
25.788099, 0.067543, 7.429772
25.789690, 0.070092, 7.710155
25.791248, 0.067543, 7.429772
25.792826, 0.067543, 7.429772
25.794492, 0.067543, 7.429772
25.796208, 0.067543, 7.429772
25.799045, 0.067543, 7.429772
25.800728, 0.067543, 7.429772
25.802428, 0.067543, 7.429772
25.804091, 0.067543, 7.429772
25.805711, 0.067543, 7.429772
25.807297, 0.067543, 7.429772
25.808877, 0.067543, 7.429772
25.810435, 0.070092, 7.710155
25.812009, 0.067543, 7.429772
25.813652, 0.067543, 7.429772
25.816521, 0.070092, 7.710155
25.818204, 0.070092, 7.710155
25.819913, 0.067543, 7.429772
25.821479, 0.070092, 7.710155
25.823057, 0.067543, 7.429772
25.824648, 0.067543, 7.429772
25.826269, 0.067543, 7.429772
25.827902, 0.067543, 7.429772
25.830600, 0.067543, 7.429772
25.832517, 0.067543, 7.429772
25.834202, 0.070092, 7.710155
25.835903, 0.070092, 7.710155
25.837601, 0.067543, 7.429772
25.839248, 0.067543, 7.429772
25.840835, 0.067543, 7.429772
25.842430, 0.067543, 7.429772
25.844129, 0.067543, 7.429772
25.847482, 0.067543, 7.429772
25.849725, 0.070092, 7.710155
25.851458, 0.067543, 7.429772
25.853071, 0.067543, 7.429772
25.854668, 0.067543, 7.429772
25.856314, 0.067543, 7.429772
25.857962, 0.067543, 7.429772
25.859578, 0.067543, 7.429772
25.861230, 0.067543, 7.429772
25.863631, 0.067543, 7.429772
25.865827, 0.067543, 7.429772
25.867749, 0.067543, 7.429772
25.869588, 0.067543, 7.429772
25.871300, 0.067543, 7.429772
25.873083, 0.067543, 7.429772
25.874797, 0.067543, 7.429772
25.876545, 0.067543, 7.429772
25.878312, 0.067543, 7.429772
25.880339, 0.067543, 7.429772
25.882615, 0.067543, 7.429772
25.884985, 0.067543, 7.429772
25.886879, 0.067543, 7.429772
25.888627, 0.067543, 7.429772
25.890322, 0.067543, 7.429772
25.891991, 0.067543, 7.429772
25.893665, 0.070092, 7.710155
25.895458, 0.067543, 7.429772
25.897784, 0.067543, 7.429772
25.899483, 0.067543, 7.429772
25.901236, 0.067543, 7.429772
25.902864, 0.067543, 7.429772
25.904457, 0.067543, 7.429772
25.906098, 0.070092, 7.710155
25.907726, 0.067543, 7.429772
25.909406, 0.067543, 7.429772
25.911038, 0.067543, 7.429772
25.912616, 0.070092, 7.710155
25.914345, 0.067543, 7.429772
25.916068, 0.067543, 7.429772
25.917970, 0.067543, 7.429772
25.919666, 0.067543, 7.429772
25.921349, 0.067543, 7.429772
25.923133, 0.067543, 7.429772
25.924896, 0.067543, 7.429772
25.926645, 0.070092, 7.710155
25.928369, 0.067543, 7.429772
25.931231, 0.067543, 7.429772
25.932994, 0.067543, 7.429772
25.934756, 0.067543, 7.429772
25.936585, 0.067543, 7.429772
25.938266, 0.067543, 7.429772
25.939955, 0.067543, 7.429772
25.941649, 0.067543, 7.429772
25.943238, 0.067543, 7.429772
25.944817, 0.067543, 7.429772
25.946505, 0.067543, 7.429772
25.949396, 0.067543, 7.429772
25.951135, 0.067543, 7.429772
25.952871, 0.070092, 7.710155
25.955073, 0.067543, 7.429772
25.956807, 0.067543, 7.429772
25.958438, 0.067543, 7.429772
25.960156, 0.067543, 7.429772
25.961863, 0.067543, 7.429772
25.963505, 0.067543, 7.429772
25.965128, 0.067543, 7.429772
25.966833, 0.067543, 7.429772
25.968576, 0.070092, 7.710155
25.970347, 0.070092, 7.710155
25.971962, 0.067543, 7.429772
25.973551, 0.067543, 7.429772
25.975125, 0.067543, 7.429772
25.976714, 0.067543, 7.429772
25.978329, 0.067543, 7.429772
25.981233, 0.070092, 7.710155
25.983027, 0.067543, 7.429772
25.984761, 0.067543, 7.429772
25.986339, 0.067543, 7.429772
25.988066, 0.067543, 7.429772
25.989676, 0.067543, 7.429772
25.991341, 0.067543, 7.429772
25.992958, 0.070092, 7.710155
25.994725, 0.070092, 7.710155
25.997403, 0.070092, 7.710155
25.999091, 0.067543, 7.429772
26.000789, 0.067543, 7.429772
26.002384, 0.067543, 7.429772
26.003981, 0.067543, 7.429772
26.005565, 0.067543, 7.429772
26.007479, 0.067543, 7.429772
26.009853, 0.067543, 7.429772
26.011574, 0.067543, 7.429772
26.013301, 0.070092, 7.710155
26.015138, 0.067543, 7.429772
26.016875, 0.067543, 7.429772
26.018649, 0.067543, 7.429772
26.020296, 0.067543, 7.429772
26.022013, 0.070092, 7.710155
26.023597, 0.070092, 7.710155
26.025176, 0.067543, 7.429772
26.026758, 0.067543, 7.429772
26.028401, 0.067543, 7.429772
26.030791, 0.067543, 7.429772
26.032500, 0.070092, 7.710155
26.034174, 0.067543, 7.429772
26.035873, 0.067543, 7.429772
26.037473, 0.070092, 7.710155
26.039152, 0.070092, 7.710155
26.040755, 0.070092, 7.710155
26.042341, 0.070092, 7.710155
26.043906, 0.067543, 7.429772
26.045491, 0.067543, 7.429772
26.047206, 0.067543, 7.429772
26.049381, 0.067543, 7.429772
26.051182, 0.067543, 7.429772
26.052842, 0.067543, 7.429772
26.054441, 0.067543, 7.429772
26.056033, 0.070092, 7.710155
26.057605, 0.070092, 7.710155
26.059467, 0.070092, 7.710155
26.061266, 0.070092, 7.710155
26.063053, 0.070092, 7.710155
26.064946, 0.070092, 7.710155
26.066784, 0.067543, 7.429772
26.068470, 0.067543, 7.429772
26.070231, 0.067543, 7.429772
26.072182, 0.067543, 7.429772
26.074091, 0.067543, 7.429772
26.075936, 0.067543, 7.429772
26.077592, 0.067543, 7.429772
26.079343, 0.067543, 7.429772
26.081127, 0.070092, 7.710155
26.082786, 0.067543, 7.429772
26.084508, 0.067543, 7.429772
26.086142, 0.070092, 7.710155
26.087736, 0.067543, 7.429772
26.089367, 0.067543, 7.429772
26.090984, 0.067543, 7.429772
26.092645, 0.067543, 7.429772
26.094316, 0.067543, 7.429772
26.095928, 0.067543, 7.429772
26.098151, 0.067543, 7.429772
26.099997, 0.067543, 7.429772
26.101680, 0.067543, 7.429772
26.103307, 0.067543, 7.429772
26.104887, 0.067543, 7.429772
26.106464, 0.067543, 7.429772
26.108893, 0.067543, 7.429772
26.110604, 0.067543, 7.429772
26.112330, 0.070092, 7.710155
26.113969, 0.067543, 7.429772
26.115745, 0.070092, 7.710155
26.117464, 0.067543, 7.429772
26.119081, 0.070092, 7.710155
26.120681, 0.067543, 7.429772
26.122250, 0.067543, 7.429772
26.123832, 0.067543, 7.429772
26.125417, 0.067543, 7.429772
26.127007, 0.067543, 7.429772
26.129339, 0.070092, 7.710155
26.131254, 0.067543, 7.429772
26.132948, 0.067543, 7.429772
26.134627, 0.067543, 7.429772
26.136208, 0.067543, 7.429772
26.137847, 0.067543, 7.429772
26.139486, 0.067543, 7.429772
26.141128, 0.070092, 7.710155
26.142835, 0.067543, 7.429772
26.144406, 0.067543, 7.429772
26.145990, 0.070092, 7.710155
26.148722, 0.067543, 7.429772
26.150370, 0.067543, 7.429772
26.152010, 0.067543, 7.429772
26.153659, 0.067543, 7.429772
26.155302, 0.070092, 7.710155
26.156924, 0.067543, 7.429772
26.158557, 0.067543, 7.429772
26.160169, 0.067543, 7.429772
26.161791, 0.067543, 7.429772
26.163518, 0.067543, 7.429772
26.165240, 0.067543, 7.429772
26.166954, 0.070092, 7.710155
26.168778, 0.070092, 7.710155
26.170505, 0.070092, 7.710155
26.172158, 0.070092, 7.710155
26.173761, 0.070092, 7.710155
26.175357, 0.067543, 7.429772
26.176965, 0.067543, 7.429772
26.178578, 0.067543, 7.429772
26.181527, 0.067543, 7.429772
26.183214, 0.067543, 7.429772
26.184909, 0.067543, 7.429772
26.186517, 0.067543, 7.429772
26.188095, 0.070092, 7.710155
26.189768, 0.067543, 7.429772
26.191428, 0.067543, 7.429772
26.193130, 0.067543, 7.429772
26.194725, 0.067543, 7.429772
26.197506, 0.070092, 7.710155
26.199635, 0.067543, 7.429772
26.201607, 0.067543, 7.429772
26.203467, 0.067543, 7.429772
26.205179, 0.070092, 7.710155
26.206790, 0.067543, 7.429772
26.208389, 0.067543, 7.429772
26.209985, 0.067543, 7.429772
26.211555, 0.067543, 7.429772
26.213203, 0.067543, 7.429772
26.215285, 0.067543, 7.429772
26.217060, 0.067543, 7.429772
26.218747, 0.067543, 7.429772
26.220349, 0.067543, 7.429772
26.221945, 0.067543, 7.429772
26.223595, 0.067543, 7.429772
26.225178, 0.067543, 7.429772
26.226766, 0.067543, 7.429772
26.228354, 0.067543, 7.429772
26.231371, 0.070092, 7.710155
26.233187, 0.067543, 7.429772
26.234889, 0.067543, 7.429772
26.236535, 0.070092, 7.710155
26.238129, 0.070092, 7.710155
26.239728, 0.067543, 7.429772
26.241308, 0.067543, 7.429772
26.242896, 0.067543, 7.429772
26.244454, 0.070092, 7.710155
26.246353, 0.067543, 7.429772
26.249046, 0.070092, 7.710155
26.250799, 0.067543, 7.429772
26.252579, 0.067543, 7.429772
26.254207, 0.067543, 7.429772
26.255880, 0.067543, 7.429772
26.257543, 0.067543, 7.429772
26.259178, 0.070092, 7.710155
26.260920, 0.067543, 7.429772
26.262670, 0.070092, 7.710155
26.264603, 0.067543, 7.429772
26.266296, 0.070092, 7.710155
26.268124, 0.070092, 7.710155
26.269872, 0.067543, 7.429772
26.271528, 0.067543, 7.429772
26.273123, 0.067543, 7.429772
26.274704, 0.067543, 7.429772
26.276295, 0.067543, 7.429772
26.277937, 0.067543, 7.429772
26.279555, 0.067543, 7.429772
26.281167, 0.070092, 7.710155
26.282819, 0.067543, 7.429772
26.284494, 0.070092, 7.710155
26.286086, 0.067543, 7.429772
26.288290, 0.070092, 7.710155
26.290042, 0.067543, 7.429772
26.291875, 0.067543, 7.429772
26.293492, 0.067543, 7.429772
26.295085, 0.067543, 7.429772
26.297047, 0.067543, 7.429772
26.298817, 0.067543, 7.429772
26.300497, 0.067543, 7.429772
26.302216, 0.067543, 7.429772
26.304302, 0.070092, 7.710155
26.305909, 0.070092, 7.710155
26.307502, 0.067543, 7.429772
26.309140, 0.067543, 7.429772
26.310781, 0.067543, 7.429772
26.312478, 0.067543, 7.429772
26.314817, 0.067543, 7.429772
26.317090, 0.070092, 7.710155
26.318883, 0.070092, 7.710155
26.320545, 0.067543, 7.429772
26.322252, 0.070092, 7.710155
26.323844, 0.067543, 7.429772
26.325427, 0.067543, 7.429772
26.327001, 0.067543, 7.429772
26.330047, 0.070092, 7.710155
26.332146, 0.070092, 7.710155
26.333813, 0.067543, 7.429772
26.335408, 0.067543, 7.429772
26.336976, 0.067543, 7.429772
26.338626, 0.067543, 7.429772
26.340238, 0.067543, 7.429772
26.341873, 0.067543, 7.429772
26.343535, 0.067543, 7.429772
26.345107, 0.067543, 7.429772
26.347584, 0.067543, 7.429772
26.349366, 0.067543, 7.429772
26.351000, 0.070092, 7.710155
26.352683, 0.067543, 7.429772
26.354279, 0.067543, 7.429772
26.355872, 0.070092, 7.710155
26.357457, 0.067543, 7.429772
26.359038, 0.067543, 7.429772
26.360690, 0.067543, 7.429772
26.362320, 0.070092, 7.710155
26.364891, 0.070092, 7.710155
26.366946, 0.067543, 7.429772
26.368609, 0.067543, 7.429772
26.370305, 0.067543, 7.429772
26.371976, 0.070092, 7.710155
26.373610, 0.070092, 7.710155
26.375204, 0.070092, 7.710155
26.376781, 0.070092, 7.710155
26.378366, 0.067543, 7.429772
26.380138, 0.067543, 7.429772
26.381879, 0.067543, 7.429772
26.383646, 0.070092, 7.710155
26.385250, 0.067543, 7.429772
26.386822, 0.070092, 7.710155
26.388416, 0.070092, 7.710155
26.390090, 0.070092, 7.710155
26.391804, 0.070092, 7.710155
26.393482, 0.070092, 7.710155
26.395159, 0.070092, 7.710155
26.397965, 0.070092, 7.710155
26.399643, 0.070092, 7.710155
26.401454, 0.067543, 7.429772
26.403179, 0.067543, 7.429772
26.404845, 0.067543, 7.429772
26.406513, 0.070092, 7.710155
26.408195, 0.070092, 7.710155
26.409902, 0.070092, 7.710155
26.411621, 0.067543, 7.429772
26.413348, 0.067543, 7.429772
26.415731, 0.070092, 7.710155
26.417414, 0.070092, 7.710155
26.419172, 0.067543, 7.429772
26.420903, 0.070092, 7.710155
26.422623, 0.070092, 7.710155
26.424267, 0.070092, 7.710155
26.425931, 0.067543, 7.429772
26.427627, 0.067543, 7.429772
26.429238, 0.067543, 7.429772
26.431047, 0.070092, 7.710155
26.432669, 0.070092, 7.710155
26.434359, 0.070092, 7.710155
26.435944, 0.070092, 7.710155
26.437522, 0.070092, 7.710155
26.439090, 0.067543, 7.429772
26.440984, 0.067543, 7.429772
26.443590, 0.070092, 7.710155
26.445444, 0.067543, 7.429772
26.447179, 0.067543, 7.429772
26.448976, 0.070092, 7.710155
26.450811, 0.070092, 7.710155
26.452590, 0.070092, 7.710155
26.454300, 0.070092, 7.710155
26.455994, 0.067543, 7.429772
26.457770, 0.070092, 7.710155
26.459533, 0.070092, 7.710155
26.461449, 0.070092, 7.710155
26.463331, 0.067543, 7.429772
26.467475, 0.070092, 7.710155
26.469780, 0.070092, 7.710155
26.473375, 0.070092, 7.710155
26.476109, 0.067543, 7.429772
26.478666, 0.067543, 7.429772
26.482398, 0.070092, 7.710155
26.484287, 0.067543, 7.429772
26.485944, 0.067543, 7.429772
26.487598, 0.070092, 7.710155
26.489729, 0.067543, 7.429772
26.491454, 0.067543, 7.429772
26.493273, 0.070092, 7.710155
26.495329, 0.067543, 7.429772
26.497364, 0.070092, 7.710155
26.499219, 0.070092, 7.710155
26.501003, 0.067543, 7.429772
26.502737, 0.067543, 7.429772
26.504391, 0.067543, 7.429772
26.506075, 0.067543, 7.429772
26.507735, 0.067543, 7.429772
26.509494, 0.070092, 7.710155
26.511199, 0.067543, 7.429772
26.513073, 0.070092, 7.710155
26.514961, 0.067543, 7.429772
26.516647, 0.070092, 7.710155
26.518333, 0.070092, 7.710155
26.520052, 0.070092, 7.710155
26.521698, 0.070092, 7.710155
26.523419, 0.070092, 7.710155
26.525214, 0.070092, 7.710155
26.526935, 0.070092, 7.710155
26.528602, 0.070092, 7.710155
26.530513, 0.070092, 7.710155
26.532357, 0.070092, 7.710155
26.534109, 0.070092, 7.710155
26.535740, 0.067543, 7.429772
26.537377, 0.067543, 7.429772
26.539028, 0.067543, 7.429772
26.540688, 0.070092, 7.710155
26.542448, 0.067543, 7.429772
26.544255, 0.070092, 7.710155
26.545913, 0.070092, 7.710155
26.547957, 0.070092, 7.710155
26.549748, 0.067543, 7.429772
26.551394, 0.070092, 7.710155
26.553086, 0.070092, 7.710155
26.554774, 0.070092, 7.710155
26.556446, 0.067543, 7.429772
26.558072, 0.067543, 7.429772
26.559717, 0.067543, 7.429772
26.561366, 0.070092, 7.710155
26.563038, 0.067543, 7.429772
26.564947, 0.067543, 7.429772
26.566595, 0.067543, 7.429772
26.568302, 0.070092, 7.710155
26.569914, 0.067543, 7.429772
26.571570, 0.070092, 7.710155
26.573159, 0.067543, 7.429772
26.574896, 0.070092, 7.710155
26.576583, 0.067543, 7.429772
26.578256, 0.070092, 7.710155
26.580874, 0.070092, 7.710155
26.582553, 0.067543, 7.429772
26.584506, 0.070092, 7.710155
26.586435, 0.067543, 7.429772
26.588415, 0.070092, 7.710155
26.590344, 0.067543, 7.429772
26.592102, 0.070092, 7.710155
26.593858, 0.070092, 7.710155
26.595483, 0.070092, 7.710155
26.597315, 0.067543, 7.429772
26.599257, 0.067543, 7.429772
26.600942, 0.067543, 7.429772
26.602604, 0.067543, 7.429772
26.604217, 0.070092, 7.710155
26.605808, 0.070092, 7.710155
26.607403, 0.067543, 7.429772
26.608988, 0.067543, 7.429772
26.610571, 0.067543, 7.429772
26.612235, 0.067543, 7.429772
26.614208, 0.070092, 7.710155
26.616024, 0.070092, 7.710155
26.617950, 0.067543, 7.429772
26.619783, 0.070092, 7.710155
26.621422, 0.067543, 7.429772
26.623098, 0.067543, 7.429772
26.624697, 0.070092, 7.710155
26.626272, 0.067543, 7.429772
26.627876, 0.067543, 7.429772
26.629502, 0.067543, 7.429772
26.631616, 0.067543, 7.429772
26.633428, 0.070092, 7.710155
26.635100, 0.067543, 7.429772
26.636764, 0.067543, 7.429772
26.638418, 0.067543, 7.429772
26.640131, 0.067543, 7.429772
26.641799, 0.067543, 7.429772
26.643462, 0.070092, 7.710155
26.645073, 0.067543, 7.429772
26.646886, 0.070092, 7.710155
26.648604, 0.067543, 7.429772
26.650418, 0.070092, 7.710155
26.652117, 0.070092, 7.710155
26.653755, 0.067543, 7.429772
26.655366, 0.070092, 7.710155
26.656969, 0.067543, 7.429772
26.658560, 0.070092, 7.710155
26.660181, 0.067543, 7.429772
26.661792, 0.070092, 7.710155
26.664191, 0.067543, 7.429772
26.665801, 0.070092, 7.710155
26.667398, 0.070092, 7.710155
26.669042, 0.067543, 7.429772
26.670658, 0.070092, 7.710155
26.672262, 0.067543, 7.429772
26.674077, 0.067543, 7.429772
26.675913, 0.070092, 7.710155
26.677644, 0.070092, 7.710155
26.679589, 0.070092, 7.710155
26.681423, 0.070092, 7.710155
26.683143, 0.067543, 7.429772
26.684754, 0.067543, 7.429772
26.686364, 0.067543, 7.429772
26.687982, 0.070092, 7.710155
26.689684, 0.067543, 7.429772
26.691422, 0.067543, 7.429772
26.693057, 0.070092, 7.710155
26.694726, 0.070092, 7.710155
26.696361, 0.070092, 7.710155
26.697989, 0.070092, 7.710155
26.699699, 0.067543, 7.429772
26.701432, 0.067543, 7.429772
26.703079, 0.067543, 7.429772
26.704683, 0.070092, 7.710155
26.706280, 0.067543, 7.429772
26.707871, 0.067543, 7.429772
26.709511, 0.067543, 7.429772
26.711219, 0.067543, 7.429772
26.712918, 0.067543, 7.429772
26.714681, 0.067543, 7.429772
26.716376, 0.067543, 7.429772
26.718117, 0.070092, 7.710155
26.719751, 0.067543, 7.429772
26.721386, 0.067543, 7.429772
26.723067, 0.067543, 7.429772
26.724657, 0.070092, 7.710155
26.726247, 0.070092, 7.710155
26.727833, 0.067543, 7.429772
26.729411, 0.070092, 7.710155
26.731261, 0.067543, 7.429772
26.732962, 0.067543, 7.429772
26.734606, 0.067543, 7.429772
26.736251, 0.067543, 7.429772
26.737888, 0.067543, 7.429772
26.739518, 0.067543, 7.429772
26.741289, 0.067543, 7.429772
26.743101, 0.067543, 7.429772
26.744819, 0.070092, 7.710155
26.746446, 0.067543, 7.429772
26.748075, 0.067543, 7.429772
26.749773, 0.067543, 7.429772
26.752674, 0.067543, 7.429772
26.754444, 0.067543, 7.429772
26.756065, 0.067543, 7.429772
26.757631, 0.067543, 7.429772
26.759205, 0.067543, 7.429772
26.760784, 0.070092, 7.710155
26.762440, 0.067543, 7.429772
26.764201, 0.067543, 7.429772
26.765874, 0.067543, 7.429772
26.767582, 0.067543, 7.429772
26.769168, 0.067543, 7.429772
26.770746, 0.067543, 7.429772
26.772459, 0.070092, 7.710155
26.774123, 0.067543, 7.429772
26.775808, 0.070092, 7.710155
26.777382, 0.067543, 7.429772
26.778962, 0.070092, 7.710155
26.780644, 0.067543, 7.429772
26.782353, 0.067543, 7.429772
26.784043, 0.067543, 7.429772
26.785740, 0.067543, 7.429772
26.787336, 0.067543, 7.429772
26.788922, 0.070092, 7.710155
26.790503, 0.070092, 7.710155
26.792115, 0.070092, 7.710155
26.793719, 0.067543, 7.429772
26.795393, 0.067543, 7.429772
26.797132, 0.067543, 7.429772
26.798764, 0.067543, 7.429772
26.800454, 0.067543, 7.429772
26.802264, 0.067543, 7.429772
26.804631, 0.067543, 7.429772
26.807027, 0.070092, 7.710155
26.808777, 0.070092, 7.710155
26.810390, 0.067543, 7.429772
26.811977, 0.067543, 7.429772
26.813645, 0.067543, 7.429772
26.815276, 0.067543, 7.429772
26.816989, 0.067543, 7.429772
26.818821, 0.067543, 7.429772
26.820530, 0.067543, 7.429772
26.822215, 0.067543, 7.429772
26.823845, 0.067543, 7.429772
26.825464, 0.067543, 7.429772
26.827174, 0.067543, 7.429772
26.828874, 0.067543, 7.429772
26.831719, 0.067543, 7.429772
26.833468, 0.070092, 7.710155
26.835846, 0.067543, 7.429772
26.837589, 0.067543, 7.429772
26.839276, 0.067543, 7.429772
26.840860, 0.067543, 7.429772
26.842448, 0.067543, 7.429772
26.844047, 0.067543, 7.429772
26.845644, 0.070092, 7.710155
26.847363, 0.067543, 7.429772
26.849104, 0.070092, 7.710155
26.850768, 0.070092, 7.710155
26.852354, 0.067543, 7.429772
26.853939, 0.067543, 7.429772
26.855527, 0.067543, 7.429772
26.858222, 0.067543, 7.429772
26.859959, 0.067543, 7.429772
26.861599, 0.067543, 7.429772
26.863228, 0.070092, 7.710155
26.864886, 0.067543, 7.429772
26.866565, 0.067543, 7.429772
26.868324, 0.070092, 7.710155
26.869991, 0.067543, 7.429772
26.871680, 0.070092, 7.710155
26.873260, 0.067543, 7.429772
26.874852, 0.067543, 7.429772
26.876428, 0.067543, 7.429772
26.878070, 0.067543, 7.429772
26.879758, 0.067543, 7.429772
26.881498, 0.067543, 7.429772
26.883233, 0.067543, 7.429772
26.884902, 0.067543, 7.429772
26.886489, 0.067543, 7.429772
26.888222, 0.067543, 7.429772
26.889898, 0.067543, 7.429772
26.891622, 0.070092, 7.710155
26.893223, 0.067543, 7.429772
26.894820, 0.067543, 7.429772
26.896422, 0.067543, 7.429772
26.898197, 0.067543, 7.429772
26.899889, 0.067543, 7.429772
26.901523, 0.067543, 7.429772
26.903160, 0.070092, 7.710155
26.904796, 0.070092, 7.710155
26.906413, 0.070092, 7.710155
26.909247, 0.067543, 7.429772
26.910955, 0.067543, 7.429772
26.912669, 0.067543, 7.429772
26.914424, 0.067543, 7.429772
26.916121, 0.067543, 7.429772
26.917909, 0.067543, 7.429772
26.919611, 0.070092, 7.710155
26.921261, 0.067543, 7.429772
26.922957, 0.067543, 7.429772
26.924661, 0.070092, 7.710155
26.926244, 0.067543, 7.429772
26.927845, 0.070092, 7.710155
26.929539, 0.067543, 7.429772
26.931177, 0.067543, 7.429772
26.932840, 0.070092, 7.710155
26.934560, 0.067543, 7.429772
26.936140, 0.067543, 7.429772
26.937729, 0.067543, 7.429772
26.939352, 0.067543, 7.429772
26.941095, 0.070092, 7.710155
26.942817, 0.067543, 7.429772
26.944397, 0.067543, 7.429772
26.945995, 0.067543, 7.429772
26.947677, 0.067543, 7.429772
26.949433, 0.067543, 7.429772
26.951240, 0.067543, 7.429772
26.952898, 0.067543, 7.429772
26.954479, 0.067543, 7.429772
26.956071, 0.067543, 7.429772
26.957662, 0.067543, 7.429772
26.959277, 0.067543, 7.429772
26.960908, 0.067543, 7.429772
26.962552, 0.067543, 7.429772
26.964355, 0.067543, 7.429772
26.966063, 0.067543, 7.429772
26.967817, 0.067543, 7.429772
26.969419, 0.070092, 7.710155
26.971067, 0.067543, 7.429772
26.972761, 0.067543, 7.429772
26.974476, 0.067543, 7.429772
26.976061, 0.067543, 7.429772
26.977645, 0.067543, 7.429772
26.979235, 0.067543, 7.429772
26.981324, 0.067543, 7.429772
26.983073, 0.067543, 7.429772
26.984804, 0.067543, 7.429772
26.986398, 0.067543, 7.429772
26.987962, 0.067543, 7.429772
26.989536, 0.070092, 7.710155
26.991170, 0.067543, 7.429772
26.992823, 0.067543, 7.429772
26.994526, 0.067543, 7.429772
26.996228, 0.067543, 7.429772
26.997897, 0.067543, 7.429772
26.999609, 0.067543, 7.429772
27.001383, 0.067543, 7.429772
27.003076, 0.070092, 7.710155
27.005329, 0.067543, 7.429772
27.007072, 0.067543, 7.429772
27.008729, 0.067543, 7.429772
27.010320, 0.067543, 7.429772
27.012062, 0.067543, 7.429772
27.013702, 0.067543, 7.429772
27.015328, 0.067543, 7.429772
27.017119, 0.067543, 7.429772
27.018728, 0.067543, 7.429772
27.020315, 0.067543, 7.429772
27.021890, 0.067543, 7.429772
27.023614, 0.067543, 7.429772
27.025272, 0.067543, 7.429772
27.026856, 0.067543, 7.429772
27.028436, 0.067543, 7.429772
27.030054, 0.067543, 7.429772
27.031765, 0.067543, 7.429772
27.033507, 0.067543, 7.429772
27.035193, 0.067543, 7.429772
27.036784, 0.067543, 7.429772
27.038367, 0.067543, 7.429772
27.039932, 0.067543, 7.429772
27.041515, 0.067543, 7.429772
27.043393, 0.067543, 7.429772
27.045274, 0.067543, 7.429772
27.046921, 0.067543, 7.429772
27.048553, 0.067543, 7.429772
27.050348, 0.067543, 7.429772
27.051985, 0.067543, 7.429772
27.053586, 0.067543, 7.429772
27.055301, 0.067543, 7.429772
27.056989, 0.067543, 7.429772
27.058579, 0.067543, 7.429772
27.060143, 0.067543, 7.429772
27.061724, 0.067543, 7.429772
27.064773, 0.067543, 7.429772
27.066602, 0.067543, 7.429772
27.068217, 0.067543, 7.429772
27.069809, 0.067543, 7.429772
27.071378, 0.067543, 7.429772
27.072969, 0.067543, 7.429772
27.076082, 0.067543, 7.429772
27.077829, 0.067543, 7.429772
27.079515, 0.067543, 7.429772
27.081166, 0.067543, 7.429772
27.082903, 0.067543, 7.429772
27.084609, 0.067543, 7.429772
27.086307, 0.067543, 7.429772
27.088015, 0.067543, 7.429772
27.089602, 0.067543, 7.429772
27.091183, 0.067543, 7.429772
27.092782, 0.067543, 7.429772
27.094459, 0.067543, 7.429772
27.096180, 0.067543, 7.429772
27.097982, 0.067543, 7.429772
27.099676, 0.067543, 7.429772
27.101370, 0.067543, 7.429772
27.102968, 0.067543, 7.429772
27.106244, 0.067543, 7.429772
27.108059, 0.067543, 7.429772
27.109854, 0.070092, 7.710155
27.111571, 0.067543, 7.429772
27.113184, 0.067543, 7.429772
27.115670, 0.067543, 7.429772
27.117429, 0.067543, 7.429772
27.119210, 0.067543, 7.429772
27.120908, 0.067543, 7.429772
27.122506, 0.067543, 7.429772
27.124257, 0.067543, 7.429772
27.126079, 0.067543, 7.429772
27.127921, 0.067543, 7.429772
27.129655, 0.067543, 7.429772
27.131596, 0.070092, 7.710155
27.133308, 0.067543, 7.429772
27.134967, 0.067543, 7.429772
27.136651, 0.067543, 7.429772
27.138253, 0.067543, 7.429772
27.140021, 0.067543, 7.429772
27.141659, 0.067543, 7.429772
27.143327, 0.067543, 7.429772
27.145000, 0.067543, 7.429772
27.146870, 0.067543, 7.429772
27.148782, 0.067543, 7.429772
27.150446, 0.067543, 7.429772
27.152148, 0.067543, 7.429772
27.153799, 0.067543, 7.429772
27.155382, 0.067543, 7.429772
27.156992, 0.067543, 7.429772
27.158589, 0.067543, 7.429772
27.160178, 0.067543, 7.429772
27.161762, 0.067543, 7.429772
27.163604, 0.067543, 7.429772
27.165596, 0.067543, 7.429772
27.167250, 0.067543, 7.429772
27.168914, 0.067543, 7.429772
27.170488, 0.067543, 7.429772
27.172068, 0.067543, 7.429772
27.173712, 0.067543, 7.429772
27.175491, 0.067543, 7.429772
27.177213, 0.067543, 7.429772
27.179566, 0.067543, 7.429772
27.181387, 0.067543, 7.429772
27.183046, 0.067543, 7.429772
27.184805, 0.067543, 7.429772
27.186445, 0.067543, 7.429772
27.188071, 0.067543, 7.429772
27.189774, 0.067543, 7.429772
27.191457, 0.067543, 7.429772
27.193163, 0.067543, 7.429772
27.194964, 0.067543, 7.429772
27.196704, 0.067543, 7.429772
27.198540, 0.067543, 7.429772
27.200338, 0.067543, 7.429772
27.202081, 0.067543, 7.429772
27.203686, 0.067543, 7.429772
27.205381, 0.067543, 7.429772
27.206973, 0.067543, 7.429772
27.208580, 0.067543, 7.429772
27.210210, 0.067543, 7.429772
27.211833, 0.067543, 7.429772
27.213504, 0.067543, 7.429772
27.215293, 0.067543, 7.429772
27.217019, 0.067543, 7.429772
27.218779, 0.067543, 7.429772
27.220374, 0.067543, 7.429772
27.221969, 0.067543, 7.429772
27.223558, 0.067543, 7.429772
27.225180, 0.067543, 7.429772
27.226799, 0.067543, 7.429772
27.228491, 0.067543, 7.429772
27.230790, 0.067543, 7.429772
27.232953, 0.067543, 7.429772
27.234558, 0.067543, 7.429772
27.236198, 0.067543, 7.429772
27.237839, 0.067543, 7.429772
27.239573, 0.067543, 7.429772
27.241149, 0.067543, 7.429772
27.242729, 0.067543, 7.429772
27.244317, 0.067543, 7.429772
27.247205, 0.067543, 7.429772
27.249108, 0.067543, 7.429772
27.250903, 0.067543, 7.429772
27.252498, 0.067543, 7.429772
27.254098, 0.070092, 7.710155
27.255694, 0.067543, 7.429772
27.257329, 0.067543, 7.429772
27.259004, 0.067543, 7.429772
27.260688, 0.070092, 7.710155
27.262367, 0.067543, 7.429772
27.265300, 0.067543, 7.429772
27.266980, 0.067543, 7.429772
27.268728, 0.067543, 7.429772
27.270459, 0.067543, 7.429772
27.272061, 0.067543, 7.429772
27.273653, 0.067543, 7.429772
27.275239, 0.067543, 7.429772
27.276917, 0.067543, 7.429772
27.278568, 0.067543, 7.429772
27.280304, 0.067543, 7.429772
27.281950, 0.064994, 7.149389
27.283623, 0.067543, 7.429772
27.285316, 0.067543, 7.429772
27.286905, 0.067543, 7.429772
27.288532, 0.067543, 7.429772
27.290225, 0.067543, 7.429772
27.291817, 0.067543, 7.429772
27.293406, 0.067543, 7.429772
27.294988, 0.067543, 7.429772
27.296741, 0.067543, 7.429772
27.298521, 0.067543, 7.429772
27.300287, 0.067543, 7.429772
27.302004, 0.067543, 7.429772
27.303597, 0.067543, 7.429772
27.305187, 0.067543, 7.429772
27.306756, 0.067543, 7.429772
27.308485, 0.070092, 7.710155
27.310097, 0.067543, 7.429772
27.311862, 0.067543, 7.429772
27.314157, 0.067543, 7.429772
27.316239, 0.067543, 7.429772
27.317984, 0.067543, 7.429772
27.319589, 0.067543, 7.429772
27.321187, 0.067543, 7.429772
27.322758, 0.067543, 7.429772
27.324444, 0.067543, 7.429772
27.326030, 0.067543, 7.429772
27.327704, 0.067543, 7.429772
27.329348, 0.067543, 7.429772
27.331443, 0.067543, 7.429772
27.333145, 0.067543, 7.429772
27.334933, 0.067543, 7.429772
27.336538, 0.067543, 7.429772
27.338179, 0.067543, 7.429772
27.339794, 0.067543, 7.429772
27.341465, 0.067543, 7.429772
27.343031, 0.067543, 7.429772
27.344615, 0.067543, 7.429772
27.346362, 0.067543, 7.429772
27.348047, 0.067543, 7.429772
27.349788, 0.067543, 7.429772
27.351948, 0.067543, 7.429772
27.353648, 0.067543, 7.429772
27.355279, 0.067543, 7.429772
27.356863, 0.070092, 7.710155
27.358501, 0.067543, 7.429772
27.360156, 0.067543, 7.429772
27.361774, 0.067543, 7.429772
27.364352, 0.067543, 7.429772
27.366315, 0.067543, 7.429772
27.368032, 0.067543, 7.429772
27.370256, 0.067543, 7.429772
27.372008, 0.070092, 7.710155
27.373676, 0.067543, 7.429772
27.375268, 0.067543, 7.429772
27.376863, 0.067543, 7.429772
27.378450, 0.067543, 7.429772
27.380333, 0.067543, 7.429772
27.382271, 0.070092, 7.710155
27.383951, 0.067543, 7.429772
27.385547, 0.067543, 7.429772
27.387114, 0.067543, 7.429772
27.388697, 0.067543, 7.429772
27.390336, 0.070092, 7.710155
27.391921, 0.067543, 7.429772
27.393503, 0.067543, 7.429772
27.395079, 0.067543, 7.429772
27.397152, 0.067543, 7.429772
27.399031, 0.067543, 7.429772
27.400791, 0.067543, 7.429772
27.402408, 0.067543, 7.429772
27.404043, 0.067543, 7.429772
27.405616, 0.067543, 7.429772
27.407190, 0.067543, 7.429772
27.408777, 0.067543, 7.429772
27.410414, 0.067543, 7.429772
27.412770, 0.067543, 7.429772
27.414758, 0.067543, 7.429772
27.416445, 0.067543, 7.429772
27.418174, 0.067543, 7.429772
27.419786, 0.067543, 7.429772
27.421380, 0.067543, 7.429772
27.423029, 0.067543, 7.429772
27.424618, 0.067543, 7.429772
27.426264, 0.067543, 7.429772
27.427998, 0.067543, 7.429772
27.429822, 0.067543, 7.429772
27.431830, 0.067543, 7.429772
27.433513, 0.067543, 7.429772
27.435249, 0.067543, 7.429772
27.437010, 0.067543, 7.429772
27.438672, 0.067543, 7.429772
27.440341, 0.067543, 7.429772
27.442253, 0.067543, 7.429772
27.443933, 0.067543, 7.429772
27.445594, 0.067543, 7.429772
27.447536, 0.067543, 7.429772
27.449295, 0.070092, 7.710155
27.451129, 0.067543, 7.429772
27.452818, 0.067543, 7.429772
27.454514, 0.067543, 7.429772
27.456922, 0.067543, 7.429772
27.459137, 0.067543, 7.429772
27.460877, 0.067543, 7.429772
27.462559, 0.067543, 7.429772
27.464931, 0.067543, 7.429772
27.466737, 0.067543, 7.429772
27.468441, 0.067543, 7.429772
27.470090, 0.067543, 7.429772
27.471808, 0.067543, 7.429772
27.473410, 0.067543, 7.429772
27.475006, 0.067543, 7.429772
27.476623, 0.070092, 7.710155
27.478237, 0.067543, 7.429772
27.480197, 0.067543, 7.429772
27.482123, 0.067543, 7.429772
27.483795, 0.067543, 7.429772
27.485381, 0.067543, 7.429772
27.487040, 0.067543, 7.429772
27.488703, 0.067543, 7.429772
27.490326, 0.067543, 7.429772
27.491907, 0.067543, 7.429772
27.493561, 0.067543, 7.429772
27.495196, 0.067543, 7.429772
27.497135, 0.067543, 7.429772
27.498795, 0.067543, 7.429772
27.500432, 0.067543, 7.429772
27.502041, 0.067543, 7.429772
27.503652, 0.067543, 7.429772
27.505281, 0.067543, 7.429772
27.507048, 0.067543, 7.429772
27.508719, 0.070092, 7.710155
27.510464, 0.067543, 7.429772
27.512057, 0.067543, 7.429772
27.513813, 0.067543, 7.429772
27.515515, 0.067543, 7.429772
27.517947, 0.067543, 7.429772
27.519924, 0.067543, 7.429772
27.521637, 0.070092, 7.710155
27.523248, 0.070092, 7.710155
27.524852, 0.067543, 7.429772
27.526930, 0.070092, 7.710155
27.528625, 0.067543, 7.429772
27.530396, 0.067543, 7.429772
27.532111, 0.067543, 7.429772
27.533808, 0.067543, 7.429772
27.535402, 0.067543, 7.429772
27.536992, 0.067543, 7.429772
27.538757, 0.067543, 7.429772
27.540405, 0.067543, 7.429772
27.542048, 0.067543, 7.429772
27.543756, 0.067543, 7.429772
27.545370, 0.067543, 7.429772
27.547529, 0.067543, 7.429772
27.549168, 0.067543, 7.429772
27.550766, 0.067543, 7.429772
27.552376, 0.070092, 7.710155
27.553979, 0.067543, 7.429772
27.555596, 0.067543, 7.429772
27.557257, 0.067543, 7.429772
27.559057, 0.067543, 7.429772
27.560769, 0.067543, 7.429772
27.562369, 0.067543, 7.429772
27.564506, 0.067543, 7.429772
27.566142, 0.067543, 7.429772
27.567921, 0.067543, 7.429772
27.569589, 0.070092, 7.710155
27.571254, 0.070092, 7.710155
27.572943, 0.067543, 7.429772
27.574520, 0.070092, 7.710155
27.576108, 0.067543, 7.429772
27.577688, 0.067543, 7.429772
27.579420, 0.067543, 7.429772
27.581209, 0.067543, 7.429772
27.582860, 0.067543, 7.429772
27.584511, 0.070092, 7.710155
27.586103, 0.067543, 7.429772
27.587678, 0.067543, 7.429772
27.589360, 0.067543, 7.429772
27.590995, 0.067543, 7.429772
27.592663, 0.070092, 7.710155
27.594251, 0.067543, 7.429772
27.595839, 0.067543, 7.429772
27.597980, 0.067543, 7.429772
27.599676, 0.067543, 7.429772
27.601432, 0.067543, 7.429772
27.603112, 0.067543, 7.429772
27.604678, 0.067543, 7.429772
27.606262, 0.067543, 7.429772
27.607842, 0.070092, 7.710155
27.609536, 0.067543, 7.429772
27.611153, 0.070092, 7.710155
27.612788, 0.067543, 7.429772
27.615292, 0.067543, 7.429772
27.617575, 0.070092, 7.710155
27.619826, 0.067543, 7.429772
27.621648, 0.067543, 7.429772
27.623362, 0.067543, 7.429772
27.625069, 0.067543, 7.429772
27.626752, 0.067543, 7.429772
27.628538, 0.067543, 7.429772
27.630295, 0.067543, 7.429772
27.631991, 0.067543, 7.429772
27.633660, 0.070092, 7.710155
27.635350, 0.067543, 7.429772
27.637056, 0.067543, 7.429772
27.638696, 0.070092, 7.710155
27.640534, 0.070092, 7.710155
27.642253, 0.070092, 7.710155
27.643916, 0.067543, 7.429772
27.645627, 0.067543, 7.429772
27.647294, 0.067543, 7.429772
27.648920, 0.067543, 7.429772
27.650657, 0.067543, 7.429772
27.652286, 0.067543, 7.429772
27.653924, 0.067543, 7.429772
27.655553, 0.070092, 7.710155
27.657167, 0.070092, 7.710155
27.658769, 0.067543, 7.429772
27.660456, 0.067543, 7.429772
27.662158, 0.067543, 7.429772
27.663774, 0.067543, 7.429772
27.665371, 0.067543, 7.429772
27.667063, 0.070092, 7.710155
27.668650, 0.067543, 7.429772
27.670384, 0.067543, 7.429772
27.672060, 0.067543, 7.429772
27.673680, 0.067543, 7.429772
27.675297, 0.067543, 7.429772
27.676897, 0.067543, 7.429772
27.678505, 0.067543, 7.429772
27.680303, 0.067543, 7.429772
27.681935, 0.067543, 7.429772
27.683636, 0.067543, 7.429772
27.685290, 0.067543, 7.429772
27.686918, 0.067543, 7.429772
27.688577, 0.067543, 7.429772
27.690202, 0.067543, 7.429772
27.692064, 0.067543, 7.429772
27.694182, 0.070092, 7.710155
27.697492, 0.067543, 7.429772
27.700008, 0.067543, 7.429772
27.701770, 0.070092, 7.710155
27.703445, 0.067543, 7.429772
27.705108, 0.067543, 7.429772
27.706745, 0.067543, 7.429772
27.708393, 0.067543, 7.429772
27.710174, 0.067543, 7.429772
27.711930, 0.067543, 7.429772
27.713775, 0.067543, 7.429772
27.715539, 0.067543, 7.429772
27.717254, 0.067543, 7.429772
27.718872, 0.067543, 7.429772
27.720464, 0.067543, 7.429772
27.722130, 0.067543, 7.429772
27.723722, 0.067543, 7.429772
27.725320, 0.067543, 7.429772
27.726946, 0.067543, 7.429772
27.728554, 0.067543, 7.429772
27.730270, 0.067543, 7.429772
27.732024, 0.070092, 7.710155
27.733677, 0.067543, 7.429772
27.735268, 0.067543, 7.429772
27.736836, 0.067543, 7.429772
27.738422, 0.067543, 7.429772
27.740062, 0.067543, 7.429772
27.741667, 0.067543, 7.429772
27.743255, 0.067543, 7.429772
27.744824, 0.070092, 7.710155
27.746653, 0.067543, 7.429772
27.748625, 0.067543, 7.429772
27.750313, 0.067543, 7.429772
27.751991, 0.067543, 7.429772
27.753627, 0.067543, 7.429772
27.755328, 0.067543, 7.429772
27.756919, 0.067543, 7.429772
27.758500, 0.067543, 7.429772
27.760222, 0.067543, 7.429772
27.761925, 0.067543, 7.429772
27.763759, 0.067543, 7.429772
27.765403, 0.070092, 7.710155
27.767007, 0.070092, 7.710155
27.768629, 0.070092, 7.710155
27.770607, 0.070092, 7.710155
27.772250, 0.067543, 7.429772
27.773897, 0.067543, 7.429772
27.775486, 0.067543, 7.429772
27.777068, 0.067543, 7.429772
27.778654, 0.070092, 7.710155
27.780407, 0.070092, 7.710155
27.782036, 0.067543, 7.429772
27.783666, 0.067543, 7.429772
27.785368, 0.070092, 7.710155
27.786954, 0.067543, 7.429772
27.788556, 0.067543, 7.429772
27.790159, 0.067543, 7.429772
27.791932, 0.067543, 7.429772
27.793539, 0.070092, 7.710155
27.795134, 0.067543, 7.429772
27.797377, 0.070092, 7.710155
27.799702, 0.067543, 7.429772
27.801478, 0.067543, 7.429772
27.803108, 0.067543, 7.429772
27.804751, 0.067543, 7.429772
27.806478, 0.067543, 7.429772
27.808058, 0.067543, 7.429772
27.809647, 0.067543, 7.429772
27.812067, 0.067543, 7.429772
27.815048, 0.067543, 7.429772
27.816744, 0.067543, 7.429772
27.818379, 0.067543, 7.429772
27.819967, 0.067543, 7.429772
27.821789, 0.067543, 7.429772
27.824815, 0.067543, 7.429772
27.826546, 0.067543, 7.429772
27.828174, 0.070092, 7.710155
27.829781, 0.067543, 7.429772
27.831673, 0.067543, 7.429772
27.833340, 0.067543, 7.429772
27.835010, 0.067543, 7.429772
27.836589, 0.067543, 7.429772
27.838173, 0.067543, 7.429772
27.839755, 0.067543, 7.429772
27.841323, 0.067543, 7.429772
27.842977, 0.070092, 7.710155
27.844641, 0.070092, 7.710155
27.846275, 0.070092, 7.710155
27.848301, 0.067543, 7.429772
27.849928, 0.070092, 7.710155
27.851597, 0.067543, 7.429772
27.853230, 0.067543, 7.429772
27.854846, 0.070092, 7.710155
27.856434, 0.067543, 7.429772
27.858024, 0.070092, 7.710155
27.859586, 0.070092, 7.710155
27.861263, 0.067543, 7.429772
27.863020, 0.067543, 7.429772
27.865778, 0.067543, 7.429772
27.867506, 0.067543, 7.429772
27.869154, 0.067543, 7.429772
27.870825, 0.070092, 7.710155
27.872937, 0.070092, 7.710155
27.875515, 0.070092, 7.710155
27.877123, 0.067543, 7.429772
27.878695, 0.067543, 7.429772
27.880487, 0.067543, 7.429772
27.882241, 0.067543, 7.429772
27.884018, 0.067543, 7.429772
27.885809, 0.067543, 7.429772
27.887448, 0.067543, 7.429772
27.889073, 0.067543, 7.429772
27.890776, 0.070092, 7.710155
27.892375, 0.070092, 7.710155
27.893958, 0.067543, 7.429772
27.895662, 0.067543, 7.429772
27.897497, 0.067543, 7.429772
27.899131, 0.067543, 7.429772
27.900822, 0.070092, 7.710155
27.902409, 0.070092, 7.710155
27.903989, 0.067543, 7.429772
27.905722, 0.067543, 7.429772
27.907391, 0.067543, 7.429772
27.909019, 0.067543, 7.429772
27.910595, 0.070092, 7.710155
27.912171, 0.070092, 7.710155
27.914573, 0.070092, 7.710155
27.916555, 0.070092, 7.710155
27.918209, 0.070092, 7.710155
27.919864, 0.067543, 7.429772
27.921457, 0.067543, 7.429772
27.923046, 0.067543, 7.429772
27.924632, 0.067543, 7.429772
27.926240, 0.067543, 7.429772
27.927823, 0.070092, 7.710155
27.929417, 0.070092, 7.710155
27.931154, 0.067543, 7.429772
27.932845, 0.067543, 7.429772
27.934537, 0.067543, 7.429772
27.936205, 0.070092, 7.710155
27.937810, 0.067543, 7.429772
27.939478, 0.067543, 7.429772
27.941087, 0.067543, 7.429772
27.942670, 0.070092, 7.710155
27.944230, 0.067543, 7.429772
27.946773, 0.070092, 7.710155
27.948573, 0.070092, 7.710155
27.950225, 0.067543, 7.429772
27.951875, 0.070092, 7.710155
27.953464, 0.067543, 7.429772
27.955050, 0.067543, 7.429772
27.956710, 0.067543, 7.429772
27.958343, 0.067543, 7.429772
27.960071, 0.067543, 7.429772
27.961728, 0.067543, 7.429772
27.963607, 0.067543, 7.429772
27.965512, 0.070092, 7.710155
27.967233, 0.067543, 7.429772
27.968833, 0.067543, 7.429772
27.970423, 0.070092, 7.710155
27.972009, 0.067543, 7.429772
27.973577, 0.070092, 7.710155
27.975155, 0.070092, 7.710155
27.976816, 0.067543, 7.429772
27.978480, 0.070092, 7.710155
27.980764, 0.067543, 7.429772
27.982425, 0.070092, 7.710155
27.984028, 0.070092, 7.710155
27.985663, 0.070092, 7.710155
27.987401, 0.067543, 7.429772
27.989147, 0.067543, 7.429772
27.990832, 0.067543, 7.429772
27.992598, 0.067543, 7.429772
27.994304, 0.067543, 7.429772
27.996133, 0.070092, 7.710155
27.998344, 0.067543, 7.429772
28.000034, 0.067543, 7.429772
28.001758, 0.070092, 7.710155
28.003452, 0.067543, 7.429772
28.005107, 0.067543, 7.429772
28.006837, 0.067543, 7.429772
28.008507, 0.067543, 7.429772
28.010161, 0.067543, 7.429772
28.011815, 0.070092, 7.710155
28.014660, 0.070092, 7.710155
28.016462, 0.070092, 7.710155
28.018589, 0.070092, 7.710155
28.020560, 0.070092, 7.710155
28.022350, 0.067543, 7.429772
28.024072, 0.070092, 7.710155
28.025662, 0.067543, 7.429772
28.027255, 0.067543, 7.429772
28.028850, 0.067543, 7.429772
28.030826, 0.070092, 7.710155
28.032707, 0.067543, 7.429772
28.034364, 0.067543, 7.429772
28.036062, 0.067543, 7.429772
28.037646, 0.070092, 7.710155
28.039229, 0.067543, 7.429772
28.040818, 0.070092, 7.710155
28.042405, 0.067543, 7.429772
28.044002, 0.070092, 7.710155
28.046436, 0.067543, 7.429772
28.048280, 0.070092, 7.710155
28.049994, 0.067543, 7.429772
28.051611, 0.067543, 7.429772
28.053278, 0.070092, 7.710155
28.054862, 0.070092, 7.710155
28.056433, 0.070092, 7.710155
28.058019, 0.067543, 7.429772
28.059598, 0.070092, 7.710155
28.061199, 0.070092, 7.710155
28.062819, 0.067543, 7.429772
28.064555, 0.067543, 7.429772
28.066215, 0.067543, 7.429772
28.067893, 0.067543, 7.429772
28.069479, 0.067543, 7.429772
28.071060, 0.067543, 7.429772
28.072631, 0.067543, 7.429772
28.075320, 0.067543, 7.429772
28.076963, 0.067543, 7.429772
28.078612, 0.070092, 7.710155
28.080475, 0.070092, 7.710155
28.082111, 0.070092, 7.710155
28.083911, 0.067543, 7.429772
28.087029, 0.070092, 7.710155
28.088687, 0.067543, 7.429772
28.090307, 0.070092, 7.710155
28.091934, 0.070092, 7.710155
28.093631, 0.067543, 7.429772
28.095278, 0.067543, 7.429772
28.097335, 0.070092, 7.710155
28.099026, 0.067543, 7.429772
28.100721, 0.070092, 7.710155
28.102453, 0.070092, 7.710155
28.104270, 0.070092, 7.710155
28.105979, 0.067543, 7.429772
28.107700, 0.067543, 7.429772
28.109393, 0.070092, 7.710155
28.110984, 0.070092, 7.710155
28.112561, 0.067543, 7.429772
28.114612, 0.070092, 7.710155
28.116364, 0.067543, 7.429772
28.118024, 0.070092, 7.710155
28.119609, 0.067543, 7.429772
28.121185, 0.070092, 7.710155
28.122762, 0.070092, 7.710155
28.124455, 0.070092, 7.710155
28.126116, 0.070092, 7.710155
28.127795, 0.067543, 7.429772
28.129511, 0.070092, 7.710155
28.131372, 0.070092, 7.710155
28.133133, 0.070092, 7.710155
28.134932, 0.070092, 7.710155
28.136623, 0.067543, 7.429772
28.138327, 0.070092, 7.710155
28.140028, 0.067543, 7.429772
28.141686, 0.067543, 7.429772
28.143353, 0.070092, 7.710155
28.146483, 0.067543, 7.429772
28.148303, 0.067543, 7.429772
28.150022, 0.067543, 7.429772
28.151610, 0.067543, 7.429772
28.153191, 0.067543, 7.429772
28.154859, 0.067543, 7.429772
28.156678, 0.070092, 7.710155
28.158398, 0.067543, 7.429772
28.159996, 0.067543, 7.429772
28.161579, 0.067543, 7.429772
28.163393, 0.067543, 7.429772
28.165215, 0.067543, 7.429772
28.166985, 0.067543, 7.429772
28.168785, 0.070092, 7.710155
28.170484, 0.070092, 7.710155
28.172091, 0.067543, 7.429772
28.173659, 0.070092, 7.710155
28.175501, 0.070092, 7.710155
28.177257, 0.070092, 7.710155
28.178977, 0.070092, 7.710155
28.180668, 0.067543, 7.429772
28.182291, 0.067543, 7.429772
28.183908, 0.070092, 7.710155
28.185560, 0.070092, 7.710155
28.187179, 0.070092, 7.710155
28.188791, 0.067543, 7.429772
28.190471, 0.070092, 7.710155
28.192063, 0.067543, 7.429772
28.193676, 0.067543, 7.429772
28.195347, 0.070092, 7.710155
28.197004, 0.067543, 7.429772
28.198617, 0.070092, 7.710155
28.200215, 0.070092, 7.710155
28.201872, 0.070092, 7.710155
28.203491, 0.067543, 7.429772
28.205174, 0.067543, 7.429772
28.206780, 0.070092, 7.710155
28.208365, 0.070092, 7.710155
28.209961, 0.070092, 7.710155
28.211569, 0.070092, 7.710155
28.213272, 0.070092, 7.710155
28.214886, 0.070092, 7.710155
28.216585, 0.070092, 7.710155
28.218703, 0.070092, 7.710155
28.220381, 0.070092, 7.710155
28.221987, 0.067543, 7.429772
28.223595, 0.067543, 7.429772
28.225218, 0.067543, 7.429772
28.226833, 0.070092, 7.710155
28.228423, 0.067543, 7.429772
28.230118, 0.067543, 7.429772
28.231737, 0.070092, 7.710155
28.233826, 0.070092, 7.710155
28.235679, 0.070092, 7.710155
28.237320, 0.067543, 7.429772
28.238930, 0.070092, 7.710155
28.240588, 0.067543, 7.429772
28.242210, 0.067543, 7.429772
28.243834, 0.067543, 7.429772
28.245548, 0.070092, 7.710155
28.247272, 0.070092, 7.710155
28.249177, 0.070092, 7.710155
28.250868, 0.070092, 7.710155
28.252523, 0.067543, 7.429772
28.254229, 0.067543, 7.429772
28.256000, 0.070092, 7.710155
28.257816, 0.070092, 7.710155
28.259732, 0.070092, 7.710155
28.261349, 0.067543, 7.429772
28.262968, 0.067543, 7.429772
28.264727, 0.070092, 7.710155
28.266367, 0.067543, 7.429772
28.268215, 0.067543, 7.429772
28.269854, 0.067543, 7.429772
28.271555, 0.067543, 7.429772
28.273173, 0.067543, 7.429772
28.274749, 0.067543, 7.429772
28.276309, 0.070092, 7.710155
28.277967, 0.070092, 7.710155
28.279596, 0.070092, 7.710155
28.281398, 0.067543, 7.429772
28.283057, 0.070092, 7.710155
28.284784, 0.070092, 7.710155
28.286351, 0.070092, 7.710155
28.288021, 0.070092, 7.710155
28.290375, 0.067543, 7.429772
28.291998, 0.067543, 7.429772
28.293572, 0.070092, 7.710155
28.295136, 0.067543, 7.429772
28.296920, 0.070092, 7.710155
28.298696, 0.070092, 7.710155
28.300413, 0.070092, 7.710155
28.302106, 0.070092, 7.710155
28.303692, 0.070092, 7.710155
28.305257, 0.070092, 7.710155
28.306832, 0.070092, 7.710155
28.308497, 0.070092, 7.710155
28.310152, 0.070092, 7.710155
28.311822, 0.070092, 7.710155
28.314446, 0.067543, 7.429772
28.316281, 0.070092, 7.710155
28.317869, 0.070092, 7.710155
28.319520, 0.070092, 7.710155
28.321115, 0.070092, 7.710155
28.322692, 0.070092, 7.710155
28.324254, 0.067543, 7.429772
28.325824, 0.067543, 7.429772
28.327400, 0.070092, 7.710155
28.329079, 0.070092, 7.710155
28.330904, 0.070092, 7.710155
28.332602, 0.067543, 7.429772
28.334263, 0.070092, 7.710155
28.335873, 0.070092, 7.710155
28.337459, 0.070092, 7.710155
28.339039, 0.070092, 7.710155
28.340748, 0.067543, 7.429772
28.342381, 0.070092, 7.710155
28.344045, 0.070092, 7.710155
28.345625, 0.070092, 7.710155
28.347920, 0.067543, 7.429772
28.349625, 0.067543, 7.429772
28.351340, 0.070092, 7.710155
28.352998, 0.070092, 7.710155
28.354647, 0.070092, 7.710155
28.356226, 0.070092, 7.710155
28.357807, 0.070092, 7.710155
28.359391, 0.070092, 7.710155
28.361112, 0.070092, 7.710155
28.362742, 0.070092, 7.710155
28.364988, 0.070092, 7.710155
28.366626, 0.070092, 7.710155
28.368306, 0.070092, 7.710155
28.370070, 0.067543, 7.429772
28.371704, 0.070092, 7.710155
28.373355, 0.067543, 7.429772
28.374938, 0.070092, 7.710155
28.376515, 0.070092, 7.710155
28.378090, 0.070092, 7.710155
28.379675, 0.070092, 7.710155
28.382706, 0.070092, 7.710155
28.384379, 0.067543, 7.429772
28.386012, 0.070092, 7.710155
28.387612, 0.070092, 7.710155
28.389667, 0.067543, 7.429772
28.391353, 0.070092, 7.710155
28.393029, 0.070092, 7.710155
28.394680, 0.067543, 7.429772
28.396327, 0.070092, 7.710155
28.398421, 0.067543, 7.429772
28.400076, 0.070092, 7.710155
28.402524, 0.067543, 7.429772
28.404450, 0.067543, 7.429772
28.406167, 0.067543, 7.429772
28.407767, 0.070092, 7.710155
28.409351, 0.070092, 7.710155
28.410931, 0.070092, 7.710155
28.412610, 0.067543, 7.429772
28.414884, 0.067543, 7.429772
28.416571, 0.070092, 7.710155
28.418296, 0.070092, 7.710155
28.419917, 0.067543, 7.429772
28.421550, 0.067543, 7.429772
28.423178, 0.067543, 7.429772
28.424880, 0.070092, 7.710155
28.426529, 0.070092, 7.710155
28.428119, 0.070092, 7.710155
28.429822, 0.070092, 7.710155
28.431570, 0.072641, 7.990538
28.433309, 0.070092, 7.710155
28.434979, 0.070092, 7.710155
28.436689, 0.070092, 7.710155
28.438263, 0.067543, 7.429772
28.439852, 0.067543, 7.429772
28.441422, 0.070092, 7.710155
28.443137, 0.070092, 7.710155
28.444811, 0.070092, 7.710155
28.446514, 0.070092, 7.710155
28.448735, 0.070092, 7.710155
28.450406, 0.067543, 7.429772
28.452064, 0.070092, 7.710155
28.453667, 0.070092, 7.710155
28.455259, 0.070092, 7.710155
28.456822, 0.070092, 7.710155
28.458405, 0.070092, 7.710155
28.459983, 0.070092, 7.710155
28.461557, 0.070092, 7.710155
28.464428, 0.070092, 7.710155
28.466191, 0.070092, 7.710155
28.467927, 0.070092, 7.710155
28.469520, 0.067543, 7.429772
28.471112, 0.070092, 7.710155
28.472820, 0.070092, 7.710155
28.474452, 0.067543, 7.429772
28.476105, 0.067543, 7.429772
28.477765, 0.070092, 7.710155
28.479353, 0.070092, 7.710155
28.482109, 0.070092, 7.710155
28.484724, 0.070092, 7.710155
28.486604, 0.067543, 7.429772
28.488243, 0.070092, 7.710155
28.489842, 0.070092, 7.710155
28.491436, 0.067543, 7.429772
28.493072, 0.070092, 7.710155
28.494777, 0.070092, 7.710155
28.496619, 0.070092, 7.710155
28.498443, 0.070092, 7.710155
28.500082, 0.070092, 7.710155
28.501669, 0.070092, 7.710155
28.503401, 0.070092, 7.710155
28.505070, 0.070092, 7.710155
28.506709, 0.070092, 7.710155
28.508353, 0.070092, 7.710155
28.509939, 0.070092, 7.710155
28.511523, 0.070092, 7.710155
28.514104, 0.070092, 7.710155
28.515868, 0.070092, 7.710155
28.518391, 0.070092, 7.710155
28.520214, 0.067543, 7.429772
28.521945, 0.067543, 7.429772
28.523647, 0.070092, 7.710155
28.525349, 0.070092, 7.710155
28.527091, 0.070092, 7.710155
28.528854, 0.070092, 7.710155
28.530580, 0.070092, 7.710155
28.532379, 0.067543, 7.429772
28.534401, 0.070092, 7.710155
28.536068, 0.070092, 7.710155
28.537752, 0.067543, 7.429772
28.539346, 0.067543, 7.429772
28.540944, 0.070092, 7.710155
28.542537, 0.070092, 7.710155
28.544426, 0.067543, 7.429772
28.546312, 0.070092, 7.710155
28.548148, 0.070092, 7.710155
28.549795, 0.067543, 7.429772
28.551482, 0.067543, 7.429772
28.553321, 0.067543, 7.429772
28.557475, 0.067543, 7.429772
28.559863, 0.070092, 7.710155
28.561695, 0.070092, 7.710155
28.563694, 0.070092, 7.710155
28.565564, 0.067543, 7.429772
28.567359, 0.070092, 7.710155
28.569642, 0.070092, 7.710155
28.571366, 0.070092, 7.710155
28.573090, 0.067543, 7.429772
28.574814, 0.067543, 7.429772
28.576531, 0.067543, 7.429772
28.578213, 0.067543, 7.429772
28.579883, 0.070092, 7.710155
28.581854, 0.070092, 7.710155
28.583663, 0.070092, 7.710155
28.585388, 0.070092, 7.710155
28.587002, 0.070092, 7.710155
28.588601, 0.070092, 7.710155
28.590194, 0.070092, 7.710155
28.591787, 0.067543, 7.429772
28.593363, 0.070092, 7.710155
28.595171, 0.070092, 7.710155
28.596883, 0.070092, 7.710155
28.598524, 0.067543, 7.429772
28.600177, 0.070092, 7.710155
28.601850, 0.067543, 7.429772
28.603420, 0.067543, 7.429772
28.605080, 0.070092, 7.710155
28.606811, 0.070092, 7.710155
28.608488, 0.070092, 7.710155
28.610082, 0.070092, 7.710155
28.611649, 0.067543, 7.429772
28.613417, 0.070092, 7.710155
28.616750, 0.070092, 7.710155
28.618400, 0.067543, 7.429772
28.620011, 0.070092, 7.710155
28.621636, 0.070092, 7.710155
28.623236, 0.067543, 7.429772
28.624885, 0.067543, 7.429772
28.628207, 0.070092, 7.710155
28.630388, 0.070092, 7.710155
28.632415, 0.067543, 7.429772
28.634305, 0.067543, 7.429772
28.636011, 0.070092, 7.710155
28.637689, 0.070092, 7.710155
28.639356, 0.070092, 7.710155
28.641040, 0.070092, 7.710155
28.642705, 0.070092, 7.710155
28.644349, 0.070092, 7.710155
28.646156, 0.070092, 7.710155
28.648012, 0.067543, 7.429772
28.649678, 0.070092, 7.710155
28.651321, 0.070092, 7.710155
28.653016, 0.067543, 7.429772
28.654650, 0.070092, 7.710155
28.656428, 0.070092, 7.710155
28.658091, 0.070092, 7.710155
28.659733, 0.070092, 7.710155
28.661378, 0.070092, 7.710155
28.663092, 0.067543, 7.429772
28.664754, 0.067543, 7.429772
28.666379, 0.070092, 7.710155
28.668239, 0.070092, 7.710155
28.670197, 0.070092, 7.710155
28.671833, 0.070092, 7.710155
28.673477, 0.070092, 7.710155
28.675093, 0.070092, 7.710155
28.676716, 0.067543, 7.429772
28.678342, 0.070092, 7.710155
28.680213, 0.070092, 7.710155
28.681939, 0.070092, 7.710155
28.683782, 0.067543, 7.429772
28.685621, 0.067543, 7.429772
28.687264, 0.070092, 7.710155
28.688854, 0.070092, 7.710155
28.690447, 0.070092, 7.710155
28.692019, 0.070092, 7.710155
28.693607, 0.070092, 7.710155
28.695215, 0.067543, 7.429772
28.696879, 0.070092, 7.710155
28.698564, 0.070092, 7.710155
28.700258, 0.070092, 7.710155
28.701888, 0.070092, 7.710155
28.703529, 0.070092, 7.710155
28.705343, 0.070092, 7.710155
28.706967, 0.070092, 7.710155
28.708668, 0.070092, 7.710155
28.710287, 0.067543, 7.429772
28.711856, 0.067543, 7.429772
28.714198, 0.070092, 7.710155
28.717413, 0.070092, 7.710155
28.719225, 0.070092, 7.710155
28.721029, 0.070092, 7.710155
28.722642, 0.070092, 7.710155
28.724251, 0.067543, 7.429772
28.725846, 0.070092, 7.710155
28.727485, 0.070092, 7.710155
28.729303, 0.072641, 7.990538
28.731057, 0.070092, 7.710155
28.732697, 0.070092, 7.710155
28.734422, 0.070092, 7.710155
28.736211, 0.070092, 7.710155
28.737832, 0.070092, 7.710155
28.739449, 0.067543, 7.429772
28.741052, 0.070092, 7.710155
28.742717, 0.067543, 7.429772
28.744881, 0.067543, 7.429772
28.747340, 0.067543, 7.429772
28.749555, 0.070092, 7.710155
28.751161, 0.070092, 7.710155
28.752760, 0.067543, 7.429772
28.754336, 0.067543, 7.429772
28.755926, 0.067543, 7.429772
28.757522, 0.070092, 7.710155
28.759112, 0.070092, 7.710155
28.760745, 0.070092, 7.710155
28.762373, 0.067543, 7.429772
28.764215, 0.067543, 7.429772
28.766831, 0.070092, 7.710155
28.768566, 0.067543, 7.429772
28.770166, 0.070092, 7.710155
28.771757, 0.070092, 7.710155
28.773334, 0.070092, 7.710155
28.776323, 0.070092, 7.710155
28.778034, 0.070092, 7.710155
28.779677, 0.070092, 7.710155
28.781318, 0.067543, 7.429772
28.783000, 0.070092, 7.710155
28.784703, 0.070092, 7.710155
28.786377, 0.070092, 7.710155
28.788053, 0.070092, 7.710155
28.789759, 0.070092, 7.710155
28.791342, 0.070092, 7.710155
28.792933, 0.070092, 7.710155
28.794531, 0.070092, 7.710155
28.796193, 0.070092, 7.710155
28.798972, 0.070092, 7.710155
28.800632, 0.070092, 7.710155
28.802298, 0.070092, 7.710155
28.803876, 0.070092, 7.710155
28.805566, 0.070092, 7.710155
28.807231, 0.070092, 7.710155
28.808891, 0.067543, 7.429772
28.810581, 0.070092, 7.710155
28.812153, 0.070092, 7.710155
28.813835, 0.070092, 7.710155
28.815542, 0.070092, 7.710155
28.817184, 0.070092, 7.710155
28.818891, 0.070092, 7.710155
28.820562, 0.070092, 7.710155
28.822148, 0.070092, 7.710155
28.823739, 0.070092, 7.710155
28.825329, 0.067543, 7.429772
28.827078, 0.070092, 7.710155
28.828783, 0.070092, 7.710155
28.830512, 0.070092, 7.710155
28.832211, 0.070092, 7.710155
28.833959, 0.067543, 7.429772
28.835563, 0.070092, 7.710155
28.837272, 0.070092, 7.710155
28.838996, 0.070092, 7.710155
28.840684, 0.070092, 7.710155
28.842269, 0.070092, 7.710155
28.843867, 0.070092, 7.710155
28.845457, 0.067543, 7.429772
28.847207, 0.070092, 7.710155
28.848835, 0.067543, 7.429772
28.850608, 0.070092, 7.710155
28.852211, 0.070092, 7.710155
28.853800, 0.070092, 7.710155
28.855395, 0.070092, 7.710155
28.857102, 0.070092, 7.710155
28.858754, 0.070092, 7.710155
28.860358, 0.070092, 7.710155
28.862378, 0.070092, 7.710155
28.865290, 0.070092, 7.710155
28.867261, 0.067543, 7.429772
28.869107, 0.070092, 7.710155
28.870968, 0.070092, 7.710155
28.872762, 0.070092, 7.710155
28.874604, 0.070092, 7.710155
28.876529, 0.067543, 7.429772
28.878274, 0.070092, 7.710155
28.881166, 0.070092, 7.710155
28.882989, 0.070092, 7.710155
28.884728, 0.070092, 7.710155
28.886468, 0.070092, 7.710155
28.888213, 0.067543, 7.429772
28.889914, 0.070092, 7.710155
28.891591, 0.067543, 7.429772
28.893327, 0.070092, 7.710155
28.894996, 0.067543, 7.429772
28.896727, 0.067543, 7.429772
28.898378, 0.067543, 7.429772
28.900123, 0.067543, 7.429772
28.901973, 0.070092, 7.710155
28.903586, 0.067543, 7.429772
28.905184, 0.070092, 7.710155
28.907355, 0.070092, 7.710155
28.909517, 0.070092, 7.710155
28.911223, 0.070092, 7.710155
28.912829, 0.070092, 7.710155
28.914633, 0.070092, 7.710155
28.916397, 0.070092, 7.710155
28.918292, 0.070092, 7.710155
28.920042, 0.070092, 7.710155
28.922173, 0.070092, 7.710155
28.923827, 0.070092, 7.710155
28.925417, 0.070092, 7.710155
28.927062, 0.067543, 7.429772
28.928772, 0.067543, 7.429772
28.930708, 0.070092, 7.710155
28.932638, 0.067543, 7.429772
28.934539, 0.070092, 7.710155
28.936336, 0.070092, 7.710155
28.938125, 0.067543, 7.429772
28.939910, 0.070092, 7.710155
28.941730, 0.070092, 7.710155
28.943514, 0.067543, 7.429772
28.945238, 0.070092, 7.710155
28.947659, 0.067543, 7.429772
28.949448, 0.070092, 7.710155
28.951161, 0.070092, 7.710155
28.952877, 0.070092, 7.710155
28.954586, 0.067543, 7.429772
28.956274, 0.070092, 7.710155
28.958110, 0.067543, 7.429772
28.959833, 0.070092, 7.710155
28.961454, 0.070092, 7.710155
28.964275, 0.070092, 7.710155
28.965957, 0.067543, 7.429772
28.967670, 0.067543, 7.429772
28.969295, 0.070092, 7.710155
28.970942, 0.067543, 7.429772
28.972534, 0.070092, 7.710155
28.974128, 0.070092, 7.710155
28.975711, 0.070092, 7.710155
28.977284, 0.070092, 7.710155
28.979269, 0.070092, 7.710155
28.982456, 0.070092, 7.710155
28.984328, 0.070092, 7.710155
28.986061, 0.070092, 7.710155
28.987783, 0.067543, 7.429772
28.989569, 0.070092, 7.710155
28.991343, 0.070092, 7.710155
28.993144, 0.070092, 7.710155
28.994762, 0.067543, 7.429772
28.997640, 0.070092, 7.710155
28.999384, 0.070092, 7.710155
29.001018, 0.070092, 7.710155
29.002695, 0.067543, 7.429772
29.004459, 0.067543, 7.429772
29.006070, 0.070092, 7.710155
29.007654, 0.070092, 7.710155
29.009292, 0.067543, 7.429772
29.010914, 0.070092, 7.710155
29.013268, 0.070092, 7.710155
29.015503, 0.070092, 7.710155
29.017199, 0.070092, 7.710155
29.019051, 0.070092, 7.710155
29.020691, 0.067543, 7.429772
29.022287, 0.067543, 7.429772
29.023880, 0.067543, 7.429772
29.025459, 0.070092, 7.710155
29.027045, 0.067543, 7.429772
29.028635, 0.070092, 7.710155
29.030646, 0.067543, 7.429772
29.033101, 0.067543, 7.429772
29.034815, 0.070092, 7.710155
29.036412, 0.070092, 7.710155
29.038004, 0.070092, 7.710155
29.039571, 0.070092, 7.710155
29.041249, 0.070092, 7.710155
29.042919, 0.070092, 7.710155
29.044605, 0.070092, 7.710155
29.047553, 0.067543, 7.429772
29.049304, 0.070092, 7.710155
29.051075, 0.067543, 7.429772
29.052737, 0.070092, 7.710155
29.054495, 0.070092, 7.710155
29.056113, 0.070092, 7.710155
29.057711, 0.070092, 7.710155
29.059306, 0.070092, 7.710155
29.060920, 0.067543, 7.429772
29.062678, 0.067543, 7.429772
29.064463, 0.070092, 7.710155
29.066189, 0.067543, 7.429772
29.067832, 0.070092, 7.710155
29.069411, 0.067543, 7.429772
29.071038, 0.070092, 7.710155
29.072674, 0.070092, 7.710155
29.074328, 0.070092, 7.710155
29.076013, 0.067543, 7.429772
29.077589, 0.067543, 7.429772
29.079180, 0.067543, 7.429772
29.081705, 0.067543, 7.429772
29.083768, 0.070092, 7.710155
29.085414, 0.070092, 7.710155
29.086997, 0.070092, 7.710155
29.088578, 0.070092, 7.710155
29.090174, 0.067543, 7.429772
29.092843, 0.067543, 7.429772
29.094516, 0.070092, 7.710155
29.096740, 0.070092, 7.710155
29.098533, 0.070092, 7.710155
29.100250, 0.070092, 7.710155
29.102819, 0.070092, 7.710155
29.104777, 0.070092, 7.710155
29.106596, 0.070092, 7.710155
29.108383, 0.070092, 7.710155
29.110110, 0.067543, 7.429772
29.111804, 0.070092, 7.710155
29.113626, 0.070092, 7.710155
29.115463, 0.070092, 7.710155
29.117141, 0.070092, 7.710155
29.118852, 0.070092, 7.710155
29.120593, 0.067543, 7.429772
29.122266, 0.070092, 7.710155
29.124004, 0.070092, 7.710155
29.125720, 0.067543, 7.429772
29.127423, 0.070092, 7.710155
29.129119, 0.067543, 7.429772
29.131192, 0.070092, 7.710155
29.133020, 0.070092, 7.710155
29.134756, 0.070092, 7.710155
29.136412, 0.070092, 7.710155
29.138002, 0.070092, 7.710155
29.139587, 0.067543, 7.429772
29.141171, 0.070092, 7.710155
29.142780, 0.070092, 7.710155
29.144394, 0.070092, 7.710155
29.146352, 0.067543, 7.429772
29.148247, 0.067543, 7.429772
29.149934, 0.070092, 7.710155
29.151626, 0.067543, 7.429772
29.153238, 0.067543, 7.429772
29.154883, 0.067543, 7.429772
29.156543, 0.067543, 7.429772
29.158129, 0.070092, 7.710155
29.159703, 0.067543, 7.429772
29.161279, 0.070092, 7.710155
29.162898, 0.067543, 7.429772
29.165464, 0.067543, 7.429772
29.167180, 0.070092, 7.710155
29.168874, 0.070092, 7.710155
29.170465, 0.070092, 7.710155
29.172040, 0.067543, 7.429772
29.173691, 0.070092, 7.710155
29.175390, 0.070092, 7.710155
29.177091, 0.067543, 7.429772
29.178679, 0.070092, 7.710155
29.181254, 0.067543, 7.429772
29.182936, 0.070092, 7.710155
29.185959, 0.070092, 7.710155
29.187662, 0.070092, 7.710155
29.189355, 0.070092, 7.710155
29.190950, 0.070092, 7.710155
29.192519, 0.070092, 7.710155
29.194191, 0.070092, 7.710155
29.196265, 0.067543, 7.429772
29.198457, 0.070092, 7.710155
29.200101, 0.070092, 7.710155
29.201799, 0.070092, 7.710155
29.203391, 0.070092, 7.710155
29.205040, 0.070092, 7.710155
29.206710, 0.067543, 7.429772
29.208322, 0.070092, 7.710155
29.209911, 0.070092, 7.710155
29.211488, 0.067543, 7.429772
29.213081, 0.070092, 7.710155
29.215921, 0.070092, 7.710155
29.217664, 0.070092, 7.710155
29.219290, 0.070092, 7.710155
29.220864, 0.070092, 7.710155
29.222451, 0.067543, 7.429772
29.224113, 0.067543, 7.429772
29.225718, 0.067543, 7.429772
29.227297, 0.070092, 7.710155
29.228862, 0.070092, 7.710155
29.230497, 0.067543, 7.429772
29.232153, 0.067543, 7.429772
29.233869, 0.067543, 7.429772
29.236988, 0.070092, 7.710155
29.239265, 0.067543, 7.429772
29.241186, 0.067543, 7.429772
29.243000, 0.067543, 7.429772
29.244611, 0.070092, 7.710155
29.246364, 0.070092, 7.710155
29.248032, 0.070092, 7.710155
29.249741, 0.067543, 7.429772
29.251503, 0.070092, 7.710155
29.253239, 0.067543, 7.429772
29.254959, 0.067543, 7.429772
29.256657, 0.070092, 7.710155
29.258267, 0.070092, 7.710155
29.259845, 0.070092, 7.710155
29.261442, 0.070092, 7.710155
29.263675, 0.070092, 7.710155
29.265545, 0.070092, 7.710155
29.267185, 0.070092, 7.710155
29.268803, 0.070092, 7.710155
29.270435, 0.070092, 7.710155
29.272063, 0.070092, 7.710155
29.273674, 0.067543, 7.429772
29.275296, 0.067543, 7.429772
29.276935, 0.070092, 7.710155
29.279080, 0.070092, 7.710155
29.280834, 0.070092, 7.710155
29.282610, 0.070092, 7.710155
29.284332, 0.067543, 7.429772
29.286005, 0.070092, 7.710155
29.287593, 0.070092, 7.710155
29.289191, 0.070092, 7.710155
29.290891, 0.070092, 7.710155
29.292548, 0.070092, 7.710155
29.294245, 0.070092, 7.710155
29.295988, 0.067543, 7.429772
29.298123, 0.067543, 7.429772
29.299800, 0.067543, 7.429772
29.301768, 0.067543, 7.429772
29.303431, 0.067543, 7.429772
29.305169, 0.070092, 7.710155
29.306767, 0.070092, 7.710155
29.308359, 0.070092, 7.710155
29.309957, 0.067543, 7.429772
29.311590, 0.070092, 7.710155
29.314157, 0.070092, 7.710155
29.315867, 0.070092, 7.710155
29.317606, 0.070092, 7.710155
29.319212, 0.070092, 7.710155
29.320789, 0.070092, 7.710155
29.322492, 0.070092, 7.710155
29.324194, 0.067543, 7.429772
29.325864, 0.070092, 7.710155
29.327459, 0.070092, 7.710155
29.329034, 0.067543, 7.429772
29.331408, 0.070092, 7.710155
29.334164, 0.070092, 7.710155
29.335855, 0.070092, 7.710155
29.337441, 0.070092, 7.710155
29.339015, 0.070092, 7.710155
29.340606, 0.070092, 7.710155
29.342308, 0.067543, 7.429772
29.343959, 0.070092, 7.710155
29.345589, 0.070092, 7.710155
29.348405, 0.067543, 7.429772
29.350062, 0.070092, 7.710155
29.351935, 0.070092, 7.710155
29.353683, 0.070092, 7.710155
29.355419, 0.067543, 7.429772
29.357239, 0.067543, 7.429772
29.358932, 0.067543, 7.429772
29.360623, 0.067543, 7.429772
29.362568, 0.067543, 7.429772
29.365474, 0.070092, 7.710155
29.367150, 0.067543, 7.429772
29.368790, 0.070092, 7.710155
29.370436, 0.070092, 7.710155
29.372160, 0.067543, 7.429772
29.373898, 0.070092, 7.710155
29.375554, 0.067543, 7.429772
29.377235, 0.067543, 7.429772
29.379264, 0.067543, 7.429772
29.381726, 0.070092, 7.710155
29.383551, 0.067543, 7.429772
29.385355, 0.070092, 7.710155
29.387032, 0.070092, 7.710155
29.388631, 0.070092, 7.710155
29.390225, 0.070092, 7.710155
29.391814, 0.070092, 7.710155
29.393505, 0.070092, 7.710155
29.395125, 0.070092, 7.710155
29.396954, 0.067543, 7.429772
29.398636, 0.067543, 7.429772
29.400349, 0.070092, 7.710155
29.401963, 0.070092, 7.710155
29.403719, 0.067543, 7.429772
29.405366, 0.067543, 7.429772
29.407057, 0.070092, 7.710155
29.408651, 0.070092, 7.710155
29.410239, 0.070092, 7.710155
29.411809, 0.067543, 7.429772
29.414622, 0.070092, 7.710155
29.416304, 0.070092, 7.710155
29.417995, 0.067543, 7.429772
29.419595, 0.070092, 7.710155
29.421170, 0.070092, 7.710155
29.422757, 0.067543, 7.429772
29.425323, 0.067543, 7.429772
29.427416, 0.070092, 7.710155
29.429117, 0.070092, 7.710155
29.431881, 0.070092, 7.710155
29.433594, 0.070092, 7.710155
29.435398, 0.070092, 7.710155
29.437038, 0.067543, 7.429772
29.438742, 0.067543, 7.429772
29.440384, 0.067543, 7.429772
29.441982, 0.067543, 7.429772
29.443570, 0.067543, 7.429772
29.446474, 0.067543, 7.429772
29.448317, 0.067543, 7.429772
29.450035, 0.067543, 7.429772
29.451651, 0.070092, 7.710155
29.453353, 0.070092, 7.710155
29.455033, 0.070092, 7.710155
29.456725, 0.070092, 7.710155
29.458907, 0.070092, 7.710155
29.460586, 0.067543, 7.429772
29.464732, 0.067543, 7.429772
29.470721, 0.070092, 7.710155
29.473297, 0.070092, 7.710155
29.475453, 0.067543, 7.429772
29.477501, 0.067543, 7.429772
29.479471, 0.070092, 7.710155
29.481489, 0.070092, 7.710155
29.483396, 0.067543, 7.429772
29.485180, 0.070092, 7.710155
29.486898, 0.067543, 7.429772
29.488508, 0.070092, 7.710155
29.490104, 0.067543, 7.429772
29.491673, 0.070092, 7.710155
29.493259, 0.067543, 7.429772
29.494844, 0.070092, 7.710155
29.497214, 0.067543, 7.429772
29.499199, 0.067543, 7.429772
29.500928, 0.067543, 7.429772
29.502553, 0.067543, 7.429772
29.504145, 0.070092, 7.710155
29.505861, 0.067543, 7.429772
29.507654, 0.070092, 7.710155
29.509419, 0.070092, 7.710155
29.511064, 0.067543, 7.429772
29.512745, 0.067543, 7.429772
29.514842, 0.067543, 7.429772
29.516694, 0.067543, 7.429772
29.518337, 0.070092, 7.710155
29.519998, 0.067543, 7.429772
29.521683, 0.067543, 7.429772
29.523275, 0.070092, 7.710155
29.524852, 0.070092, 7.710155
29.527090, 0.070092, 7.710155
29.529132, 0.070092, 7.710155
29.531302, 0.070092, 7.710155
29.533035, 0.070092, 7.710155
29.534888, 0.070092, 7.710155
29.536658, 0.067543, 7.429772
29.538345, 0.067543, 7.429772
29.540004, 0.067543, 7.429772
29.541648, 0.070092, 7.710155
29.543286, 0.070092, 7.710155
29.544894, 0.067543, 7.429772
29.546603, 0.067543, 7.429772
29.548296, 0.067543, 7.429772
29.549924, 0.067543, 7.429772
29.551525, 0.070092, 7.710155
29.553266, 0.067543, 7.429772
29.554866, 0.070092, 7.710155
29.556650, 0.067543, 7.429772
29.558388, 0.067543, 7.429772
29.560074, 0.070092, 7.710155
29.561813, 0.070092, 7.710155
29.563656, 0.067543, 7.429772
29.565472, 0.067543, 7.429772
29.568057, 0.067543, 7.429772
29.569710, 0.067543, 7.429772
29.571381, 0.067543, 7.429772
29.573011, 0.067543, 7.429772
29.574678, 0.067543, 7.429772
29.576284, 0.070092, 7.710155
29.578028, 0.070092, 7.710155
29.579716, 0.067543, 7.429772
29.581421, 0.070092, 7.710155
29.583087, 0.070092, 7.710155
29.584802, 0.070092, 7.710155
29.586396, 0.067543, 7.429772
29.588081, 0.067543, 7.429772
29.589713, 0.067543, 7.429772
29.591362, 0.067543, 7.429772
29.592987, 0.070092, 7.710155
29.594605, 0.070092, 7.710155
29.596223, 0.070092, 7.710155
29.599085, 0.067543, 7.429772
29.600716, 0.067543, 7.429772
29.602328, 0.070092, 7.710155
29.603939, 0.067543, 7.429772
29.605561, 0.067543, 7.429772
29.607249, 0.067543, 7.429772
29.608884, 0.070092, 7.710155
29.610524, 0.070092, 7.710155
29.612199, 0.070092, 7.710155
29.613832, 0.070092, 7.710155
29.615446, 0.070092, 7.710155
29.617125, 0.070092, 7.710155
29.618919, 0.067543, 7.429772
29.620676, 0.067543, 7.429772
29.622356, 0.070092, 7.710155
29.624001, 0.067543, 7.429772
29.625697, 0.067543, 7.429772
29.627334, 0.067543, 7.429772
29.629302, 0.067543, 7.429772
29.630987, 0.067543, 7.429772
29.632650, 0.067543, 7.429772
29.634342, 0.070092, 7.710155
29.636002, 0.067543, 7.429772
29.637788, 0.067543, 7.429772
29.639533, 0.070092, 7.710155
29.641645, 0.070092, 7.710155
29.643268, 0.070092, 7.710155
29.644871, 0.067543, 7.429772
29.646470, 0.067543, 7.429772
29.648357, 0.070092, 7.710155
29.650096, 0.070092, 7.710155
29.651684, 0.067543, 7.429772
29.653260, 0.067543, 7.429772
29.654843, 0.067543, 7.429772
29.656433, 0.067543, 7.429772
29.658024, 0.067543, 7.429772
29.659632, 0.067543, 7.429772
29.661358, 0.070092, 7.710155
29.663982, 0.070092, 7.710155
29.665633, 0.067543, 7.429772
29.667258, 0.070092, 7.710155
29.668908, 0.070092, 7.710155
29.670509, 0.070092, 7.710155
29.672112, 0.067543, 7.429772
29.673780, 0.070092, 7.710155
29.675390, 0.070092, 7.710155
29.677044, 0.070092, 7.710155
29.678972, 0.070092, 7.710155
29.681615, 0.067543, 7.429772
29.683335, 0.070092, 7.710155
29.685002, 0.067543, 7.429772
29.686604, 0.067543, 7.429772
29.688190, 0.067543, 7.429772
29.689858, 0.070092, 7.710155
29.691529, 0.067543, 7.429772
29.693250, 0.067543, 7.429772
29.694842, 0.067543, 7.429772
29.696574, 0.067543, 7.429772
29.698382, 0.070092, 7.710155
29.701269, 0.070092, 7.710155
29.702929, 0.067543, 7.429772
29.704513, 0.070092, 7.710155
29.706094, 0.067543, 7.429772
29.707681, 0.070092, 7.710155
29.709268, 0.067543, 7.429772
29.710950, 0.067543, 7.429772
29.712538, 0.070092, 7.710155
29.714221, 0.070092, 7.710155
29.715889, 0.070092, 7.710155
29.717619, 0.067543, 7.429772
29.719214, 0.067543, 7.429772
29.720970, 0.067543, 7.429772
29.722728, 0.067543, 7.429772
29.724443, 0.067543, 7.429772
29.726135, 0.067543, 7.429772
29.727731, 0.070092, 7.710155
29.729332, 0.067543, 7.429772
29.730985, 0.070092, 7.710155
29.732671, 0.070092, 7.710155
29.734398, 0.070092, 7.710155
29.735994, 0.070092, 7.710155
29.737583, 0.070092, 7.710155
29.739175, 0.067543, 7.429772
29.740761, 0.070092, 7.710155
29.742418, 0.067543, 7.429772
29.744087, 0.070092, 7.710155
29.745833, 0.067543, 7.429772
29.747556, 0.067543, 7.429772
29.749283, 0.067543, 7.429772
29.751050, 0.067543, 7.429772
29.752908, 0.067543, 7.429772
29.754598, 0.070092, 7.710155
29.756328, 0.070092, 7.710155
29.757925, 0.070092, 7.710155
29.759518, 0.070092, 7.710155
29.761104, 0.070092, 7.710155
29.764004, 0.067543, 7.429772
29.765819, 0.067543, 7.429772
29.767598, 0.067543, 7.429772
29.769268, 0.067543, 7.429772
29.770911, 0.067543, 7.429772
29.773763, 0.067543, 7.429772
29.776128, 0.067543, 7.429772
29.777891, 0.070092, 7.710155
29.779534, 0.067543, 7.429772
29.781330, 0.067543, 7.429772
29.783156, 0.070092, 7.710155
29.784817, 0.070092, 7.710155
29.786500, 0.070092, 7.710155
29.788098, 0.067543, 7.429772
29.789661, 0.070092, 7.710155
29.791250, 0.070092, 7.710155
29.792891, 0.070092, 7.710155
29.794468, 0.070092, 7.710155
29.796188, 0.070092, 7.710155
29.798119, 0.070092, 7.710155
29.799781, 0.070092, 7.710155
29.801436, 0.067543, 7.429772
29.803074, 0.070092, 7.710155
29.804818, 0.067543, 7.429772
29.806526, 0.070092, 7.710155
29.808122, 0.070092, 7.710155
29.809694, 0.067543, 7.429772
29.811294, 0.067543, 7.429772
29.813962, 0.070092, 7.710155
29.816249, 0.070092, 7.710155
29.818000, 0.070092, 7.710155
29.819742, 0.070092, 7.710155
29.821334, 0.067543, 7.429772
29.822924, 0.067543, 7.429772
29.824627, 0.070092, 7.710155
29.826382, 0.070092, 7.710155
29.828064, 0.070092, 7.710155
29.829706, 0.067543, 7.429772
29.831321, 0.067543, 7.429772
29.832991, 0.067543, 7.429772
29.834823, 0.067543, 7.429772
29.836488, 0.067543, 7.429772
29.838236, 0.067543, 7.429772
29.839830, 0.067543, 7.429772
29.841396, 0.067543, 7.429772
29.842977, 0.067543, 7.429772
29.844574, 0.067543, 7.429772
29.846329, 0.067543, 7.429772
29.849379, 0.070092, 7.710155
29.851086, 0.070092, 7.710155
29.853054, 0.067543, 7.429772
29.854657, 0.067543, 7.429772
29.856237, 0.067543, 7.429772
29.857826, 0.067543, 7.429772
29.859413, 0.067543, 7.429772
29.861102, 0.067543, 7.429772
29.862851, 0.070092, 7.710155
29.865830, 0.067543, 7.429772
29.867527, 0.070092, 7.710155
29.869258, 0.067543, 7.429772
29.870836, 0.067543, 7.429772
29.872429, 0.067543, 7.429772
29.874016, 0.070092, 7.710155
29.875679, 0.070092, 7.710155
29.877324, 0.070092, 7.710155
29.878973, 0.070092, 7.710155
29.881942, 0.067543, 7.429772
29.883783, 0.067543, 7.429772
29.885453, 0.067543, 7.429772
29.887197, 0.067543, 7.429772
29.888881, 0.070092, 7.710155
29.890648, 0.070092, 7.710155
29.892531, 0.070092, 7.710155
29.894289, 0.070092, 7.710155
29.895944, 0.067543, 7.429772
29.897907, 0.070092, 7.710155
29.899649, 0.067543, 7.429772
29.901291, 0.067543, 7.429772
29.902957, 0.067543, 7.429772
29.904601, 0.070092, 7.710155
29.906372, 0.070092, 7.710155
29.908232, 0.067543, 7.429772
29.909897, 0.067543, 7.429772
29.911541, 0.067543, 7.429772
29.913179, 0.067543, 7.429772
29.914802, 0.067543, 7.429772
29.916658, 0.067543, 7.429772
29.918571, 0.067543, 7.429772
29.920253, 0.067543, 7.429772
29.921925, 0.070092, 7.710155
29.923660, 0.067543, 7.429772
29.925258, 0.067543, 7.429772
29.926977, 0.067543, 7.429772
29.928791, 0.070092, 7.710155
29.930475, 0.070092, 7.710155
29.932153, 0.070092, 7.710155
29.933780, 0.070092, 7.710155
29.935385, 0.070092, 7.710155
29.937348, 0.067543, 7.429772
29.939018, 0.070092, 7.710155
29.940651, 0.070092, 7.710155
29.942235, 0.067543, 7.429772
29.943833, 0.070092, 7.710155
29.945413, 0.067543, 7.429772
29.947183, 0.070092, 7.710155
29.949063, 0.067543, 7.429772
29.950758, 0.070092, 7.710155
29.952430, 0.067543, 7.429772
29.954081, 0.067543, 7.429772
29.955759, 0.070092, 7.710155
29.957446, 0.070092, 7.710155
29.959149, 0.067543, 7.429772
29.960872, 0.067543, 7.429772
29.962490, 0.067543, 7.429772
29.964131, 0.070092, 7.710155
29.965810, 0.067543, 7.429772
29.967670, 0.067543, 7.429772
29.969432, 0.067543, 7.429772
29.971068, 0.067543, 7.429772
29.972732, 0.067543, 7.429772
29.974364, 0.067543, 7.429772
29.975943, 0.067543, 7.429772
29.977792, 0.067543, 7.429772
29.981289, 0.067543, 7.429772
29.983017, 0.067543, 7.429772
29.984707, 0.067543, 7.429772
29.986303, 0.067543, 7.429772
29.987900, 0.070092, 7.710155
29.989516, 0.067543, 7.429772
29.991584, 0.067543, 7.429772
29.993189, 0.070092, 7.710155
29.994757, 0.067543, 7.429772
29.996362, 0.067543, 7.429772
29.998045, 0.067543, 7.429772
29.999770, 0.070092, 7.710155
30.001542, 0.067543, 7.429772
30.003266, 0.070092, 7.710155
30.004851, 0.067543, 7.429772
30.006479, 0.067543, 7.429772
30.008068, 0.067543, 7.429772
30.010831, 0.067543, 7.429772
30.012481, 0.067543, 7.429772
30.014220, 0.070092, 7.710155
30.015877, 0.070092, 7.710155
30.017620, 0.070092, 7.710155
30.019236, 0.070092, 7.710155
30.020882, 0.070092, 7.710155
30.022544, 0.067543, 7.429772
30.024178, 0.067543, 7.429772
30.025745, 0.070092, 7.710155
30.027331, 0.067543, 7.429772
30.028928, 0.067543, 7.429772
30.030708, 0.067543, 7.429772
30.032466, 0.070092, 7.710155
30.034170, 0.067543, 7.429772
30.035780, 0.070092, 7.710155
30.037369, 0.067543, 7.429772
30.038956, 0.067543, 7.429772
30.040604, 0.067543, 7.429772
30.042264, 0.067543, 7.429772
30.043953, 0.067543, 7.429772
30.045538, 0.067543, 7.429772
30.048495, 0.067543, 7.429772
30.050186, 0.067543, 7.429772
30.051937, 0.070092, 7.710155
30.053570, 0.067543, 7.429772
30.055298, 0.067543, 7.429772
30.056887, 0.067543, 7.429772
30.058470, 0.067543, 7.429772
30.060092, 0.067543, 7.429772
30.061812, 0.070092, 7.710155
30.064339, 0.067543, 7.429772
30.066011, 0.070092, 7.710155
30.067733, 0.067543, 7.429772
30.069319, 0.067543, 7.429772
30.070955, 0.070092, 7.710155
30.072578, 0.067543, 7.429772
30.074247, 0.070092, 7.710155
30.075894, 0.067543, 7.429772
30.077483, 0.067543, 7.429772
30.079057, 0.070092, 7.710155
30.081405, 0.067543, 7.429772
30.083062, 0.067543, 7.429772
30.084800, 0.067543, 7.429772
30.086394, 0.070092, 7.710155
30.087968, 0.067543, 7.429772
30.089551, 0.067543, 7.429772
30.091189, 0.070092, 7.710155
30.092870, 0.067543, 7.429772
30.094493, 0.067543, 7.429772
30.096089, 0.070092, 7.710155
30.097821, 0.067543, 7.429772
30.099534, 0.067543, 7.429772
30.101478, 0.070092, 7.710155
30.104465, 0.067543, 7.429772
30.106332, 0.067543, 7.429772
30.108232, 0.067543, 7.429772
30.109945, 0.067543, 7.429772
30.111574, 0.067543, 7.429772
30.113395, 0.067543, 7.429772
30.116180, 0.067543, 7.429772
30.117950, 0.067543, 7.429772
30.119584, 0.067543, 7.429772
30.121202, 0.067543, 7.429772
30.122904, 0.067543, 7.429772
30.124535, 0.067543, 7.429772
30.126202, 0.067543, 7.429772
30.127785, 0.067543, 7.429772
30.129358, 0.070092, 7.710155
30.131611, 0.067543, 7.429772
30.133324, 0.070092, 7.710155
30.135030, 0.070092, 7.710155
30.136694, 0.067543, 7.429772
30.138332, 0.070092, 7.710155
30.139921, 0.070092, 7.710155
30.141509, 0.067543, 7.429772
30.143151, 0.067543, 7.429772
30.144726, 0.070092, 7.710155
30.146541, 0.067543, 7.429772
30.148629, 0.070092, 7.710155
30.150295, 0.070092, 7.710155
30.151910, 0.070092, 7.710155
30.153597, 0.067543, 7.429772
30.155199, 0.070092, 7.710155
30.156779, 0.067543, 7.429772
30.158358, 0.067543, 7.429772
30.159944, 0.067543, 7.429772
30.161499, 0.067543, 7.429772
30.163244, 0.067543, 7.429772
30.165422, 0.070092, 7.710155
30.167104, 0.067543, 7.429772
30.168780, 0.067543, 7.429772
30.170368, 0.067543, 7.429772
30.171950, 0.067543, 7.429772
30.173558, 0.067543, 7.429772
30.175247, 0.067543, 7.429772
30.176897, 0.067543, 7.429772
30.178568, 0.067543, 7.429772
30.181003, 0.070092, 7.710155
30.182916, 0.070092, 7.710155
30.184797, 0.067543, 7.429772
30.186467, 0.067543, 7.429772
30.188122, 0.070092, 7.710155
30.189840, 0.067543, 7.429772
30.191426, 0.067543, 7.429772
30.192989, 0.067543, 7.429772
30.194751, 0.070092, 7.710155
30.196560, 0.067543, 7.429772
30.198559, 0.067543, 7.429772
30.200211, 0.067543, 7.429772
30.201815, 0.067543, 7.429772
30.203395, 0.070092, 7.710155
30.205054, 0.067543, 7.429772
30.206667, 0.070092, 7.710155
30.208322, 0.067543, 7.429772
30.209922, 0.067543, 7.429772
30.211498, 0.067543, 7.429772
30.213378, 0.067543, 7.429772
30.216614, 0.070092, 7.710155
30.218295, 0.067543, 7.429772
30.219865, 0.067543, 7.429772
30.221450, 0.067543, 7.429772
30.223022, 0.067543, 7.429772
30.224641, 0.067543, 7.429772
30.226225, 0.070092, 7.710155
30.227908, 0.067543, 7.429772
30.229509, 0.067543, 7.429772
30.231274, 0.067543, 7.429772
30.232958, 0.067543, 7.429772
30.234607, 0.067543, 7.429772
30.236254, 0.067543, 7.429772
30.237890, 0.067543, 7.429772
30.239598, 0.070092, 7.710155
30.241186, 0.067543, 7.429772
30.242769, 0.067543, 7.429772
30.244351, 0.067543, 7.429772
30.246055, 0.067543, 7.429772
30.248231, 0.067543, 7.429772
30.249893, 0.067543, 7.429772
30.251474, 0.067543, 7.429772
30.253054, 0.067543, 7.429772
30.254612, 0.067543, 7.429772
30.256261, 0.067543, 7.429772
30.257896, 0.067543, 7.429772
30.259533, 0.067543, 7.429772
30.261112, 0.067543, 7.429772
30.262689, 0.070092, 7.710155
30.265563, 0.070092, 7.710155
30.267273, 0.067543, 7.429772
30.268870, 0.067543, 7.429772
30.270508, 0.067543, 7.429772
30.272075, 0.067543, 7.429772
30.273647, 0.067543, 7.429772
30.275317, 0.067543, 7.429772
30.276944, 0.067543, 7.429772
30.278567, 0.070092, 7.710155
30.280856, 0.067543, 7.429772
30.282518, 0.067543, 7.429772
30.284199, 0.067543, 7.429772
30.285850, 0.067543, 7.429772
30.287538, 0.067543, 7.429772
30.289157, 0.067543, 7.429772
30.290803, 0.070092, 7.710155
30.292440, 0.070092, 7.710155
30.294033, 0.067543, 7.429772
30.296394, 0.067543, 7.429772
30.298849, 0.067543, 7.429772
30.300557, 0.067543, 7.429772
30.302422, 0.067543, 7.429772
30.304278, 0.067543, 7.429772
30.306001, 0.067543, 7.429772
30.307612, 0.067543, 7.429772
30.309210, 0.067543, 7.429772
30.310792, 0.067543, 7.429772
30.312694, 0.067543, 7.429772
30.314555, 0.067543, 7.429772
30.316350, 0.067543, 7.429772
30.318025, 0.067543, 7.429772
30.319632, 0.067543, 7.429772
30.321230, 0.067543, 7.429772
30.322809, 0.067543, 7.429772
30.324385, 0.067543, 7.429772
30.325965, 0.067543, 7.429772
30.327766, 0.067543, 7.429772
30.329481, 0.067543, 7.429772
30.331401, 0.067543, 7.429772
30.333132, 0.067543, 7.429772
30.334841, 0.067543, 7.429772
30.336432, 0.067543, 7.429772
30.338528, 0.067543, 7.429772
30.340342, 0.067543, 7.429772
30.341981, 0.067543, 7.429772
30.343663, 0.067543, 7.429772
30.345326, 0.067543, 7.429772
30.347225, 0.070092, 7.710155
30.349088, 0.067543, 7.429772
30.350676, 0.067543, 7.429772
30.352258, 0.067543, 7.429772
30.353817, 0.067543, 7.429772
30.355394, 0.067543, 7.429772
30.357505, 0.067543, 7.429772
30.359658, 0.070092, 7.710155
30.361318, 0.067543, 7.429772
30.362914, 0.067543, 7.429772
30.364565, 0.070092, 7.710155
30.366221, 0.067543, 7.429772
30.368060, 0.067543, 7.429772
30.369738, 0.067543, 7.429772
30.371450, 0.067543, 7.429772
30.373040, 0.067543, 7.429772
30.374626, 0.067543, 7.429772
30.376204, 0.070092, 7.710155
30.378084, 0.067543, 7.429772
30.380839, 0.067543, 7.429772
30.382612, 0.070092, 7.710155
30.384287, 0.067543, 7.429772
30.385871, 0.067543, 7.429772
30.387453, 0.067543, 7.429772
30.389144, 0.067543, 7.429772
30.390801, 0.067543, 7.429772
30.392526, 0.070092, 7.710155
30.394108, 0.067543, 7.429772
30.395694, 0.067543, 7.429772
30.397407, 0.070092, 7.710155
30.399190, 0.067543, 7.429772
30.400864, 0.067543, 7.429772
30.402543, 0.067543, 7.429772
30.404135, 0.067543, 7.429772
30.405718, 0.067543, 7.429772
30.407306, 0.070092, 7.710155
30.408873, 0.070092, 7.710155
30.410459, 0.067543, 7.429772
30.412041, 0.067543, 7.429772
30.413753, 0.067543, 7.429772
30.415403, 0.067543, 7.429772
30.417088, 0.067543, 7.429772
30.418689, 0.070092, 7.710155
30.420325, 0.070092, 7.710155
30.421954, 0.067543, 7.429772
30.423624, 0.070092, 7.710155
30.425338, 0.067543, 7.429772
30.426914, 0.067543, 7.429772
30.428505, 0.067543, 7.429772
30.431090, 0.067543, 7.429772
30.433125, 0.067543, 7.429772
30.434846, 0.067543, 7.429772
30.436441, 0.067543, 7.429772
30.438019, 0.067543, 7.429772
30.439743, 0.067543, 7.429772
30.441343, 0.067543, 7.429772
30.442968, 0.067543, 7.429772
30.444671, 0.067543, 7.429772
30.446280, 0.067543, 7.429772
30.447955, 0.067543, 7.429772
30.449661, 0.067543, 7.429772
30.452967, 0.070092, 7.710155
30.454946, 0.067543, 7.429772
30.456736, 0.067543, 7.429772
30.458507, 0.067543, 7.429772
30.460190, 0.067543, 7.429772
30.461810, 0.067543, 7.429772
30.463553, 0.070092, 7.710155
30.467073, 0.070092, 7.710155
30.468988, 0.067543, 7.429772
30.470664, 0.067543, 7.429772
30.472266, 0.067543, 7.429772
30.473852, 0.067543, 7.429772
30.475417, 0.067543, 7.429772
30.477002, 0.067543, 7.429772
30.478584, 0.067543, 7.429772
30.481855, 0.067543, 7.429772
30.483558, 0.067543, 7.429772
30.485182, 0.067543, 7.429772
30.486850, 0.067543, 7.429772
30.488523, 0.067543, 7.429772
30.490121, 0.067543, 7.429772
30.491703, 0.070092, 7.710155
30.493274, 0.067543, 7.429772
30.494853, 0.067543, 7.429772
30.497647, 0.067543, 7.429772
30.499430, 0.070092, 7.710155
30.501195, 0.067543, 7.429772
30.502768, 0.067543, 7.429772
30.504350, 0.067543, 7.429772
30.505943, 0.067543, 7.429772
30.507564, 0.067543, 7.429772
30.509290, 0.070092, 7.710155
30.510939, 0.067543, 7.429772
30.512531, 0.067543, 7.429772
30.514738, 0.067543, 7.429772
30.516469, 0.067543, 7.429772
30.519414, 0.067543, 7.429772
30.521114, 0.070092, 7.710155
30.522794, 0.067543, 7.429772
30.524365, 0.067543, 7.429772
30.525950, 0.067543, 7.429772
30.527540, 0.067543, 7.429772
30.529168, 0.070092, 7.710155
30.530793, 0.070092, 7.710155
30.532455, 0.067543, 7.429772
30.534187, 0.070092, 7.710155
30.535778, 0.067543, 7.429772
30.537380, 0.067543, 7.429772
30.539008, 0.070092, 7.710155
30.540676, 0.067543, 7.429772
30.542355, 0.067543, 7.429772
30.543942, 0.067543, 7.429772
30.545524, 0.067543, 7.429772
30.547194, 0.067543, 7.429772
30.550020, 0.067543, 7.429772
30.551756, 0.067543, 7.429772
30.553416, 0.067543, 7.429772
30.555062, 0.070092, 7.710155
30.556693, 0.070092, 7.710155
30.558416, 0.067543, 7.429772
30.560070, 0.067543, 7.429772
30.561712, 0.067543, 7.429772
30.563350, 0.067543, 7.429772
30.565101, 0.067543, 7.429772
30.566837, 0.067543, 7.429772
30.568466, 0.067543, 7.429772
30.570106, 0.067543, 7.429772
30.571864, 0.067543, 7.429772
30.573591, 0.067543, 7.429772
30.575190, 0.067543, 7.429772
30.576758, 0.067543, 7.429772
30.578448, 0.070092, 7.710155
30.581860, 0.067543, 7.429772
30.583601, 0.067543, 7.429772
30.585283, 0.067543, 7.429772
30.586867, 0.067543, 7.429772
30.588439, 0.067543, 7.429772
30.590077, 0.067543, 7.429772
30.591750, 0.067543, 7.429772
30.593470, 0.067543, 7.429772
30.595051, 0.067543, 7.429772
30.597119, 0.070092, 7.710155
30.599619, 0.067543, 7.429772
30.601368, 0.067543, 7.429772
30.603081, 0.067543, 7.429772
30.604680, 0.067543, 7.429772
30.606259, 0.067543, 7.429772
30.607824, 0.067543, 7.429772
30.609521, 0.067543, 7.429772
30.611210, 0.067543, 7.429772
30.612877, 0.067543, 7.429772
30.614746, 0.070092, 7.710155
30.616416, 0.067543, 7.429772
30.618041, 0.070092, 7.710155
30.619793, 0.067543, 7.429772
30.621460, 0.067543, 7.429772
30.623146, 0.067543, 7.429772
30.624823, 0.067543, 7.429772
30.626465, 0.067543, 7.429772
30.628087, 0.070092, 7.710155
30.629869, 0.070092, 7.710155
30.632011, 0.067543, 7.429772
30.633709, 0.067543, 7.429772
30.635346, 0.067543, 7.429772
30.636978, 0.067543, 7.429772
30.638600, 0.067543, 7.429772
30.640224, 0.067543, 7.429772
30.641823, 0.067543, 7.429772
30.643435, 0.067543, 7.429772
30.645042, 0.067543, 7.429772
30.646798, 0.067543, 7.429772
30.648497, 0.067543, 7.429772
30.650109, 0.067543, 7.429772
30.651716, 0.067543, 7.429772
30.653318, 0.067543, 7.429772
30.654898, 0.067543, 7.429772
30.656492, 0.067543, 7.429772
30.658092, 0.067543, 7.429772
30.659748, 0.067543, 7.429772
30.661490, 0.067543, 7.429772
30.663257, 0.067543, 7.429772
30.665028, 0.067543, 7.429772
30.666651, 0.067543, 7.429772
30.668259, 0.067543, 7.429772
30.669916, 0.067543, 7.429772
30.671525, 0.067543, 7.429772
30.673132, 0.067543, 7.429772
30.674738, 0.067543, 7.429772
30.676425, 0.067543, 7.429772
30.678063, 0.067543, 7.429772
30.679978, 0.067543, 7.429772
30.681773, 0.067543, 7.429772
30.683474, 0.067543, 7.429772
30.685088, 0.067543, 7.429772
30.687157, 0.067543, 7.429772
30.688756, 0.067543, 7.429772
30.690375, 0.067543, 7.429772
30.692076, 0.067543, 7.429772
30.693729, 0.067543, 7.429772
30.695324, 0.067543, 7.429772
30.697505, 0.067543, 7.429772
30.699342, 0.070092, 7.710155
30.701130, 0.067543, 7.429772
30.702782, 0.067543, 7.429772
30.704504, 0.067543, 7.429772
30.706091, 0.067543, 7.429772
30.707664, 0.067543, 7.429772
30.709253, 0.067543, 7.429772
30.711021, 0.067543, 7.429772
30.712644, 0.067543, 7.429772
30.714502, 0.067543, 7.429772
30.716199, 0.067543, 7.429772
30.717845, 0.067543, 7.429772
30.719443, 0.067543, 7.429772
30.722090, 0.067543, 7.429772
30.723905, 0.067543, 7.429772
30.725616, 0.067543, 7.429772
30.727209, 0.067543, 7.429772
30.728791, 0.067543, 7.429772
30.731137, 0.067543, 7.429772
30.732975, 0.067543, 7.429772
30.734639, 0.067543, 7.429772
30.736371, 0.067543, 7.429772
30.738095, 0.067543, 7.429772
30.739685, 0.067543, 7.429772
30.742294, 0.067543, 7.429772
30.744179, 0.067543, 7.429772
30.745768, 0.067543, 7.429772
30.747644, 0.070092, 7.710155
30.749292, 0.067543, 7.429772
30.750985, 0.067543, 7.429772
30.752659, 0.067543, 7.429772
30.754300, 0.067543, 7.429772
30.755993, 0.067543, 7.429772
30.757583, 0.067543, 7.429772
30.759164, 0.067543, 7.429772
30.760727, 0.067543, 7.429772
30.763025, 0.067543, 7.429772
30.765055, 0.067543, 7.429772
30.766782, 0.067543, 7.429772
30.768396, 0.067543, 7.429772
30.769989, 0.067543, 7.429772
30.771569, 0.067543, 7.429772
30.773335, 0.067543, 7.429772
30.774989, 0.067543, 7.429772
30.776661, 0.067543, 7.429772
30.778384, 0.067543, 7.429772
30.780654, 0.067543, 7.429772
30.783212, 0.070092, 7.710155
30.785069, 0.067543, 7.429772
30.786703, 0.067543, 7.429772
30.788290, 0.067543, 7.429772
30.789858, 0.067543, 7.429772
30.791435, 0.067543, 7.429772
30.793027, 0.067543, 7.429772
30.794657, 0.067543, 7.429772
30.796330, 0.067543, 7.429772
30.798134, 0.067543, 7.429772
30.799804, 0.067543, 7.429772
30.801575, 0.070092, 7.710155
30.803291, 0.067543, 7.429772
30.805072, 0.070092, 7.710155
30.806717, 0.067543, 7.429772
30.808414, 0.067543, 7.429772
30.810116, 0.067543, 7.429772
30.811729, 0.067543, 7.429772
30.813902, 0.067543, 7.429772
30.815696, 0.067543, 7.429772
30.817338, 0.067543, 7.429772
30.818977, 0.070092, 7.710155
30.820612, 0.067543, 7.429772
30.822274, 0.067543, 7.429772
30.824072, 0.067543, 7.429772
30.825762, 0.067543, 7.429772
30.827462, 0.067543, 7.429772
30.829081, 0.070092, 7.710155
30.830800, 0.067543, 7.429772
30.832498, 0.067543, 7.429772
30.835674, 0.067543, 7.429772
30.837950, 0.067543, 7.429772
30.839711, 0.067543, 7.429772
30.841355, 0.067543, 7.429772
30.843024, 0.067543, 7.429772
30.844603, 0.067543, 7.429772
30.846226, 0.067543, 7.429772
30.848911, 0.067543, 7.429772
30.850547, 0.067543, 7.429772
30.852195, 0.067543, 7.429772
30.853921, 0.067543, 7.429772
30.855494, 0.067543, 7.429772
30.857080, 0.067543, 7.429772
30.858670, 0.067543, 7.429772
30.860256, 0.070092, 7.710155
30.861833, 0.067543, 7.429772
30.865009, 0.067543, 7.429772
30.866781, 0.067543, 7.429772
30.868517, 0.070092, 7.710155
30.870116, 0.070092, 7.710155
30.871708, 0.067543, 7.429772
30.873373, 0.067543, 7.429772
30.874959, 0.067543, 7.429772
30.876541, 0.067543, 7.429772
30.878104, 0.067543, 7.429772
30.879709, 0.067543, 7.429772
30.881367, 0.067543, 7.429772
30.883067, 0.067543, 7.429772
30.884752, 0.067543, 7.429772
30.886338, 0.067543, 7.429772
30.887909, 0.067543, 7.429772
30.889536, 0.067543, 7.429772
30.891333, 0.070092, 7.710155
30.893088, 0.067543, 7.429772
30.894777, 0.067543, 7.429772
30.896401, 0.067543, 7.429772
30.898043, 0.067543, 7.429772
30.899710, 0.067543, 7.429772
30.901515, 0.067543, 7.429772
30.903209, 0.067543, 7.429772
30.904915, 0.067543, 7.429772
30.906510, 0.067543, 7.429772
30.908072, 0.067543, 7.429772
30.909657, 0.067543, 7.429772
30.911471, 0.067543, 7.429772
30.913111, 0.067543, 7.429772
30.914746, 0.067543, 7.429772
30.916424, 0.067543, 7.429772
30.918175, 0.070092, 7.710155
30.919762, 0.067543, 7.429772
30.921416, 0.067543, 7.429772
30.923089, 0.067543, 7.429772
30.924723, 0.067543, 7.429772
30.926413, 0.067543, 7.429772
30.928128, 0.067543, 7.429772
30.929733, 0.067543, 7.429772
30.931390, 0.067543, 7.429772
30.933003, 0.067543, 7.429772
30.934692, 0.067543, 7.429772
30.936485, 0.067543, 7.429772
30.938064, 0.067543, 7.429772
30.939645, 0.067543, 7.429772
30.941232, 0.067543, 7.429772
30.942892, 0.067543, 7.429772
30.944613, 0.067543, 7.429772
30.946446, 0.067543, 7.429772
30.948114, 0.067543, 7.429772
30.949856, 0.067543, 7.429772
30.951571, 0.067543, 7.429772
30.954344, 0.067543, 7.429772
30.956073, 0.067543, 7.429772
30.957771, 0.067543, 7.429772
30.959362, 0.067543, 7.429772
30.960931, 0.067543, 7.429772
30.963526, 0.067543, 7.429772
30.965580, 0.067543, 7.429772
30.967344, 0.067543, 7.429772
30.968964, 0.067543, 7.429772
30.970551, 0.067543, 7.429772
30.972140, 0.067543, 7.429772
30.973821, 0.067543, 7.429772
30.975527, 0.067543, 7.429772
30.977118, 0.067543, 7.429772
30.978706, 0.067543, 7.429772
30.980365, 0.070092, 7.710155
30.982115, 0.067543, 7.429772
30.983816, 0.067543, 7.429772
30.985483, 0.067543, 7.429772
30.987229, 0.067543, 7.429772
30.988816, 0.067543, 7.429772
30.990410, 0.067543, 7.429772
30.991993, 0.067543, 7.429772
30.993804, 0.067543, 7.429772
30.995544, 0.067543, 7.429772
30.998355, 0.067543, 7.429772
31.000169, 0.070092, 7.710155
31.001807, 0.067543, 7.429772
31.003453, 0.067543, 7.429772
31.005116, 0.064994, 7.149389
31.006758, 0.067543, 7.429772
31.008383, 0.067543, 7.429772
31.009988, 0.067543, 7.429772
31.011610, 0.067543, 7.429772
31.013229, 0.067543, 7.429772
31.014882, 0.067543, 7.429772
31.016502, 0.067543, 7.429772
31.018101, 0.067543, 7.429772
31.019710, 0.067543, 7.429772
31.021314, 0.067543, 7.429772
31.022991, 0.070092, 7.710155
31.024902, 0.067543, 7.429772
31.026581, 0.067543, 7.429772
31.028325, 0.067543, 7.429772
31.029950, 0.067543, 7.429772
31.031617, 0.067543, 7.429772
31.033361, 0.067543, 7.429772
31.035698, 0.067543, 7.429772
31.037371, 0.067543, 7.429772
31.039017, 0.064994, 7.149389
31.040743, 0.067543, 7.429772
31.042517, 0.067543, 7.429772
31.044176, 0.067543, 7.429772
31.045800, 0.067543, 7.429772
31.047445, 0.067543, 7.429772
31.049132, 0.067543, 7.429772
31.050853, 0.067543, 7.429772
31.052451, 0.067543, 7.429772
31.054133, 0.067543, 7.429772
31.055867, 0.067543, 7.429772
31.057609, 0.064994, 7.149389
31.059286, 0.067543, 7.429772
31.061007, 0.067543, 7.429772
31.062880, 0.067543, 7.429772
31.065188, 0.067543, 7.429772
31.066861, 0.067543, 7.429772
31.068654, 0.067543, 7.429772
31.070396, 0.067543, 7.429772
31.071991, 0.067543, 7.429772
31.073589, 0.067543, 7.429772
31.075181, 0.067543, 7.429772
31.076771, 0.067543, 7.429772
31.078343, 0.067543, 7.429772
31.081130, 0.067543, 7.429772
31.082927, 0.067543, 7.429772
31.084605, 0.067543, 7.429772
31.086224, 0.067543, 7.429772
31.087870, 0.067543, 7.429772
31.089540, 0.067543, 7.429772
31.091134, 0.067543, 7.429772
31.092716, 0.067543, 7.429772
31.094284, 0.067543, 7.429772
31.095896, 0.067543, 7.429772
31.097705, 0.064994, 7.149389
31.099388, 0.067543, 7.429772
31.101140, 0.067543, 7.429772
31.102732, 0.067543, 7.429772
31.104305, 0.067543, 7.429772
31.105888, 0.067543, 7.429772
31.109346, 0.067543, 7.429772
31.111167, 0.067543, 7.429772
31.112971, 0.067543, 7.429772
31.114806, 0.064994, 7.149389
31.116650, 0.067543, 7.429772
31.118488, 0.064994, 7.149389
31.120111, 0.067543, 7.429772
31.121796, 0.067543, 7.429772
31.123598, 0.067543, 7.429772
31.125256, 0.067543, 7.429772
31.126886, 0.067543, 7.429772
31.128492, 0.064994, 7.149389
31.130262, 0.067543, 7.429772
31.132012, 0.067543, 7.429772
31.133658, 0.067543, 7.429772
31.135309, 0.067543, 7.429772
31.136926, 0.067543, 7.429772
31.138552, 0.067543, 7.429772
31.140194, 0.067543, 7.429772
31.141873, 0.067543, 7.429772
31.143460, 0.064994, 7.149389
31.145023, 0.067543, 7.429772
31.146945, 0.067543, 7.429772
31.149273, 0.067543, 7.429772
31.150904, 0.067543, 7.429772
31.152612, 0.067543, 7.429772
31.154190, 0.067543, 7.429772
31.155819, 0.067543, 7.429772
31.157471, 0.067543, 7.429772
31.159091, 0.067543, 7.429772
31.160683, 0.067543, 7.429772
31.162260, 0.067543, 7.429772
31.164328, 0.067543, 7.429772
31.165969, 0.067543, 7.429772
31.167704, 0.067543, 7.429772
31.169339, 0.067543, 7.429772
31.171031, 0.067543, 7.429772
31.172773, 0.067543, 7.429772
31.174365, 0.064994, 7.149389
31.175951, 0.067543, 7.429772
31.177710, 0.067543, 7.429772
31.179558, 0.067543, 7.429772
31.181319, 0.067543, 7.429772
31.182958, 0.067543, 7.429772
31.184690, 0.067543, 7.429772
31.186270, 0.067543, 7.429772
31.187853, 0.067543, 7.429772
31.189534, 0.067543, 7.429772
31.191186, 0.067543, 7.429772
31.192932, 0.067543, 7.429772
31.194517, 0.067543, 7.429772
31.196110, 0.067543, 7.429772
31.199085, 0.067543, 7.429772
31.200800, 0.067543, 7.429772
31.202443, 0.067543, 7.429772
31.204119, 0.067543, 7.429772
31.205691, 0.067543, 7.429772
31.207308, 0.067543, 7.429772
31.209492, 0.067543, 7.429772
31.211135, 0.067543, 7.429772
31.212811, 0.067543, 7.429772
31.215166, 0.067543, 7.429772
31.216817, 0.067543, 7.429772
31.218514, 0.067543, 7.429772
31.221273, 0.067543, 7.429772
31.222980, 0.067543, 7.429772
31.224574, 0.067543, 7.429772
31.226141, 0.067543, 7.429772
31.227717, 0.067543, 7.429772
31.229393, 0.064994, 7.149389
31.231209, 0.064994, 7.149389
31.232858, 0.067543, 7.429772
31.234547, 0.067543, 7.429772
31.236184, 0.067543, 7.429772
31.237774, 0.067543, 7.429772
31.239366, 0.067543, 7.429772
31.240992, 0.067543, 7.429772
31.242572, 0.064994, 7.149389
31.244143, 0.067543, 7.429772
31.245728, 0.067543, 7.429772
31.248581, 0.067543, 7.429772
31.250297, 0.067543, 7.429772
31.251939, 0.067543, 7.429772
31.253512, 0.067543, 7.429772
31.255093, 0.067543, 7.429772
31.256682, 0.067543, 7.429772
31.258262, 0.067543, 7.429772
31.259827, 0.067543, 7.429772
31.261511, 0.067543, 7.429772
31.263256, 0.067543, 7.429772
31.265827, 0.067543, 7.429772
31.267492, 0.067543, 7.429772
31.269081, 0.067543, 7.429772
31.270752, 0.067543, 7.429772
31.272338, 0.064994, 7.149389
31.273934, 0.064994, 7.149389
31.275545, 0.067543, 7.429772
31.277127, 0.067543, 7.429772
31.278704, 0.067543, 7.429772
31.280459, 0.067543, 7.429772
31.282266, 0.064994, 7.149389
31.284003, 0.067543, 7.429772
31.285696, 0.067543, 7.429772
31.287283, 0.067543, 7.429772
31.288891, 0.067543, 7.429772
31.290501, 0.067543, 7.429772
31.292391, 0.067543, 7.429772
31.294125, 0.067543, 7.429772
31.295869, 0.067543, 7.429772
31.298216, 0.067543, 7.429772
31.299910, 0.067543, 7.429772
31.301581, 0.067543, 7.429772
31.303176, 0.067543, 7.429772
31.304743, 0.067543, 7.429772
31.306316, 0.067543, 7.429772
31.307900, 0.067543, 7.429772
31.309488, 0.067543, 7.429772
31.311055, 0.067543, 7.429772
31.312774, 0.064994, 7.149389
31.315111, 0.067543, 7.429772
31.316969, 0.067543, 7.429772
31.319273, 0.067543, 7.429772
31.320901, 0.067543, 7.429772
31.322588, 0.064994, 7.149389
31.324263, 0.067543, 7.429772
31.325868, 0.067543, 7.429772
31.327483, 0.067543, 7.429772
31.329133, 0.067543, 7.429772
31.330984, 0.067543, 7.429772
31.332678, 0.067543, 7.429772
31.334409, 0.067543, 7.429772
31.336058, 0.067543, 7.429772
31.337729, 0.067543, 7.429772
31.339328, 0.067543, 7.429772
31.340912, 0.067543, 7.429772
31.342552, 0.067543, 7.429772
31.344171, 0.067543, 7.429772
31.345810, 0.067543, 7.429772
31.347772, 0.067543, 7.429772
31.349436, 0.067543, 7.429772
31.351160, 0.067543, 7.429772
31.352850, 0.067543, 7.429772
31.354502, 0.067543, 7.429772
31.356176, 0.067543, 7.429772
31.357767, 0.067543, 7.429772
31.359353, 0.067543, 7.429772
31.360919, 0.067543, 7.429772
31.362499, 0.067543, 7.429772
31.366443, 0.067543, 7.429772
31.368426, 0.067543, 7.429772
31.370232, 0.067543, 7.429772
31.371855, 0.067543, 7.429772
31.373457, 0.064994, 7.149389
31.375053, 0.067543, 7.429772
31.376648, 0.067543, 7.429772
31.378216, 0.067543, 7.429772
31.380226, 0.067543, 7.429772
31.382194, 0.067543, 7.429772
31.384430, 0.067543, 7.429772
31.386142, 0.067543, 7.429772
31.387834, 0.067543, 7.429772
31.389439, 0.067543, 7.429772
31.391030, 0.067543, 7.429772
31.392636, 0.067543, 7.429772
31.394225, 0.067543, 7.429772
31.396091, 0.067543, 7.429772
31.397879, 0.067543, 7.429772
31.399556, 0.067543, 7.429772
31.401255, 0.067543, 7.429772
31.402846, 0.067543, 7.429772
31.404419, 0.067543, 7.429772
31.406022, 0.067543, 7.429772
31.407656, 0.067543, 7.429772
31.409235, 0.067543, 7.429772
31.410970, 0.067543, 7.429772
31.412745, 0.070092, 7.710155
31.414918, 0.067543, 7.429772
31.416566, 0.067543, 7.429772
31.418267, 0.067543, 7.429772
31.419861, 0.067543, 7.429772
31.421449, 0.067543, 7.429772
31.423090, 0.067543, 7.429772
31.424766, 0.067543, 7.429772
31.426367, 0.067543, 7.429772
31.428008, 0.067543, 7.429772
31.429695, 0.067543, 7.429772
31.431781, 0.067543, 7.429772
31.433478, 0.067543, 7.429772
31.435184, 0.067543, 7.429772
31.436777, 0.067543, 7.429772
31.438363, 0.067543, 7.429772
31.439948, 0.067543, 7.429772
31.441533, 0.067543, 7.429772
31.443097, 0.067543, 7.429772
31.444797, 0.067543, 7.429772
31.446598, 0.067543, 7.429772
31.448365, 0.067543, 7.429772
31.450058, 0.067543, 7.429772
31.451657, 0.067543, 7.429772
31.453239, 0.067543, 7.429772
31.454910, 0.067543, 7.429772
31.456510, 0.067543, 7.429772
31.458090, 0.067543, 7.429772
31.459673, 0.067543, 7.429772
31.461234, 0.067543, 7.429772
31.463251, 0.067543, 7.429772
31.465894, 0.067543, 7.429772
31.467633, 0.067543, 7.429772
31.469366, 0.067543, 7.429772
31.470994, 0.067543, 7.429772
31.472580, 0.067543, 7.429772
31.474640, 0.067543, 7.429772
31.476602, 0.067543, 7.429772
31.478296, 0.070092, 7.710155
31.480129, 0.067543, 7.429772
31.481880, 0.070092, 7.710155
31.483521, 0.067543, 7.429772
31.485233, 0.067543, 7.429772
31.486837, 0.067543, 7.429772
31.488421, 0.067543, 7.429772
31.489993, 0.067543, 7.429772
31.491580, 0.067543, 7.429772
31.493188, 0.067543, 7.429772
31.494846, 0.067543, 7.429772
31.496702, 0.067543, 7.429772
31.498516, 0.064994, 7.149389
31.500238, 0.067543, 7.429772
31.501838, 0.064994, 7.149389
31.503429, 0.067543, 7.429772
31.505142, 0.067543, 7.429772
31.506742, 0.067543, 7.429772
31.508335, 0.067543, 7.429772
31.509922, 0.067543, 7.429772
31.511507, 0.067543, 7.429772
31.513262, 0.067543, 7.429772
31.515055, 0.067543, 7.429772
31.516772, 0.067543, 7.429772
31.518861, 0.067543, 7.429772
31.520504, 0.067543, 7.429772
31.522126, 0.067543, 7.429772
31.523885, 0.067543, 7.429772
31.525929, 0.067543, 7.429772
31.527781, 0.067543, 7.429772
31.529428, 0.067543, 7.429772
31.531336, 0.067543, 7.429772
31.532981, 0.067543, 7.429772
31.534644, 0.067543, 7.429772
31.536405, 0.067543, 7.429772
31.538023, 0.067543, 7.429772
31.539697, 0.067543, 7.429772
31.541289, 0.067543, 7.429772
31.542872, 0.067543, 7.429772
31.544454, 0.067543, 7.429772
31.546303, 0.067543, 7.429772
31.548147, 0.064994, 7.149389
31.550094, 0.067543, 7.429772
31.552078, 0.067543, 7.429772
31.558518, 0.067543, 7.429772
31.561252, 0.067543, 7.429772
31.564173, 0.067543, 7.429772
31.566475, 0.067543, 7.429772
31.568828, 0.067543, 7.429772
31.570837, 0.067543, 7.429772
31.573713, 0.067543, 7.429772
31.575788, 0.067543, 7.429772
31.577748, 0.067543, 7.429772
31.579663, 0.067543, 7.429772
31.581616, 0.067543, 7.429772
31.583647, 0.067543, 7.429772
31.585367, 0.067543, 7.429772
31.587271, 0.067543, 7.429772
31.589323, 0.067543, 7.429772
31.591386, 0.067543, 7.429772
31.593368, 0.067543, 7.429772
31.595408, 0.067543, 7.429772
31.597168, 0.067543, 7.429772
31.599240, 0.067543, 7.429772
31.601016, 0.067543, 7.429772
31.603031, 0.067543, 7.429772
31.604929, 0.067543, 7.429772
31.606703, 0.070092, 7.710155
31.608398, 0.067543, 7.429772
31.610056, 0.067543, 7.429772
31.611689, 0.067543, 7.429772
31.613834, 0.067543, 7.429772
31.615607, 0.070092, 7.710155
31.617389, 0.067543, 7.429772
31.619089, 0.067543, 7.429772
31.620743, 0.067543, 7.429772
31.622445, 0.067543, 7.429772
31.624050, 0.067543, 7.429772
31.625743, 0.067543, 7.429772
31.627485, 0.067543, 7.429772
31.629233, 0.067543, 7.429772
31.631009, 0.067543, 7.429772
31.632976, 0.067543, 7.429772
31.634664, 0.067543, 7.429772
31.636401, 0.067543, 7.429772
31.638036, 0.067543, 7.429772
31.639725, 0.067543, 7.429772
31.641408, 0.067543, 7.429772
31.643148, 0.067543, 7.429772
31.644950, 0.067543, 7.429772
31.646729, 0.067543, 7.429772
31.648512, 0.067543, 7.429772
31.650166, 0.067543, 7.429772
31.651879, 0.067543, 7.429772
31.653575, 0.067543, 7.429772
31.655250, 0.067543, 7.429772
31.657257, 0.067543, 7.429772
31.659194, 0.067543, 7.429772
31.660864, 0.067543, 7.429772
31.662531, 0.067543, 7.429772
31.664301, 0.067543, 7.429772
31.665942, 0.064994, 7.149389
31.667582, 0.067543, 7.429772
31.669252, 0.067543, 7.429772
31.671007, 0.067543, 7.429772
31.672759, 0.067543, 7.429772
31.674459, 0.067543, 7.429772
31.676486, 0.067543, 7.429772
31.678111, 0.067543, 7.429772
31.679785, 0.067543, 7.429772
31.681560, 0.067543, 7.429772
31.683223, 0.067543, 7.429772
31.684873, 0.067543, 7.429772
31.686587, 0.067543, 7.429772
31.688219, 0.067543, 7.429772
31.689807, 0.067543, 7.429772
31.691406, 0.067543, 7.429772
31.693002, 0.067543, 7.429772
31.694630, 0.067543, 7.429772
31.696275, 0.067543, 7.429772
31.697937, 0.067543, 7.429772
31.699599, 0.067543, 7.429772
31.701240, 0.067543, 7.429772
31.702860, 0.067543, 7.429772
31.704447, 0.064994, 7.149389
31.706032, 0.067543, 7.429772
31.707693, 0.067543, 7.429772
31.709384, 0.067543, 7.429772
31.711020, 0.067543, 7.429772
31.712674, 0.067543, 7.429772
31.714376, 0.067543, 7.429772
31.716031, 0.067543, 7.429772
31.717814, 0.067543, 7.429772
31.719519, 0.067543, 7.429772
31.721209, 0.064994, 7.149389
31.722809, 0.067543, 7.429772
31.724422, 0.067543, 7.429772
31.726056, 0.067543, 7.429772
31.728507, 0.067543, 7.429772
31.730950, 0.067543, 7.429772
31.732809, 0.067543, 7.429772
31.734597, 0.067543, 7.429772
31.736287, 0.067543, 7.429772
31.738214, 0.067543, 7.429772
31.740049, 0.067543, 7.429772
31.742234, 0.067543, 7.429772
31.743866, 0.067543, 7.429772
31.745467, 0.067543, 7.429772
31.747137, 0.064994, 7.149389
31.748781, 0.067543, 7.429772
31.750407, 0.067543, 7.429772
31.752083, 0.067543, 7.429772
31.753672, 0.067543, 7.429772
31.755279, 0.067543, 7.429772
31.756903, 0.067543, 7.429772
31.758549, 0.067543, 7.429772
31.760158, 0.067543, 7.429772
31.761766, 0.067543, 7.429772
31.763493, 0.067543, 7.429772
31.765203, 0.067543, 7.429772
31.766910, 0.067543, 7.429772
31.768556, 0.067543, 7.429772
31.770231, 0.067543, 7.429772
31.771915, 0.067543, 7.429772
31.773518, 0.067543, 7.429772
31.775118, 0.067543, 7.429772
31.776710, 0.067543, 7.429772
31.779226, 0.064994, 7.149389
31.781244, 0.067543, 7.429772
31.782923, 0.067543, 7.429772
31.784645, 0.067543, 7.429772
31.786245, 0.067543, 7.429772
31.787840, 0.064994, 7.149389
31.789592, 0.067543, 7.429772
31.791257, 0.067543, 7.429772
31.792919, 0.067543, 7.429772
31.794582, 0.067543, 7.429772
31.796213, 0.067543, 7.429772
31.797901, 0.067543, 7.429772
31.799623, 0.067543, 7.429772
31.801399, 0.067543, 7.429772
31.803114, 0.064994, 7.149389
31.804726, 0.064994, 7.149389
31.806344, 0.067543, 7.429772
31.807950, 0.067543, 7.429772
31.809752, 0.067543, 7.429772
31.811419, 0.067543, 7.429772
31.813128, 0.067543, 7.429772
31.814805, 0.067543, 7.429772
31.816520, 0.067543, 7.429772
31.818157, 0.067543, 7.429772
31.820846, 0.067543, 7.429772
31.822494, 0.067543, 7.429772
31.824211, 0.067543, 7.429772
31.825806, 0.067543, 7.429772
31.827399, 0.067543, 7.429772
31.828992, 0.067543, 7.429772
31.831956, 0.067543, 7.429772
31.833734, 0.067543, 7.429772
31.835374, 0.067543, 7.429772
31.837022, 0.067543, 7.429772
31.838745, 0.067543, 7.429772
31.840580, 0.067543, 7.429772
31.842245, 0.067543, 7.429772
31.843947, 0.067543, 7.429772
31.845566, 0.067543, 7.429772
31.847205, 0.067543, 7.429772
31.848901, 0.067543, 7.429772
31.850557, 0.064994, 7.149389
31.852153, 0.067543, 7.429772
31.853740, 0.064994, 7.149389
31.855316, 0.067543, 7.429772
31.856886, 0.067543, 7.429772
31.858459, 0.067543, 7.429772
31.860042, 0.067543, 7.429772
31.861765, 0.067543, 7.429772
31.863428, 0.067543, 7.429772
31.865113, 0.067543, 7.429772
31.867270, 0.067543, 7.429772
31.870309, 0.067543, 7.429772
31.872443, 0.067543, 7.429772
31.874269, 0.067543, 7.429772
31.876130, 0.067543, 7.429772
31.878015, 0.067543, 7.429772
31.879872, 0.067543, 7.429772
31.881737, 0.067543, 7.429772
31.883546, 0.067543, 7.429772
31.885315, 0.067543, 7.429772
31.887047, 0.067543, 7.429772
31.888765, 0.067543, 7.429772
31.890475, 0.067543, 7.429772
31.892619, 0.067543, 7.429772
31.894582, 0.067543, 7.429772
31.896441, 0.067543, 7.429772
31.898270, 0.067543, 7.429772
31.900047, 0.067543, 7.429772
31.901867, 0.067543, 7.429772
31.903564, 0.067543, 7.429772
31.905257, 0.067543, 7.429772
31.906995, 0.067543, 7.429772
31.908689, 0.067543, 7.429772
31.910389, 0.067543, 7.429772
31.912009, 0.067543, 7.429772
31.914825, 0.067543, 7.429772
31.916557, 0.067543, 7.429772
31.918724, 0.067543, 7.429772
31.920354, 0.067543, 7.429772
31.921995, 0.067543, 7.429772
31.925650, 0.067543, 7.429772
31.927349, 0.067543, 7.429772
31.928991, 0.067543, 7.429772
31.930714, 0.067543, 7.429772
31.932384, 0.067543, 7.429772
31.934047, 0.064994, 7.149389
31.935639, 0.067543, 7.429772
31.937228, 0.067543, 7.429772
31.938795, 0.067543, 7.429772
31.940583, 0.067543, 7.429772
31.942242, 0.067543, 7.429772
31.943976, 0.067543, 7.429772
31.945875, 0.067543, 7.429772
31.947751, 0.067543, 7.429772
31.949650, 0.067543, 7.429772
31.951463, 0.067543, 7.429772
31.953243, 0.067543, 7.429772
31.955053, 0.064994, 7.149389
31.956796, 0.067543, 7.429772
31.958504, 0.067543, 7.429772
31.960259, 0.067543, 7.429772
31.962004, 0.067543, 7.429772
31.964079, 0.067543, 7.429772
31.965837, 0.067543, 7.429772
31.967509, 0.067543, 7.429772
31.969185, 0.067543, 7.429772
31.971031, 0.067543, 7.429772
31.972742, 0.067543, 7.429772
31.974422, 0.064994, 7.149389
31.976040, 0.067543, 7.429772
31.977645, 0.064994, 7.149389
31.979364, 0.067543, 7.429772
31.981317, 0.067543, 7.429772
31.983083, 0.067543, 7.429772
31.984856, 0.067543, 7.429772
31.986549, 0.067543, 7.429772
31.988278, 0.067543, 7.429772
31.989872, 0.067543, 7.429772
31.991759, 0.067543, 7.429772
31.993515, 0.067543, 7.429772
31.995162, 0.067543, 7.429772
31.996831, 0.067543, 7.429772
31.998462, 0.067543, 7.429772
32.000159, 0.067543, 7.429772
32.001827, 0.067543, 7.429772
32.003555, 0.067543, 7.429772
32.005208, 0.067543, 7.429772
32.006802, 0.067543, 7.429772
32.008398, 0.067543, 7.429772
32.009972, 0.067543, 7.429772
32.011564, 0.067543, 7.429772
32.013316, 0.067543, 7.429772
32.015054, 0.067543, 7.429772
32.016739, 0.067543, 7.429772
32.018469, 0.067543, 7.429772
32.020069, 0.067543, 7.429772
32.021680, 0.067543, 7.429772
32.024446, 0.067543, 7.429772
32.026102, 0.067543, 7.429772
32.027699, 0.067543, 7.429772
32.029286, 0.067543, 7.429772
32.030974, 0.067543, 7.429772
32.032649, 0.067543, 7.429772
32.034439, 0.067543, 7.429772
32.036149, 0.067543, 7.429772
32.037751, 0.067543, 7.429772
32.039338, 0.064994, 7.149389
32.040909, 0.067543, 7.429772
32.042563, 0.064994, 7.149389
32.044190, 0.067543, 7.429772
32.045910, 0.064994, 7.149389
32.047595, 0.067543, 7.429772
32.049314, 0.067543, 7.429772
32.050962, 0.067543, 7.429772
32.052580, 0.067543, 7.429772
32.054273, 0.067543, 7.429772
32.055895, 0.067543, 7.429772
32.057530, 0.067543, 7.429772
32.059190, 0.064994, 7.149389
32.060885, 0.067543, 7.429772
32.062487, 0.067543, 7.429772
32.065349, 0.067543, 7.429772
32.067039, 0.067543, 7.429772
32.068749, 0.067543, 7.429772
32.070334, 0.064994, 7.149389
32.071922, 0.067543, 7.429772
32.073591, 0.067543, 7.429772
32.075267, 0.067543, 7.429772
32.076959, 0.067543, 7.429772
32.078541, 0.067543, 7.429772
32.080194, 0.067543, 7.429772
32.081862, 0.067543, 7.429772
32.083650, 0.067543, 7.429772
32.085284, 0.067543, 7.429772
32.086984, 0.067543, 7.429772
32.088623, 0.067543, 7.429772
32.090212, 0.067543, 7.429772
32.092276, 0.067543, 7.429772
32.093879, 0.067543, 7.429772
32.095533, 0.067543, 7.429772
32.097196, 0.067543, 7.429772
32.098828, 0.067543, 7.429772
32.100542, 0.067543, 7.429772
32.102236, 0.067543, 7.429772
32.104017, 0.067543, 7.429772
32.107497, 0.067543, 7.429772
32.109245, 0.067543, 7.429772
32.110908, 0.064994, 7.149389
32.112633, 0.067543, 7.429772
32.114277, 0.067543, 7.429772
32.115896, 0.067543, 7.429772
32.117612, 0.067543, 7.429772
32.119237, 0.067543, 7.429772
32.120824, 0.067543, 7.429772
32.122405, 0.067543, 7.429772
32.123984, 0.064994, 7.149389
32.125558, 0.067543, 7.429772
32.128196, 0.064994, 7.149389
32.130295, 0.067543, 7.429772
32.131999, 0.067543, 7.429772
32.133685, 0.067543, 7.429772
32.135378, 0.067543, 7.429772
32.137035, 0.067543, 7.429772
32.138690, 0.067543, 7.429772
32.140408, 0.067543, 7.429772
32.141981, 0.067543, 7.429772
32.143561, 0.067543, 7.429772
32.145146, 0.067543, 7.429772
32.147181, 0.067543, 7.429772
32.148923, 0.067543, 7.429772
32.150637, 0.064994, 7.149389
32.152223, 0.067543, 7.429772
32.153804, 0.067543, 7.429772
32.155434, 0.067543, 7.429772
32.157079, 0.067543, 7.429772
32.158758, 0.067543, 7.429772
32.160441, 0.067543, 7.429772
32.162018, 0.067543, 7.429772
32.163667, 0.067543, 7.429772
32.165284, 0.067543, 7.429772
32.167084, 0.067543, 7.429772
32.168787, 0.067543, 7.429772
32.170561, 0.067543, 7.429772
32.172142, 0.067543, 7.429772
32.173734, 0.067543, 7.429772
32.175318, 0.067543, 7.429772
32.176932, 0.067543, 7.429772
32.178680, 0.067543, 7.429772
32.180415, 0.064994, 7.149389
32.182052, 0.067543, 7.429772
32.183782, 0.067543, 7.429772
32.185448, 0.067543, 7.429772
32.187088, 0.067543, 7.429772
32.188809, 0.067543, 7.429772
32.190513, 0.067543, 7.429772
32.192092, 0.067543, 7.429772
32.193698, 0.067543, 7.429772
32.195315, 0.067543, 7.429772
32.198902, 0.067543, 7.429772
32.200612, 0.064994, 7.149389
32.202309, 0.067543, 7.429772
32.203879, 0.067543, 7.429772
32.205462, 0.067543, 7.429772
32.207107, 0.067543, 7.429772
32.208734, 0.067543, 7.429772
32.210442, 0.067543, 7.429772
32.212076, 0.067543, 7.429772
32.214903, 0.067543, 7.429772
32.216561, 0.067543, 7.429772
32.218285, 0.067543, 7.429772
32.219930, 0.067543, 7.429772
32.221612, 0.067543, 7.429772
32.223192, 0.067543, 7.429772
32.224773, 0.067543, 7.429772
32.226351, 0.067543, 7.429772
32.227979, 0.067543, 7.429772
32.229651, 0.067543, 7.429772
32.232621, 0.067543, 7.429772
32.234324, 0.067543, 7.429772
32.235996, 0.067543, 7.429772
32.238151, 0.067543, 7.429772
32.240282, 0.067543, 7.429772
32.241932, 0.067543, 7.429772
32.243534, 0.067543, 7.429772
32.245114, 0.067543, 7.429772
32.246738, 0.067543, 7.429772
32.248424, 0.067543, 7.429772
32.250104, 0.067543, 7.429772
32.251802, 0.067543, 7.429772
32.253435, 0.067543, 7.429772
32.255023, 0.067543, 7.429772
32.256591, 0.067543, 7.429772
32.258415, 0.067543, 7.429772
32.262189, 0.067543, 7.429772
32.264511, 0.067543, 7.429772
32.266337, 0.067543, 7.429772
32.268034, 0.067543, 7.429772
32.270136, 0.067543, 7.429772
32.271777, 0.067543, 7.429772
32.273469, 0.067543, 7.429772
32.275110, 0.067543, 7.429772
32.276708, 0.067543, 7.429772
32.278284, 0.067543, 7.429772
32.280166, 0.067543, 7.429772
32.282409, 0.067543, 7.429772
32.284078, 0.067543, 7.429772
32.285769, 0.067543, 7.429772
32.287356, 0.067543, 7.429772
32.288919, 0.067543, 7.429772
32.290502, 0.067543, 7.429772
32.292092, 0.067543, 7.429772
32.293673, 0.067543, 7.429772
32.295252, 0.067543, 7.429772
32.297728, 0.067543, 7.429772
32.299750, 0.067543, 7.429772
32.301465, 0.067543, 7.429772
32.303059, 0.064994, 7.149389
32.304646, 0.067543, 7.429772
32.306601, 0.067543, 7.429772
32.308242, 0.067543, 7.429772
32.309846, 0.067543, 7.429772
32.311413, 0.064994, 7.149389
32.313339, 0.067543, 7.429772
32.315198, 0.067543, 7.429772
32.317043, 0.067543, 7.429772
32.318743, 0.067543, 7.429772
32.320465, 0.067543, 7.429772
32.322122, 0.064994, 7.149389
32.323780, 0.067543, 7.429772
32.325363, 0.067543, 7.429772
32.327008, 0.067543, 7.429772
32.328700, 0.067543, 7.429772
32.331639, 0.067543, 7.429772
32.333316, 0.067543, 7.429772
32.334988, 0.067543, 7.429772
32.336978, 0.067543, 7.429772
32.339384, 0.067543, 7.429772
32.341141, 0.067543, 7.429772
32.342872, 0.064994, 7.149389
32.344514, 0.067543, 7.429772
32.346148, 0.067543, 7.429772
32.348695, 0.067543, 7.429772
32.350355, 0.067543, 7.429772
32.351996, 0.067543, 7.429772
32.353608, 0.067543, 7.429772
32.355273, 0.067543, 7.429772
32.356941, 0.067543, 7.429772
32.358588, 0.067543, 7.429772
32.360197, 0.067543, 7.429772
32.361847, 0.067543, 7.429772
32.363861, 0.067543, 7.429772
32.365919, 0.067543, 7.429772
32.367675, 0.064994, 7.149389
32.369358, 0.067543, 7.429772
32.371009, 0.067543, 7.429772
32.372715, 0.067543, 7.429772
32.374307, 0.067543, 7.429772
32.375898, 0.067543, 7.429772
32.377577, 0.067543, 7.429772
32.379928, 0.067543, 7.429772
32.382129, 0.067543, 7.429772
32.383804, 0.067543, 7.429772
32.385398, 0.067543, 7.429772
32.386982, 0.067543, 7.429772
32.388653, 0.067543, 7.429772
32.390307, 0.067543, 7.429772
32.392003, 0.067543, 7.429772
32.393593, 0.067543, 7.429772
32.395184, 0.067543, 7.429772
32.398061, 0.067543, 7.429772
32.399859, 0.067543, 7.429772
32.401597, 0.067543, 7.429772
32.403327, 0.067543, 7.429772
32.404911, 0.067543, 7.429772
32.406502, 0.067543, 7.429772
32.408093, 0.067543, 7.429772
32.409814, 0.067543, 7.429772
32.411409, 0.067543, 7.429772
32.413013, 0.067543, 7.429772
32.415766, 0.067543, 7.429772
32.417409, 0.067543, 7.429772
32.419804, 0.067543, 7.429772
32.422038, 0.067543, 7.429772
32.423816, 0.067543, 7.429772
32.425534, 0.067543, 7.429772
32.427155, 0.067543, 7.429772
32.428750, 0.067543, 7.429772
32.430735, 0.067543, 7.429772
32.432654, 0.067543, 7.429772
32.434313, 0.067543, 7.429772
32.436020, 0.067543, 7.429772
32.437608, 0.067543, 7.429772
32.439185, 0.067543, 7.429772
32.440789, 0.067543, 7.429772
32.442417, 0.067543, 7.429772
32.444003, 0.067543, 7.429772
32.445648, 0.067543, 7.429772
32.448495, 0.064994, 7.149389
32.450351, 0.067543, 7.429772
32.452099, 0.067543, 7.429772
32.453750, 0.067543, 7.429772
32.455407, 0.067543, 7.429772
32.457081, 0.067543, 7.429772
32.458762, 0.067543, 7.429772
32.460498, 0.067543, 7.429772
32.465122, 0.064994, 7.149389
32.468740, 0.067543, 7.429772
32.471021, 0.067543, 7.429772
32.473067, 0.067543, 7.429772
32.475035, 0.067543, 7.429772
32.476793, 0.064994, 7.149389
32.478541, 0.067543, 7.429772
32.481076, 0.067543, 7.429772
32.482867, 0.067543, 7.429772
32.484923, 0.067543, 7.429772
32.486730, 0.067543, 7.429772
32.488464, 0.067543, 7.429772
32.490073, 0.067543, 7.429772
32.491684, 0.067543, 7.429772
32.493281, 0.067543, 7.429772
32.495184, 0.067543, 7.429772
32.497092, 0.067543, 7.429772
32.498749, 0.067543, 7.429772
32.500405, 0.067543, 7.429772
32.502124, 0.064994, 7.149389
32.503775, 0.067543, 7.429772
32.505642, 0.067543, 7.429772
32.507360, 0.067543, 7.429772
32.508957, 0.067543, 7.429772
32.510541, 0.067543, 7.429772
32.512137, 0.067543, 7.429772
32.514033, 0.067543, 7.429772
32.515798, 0.067543, 7.429772
32.517611, 0.067543, 7.429772
32.519314, 0.067543, 7.429772
32.520921, 0.067543, 7.429772
32.522524, 0.064994, 7.149389
32.524119, 0.067543, 7.429772
32.525813, 0.067543, 7.429772
32.527438, 0.067543, 7.429772
32.529395, 0.067543, 7.429772
32.531326, 0.067543, 7.429772
32.532991, 0.067543, 7.429772
32.534718, 0.064994, 7.149389
32.536434, 0.067543, 7.429772
32.538058, 0.067543, 7.429772
32.539707, 0.067543, 7.429772
32.541359, 0.067543, 7.429772
32.543084, 0.067543, 7.429772
32.544693, 0.067543, 7.429772
32.547563, 0.067543, 7.429772
32.549229, 0.067543, 7.429772
32.550916, 0.067543, 7.429772
32.552519, 0.067543, 7.429772
32.554116, 0.067543, 7.429772
32.555824, 0.067543, 7.429772
32.557504, 0.067543, 7.429772
32.559200, 0.067543, 7.429772
32.560774, 0.067543, 7.429772
32.562368, 0.067543, 7.429772
32.565058, 0.064994, 7.149389
32.566792, 0.067543, 7.429772
32.568501, 0.067543, 7.429772
32.570183, 0.067543, 7.429772
32.571840, 0.067543, 7.429772
32.573533, 0.067543, 7.429772
32.575227, 0.067543, 7.429772
32.576913, 0.067543, 7.429772
32.578590, 0.067543, 7.429772
32.581286, 0.067543, 7.429772
32.582961, 0.067543, 7.429772
32.584639, 0.067543, 7.429772
32.586306, 0.067543, 7.429772
32.587907, 0.067543, 7.429772
32.589497, 0.067543, 7.429772
32.591092, 0.067543, 7.429772
32.592674, 0.067543, 7.429772
32.594236, 0.067543, 7.429772
32.595825, 0.064994, 7.149389
32.597733, 0.067543, 7.429772
32.599508, 0.067543, 7.429772
32.601231, 0.067543, 7.429772
32.602902, 0.067543, 7.429772
32.604493, 0.067543, 7.429772
32.606064, 0.067543, 7.429772
32.607785, 0.067543, 7.429772
32.609493, 0.067543, 7.429772
32.611142, 0.067543, 7.429772
32.613625, 0.067543, 7.429772
32.615587, 0.067543, 7.429772
32.617260, 0.064994, 7.149389
32.619072, 0.067543, 7.429772
32.620855, 0.067543, 7.429772
32.622567, 0.067543, 7.429772
32.624321, 0.067543, 7.429772
32.626022, 0.067543, 7.429772
32.627866, 0.067543, 7.429772
32.630930, 0.067543, 7.429772
32.632727, 0.067543, 7.429772
32.634443, 0.067543, 7.429772
32.636119, 0.067543, 7.429772
32.637927, 0.067543, 7.429772
32.639610, 0.067543, 7.429772
32.641415, 0.067543, 7.429772
32.643065, 0.067543, 7.429772
32.644700, 0.067543, 7.429772
32.647241, 0.067543, 7.429772
32.648906, 0.067543, 7.429772
32.650518, 0.067543, 7.429772
32.652148, 0.067543, 7.429772
32.653772, 0.067543, 7.429772
32.655381, 0.067543, 7.429772
32.657022, 0.067543, 7.429772
32.658652, 0.067543, 7.429772
32.660328, 0.067543, 7.429772
32.662126, 0.067543, 7.429772
32.664596, 0.067543, 7.429772
32.666428, 0.067543, 7.429772
32.668400, 0.067543, 7.429772
32.670181, 0.067543, 7.429772
32.671843, 0.067543, 7.429772
32.673537, 0.067543, 7.429772
32.675169, 0.067543, 7.429772
32.676806, 0.067543, 7.429772
32.678521, 0.067543, 7.429772
32.680347, 0.067543, 7.429772
32.681998, 0.067543, 7.429772
32.683690, 0.067543, 7.429772
32.685355, 0.067543, 7.429772
32.686954, 0.067543, 7.429772
32.688599, 0.067543, 7.429772
32.690216, 0.067543, 7.429772
32.691821, 0.067543, 7.429772
32.693419, 0.067543, 7.429772
32.695028, 0.067543, 7.429772
32.696673, 0.067543, 7.429772
32.698442, 0.067543, 7.429772
32.700141, 0.067543, 7.429772
32.701855, 0.067543, 7.429772
32.703659, 0.067543, 7.429772
32.705250, 0.067543, 7.429772
32.706854, 0.067543, 7.429772
32.708544, 0.067543, 7.429772
32.710182, 0.067543, 7.429772
32.711884, 0.067543, 7.429772
32.714791, 0.067543, 7.429772
32.716466, 0.067543, 7.429772
32.718233, 0.067543, 7.429772
32.719899, 0.067543, 7.429772
32.721573, 0.067543, 7.429772
32.723249, 0.067543, 7.429772
32.724891, 0.067543, 7.429772
32.726485, 0.067543, 7.429772
32.728615, 0.067543, 7.429772
32.731194, 0.067543, 7.429772
32.733014, 0.067543, 7.429772
32.734698, 0.067543, 7.429772
32.736302, 0.067543, 7.429772
32.737966, 0.067543, 7.429772
32.739634, 0.067543, 7.429772
32.741285, 0.067543, 7.429772
32.742999, 0.067543, 7.429772
32.744582, 0.067543, 7.429772
32.747123, 0.067543, 7.429772
32.749870, 0.067543, 7.429772
32.751997, 0.067543, 7.429772
32.753755, 0.064994, 7.149389
32.755356, 0.067543, 7.429772
32.756959, 0.067543, 7.429772
32.758602, 0.067543, 7.429772
32.760290, 0.067543, 7.429772
32.761910, 0.067543, 7.429772
32.763692, 0.067543, 7.429772
32.765343, 0.067543, 7.429772
32.767028, 0.067543, 7.429772
32.768832, 0.067543, 7.429772
32.770546, 0.067543, 7.429772
32.772217, 0.067543, 7.429772
32.773938, 0.067543, 7.429772
32.775536, 0.067543, 7.429772
32.777127, 0.067543, 7.429772
32.778716, 0.067543, 7.429772
32.781693, 0.067543, 7.429772
32.783408, 0.067543, 7.429772
32.785162, 0.067543, 7.429772
32.786764, 0.067543, 7.429772
32.788335, 0.067543, 7.429772
32.789986, 0.067543, 7.429772
32.791712, 0.067543, 7.429772
32.793357, 0.067543, 7.429772
32.794939, 0.067543, 7.429772
32.796555, 0.067543, 7.429772
32.798235, 0.067543, 7.429772
32.800006, 0.067543, 7.429772
32.801851, 0.067543, 7.429772
32.803580, 0.067543, 7.429772
32.805268, 0.070092, 7.710155
32.807361, 0.067543, 7.429772
32.809035, 0.067543, 7.429772
32.810910, 0.067543, 7.429772
32.813548, 0.064994, 7.149389
32.815400, 0.067543, 7.429772
32.817090, 0.067543, 7.429772
32.818742, 0.067543, 7.429772
32.820394, 0.067543, 7.429772
32.822027, 0.067543, 7.429772
32.823690, 0.067543, 7.429772
32.825336, 0.067543, 7.429772
32.826918, 0.067543, 7.429772
32.828505, 0.067543, 7.429772
32.830239, 0.067543, 7.429772
32.833264, 0.067543, 7.429772
32.835075, 0.067543, 7.429772
32.836794, 0.067543, 7.429772
32.838405, 0.067543, 7.429772
32.839977, 0.067543, 7.429772
32.841777, 0.067543, 7.429772
32.843419, 0.067543, 7.429772
32.845041, 0.067543, 7.429772
32.847348, 0.067543, 7.429772
32.848976, 0.067543, 7.429772
32.850575, 0.067543, 7.429772
32.852302, 0.067543, 7.429772
32.853966, 0.067543, 7.429772
32.855570, 0.067543, 7.429772
32.857168, 0.067543, 7.429772
32.858741, 0.067543, 7.429772
32.860333, 0.067543, 7.429772
32.863015, 0.067543, 7.429772
32.865579, 0.067543, 7.429772
32.867342, 0.067543, 7.429772
32.869014, 0.067543, 7.429772
32.870622, 0.067543, 7.429772
32.872221, 0.067543, 7.429772
32.873809, 0.067543, 7.429772
32.875401, 0.067543, 7.429772
32.877033, 0.067543, 7.429772
32.878626, 0.067543, 7.429772
32.880693, 0.067543, 7.429772
32.882890, 0.067543, 7.429772
32.884565, 0.067543, 7.429772
32.886157, 0.067543, 7.429772
32.887747, 0.067543, 7.429772
32.889321, 0.067543, 7.429772
32.890906, 0.067543, 7.429772
32.892968, 0.067543, 7.429772
32.894836, 0.067543, 7.429772
32.896759, 0.070092, 7.710155
32.898514, 0.067543, 7.429772
32.900155, 0.067543, 7.429772
32.901789, 0.067543, 7.429772
32.903427, 0.067543, 7.429772
32.905078, 0.067543, 7.429772
32.906725, 0.067543, 7.429772
32.908362, 0.067543, 7.429772
32.910052, 0.067543, 7.429772
32.911805, 0.067543, 7.429772
32.913916, 0.067543, 7.429772
32.915605, 0.067543, 7.429772
32.917307, 0.067543, 7.429772
32.918916, 0.067543, 7.429772
32.920509, 0.067543, 7.429772
32.922086, 0.067543, 7.429772
32.923791, 0.067543, 7.429772
32.925403, 0.067543, 7.429772
32.927021, 0.067543, 7.429772
32.929457, 0.067543, 7.429772
32.931256, 0.067543, 7.429772
32.932922, 0.067543, 7.429772
32.934648, 0.067543, 7.429772
32.936316, 0.067543, 7.429772
32.937990, 0.067543, 7.429772
32.939584, 0.067543, 7.429772
32.941161, 0.067543, 7.429772
32.942737, 0.067543, 7.429772
32.945357, 0.067543, 7.429772
32.947613, 0.067543, 7.429772
32.949433, 0.067543, 7.429772
32.951191, 0.067543, 7.429772
32.952815, 0.067543, 7.429772
32.954400, 0.067543, 7.429772
32.956001, 0.067543, 7.429772
32.957597, 0.067543, 7.429772
32.959184, 0.067543, 7.429772
32.960875, 0.067543, 7.429772
32.962878, 0.067543, 7.429772
32.964787, 0.067543, 7.429772
32.966637, 0.067543, 7.429772
32.968467, 0.070092, 7.710155
32.970130, 0.067543, 7.429772
32.971781, 0.067543, 7.429772
32.973485, 0.067543, 7.429772
32.975189, 0.067543, 7.429772
32.976848, 0.067543, 7.429772
32.978524, 0.067543, 7.429772
32.980493, 0.067543, 7.429772
32.982361, 0.067543, 7.429772
32.984522, 0.067543, 7.429772
32.986132, 0.067543, 7.429772
32.987725, 0.067543, 7.429772
32.989347, 0.067543, 7.429772
32.990972, 0.067543, 7.429772
32.992765, 0.067543, 7.429772
32.994491, 0.067543, 7.429772
32.996205, 0.067543, 7.429772
32.997951, 0.067543, 7.429772
32.999611, 0.067543, 7.429772
33.001691, 0.067543, 7.429772
33.003359, 0.067543, 7.429772
33.004973, 0.067543, 7.429772
33.006568, 0.067543, 7.429772
33.008165, 0.067543, 7.429772
33.009852, 0.067543, 7.429772
33.011496, 0.067543, 7.429772
33.013260, 0.067543, 7.429772
33.015016, 0.067543, 7.429772
33.016693, 0.067543, 7.429772
33.018363, 0.067543, 7.429772
33.020008, 0.067543, 7.429772
33.021627, 0.067543, 7.429772
33.023199, 0.067543, 7.429772
33.024786, 0.067543, 7.429772
33.026365, 0.067543, 7.429772
33.027954, 0.067543, 7.429772
33.029743, 0.067543, 7.429772
33.031780, 0.067543, 7.429772
33.033429, 0.070092, 7.710155
33.035154, 0.067543, 7.429772
33.036746, 0.067543, 7.429772
33.038410, 0.067543, 7.429772
33.039994, 0.067543, 7.429772
33.041656, 0.067543, 7.429772
33.043290, 0.067543, 7.429772
33.044966, 0.067543, 7.429772
33.046700, 0.067543, 7.429772
33.048341, 0.067543, 7.429772
33.050034, 0.067543, 7.429772
33.051727, 0.067543, 7.429772
33.053390, 0.067543, 7.429772
33.055042, 0.067543, 7.429772
33.056624, 0.067543, 7.429772
33.058209, 0.067543, 7.429772
33.059771, 0.067543, 7.429772
33.061424, 0.070092, 7.710155
33.063421, 0.067543, 7.429772
33.066002, 0.067543, 7.429772
33.067784, 0.067543, 7.429772
33.069388, 0.067543, 7.429772
33.071096, 0.067543, 7.429772
33.072727, 0.067543, 7.429772
33.074342, 0.067543, 7.429772
33.076059, 0.067543, 7.429772
33.077737, 0.067543, 7.429772
33.079482, 0.067543, 7.429772
33.081256, 0.067543, 7.429772
33.082957, 0.067543, 7.429772
33.084694, 0.067543, 7.429772
33.086265, 0.067543, 7.429772
33.087847, 0.067543, 7.429772
33.089434, 0.067543, 7.429772
33.091012, 0.067543, 7.429772
33.092739, 0.067543, 7.429772
33.094304, 0.067543, 7.429772
33.095889, 0.070092, 7.710155
33.098160, 0.067543, 7.429772
33.099816, 0.067543, 7.429772
33.101489, 0.067543, 7.429772
33.104454, 0.067543, 7.429772
33.106245, 0.067543, 7.429772
33.108107, 0.070092, 7.710155
33.109786, 0.070092, 7.710155
33.111407, 0.067543, 7.429772
33.113233, 0.067543, 7.429772
33.114918, 0.067543, 7.429772
33.116575, 0.067543, 7.429772
33.118430, 0.067543, 7.429772
33.120016, 0.067543, 7.429772
33.121598, 0.070092, 7.710155
33.123337, 0.070092, 7.710155
33.124935, 0.067543, 7.429772
33.126527, 0.070092, 7.710155
33.128113, 0.067543, 7.429772
33.129908, 0.067543, 7.429772
33.131663, 0.067543, 7.429772
33.133404, 0.067543, 7.429772
33.135007, 0.067543, 7.429772
33.136598, 0.067543, 7.429772
33.138174, 0.067543, 7.429772
33.139741, 0.067543, 7.429772
33.141320, 0.067543, 7.429772
33.142965, 0.067543, 7.429772
33.145078, 0.067543, 7.429772
33.146981, 0.067543, 7.429772
33.148663, 0.067543, 7.429772
33.150397, 0.067543, 7.429772
33.152077, 0.067543, 7.429772
33.154001, 0.067543, 7.429772
33.156399, 0.067543, 7.429772
33.158097, 0.067543, 7.429772
33.159714, 0.067543, 7.429772
33.161306, 0.070092, 7.710155
33.163039, 0.067543, 7.429772
33.164727, 0.067543, 7.429772
33.166367, 0.067543, 7.429772
33.168353, 0.067543, 7.429772
33.170063, 0.067543, 7.429772
33.171739, 0.067543, 7.429772
33.173341, 0.067543, 7.429772
33.175008, 0.067543, 7.429772
33.176606, 0.067543, 7.429772
33.178193, 0.067543, 7.429772
33.179950, 0.067543, 7.429772
33.181643, 0.067543, 7.429772
33.183298, 0.067543, 7.429772
33.185037, 0.070092, 7.710155
33.186633, 0.067543, 7.429772
33.188226, 0.067543, 7.429772
33.189881, 0.070092, 7.710155
33.191460, 0.067543, 7.429772
33.193040, 0.070092, 7.710155
33.194817, 0.067543, 7.429772
33.196579, 0.067543, 7.429772
33.198231, 0.067543, 7.429772
33.199921, 0.067543, 7.429772
33.201527, 0.067543, 7.429772
33.203125, 0.067543, 7.429772
33.204793, 0.067543, 7.429772
33.206416, 0.070092, 7.710155
33.208010, 0.067543, 7.429772
33.210781, 0.067543, 7.429772
33.212450, 0.067543, 7.429772
33.214317, 0.067543, 7.429772
33.216068, 0.067543, 7.429772
33.218043, 0.067543, 7.429772
33.219716, 0.067543, 7.429772
33.221299, 0.067543, 7.429772
33.222889, 0.067543, 7.429772
33.224476, 0.067543, 7.429772
33.226179, 0.070092, 7.710155
33.227756, 0.067543, 7.429772
33.229540, 0.067543, 7.429772
33.231278, 0.067543, 7.429772
33.232970, 0.067543, 7.429772
33.234634, 0.067543, 7.429772
33.236272, 0.067543, 7.429772
33.237846, 0.067543, 7.429772
33.239438, 0.070092, 7.710155
33.242049, 0.070092, 7.710155
33.243735, 0.067543, 7.429772
33.245590, 0.067543, 7.429772
33.247546, 0.067543, 7.429772
33.249286, 0.067543, 7.429772
33.250976, 0.067543, 7.429772
33.252552, 0.067543, 7.429772
33.254139, 0.067543, 7.429772
33.256077, 0.067543, 7.429772
33.257951, 0.067543, 7.429772
33.259600, 0.070092, 7.710155
33.261338, 0.067543, 7.429772
33.263079, 0.067543, 7.429772
33.264680, 0.067543, 7.429772
33.266449, 0.067543, 7.429772
33.268240, 0.070092, 7.710155
33.269980, 0.067543, 7.429772
33.271713, 0.067543, 7.429772
33.273309, 0.067543, 7.429772
33.274895, 0.067543, 7.429772
33.276903, 0.067543, 7.429772
33.279090, 0.067543, 7.429772
33.280772, 0.067543, 7.429772
33.282585, 0.070092, 7.710155
33.284249, 0.067543, 7.429772
33.285911, 0.067543, 7.429772
33.287504, 0.067543, 7.429772
33.289076, 0.067543, 7.429772
33.290645, 0.067543, 7.429772
33.292218, 0.067543, 7.429772
33.293793, 0.070092, 7.710155
33.295368, 0.067543, 7.429772
33.297328, 0.067543, 7.429772
33.299009, 0.067543, 7.429772
33.300726, 0.067543, 7.429772
33.302317, 0.067543, 7.429772
33.303924, 0.067543, 7.429772
33.305637, 0.067543, 7.429772
33.307696, 0.067543, 7.429772
33.309742, 0.070092, 7.710155
33.311399, 0.070092, 7.710155
33.313179, 0.070092, 7.710155
33.314829, 0.067543, 7.429772
33.316620, 0.067543, 7.429772
33.318524, 0.067543, 7.429772
33.320145, 0.067543, 7.429772
33.321716, 0.067543, 7.429772
33.323304, 0.067543, 7.429772
33.324894, 0.067543, 7.429772
33.326554, 0.067543, 7.429772
33.328627, 0.067543, 7.429772
33.330559, 0.067543, 7.429772
33.332253, 0.067543, 7.429772
33.333970, 0.067543, 7.429772
33.335562, 0.070092, 7.710155
33.337283, 0.067543, 7.429772
33.338880, 0.067543, 7.429772
33.340812, 0.067543, 7.429772
33.342847, 0.070092, 7.710155
33.344461, 0.067543, 7.429772
33.346273, 0.070092, 7.710155
33.347986, 0.067543, 7.429772
33.349677, 0.067543, 7.429772
33.351355, 0.067543, 7.429772
33.352950, 0.067543, 7.429772
33.354543, 0.067543, 7.429772
33.356190, 0.067543, 7.429772
33.358398, 0.067543, 7.429772
33.360045, 0.067543, 7.429772
33.361717, 0.070092, 7.710155
33.363432, 0.067543, 7.429772
33.365090, 0.070092, 7.710155
33.367016, 0.067543, 7.429772
33.368791, 0.070092, 7.710155
33.370512, 0.070092, 7.710155
33.372126, 0.067543, 7.429772
33.373724, 0.067543, 7.429772
33.375355, 0.067543, 7.429772
33.377136, 0.067543, 7.429772
33.378839, 0.070092, 7.710155
33.380591, 0.067543, 7.429772
33.382283, 0.070092, 7.710155
33.383961, 0.070092, 7.710155
33.385547, 0.067543, 7.429772
33.387187, 0.067543, 7.429772
33.388843, 0.067543, 7.429772
33.390493, 0.067543, 7.429772
33.392218, 0.067543, 7.429772
33.393802, 0.067543, 7.429772
33.395398, 0.067543, 7.429772
33.397297, 0.067543, 7.429772
33.398991, 0.070092, 7.710155
33.400702, 0.070092, 7.710155
33.402460, 0.067543, 7.429772
33.404073, 0.067543, 7.429772
33.405659, 0.067543, 7.429772
33.407259, 0.067543, 7.429772
33.408953, 0.067543, 7.429772
33.410588, 0.070092, 7.710155
33.412804, 0.067543, 7.429772
33.414625, 0.067543, 7.429772
33.416294, 0.067543, 7.429772
33.418083, 0.067543, 7.429772
33.419798, 0.070092, 7.710155
33.421500, 0.067543, 7.429772
33.423339, 0.070092, 7.710155
33.424999, 0.070092, 7.710155
33.426582, 0.070092, 7.710155
33.429035, 0.067543, 7.429772
33.431148, 0.070092, 7.710155
33.432932, 0.067543, 7.429772
33.434632, 0.067543, 7.429772
33.436234, 0.067543, 7.429772
33.437830, 0.067543, 7.429772
33.439471, 0.067543, 7.429772
33.441129, 0.067543, 7.429772
33.442809, 0.070092, 7.710155
33.444398, 0.067543, 7.429772
33.446001, 0.067543, 7.429772
33.447814, 0.070092, 7.710155
33.449641, 0.067543, 7.429772
33.451291, 0.067543, 7.429772
33.453015, 0.067543, 7.429772
33.454606, 0.067543, 7.429772
33.456201, 0.067543, 7.429772
33.457794, 0.070092, 7.710155
33.459635, 0.067543, 7.429772
33.461283, 0.067543, 7.429772
33.463083, 0.067543, 7.429772
33.464763, 0.067543, 7.429772
33.466467, 0.067543, 7.429772
33.468081, 0.067543, 7.429772
33.469940, 0.067543, 7.429772
33.472264, 0.067543, 7.429772
33.474430, 0.067543, 7.429772
33.476099, 0.067543, 7.429772
33.477709, 0.067543, 7.429772
33.479312, 0.067543, 7.429772
33.481972, 0.067543, 7.429772
33.483991, 0.067543, 7.429772
33.485743, 0.067543, 7.429772
33.487344, 0.067543, 7.429772
33.488930, 0.067543, 7.429772
33.490524, 0.067543, 7.429772
33.492118, 0.067543, 7.429772
33.493714, 0.067543, 7.429772
33.495284, 0.070092, 7.710155
33.497796, 0.067543, 7.429772
33.499667, 0.067543, 7.429772
33.501400, 0.067543, 7.429772
33.503496, 0.070092, 7.710155
33.505111, 0.067543, 7.429772
33.506712, 0.067543, 7.429772
33.508303, 0.070092, 7.710155
33.509875, 0.067543, 7.429772
33.511728, 0.070092, 7.710155
33.513723, 0.067543, 7.429772
33.515496, 0.070092, 7.710155
33.517165, 0.067543, 7.429772
33.518773, 0.070092, 7.710155
33.520354, 0.067543, 7.429772
33.521945, 0.067543, 7.429772
33.523535, 0.067543, 7.429772
33.525125, 0.067543, 7.429772
33.526765, 0.067543, 7.429772
33.528412, 0.067543, 7.429772
33.530108, 0.070092, 7.710155
33.531740, 0.067543, 7.429772
33.533446, 0.067543, 7.429772
33.535039, 0.067543, 7.429772
33.536613, 0.070092, 7.710155
33.538204, 0.070092, 7.710155
33.539940, 0.067543, 7.429772
33.541574, 0.067543, 7.429772
33.543268, 0.067543, 7.429772
33.544854, 0.067543, 7.429772
33.546725, 0.067543, 7.429772
33.548760, 0.067543, 7.429772
33.550486, 0.067543, 7.429772
33.552097, 0.070092, 7.710155
33.553729, 0.067543, 7.429772
33.555350, 0.070092, 7.710155
33.557002, 0.070092, 7.710155
33.558743, 0.067543, 7.429772
33.561572, 0.067543, 7.429772
33.563443, 0.067543, 7.429772
33.565293, 0.070092, 7.710155
33.566959, 0.067543, 7.429772
33.568576, 0.067543, 7.429772
33.570353, 0.067543, 7.429772
33.572045, 0.070092, 7.710155
33.573650, 0.067543, 7.429772
33.575258, 0.067543, 7.429772
33.576890, 0.067543, 7.429772
33.578547, 0.070092, 7.710155
33.581646, 0.067543, 7.429772
33.583427, 0.067543, 7.429772
33.585193, 0.067543, 7.429772
33.586931, 0.067543, 7.429772
33.588550, 0.067543, 7.429772
33.590128, 0.067543, 7.429772
33.591742, 0.067543, 7.429772
33.593381, 0.067543, 7.429772
33.595105, 0.067543, 7.429772
33.596829, 0.067543, 7.429772
33.598474, 0.067543, 7.429772
33.600111, 0.070092, 7.710155
33.601979, 0.067543, 7.429772
33.603743, 0.070092, 7.710155
33.605436, 0.067543, 7.429772
33.607028, 0.070092, 7.710155
33.608613, 0.067543, 7.429772
33.610193, 0.067543, 7.429772
33.611807, 0.067543, 7.429772
33.613490, 0.067543, 7.429772
33.615125, 0.067543, 7.429772
33.616921, 0.067543, 7.429772
33.618527, 0.067543, 7.429772
33.620092, 0.070092, 7.710155
33.621674, 0.067543, 7.429772
33.623431, 0.067543, 7.429772
33.625080, 0.070092, 7.710155
33.626705, 0.067543, 7.429772
33.628332, 0.067543, 7.429772
33.630546, 0.067543, 7.429772
33.632344, 0.067543, 7.429772
33.634025, 0.067543, 7.429772
33.635638, 0.067543, 7.429772
33.637250, 0.067543, 7.429772
33.638860, 0.067543, 7.429772
33.640465, 0.070092, 7.710155
33.642164, 0.067543, 7.429772
33.643800, 0.070092, 7.710155
33.645680, 0.067543, 7.429772
33.648448, 0.067543, 7.429772
33.650252, 0.067543, 7.429772
33.652094, 0.067543, 7.429772
33.653768, 0.067543, 7.429772
33.655407, 0.067543, 7.429772
33.657042, 0.067543, 7.429772
33.658675, 0.070092, 7.710155
33.660387, 0.070092, 7.710155
33.662272, 0.067543, 7.429772
33.664245, 0.067543, 7.429772
33.666053, 0.067543, 7.429772
33.667871, 0.067543, 7.429772
33.669485, 0.067543, 7.429772
33.671138, 0.067543, 7.429772
33.672760, 0.067543, 7.429772
33.674474, 0.070092, 7.710155
33.676674, 0.067543, 7.429772
33.678316, 0.067543, 7.429772
33.679955, 0.067543, 7.429772
33.681768, 0.067543, 7.429772
33.683678, 0.067543, 7.429772
33.685408, 0.067543, 7.429772
33.687075, 0.070092, 7.710155
33.688720, 0.067543, 7.429772
33.690350, 0.070092, 7.710155
33.692052, 0.070092, 7.710155
33.693730, 0.067543, 7.429772
33.695515, 0.067543, 7.429772
33.697575, 0.067543, 7.429772
33.699350, 0.067543, 7.429772
33.701024, 0.067543, 7.429772
33.702848, 0.070092, 7.710155
33.704508, 0.070092, 7.710155
33.706241, 0.067543, 7.429772
33.707845, 0.067543, 7.429772
33.709440, 0.067543, 7.429772
33.711034, 0.070092, 7.710155
33.712846, 0.070092, 7.710155
33.714726, 0.067543, 7.429772
33.716398, 0.070092, 7.710155
33.718143, 0.067543, 7.429772
33.719751, 0.067543, 7.429772
33.721353, 0.067543, 7.429772
33.723053, 0.070092, 7.710155
33.724714, 0.070092, 7.710155
33.726380, 0.067543, 7.429772
33.727989, 0.070092, 7.710155
33.729724, 0.070092, 7.710155
33.731410, 0.067543, 7.429772
33.733168, 0.067543, 7.429772
33.734959, 0.067543, 7.429772
33.736682, 0.067543, 7.429772
33.738299, 0.067543, 7.429772
33.739931, 0.067543, 7.429772
33.741535, 0.070092, 7.710155
33.743144, 0.070092, 7.710155
33.744794, 0.070092, 7.710155
33.747573, 0.067543, 7.429772
33.749305, 0.067543, 7.429772
33.751003, 0.067543, 7.429772
33.752592, 0.067543, 7.429772
33.754294, 0.067543, 7.429772
33.755954, 0.067543, 7.429772
33.757632, 0.070092, 7.710155
33.759337, 0.067543, 7.429772
33.760922, 0.070092, 7.710155
33.762503, 0.070092, 7.710155
33.765602, 0.067543, 7.429772
33.767347, 0.070092, 7.710155
33.769077, 0.067543, 7.429772
33.770669, 0.067543, 7.429772
33.772267, 0.067543, 7.429772
33.773893, 0.067543, 7.429772
33.775549, 0.067543, 7.429772
33.777209, 0.067543, 7.429772
33.778916, 0.070092, 7.710155
33.780593, 0.070092, 7.710155
33.782235, 0.067543, 7.429772
33.783961, 0.067543, 7.429772
33.785732, 0.067543, 7.429772
33.787437, 0.067543, 7.429772
33.789103, 0.067543, 7.429772
33.790689, 0.067543, 7.429772
33.792280, 0.067543, 7.429772
33.793883, 0.067543, 7.429772
33.795747, 0.067543, 7.429772
33.798419, 0.067543, 7.429772
33.800105, 0.067543, 7.429772
33.801796, 0.067543, 7.429772
33.803407, 0.067543, 7.429772
33.806136, 0.070092, 7.710155
33.807766, 0.067543, 7.429772
33.809483, 0.070092, 7.710155
33.811077, 0.070092, 7.710155
33.812678, 0.070092, 7.710155
33.815393, 0.067543, 7.429772
33.817181, 0.067543, 7.429772
33.819037, 0.070092, 7.710155
33.820703, 0.067543, 7.429772
33.822332, 0.070092, 7.710155
33.823960, 0.067543, 7.429772
33.825664, 0.070092, 7.710155
33.827437, 0.070092, 7.710155
33.829162, 0.070092, 7.710155
33.830980, 0.070092, 7.710155
33.832724, 0.067543, 7.429772
33.834402, 0.070092, 7.710155
33.836104, 0.067543, 7.429772
33.837890, 0.070092, 7.710155
33.839509, 0.070092, 7.710155
33.841185, 0.067543, 7.429772
33.842799, 0.067543, 7.429772
33.844391, 0.067543, 7.429772
33.846641, 0.067543, 7.429772
33.848688, 0.070092, 7.710155
33.850428, 0.067543, 7.429772
33.852552, 0.067543, 7.429772
33.854170, 0.067543, 7.429772
33.855769, 0.067543, 7.429772
33.857461, 0.067543, 7.429772
33.859186, 0.067543, 7.429772
33.860788, 0.067543, 7.429772
33.862423, 0.070092, 7.710155
33.865455, 0.067543, 7.429772
33.867611, 0.067543, 7.429772
33.869391, 0.067543, 7.429772
33.871028, 0.067543, 7.429772
33.872614, 0.067543, 7.429772
33.874191, 0.067543, 7.429772
33.875760, 0.067543, 7.429772
33.877435, 0.070092, 7.710155
33.879037, 0.067543, 7.429772
33.880729, 0.067543, 7.429772
33.882391, 0.067543, 7.429772
33.884040, 0.067543, 7.429772
33.885614, 0.067543, 7.429772
33.887199, 0.067543, 7.429772
33.888852, 0.067543, 7.429772
33.890533, 0.070092, 7.710155
33.892150, 0.067543, 7.429772
33.893724, 0.070092, 7.710155
33.895305, 0.067543, 7.429772
33.898685, 0.067543, 7.429772
33.900368, 0.067543, 7.429772
33.902076, 0.070092, 7.710155
33.903662, 0.067543, 7.429772
33.905248, 0.067543, 7.429772
33.906839, 0.067543, 7.429772
33.908548, 0.067543, 7.429772
33.910231, 0.070092, 7.710155
33.911845, 0.067543, 7.429772
33.913471, 0.070092, 7.710155
33.916440, 0.067543, 7.429772
33.918183, 0.070092, 7.710155
33.919830, 0.067543, 7.429772
33.921505, 0.067543, 7.429772
33.923147, 0.067543, 7.429772
33.924721, 0.067543, 7.429772
33.926309, 0.067543, 7.429772
33.929383, 0.067543, 7.429772
33.931270, 0.067543, 7.429772
33.932974, 0.067543, 7.429772
33.934621, 0.067543, 7.429772
33.936242, 0.067543, 7.429772
33.937827, 0.067543, 7.429772
33.939587, 0.067543, 7.429772
33.941212, 0.067543, 7.429772
33.942811, 0.070092, 7.710155
33.944399, 0.067543, 7.429772
33.946364, 0.067543, 7.429772
33.948891, 0.067543, 7.429772
33.950662, 0.067543, 7.429772
33.952306, 0.070092, 7.710155
33.953899, 0.067543, 7.429772
33.955467, 0.067543, 7.429772
33.957055, 0.067543, 7.429772
33.958714, 0.067543, 7.429772
33.960325, 0.070092, 7.710155
33.961910, 0.070092, 7.710155
33.963666, 0.067543, 7.429772
33.965531, 0.070092, 7.710155
33.967180, 0.070092, 7.710155
33.969002, 0.067543, 7.429772
33.971217, 0.067543, 7.429772
33.972848, 0.067543, 7.429772
33.974446, 0.067543, 7.429772
33.976122, 0.070092, 7.710155
33.977745, 0.067543, 7.429772
33.979490, 0.067543, 7.429772
33.981615, 0.070092, 7.710155
33.983255, 0.067543, 7.429772
33.984898, 0.067543, 7.429772
33.986482, 0.070092, 7.710155
33.988066, 0.070092, 7.710155
33.990839, 0.067543, 7.429772
33.992553, 0.067543, 7.429772
33.994211, 0.067543, 7.429772
33.995873, 0.067543, 7.429772
33.998071, 0.067543, 7.429772
33.999772, 0.067543, 7.429772
34.001475, 0.070092, 7.710155
34.003069, 0.067543, 7.429772
34.004638, 0.067543, 7.429772
34.006222, 0.067543, 7.429772
34.007805, 0.070092, 7.710155
34.009602, 0.067543, 7.429772
34.012486, 0.067543, 7.429772
34.014546, 0.067543, 7.429772
34.016252, 0.067543, 7.429772
34.018144, 0.070092, 7.710155
34.019798, 0.067543, 7.429772
34.021370, 0.067543, 7.429772
34.023037, 0.070092, 7.710155
34.024638, 0.067543, 7.429772
34.027133, 0.070092, 7.710155
34.028938, 0.067543, 7.429772
34.031655, 0.070092, 7.710155
34.033350, 0.067543, 7.429772
34.035043, 0.067543, 7.429772
34.036650, 0.067543, 7.429772
34.038248, 0.067543, 7.429772
34.040016, 0.067543, 7.429772
34.041702, 0.067543, 7.429772
34.043341, 0.067543, 7.429772
34.045004, 0.070092, 7.710155
34.047210, 0.070092, 7.710155
34.048951, 0.067543, 7.429772
34.050590, 0.070092, 7.710155
34.052191, 0.067543, 7.429772
34.053780, 0.070092, 7.710155
34.055370, 0.067543, 7.429772
34.057115, 0.067543, 7.429772
34.058722, 0.067543, 7.429772
34.060350, 0.067543, 7.429772
34.062015, 0.067543, 7.429772
34.064049, 0.067543, 7.429772
34.066220, 0.067543, 7.429772
34.068044, 0.067543, 7.429772
34.069672, 0.067543, 7.429772
34.071319, 0.067543, 7.429772
34.072948, 0.067543, 7.429772
34.074539, 0.070092, 7.710155
34.076133, 0.067543, 7.429772
34.077772, 0.067543, 7.429772
34.080520, 0.067543, 7.429772
34.082325, 0.070092, 7.710155
34.084071, 0.067543, 7.429772
34.085806, 0.067543, 7.429772
34.087425, 0.070092, 7.710155
34.089027, 0.067543, 7.429772
34.090628, 0.067543, 7.429772
34.092315, 0.067543, 7.429772
34.093992, 0.067543, 7.429772
34.095982, 0.067543, 7.429772
34.098445, 0.067543, 7.429772
34.100208, 0.070092, 7.710155
34.102007, 0.067543, 7.429772
34.103794, 0.067543, 7.429772
34.105471, 0.067543, 7.429772
34.107088, 0.067543, 7.429772
34.108806, 0.070092, 7.710155
34.110455, 0.067543, 7.429772
34.112027, 0.067543, 7.429772
34.114059, 0.070092, 7.710155
34.115731, 0.070092, 7.710155
34.117447, 0.067543, 7.429772
34.119050, 0.070092, 7.710155
34.120638, 0.070092, 7.710155
34.122209, 0.070092, 7.710155
34.123795, 0.067543, 7.429772
34.125472, 0.067543, 7.429772
34.127120, 0.067543, 7.429772
34.128772, 0.067543, 7.429772
34.130618, 0.067543, 7.429772
34.132270, 0.067543, 7.429772
34.133966, 0.067543, 7.429772
34.135552, 0.067543, 7.429772
34.137139, 0.070092, 7.710155
34.138722, 0.067543, 7.429772
34.140350, 0.067543, 7.429772
34.142027, 0.067543, 7.429772
34.145004, 0.070092, 7.710155
34.148784, 0.067543, 7.429772
34.151119, 0.067543, 7.429772
34.152819, 0.070092, 7.710155
34.154702, 0.067543, 7.429772
34.156462, 0.067543, 7.429772
34.158239, 0.067543, 7.429772
34.159881, 0.067543, 7.429772
34.161642, 0.067543, 7.429772
34.163341, 0.070092, 7.710155
34.165136, 0.067543, 7.429772
34.166829, 0.070092, 7.710155
34.168535, 0.067543, 7.429772
34.170235, 0.070092, 7.710155
34.172110, 0.070092, 7.710155
34.173733, 0.067543, 7.429772
34.175370, 0.067543, 7.429772
34.176963, 0.067543, 7.429772
34.178554, 0.067543, 7.429772
34.180396, 0.067543, 7.429772
34.182103, 0.067543, 7.429772
34.183769, 0.067543, 7.429772
34.185426, 0.070092, 7.710155
34.187019, 0.070092, 7.710155
34.188609, 0.067543, 7.429772
34.190198, 0.070092, 7.710155
34.191903, 0.070092, 7.710155
34.193532, 0.067543, 7.429772
34.195235, 0.067543, 7.429772
34.197215, 0.067543, 7.429772
34.198868, 0.067543, 7.429772
34.200507, 0.067543, 7.429772
34.202159, 0.070092, 7.710155
34.203852, 0.067543, 7.429772
34.205560, 0.067543, 7.429772
34.207706, 0.067543, 7.429772
34.209314, 0.067543, 7.429772
34.210899, 0.067543, 7.429772
34.212935, 0.067543, 7.429772
34.214697, 0.067543, 7.429772
34.216347, 0.067543, 7.429772
34.218634, 0.067543, 7.429772
34.220331, 0.067543, 7.429772
34.222029, 0.067543, 7.429772
34.223625, 0.067543, 7.429772
34.225215, 0.067543, 7.429772
34.226804, 0.067543, 7.429772
34.228392, 0.070092, 7.710155
34.230772, 0.067543, 7.429772
34.232616, 0.067543, 7.429772
34.234263, 0.070092, 7.710155
34.235853, 0.070092, 7.710155
34.237447, 0.070092, 7.710155
34.239036, 0.067543, 7.429772
34.240623, 0.067543, 7.429772
34.242272, 0.067543, 7.429772
34.244549, 0.067543, 7.429772
34.246327, 0.067543, 7.429772
34.248144, 0.070092, 7.710155
34.249808, 0.067543, 7.429772
34.251411, 0.067543, 7.429772
34.253073, 0.067543, 7.429772
34.254666, 0.067543, 7.429772
34.256253, 0.067543, 7.429772
34.257837, 0.070092, 7.710155
34.259420, 0.067543, 7.429772
34.260996, 0.067543, 7.429772
34.262980, 0.070092, 7.710155
34.265050, 0.070092, 7.710155
34.266956, 0.067543, 7.429772
34.268694, 0.067543, 7.429772
34.270307, 0.067543, 7.429772
34.271882, 0.067543, 7.429772
34.273591, 0.067543, 7.429772
34.275192, 0.067543, 7.429772
34.276789, 0.067543, 7.429772
34.278376, 0.067543, 7.429772
34.280206, 0.067543, 7.429772
34.282046, 0.067543, 7.429772
34.284188, 0.067543, 7.429772
34.286035, 0.067543, 7.429772
34.287711, 0.067543, 7.429772
34.289319, 0.070092, 7.710155
34.290902, 0.067543, 7.429772
34.292481, 0.067543, 7.429772
34.294202, 0.067543, 7.429772
34.295907, 0.067543, 7.429772
34.297710, 0.067543, 7.429772
34.299377, 0.067543, 7.429772
34.301019, 0.067543, 7.429772
34.302612, 0.070092, 7.710155
34.304255, 0.067543, 7.429772
34.305928, 0.067543, 7.429772
34.307519, 0.070092, 7.710155
34.309107, 0.067543, 7.429772
34.310694, 0.067543, 7.429772
34.312522, 0.067543, 7.429772
34.314531, 0.067543, 7.429772
34.316208, 0.070092, 7.710155
34.318218, 0.067543, 7.429772
34.320063, 0.067543, 7.429772
34.321637, 0.067543, 7.429772
34.323227, 0.067543, 7.429772
34.324939, 0.067543, 7.429772
34.326535, 0.067543, 7.429772
34.328123, 0.067543, 7.429772
34.329923, 0.067543, 7.429772
34.331801, 0.067543, 7.429772
34.333586, 0.067543, 7.429772
34.335308, 0.067543, 7.429772
34.336911, 0.067543, 7.429772
34.338497, 0.067543, 7.429772
34.340071, 0.067543, 7.429772
34.341659, 0.067543, 7.429772
34.343245, 0.067543, 7.429772
34.344901, 0.067543, 7.429772
34.346726, 0.067543, 7.429772
34.348446, 0.067543, 7.429772
34.350116, 0.070092, 7.710155
34.351779, 0.070092, 7.710155
34.353367, 0.067543, 7.429772
34.355089, 0.067543, 7.429772
34.356684, 0.067543, 7.429772
34.358274, 0.067543, 7.429772
34.359862, 0.067543, 7.429772
34.361448, 0.070092, 7.710155
34.363409, 0.067543, 7.429772
34.365231, 0.067543, 7.429772
34.366957, 0.067543, 7.429772
34.368764, 0.067543, 7.429772
34.370450, 0.067543, 7.429772
34.372055, 0.067543, 7.429772
34.373637, 0.070092, 7.710155
34.375450, 0.070092, 7.710155
34.377206, 0.067543, 7.429772
34.379418, 0.070092, 7.710155
34.381260, 0.067543, 7.429772
34.382922, 0.070092, 7.710155
34.384593, 0.067543, 7.429772
34.386374, 0.067543, 7.429772
34.387963, 0.067543, 7.429772
34.389862, 0.070092, 7.710155
34.391580, 0.070092, 7.710155
34.393291, 0.070092, 7.710155
34.394983, 0.070092, 7.710155
34.396859, 0.067543, 7.429772
34.398538, 0.067543, 7.429772
34.400230, 0.067543, 7.429772
34.401881, 0.067543, 7.429772
34.403560, 0.067543, 7.429772
34.405260, 0.070092, 7.710155
34.407371, 0.067543, 7.429772
34.409257, 0.070092, 7.710155
34.411085, 0.067543, 7.429772
34.413119, 0.067543, 7.429772
34.415004, 0.067543, 7.429772
34.417124, 0.070092, 7.710155
34.418931, 0.070092, 7.710155
34.420682, 0.067543, 7.429772
34.422359, 0.067543, 7.429772
34.424072, 0.067543, 7.429772
34.425675, 0.067543, 7.429772
34.427335, 0.067543, 7.429772
34.429130, 0.070092, 7.710155
34.430984, 0.067543, 7.429772
34.432839, 0.070092, 7.710155
34.434705, 0.067543, 7.429772
34.436369, 0.067543, 7.429772
34.437979, 0.070092, 7.710155
34.439580, 0.070092, 7.710155
34.441179, 0.070092, 7.710155
34.442777, 0.067543, 7.429772
34.444367, 0.070092, 7.710155
34.445965, 0.067543, 7.429772
34.448034, 0.070092, 7.710155
34.449760, 0.070092, 7.710155
34.451434, 0.070092, 7.710155
34.453035, 0.067543, 7.429772
34.454647, 0.070092, 7.710155
34.456281, 0.067543, 7.429772
34.457952, 0.070092, 7.710155
34.459611, 0.067543, 7.429772
34.461241, 0.070092, 7.710155
34.463701, 0.070092, 7.710155
34.465443, 0.070092, 7.710155
34.467111, 0.070092, 7.710155
34.468831, 0.070092, 7.710155
34.470476, 0.067543, 7.429772
34.472194, 0.067543, 7.429772
34.473791, 0.067543, 7.429772
34.475364, 0.067543, 7.429772
34.476950, 0.067543, 7.429772
34.479127, 0.070092, 7.710155
34.481600, 0.067543, 7.429772
34.483334, 0.067543, 7.429772
34.485018, 0.070092, 7.710155
34.486620, 0.067543, 7.429772
34.488281, 0.067543, 7.429772
34.489898, 0.067543, 7.429772
34.491494, 0.067543, 7.429772
34.493063, 0.070092, 7.710155
34.494648, 0.070092, 7.710155
34.496361, 0.070092, 7.710155
34.498308, 0.067543, 7.429772
34.500209, 0.070092, 7.710155
34.501901, 0.070092, 7.710155
34.503474, 0.070092, 7.710155
34.505061, 0.067543, 7.429772
34.506647, 0.070092, 7.710155
34.508323, 0.067543, 7.429772
34.509979, 0.067543, 7.429772
34.511629, 0.067543, 7.429772
34.513456, 0.070092, 7.710155
34.515117, 0.070092, 7.710155
34.516831, 0.070092, 7.710155
34.518448, 0.070092, 7.710155
34.520126, 0.070092, 7.710155
34.521717, 0.067543, 7.429772
34.523292, 0.067543, 7.429772
34.524881, 0.070092, 7.710155
34.526463, 0.067543, 7.429772
34.528053, 0.070092, 7.710155
34.529780, 0.067543, 7.429772
34.532598, 0.067543, 7.429772
34.534284, 0.070092, 7.710155
34.536004, 0.067543, 7.429772
34.537587, 0.067543, 7.429772
34.539252, 0.067543, 7.429772
34.541591, 0.067543, 7.429772
34.543498, 0.067543, 7.429772
34.545176, 0.067543, 7.429772
34.547615, 0.067543, 7.429772
34.549421, 0.067543, 7.429772
34.551126, 0.070092, 7.710155
34.552761, 0.067543, 7.429772
34.554833, 0.067543, 7.429772
34.556636, 0.067543, 7.429772
34.562299, 0.067543, 7.429772
34.566077, 0.067543, 7.429772
34.568240, 0.070092, 7.710155
34.570297, 0.070092, 7.710155
34.572398, 0.070092, 7.710155
34.574477, 0.070092, 7.710155
34.576524, 0.070092, 7.710155
34.578776, 0.067543, 7.429772
34.581082, 0.067543, 7.429772
34.583106, 0.067543, 7.429772
34.584915, 0.067543, 7.429772
34.586649, 0.070092, 7.710155
34.588425, 0.067543, 7.429772
34.590233, 0.070092, 7.710155
34.591962, 0.070092, 7.710155
34.593682, 0.070092, 7.710155
34.595494, 0.070092, 7.710155
34.597459, 0.067543, 7.429772
34.599337, 0.067543, 7.429772
34.601248, 0.067543, 7.429772
34.602992, 0.070092, 7.710155
34.604699, 0.067543, 7.429772
34.606396, 0.067543, 7.429772
34.608002, 0.070092, 7.710155
34.609650, 0.070092, 7.710155
34.611433, 0.070092, 7.710155
34.613302, 0.070092, 7.710155
34.615043, 0.067543, 7.429772
34.616686, 0.067543, 7.429772
34.618357, 0.067543, 7.429772
34.619959, 0.070092, 7.710155
34.621798, 0.070092, 7.710155
34.623597, 0.067543, 7.429772
34.625290, 0.067543, 7.429772
34.626951, 0.067543, 7.429772
34.628687, 0.067543, 7.429772
34.630395, 0.070092, 7.710155
34.632474, 0.067543, 7.429772
34.634135, 0.070092, 7.710155
34.635745, 0.070092, 7.710155
34.637363, 0.067543, 7.429772
34.639005, 0.067543, 7.429772
34.640931, 0.067543, 7.429772
34.643055, 0.070092, 7.710155
34.644779, 0.070092, 7.710155
34.646499, 0.067543, 7.429772
34.648202, 0.070092, 7.710155
34.649816, 0.070092, 7.710155
34.651515, 0.067543, 7.429772
34.653120, 0.070092, 7.710155
34.654714, 0.070092, 7.710155
34.656302, 0.067543, 7.429772
34.657905, 0.070092, 7.710155
34.659515, 0.067543, 7.429772
34.661230, 0.067543, 7.429772
34.663088, 0.070092, 7.710155
34.664856, 0.067543, 7.429772
34.666791, 0.067543, 7.429772
34.668582, 0.067543, 7.429772
34.670233, 0.067543, 7.429772
34.671933, 0.067543, 7.429772
34.673572, 0.067543, 7.429772
34.675198, 0.067543, 7.429772
34.676806, 0.067543, 7.429772
34.678595, 0.067543, 7.429772
34.680248, 0.067543, 7.429772
34.682487, 0.067543, 7.429772
34.684519, 0.067543, 7.429772
34.686350, 0.070092, 7.710155
34.688261, 0.067543, 7.429772
34.689955, 0.067543, 7.429772
34.691573, 0.067543, 7.429772
34.693177, 0.067543, 7.429772
34.694755, 0.070092, 7.710155
34.696478, 0.070092, 7.710155
34.698606, 0.067543, 7.429772
34.700446, 0.067543, 7.429772
34.702108, 0.067543, 7.429772
34.703773, 0.067543, 7.429772
34.705409, 0.067543, 7.429772
34.707051, 0.067543, 7.429772
34.708700, 0.067543, 7.429772
34.710330, 0.067543, 7.429772
34.711982, 0.067543, 7.429772
34.713809, 0.067543, 7.429772
34.715498, 0.067543, 7.429772
34.717206, 0.070092, 7.710155
34.718947, 0.067543, 7.429772
34.720584, 0.070092, 7.710155
34.722192, 0.070092, 7.710155
34.723818, 0.070092, 7.710155
34.725437, 0.067543, 7.429772
34.727057, 0.067543, 7.429772
34.728702, 0.067543, 7.429772
34.731152, 0.067543, 7.429772
34.732950, 0.067543, 7.429772
34.734639, 0.070092, 7.710155
34.736266, 0.070092, 7.710155
34.738330, 0.070092, 7.710155
34.740003, 0.070092, 7.710155
34.741603, 0.070092, 7.710155
34.743193, 0.067543, 7.429772
34.744768, 0.067543, 7.429772
34.746429, 0.067543, 7.429772
34.748072, 0.067543, 7.429772
34.749721, 0.067543, 7.429772
34.751564, 0.070092, 7.710155
34.753269, 0.067543, 7.429772
34.754915, 0.070092, 7.710155
34.756538, 0.067543, 7.429772
34.758147, 0.067543, 7.429772
34.759763, 0.067543, 7.429772
34.761427, 0.067543, 7.429772
34.763067, 0.070092, 7.710155
34.764695, 0.070092, 7.710155
34.766383, 0.067543, 7.429772
34.768123, 0.067543, 7.429772
34.769736, 0.067543, 7.429772
34.771414, 0.067543, 7.429772
34.773079, 0.067543, 7.429772
34.774798, 0.070092, 7.710155
34.776406, 0.070092, 7.710155
34.778022, 0.070092, 7.710155
34.779683, 0.067543, 7.429772
34.782138, 0.067543, 7.429772
34.784194, 0.067543, 7.429772
34.785950, 0.070092, 7.710155
34.787546, 0.067543, 7.429772
34.789138, 0.070092, 7.710155
34.790726, 0.070092, 7.710155
34.793533, 0.070092, 7.710155
34.795164, 0.067543, 7.429772
34.796852, 0.067543, 7.429772
34.798515, 0.070092, 7.710155
34.800249, 0.067543, 7.429772
34.802117, 0.067543, 7.429772
34.803903, 0.067543, 7.429772
34.805540, 0.067543, 7.429772
34.807132, 0.067543, 7.429772
34.808717, 0.067543, 7.429772
34.810289, 0.067543, 7.429772
34.812342, 0.067543, 7.429772
34.814969, 0.067543, 7.429772
34.816735, 0.067543, 7.429772
34.818360, 0.070092, 7.710155
34.819951, 0.070092, 7.710155
34.821544, 0.067543, 7.429772
34.824665, 0.067543, 7.429772
34.826902, 0.070092, 7.710155
34.828667, 0.067543, 7.429772
34.830412, 0.067543, 7.429772
34.832230, 0.067543, 7.429772
34.833976, 0.067543, 7.429772
34.835579, 0.070092, 7.710155
34.837177, 0.070092, 7.710155
34.838754, 0.067543, 7.429772
34.840334, 0.067543, 7.429772
34.841920, 0.067543, 7.429772
34.843559, 0.067543, 7.429772
34.845193, 0.067543, 7.429772
34.846939, 0.067543, 7.429772
34.848696, 0.067543, 7.429772
34.850435, 0.070092, 7.710155
34.852034, 0.067543, 7.429772
34.854975, 0.067543, 7.429772
34.856680, 0.067543, 7.429772
34.858338, 0.067543, 7.429772
34.860038, 0.070092, 7.710155
34.861642, 0.067543, 7.429772
34.863269, 0.070092, 7.710155
34.865023, 0.067543, 7.429772
34.866686, 0.070092, 7.710155
34.868434, 0.070092, 7.710155
34.870247, 0.067543, 7.429772
34.872063, 0.070092, 7.710155
34.874259, 0.067543, 7.429772
34.876669, 0.070092, 7.710155
34.878584, 0.070092, 7.710155
34.881231, 0.067543, 7.429772
34.883018, 0.067543, 7.429772
34.884953, 0.067543, 7.429772
34.886798, 0.067543, 7.429772
34.888479, 0.067543, 7.429772
34.890154, 0.070092, 7.710155
34.891813, 0.067543, 7.429772
34.893516, 0.070092, 7.710155
34.895353, 0.070092, 7.710155
34.897030, 0.070092, 7.710155
34.898698, 0.067543, 7.429772
34.900440, 0.070092, 7.710155
34.902060, 0.070092, 7.710155
34.903671, 0.067543, 7.429772
34.905318, 0.070092, 7.710155
34.906987, 0.067543, 7.429772
34.908732, 0.067543, 7.429772
34.910340, 0.067543, 7.429772
34.911941, 0.067543, 7.429772
34.913650, 0.067543, 7.429772
34.915879, 0.070092, 7.710155
34.917573, 0.067543, 7.429772
34.919329, 0.067543, 7.429772
34.921020, 0.067543, 7.429772
34.922627, 0.070092, 7.710155
34.924230, 0.070092, 7.710155
34.925970, 0.070092, 7.710155
34.927717, 0.067543, 7.429772
34.929598, 0.070092, 7.710155
34.931227, 0.067543, 7.429772
34.932963, 0.067543, 7.429772
34.934686, 0.067543, 7.429772
34.936344, 0.070092, 7.710155
34.938029, 0.067543, 7.429772
34.939748, 0.070092, 7.710155
34.941451, 0.070092, 7.710155
34.943039, 0.070092, 7.710155
34.944663, 0.070092, 7.710155
34.946406, 0.067543, 7.429772
34.948289, 0.070092, 7.710155
34.949973, 0.067543, 7.429772
34.951696, 0.067543, 7.429772
34.953493, 0.067543, 7.429772
34.955275, 0.070092, 7.710155
34.957045, 0.070092, 7.710155
34.958796, 0.067543, 7.429772
34.960606, 0.067543, 7.429772
34.963270, 0.067543, 7.429772
34.965574, 0.067543, 7.429772
34.967578, 0.067543, 7.429772
34.969491, 0.067543, 7.429772
34.971292, 0.067543, 7.429772
34.973693, 0.070092, 7.710155
34.975509, 0.067543, 7.429772
34.977336, 0.067543, 7.429772
34.979339, 0.070092, 7.710155
34.981434, 0.070092, 7.710155
34.983313, 0.070092, 7.710155
34.985044, 0.070092, 7.710155
34.987022, 0.067543, 7.429772
34.988846, 0.070092, 7.710155
34.990611, 0.070092, 7.710155
34.992225, 0.067543, 7.429772
34.993823, 0.067543, 7.429772
34.995427, 0.070092, 7.710155
34.997143, 0.067543, 7.429772
34.998814, 0.070092, 7.710155
35.000526, 0.067543, 7.429772
35.002250, 0.070092, 7.710155
35.003859, 0.070092, 7.710155
35.005457, 0.070092, 7.710155
35.007093, 0.070092, 7.710155
35.008726, 0.067543, 7.429772
35.010335, 0.070092, 7.710155
35.011931, 0.067543, 7.429772
35.014395, 0.070092, 7.710155
35.016388, 0.070092, 7.710155
35.018261, 0.070092, 7.710155
35.019997, 0.067543, 7.429772
35.021685, 0.067543, 7.429772
35.023280, 0.067543, 7.429772
35.024861, 0.067543, 7.429772
35.026430, 0.070092, 7.710155
35.028041, 0.070092, 7.710155
35.029721, 0.067543, 7.429772
35.032064, 0.070092, 7.710155
35.033717, 0.070092, 7.710155
35.035389, 0.070092, 7.710155
35.036988, 0.067543, 7.429772
35.038647, 0.070092, 7.710155
35.040288, 0.067543, 7.429772
35.041870, 0.070092, 7.710155
35.043439, 0.067543, 7.429772
35.045022, 0.067543, 7.429772
35.046729, 0.067543, 7.429772
35.048583, 0.070092, 7.710155
35.050244, 0.070092, 7.710155
35.051961, 0.070092, 7.710155
35.053659, 0.070092, 7.710155
35.055237, 0.070092, 7.710155
35.056823, 0.070092, 7.710155
35.058496, 0.067543, 7.429772
35.060155, 0.070092, 7.710155
35.061854, 0.070092, 7.710155
35.063733, 0.070092, 7.710155
35.065453, 0.070092, 7.710155
35.067169, 0.067543, 7.429772
35.068880, 0.067543, 7.429772
35.071261, 0.067543, 7.429772
35.073052, 0.070092, 7.710155
35.074778, 0.070092, 7.710155
35.076562, 0.070092, 7.710155
35.078229, 0.070092, 7.710155
35.079867, 0.070092, 7.710155
35.082570, 0.070092, 7.710155
35.084316, 0.070092, 7.710155
35.085997, 0.070092, 7.710155
35.087573, 0.067543, 7.429772
35.089166, 0.067543, 7.429772
35.090777, 0.067543, 7.429772
35.092848, 0.070092, 7.710155
35.094454, 0.067543, 7.429772
35.096712, 0.067543, 7.429772
35.099058, 0.067543, 7.429772
35.100734, 0.067543, 7.429772
35.102478, 0.070092, 7.710155
35.104373, 0.067543, 7.429772
35.106068, 0.070092, 7.710155
35.107688, 0.070092, 7.710155
35.109276, 0.067543, 7.429772
35.110915, 0.067543, 7.429772
35.112575, 0.067543, 7.429772
35.114249, 0.070092, 7.710155
35.115921, 0.070092, 7.710155
35.117589, 0.070092, 7.710155
35.119227, 0.070092, 7.710155
35.120882, 0.070092, 7.710155
35.122520, 0.070092, 7.710155
35.124175, 0.067543, 7.429772
35.125893, 0.067543, 7.429772
35.127654, 0.067543, 7.429772
35.129281, 0.070092, 7.710155
35.130962, 0.067543, 7.429772
35.132667, 0.070092, 7.710155
35.134418, 0.070092, 7.710155
35.136066, 0.067543, 7.429772
35.137686, 0.067543, 7.429772
35.139286, 0.067543, 7.429772
35.140900, 0.067543, 7.429772
35.142522, 0.070092, 7.710155
35.144137, 0.067543, 7.429772
35.145774, 0.070092, 7.710155
35.147432, 0.070092, 7.710155
35.149057, 0.070092, 7.710155
35.150747, 0.070092, 7.710155
35.152514, 0.067543, 7.429772
35.154121, 0.070092, 7.710155
35.155801, 0.067543, 7.429772
35.157521, 0.067543, 7.429772
35.159338, 0.067543, 7.429772
35.161105, 0.067543, 7.429772
35.162799, 0.067543, 7.429772
35.164896, 0.067543, 7.429772
35.166639, 0.067543, 7.429772
35.168635, 0.067543, 7.429772
35.171216, 0.067543, 7.429772
35.172830, 0.070092, 7.710155
35.174506, 0.067543, 7.429772
35.176128, 0.067543, 7.429772
35.177741, 0.070092, 7.710155
35.179546, 0.070092, 7.710155
35.181270, 0.070092, 7.710155
35.183014, 0.067543, 7.429772
35.184842, 0.067543, 7.429772
35.186611, 0.070092, 7.710155
35.188305, 0.070092, 7.710155
35.189956, 0.067543, 7.429772
35.191583, 0.070092, 7.710155
35.195345, 0.067543, 7.429772
35.197399, 0.067543, 7.429772
35.199179, 0.067543, 7.429772
35.200844, 0.070092, 7.710155
35.202443, 0.070092, 7.710155
35.204113, 0.067543, 7.429772
35.205810, 0.067543, 7.429772
35.207394, 0.070092, 7.710155
35.209004, 0.067543, 7.429772
35.210593, 0.067543, 7.429772
35.212319, 0.067543, 7.429772
35.214195, 0.067543, 7.429772
35.215945, 0.067543, 7.429772
35.217543, 0.070092, 7.710155
35.219150, 0.067543, 7.429772
35.220998, 0.070092, 7.710155
35.223029, 0.067543, 7.429772
35.224853, 0.067543, 7.429772
35.226481, 0.070092, 7.710155
35.228075, 0.067543, 7.429772
35.229858, 0.067543, 7.429772
35.231602, 0.067543, 7.429772
35.233265, 0.067543, 7.429772
35.234898, 0.070092, 7.710155
35.236478, 0.067543, 7.429772
35.238107, 0.067543, 7.429772
35.239741, 0.070092, 7.710155
35.241384, 0.067543, 7.429772
35.242968, 0.070092, 7.710155
35.244529, 0.067543, 7.429772
35.246426, 0.067543, 7.429772
35.248152, 0.070092, 7.710155
35.249814, 0.067543, 7.429772
35.251485, 0.070092, 7.710155
35.253150, 0.067543, 7.429772
35.254778, 0.067543, 7.429772
35.256410, 0.067543, 7.429772
35.257987, 0.070092, 7.710155
35.259571, 0.070092, 7.710155
35.261166, 0.067543, 7.429772
35.262773, 0.067543, 7.429772
35.264437, 0.070092, 7.710155
35.266605, 0.070092, 7.710155
35.268248, 0.070092, 7.710155
35.269872, 0.067543, 7.429772
35.271506, 0.070092, 7.710155
35.273112, 0.070092, 7.710155
35.274687, 0.070092, 7.710155
35.276323, 0.070092, 7.710155
35.277953, 0.070092, 7.710155
35.279575, 0.067543, 7.429772
35.281204, 0.067543, 7.429772
35.282879, 0.067543, 7.429772
35.284491, 0.067543, 7.429772
35.286074, 0.067543, 7.429772
35.287774, 0.067543, 7.429772
35.289466, 0.067543, 7.429772
35.291085, 0.067543, 7.429772
35.292800, 0.067543, 7.429772
35.294400, 0.067543, 7.429772
35.295998, 0.067543, 7.429772
35.297645, 0.067543, 7.429772
35.299309, 0.067543, 7.429772
35.300977, 0.067543, 7.429772
35.302890, 0.067543, 7.429772
35.304607, 0.067543, 7.429772
35.306301, 0.067543, 7.429772
35.307892, 0.067543, 7.429772
35.309515, 0.067543, 7.429772
35.311141, 0.070092, 7.710155
35.312844, 0.067543, 7.429772
35.314524, 0.067543, 7.429772
35.316113, 0.067543, 7.429772
35.317900, 0.067543, 7.429772
35.319546, 0.070092, 7.710155
35.321256, 0.067543, 7.429772
35.322834, 0.070092, 7.710155
35.324422, 0.070092, 7.710155
35.325979, 0.067543, 7.429772
35.327573, 0.067543, 7.429772
35.329197, 0.070092, 7.710155
35.330869, 0.070092, 7.710155
35.332544, 0.067543, 7.429772
35.334217, 0.067543, 7.429772
35.335803, 0.067543, 7.429772
35.337382, 0.070092, 7.710155
35.338967, 0.067543, 7.429772
35.340709, 0.067543, 7.429772
35.342403, 0.067543, 7.429772
35.344028, 0.070092, 7.710155
35.345823, 0.067543, 7.429772
35.347609, 0.067543, 7.429772
35.349215, 0.067543, 7.429772
35.350981, 0.067543, 7.429772
35.352568, 0.067543, 7.429772
35.354266, 0.067543, 7.429772
35.355877, 0.067543, 7.429772
35.357453, 0.067543, 7.429772
35.359028, 0.067543, 7.429772
35.360671, 0.067543, 7.429772
35.362307, 0.070092, 7.710155
35.363915, 0.067543, 7.429772
35.365605, 0.067543, 7.429772
35.367292, 0.067543, 7.429772
35.368885, 0.067543, 7.429772
35.370441, 0.067543, 7.429772
35.372106, 0.067543, 7.429772
35.373745, 0.067543, 7.429772
35.375487, 0.070092, 7.710155
35.377062, 0.070092, 7.710155
35.378629, 0.067543, 7.429772
35.380267, 0.067543, 7.429772
35.381944, 0.067543, 7.429772
35.383631, 0.067543, 7.429772
35.385308, 0.067543, 7.429772
35.386891, 0.067543, 7.429772
35.388453, 0.067543, 7.429772
35.390028, 0.067543, 7.429772
35.391726, 0.067543, 7.429772
35.393466, 0.067543, 7.429772
35.395083, 0.067543, 7.429772
35.396853, 0.067543, 7.429772
35.398500, 0.067543, 7.429772
35.400200, 0.067543, 7.429772
35.401840, 0.067543, 7.429772
35.403500, 0.067543, 7.429772
35.405172, 0.067543, 7.429772
35.406847, 0.067543, 7.429772
35.408407, 0.067543, 7.429772
35.409974, 0.067543, 7.429772
35.411546, 0.067543, 7.429772
35.413534, 0.067543, 7.429772
35.415215, 0.067543, 7.429772
35.416838, 0.070092, 7.710155
35.418436, 0.067543, 7.429772
35.420029, 0.067543, 7.429772
35.421628, 0.067543, 7.429772
35.423268, 0.067543, 7.429772
35.424870, 0.067543, 7.429772
35.426462, 0.067543, 7.429772
35.428057, 0.067543, 7.429772
35.429664, 0.067543, 7.429772
35.431759, 0.067543, 7.429772
35.433662, 0.067543, 7.429772
35.435330, 0.067543, 7.429772
35.436920, 0.067543, 7.429772
35.438499, 0.067543, 7.429772
35.440063, 0.067543, 7.429772
35.441635, 0.067543, 7.429772
35.443295, 0.067543, 7.429772
35.444979, 0.070092, 7.710155
35.446733, 0.067543, 7.429772
35.448394, 0.067543, 7.429772
35.450088, 0.067543, 7.429772
35.451807, 0.067543, 7.429772
35.453472, 0.067543, 7.429772
35.455084, 0.067543, 7.429772
35.456686, 0.067543, 7.429772
35.458278, 0.067543, 7.429772
35.459854, 0.070092, 7.710155
35.461442, 0.067543, 7.429772
35.463211, 0.067543, 7.429772
35.464961, 0.067543, 7.429772
35.466584, 0.067543, 7.429772
35.468183, 0.067543, 7.429772
35.469753, 0.067543, 7.429772
35.471342, 0.067543, 7.429772
35.473115, 0.067543, 7.429772
35.474948, 0.067543, 7.429772
35.476584, 0.067543, 7.429772
35.478192, 0.067543, 7.429772
35.479886, 0.067543, 7.429772
35.481569, 0.067543, 7.429772
35.483164, 0.067543, 7.429772
35.484777, 0.067543, 7.429772
35.486366, 0.067543, 7.429772
35.487944, 0.067543, 7.429772
35.489547, 0.067543, 7.429772
35.491293, 0.070092, 7.710155
35.493076, 0.067543, 7.429772
35.494815, 0.067543, 7.429772
35.496453, 0.067543, 7.429772
35.498100, 0.067543, 7.429772
35.499822, 0.067543, 7.429772
35.501616, 0.070092, 7.710155
35.503294, 0.070092, 7.710155
35.505015, 0.067543, 7.429772
35.506734, 0.067543, 7.429772
35.508528, 0.070092, 7.710155
35.510087, 0.067543, 7.429772
35.511690, 0.067543, 7.429772
35.513316, 0.067543, 7.429772
35.514983, 0.067543, 7.429772
35.516739, 0.067543, 7.429772
35.518574, 0.067543, 7.429772
35.520240, 0.067543, 7.429772
35.521868, 0.067543, 7.429772
35.523688, 0.067543, 7.429772
35.525595, 0.067543, 7.429772
35.527355, 0.067543, 7.429772
35.529094, 0.067543, 7.429772
35.530734, 0.067543, 7.429772
35.532450, 0.067543, 7.429772
35.534346, 0.067543, 7.429772
35.535995, 0.070092, 7.710155
35.537787, 0.067543, 7.429772
35.539370, 0.067543, 7.429772
35.540963, 0.067543, 7.429772
35.542542, 0.067543, 7.429772
35.544191, 0.067543, 7.429772
35.545789, 0.067543, 7.429772
35.547398, 0.067543, 7.429772
35.548998, 0.067543, 7.429772
35.550807, 0.067543, 7.429772
35.552471, 0.067543, 7.429772
35.554342, 0.067543, 7.429772
35.556061, 0.067543, 7.429772
35.557829, 0.067543, 7.429772
35.559543, 0.067543, 7.429772
35.561130, 0.067543, 7.429772
35.562726, 0.067543, 7.429772
35.564368, 0.067543, 7.429772
35.566086, 0.067543, 7.429772
35.567822, 0.067543, 7.429772
35.569408, 0.067543, 7.429772
35.570990, 0.067543, 7.429772
35.572583, 0.067543, 7.429772
35.574156, 0.067543, 7.429772
35.575867, 0.070092, 7.710155
35.577478, 0.067543, 7.429772
35.579085, 0.067543, 7.429772
35.580801, 0.067543, 7.429772
35.582544, 0.067543, 7.429772
35.584300, 0.067543, 7.429772
35.586388, 0.067543, 7.429772
35.588023, 0.067543, 7.429772
35.589659, 0.067543, 7.429772
35.591305, 0.067543, 7.429772
35.593051, 0.067543, 7.429772
35.594890, 0.067543, 7.429772
35.598290, 0.067543, 7.429772
35.600132, 0.067543, 7.429772
35.602410, 0.067543, 7.429772
35.604267, 0.067543, 7.429772
35.605860, 0.067543, 7.429772
35.607443, 0.067543, 7.429772
35.609030, 0.067543, 7.429772
35.610657, 0.067543, 7.429772
35.612468, 0.070092, 7.710155
35.614688, 0.067543, 7.429772
35.616509, 0.067543, 7.429772
35.618219, 0.067543, 7.429772
35.619779, 0.067543, 7.429772
35.621352, 0.067543, 7.429772
35.622919, 0.067543, 7.429772
35.624481, 0.067543, 7.429772
35.626039, 0.067543, 7.429772
35.628505, 0.067543, 7.429772
35.631168, 0.067543, 7.429772
35.632902, 0.067543, 7.429772
35.634559, 0.067543, 7.429772
35.636166, 0.067543, 7.429772
35.637760, 0.067543, 7.429772
35.639372, 0.067543, 7.429772
35.640959, 0.067543, 7.429772
35.642668, 0.067543, 7.429772
35.644268, 0.067543, 7.429772
35.645961, 0.067543, 7.429772
35.647594, 0.067543, 7.429772
35.649186, 0.067543, 7.429772
35.650770, 0.067543, 7.429772
35.652362, 0.067543, 7.429772
35.653950, 0.067543, 7.429772
35.655608, 0.070092, 7.710155
35.657690, 0.067543, 7.429772
35.659303, 0.067543, 7.429772
35.660887, 0.067543, 7.429772
35.662502, 0.067543, 7.429772
35.664147, 0.067543, 7.429772
35.665731, 0.067543, 7.429772
35.667459, 0.067543, 7.429772
35.669086, 0.067543, 7.429772
35.671524, 0.067543, 7.429772
35.673315, 0.067543, 7.429772
35.674917, 0.067543, 7.429772
35.676610, 0.070092, 7.710155
35.678353, 0.067543, 7.429772
35.680017, 0.067543, 7.429772
35.681819, 0.067543, 7.429772
35.683510, 0.067543, 7.429772
35.685182, 0.067543, 7.429772
35.686892, 0.067543, 7.429772
35.688585, 0.067543, 7.429772
35.690230, 0.067543, 7.429772
35.691856, 0.067543, 7.429772
35.693471, 0.067543, 7.429772
35.695228, 0.067543, 7.429772
35.697207, 0.067543, 7.429772
35.698968, 0.067543, 7.429772
35.700724, 0.067543, 7.429772
35.702331, 0.067543, 7.429772
35.703929, 0.067543, 7.429772
35.705528, 0.067543, 7.429772
35.707117, 0.067543, 7.429772
35.708983, 0.067543, 7.429772
35.710685, 0.067543, 7.429772
35.712431, 0.067543, 7.429772
35.714137, 0.067543, 7.429772
35.715827, 0.067543, 7.429772
35.717630, 0.067543, 7.429772
35.719574, 0.067543, 7.429772
35.721260, 0.067543, 7.429772
35.722948, 0.070092, 7.710155
35.724600, 0.067543, 7.429772
35.726240, 0.067543, 7.429772
35.727904, 0.067543, 7.429772
35.729564, 0.067543, 7.429772
35.731212, 0.067543, 7.429772
35.732824, 0.067543, 7.429772
35.734434, 0.067543, 7.429772
35.736047, 0.067543, 7.429772
35.737679, 0.067543, 7.429772
35.739569, 0.067543, 7.429772
35.741262, 0.067543, 7.429772
35.743027, 0.067543, 7.429772
35.744630, 0.067543, 7.429772
35.746228, 0.067543, 7.429772
35.747865, 0.067543, 7.429772
35.749883, 0.067543, 7.429772
35.751663, 0.067543, 7.429772
35.753485, 0.067543, 7.429772
35.755101, 0.067543, 7.429772
35.756684, 0.070092, 7.710155
35.758250, 0.067543, 7.429772
35.759934, 0.067543, 7.429772
35.761659, 0.067543, 7.429772
35.763475, 0.067543, 7.429772
35.765094, 0.067543, 7.429772
35.766796, 0.067543, 7.429772
35.768537, 0.067543, 7.429772
35.770516, 0.067543, 7.429772
35.772191, 0.067543, 7.429772
35.774398, 0.067543, 7.429772
35.776128, 0.067543, 7.429772
35.777729, 0.067543, 7.429772
35.780333, 0.067543, 7.429772
35.783225, 0.067543, 7.429772
35.784959, 0.067543, 7.429772
35.786571, 0.067543, 7.429772
35.788172, 0.067543, 7.429772
35.789825, 0.067543, 7.429772
35.791429, 0.067543, 7.429772
35.793071, 0.067543, 7.429772
35.794810, 0.067543, 7.429772
35.796456, 0.067543, 7.429772
35.798082, 0.067543, 7.429772
35.799817, 0.067543, 7.429772
35.801671, 0.067543, 7.429772
35.803369, 0.067543, 7.429772
35.804985, 0.067543, 7.429772
35.806577, 0.067543, 7.429772
35.808160, 0.067543, 7.429772
35.809742, 0.067543, 7.429772
35.813368, 0.067543, 7.429772
35.816075, 0.067543, 7.429772
35.818548, 0.067543, 7.429772
35.821391, 0.067543, 7.429772
35.824641, 0.067543, 7.429772
35.828110, 0.064994, 7.149389
35.831285, 0.067543, 7.429772
35.834425, 0.067543, 7.429772
35.838051, 0.067543, 7.429772
35.842321, 0.067543, 7.429772
35.844819, 0.067543, 7.429772
35.848155, 0.067543, 7.429772
35.851334, 0.067543, 7.429772
35.853511, 0.067543, 7.429772
35.855841, 0.067543, 7.429772
35.858225, 0.067543, 7.429772
35.860915, 0.067543, 7.429772
35.863948, 0.067543, 7.429772
35.867294, 0.067543, 7.429772
35.869366, 0.067543, 7.429772
35.871736, 0.070092, 7.710155
35.873983, 0.067543, 7.429772
35.875824, 0.067543, 7.429772
35.878096, 0.067543, 7.429772
35.879923, 0.067543, 7.429772
35.881798, 0.067543, 7.429772
35.883591, 0.067543, 7.429772
35.885307, 0.067543, 7.429772
35.887628, 0.067543, 7.429772
35.889436, 0.067543, 7.429772
35.891425, 0.067543, 7.429772
35.894252, 0.067543, 7.429772
35.896359, 0.067543, 7.429772
35.898359, 0.070092, 7.710155
35.900254, 0.067543, 7.429772
35.902079, 0.067543, 7.429772
35.904095, 0.067543, 7.429772
35.905884, 0.067543, 7.429772
35.908110, 0.067543, 7.429772
35.910986, 0.067543, 7.429772
35.913233, 0.067543, 7.429772
35.915733, 0.067543, 7.429772
35.917569, 0.067543, 7.429772
35.919522, 0.067543, 7.429772
35.921423, 0.067543, 7.429772
35.924292, 0.067543, 7.429772
35.927228, 0.067543, 7.429772
35.929740, 0.067543, 7.429772
35.931908, 0.067543, 7.429772
35.934779, 0.067543, 7.429772
35.937604, 0.067543, 7.429772
35.940696, 0.067543, 7.429772
35.942925, 0.067543, 7.429772
35.945066, 0.067543, 7.429772
35.946979, 0.067543, 7.429772
35.948804, 0.064994, 7.149389
35.950832, 0.067543, 7.429772
35.952624, 0.067543, 7.429772
35.954563, 0.067543, 7.429772
35.956381, 0.067543, 7.429772
35.958003, 0.067543, 7.429772
35.959807, 0.067543, 7.429772
35.961661, 0.067543, 7.429772
35.963480, 0.067543, 7.429772
35.965168, 0.067543, 7.429772
35.966842, 0.067543, 7.429772
35.968563, 0.067543, 7.429772
35.970327, 0.067543, 7.429772
35.972109, 0.067543, 7.429772
35.973756, 0.067543, 7.429772
35.975549, 0.067543, 7.429772
35.977457, 0.067543, 7.429772
35.979082, 0.067543, 7.429772
35.980866, 0.067543, 7.429772
35.982643, 0.067543, 7.429772
35.984310, 0.067543, 7.429772
35.985918, 0.067543, 7.429772
35.987565, 0.067543, 7.429772
35.989210, 0.067543, 7.429772
35.991680, 0.067543, 7.429772
35.993610, 0.067543, 7.429772
35.995480, 0.067543, 7.429772
35.997181, 0.067543, 7.429772
35.998844, 0.067543, 7.429772
36.000891, 0.067543, 7.429772
36.003203, 0.067543, 7.429772
36.004951, 0.067543, 7.429772
36.006717, 0.067543, 7.429772
36.008604, 0.067543, 7.429772
36.010212, 0.067543, 7.429772
36.011908, 0.067543, 7.429772
36.013572, 0.067543, 7.429772
36.015197, 0.067543, 7.429772
36.016936, 0.067543, 7.429772
36.018706, 0.067543, 7.429772
36.020311, 0.070092, 7.710155
36.021949, 0.067543, 7.429772
36.023648, 0.067543, 7.429772
36.025464, 0.067543, 7.429772
36.027062, 0.067543, 7.429772
36.028634, 0.067543, 7.429772
36.030268, 0.067543, 7.429772
36.032173, 0.067543, 7.429772
36.033865, 0.067543, 7.429772
36.035459, 0.067543, 7.429772
36.037064, 0.067543, 7.429772
36.038780, 0.067543, 7.429772
36.040436, 0.067543, 7.429772
36.042168, 0.067543, 7.429772
36.043845, 0.067543, 7.429772
36.045567, 0.067543, 7.429772
36.048153, 0.067543, 7.429772
36.050147, 0.067543, 7.429772
36.052023, 0.067543, 7.429772
36.053854, 0.067543, 7.429772
36.055737, 0.067543, 7.429772
36.057537, 0.067543, 7.429772
36.059142, 0.067543, 7.429772
36.060725, 0.067543, 7.429772
36.062485, 0.067543, 7.429772
36.064234, 0.064994, 7.149389
36.065874, 0.067543, 7.429772
36.067528, 0.067543, 7.429772
36.069178, 0.067543, 7.429772
36.070797, 0.067543, 7.429772
36.072434, 0.067543, 7.429772
36.074196, 0.067543, 7.429772
36.075978, 0.067543, 7.429772
36.077880, 0.067543, 7.429772
36.079493, 0.067543, 7.429772
36.081197, 0.067543, 7.429772
36.082793, 0.067543, 7.429772
36.085076, 0.067543, 7.429772
36.087012, 0.067543, 7.429772
36.088947, 0.067543, 7.429772
36.090641, 0.067543, 7.429772
36.092550, 0.067543, 7.429772
36.094311, 0.067543, 7.429772
36.095965, 0.067543, 7.429772
36.097884, 0.067543, 7.429772
36.099765, 0.064994, 7.149389
36.101563, 0.067543, 7.429772
36.103162, 0.067543, 7.429772
36.105245, 0.067543, 7.429772
36.107316, 0.067543, 7.429772
36.109312, 0.067543, 7.429772
36.110919, 0.067543, 7.429772
36.112678, 0.067543, 7.429772
36.114617, 0.067543, 7.429772
36.116418, 0.067543, 7.429772
36.118305, 0.067543, 7.429772
36.119924, 0.067543, 7.429772
36.121510, 0.067543, 7.429772
36.123080, 0.067543, 7.429772
36.125190, 0.064994, 7.149389
36.127043, 0.067543, 7.429772
36.128745, 0.067543, 7.429772
36.130693, 0.067543, 7.429772
36.132413, 0.067543, 7.429772
36.134196, 0.067543, 7.429772
36.135803, 0.067543, 7.429772
36.137388, 0.067543, 7.429772
36.138968, 0.067543, 7.429772
36.141021, 0.067543, 7.429772
36.142748, 0.067543, 7.429772
36.144448, 0.067543, 7.429772
36.146033, 0.067543, 7.429772
36.148109, 0.067543, 7.429772
36.149815, 0.067543, 7.429772
36.151588, 0.067543, 7.429772
36.153232, 0.067543, 7.429772
36.154843, 0.067543, 7.429772
36.156443, 0.067543, 7.429772
36.158005, 0.067543, 7.429772
36.159567, 0.067543, 7.429772
36.161123, 0.067543, 7.429772
36.162696, 0.067543, 7.429772
36.164343, 0.067543, 7.429772
36.166025, 0.067543, 7.429772
36.168266, 0.067543, 7.429772
36.169978, 0.067543, 7.429772
36.171655, 0.067543, 7.429772
36.173276, 0.067543, 7.429772
36.175377, 0.067543, 7.429772
36.177021, 0.067543, 7.429772
36.178711, 0.067543, 7.429772
36.180515, 0.067543, 7.429772
36.182212, 0.067543, 7.429772
36.184052, 0.064994, 7.149389
36.185655, 0.067543, 7.429772
36.187225, 0.067543, 7.429772
36.188785, 0.067543, 7.429772
36.190337, 0.067543, 7.429772
36.191889, 0.067543, 7.429772
36.193451, 0.067543, 7.429772
36.195301, 0.067543, 7.429772
36.197031, 0.067543, 7.429772
36.198861, 0.067543, 7.429772
36.200683, 0.067543, 7.429772
36.202281, 0.067543, 7.429772
36.203908, 0.067543, 7.429772
36.205544, 0.067543, 7.429772
36.207187, 0.067543, 7.429772
36.208978, 0.067543, 7.429772
36.210558, 0.067543, 7.429772
36.212137, 0.067543, 7.429772
36.213834, 0.067543, 7.429772
36.217008, 0.067543, 7.429772
36.218783, 0.067543, 7.429772
36.220343, 0.067543, 7.429772
36.221906, 0.067543, 7.429772
36.223451, 0.067543, 7.429772
36.225050, 0.067543, 7.429772
36.226769, 0.067543, 7.429772
36.228430, 0.067543, 7.429772
36.230042, 0.067543, 7.429772
36.231675, 0.067543, 7.429772
36.233330, 0.067543, 7.429772
36.235085, 0.067543, 7.429772
36.236745, 0.067543, 7.429772
36.238499, 0.067543, 7.429772
36.240065, 0.067543, 7.429772
36.241626, 0.067543, 7.429772
36.243244, 0.067543, 7.429772
36.244804, 0.067543, 7.429772
36.246529, 0.067543, 7.429772
36.248133, 0.064994, 7.149389
36.249799, 0.067543, 7.429772
36.251498, 0.067543, 7.429772
36.253054, 0.064994, 7.149389
36.254617, 0.067543, 7.429772
36.256442, 0.067543, 7.429772
36.258126, 0.067543, 7.429772
36.259801, 0.067543, 7.429772
36.261346, 0.067543, 7.429772
36.262918, 0.067543, 7.429772
36.264541, 0.067543, 7.429772
36.266315, 0.067543, 7.429772
36.268050, 0.067543, 7.429772
36.269855, 0.067543, 7.429772
36.271404, 0.064994, 7.149389
36.272958, 0.067543, 7.429772
36.274517, 0.067543, 7.429772
36.276228, 0.067543, 7.429772
36.277872, 0.067543, 7.429772
36.279663, 0.067543, 7.429772
36.281315, 0.067543, 7.429772
36.282976, 0.067543, 7.429772
36.284665, 0.067543, 7.429772
36.286408, 0.067543, 7.429772
36.288150, 0.064994, 7.149389
36.289850, 0.067543, 7.429772
36.291442, 0.067543, 7.429772
36.293007, 0.067543, 7.429772
36.294588, 0.067543, 7.429772
36.296706, 0.067543, 7.429772
36.300640, 0.067543, 7.429772
36.303501, 0.067543, 7.429772
36.306066, 0.067543, 7.429772
36.309194, 0.067543, 7.429772
36.311280, 0.064994, 7.149389
36.313265, 0.067543, 7.429772
36.315185, 0.067543, 7.429772
36.317439, 0.064994, 7.149389
36.319339, 0.067543, 7.429772
36.321135, 0.067543, 7.429772
36.322896, 0.067543, 7.429772
36.324694, 0.067543, 7.429772
36.326506, 0.064994, 7.149389
36.328238, 0.067543, 7.429772
36.330043, 0.067543, 7.429772
36.331752, 0.067543, 7.429772
36.333495, 0.064994, 7.149389
36.335179, 0.064994, 7.149389
36.336999, 0.067543, 7.429772
36.338693, 0.067543, 7.429772
36.340402, 0.067543, 7.429772
36.342076, 0.067543, 7.429772
36.343783, 0.067543, 7.429772
36.346058, 0.067543, 7.429772
36.348126, 0.064994, 7.149389
36.349844, 0.064994, 7.149389
36.351528, 0.067543, 7.429772
36.353223, 0.067543, 7.429772
36.354896, 0.067543, 7.429772
36.356885, 0.067543, 7.429772
36.358743, 0.064994, 7.149389
36.360498, 0.067543, 7.429772
36.362221, 0.064994, 7.149389
36.363886, 0.067543, 7.429772
36.365509, 0.067543, 7.429772
36.367334, 0.067543, 7.429772
36.369105, 0.067543, 7.429772
36.370890, 0.067543, 7.429772
36.372596, 0.064994, 7.149389
36.374206, 0.067543, 7.429772
36.375813, 0.067543, 7.429772
36.377472, 0.067543, 7.429772
36.379099, 0.067543, 7.429772
36.380790, 0.067543, 7.429772
36.382475, 0.067543, 7.429772
36.384263, 0.067543, 7.429772
36.385873, 0.064994, 7.149389
36.387473, 0.064994, 7.149389
36.389123, 0.064994, 7.149389
36.390825, 0.064994, 7.149389
36.392570, 0.064994, 7.149389
36.394168, 0.067543, 7.429772
36.395770, 0.067543, 7.429772
36.397609, 0.067543, 7.429772
36.399281, 0.067543, 7.429772
36.401035, 0.064994, 7.149389
36.402816, 0.067543, 7.429772
36.404464, 0.070092, 7.710155
36.406062, 0.067543, 7.429772
36.407661, 0.067543, 7.429772
36.409299, 0.067543, 7.429772
36.411054, 0.064994, 7.149389
36.412743, 0.067543, 7.429772
36.414400, 0.067543, 7.429772
36.416121, 0.067543, 7.429772
36.418005, 0.067543, 7.429772
36.419772, 0.064994, 7.149389
36.421455, 0.067543, 7.429772
36.423219, 0.064994, 7.149389
36.424957, 0.067543, 7.429772
36.426545, 0.067543, 7.429772
36.428238, 0.067543, 7.429772
36.429895, 0.067543, 7.429772
36.431559, 0.067543, 7.429772
36.433379, 0.067543, 7.429772
36.435023, 0.067543, 7.429772
36.436639, 0.067543, 7.429772
36.438420, 0.064994, 7.149389
36.440442, 0.067543, 7.429772
36.442651, 0.067543, 7.429772
36.444724, 0.067543, 7.429772
36.446819, 0.067543, 7.429772
36.449593, 0.067543, 7.429772
36.451510, 0.064994, 7.149389
36.453348, 0.067543, 7.429772
36.455089, 0.064994, 7.149389
36.456817, 0.064994, 7.149389
36.458618, 0.067543, 7.429772
36.460568, 0.064994, 7.149389
36.462347, 0.067543, 7.429772
36.464234, 0.067543, 7.429772
36.466029, 0.064994, 7.149389
36.467769, 0.067543, 7.429772
36.469470, 0.067543, 7.429772
36.471182, 0.067543, 7.429772
36.472870, 0.067543, 7.429772
36.474685, 0.067543, 7.429772
36.476292, 0.064994, 7.149389
36.477886, 0.064994, 7.149389
36.479559, 0.067543, 7.429772
36.481362, 0.067543, 7.429772
36.483125, 0.067543, 7.429772
36.484957, 0.067543, 7.429772
36.486567, 0.067543, 7.429772
36.488165, 0.064994, 7.149389
36.489890, 0.067543, 7.429772
36.491625, 0.067543, 7.429772
36.493396, 0.067543, 7.429772
36.494973, 0.067543, 7.429772
36.496597, 0.064994, 7.149389
36.498370, 0.064994, 7.149389
36.500315, 0.067543, 7.429772
36.502151, 0.067543, 7.429772
36.503925, 0.067543, 7.429772
36.505796, 0.067543, 7.429772
36.507540, 0.067543, 7.429772
36.509145, 0.067543, 7.429772
36.510757, 0.067543, 7.429772
36.512394, 0.067543, 7.429772
36.514091, 0.067543, 7.429772
36.516403, 0.067543, 7.429772
36.518052, 0.064994, 7.149389
36.519766, 0.067543, 7.429772
36.522084, 0.067543, 7.429772
36.523817, 0.064994, 7.149389
36.525461, 0.067543, 7.429772
36.527066, 0.064994, 7.149389
36.528674, 0.067543, 7.429772
36.530825, 0.064994, 7.149389
36.532551, 0.067543, 7.429772
36.534270, 0.067543, 7.429772
36.536049, 0.067543, 7.429772
36.537647, 0.064994, 7.149389
36.539240, 0.064994, 7.149389
36.540837, 0.067543, 7.429772
36.542430, 0.064994, 7.149389
36.544112, 0.067543, 7.429772
36.545688, 0.067543, 7.429772
36.547771, 0.067543, 7.429772
36.549519, 0.067543, 7.429772
36.551333, 0.067543, 7.429772
36.552958, 0.067543, 7.429772
36.554557, 0.064994, 7.149389
36.556134, 0.064994, 7.149389
36.558041, 0.067543, 7.429772
36.559748, 0.064994, 7.149389
36.561530, 0.067543, 7.429772
36.563299, 0.067543, 7.429772
36.565019, 0.067543, 7.429772
36.567024, 0.067543, 7.429772
36.568756, 0.067543, 7.429772
36.570493, 0.067543, 7.429772
36.572278, 0.064994, 7.149389
36.573885, 0.067543, 7.429772
36.575485, 0.067543, 7.429772
36.577197, 0.064994, 7.149389
36.578867, 0.064994, 7.149389
36.580734, 0.064994, 7.149389
36.582535, 0.067543, 7.429772
36.584228, 0.064994, 7.149389
36.585822, 0.067543, 7.429772
36.587470, 0.064994, 7.149389
36.589200, 0.064994, 7.149389
36.590930, 0.067543, 7.429772
36.592699, 0.064994, 7.149389
36.594278, 0.067543, 7.429772
36.595888, 0.067543, 7.429772
36.597671, 0.067543, 7.429772
36.599669, 0.064994, 7.149389
36.601487, 0.067543, 7.429772
36.603100, 0.067543, 7.429772
36.604701, 0.067543, 7.429772
36.606286, 0.067543, 7.429772
36.608084, 0.064994, 7.149389
36.609779, 0.064994, 7.149389
36.611502, 0.067543, 7.429772
36.613314, 0.064994, 7.149389
36.615229, 0.067543, 7.429772
36.617068, 0.067543, 7.429772
36.619311, 0.067543, 7.429772
36.621367, 0.067543, 7.429772
36.623195, 0.067543, 7.429772
36.624982, 0.067543, 7.429772
36.626739, 0.067543, 7.429772
36.628869, 0.064994, 7.149389
36.630782, 0.067543, 7.429772
36.632505, 0.067543, 7.429772
36.634256, 0.067543, 7.429772
36.635919, 0.067543, 7.429772
36.637599, 0.067543, 7.429772
36.639926, 0.067543, 7.429772
36.641740, 0.064994, 7.149389
36.643450, 0.067543, 7.429772
36.645129, 0.067543, 7.429772
36.647738, 0.067543, 7.429772
36.650435, 0.067543, 7.429772
36.652216, 0.067543, 7.429772
36.653835, 0.067543, 7.429772
36.655460, 0.064994, 7.149389
36.657089, 0.067543, 7.429772
36.658991, 0.067543, 7.429772
36.662134, 0.064994, 7.149389
36.664766, 0.067543, 7.429772
36.666550, 0.064994, 7.149389
36.668295, 0.067543, 7.429772
36.670020, 0.067543, 7.429772
36.671721, 0.067543, 7.429772
36.673402, 0.067543, 7.429772
36.675237, 0.064994, 7.149389
36.676938, 0.064994, 7.149389
36.678695, 0.064994, 7.149389
36.681316, 0.067543, 7.429772
36.683092, 0.067543, 7.429772
36.684766, 0.067543, 7.429772
36.686376, 0.067543, 7.429772
36.687974, 0.067543, 7.429772
36.689663, 0.067543, 7.429772
36.691502, 0.067543, 7.429772
36.693275, 0.067543, 7.429772
36.694985, 0.067543, 7.429772
36.697027, 0.067543, 7.429772
36.698746, 0.067543, 7.429772
36.700452, 0.067543, 7.429772
36.702649, 0.067543, 7.429772
36.704510, 0.067543, 7.429772
36.706341, 0.067543, 7.429772
36.708031, 0.067543, 7.429772
36.709736, 0.067543, 7.429772
36.711532, 0.067543, 7.429772
36.713168, 0.067543, 7.429772
36.714885, 0.067543, 7.429772
36.716530, 0.067543, 7.429772
36.718606, 0.064994, 7.149389
36.720277, 0.067543, 7.429772
36.722015, 0.067543, 7.429772
36.723634, 0.067543, 7.429772
36.725247, 0.067543, 7.429772
36.727002, 0.067543, 7.429772
36.728766, 0.067543, 7.429772
36.730489, 0.067543, 7.429772
36.732298, 0.067543, 7.429772
36.734030, 0.067543, 7.429772
36.735706, 0.067543, 7.429772
36.737558, 0.064994, 7.149389
36.739302, 0.067543, 7.429772
36.740961, 0.067543, 7.429772
36.742633, 0.067543, 7.429772
36.744286, 0.067543, 7.429772
36.745941, 0.064994, 7.149389
36.747973, 0.067543, 7.429772
36.749646, 0.067543, 7.429772
36.751293, 0.064994, 7.149389
36.752909, 0.067543, 7.429772
36.754539, 0.067543, 7.429772
36.756222, 0.070092, 7.710155
36.759247, 0.067543, 7.429772
36.760970, 0.067543, 7.429772
36.762712, 0.064994, 7.149389
36.764552, 0.067543, 7.429772
36.766255, 0.067543, 7.429772
36.768153, 0.064994, 7.149389
36.769795, 0.067543, 7.429772
36.771395, 0.067543, 7.429772
36.772980, 0.067543, 7.429772
36.774563, 0.067543, 7.429772
36.776154, 0.067543, 7.429772
36.777926, 0.067543, 7.429772
36.779892, 0.067543, 7.429772
36.781903, 0.064994, 7.149389
36.783701, 0.067543, 7.429772
36.785499, 0.067543, 7.429772
36.787134, 0.067543, 7.429772
36.788783, 0.067543, 7.429772
36.790400, 0.067543, 7.429772
36.791979, 0.067543, 7.429772
36.793571, 0.064994, 7.149389
36.795167, 0.064994, 7.149389
36.796808, 0.067543, 7.429772
36.798535, 0.067543, 7.429772
36.800304, 0.067543, 7.429772
36.802016, 0.067543, 7.429772
36.803628, 0.067543, 7.429772
36.805230, 0.067543, 7.429772
36.806827, 0.067543, 7.429772
36.808455, 0.064994, 7.149389
36.810326, 0.067543, 7.429772
36.812247, 0.067543, 7.429772
36.814645, 0.067543, 7.429772
36.816409, 0.067543, 7.429772
36.818374, 0.067543, 7.429772
36.820136, 0.067543, 7.429772
36.821819, 0.067543, 7.429772
36.823586, 0.067543, 7.429772
36.825197, 0.067543, 7.429772
36.826797, 0.067543, 7.429772
36.828498, 0.067543, 7.429772
36.830188, 0.067543, 7.429772
36.831960, 0.064994, 7.149389
36.833721, 0.067543, 7.429772
36.835427, 0.067543, 7.429772
36.837043, 0.067543, 7.429772
36.838962, 0.067543, 7.429772
36.840619, 0.067543, 7.429772
36.842272, 0.067543, 7.429772
36.844030, 0.067543, 7.429772
36.845634, 0.067543, 7.429772
36.847290, 0.064994, 7.149389
36.849091, 0.067543, 7.429772
36.850929, 0.064994, 7.149389
36.852631, 0.064994, 7.149389
36.854307, 0.067543, 7.429772
36.855909, 0.067543, 7.429772
36.857497, 0.064994, 7.149389
36.859151, 0.067543, 7.429772
36.860804, 0.064994, 7.149389
36.863138, 0.067543, 7.429772
36.864900, 0.067543, 7.429772
36.866583, 0.064994, 7.149389
36.868421, 0.067543, 7.429772
36.871028, 0.067543, 7.429772
36.872912, 0.067543, 7.429772
36.874663, 0.067543, 7.429772
36.876307, 0.064994, 7.149389
36.878402, 0.067543, 7.429772
36.880267, 0.067543, 7.429772
36.882257, 0.064994, 7.149389
36.884039, 0.067543, 7.429772
36.885779, 0.067543, 7.429772
36.887399, 0.067543, 7.429772
36.889086, 0.067543, 7.429772
36.890891, 0.067543, 7.429772
36.892496, 0.067543, 7.429772
36.894098, 0.067543, 7.429772
36.895783, 0.067543, 7.429772
36.897504, 0.067543, 7.429772
36.899177, 0.067543, 7.429772
36.901419, 0.067543, 7.429772
36.903120, 0.067543, 7.429772
36.904805, 0.067543, 7.429772
36.906415, 0.067543, 7.429772
36.908012, 0.067543, 7.429772
36.909801, 0.067543, 7.429772
36.913941, 0.067543, 7.429772
36.915779, 0.064994, 7.149389
36.917716, 0.067543, 7.429772
36.919466, 0.067543, 7.429772
36.921365, 0.067543, 7.429772
36.923105, 0.067543, 7.429772
36.924864, 0.067543, 7.429772
36.926479, 0.064994, 7.149389
36.928083, 0.064994, 7.149389
36.929709, 0.064994, 7.149389
36.932051, 0.067543, 7.429772
36.933789, 0.067543, 7.429772
36.935564, 0.067543, 7.429772
36.937261, 0.067543, 7.429772
36.939031, 0.067543, 7.429772
36.940868, 0.067543, 7.429772
36.942553, 0.067543, 7.429772
36.944227, 0.067543, 7.429772
36.945870, 0.064994, 7.149389
36.947533, 0.067543, 7.429772
36.949198, 0.067543, 7.429772
36.950986, 0.064994, 7.149389
36.952643, 0.067543, 7.429772
36.954414, 0.064994, 7.149389
36.956004, 0.067543, 7.429772
36.957598, 0.067543, 7.429772
36.959196, 0.067543, 7.429772
36.960786, 0.067543, 7.429772
36.964167, 0.067543, 7.429772
36.965929, 0.064994, 7.149389
36.967779, 0.064994, 7.149389
36.969412, 0.064994, 7.149389
36.971012, 0.067543, 7.429772
36.972738, 0.067543, 7.429772
36.974425, 0.067543, 7.429772
36.976172, 0.067543, 7.429772
36.977756, 0.067543, 7.429772
36.979360, 0.067543, 7.429772
36.981064, 0.067543, 7.429772
36.983112, 0.064994, 7.149389
36.984838, 0.067543, 7.429772
36.986598, 0.067543, 7.429772
36.988182, 0.067543, 7.429772
36.989764, 0.067543, 7.429772
36.991352, 0.067543, 7.429772
36.993055, 0.067543, 7.429772
36.994830, 0.067543, 7.429772
36.996558, 0.067543, 7.429772
36.998198, 0.067543, 7.429772
36.999878, 0.067543, 7.429772
37.001610, 0.064994, 7.149389
37.003351, 0.067543, 7.429772
37.005043, 0.067543, 7.429772
37.006782, 0.067543, 7.429772
37.008376, 0.067543, 7.429772
37.009947, 0.064994, 7.149389
37.011533, 0.067543, 7.429772
37.013282, 0.064994, 7.149389
37.015005, 0.064994, 7.149389
37.016707, 0.067543, 7.429772
37.018434, 0.067543, 7.429772
37.020017, 0.064994, 7.149389
37.021699, 0.067543, 7.429772
37.023386, 0.067543, 7.429772
37.025123, 0.067543, 7.429772
37.026847, 0.067543, 7.429772
37.028441, 0.067543, 7.429772
37.030077, 0.067543, 7.429772
37.031753, 0.067543, 7.429772
37.033462, 0.067543, 7.429772
37.035376, 0.067543, 7.429772
37.037097, 0.067543, 7.429772
37.038693, 0.067543, 7.429772
37.040298, 0.067543, 7.429772
37.041867, 0.064994, 7.149389
37.043518, 0.067543, 7.429772
37.045124, 0.067543, 7.429772
37.046740, 0.067543, 7.429772
37.048357, 0.067543, 7.429772
37.050029, 0.067543, 7.429772
37.051875, 0.067543, 7.429772
37.054138, 0.067543, 7.429772
37.055792, 0.067543, 7.429772
37.057550, 0.064994, 7.149389
37.059241, 0.064994, 7.149389
37.060853, 0.064994, 7.149389
37.062465, 0.067543, 7.429772
37.064206, 0.067543, 7.429772
37.065824, 0.067543, 7.429772
37.067655, 0.067543, 7.429772
37.069269, 0.067543, 7.429772
37.070860, 0.064994, 7.149389
37.072456, 0.067543, 7.429772
37.074091, 0.067543, 7.429772
37.076402, 0.067543, 7.429772
37.078087, 0.064994, 7.149389
37.079763, 0.067543, 7.429772
37.081409, 0.067543, 7.429772
37.083126, 0.064994, 7.149389
37.085104, 0.064994, 7.149389
37.086830, 0.067543, 7.429772
37.088573, 0.064994, 7.149389
37.090167, 0.067543, 7.429772
37.091740, 0.067543, 7.429772
37.093308, 0.067543, 7.429772
37.095012, 0.067543, 7.429772
37.096671, 0.067543, 7.429772
37.098313, 0.067543, 7.429772
37.099939, 0.067543, 7.429772
37.101713, 0.067543, 7.429772
37.103285, 0.067543, 7.429772
37.104867, 0.067543, 7.429772
37.108897, 0.067543, 7.429772
37.110786, 0.067543, 7.429772
37.112604, 0.067543, 7.429772
37.114522, 0.067543, 7.429772
37.116305, 0.067543, 7.429772
37.118055, 0.067543, 7.429772
37.119665, 0.067543, 7.429772
37.121356, 0.067543, 7.429772
37.122994, 0.064994, 7.149389
37.124579, 0.067543, 7.429772
37.126174, 0.064994, 7.149389
37.127774, 0.067543, 7.429772
37.129395, 0.067543, 7.429772
37.131081, 0.067543, 7.429772
37.132678, 0.067543, 7.429772
37.134290, 0.067543, 7.429772
37.135959, 0.067543, 7.429772
37.137822, 0.067543, 7.429772
37.139477, 0.067543, 7.429772
37.141138, 0.064994, 7.149389
37.142799, 0.064994, 7.149389
37.144408, 0.067543, 7.429772
37.146048, 0.067543, 7.429772
37.147706, 0.067543, 7.429772
37.149377, 0.067543, 7.429772
37.151082, 0.067543, 7.429772
37.152693, 0.064994, 7.149389
37.154286, 0.067543, 7.429772
37.155891, 0.067543, 7.429772
37.157701, 0.067543, 7.429772
37.159376, 0.067543, 7.429772
37.161113, 0.067543, 7.429772
37.162793, 0.067543, 7.429772
37.164428, 0.067543, 7.429772
37.166091, 0.067543, 7.429772
37.167880, 0.067543, 7.429772
37.169586, 0.064994, 7.149389
37.171320, 0.064994, 7.149389
37.172915, 0.067543, 7.429772
37.174481, 0.067543, 7.429772
37.176062, 0.067543, 7.429772
37.177765, 0.064994, 7.149389
37.180081, 0.067543, 7.429772
37.181815, 0.067543, 7.429772
37.183502, 0.064994, 7.149389
37.185272, 0.067543, 7.429772
37.186935, 0.067543, 7.429772
37.188790, 0.067543, 7.429772
37.190549, 0.067543, 7.429772
37.192228, 0.067543, 7.429772
37.193976, 0.064994, 7.149389
37.195589, 0.067543, 7.429772
37.197279, 0.067543, 7.429772
37.198915, 0.067543, 7.429772
37.200595, 0.067543, 7.429772
37.202303, 0.064994, 7.149389
37.204033, 0.067543, 7.429772
37.205734, 0.067543, 7.429772
37.207421, 0.067543, 7.429772
37.208999, 0.067543, 7.429772
37.210589, 0.067543, 7.429772
37.212193, 0.067543, 7.429772
37.214218, 0.067543, 7.429772
37.215941, 0.067543, 7.429772
37.217670, 0.067543, 7.429772
37.219396, 0.067543, 7.429772
37.221071, 0.064994, 7.149389
37.222788, 0.067543, 7.429772
37.224391, 0.067543, 7.429772
37.226495, 0.067543, 7.429772
37.228174, 0.067543, 7.429772
37.229860, 0.067543, 7.429772
37.231573, 0.064994, 7.149389
37.233331, 0.067543, 7.429772
37.234918, 0.067543, 7.429772
37.236506, 0.067543, 7.429772
37.238098, 0.064994, 7.149389
37.239857, 0.064994, 7.149389
37.241616, 0.067543, 7.429772
37.243313, 0.067543, 7.429772
37.245037, 0.067543, 7.429772
37.246686, 0.067543, 7.429772
37.248592, 0.067543, 7.429772
37.250452, 0.067543, 7.429772
37.252262, 0.067543, 7.429772
37.254086, 0.067543, 7.429772
37.255721, 0.067543, 7.429772
37.257349, 0.064994, 7.149389
37.258983, 0.064994, 7.149389
37.260935, 0.067543, 7.429772
37.262706, 0.064994, 7.149389
37.264530, 0.064994, 7.149389
37.266215, 0.067543, 7.429772
37.267938, 0.067543, 7.429772
37.269523, 0.067543, 7.429772
37.271676, 0.067543, 7.429772
37.273521, 0.064994, 7.149389
37.275411, 0.067543, 7.429772
37.277092, 0.064994, 7.149389
37.278853, 0.067543, 7.429772
37.281034, 0.067543, 7.429772
37.282801, 0.067543, 7.429772
37.284456, 0.067543, 7.429772
37.286043, 0.067543, 7.429772
37.287638, 0.067543, 7.429772
37.289300, 0.067543, 7.429772
37.291092, 0.067543, 7.429772
37.292868, 0.067543, 7.429772
37.294616, 0.067543, 7.429772
37.296235, 0.067543, 7.429772
37.298169, 0.067543, 7.429772
37.299846, 0.067543, 7.429772
37.301997, 0.067543, 7.429772
37.303754, 0.067543, 7.429772
37.305463, 0.067543, 7.429772
37.307074, 0.067543, 7.429772
37.308653, 0.067543, 7.429772
37.310325, 0.067543, 7.429772
37.312139, 0.067543, 7.429772
37.313849, 0.067543, 7.429772
37.315484, 0.067543, 7.429772
37.317181, 0.067543, 7.429772
37.318791, 0.064994, 7.149389
37.320368, 0.064994, 7.149389
37.322162, 0.064994, 7.149389
37.323844, 0.067543, 7.429772
37.325560, 0.067543, 7.429772
37.327242, 0.064994, 7.149389
37.329440, 0.067543, 7.429772
37.331540, 0.064994, 7.149389
37.333333, 0.067543, 7.429772
37.334989, 0.067543, 7.429772
37.336723, 0.067543, 7.429772
37.338335, 0.067543, 7.429772
37.339934, 0.067543, 7.429772
37.341524, 0.067543, 7.429772
37.343482, 0.067543, 7.429772
37.345116, 0.067543, 7.429772
37.346810, 0.064994, 7.149389
37.348755, 0.067543, 7.429772
37.350411, 0.067543, 7.429772
37.352240, 0.067543, 7.429772
37.353913, 0.067543, 7.429772
37.355584, 0.067543, 7.429772
37.357186, 0.067543, 7.429772
37.358765, 0.064994, 7.149389
37.360358, 0.067543, 7.429772
37.361955, 0.067543, 7.429772
37.365031, 0.064994, 7.149389
37.366794, 0.067543, 7.429772
37.368477, 0.067543, 7.429772
37.370060, 0.067543, 7.429772
37.371649, 0.067543, 7.429772
37.373339, 0.067543, 7.429772
37.375070, 0.067543, 7.429772
37.376720, 0.067543, 7.429772
37.378301, 0.067543, 7.429772
37.379998, 0.067543, 7.429772
37.381628, 0.067543, 7.429772
37.383484, 0.067543, 7.429772
37.385234, 0.067543, 7.429772
37.386941, 0.067543, 7.429772
37.388585, 0.067543, 7.429772
37.390175, 0.064994, 7.149389
37.391741, 0.064994, 7.149389
37.393410, 0.067543, 7.429772
37.395021, 0.064994, 7.149389
37.396754, 0.064994, 7.149389
37.398740, 0.067543, 7.429772
37.400936, 0.067543, 7.429772
37.402710, 0.067543, 7.429772
37.404637, 0.067543, 7.429772
37.406319, 0.064994, 7.149389
37.407987, 0.067543, 7.429772
37.409733, 0.067543, 7.429772
37.411335, 0.067543, 7.429772
37.412948, 0.067543, 7.429772
37.414772, 0.067543, 7.429772
37.416390, 0.064994, 7.149389
37.418006, 0.067543, 7.429772
37.419699, 0.067543, 7.429772
37.421374, 0.067543, 7.429772
37.422970, 0.067543, 7.429772
37.424718, 0.067543, 7.429772
37.426465, 0.067543, 7.429772
37.428135, 0.067543, 7.429772
37.429851, 0.067543, 7.429772
37.431496, 0.067543, 7.429772
37.433230, 0.064994, 7.149389
37.434986, 0.067543, 7.429772
37.436688, 0.067543, 7.429772
37.438338, 0.064994, 7.149389
37.439934, 0.067543, 7.429772
37.441535, 0.067543, 7.429772
37.443199, 0.067543, 7.429772
37.444959, 0.067543, 7.429772
37.446692, 0.067543, 7.429772
37.448428, 0.067543, 7.429772
37.450119, 0.067543, 7.429772
37.451874, 0.067543, 7.429772
37.453473, 0.067543, 7.429772
37.455357, 0.067543, 7.429772
37.457018, 0.067543, 7.429772
37.458759, 0.067543, 7.429772
37.460346, 0.067543, 7.429772
37.461916, 0.067543, 7.429772
37.463560, 0.067543, 7.429772
37.465414, 0.067543, 7.429772
37.467164, 0.064994, 7.149389
37.468815, 0.067543, 7.429772
37.470472, 0.067543, 7.429772
37.472090, 0.064994, 7.149389
37.473718, 0.064994, 7.149389
37.475509, 0.067543, 7.429772
37.477160, 0.067543, 7.429772
37.478840, 0.067543, 7.429772
37.480606, 0.067543, 7.429772
37.482249, 0.067543, 7.429772
37.483961, 0.067543, 7.429772
37.485784, 0.067543, 7.429772
37.487435, 0.067543, 7.429772
37.489033, 0.067543, 7.429772
37.490634, 0.067543, 7.429772
37.492210, 0.067543, 7.429772
37.493802, 0.067543, 7.429772
37.495400, 0.067543, 7.429772
37.497695, 0.067543, 7.429772
37.499600, 0.067543, 7.429772
37.501379, 0.067543, 7.429772
37.503142, 0.067543, 7.429772
37.504749, 0.067543, 7.429772
37.506486, 0.067543, 7.429772
37.508126, 0.067543, 7.429772
37.509870, 0.067543, 7.429772
37.511554, 0.067543, 7.429772
37.513164, 0.067543, 7.429772
37.514812, 0.067543, 7.429772
37.516678, 0.064994, 7.149389
37.518452, 0.064994, 7.149389
37.520214, 0.067543, 7.429772
37.521889, 0.067543, 7.429772
37.523566, 0.067543, 7.429772
37.525145, 0.067543, 7.429772
37.526820, 0.067543, 7.429772
37.528507, 0.067543, 7.429772
37.531068, 0.067543, 7.429772
37.532774, 0.067543, 7.429772
37.534474, 0.067543, 7.429772
37.536083, 0.067543, 7.429772
37.537801, 0.067543, 7.429772
37.539457, 0.067543, 7.429772
37.541264, 0.067543, 7.429772
37.542857, 0.067543, 7.429772
37.544451, 0.067543, 7.429772
37.546048, 0.067543, 7.429772
37.548154, 0.067543, 7.429772
37.549996, 0.067543, 7.429772
37.551729, 0.067543, 7.429772
37.553322, 0.067543, 7.429772
37.554919, 0.067543, 7.429772
37.556508, 0.067543, 7.429772
37.560007, 0.064994, 7.149389
37.563081, 0.067543, 7.429772
37.566531, 0.067543, 7.429772
37.570163, 0.067543, 7.429772
37.571992, 0.067543, 7.429772
37.573783, 0.067543, 7.429772
37.575468, 0.067543, 7.429772
37.577107, 0.067543, 7.429772
37.580055, 0.067543, 7.429772
37.581787, 0.067543, 7.429772
37.583468, 0.067543, 7.429772
37.585256, 0.067543, 7.429772
37.586872, 0.067543, 7.429772
37.588906, 0.067543, 7.429772
37.590660, 0.067543, 7.429772
37.592320, 0.067543, 7.429772
37.593904, 0.067543, 7.429772
37.595504, 0.067543, 7.429772
37.597449, 0.067543, 7.429772
37.599997, 0.067543, 7.429772
37.601707, 0.067543, 7.429772
37.603428, 0.067543, 7.429772
37.605021, 0.067543, 7.429772
37.606625, 0.067543, 7.429772
37.608224, 0.067543, 7.429772
37.610119, 0.064994, 7.149389
37.611865, 0.067543, 7.429772
37.613596, 0.067543, 7.429772
37.615230, 0.067543, 7.429772
37.616949, 0.067543, 7.429772
37.618603, 0.067543, 7.429772
37.620380, 0.067543, 7.429772
37.622082, 0.067543, 7.429772
37.623824, 0.067543, 7.429772
37.625466, 0.067543, 7.429772
37.627096, 0.067543, 7.429772
37.628726, 0.067543, 7.429772
37.631029, 0.067543, 7.429772
37.632754, 0.067543, 7.429772
37.634412, 0.067543, 7.429772
37.636049, 0.070092, 7.710155
37.637667, 0.067543, 7.429772
37.639333, 0.067543, 7.429772
37.640997, 0.064994, 7.149389
37.642627, 0.067543, 7.429772
37.644251, 0.067543, 7.429772
37.646615, 0.067543, 7.429772
37.648365, 0.067543, 7.429772
37.650249, 0.067543, 7.429772
37.652843, 0.067543, 7.429772
37.655443, 0.067543, 7.429772
37.657145, 0.067543, 7.429772
37.658812, 0.067543, 7.429772
37.661002, 0.067543, 7.429772
37.662799, 0.067543, 7.429772
37.665062, 0.067543, 7.429772
37.666837, 0.067543, 7.429772
37.668491, 0.067543, 7.429772
37.670251, 0.067543, 7.429772
37.671923, 0.067543, 7.429772
37.673594, 0.067543, 7.429772
37.675291, 0.064994, 7.149389
37.676959, 0.064994, 7.149389
37.678608, 0.067543, 7.429772
37.680379, 0.067543, 7.429772
37.682085, 0.067543, 7.429772
37.683871, 0.067543, 7.429772
37.685492, 0.067543, 7.429772
37.687103, 0.067543, 7.429772
37.688709, 0.067543, 7.429772
37.690326, 0.067543, 7.429772
37.692048, 0.064994, 7.149389
37.693663, 0.067543, 7.429772
37.695244, 0.067543, 7.429772
37.696877, 0.067543, 7.429772
37.698533, 0.067543, 7.429772
37.700211, 0.067543, 7.429772
37.702241, 0.067543, 7.429772
37.703931, 0.067543, 7.429772
37.705665, 0.067543, 7.429772
37.707262, 0.067543, 7.429772
37.708851, 0.067543, 7.429772
37.710425, 0.067543, 7.429772
37.714075, 0.067543, 7.429772
37.716081, 0.067543, 7.429772
37.717960, 0.067543, 7.429772
37.719782, 0.067543, 7.429772
37.721560, 0.067543, 7.429772
37.723291, 0.067543, 7.429772
37.725002, 0.067543, 7.429772
37.726736, 0.067543, 7.429772
37.728679, 0.067543, 7.429772
37.731301, 0.067543, 7.429772
37.733488, 0.067543, 7.429772
37.735324, 0.067543, 7.429772
37.737004, 0.067543, 7.429772
37.738682, 0.067543, 7.429772
37.740346, 0.064994, 7.149389
37.742354, 0.067543, 7.429772
37.744803, 0.067543, 7.429772
37.746685, 0.064994, 7.149389
37.748721, 0.067543, 7.429772
37.750358, 0.067543, 7.429772
37.751978, 0.067543, 7.429772
37.753588, 0.067543, 7.429772
37.755189, 0.067543, 7.429772
37.756781, 0.064994, 7.149389
37.758609, 0.067543, 7.429772
37.760809, 0.067543, 7.429772
37.762527, 0.067543, 7.429772
37.764699, 0.067543, 7.429772
37.766433, 0.067543, 7.429772
37.768124, 0.067543, 7.429772
37.769772, 0.067543, 7.429772
37.771497, 0.070092, 7.710155
37.773140, 0.067543, 7.429772
37.774868, 0.067543, 7.429772
37.776591, 0.067543, 7.429772
37.778318, 0.067543, 7.429772
37.780111, 0.067543, 7.429772
37.781769, 0.067543, 7.429772
37.783526, 0.067543, 7.429772
37.785110, 0.067543, 7.429772
37.786703, 0.067543, 7.429772
37.788296, 0.067543, 7.429772
37.790089, 0.067543, 7.429772
37.791789, 0.067543, 7.429772
37.793467, 0.064994, 7.149389
37.795114, 0.067543, 7.429772
37.796763, 0.067543, 7.429772
37.798409, 0.067543, 7.429772
37.800255, 0.067543, 7.429772
37.801883, 0.067543, 7.429772
37.803476, 0.067543, 7.429772
37.805045, 0.067543, 7.429772
37.806623, 0.067543, 7.429772
37.808203, 0.064994, 7.149389
37.809844, 0.067543, 7.429772
37.811740, 0.067543, 7.429772
37.813425, 0.067543, 7.429772
37.815003, 0.067543, 7.429772
37.816692, 0.067543, 7.429772
37.818369, 0.064994, 7.149389
37.820008, 0.067543, 7.429772
37.821774, 0.067543, 7.429772
37.823485, 0.067543, 7.429772
37.825178, 0.067543, 7.429772
37.826765, 0.067543, 7.429772
37.828342, 0.067543, 7.429772
37.830026, 0.067543, 7.429772
37.831783, 0.067543, 7.429772
37.833463, 0.067543, 7.429772
37.835150, 0.064994, 7.149389
37.836749, 0.067543, 7.429772
37.838353, 0.067543, 7.429772
37.839936, 0.067543, 7.429772
37.841983, 0.067543, 7.429772
37.843886, 0.067543, 7.429772
37.845546, 0.067543, 7.429772
37.847161, 0.067543, 7.429772
37.848778, 0.067543, 7.429772
37.850602, 0.067543, 7.429772
37.852302, 0.067543, 7.429772
37.854288, 0.067543, 7.429772
37.855940, 0.067543, 7.429772
37.857754, 0.067543, 7.429772
37.859461, 0.064994, 7.149389
37.861061, 0.067543, 7.429772
37.862742, 0.067543, 7.429772
37.864361, 0.067543, 7.429772
37.866088, 0.067543, 7.429772
37.867828, 0.067543, 7.429772
37.869401, 0.067543, 7.429772
37.870984, 0.067543, 7.429772
37.872863, 0.067543, 7.429772
37.874653, 0.067543, 7.429772
37.877063, 0.067543, 7.429772
37.879390, 0.067543, 7.429772
37.882167, 0.067543, 7.429772
37.884936, 0.067543, 7.429772
37.886757, 0.067543, 7.429772
37.888607, 0.067543, 7.429772
37.890732, 0.067543, 7.429772
37.892530, 0.067543, 7.429772
37.894222, 0.067543, 7.429772
37.895858, 0.064994, 7.149389
37.898108, 0.067543, 7.429772
37.899786, 0.067543, 7.429772
37.901508, 0.067543, 7.429772
37.903223, 0.067543, 7.429772
37.904871, 0.067543, 7.429772
37.906635, 0.067543, 7.429772
37.908450, 0.067543, 7.429772
37.910059, 0.067543, 7.429772
37.911673, 0.064994, 7.149389
37.914383, 0.064994, 7.149389
37.916476, 0.067543, 7.429772
37.918394, 0.067543, 7.429772
37.920182, 0.067543, 7.429772
37.921974, 0.064994, 7.149389
37.923659, 0.067543, 7.429772
37.925269, 0.067543, 7.429772
37.926995, 0.067543, 7.429772
37.928799, 0.064994, 7.149389
37.930529, 0.067543, 7.429772
37.932274, 0.067543, 7.429772
37.934261, 0.067543, 7.429772
37.935965, 0.064994, 7.149389
37.938287, 0.067543, 7.429772
37.940095, 0.067543, 7.429772
37.941785, 0.067543, 7.429772
37.943441, 0.064994, 7.149389
37.945068, 0.064994, 7.149389
37.947005, 0.064994, 7.149389
37.948676, 0.067543, 7.429772
37.950504, 0.067543, 7.429772
37.952117, 0.067543, 7.429772
37.953829, 0.067543, 7.429772
37.955523, 0.064994, 7.149389
37.957542, 0.067543, 7.429772
37.959620, 0.067543, 7.429772
37.961479, 0.064994, 7.149389
37.963804, 0.067543, 7.429772
37.965783, 0.064994, 7.149389
37.967568, 0.067543, 7.429772
37.969464, 0.067543, 7.429772
37.971286, 0.067543, 7.429772
37.973029, 0.067543, 7.429772
37.974799, 0.064994, 7.149389
37.976517, 0.067543, 7.429772
37.978204, 0.067543, 7.429772
37.979988, 0.067543, 7.429772
37.981711, 0.067543, 7.429772
37.983487, 0.067543, 7.429772
37.985480, 0.067543, 7.429772
37.987282, 0.064994, 7.149389
37.989167, 0.067543, 7.429772
37.990795, 0.067543, 7.429772
37.992481, 0.067543, 7.429772
37.994122, 0.067543, 7.429772
37.995984, 0.067543, 7.429772
37.997782, 0.067543, 7.429772
37.999469, 0.067543, 7.429772
38.001181, 0.067543, 7.429772
38.002832, 0.067543, 7.429772
38.004537, 0.067543, 7.429772
38.006215, 0.067543, 7.429772
38.007980, 0.067543, 7.429772
38.009839, 0.067543, 7.429772
38.011465, 0.067543, 7.429772
38.013124, 0.067543, 7.429772
38.014898, 0.067543, 7.429772
38.016646, 0.064994, 7.149389
38.018344, 0.064994, 7.149389
38.020180, 0.067543, 7.429772
38.021903, 0.067543, 7.429772
38.023511, 0.067543, 7.429772
38.025111, 0.067543, 7.429772
38.026835, 0.067543, 7.429772
38.028608, 0.067543, 7.429772
38.030555, 0.064994, 7.149389
38.032330, 0.067543, 7.429772
38.034149, 0.067543, 7.429772
38.035818, 0.067543, 7.429772
38.037443, 0.067543, 7.429772
38.039046, 0.067543, 7.429772
38.040635, 0.067543, 7.429772
38.042209, 0.067543, 7.429772
38.043797, 0.067543, 7.429772
38.045465, 0.067543, 7.429772
38.047388, 0.067543, 7.429772
38.049178, 0.067543, 7.429772
38.051120, 0.067543, 7.429772
38.052803, 0.067543, 7.429772
38.054461, 0.064994, 7.149389
38.056128, 0.067543, 7.429772
38.057925, 0.067543, 7.429772
38.059790, 0.067543, 7.429772
38.061597, 0.067543, 7.429772
38.063258, 0.067543, 7.429772
38.064944, 0.067543, 7.429772
38.067000, 0.067543, 7.429772
38.068763, 0.067543, 7.429772
38.070642, 0.067543, 7.429772
38.072463, 0.067543, 7.429772
38.074108, 0.067543, 7.429772
38.075764, 0.067543, 7.429772
38.077612, 0.064994, 7.149389
38.079366, 0.067543, 7.429772
38.081093, 0.064994, 7.149389
38.082754, 0.067543, 7.429772
38.084551, 0.064994, 7.149389
38.086294, 0.067543, 7.429772
38.088013, 0.064994, 7.149389
38.089681, 0.064994, 7.149389
38.091580, 0.067543, 7.429772
38.093195, 0.067543, 7.429772
38.094775, 0.067543, 7.429772
38.096400, 0.067543, 7.429772
38.098123, 0.067543, 7.429772
38.099776, 0.064994, 7.149389
38.101548, 0.067543, 7.429772
38.103417, 0.067543, 7.429772
38.105028, 0.067543, 7.429772
38.106605, 0.070092, 7.710155
38.109062, 0.067543, 7.429772
38.112668, 0.067543, 7.429772
38.114559, 0.067543, 7.429772
38.116769, 0.064994, 7.149389
38.118671, 0.064994, 7.149389
38.120366, 0.067543, 7.429772
38.122050, 0.064994, 7.149389
38.123801, 0.067543, 7.429772
38.125401, 0.067543, 7.429772
38.126968, 0.064994, 7.149389
38.128573, 0.067543, 7.429772
38.130355, 0.067543, 7.429772
38.132003, 0.067543, 7.429772
38.133811, 0.067543, 7.429772
38.135409, 0.067543, 7.429772
38.136985, 0.067543, 7.429772
38.138577, 0.067543, 7.429772
38.140332, 0.067543, 7.429772
38.142045, 0.067543, 7.429772
38.143768, 0.067543, 7.429772
38.145372, 0.067543, 7.429772
38.147095, 0.067543, 7.429772
38.148862, 0.067543, 7.429772
38.150773, 0.064994, 7.149389
38.152516, 0.067543, 7.429772
38.154219, 0.067543, 7.429772
38.155808, 0.067543, 7.429772
38.157391, 0.067543, 7.429772
38.158973, 0.067543, 7.429772
38.160700, 0.067543, 7.429772
38.162438, 0.067543, 7.429772
38.164397, 0.064994, 7.149389
38.166246, 0.067543, 7.429772
38.168058, 0.067543, 7.429772
38.170084, 0.067543, 7.429772
38.171732, 0.067543, 7.429772
38.173412, 0.067543, 7.429772
38.175171, 0.067543, 7.429772
38.176765, 0.064994, 7.149389
38.178351, 0.067543, 7.429772
38.180141, 0.067543, 7.429772
38.183511, 0.067543, 7.429772
38.185205, 0.067543, 7.429772
38.187016, 0.067543, 7.429772
38.188616, 0.067543, 7.429772
38.190282, 0.067543, 7.429772
38.191897, 0.067543, 7.429772
38.193600, 0.067543, 7.429772
38.195407, 0.067543, 7.429772
38.197054, 0.067543, 7.429772
38.198745, 0.067543, 7.429772
38.200698, 0.067543, 7.429772
38.202804, 0.067543, 7.429772
38.204583, 0.067543, 7.429772
38.206295, 0.067543, 7.429772
38.207878, 0.067543, 7.429772
38.209460, 0.067543, 7.429772
38.211358, 0.067543, 7.429772
38.214101, 0.067543, 7.429772
38.215863, 0.067543, 7.429772
38.217666, 0.067543, 7.429772
38.219256, 0.064994, 7.149389
38.220821, 0.067543, 7.429772
38.222930, 0.067543, 7.429772
38.224665, 0.064994, 7.149389
38.226329, 0.067543, 7.429772
38.227908, 0.064994, 7.149389
38.229498, 0.067543, 7.429772
38.231784, 0.064994, 7.149389
38.233590, 0.067543, 7.429772
38.235401, 0.067543, 7.429772
38.236989, 0.067543, 7.429772
38.238567, 0.064994, 7.149389
38.240150, 0.067543, 7.429772
38.241818, 0.067543, 7.429772
38.243574, 0.067543, 7.429772
38.245405, 0.067543, 7.429772
38.247861, 0.067543, 7.429772
38.249607, 0.067543, 7.429772
38.251234, 0.067543, 7.429772
38.255016, 0.067543, 7.429772
38.256974, 0.067543, 7.429772
38.258720, 0.067543, 7.429772
38.260326, 0.067543, 7.429772
38.261902, 0.067543, 7.429772
38.265047, 0.067543, 7.429772
38.266831, 0.067543, 7.429772
38.269395, 0.067543, 7.429772
38.271302, 0.064994, 7.149389
38.273025, 0.067543, 7.429772
38.274848, 0.067543, 7.429772
38.276620, 0.067543, 7.429772
38.278239, 0.067543, 7.429772
38.280082, 0.064994, 7.149389
38.281894, 0.067543, 7.429772
38.284036, 0.067543, 7.429772
38.285686, 0.067543, 7.429772
38.287385, 0.064994, 7.149389
38.289133, 0.067543, 7.429772
38.290723, 0.067543, 7.429772
38.292335, 0.067543, 7.429772
38.293926, 0.067543, 7.429772
38.295670, 0.067543, 7.429772
38.298256, 0.067543, 7.429772
38.300047, 0.067543, 7.429772
38.301764, 0.064994, 7.149389
38.303351, 0.067543, 7.429772
38.304931, 0.064994, 7.149389
38.306564, 0.067543, 7.429772
38.308147, 0.067543, 7.429772
38.309713, 0.067543, 7.429772
38.311295, 0.067543, 7.429772
38.313007, 0.067543, 7.429772
38.314716, 0.067543, 7.429772
38.316534, 0.067543, 7.429772
38.320024, 0.067543, 7.429772
38.321903, 0.067543, 7.429772
38.323664, 0.067543, 7.429772
38.325274, 0.067543, 7.429772
38.326877, 0.067543, 7.429772
38.328472, 0.067543, 7.429772
38.331292, 0.067543, 7.429772
38.333355, 0.067543, 7.429772
38.335147, 0.067543, 7.429772
38.336949, 0.067543, 7.429772
38.338563, 0.067543, 7.429772
38.340172, 0.067543, 7.429772
38.341775, 0.067543, 7.429772
38.343452, 0.067543, 7.429772
38.345038, 0.067543, 7.429772
38.347072, 0.064994, 7.149389
38.348971, 0.064994, 7.149389
38.350660, 0.067543, 7.429772
38.352457, 0.067543, 7.429772
38.354116, 0.067543, 7.429772
38.355709, 0.067543, 7.429772
38.357334, 0.067543, 7.429772
38.358947, 0.067543, 7.429772
38.360540, 0.067543, 7.429772
38.362572, 0.067543, 7.429772
38.364610, 0.067543, 7.429772
38.366441, 0.067543, 7.429772
38.368140, 0.067543, 7.429772
38.369904, 0.067543, 7.429772
38.371505, 0.067543, 7.429772
38.373234, 0.064994, 7.149389
38.374846, 0.067543, 7.429772
38.376425, 0.064994, 7.149389
38.378007, 0.067543, 7.429772
38.379678, 0.067543, 7.429772
38.381413, 0.067543, 7.429772
38.383283, 0.067543, 7.429772
38.385137, 0.067543, 7.429772
38.386871, 0.067543, 7.429772
38.388501, 0.067543, 7.429772
38.390102, 0.067543, 7.429772
38.391699, 0.067543, 7.429772
38.393431, 0.067543, 7.429772
38.395246, 0.067543, 7.429772
38.398011, 0.067543, 7.429772
38.399726, 0.067543, 7.429772
38.401401, 0.067543, 7.429772
38.403128, 0.067543, 7.429772
38.404751, 0.067543, 7.429772
38.406334, 0.067543, 7.429772
38.407922, 0.070092, 7.710155
38.409513, 0.067543, 7.429772
38.411097, 0.067543, 7.429772
38.413444, 0.067543, 7.429772
38.416377, 0.067543, 7.429772
38.418127, 0.067543, 7.429772
38.419838, 0.067543, 7.429772
38.421529, 0.064994, 7.149389
38.423244, 0.067543, 7.429772
38.426547, 0.067543, 7.429772
38.428341, 0.067543, 7.429772
38.430169, 0.064994, 7.149389
38.431828, 0.067543, 7.429772
38.433621, 0.067543, 7.429772
38.435341, 0.067543, 7.429772
38.436987, 0.067543, 7.429772
38.438669, 0.067543, 7.429772
38.440353, 0.067543, 7.429772
38.441954, 0.067543, 7.429772
38.443801, 0.067543, 7.429772
38.445439, 0.067543, 7.429772
38.447420, 0.067543, 7.429772
38.449072, 0.067543, 7.429772
38.450815, 0.064994, 7.149389
38.452399, 0.067543, 7.429772
38.454947, 0.067543, 7.429772
38.457297, 0.067543, 7.429772
38.459064, 0.067543, 7.429772
38.460763, 0.067543, 7.429772
38.462560, 0.064994, 7.149389
38.464338, 0.067543, 7.429772
38.466144, 0.067543, 7.429772
38.468919, 0.064994, 7.149389
38.471063, 0.067543, 7.429772
38.472980, 0.067543, 7.429772
38.474860, 0.067543, 7.429772
38.476873, 0.067543, 7.429772
38.479519, 0.067543, 7.429772
38.483737, 0.067543, 7.429772
38.486071, 0.067543, 7.429772
38.488192, 0.067543, 7.429772
38.490305, 0.067543, 7.429772
38.492369, 0.067543, 7.429772
38.494767, 0.067543, 7.429772
38.498026, 0.067543, 7.429772
38.500283, 0.067543, 7.429772
38.502232, 0.067543, 7.429772
38.504103, 0.067543, 7.429772
38.506105, 0.064994, 7.149389
38.507944, 0.067543, 7.429772
38.509740, 0.067543, 7.429772
38.511515, 0.067543, 7.429772
38.513551, 0.067543, 7.429772
38.515604, 0.067543, 7.429772
38.517506, 0.067543, 7.429772
38.519284, 0.067543, 7.429772
38.521246, 0.067543, 7.429772
38.523094, 0.067543, 7.429772
38.524838, 0.067543, 7.429772
38.526724, 0.067543, 7.429772
38.528386, 0.067543, 7.429772
38.530069, 0.067543, 7.429772
38.531778, 0.067543, 7.429772
38.533428, 0.067543, 7.429772
38.535084, 0.064994, 7.149389
38.536780, 0.067543, 7.429772
38.538397, 0.067543, 7.429772
38.540033, 0.067543, 7.429772
38.541667, 0.067543, 7.429772
38.543282, 0.067543, 7.429772
38.544893, 0.067543, 7.429772
38.546587, 0.067543, 7.429772
38.548300, 0.067543, 7.429772
38.549977, 0.067543, 7.429772
38.551635, 0.067543, 7.429772
38.553360, 0.064994, 7.149389
38.555197, 0.067543, 7.429772
38.557002, 0.067543, 7.429772
38.558771, 0.067543, 7.429772
38.560476, 0.067543, 7.429772
38.562209, 0.067543, 7.429772
38.564001, 0.067543, 7.429772
38.565878, 0.067543, 7.429772
38.567644, 0.067543, 7.429772
38.569334, 0.067543, 7.429772
38.571095, 0.067543, 7.429772
38.572799, 0.067543, 7.429772
38.574738, 0.067543, 7.429772
38.576625, 0.067543, 7.429772
38.578408, 0.067543, 7.429772
38.580121, 0.067543, 7.429772
38.581765, 0.067543, 7.429772
38.583545, 0.067543, 7.429772
38.585386, 0.067543, 7.429772
38.587173, 0.067543, 7.429772
38.588908, 0.067543, 7.429772
38.590622, 0.067543, 7.429772
38.592323, 0.064994, 7.149389
38.594027, 0.067543, 7.429772
38.595730, 0.067543, 7.429772
38.597446, 0.067543, 7.429772
38.599062, 0.067543, 7.429772
38.600786, 0.067543, 7.429772
38.602429, 0.067543, 7.429772
38.604033, 0.067543, 7.429772
38.605667, 0.067543, 7.429772
38.607306, 0.067543, 7.429772
38.608925, 0.067543, 7.429772
38.610696, 0.067543, 7.429772
38.612297, 0.067543, 7.429772
38.613961, 0.067543, 7.429772
38.615651, 0.067543, 7.429772
38.618084, 0.067543, 7.429772
38.619817, 0.067543, 7.429772
38.621429, 0.067543, 7.429772
38.623170, 0.067543, 7.429772
38.624749, 0.067543, 7.429772
38.626564, 0.067543, 7.429772
38.628311, 0.067543, 7.429772
38.630018, 0.067543, 7.429772
38.631789, 0.067543, 7.429772
38.633412, 0.067543, 7.429772
38.635029, 0.067543, 7.429772
38.636749, 0.067543, 7.429772
38.638481, 0.067543, 7.429772
38.640128, 0.067543, 7.429772
38.641752, 0.067543, 7.429772
38.643341, 0.067543, 7.429772
38.644950, 0.067543, 7.429772
38.647170, 0.067543, 7.429772
38.648851, 0.067543, 7.429772
38.650472, 0.064994, 7.149389
38.652066, 0.067543, 7.429772
38.653674, 0.067543, 7.429772
38.655272, 0.067543, 7.429772
38.657100, 0.067543, 7.429772
38.658725, 0.067543, 7.429772
38.660342, 0.067543, 7.429772
38.662460, 0.067543, 7.429772
38.664093, 0.067543, 7.429772
38.665701, 0.067543, 7.429772
38.667633, 0.067543, 7.429772
38.669280, 0.067543, 7.429772
38.670994, 0.067543, 7.429772
38.672866, 0.067543, 7.429772
38.674537, 0.067543, 7.429772
38.676153, 0.067543, 7.429772
38.677896, 0.067543, 7.429772
38.679535, 0.064994, 7.149389
38.681204, 0.067543, 7.429772
38.682845, 0.067543, 7.429772
38.684492, 0.067543, 7.429772
38.686107, 0.067543, 7.429772
38.687998, 0.067543, 7.429772
38.689810, 0.064994, 7.149389
38.691608, 0.064994, 7.149389
38.693221, 0.067543, 7.429772
38.694813, 0.067543, 7.429772
38.696519, 0.067543, 7.429772
38.698153, 0.067543, 7.429772
38.699910, 0.067543, 7.429772
38.701622, 0.067543, 7.429772
38.703293, 0.067543, 7.429772
38.704887, 0.067543, 7.429772
38.706632, 0.067543, 7.429772
38.708245, 0.067543, 7.429772
38.709817, 0.067543, 7.429772
38.711405, 0.067543, 7.429772
38.713034, 0.067543, 7.429772
38.714716, 0.067543, 7.429772
38.716431, 0.067543, 7.429772
38.718898, 0.067543, 7.429772
38.720640, 0.067543, 7.429772
38.722460, 0.067543, 7.429772
38.724067, 0.067543, 7.429772
38.725658, 0.064994, 7.149389
38.727512, 0.064994, 7.149389
38.730909, 0.067543, 7.429772
38.732630, 0.067543, 7.429772
38.734505, 0.067543, 7.429772
38.736121, 0.067543, 7.429772
38.738641, 0.067543, 7.429772
38.740600, 0.067543, 7.429772
38.742257, 0.067543, 7.429772
38.743913, 0.070092, 7.710155
38.745565, 0.067543, 7.429772
38.747329, 0.067543, 7.429772
38.749077, 0.067543, 7.429772
38.750731, 0.067543, 7.429772
38.752376, 0.067543, 7.429772
38.754051, 0.064994, 7.149389
38.755805, 0.067543, 7.429772
38.757659, 0.067543, 7.429772
38.759306, 0.064994, 7.149389
38.760915, 0.067543, 7.429772
38.763311, 0.067543, 7.429772
38.764987, 0.067543, 7.429772
38.766598, 0.064994, 7.149389
38.768608, 0.067543, 7.429772
38.770228, 0.067543, 7.429772
38.771846, 0.067543, 7.429772
38.773462, 0.067543, 7.429772
38.775066, 0.067543, 7.429772
38.776674, 0.067543, 7.429772
38.779123, 0.067543, 7.429772
38.781389, 0.067543, 7.429772
38.783333, 0.064994, 7.149389
38.785198, 0.064994, 7.149389
38.786982, 0.067543, 7.429772
38.788717, 0.067543, 7.429772
38.790456, 0.067543, 7.429772
38.792183, 0.067543, 7.429772
38.794166, 0.067543, 7.429772
38.796013, 0.067543, 7.429772
38.797791, 0.067543, 7.429772
38.799503, 0.067543, 7.429772
38.801425, 0.067543, 7.429772
38.803121, 0.067543, 7.429772
38.804744, 0.067543, 7.429772
38.806403, 0.067543, 7.429772
38.808377, 0.067543, 7.429772
38.810498, 0.067543, 7.429772
38.812315, 0.067543, 7.429772
38.814444, 0.067543, 7.429772
38.816175, 0.067543, 7.429772
38.818001, 0.067543, 7.429772
38.819620, 0.067543, 7.429772
38.821231, 0.067543, 7.429772
38.822837, 0.067543, 7.429772
38.825137, 0.067543, 7.429772
38.826905, 0.067543, 7.429772
38.828755, 0.064994, 7.149389
38.830498, 0.067543, 7.429772
38.832156, 0.067543, 7.429772
38.834156, 0.067543, 7.429772
38.835792, 0.067543, 7.429772
38.837423, 0.067543, 7.429772
38.839041, 0.067543, 7.429772
38.841147, 0.067543, 7.429772
38.842751, 0.067543, 7.429772
38.844930, 0.067543, 7.429772
38.847128, 0.067543, 7.429772
38.849062, 0.067543, 7.429772
38.850897, 0.067543, 7.429772
38.852525, 0.064994, 7.149389
38.855609, 0.067543, 7.429772
38.857883, 0.067543, 7.429772
38.859689, 0.067543, 7.429772
38.861304, 0.067543, 7.429772
38.862938, 0.067543, 7.429772
38.864741, 0.067543, 7.429772
38.866442, 0.067543, 7.429772
38.868200, 0.067543, 7.429772
38.869799, 0.067543, 7.429772
38.871403, 0.067543, 7.429772
38.873007, 0.067543, 7.429772
38.874801, 0.067543, 7.429772
38.876518, 0.067543, 7.429772
38.878311, 0.067543, 7.429772
38.880021, 0.067543, 7.429772
38.881673, 0.067543, 7.429772
38.883487, 0.067543, 7.429772
38.885522, 0.067543, 7.429772
38.887243, 0.067543, 7.429772
38.889065, 0.067543, 7.429772
38.890692, 0.067543, 7.429772
38.892299, 0.067543, 7.429772
38.893939, 0.067543, 7.429772
38.895657, 0.067543, 7.429772
38.897414, 0.067543, 7.429772
38.899164, 0.067543, 7.429772
38.900960, 0.067543, 7.429772
38.902581, 0.067543, 7.429772
38.904331, 0.067543, 7.429772
38.906368, 0.067543, 7.429772
38.908115, 0.067543, 7.429772
38.909763, 0.067543, 7.429772
38.911414, 0.067543, 7.429772
38.914214, 0.064994, 7.149389
38.916952, 0.067543, 7.429772
38.918681, 0.067543, 7.429772
38.920332, 0.067543, 7.429772
38.922053, 0.067543, 7.429772
38.923758, 0.067543, 7.429772
38.926412, 0.067543, 7.429772
38.929039, 0.064994, 7.149389
38.932098, 0.067543, 7.429772
38.934167, 0.067543, 7.429772
38.935931, 0.064994, 7.149389
38.937661, 0.064994, 7.149389
38.939320, 0.064994, 7.149389
38.940949, 0.067543, 7.429772
38.942653, 0.064994, 7.149389
38.944280, 0.067543, 7.429772
38.946129, 0.067543, 7.429772
38.948054, 0.067543, 7.429772
38.949755, 0.067543, 7.429772
38.951513, 0.067543, 7.429772
38.953229, 0.067543, 7.429772
38.954868, 0.067543, 7.429772
38.956489, 0.067543, 7.429772
38.958110, 0.067543, 7.429772
38.959729, 0.067543, 7.429772
38.961456, 0.067543, 7.429772
38.963191, 0.067543, 7.429772
38.964823, 0.067543, 7.429772
38.966486, 0.064994, 7.149389
38.968265, 0.067543, 7.429772
38.969863, 0.067543, 7.429772
38.971473, 0.067543, 7.429772
38.973199, 0.067543, 7.429772
38.974913, 0.067543, 7.429772
38.976606, 0.067543, 7.429772
38.978272, 0.067543, 7.429772
38.979923, 0.067543, 7.429772
38.981593, 0.067543, 7.429772
38.983565, 0.064994, 7.149389
38.985523, 0.067543, 7.429772
38.987226, 0.067543, 7.429772
38.988896, 0.064994, 7.149389
38.990561, 0.067543, 7.429772
38.992307, 0.067543, 7.429772
38.994178, 0.064994, 7.149389
38.995981, 0.067543, 7.429772
38.997824, 0.067543, 7.429772
38.999546, 0.067543, 7.429772
39.001297, 0.067543, 7.429772
39.003109, 0.067543, 7.429772
39.004830, 0.067543, 7.429772
39.006484, 0.067543, 7.429772
39.008233, 0.064994, 7.149389
39.009854, 0.067543, 7.429772
39.011474, 0.067543, 7.429772
39.013317, 0.067543, 7.429772
39.015058, 0.067543, 7.429772
39.016775, 0.067543, 7.429772
39.018454, 0.067543, 7.429772
39.020057, 0.067543, 7.429772
39.022130, 0.067543, 7.429772
39.023874, 0.067543, 7.429772
39.025566, 0.067543, 7.429772
39.027160, 0.067543, 7.429772
39.028751, 0.064994, 7.149389
39.030413, 0.067543, 7.429772
39.032098, 0.067543, 7.429772
39.034077, 0.067543, 7.429772
39.035721, 0.067543, 7.429772
39.037459, 0.067543, 7.429772
39.039099, 0.067543, 7.429772
39.040693, 0.067543, 7.429772
39.042254, 0.067543, 7.429772
39.044019, 0.067543, 7.429772
39.045637, 0.067543, 7.429772
39.047313, 0.067543, 7.429772
39.049003, 0.067543, 7.429772
39.050780, 0.064994, 7.149389
39.052355, 0.067543, 7.429772
39.053979, 0.067543, 7.429772
39.055653, 0.067543, 7.429772
39.057249, 0.067543, 7.429772
39.058838, 0.067543, 7.429772
39.060403, 0.067543, 7.429772
39.061967, 0.067543, 7.429772
39.063623, 0.067543, 7.429772
39.065495, 0.067543, 7.429772
39.067235, 0.067543, 7.429772
39.068850, 0.067543, 7.429772
39.070447, 0.067543, 7.429772
39.072019, 0.067543, 7.429772
39.073601, 0.067543, 7.429772
39.075283, 0.067543, 7.429772
39.076871, 0.067543, 7.429772
39.078453, 0.067543, 7.429772
39.080093, 0.067543, 7.429772
39.081756, 0.064994, 7.149389
39.083520, 0.067543, 7.429772
39.085299, 0.067543, 7.429772
39.086923, 0.067543, 7.429772
39.088636, 0.067543, 7.429772
39.090315, 0.067543, 7.429772
39.091901, 0.064994, 7.149389
39.093488, 0.064994, 7.149389
39.095190, 0.067543, 7.429772
39.097167, 0.067543, 7.429772
39.098972, 0.067543, 7.429772
39.100756, 0.067543, 7.429772
39.102343, 0.067543, 7.429772
39.103933, 0.067543, 7.429772
39.106003, 0.067543, 7.429772
39.109669, 0.064994, 7.149389
39.111427, 0.067543, 7.429772
39.113132, 0.064994, 7.149389
39.114863, 0.067543, 7.429772
39.116746, 0.067543, 7.429772
39.118419, 0.067543, 7.429772
39.120026, 0.067543, 7.429772
39.121629, 0.067543, 7.429772
39.123208, 0.067543, 7.429772
39.124892, 0.067543, 7.429772
39.126823, 0.064994, 7.149389
39.128564, 0.067543, 7.429772
39.130413, 0.067543, 7.429772
39.132125, 0.067543, 7.429772
39.133865, 0.067543, 7.429772
39.135469, 0.067543, 7.429772
39.137258, 0.067543, 7.429772
39.138962, 0.067543, 7.429772
39.140708, 0.067543, 7.429772
39.142307, 0.067543, 7.429772
39.143896, 0.067543, 7.429772
39.145527, 0.067543, 7.429772
39.147809, 0.067543, 7.429772
39.149696, 0.067543, 7.429772
39.151404, 0.067543, 7.429772
39.153072, 0.067543, 7.429772
39.154664, 0.067543, 7.429772
39.156329, 0.067543, 7.429772
39.157941, 0.067543, 7.429772
39.159519, 0.067543, 7.429772
39.161100, 0.067543, 7.429772
39.162723, 0.070092, 7.710155
39.164404, 0.067543, 7.429772
39.166493, 0.067543, 7.429772
39.168251, 0.064994, 7.149389
39.169828, 0.067543, 7.429772
39.171410, 0.064994, 7.149389
39.172998, 0.067543, 7.429772
39.174579, 0.067543, 7.429772
39.176227, 0.067543, 7.429772
39.177819, 0.064994, 7.149389
39.179459, 0.067543, 7.429772
39.181100, 0.064994, 7.149389
39.182877, 0.067543, 7.429772
39.184538, 0.067543, 7.429772
39.186151, 0.067543, 7.429772
39.187884, 0.067543, 7.429772
39.189492, 0.067543, 7.429772
39.191114, 0.067543, 7.429772
39.193278, 0.067543, 7.429772
39.194941, 0.067543, 7.429772
39.197035, 0.067543, 7.429772
39.198727, 0.067543, 7.429772
39.200451, 0.067543, 7.429772
39.202018, 0.067543, 7.429772
39.203602, 0.067543, 7.429772
39.205182, 0.067543, 7.429772
39.206961, 0.067543, 7.429772
39.208559, 0.064994, 7.149389
39.210121, 0.067543, 7.429772
39.211699, 0.067543, 7.429772
39.213368, 0.067543, 7.429772
39.215005, 0.067543, 7.429772
39.217093, 0.067543, 7.429772
39.218845, 0.067543, 7.429772
39.220544, 0.067543, 7.429772
39.222197, 0.067543, 7.429772
39.223766, 0.067543, 7.429772
39.225353, 0.067543, 7.429772
39.227122, 0.067543, 7.429772
39.228760, 0.067543, 7.429772
39.230531, 0.067543, 7.429772
39.232178, 0.067543, 7.429772
39.233887, 0.067543, 7.429772
39.235446, 0.067543, 7.429772
39.237082, 0.067543, 7.429772
39.238660, 0.067543, 7.429772
39.240242, 0.067543, 7.429772
39.241814, 0.067543, 7.429772
39.243380, 0.064994, 7.149389
39.244952, 0.067543, 7.429772
39.247081, 0.067543, 7.429772
39.248855, 0.067543, 7.429772
39.250590, 0.067543, 7.429772
39.252273, 0.067543, 7.429772
39.253864, 0.067543, 7.429772
39.255453, 0.067543, 7.429772
39.257139, 0.067543, 7.429772
39.258894, 0.067543, 7.429772
39.260558, 0.067543, 7.429772
39.262135, 0.067543, 7.429772
39.263782, 0.067543, 7.429772
39.265487, 0.064994, 7.149389
39.267340, 0.067543, 7.429772
39.268999, 0.067543, 7.429772
39.270685, 0.067543, 7.429772
39.272320, 0.067543, 7.429772
39.273971, 0.067543, 7.429772
39.275564, 0.067543, 7.429772
39.277423, 0.067543, 7.429772
39.279036, 0.067543, 7.429772
39.280686, 0.067543, 7.429772
39.282375, 0.067543, 7.429772
39.284135, 0.067543, 7.429772
39.285721, 0.067543, 7.429772
39.287562, 0.067543, 7.429772
39.289225, 0.067543, 7.429772
39.291001, 0.067543, 7.429772
39.292602, 0.067543, 7.429772
39.294177, 0.067543, 7.429772
39.295772, 0.067543, 7.429772
39.297886, 0.067543, 7.429772
39.299660, 0.067543, 7.429772
39.301342, 0.067543, 7.429772
39.303012, 0.067543, 7.429772
39.304621, 0.064994, 7.149389
39.306213, 0.067543, 7.429772
39.308808, 0.064994, 7.149389
39.310606, 0.067543, 7.429772
39.312315, 0.067543, 7.429772
39.314830, 0.067543, 7.429772
39.316563, 0.067543, 7.429772
39.318299, 0.064994, 7.149389
39.320054, 0.067543, 7.429772
39.321688, 0.064994, 7.149389
39.323530, 0.067543, 7.429772
39.325160, 0.067543, 7.429772
39.326759, 0.067543, 7.429772
39.328387, 0.067543, 7.429772
39.330768, 0.064994, 7.149389
39.332629, 0.067543, 7.429772
39.334415, 0.067543, 7.429772
39.336029, 0.067543, 7.429772
39.337767, 0.064994, 7.149389
39.339452, 0.067543, 7.429772
39.341164, 0.067543, 7.429772
39.342901, 0.067543, 7.429772
39.344521, 0.067543, 7.429772
39.346909, 0.067543, 7.429772
39.348647, 0.064994, 7.149389
39.350331, 0.067543, 7.429772
39.351936, 0.067543, 7.429772
39.353654, 0.067543, 7.429772
39.355295, 0.064994, 7.149389
39.356972, 0.064994, 7.149389
39.358563, 0.067543, 7.429772
39.360158, 0.067543, 7.429772
39.361757, 0.067543, 7.429772
39.363492, 0.067543, 7.429772
39.474913, 0.067543, 7.429772
39.477132, 0.064994, 7.149389
39.479032, 0.067543, 7.429772
39.481244, 0.067543, 7.429772
39.483329, 0.064994, 7.149389
39.486077, 0.067543, 7.429772
39.487934, 0.067543, 7.429772
39.489759, 0.067543, 7.429772
39.491622, 0.067543, 7.429772
39.493356, 0.067543, 7.429772
39.495105, 0.067543, 7.429772
39.496939, 0.064994, 7.149389
39.498595, 0.064994, 7.149389
39.500410, 0.067543, 7.429772
39.502021, 0.067543, 7.429772
39.503632, 0.067543, 7.429772
39.505260, 0.067543, 7.429772
39.507424, 0.067543, 7.429772
39.509541, 0.067543, 7.429772
39.511804, 0.067543, 7.429772
39.514013, 0.067543, 7.429772
39.515800, 0.067543, 7.429772
39.517499, 0.067543, 7.429772
39.519174, 0.067543, 7.429772
39.520825, 0.067543, 7.429772
39.522488, 0.064994, 7.149389
39.524188, 0.067543, 7.429772
39.526583, 0.067543, 7.429772
39.529258, 0.067543, 7.429772
39.531350, 0.067543, 7.429772
39.533113, 0.067543, 7.429772
39.534928, 0.067543, 7.429772
39.536652, 0.067543, 7.429772
39.538404, 0.067543, 7.429772
39.540023, 0.064994, 7.149389
39.542075, 0.067543, 7.429772
39.543839, 0.067543, 7.429772
39.545601, 0.067543, 7.429772
39.548811, 0.067543, 7.429772
39.550640, 0.067543, 7.429772
39.552489, 0.067543, 7.429772
39.554202, 0.064994, 7.149389
39.555900, 0.064994, 7.149389
39.558832, 0.067543, 7.429772
39.560509, 0.067543, 7.429772
39.562296, 0.067543, 7.429772
39.564282, 0.067543, 7.429772
39.566015, 0.064994, 7.149389
39.567781, 0.064994, 7.149389
39.569385, 0.067543, 7.429772
39.570979, 0.067543, 7.429772
39.572549, 0.067543, 7.429772
39.574394, 0.064994, 7.149389
39.576113, 0.067543, 7.429772
39.577856, 0.064994, 7.149389
39.579480, 0.067543, 7.429772
39.581167, 0.067543, 7.429772
39.583099, 0.064994, 7.149389
39.584869, 0.064994, 7.149389
39.586455, 0.067543, 7.429772
39.588051, 0.067543, 7.429772
39.589646, 0.067543, 7.429772
39.591237, 0.067543, 7.429772
39.592831, 0.067543, 7.429772
39.594414, 0.067543, 7.429772
39.596031, 0.067543, 7.429772
39.597752, 0.067543, 7.429772
39.599486, 0.064994, 7.149389
39.601252, 0.067543, 7.429772
39.602951, 0.067543, 7.429772
39.604693, 0.067543, 7.429772
39.606417, 0.067543, 7.429772
39.608176, 0.067543, 7.429772
39.609777, 0.067543, 7.429772
39.611378, 0.064994, 7.149389
39.613092, 0.067543, 7.429772
39.614845, 0.064994, 7.149389
39.616614, 0.064994, 7.149389
39.618324, 0.067543, 7.429772
39.619929, 0.064994, 7.149389
39.621516, 0.067543, 7.429772
39.623230, 0.067543, 7.429772
39.625048, 0.064994, 7.149389
39.626697, 0.067543, 7.429772
39.628338, 0.064994, 7.149389
39.630039, 0.067543, 7.429772
39.631722, 0.064994, 7.149389
39.633592, 0.067543, 7.429772
39.635320, 0.067543, 7.429772
39.636953, 0.067543, 7.429772
39.638570, 0.067543, 7.429772
39.640185, 0.064994, 7.149389
39.641798, 0.064994, 7.149389
39.643553, 0.064994, 7.149389
39.645222, 0.064994, 7.149389
39.646922, 0.064994, 7.149389
39.648542, 0.067543, 7.429772
39.650173, 0.067543, 7.429772
39.651791, 0.067543, 7.429772
39.653498, 0.067543, 7.429772
39.655654, 0.064994, 7.149389
39.657308, 0.064994, 7.149389
39.658925, 0.067543, 7.429772
39.660523, 0.067543, 7.429772
39.662139, 0.067543, 7.429772
39.663983, 0.067543, 7.429772
39.665646, 0.067543, 7.429772
39.667442, 0.064994, 7.149389
39.669243, 0.067543, 7.429772
39.671005, 0.067543, 7.429772
39.672629, 0.067543, 7.429772
39.674505, 0.064994, 7.149389
39.676372, 0.064994, 7.149389
39.678010, 0.067543, 7.429772
39.679651, 0.064994, 7.149389
39.681308, 0.067543, 7.429772
39.682942, 0.067543, 7.429772
39.684759, 0.067543, 7.429772
39.686584, 0.067543, 7.429772
39.688398, 0.067543, 7.429772
39.690042, 0.067543, 7.429772
39.691652, 0.067543, 7.429772
39.693361, 0.067543, 7.429772
39.695127, 0.064994, 7.149389
39.696819, 0.064994, 7.149389
39.698577, 0.067543, 7.429772
39.700466, 0.067543, 7.429772
39.702101, 0.064994, 7.149389
39.703709, 0.067543, 7.429772
39.705419, 0.067543, 7.429772
39.707136, 0.064994, 7.149389
39.708958, 0.067543, 7.429772
39.710567, 0.064994, 7.149389
39.712177, 0.067543, 7.429772
39.713864, 0.067543, 7.429772
39.715600, 0.067543, 7.429772
39.717358, 0.064994, 7.149389
39.719193, 0.067543, 7.429772
39.720811, 0.067543, 7.429772
39.722417, 0.067543, 7.429772
39.724015, 0.067543, 7.429772
39.725856, 0.064994, 7.149389
39.727635, 0.064994, 7.149389
39.729393, 0.067543, 7.429772
39.732227, 0.067543, 7.429772
39.734045, 0.067543, 7.429772
39.735792, 0.067543, 7.429772
39.737403, 0.067543, 7.429772
39.739000, 0.067543, 7.429772
39.740596, 0.067543, 7.429772
39.742171, 0.067543, 7.429772
39.743764, 0.064994, 7.149389
39.746194, 0.064994, 7.149389
39.748648, 0.067543, 7.429772
39.750360, 0.067543, 7.429772
39.751937, 0.067543, 7.429772
39.753581, 0.067543, 7.429772
39.755282, 0.064994, 7.149389
39.756962, 0.064994, 7.149389
39.758551, 0.067543, 7.429772
39.760160, 0.064994, 7.149389
39.761775, 0.067543, 7.429772
39.763694, 0.067543, 7.429772
39.765871, 0.067543, 7.429772
39.768018, 0.064994, 7.149389
39.769657, 0.064994, 7.149389
39.771270, 0.064994, 7.149389
39.773019, 0.067543, 7.429772
39.774928, 0.067543, 7.429772
39.776582, 0.064994, 7.149389
39.778193, 0.064994, 7.149389
39.779983, 0.067543, 7.429772
39.781602, 0.064994, 7.149389
39.783265, 0.067543, 7.429772
39.785046, 0.067543, 7.429772
39.786688, 0.064994, 7.149389
39.788292, 0.067543, 7.429772
39.789920, 0.064994, 7.149389
39.791555, 0.067543, 7.429772
39.793183, 0.067543, 7.429772
39.795119, 0.067543, 7.429772
39.797200, 0.067543, 7.429772
39.798993, 0.067543, 7.429772
39.800712, 0.067543, 7.429772
39.802386, 0.067543, 7.429772
39.804042, 0.067543, 7.429772
39.806077, 0.067543, 7.429772
39.808064, 0.067543, 7.429772
39.809799, 0.067543, 7.429772
39.811496, 0.064994, 7.149389
39.813347, 0.067543, 7.429772
39.815108, 0.067543, 7.429772
39.816902, 0.067543, 7.429772
39.818578, 0.064994, 7.149389
39.820240, 0.067543, 7.429772
39.821891, 0.064994, 7.149389
39.823559, 0.064994, 7.149389
39.825372, 0.067543, 7.429772
39.827309, 0.067543, 7.429772
39.829092, 0.064994, 7.149389
39.831457, 0.064994, 7.149389
39.833230, 0.064994, 7.149389
39.834942, 0.067543, 7.429772
39.837636, 0.067543, 7.429772
39.839512, 0.064994, 7.149389
39.841429, 0.064994, 7.149389
39.843189, 0.067543, 7.429772
39.844806, 0.067543, 7.429772
39.846899, 0.064994, 7.149389
39.848639, 0.067543, 7.429772
39.850355, 0.064994, 7.149389
39.852234, 0.064994, 7.149389
39.853939, 0.067543, 7.429772
39.855681, 0.067543, 7.429772
39.857303, 0.067543, 7.429772
39.858924, 0.067543, 7.429772
39.860528, 0.064994, 7.149389
39.862173, 0.064994, 7.149389
39.864218, 0.067543, 7.429772
39.865940, 0.064994, 7.149389
39.868236, 0.067543, 7.429772
39.870010, 0.067543, 7.429772
39.871777, 0.067543, 7.429772
39.873663, 0.067543, 7.429772
39.875286, 0.067543, 7.429772
39.876894, 0.064994, 7.149389
39.878516, 0.067543, 7.429772
39.880613, 0.064994, 7.149389
39.882495, 0.067543, 7.429772
39.884203, 0.067543, 7.429772
39.885878, 0.067543, 7.429772
39.887586, 0.064994, 7.149389
39.889167, 0.064994, 7.149389
39.890914, 0.067543, 7.429772
39.892504, 0.064994, 7.149389
39.894085, 0.067543, 7.429772
39.895704, 0.064994, 7.149389
39.897380, 0.067543, 7.429772
39.899035, 0.067543, 7.429772
39.900898, 0.064994, 7.149389
39.902665, 0.067543, 7.429772
39.904479, 0.064994, 7.149389
39.906119, 0.064994, 7.149389
39.907739, 0.064994, 7.149389
39.909436, 0.064994, 7.149389
39.911118, 0.064994, 7.149389
39.912889, 0.064994, 7.149389
39.914633, 0.064994, 7.149389
39.916317, 0.067543, 7.429772
39.918123, 0.064994, 7.149389
39.920624, 0.064994, 7.149389
39.922346, 0.067543, 7.429772
39.924007, 0.067543, 7.429772
39.925788, 0.067543, 7.429772
39.927388, 0.067543, 7.429772
39.928986, 0.064994, 7.149389
39.930779, 0.064994, 7.149389
39.932511, 0.067543, 7.429772
39.934241, 0.067543, 7.429772
39.935817, 0.064994, 7.149389
39.937416, 0.067543, 7.429772
39.939012, 0.067543, 7.429772
39.940704, 0.067543, 7.429772
39.942304, 0.067543, 7.429772
39.943883, 0.067543, 7.429772
39.945463, 0.064994, 7.149389
39.947168, 0.067543, 7.429772
39.948911, 0.067543, 7.429772
39.950708, 0.067543, 7.429772
39.952310, 0.064994, 7.149389
39.953905, 0.064994, 7.149389
39.955490, 0.064994, 7.149389
39.957066, 0.067543, 7.429772
39.958645, 0.067543, 7.429772
39.960374, 0.064994, 7.149389
39.962005, 0.067543, 7.429772
39.963770, 0.064994, 7.149389
39.965400, 0.064994, 7.149389
39.967172, 0.064994, 7.149389
39.968775, 0.067543, 7.429772
39.970531, 0.064994, 7.149389
39.972209, 0.067543, 7.429772
39.973926, 0.064994, 7.149389
39.975513, 0.064994, 7.149389
39.977091, 0.067543, 7.429772
39.978695, 0.067543, 7.429772
39.980661, 0.067543, 7.429772
39.982401, 0.064994, 7.149389
39.984147, 0.064994, 7.149389
39.985741, 0.064994, 7.149389
39.987306, 0.067543, 7.429772
39.988889, 0.067543, 7.429772
39.990821, 0.067543, 7.429772
39.992478, 0.067543, 7.429772
39.994228, 0.067543, 7.429772
39.995914, 0.067543, 7.429772
39.997650, 0.064994, 7.149389
39.999366, 0.064994, 7.149389
40.001198, 0.064994, 7.149389
40.002824, 0.067543, 7.429772
40.004908, 0.067543, 7.429772
40.006527, 0.064994, 7.149389
40.008117, 0.067543, 7.429772
40.009845, 0.067543, 7.429772
40.011509, 0.064994, 7.149389
40.013303, 0.067543, 7.429772
40.015010, 0.064994, 7.149389
40.016737, 0.067543, 7.429772
40.018477, 0.064994, 7.149389
40.020412, 0.067543, 7.429772
40.022652, 0.064994, 7.149389
40.024869, 0.067543, 7.429772
40.026636, 0.064994, 7.149389
40.028362, 0.067543, 7.429772
40.030228, 0.064994, 7.149389
40.031921, 0.064994, 7.149389
40.033618, 0.067543, 7.429772
40.035378, 0.067543, 7.429772
40.036984, 0.067543, 7.429772
40.038578, 0.064994, 7.149389
40.040287, 0.064994, 7.149389
40.041935, 0.064994, 7.149389
40.043606, 0.064994, 7.149389
40.045438, 0.064994, 7.149389
40.047145, 0.064994, 7.149389
40.048859, 0.064994, 7.149389
40.050852, 0.064994, 7.149389
40.052586, 0.067543, 7.429772
40.054432, 0.067543, 7.429772
40.056040, 0.064994, 7.149389
40.057632, 0.067543, 7.429772
40.059209, 0.067543, 7.429772
40.060925, 0.067543, 7.429772
40.062722, 0.064994, 7.149389
40.064548, 0.064994, 7.149389
40.066277, 0.067543, 7.429772
40.068126, 0.067543, 7.429772
40.069844, 0.067543, 7.429772
40.071495, 0.067543, 7.429772
40.073174, 0.064994, 7.149389
40.074927, 0.067543, 7.429772
40.076523, 0.064994, 7.149389
40.078125, 0.067543, 7.429772
40.079988, 0.067543, 7.429772
40.081746, 0.067543, 7.429772
40.083486, 0.064994, 7.149389
40.085340, 0.064994, 7.149389
40.086961, 0.067543, 7.429772
40.088564, 0.067543, 7.429772
40.090337, 0.064994, 7.149389
40.093122, 0.067543, 7.429772
40.094865, 0.064994, 7.149389
40.096484, 0.067543, 7.429772
40.098140, 0.064994, 7.149389
40.099965, 0.064994, 7.149389
40.102140, 0.064994, 7.149389
40.103882, 0.067543, 7.429772
40.105635, 0.064994, 7.149389
40.107276, 0.067543, 7.429772
40.108986, 0.064994, 7.149389
40.110689, 0.064994, 7.149389
40.112481, 0.067543, 7.429772
40.114294, 0.064994, 7.149389
40.116055, 0.064994, 7.149389
40.117772, 0.064994, 7.149389
40.119362, 0.064994, 7.149389
40.121056, 0.067543, 7.429772
40.122796, 0.067543, 7.429772
40.124513, 0.064994, 7.149389
40.126095, 0.064994, 7.149389
40.127653, 0.064994, 7.149389
40.129245, 0.067543, 7.429772
40.130960, 0.067543, 7.429772
40.132726, 0.064994, 7.149389
40.134396, 0.067543, 7.429772
40.136186, 0.064994, 7.149389
40.137937, 0.064994, 7.149389
40.139552, 0.064994, 7.149389
40.141174, 0.064994, 7.149389
40.142851, 0.067543, 7.429772
40.144442, 0.064994, 7.149389
40.146655, 0.067543, 7.429772
40.148864, 0.064994, 7.149389
40.150691, 0.064994, 7.149389
40.152319, 0.067543, 7.429772
40.153926, 0.064994, 7.149389
40.155514, 0.064994, 7.149389
40.157112, 0.064994, 7.149389
40.158701, 0.064994, 7.149389
40.160285, 0.064994, 7.149389
40.162066, 0.064994, 7.149389
40.164421, 0.064994, 7.149389
40.166135, 0.064994, 7.149389
40.167850, 0.064994, 7.149389
40.169474, 0.064994, 7.149389
40.171084, 0.064994, 7.149389
40.172740, 0.064994, 7.149389
40.174410, 0.067543, 7.429772
40.176088, 0.064994, 7.149389
40.178079, 0.064994, 7.149389
40.180387, 0.064994, 7.149389
40.182137, 0.064994, 7.149389
40.183935, 0.064994, 7.149389
40.185541, 0.064994, 7.149389
40.187129, 0.067543, 7.429772
40.188714, 0.067543, 7.429772
40.190409, 0.067543, 7.429772
40.192112, 0.067543, 7.429772
40.193758, 0.067543, 7.429772
40.195514, 0.064994, 7.149389
40.197395, 0.064994, 7.149389
40.199090, 0.064994, 7.149389
40.201206, 0.067543, 7.429772
40.202978, 0.067543, 7.429772
40.204744, 0.067543, 7.429772
40.206330, 0.067543, 7.429772
40.207890, 0.067543, 7.429772
40.209460, 0.064994, 7.149389
40.212480, 0.064994, 7.149389
40.215075, 0.067543, 7.429772
40.216879, 0.067543, 7.429772
40.218707, 0.067543, 7.429772
40.220548, 0.067543, 7.429772
40.222324, 0.064994, 7.149389
40.224001, 0.064994, 7.149389
40.225591, 0.067543, 7.429772
40.227174, 0.064994, 7.149389
40.228765, 0.067543, 7.429772
40.230499, 0.064994, 7.149389
40.232194, 0.064994, 7.149389
40.233870, 0.067543, 7.429772
40.235444, 0.064994, 7.149389
40.237022, 0.067543, 7.429772
40.238611, 0.064994, 7.149389
40.240538, 0.064994, 7.149389
40.243222, 0.064994, 7.149389
40.244830, 0.064994, 7.149389
40.246424, 0.064994, 7.149389
40.248060, 0.064994, 7.149389
40.249657, 0.064994, 7.149389
40.251515, 0.064994, 7.149389
40.253144, 0.067543, 7.429772
40.254865, 0.064994, 7.149389
40.256444, 0.064994, 7.149389
40.258028, 0.064994, 7.149389
40.259596, 0.067543, 7.429772
40.261718, 0.067543, 7.429772
40.263458, 0.067543, 7.429772
40.265192, 0.064994, 7.149389
40.266929, 0.067543, 7.429772
40.268534, 0.064994, 7.149389
40.270568, 0.064994, 7.149389
40.273313, 0.064994, 7.149389
40.274898, 0.064994, 7.149389
40.276472, 0.064994, 7.149389
40.278035, 0.067543, 7.429772
40.279604, 0.067543, 7.429772
40.281355, 0.067543, 7.429772
40.283041, 0.064994, 7.149389
40.284703, 0.067543, 7.429772
40.286263, 0.067543, 7.429772
40.287828, 0.064994, 7.149389
40.289373, 0.064994, 7.149389
40.291033, 0.064994, 7.149389
40.292618, 0.064994, 7.149389
40.294282, 0.064994, 7.149389
40.295902, 0.064994, 7.149389
40.298835, 0.064994, 7.149389
40.300739, 0.067543, 7.429772
40.302492, 0.067543, 7.429772
40.304228, 0.067543, 7.429772
40.305787, 0.067543, 7.429772
40.307368, 0.064994, 7.149389
40.308935, 0.067543, 7.429772
40.310632, 0.067543, 7.429772
40.312261, 0.064994, 7.149389
40.313858, 0.064994, 7.149389
40.315442, 0.064994, 7.149389
40.317110, 0.064994, 7.149389
40.318738, 0.067543, 7.429772
40.320375, 0.064994, 7.149389
40.321961, 0.067543, 7.429772
40.323700, 0.064994, 7.149389
40.325347, 0.064994, 7.149389
40.326921, 0.064994, 7.149389
40.328496, 0.064994, 7.149389
40.330236, 0.064994, 7.149389
40.331917, 0.067543, 7.429772
40.333557, 0.067543, 7.429772
40.335314, 0.064994, 7.149389
40.336900, 0.067543, 7.429772
40.338474, 0.064994, 7.149389
40.340044, 0.064994, 7.149389
40.341783, 0.064994, 7.149389
40.343375, 0.064994, 7.149389
40.344954, 0.067543, 7.429772
40.346566, 0.064994, 7.149389
40.348178, 0.067543, 7.429772
40.349834, 0.064994, 7.149389
40.351662, 0.064994, 7.149389
40.353746, 0.064994, 7.149389
40.355407, 0.064994, 7.149389
40.357096, 0.064994, 7.149389
40.358685, 0.064994, 7.149389
40.360267, 0.064994, 7.149389
40.362006, 0.067543, 7.429772
40.363671, 0.067543, 7.429772
40.365379, 0.064994, 7.149389
40.367058, 0.064994, 7.149389
40.368645, 0.064994, 7.149389
40.370223, 0.067543, 7.429772
40.372294, 0.064994, 7.149389
40.375256, 0.067543, 7.429772
40.377000, 0.064994, 7.149389
40.378794, 0.064994, 7.149389
40.381343, 0.064994, 7.149389
40.383145, 0.064994, 7.149389
40.384913, 0.067543, 7.429772
40.386636, 0.067543, 7.429772
40.388333, 0.064994, 7.149389
40.389976, 0.067543, 7.429772
40.391707, 0.064994, 7.149389
40.393306, 0.067543, 7.429772
40.394908, 0.067543, 7.429772
40.397225, 0.064994, 7.149389
40.399061, 0.064994, 7.149389
40.400797, 0.067543, 7.429772
40.403156, 0.064994, 7.149389
40.405036, 0.064994, 7.149389
40.406807, 0.064994, 7.149389
40.408416, 0.067543, 7.429772
40.409985, 0.067543, 7.429772
40.411563, 0.064994, 7.149389
40.413988, 0.064994, 7.149389
40.415766, 0.064994, 7.149389
40.417416, 0.064994, 7.149389
40.419093, 0.064994, 7.149389
40.421194, 0.067543, 7.429772
40.422810, 0.067543, 7.429772
40.424385, 0.064994, 7.149389
40.426156, 0.067543, 7.429772
40.427731, 0.067543, 7.429772
40.429321, 0.064994, 7.149389
40.431036, 0.064994, 7.149389
40.432961, 0.067543, 7.429772
40.434874, 0.064994, 7.149389
40.436674, 0.067543, 7.429772
40.438282, 0.064994, 7.149389
40.439902, 0.064994, 7.149389
40.441545, 0.064994, 7.149389
40.443427, 0.064994, 7.149389
40.445234, 0.064994, 7.149389
40.447413, 0.064994, 7.149389
40.449079, 0.064994, 7.149389
40.450969, 0.064994, 7.149389
40.452858, 0.064994, 7.149389
40.454541, 0.064994, 7.149389
40.456243, 0.067543, 7.429772
40.457817, 0.064994, 7.149389
40.459403, 0.064994, 7.149389
40.460993, 0.067543, 7.429772
40.462758, 0.067543, 7.429772
40.464559, 0.067543, 7.429772
40.466321, 0.067543, 7.429772
40.467919, 0.067543, 7.429772
40.469501, 0.064994, 7.149389
40.471086, 0.064994, 7.149389
40.472806, 0.064994, 7.149389
40.474431, 0.064994, 7.149389
40.476014, 0.064994, 7.149389
40.477581, 0.064994, 7.149389
40.479175, 0.064994, 7.149389
40.480886, 0.067543, 7.429772
40.482588, 0.064994, 7.149389
40.484360, 0.064994, 7.149389
40.485952, 0.064994, 7.149389
40.487545, 0.067543, 7.429772
40.489131, 0.064994, 7.149389
40.490706, 0.067543, 7.429772
40.492258, 0.067543, 7.429772
40.494193, 0.067543, 7.429772
40.495936, 0.067543, 7.429772
40.497869, 0.064994, 7.149389
40.499659, 0.064994, 7.149389
40.501291, 0.064994, 7.149389
40.502962, 0.064994, 7.149389
40.504993, 0.064994, 7.149389
40.506592, 0.067543, 7.429772
40.508178, 0.064994, 7.149389
40.509768, 0.064994, 7.149389
40.511344, 0.067543, 7.429772
40.513734, 0.064994, 7.149389
40.515410, 0.067543, 7.429772
40.517134, 0.067543, 7.429772
40.518745, 0.067543, 7.429772
40.520343, 0.064994, 7.149389
40.521942, 0.067543, 7.429772
40.524074, 0.064994, 7.149389
40.526565, 0.067543, 7.429772
40.528277, 0.067543, 7.429772
40.531371, 0.064994, 7.149389
40.533157, 0.064994, 7.149389
40.535166, 0.064994, 7.149389
40.536918, 0.067543, 7.429772
40.538564, 0.067543, 7.429772
40.540238, 0.067543, 7.429772
40.541917, 0.067543, 7.429772
40.543752, 0.067543, 7.429772
40.545380, 0.064994, 7.149389
40.547347, 0.067543, 7.429772
40.549176, 0.064994, 7.149389
40.550890, 0.067543, 7.429772
40.552492, 0.064994, 7.149389
40.554687, 0.067543, 7.429772
40.556525, 0.064994, 7.149389
40.558236, 0.067543, 7.429772
40.559845, 0.064994, 7.149389
40.561437, 0.064994, 7.149389
40.563919, 0.064994, 7.149389
40.566411, 0.064994, 7.149389
40.568533, 0.064994, 7.149389
40.570265, 0.064994, 7.149389
40.571944, 0.067543, 7.429772
40.573863, 0.067543, 7.429772
40.576105, 0.064994, 7.149389
40.577935, 0.067543, 7.429772
40.579694, 0.064994, 7.149389
40.581556, 0.067543, 7.429772
40.583252, 0.064994, 7.149389
40.585294, 0.067543, 7.429772
40.586922, 0.067543, 7.429772
40.588527, 0.064994, 7.149389
40.590124, 0.064994, 7.149389
40.591702, 0.064994, 7.149389
40.593370, 0.064994, 7.149389
40.595146, 0.064994, 7.149389
40.596799, 0.064994, 7.149389
40.598449, 0.064994, 7.149389
40.600188, 0.067543, 7.429772
40.601766, 0.067543, 7.429772
40.603363, 0.067543, 7.429772
40.606251, 0.067543, 7.429772
40.607930, 0.067543, 7.429772
40.609620, 0.067543, 7.429772
40.611202, 0.067543, 7.429772
40.613482, 0.067543, 7.429772
40.615459, 0.067543, 7.429772
40.617147, 0.067543, 7.429772
40.618889, 0.064994, 7.149389
40.620500, 0.067543, 7.429772
40.622079, 0.064994, 7.149389
40.623751, 0.064994, 7.149389
40.627320, 0.064994, 7.149389
40.629285, 0.064994, 7.149389
40.631559, 0.064994, 7.149389
40.633284, 0.064994, 7.149389
40.635724, 0.064994, 7.149389
40.637456, 0.064994, 7.149389
40.639143, 0.064994, 7.149389
40.640800, 0.064994, 7.149389
40.642472, 0.064994, 7.149389
40.644148, 0.064994, 7.149389
40.646737, 0.067543, 7.429772
40.648454, 0.067543, 7.429772
40.650107, 0.067543, 7.429772
40.651770, 0.067543, 7.429772
40.653464, 0.067543, 7.429772
40.655112, 0.067543, 7.429772
40.656981, 0.067543, 7.429772
40.658651, 0.064994, 7.149389
40.660304, 0.064994, 7.149389
40.661956, 0.064994, 7.149389
40.663914, 0.064994, 7.149389
40.665610, 0.064994, 7.149389
40.667235, 0.067543, 7.429772
40.669225, 0.067543, 7.429772
40.670920, 0.064994, 7.149389
40.672573, 0.064994, 7.149389
40.674231, 0.067543, 7.429772
40.677237, 0.064994, 7.149389
40.679449, 0.064994, 7.149389
40.681315, 0.064994, 7.149389
40.683155, 0.064994, 7.149389
40.684888, 0.064994, 7.149389
40.686788, 0.064994, 7.149389
40.688477, 0.064994, 7.149389
40.690173, 0.064994, 7.149389
40.691890, 0.064994, 7.149389
40.693663, 0.064994, 7.149389
40.695272, 0.064994, 7.149389
40.697148, 0.067543, 7.429772
40.698833, 0.067543, 7.429772
40.700581, 0.064994, 7.149389
40.702191, 0.064994, 7.149389
40.703784, 0.064994, 7.149389
40.705431, 0.064994, 7.149389
40.707118, 0.064994, 7.149389
40.708798, 0.067543, 7.429772
40.710478, 0.067543, 7.429772
40.712280, 0.064994, 7.149389
40.714950, 0.064994, 7.149389
40.716997, 0.064994, 7.149389
40.718739, 0.064994, 7.149389
40.720482, 0.064994, 7.149389
40.722101, 0.064994, 7.149389
40.723698, 0.067543, 7.429772
40.725303, 0.064994, 7.149389
40.727336, 0.064994, 7.149389
40.728991, 0.064994, 7.149389
40.731151, 0.064994, 7.149389
40.732864, 0.064994, 7.149389
40.734568, 0.067543, 7.429772
40.736248, 0.067543, 7.429772
40.739750, 0.064994, 7.149389
40.741574, 0.067543, 7.429772
40.743423, 0.064994, 7.149389
40.745113, 0.064994, 7.149389
40.747746, 0.067543, 7.429772
40.749617, 0.067543, 7.429772
40.751346, 0.067543, 7.429772
40.753578, 0.064994, 7.149389
40.755286, 0.064994, 7.149389
40.757056, 0.067543, 7.429772
40.758682, 0.064994, 7.149389
40.760283, 0.064994, 7.149389
40.761899, 0.064994, 7.149389
40.764088, 0.067543, 7.429772
40.765794, 0.067543, 7.429772
40.767680, 0.067543, 7.429772
40.769404, 0.067543, 7.429772
40.771097, 0.067543, 7.429772
40.772867, 0.064994, 7.149389
40.774495, 0.064994, 7.149389
40.776105, 0.067543, 7.429772
40.777720, 0.064994, 7.149389
40.779410, 0.064994, 7.149389
40.781164, 0.064994, 7.149389
40.782843, 0.064994, 7.149389
40.784590, 0.067543, 7.429772
40.786193, 0.064994, 7.149389
40.787787, 0.064994, 7.149389
40.789386, 0.064994, 7.149389
40.791700, 0.064994, 7.149389
40.793347, 0.064994, 7.149389
40.794992, 0.064994, 7.149389
40.796660, 0.064994, 7.149389
40.798620, 0.067543, 7.429772
40.801082, 0.064994, 7.149389
40.803354, 0.064994, 7.149389
40.805061, 0.067543, 7.429772
40.806745, 0.064994, 7.149389
40.808551, 0.064994, 7.149389
40.810437, 0.064994, 7.149389
40.812233, 0.064994, 7.149389
40.813895, 0.064994, 7.149389
40.815560, 0.067543, 7.429772
40.817362, 0.064994, 7.149389
40.819027, 0.064994, 7.149389
40.820910, 0.064994, 7.149389
40.822625, 0.067543, 7.429772
40.824304, 0.067543, 7.429772
40.825947, 0.064994, 7.149389
40.827551, 0.064994, 7.149389
40.829173, 0.067543, 7.429772
40.830956, 0.067543, 7.429772
40.832681, 0.064994, 7.149389
40.834371, 0.067543, 7.429772
40.836013, 0.064994, 7.149389
40.837671, 0.064994, 7.149389
40.839319, 0.064994, 7.149389
40.841133, 0.064994, 7.149389
40.842807, 0.064994, 7.149389
40.844456, 0.067543, 7.429772
40.846086, 0.067543, 7.429772
40.847851, 0.067543, 7.429772
40.849527, 0.064994, 7.149389
40.851465, 0.064994, 7.149389
40.853243, 0.067543, 7.429772
40.854909, 0.067543, 7.429772
40.856585, 0.064994, 7.149389
40.858199, 0.067543, 7.429772
40.859785, 0.067543, 7.429772
40.861503, 0.067543, 7.429772
40.863229, 0.067543, 7.429772
40.864863, 0.067543, 7.429772
40.866597, 0.067543, 7.429772
40.868210, 0.067543, 7.429772
40.869808, 0.067543, 7.429772
40.871583, 0.067543, 7.429772
40.873229, 0.067543, 7.429772
40.874931, 0.067543, 7.429772
40.876529, 0.067543, 7.429772
40.878103, 0.064994, 7.149389
40.879738, 0.064994, 7.149389
40.882026, 0.067543, 7.429772
40.884070, 0.064994, 7.149389
40.886717, 0.067543, 7.429772
40.889805, 0.067543, 7.429772
40.892405, 0.067543, 7.429772
40.894373, 0.064994, 7.149389
40.897594, 0.067543, 7.429772
40.900503, 0.067543, 7.429772
40.902728, 0.064994, 7.149389
40.904990, 0.067543, 7.429772
40.906846, 0.067543, 7.429772
40.908657, 0.067543, 7.429772
40.910463, 0.064994, 7.149389
40.912616, 0.064994, 7.149389
40.914750, 0.064994, 7.149389
40.916600, 0.064994, 7.149389
40.919138, 0.064994, 7.149389
40.920967, 0.064994, 7.149389
40.922776, 0.064994, 7.149389
40.924401, 0.064994, 7.149389
40.926020, 0.067543, 7.429772
40.927626, 0.067543, 7.429772
40.930159, 0.064994, 7.149389
40.932089, 0.064994, 7.149389
40.933939, 0.067543, 7.429772
40.935665, 0.064994, 7.149389
40.937475, 0.064994, 7.149389
40.939104, 0.064994, 7.149389
40.940714, 0.067543, 7.429772
40.942334, 0.067543, 7.429772
40.943929, 0.064994, 7.149389
40.946047, 0.064994, 7.149389
40.947910, 0.064994, 7.149389
40.949863, 0.064994, 7.149389
40.951597, 0.067543, 7.429772
40.953355, 0.067543, 7.429772
40.954962, 0.064994, 7.149389
40.956621, 0.064994, 7.149389
40.958247, 0.067543, 7.429772
40.959851, 0.067543, 7.429772
40.963134, 0.064994, 7.149389
40.966589, 0.064994, 7.149389
40.969033, 0.064994, 7.149389
40.971120, 0.067543, 7.429772
40.973215, 0.064994, 7.149389
40.975082, 0.064994, 7.149389
40.976971, 0.064994, 7.149389
40.980834, 0.064994, 7.149389
40.983481, 0.067543, 7.429772
40.985390, 0.064994, 7.149389
40.987340, 0.064994, 7.149389
40.989148, 0.064994, 7.149389
40.990867, 0.064994, 7.149389
40.992577, 0.067543, 7.429772
40.994334, 0.064994, 7.149389
40.996047, 0.064994, 7.149389
40.997976, 0.064994, 7.149389
40.999654, 0.064994, 7.149389
41.001332, 0.064994, 7.149389
41.003082, 0.067543, 7.429772
41.004880, 0.064994, 7.149389
41.006499, 0.064994, 7.149389
41.008216, 0.064994, 7.149389
41.009907, 0.064994, 7.149389
41.011739, 0.064994, 7.149389
41.013457, 0.064994, 7.149389
41.015112, 0.067543, 7.429772
41.016916, 0.064994, 7.149389
41.018839, 0.067543, 7.429772
41.020587, 0.067543, 7.429772
41.022368, 0.067543, 7.429772
41.023976, 0.064994, 7.149389
41.025580, 0.067543, 7.429772
41.027221, 0.064994, 7.149389
41.029756, 0.067543, 7.429772
41.031846, 0.067543, 7.429772
41.033532, 0.064994, 7.149389
41.035266, 0.067543, 7.429772
41.037060, 0.064994, 7.149389
41.039104, 0.064994, 7.149389
41.040761, 0.067543, 7.429772
41.042364, 0.064994, 7.149389
41.044046, 0.064994, 7.149389
41.045631, 0.067543, 7.429772
41.047313, 0.067543, 7.429772
41.049109, 0.064994, 7.149389
41.050794, 0.067543, 7.429772
41.052577, 0.067543, 7.429772
41.054174, 0.067543, 7.429772
41.055769, 0.064994, 7.149389
41.057371, 0.064994, 7.149389
41.059066, 0.064994, 7.149389
41.060721, 0.064994, 7.149389
41.062493, 0.067543, 7.429772
41.064226, 0.064994, 7.149389
41.065912, 0.064994, 7.149389
41.067671, 0.064994, 7.149389
41.069563, 0.067543, 7.429772
41.071269, 0.064994, 7.149389
41.073178, 0.064994, 7.149389
41.074779, 0.064994, 7.149389
41.076375, 0.064994, 7.149389
41.078087, 0.064994, 7.149389
41.080119, 0.064994, 7.149389
41.081946, 0.064994, 7.149389
41.083676, 0.067543, 7.429772
41.085887, 0.064994, 7.149389
41.087530, 0.067543, 7.429772
41.089309, 0.064994, 7.149389
41.090982, 0.064994, 7.149389
41.092847, 0.067543, 7.429772
41.094503, 0.067543, 7.429772
41.096123, 0.067543, 7.429772
41.097762, 0.064994, 7.149389
41.099626, 0.064994, 7.149389
41.101344, 0.064994, 7.149389
41.103350, 0.067543, 7.429772
41.105068, 0.064994, 7.149389
41.106690, 0.064994, 7.149389
41.108502, 0.067543, 7.429772
41.110222, 0.064994, 7.149389
41.112070, 0.067543, 7.429772
41.113693, 0.067543, 7.429772
41.115345, 0.067543, 7.429772
41.117093, 0.064994, 7.149389
41.119035, 0.067543, 7.429772
41.120808, 0.064994, 7.149389
41.122570, 0.064994, 7.149389
41.124171, 0.064994, 7.149389
41.125769, 0.064994, 7.149389
41.127376, 0.067543, 7.429772
41.129058, 0.064994, 7.149389
41.130768, 0.064994, 7.149389
41.132559, 0.067543, 7.429772
41.134316, 0.067543, 7.429772
41.135886, 0.064994, 7.149389
41.137475, 0.067543, 7.429772
41.139259, 0.067543, 7.429772
41.141077, 0.064994, 7.149389
41.142810, 0.067543, 7.429772
41.144398, 0.064994, 7.149389
41.146005, 0.064994, 7.149389
41.147719, 0.064994, 7.149389
41.149653, 0.064994, 7.149389
41.151475, 0.067543, 7.429772
41.153243, 0.064994, 7.149389
41.154818, 0.064994, 7.149389
41.156412, 0.067543, 7.429772
41.157996, 0.067543, 7.429772
41.159710, 0.067543, 7.429772
41.161464, 0.067543, 7.429772
41.163318, 0.067543, 7.429772
41.164999, 0.067543, 7.429772
41.166800, 0.067543, 7.429772
41.168535, 0.064994, 7.149389
41.170299, 0.064994, 7.149389
41.171925, 0.064994, 7.149389
41.173768, 0.064994, 7.149389
41.175366, 0.064994, 7.149389
41.176957, 0.067543, 7.429772
41.178517, 0.067543, 7.429772
41.180295, 0.064994, 7.149389
41.181953, 0.067543, 7.429772
41.183783, 0.064994, 7.149389
41.185447, 0.064994, 7.149389
41.187027, 0.067543, 7.429772
41.188593, 0.067543, 7.429772
41.190314, 0.064994, 7.149389
41.192057, 0.064994, 7.149389
41.193918, 0.064994, 7.149389
41.195505, 0.064994, 7.149389
41.197171, 0.064994, 7.149389
41.198821, 0.064994, 7.149389
41.201719, 0.064994, 7.149389
41.203375, 0.067543, 7.429772
41.205002, 0.067543, 7.429772
41.206742, 0.067543, 7.429772
41.208447, 0.067543, 7.429772
41.210189, 0.064994, 7.149389
41.211999, 0.064994, 7.149389
41.213816, 0.064994, 7.149389
41.215485, 0.064994, 7.149389
41.217344, 0.064994, 7.149389
41.218963, 0.067543, 7.429772
41.221179, 0.067543, 7.429772
41.222777, 0.067543, 7.429772
41.224467, 0.067543, 7.429772
41.226054, 0.067543, 7.429772
41.227642, 0.067543, 7.429772
41.229289, 0.067543, 7.429772
41.230979, 0.064994, 7.149389
41.232689, 0.067543, 7.429772
41.234496, 0.064994, 7.149389
41.236084, 0.067543, 7.429772
41.237673, 0.067543, 7.429772
41.239326, 0.067543, 7.429772
41.240943, 0.067543, 7.429772
41.242534, 0.067543, 7.429772
41.244116, 0.064994, 7.149389
41.245703, 0.064994, 7.149389
41.247402, 0.064994, 7.149389
41.249094, 0.064994, 7.149389
41.251051, 0.067543, 7.429772
41.252752, 0.064994, 7.149389
41.254620, 0.064994, 7.149389
41.256235, 0.067543, 7.429772
41.258301, 0.064994, 7.149389
41.260154, 0.064994, 7.149389
41.261829, 0.067543, 7.429772
41.263748, 0.064994, 7.149389
41.265443, 0.064994, 7.149389
41.267273, 0.064994, 7.149389
41.268867, 0.067543, 7.429772
41.270666, 0.067543, 7.429772
41.272397, 0.067543, 7.429772
41.274201, 0.064994, 7.149389
41.275800, 0.067543, 7.429772
41.277368, 0.064994, 7.149389
41.278960, 0.064994, 7.149389
41.280833, 0.067543, 7.429772
41.282533, 0.064994, 7.149389
41.284507, 0.064994, 7.149389
41.286123, 0.067543, 7.429772
41.287711, 0.064994, 7.149389
41.289275, 0.064994, 7.149389
41.291119, 0.064994, 7.149389
41.292834, 0.067543, 7.429772
41.294586, 0.067543, 7.429772
41.296235, 0.064994, 7.149389
41.298086, 0.067543, 7.429772
41.299848, 0.064994, 7.149389
41.301786, 0.067543, 7.429772
41.303378, 0.067543, 7.429772
41.304968, 0.067543, 7.429772
41.306561, 0.067543, 7.429772
41.308138, 0.064994, 7.149389
41.309705, 0.067543, 7.429772
41.311498, 0.067543, 7.429772
41.313197, 0.067543, 7.429772
41.314895, 0.067543, 7.429772
41.316616, 0.067543, 7.429772
41.318424, 0.067543, 7.429772
41.320109, 0.064994, 7.149389
41.322204, 0.067543, 7.429772
41.324018, 0.064994, 7.149389
41.325776, 0.064994, 7.149389
41.327374, 0.064994, 7.149389
41.328991, 0.064994, 7.149389
41.330805, 0.064994, 7.149389
41.332509, 0.064994, 7.149389
41.334353, 0.067543, 7.429772
41.335989, 0.064994, 7.149389
41.337568, 0.067543, 7.429772
41.339155, 0.067543, 7.429772
41.341364, 0.067543, 7.429772
41.344252, 0.067543, 7.429772
41.345980, 0.064994, 7.149389
41.348504, 0.067543, 7.429772
41.350322, 0.067543, 7.429772
41.352136, 0.067543, 7.429772
41.353774, 0.064994, 7.149389
41.355392, 0.064994, 7.149389
41.357065, 0.067543, 7.429772
41.358711, 0.067543, 7.429772
41.360461, 0.067543, 7.429772
41.362091, 0.067543, 7.429772
41.364503, 0.064994, 7.149389
41.366231, 0.064994, 7.149389
41.367942, 0.067543, 7.429772
41.369619, 0.067543, 7.429772
41.371239, 0.064994, 7.149389
41.373163, 0.067543, 7.429772
41.374881, 0.067543, 7.429772
41.376664, 0.067543, 7.429772
41.378292, 0.067543, 7.429772
41.380553, 0.067543, 7.429772
41.382273, 0.067543, 7.429772
41.384004, 0.067543, 7.429772
41.385606, 0.067543, 7.429772
41.387189, 0.067543, 7.429772
41.389154, 0.064994, 7.149389
41.390825, 0.067543, 7.429772
41.392580, 0.064994, 7.149389
41.394184, 0.067543, 7.429772
41.396565, 0.067543, 7.429772
41.398356, 0.067543, 7.429772
41.400631, 0.064994, 7.149389
41.402434, 0.067543, 7.429772
41.404248, 0.064994, 7.149389
41.405885, 0.064994, 7.149389
41.407477, 0.067543, 7.429772
41.409072, 0.067543, 7.429772
41.410880, 0.064994, 7.149389
41.412501, 0.067543, 7.429772
41.414214, 0.067543, 7.429772
41.415917, 0.067543, 7.429772
41.417615, 0.064994, 7.149389
41.419196, 0.064994, 7.149389
41.421901, 0.064994, 7.149389
41.423731, 0.067543, 7.429772
41.425513, 0.067543, 7.429772
41.427132, 0.067543, 7.429772
41.428744, 0.067543, 7.429772
41.431153, 0.067543, 7.429772
41.433609, 0.064994, 7.149389
41.435380, 0.067543, 7.429772
41.437650, 0.064994, 7.149389
41.439361, 0.067543, 7.429772
41.441096, 0.067543, 7.429772
41.442714, 0.067543, 7.429772
41.444325, 0.067543, 7.429772
41.447239, 0.067543, 7.429772
41.449150, 0.067543, 7.429772
41.450965, 0.067543, 7.429772
41.452593, 0.067543, 7.429772
41.454215, 0.064994, 7.149389
41.455809, 0.064994, 7.149389
41.457423, 0.067543, 7.429772
41.459037, 0.067543, 7.429772
41.461204, 0.067543, 7.429772
41.465267, 0.064994, 7.149389
41.467204, 0.067543, 7.429772
41.468935, 0.067543, 7.429772
41.470604, 0.067543, 7.429772
41.472246, 0.064994, 7.149389
41.474000, 0.064994, 7.149389
41.475889, 0.067543, 7.429772
41.477717, 0.064994, 7.149389
41.479603, 0.064994, 7.149389
41.481733, 0.064994, 7.149389
41.483573, 0.064994, 7.149389
41.485392, 0.067543, 7.429772
41.487231, 0.064994, 7.149389
41.489087, 0.067543, 7.429772
41.491140, 0.067543, 7.429772
41.492919, 0.067543, 7.429772
41.494609, 0.064994, 7.149389
41.496340, 0.067543, 7.429772
41.498028, 0.064994, 7.149389
41.499709, 0.064994, 7.149389
41.501500, 0.067543, 7.429772
41.503266, 0.067543, 7.429772
41.504962, 0.067543, 7.429772
41.506634, 0.067543, 7.429772
41.508314, 0.067543, 7.429772
41.509992, 0.067543, 7.429772
41.511788, 0.067543, 7.429772
41.513826, 0.064994, 7.149389
41.515544, 0.064994, 7.149389
41.517196, 0.064994, 7.149389
41.518846, 0.064994, 7.149389
41.520500, 0.067543, 7.429772
41.522654, 0.064994, 7.149389
41.524513, 0.064994, 7.149389
41.526296, 0.067543, 7.429772
41.527988, 0.064994, 7.149389
41.529638, 0.064994, 7.149389
41.531598, 0.064994, 7.149389
41.533251, 0.067543, 7.429772
41.534920, 0.067543, 7.429772
41.536598, 0.064994, 7.149389
41.538203, 0.067543, 7.429772
41.539809, 0.067543, 7.429772
41.541784, 0.067543, 7.429772
41.543794, 0.067543, 7.429772
41.545513, 0.067543, 7.429772
41.547268, 0.064994, 7.149389
41.548972, 0.064994, 7.149389
41.550642, 0.064994, 7.149389
41.553489, 0.067543, 7.429772
41.555219, 0.067543, 7.429772
41.556870, 0.064994, 7.149389
41.558501, 0.067543, 7.429772
41.560204, 0.064994, 7.149389
41.562532, 0.067543, 7.429772
41.564598, 0.067543, 7.429772
41.566324, 0.067543, 7.429772
41.567985, 0.067543, 7.429772
41.569609, 0.067543, 7.429772
41.571213, 0.067543, 7.429772
41.573139, 0.064994, 7.149389
41.574873, 0.067543, 7.429772
41.576578, 0.064994, 7.149389
41.578177, 0.067543, 7.429772
41.579843, 0.067543, 7.429772
41.581506, 0.067543, 7.429772
41.583538, 0.067543, 7.429772
41.585249, 0.067543, 7.429772
41.587013, 0.067543, 7.429772
41.588613, 0.064994, 7.149389
41.590208, 0.064994, 7.149389
41.591780, 0.064994, 7.149389
41.593545, 0.064994, 7.149389
41.595179, 0.067543, 7.429772
41.596884, 0.067543, 7.429772
41.598590, 0.064994, 7.149389
41.600309, 0.067543, 7.429772
41.602067, 0.064994, 7.149389
41.603979, 0.064994, 7.149389
41.605680, 0.064994, 7.149389
41.607430, 0.064994, 7.149389
41.609063, 0.067543, 7.429772
41.610689, 0.064994, 7.149389
41.612345, 0.064994, 7.149389
41.614165, 0.064994, 7.149389
41.615832, 0.064994, 7.149389
41.618114, 0.064994, 7.149389
41.619720, 0.064994, 7.149389
41.621321, 0.064994, 7.149389
41.623023, 0.067543, 7.429772
41.625020, 0.067543, 7.429772
41.626749, 0.064994, 7.149389
41.628538, 0.067543, 7.429772
41.630470, 0.067543, 7.429772
41.632174, 0.067543, 7.429772
41.633948, 0.064994, 7.149389
41.635627, 0.064994, 7.149389
41.637265, 0.064994, 7.149389
41.638894, 0.064994, 7.149389
41.640519, 0.067543, 7.429772
41.642151, 0.064994, 7.149389
41.644824, 0.064994, 7.149389
41.647756, 0.064994, 7.149389
41.649455, 0.067543, 7.429772
41.651077, 0.067543, 7.429772
41.652713, 0.067543, 7.429772
41.654636, 0.067543, 7.429772
41.656403, 0.067543, 7.429772
41.658013, 0.064994, 7.149389
41.659622, 0.064994, 7.149389
41.661234, 0.064994, 7.149389
41.663328, 0.064994, 7.149389
41.665048, 0.067543, 7.429772
41.666690, 0.064994, 7.149389
41.668421, 0.064994, 7.149389
41.670222, 0.064994, 7.149389
41.671887, 0.064994, 7.149389
41.673703, 0.067543, 7.429772
41.675367, 0.067543, 7.429772
41.677014, 0.064994, 7.149389
41.678657, 0.064994, 7.149389
41.680456, 0.064994, 7.149389
41.682149, 0.064994, 7.149389
41.684126, 0.064994, 7.149389
41.685903, 0.064994, 7.149389
41.687634, 0.064994, 7.149389
41.689264, 0.064994, 7.149389
41.690874, 0.064994, 7.149389
41.692484, 0.064994, 7.149389
41.694204, 0.064994, 7.149389
41.695845, 0.064994, 7.149389
41.697540, 0.064994, 7.149389
41.699253, 0.067543, 7.429772
41.700952, 0.064994, 7.149389
41.702545, 0.064994, 7.149389
41.705389, 0.064994, 7.149389
41.707290, 0.064994, 7.149389
41.708946, 0.064994, 7.149389
41.710630, 0.064994, 7.149389
41.712537, 0.064994, 7.149389
41.714788, 0.064994, 7.149389
41.716472, 0.067543, 7.429772
41.718188, 0.067543, 7.429772
41.719804, 0.067543, 7.429772
41.721393, 0.067543, 7.429772
41.722985, 0.064994, 7.149389
41.724983, 0.064994, 7.149389
41.726624, 0.067543, 7.429772
41.728478, 0.064994, 7.149389
41.730337, 0.064994, 7.149389
41.732105, 0.067543, 7.429772
41.735140, 0.067543, 7.429772
41.736934, 0.064994, 7.149389
41.738516, 0.064994, 7.149389
41.740105, 0.064994, 7.149389
41.741711, 0.067543, 7.429772
41.743381, 0.064994, 7.149389
41.745007, 0.067543, 7.429772
41.746685, 0.064994, 7.149389
41.748496, 0.064994, 7.149389
41.750192, 0.064994, 7.149389
41.751935, 0.064994, 7.149389
41.753617, 0.064994, 7.149389
41.755221, 0.064994, 7.149389
41.756857, 0.064994, 7.149389
41.758435, 0.064994, 7.149389
41.760015, 0.067543, 7.429772
41.761597, 0.064994, 7.149389
41.763430, 0.064994, 7.149389
41.765233, 0.064994, 7.149389
41.766940, 0.067543, 7.429772
41.768731, 0.064994, 7.149389
41.770332, 0.067543, 7.429772
41.771915, 0.067543, 7.429772
41.773812, 0.064994, 7.149389
41.775494, 0.064994, 7.149389
41.777230, 0.064994, 7.149389
41.779067, 0.064994, 7.149389
41.781332, 0.064994, 7.149389
41.783009, 0.067543, 7.429772
41.784784, 0.067543, 7.429772
41.786388, 0.067543, 7.429772
41.787976, 0.067543, 7.429772
41.789565, 0.064994, 7.149389
41.791146, 0.064994, 7.149389
41.792727, 0.064994, 7.149389
41.794973, 0.064994, 7.149389
41.796645, 0.064994, 7.149389
41.798283, 0.064994, 7.149389
41.799985, 0.064994, 7.149389
41.801749, 0.064994, 7.149389
41.803361, 0.064994, 7.149389
41.805390, 0.064994, 7.149389
41.807127, 0.064994, 7.149389
41.808926, 0.067543, 7.429772
41.810540, 0.064994, 7.149389
41.812141, 0.064994, 7.149389
41.813781, 0.064994, 7.149389
41.815692, 0.067543, 7.429772
41.817321, 0.064994, 7.149389
41.818948, 0.064994, 7.149389
41.820594, 0.064994, 7.149389
41.822274, 0.067543, 7.429772
41.824269, 0.064994, 7.149389
41.826421, 0.064994, 7.149389
41.828503, 0.064994, 7.149389
41.830487, 0.064994, 7.149389
41.832153, 0.064994, 7.149389
41.834003, 0.067543, 7.429772
41.835748, 0.067543, 7.429772
41.837440, 0.064994, 7.149389
41.839140, 0.064994, 7.149389
41.840752, 0.064994, 7.149389
41.842357, 0.067543, 7.429772
41.844147, 0.064994, 7.149389
41.846218, 0.064994, 7.149389
41.848159, 0.064994, 7.149389
41.849929, 0.064994, 7.149389
41.851634, 0.067543, 7.429772
41.853313, 0.064994, 7.149389
41.855243, 0.064994, 7.149389
41.857024, 0.064994, 7.149389
41.858677, 0.067543, 7.429772
41.860305, 0.064994, 7.149389
41.861938, 0.067543, 7.429772
41.863562, 0.067543, 7.429772
41.865342, 0.064994, 7.149389
41.867045, 0.064994, 7.149389
41.868729, 0.064994, 7.149389
41.870352, 0.064994, 7.149389
41.871961, 0.064994, 7.149389
41.873575, 0.064994, 7.149389
41.875549, 0.064994, 7.149389
41.877220, 0.064994, 7.149389
41.878959, 0.067543, 7.429772
41.880786, 0.067543, 7.429772
41.882573, 0.064994, 7.149389
41.884565, 0.064994, 7.149389
41.886226, 0.067543, 7.429772
41.887829, 0.064994, 7.149389
41.889414, 0.067543, 7.429772
41.891013, 0.064994, 7.149389
41.892610, 0.064994, 7.149389
41.894368, 0.064994, 7.149389
41.896126, 0.064994, 7.149389
41.897818, 0.064994, 7.149389
41.899462, 0.064994, 7.149389
41.901225, 0.064994, 7.149389
41.902834, 0.064994, 7.149389
41.904579, 0.067543, 7.429772
41.906209, 0.067543, 7.429772
41.907969, 0.064994, 7.149389
41.909556, 0.064994, 7.149389
41.911147, 0.067543, 7.429772
41.912757, 0.067543, 7.429772
41.914670, 0.064994, 7.149389
41.916791, 0.067543, 7.429772
41.919627, 0.064994, 7.149389
41.921370, 0.067543, 7.429772
41.923025, 0.067543, 7.429772
41.925159, 0.067543, 7.429772
41.926891, 0.067543, 7.429772
41.928948, 0.067543, 7.429772
41.930700, 0.067543, 7.429772
41.932385, 0.067543, 7.429772
41.934219, 0.067543, 7.429772
41.935968, 0.064994, 7.149389
41.937707, 0.064994, 7.149389
41.939471, 0.064994, 7.149389
41.941056, 0.067543, 7.429772
41.942657, 0.064994, 7.149389
41.944248, 0.064994, 7.149389
41.946961, 0.067543, 7.429772
41.949218, 0.067543, 7.429772
41.951162, 0.067543, 7.429772
41.953028, 0.067543, 7.429772
41.954808, 0.067543, 7.429772
41.956448, 0.064994, 7.149389
41.958050, 0.064994, 7.149389
41.959674, 0.064994, 7.149389
41.961601, 0.064994, 7.149389
41.963332, 0.064994, 7.149389
41.965237, 0.064994, 7.149389
41.966972, 0.067543, 7.429772
41.968655, 0.064994, 7.149389
41.970459, 0.064994, 7.149389
41.972784, 0.067543, 7.429772
41.974554, 0.067543, 7.429772
41.976709, 0.064994, 7.149389
41.978450, 0.067543, 7.429772
41.981056, 0.067543, 7.429772
41.982833, 0.067543, 7.429772
41.984515, 0.067543, 7.429772
41.986137, 0.067543, 7.429772
41.987751, 0.067543, 7.429772
41.989375, 0.064994, 7.149389
41.990990, 0.064994, 7.149389
41.992979, 0.067543, 7.429772
41.994740, 0.064994, 7.149389
41.997057, 0.064994, 7.149389
41.998878, 0.064994, 7.149389
42.000591, 0.064994, 7.149389
42.002265, 0.064994, 7.149389
42.003957, 0.064994, 7.149389
42.005657, 0.064994, 7.149389
42.007555, 0.064994, 7.149389
42.009237, 0.064994, 7.149389
42.010939, 0.064994, 7.149389
42.013779, 0.064994, 7.149389
42.015499, 0.067543, 7.429772
42.017159, 0.067543, 7.429772
42.018739, 0.064994, 7.149389
42.020318, 0.067543, 7.429772
42.021924, 0.064994, 7.149389
42.023993, 0.064994, 7.149389
42.025638, 0.064994, 7.149389
42.027261, 0.067543, 7.429772
42.028933, 0.064994, 7.149389
42.030686, 0.064994, 7.149389
42.032293, 0.064994, 7.149389
42.034252, 0.064994, 7.149389
42.035881, 0.064994, 7.149389
42.037552, 0.067543, 7.429772
42.039303, 0.067543, 7.429772
42.040879, 0.067543, 7.429772
42.042440, 0.064994, 7.149389
42.045307, 0.064994, 7.149389
42.046946, 0.067543, 7.429772
42.048542, 0.064994, 7.149389
42.050148, 0.064994, 7.149389
42.051826, 0.064994, 7.149389
42.053469, 0.067543, 7.429772
42.055046, 0.064994, 7.149389
42.056603, 0.067543, 7.429772
42.058180, 0.064994, 7.149389
42.059753, 0.064994, 7.149389
42.061336, 0.064994, 7.149389
42.063312, 0.067543, 7.429772
42.065686, 0.064994, 7.149389
42.067339, 0.064994, 7.149389
42.069039, 0.064994, 7.149389
42.070627, 0.064994, 7.149389
42.072211, 0.067543, 7.429772
42.073933, 0.064994, 7.149389
42.075578, 0.067543, 7.429772
42.077263, 0.064994, 7.149389
42.078828, 0.067543, 7.429772
42.080492, 0.064994, 7.149389
42.082196, 0.067543, 7.429772
42.084029, 0.064994, 7.149389
42.085665, 0.064994, 7.149389
42.087382, 0.064994, 7.149389
42.088988, 0.064994, 7.149389
42.090550, 0.064994, 7.149389
42.092128, 0.064994, 7.149389
42.093973, 0.064994, 7.149389
42.095628, 0.064994, 7.149389
42.097396, 0.064994, 7.149389
42.099099, 0.064994, 7.149389
42.100727, 0.067543, 7.429772
42.102315, 0.064994, 7.149389
42.104238, 0.064994, 7.149389
42.106302, 0.067543, 7.429772
42.108787, 0.067543, 7.429772
42.110393, 0.064994, 7.149389
42.112048, 0.067543, 7.429772
42.113747, 0.064994, 7.149389
42.115363, 0.064994, 7.149389
42.116969, 0.064994, 7.149389
42.118569, 0.064994, 7.149389
42.120217, 0.064994, 7.149389
42.121828, 0.064994, 7.149389
42.123400, 0.064994, 7.149389
42.125094, 0.064994, 7.149389
42.126676, 0.067543, 7.429772
42.128260, 0.067543, 7.429772
42.129859, 0.064994, 7.149389
42.131486, 0.067543, 7.429772
42.133182, 0.064994, 7.149389
42.134912, 0.067543, 7.429772
42.136558, 0.067543, 7.429772
42.138283, 0.067543, 7.429772
42.139846, 0.067543, 7.429772
42.141427, 0.064994, 7.149389
42.143007, 0.064994, 7.149389
42.144676, 0.064994, 7.149389
42.146865, 0.064994, 7.149389
42.148604, 0.064994, 7.149389
42.150240, 0.064994, 7.149389
42.151802, 0.067543, 7.429772
42.153461, 0.067543, 7.429772
42.155355, 0.064994, 7.149389
42.157040, 0.067543, 7.429772
42.158766, 0.067543, 7.429772
42.160345, 0.064994, 7.149389
42.161916, 0.067543, 7.429772
42.163592, 0.064994, 7.149389
42.165423, 0.067543, 7.429772
42.167069, 0.064994, 7.149389
42.168820, 0.064994, 7.149389
42.170425, 0.064994, 7.149389
42.171993, 0.064994, 7.149389
42.173582, 0.067543, 7.429772
42.175263, 0.064994, 7.149389
42.176839, 0.064994, 7.149389
42.178408, 0.064994, 7.149389
42.180398, 0.064994, 7.149389
42.182023, 0.067543, 7.429772
42.183756, 0.064994, 7.149389
42.185616, 0.067543, 7.429772
42.187279, 0.067543, 7.429772
42.189033, 0.067543, 7.429772
42.190608, 0.064994, 7.149389
42.192167, 0.067543, 7.429772
42.193742, 0.067543, 7.429772
42.195499, 0.067543, 7.429772
42.197243, 0.064994, 7.149389
42.198964, 0.067543, 7.429772
42.200605, 0.064994, 7.149389
42.202188, 0.064994, 7.149389
42.203772, 0.064994, 7.149389
42.206502, 0.064994, 7.149389
42.208654, 0.067543, 7.429772
42.210261, 0.067543, 7.429772
42.211895, 0.067543, 7.429772
42.213724, 0.064994, 7.149389
42.215689, 0.067543, 7.429772
42.217453, 0.067543, 7.429772
42.219104, 0.064994, 7.149389
42.220841, 0.067543, 7.429772
42.222429, 0.067543, 7.429772
42.224010, 0.067543, 7.429772
42.225714, 0.067543, 7.429772
42.227314, 0.064994, 7.149389
42.228894, 0.064994, 7.149389
42.230707, 0.067543, 7.429772
42.232367, 0.064994, 7.149389
42.234080, 0.064994, 7.149389
42.235785, 0.064994, 7.149389
42.237388, 0.067543, 7.429772
42.239095, 0.067543, 7.429772
42.240675, 0.067543, 7.429772
42.242255, 0.067543, 7.429772
42.243828, 0.067543, 7.429772
42.245472, 0.064994, 7.149389
42.247431, 0.067543, 7.429772
42.249093, 0.067543, 7.429772
42.250851, 0.064994, 7.149389
42.252431, 0.067543, 7.429772
42.253996, 0.067543, 7.429772
42.255578, 0.067543, 7.429772
42.258565, 0.064994, 7.149389
42.260165, 0.067543, 7.429772
42.261731, 0.067543, 7.429772
42.263417, 0.067543, 7.429772
42.265060, 0.064994, 7.149389
42.267141, 0.067543, 7.429772
42.268853, 0.064994, 7.149389
42.270485, 0.067543, 7.429772
42.272200, 0.064994, 7.149389
42.273775, 0.064994, 7.149389
42.275357, 0.064994, 7.149389
42.277119, 0.067543, 7.429772
42.278752, 0.064994, 7.149389
42.280620, 0.067543, 7.429772
42.282293, 0.067543, 7.429772
42.283957, 0.067543, 7.429772
42.285531, 0.067543, 7.429772
42.287229, 0.064994, 7.149389
42.288841, 0.064994, 7.149389
42.290611, 0.064994, 7.149389
42.292205, 0.067543, 7.429772
42.293771, 0.064994, 7.149389
42.295387, 0.067543, 7.429772
42.297449, 0.067543, 7.429772
42.299121, 0.067543, 7.429772
42.300860, 0.067543, 7.429772
42.302499, 0.067543, 7.429772
42.304159, 0.067543, 7.429772
42.305751, 0.067543, 7.429772
42.307457, 0.067543, 7.429772
42.309056, 0.067543, 7.429772
42.310627, 0.067543, 7.429772
42.312237, 0.067543, 7.429772
42.313937, 0.067543, 7.429772
42.315654, 0.064994, 7.149389
42.317989, 0.067543, 7.429772
42.319722, 0.067543, 7.429772
42.321427, 0.067543, 7.429772
42.323016, 0.067543, 7.429772
42.324581, 0.064994, 7.149389
42.326170, 0.064994, 7.149389
42.327982, 0.067543, 7.429772
42.329651, 0.067543, 7.429772
42.331320, 0.067543, 7.429772
42.333014, 0.067543, 7.429772
42.334810, 0.067543, 7.429772
42.336394, 0.067543, 7.429772
42.338349, 0.067543, 7.429772
42.340010, 0.067543, 7.429772
42.341773, 0.067543, 7.429772
42.343364, 0.064994, 7.149389
42.344931, 0.064994, 7.149389
42.346606, 0.067543, 7.429772
42.349738, 0.067543, 7.429772
42.351857, 0.067543, 7.429772
42.354227, 0.067543, 7.429772
42.356207, 0.067543, 7.429772
42.357904, 0.067543, 7.429772
42.359525, 0.067543, 7.429772
42.361172, 0.067543, 7.429772
42.362786, 0.067543, 7.429772
42.364408, 0.064994, 7.149389
42.366050, 0.067543, 7.429772
42.367837, 0.067543, 7.429772
42.369448, 0.067543, 7.429772
42.371040, 0.067543, 7.429772
42.372626, 0.067543, 7.429772
42.374212, 0.067543, 7.429772
42.375798, 0.064994, 7.149389
42.377371, 0.067543, 7.429772
42.379033, 0.067543, 7.429772
42.380750, 0.067543, 7.429772
42.382393, 0.067543, 7.429772
42.384112, 0.067543, 7.429772
42.385699, 0.067543, 7.429772
42.387275, 0.064994, 7.149389
42.388982, 0.064994, 7.149389
42.390583, 0.067543, 7.429772
42.392167, 0.067543, 7.429772
42.393748, 0.067543, 7.429772
42.395321, 0.064994, 7.149389
42.397295, 0.067543, 7.429772
42.399128, 0.067543, 7.429772
42.400887, 0.067543, 7.429772
42.402588, 0.064994, 7.149389
42.404175, 0.067543, 7.429772
42.405734, 0.067543, 7.429772
42.407311, 0.067543, 7.429772
42.409060, 0.064994, 7.149389
42.410709, 0.064994, 7.149389
42.412294, 0.067543, 7.429772
42.414060, 0.067543, 7.429772
42.415690, 0.067543, 7.429772
42.417436, 0.067543, 7.429772
42.420266, 0.067543, 7.429772
42.422670, 0.067543, 7.429772
42.424369, 0.067543, 7.429772
42.426066, 0.067543, 7.429772
42.427673, 0.067543, 7.429772
42.430597, 0.067543, 7.429772
42.432486, 0.067543, 7.429772
42.434220, 0.067543, 7.429772
42.435860, 0.067543, 7.429772
42.437479, 0.067543, 7.429772
42.439377, 0.067543, 7.429772
42.441038, 0.067543, 7.429772
42.442727, 0.067543, 7.429772
42.444321, 0.067543, 7.429772
42.445929, 0.067543, 7.429772
42.447611, 0.067543, 7.429772
42.450231, 0.067543, 7.429772
42.452238, 0.067543, 7.429772
42.453879, 0.067543, 7.429772
42.455491, 0.067543, 7.429772
42.457088, 0.067543, 7.429772
42.458680, 0.067543, 7.429772
42.460363, 0.067543, 7.429772
42.461966, 0.067543, 7.429772
42.463798, 0.067543, 7.429772
42.465437, 0.064994, 7.149389
42.467118, 0.067543, 7.429772
42.468738, 0.067543, 7.429772
42.471748, 0.067543, 7.429772
42.473500, 0.067543, 7.429772
42.475173, 0.064994, 7.149389
42.476874, 0.067543, 7.429772
42.478605, 0.067543, 7.429772
42.480798, 0.067543, 7.429772
42.482608, 0.067543, 7.429772
42.484308, 0.067543, 7.429772
42.485920, 0.067543, 7.429772
42.487512, 0.067543, 7.429772
42.489115, 0.067543, 7.429772
42.491070, 0.064994, 7.149389
42.492897, 0.067543, 7.429772
42.495084, 0.067543, 7.429772
42.497059, 0.064994, 7.149389
42.498762, 0.067543, 7.429772
42.500503, 0.064994, 7.149389
42.502274, 0.067543, 7.429772
42.503908, 0.067543, 7.429772
42.505790, 0.067543, 7.429772
42.507499, 0.067543, 7.429772
42.509186, 0.067543, 7.429772
42.510917, 0.067543, 7.429772
42.512841, 0.067543, 7.429772
42.514556, 0.067543, 7.429772
42.516246, 0.067543, 7.429772
42.518080, 0.067543, 7.429772
42.519701, 0.067543, 7.429772
42.521399, 0.067543, 7.429772
42.523021, 0.067543, 7.429772
42.524640, 0.067543, 7.429772
42.526250, 0.067543, 7.429772
42.527865, 0.067543, 7.429772
42.529504, 0.067543, 7.429772
42.531166, 0.067543, 7.429772
42.532854, 0.067543, 7.429772
42.534617, 0.067543, 7.429772
42.536215, 0.070092, 7.710155
42.537790, 0.067543, 7.429772
42.539389, 0.067543, 7.429772
42.541386, 0.067543, 7.429772
42.543049, 0.064994, 7.149389
42.544801, 0.067543, 7.429772
42.546428, 0.067543, 7.429772
42.548069, 0.067543, 7.429772
42.549988, 0.067543, 7.429772
42.551941, 0.067543, 7.429772
42.554070, 0.067543, 7.429772
42.555828, 0.067543, 7.429772
42.557536, 0.067543, 7.429772
42.559166, 0.064994, 7.149389
42.560768, 0.064994, 7.149389
42.562390, 0.070092, 7.710155
42.564397, 0.067543, 7.429772
42.567248, 0.064994, 7.149389
42.568913, 0.064994, 7.149389
42.570565, 0.067543, 7.429772
42.572280, 0.067543, 7.429772
42.573938, 0.067543, 7.429772
42.575593, 0.067543, 7.429772
42.577249, 0.067543, 7.429772
42.579192, 0.067543, 7.429772
42.581641, 0.067543, 7.429772
42.583398, 0.067543, 7.429772
42.585180, 0.067543, 7.429772
42.586818, 0.067543, 7.429772
42.588461, 0.067543, 7.429772
42.590077, 0.067543, 7.429772
42.591682, 0.067543, 7.429772
42.593299, 0.067543, 7.429772
42.594912, 0.067543, 7.429772
42.596795, 0.067543, 7.429772
42.598503, 0.067543, 7.429772
42.600186, 0.067543, 7.429772
42.601917, 0.067543, 7.429772
42.603567, 0.067543, 7.429772
42.605240, 0.067543, 7.429772
42.607031, 0.067543, 7.429772
42.608696, 0.064994, 7.149389
42.610425, 0.067543, 7.429772
42.612024, 0.067543, 7.429772
42.613713, 0.067543, 7.429772
42.615414, 0.067543, 7.429772
42.618389, 0.067543, 7.429772
42.620520, 0.067543, 7.429772
42.622226, 0.067543, 7.429772
42.623910, 0.067543, 7.429772
42.625589, 0.067543, 7.429772
42.627329, 0.067543, 7.429772
42.629057, 0.067543, 7.429772
42.630826, 0.064994, 7.149389
42.632476, 0.067543, 7.429772
42.634108, 0.067543, 7.429772
42.635751, 0.067543, 7.429772
42.637597, 0.067543, 7.429772
42.639265, 0.067543, 7.429772
42.640907, 0.067543, 7.429772
42.642570, 0.067543, 7.429772
42.644221, 0.067543, 7.429772
42.645869, 0.067543, 7.429772
42.647836, 0.067543, 7.429772
42.649501, 0.067543, 7.429772
42.651145, 0.067543, 7.429772
42.652790, 0.067543, 7.429772
42.654439, 0.067543, 7.429772
42.656086, 0.067543, 7.429772
42.657823, 0.067543, 7.429772
42.659651, 0.067543, 7.429772
42.662257, 0.070092, 7.710155
42.665090, 0.067543, 7.429772
42.666772, 0.067543, 7.429772
42.669061, 0.067543, 7.429772
42.673206, 0.067543, 7.429772
42.675355, 0.067543, 7.429772
42.677013, 0.064994, 7.149389
42.679364, 0.067543, 7.429772
42.681197, 0.067543, 7.429772
42.682896, 0.067543, 7.429772
42.684598, 0.067543, 7.429772
42.686214, 0.067543, 7.429772
42.687814, 0.067543, 7.429772
42.689639, 0.067543, 7.429772
42.691309, 0.067543, 7.429772
42.692983, 0.067543, 7.429772
42.694595, 0.067543, 7.429772
42.696237, 0.067543, 7.429772
42.697951, 0.067543, 7.429772
42.699904, 0.067543, 7.429772
42.701602, 0.067543, 7.429772
42.703376, 0.067543, 7.429772
42.704995, 0.067543, 7.429772
42.706597, 0.067543, 7.429772
42.708178, 0.067543, 7.429772
42.710162, 0.067543, 7.429772
42.711881, 0.067543, 7.429772
42.713703, 0.067543, 7.429772
42.715368, 0.067543, 7.429772
42.717117, 0.067543, 7.429772
42.718754, 0.067543, 7.429772
42.720798, 0.067543, 7.429772
42.722502, 0.067543, 7.429772
42.724139, 0.067543, 7.429772
42.725773, 0.067543, 7.429772
42.727399, 0.067543, 7.429772
42.729113, 0.067543, 7.429772
42.731255, 0.067543, 7.429772
42.733071, 0.067543, 7.429772
42.734770, 0.067543, 7.429772
42.736378, 0.067543, 7.429772
42.737977, 0.067543, 7.429772
42.739717, 0.067543, 7.429772
42.741340, 0.067543, 7.429772
42.742938, 0.067543, 7.429772
42.744548, 0.067543, 7.429772
42.746209, 0.067543, 7.429772
42.747934, 0.067543, 7.429772
42.749759, 0.067543, 7.429772
42.751556, 0.067543, 7.429772
42.753405, 0.067543, 7.429772
42.755014, 0.067543, 7.429772
42.756596, 0.067543, 7.429772
42.758197, 0.067543, 7.429772
42.761218, 0.067543, 7.429772
42.762839, 0.067543, 7.429772
42.764460, 0.067543, 7.429772
42.766094, 0.067543, 7.429772
42.767802, 0.067543, 7.429772
42.769797, 0.067543, 7.429772
42.771474, 0.067543, 7.429772
42.773135, 0.067543, 7.429772
42.774726, 0.067543, 7.429772
42.776321, 0.067543, 7.429772
42.777904, 0.067543, 7.429772
42.779819, 0.070092, 7.710155
42.781544, 0.067543, 7.429772
42.783240, 0.067543, 7.429772
42.784832, 0.067543, 7.429772
42.786413, 0.067543, 7.429772
42.788002, 0.067543, 7.429772
42.789603, 0.070092, 7.710155
42.791615, 0.067543, 7.429772
42.793292, 0.067543, 7.429772
42.794957, 0.067543, 7.429772
42.796826, 0.067543, 7.429772
42.798490, 0.067543, 7.429772
42.800543, 0.067543, 7.429772
42.803176, 0.067543, 7.429772
42.804773, 0.067543, 7.429772
42.806337, 0.067543, 7.429772
42.807894, 0.067543, 7.429772
42.809440, 0.067543, 7.429772
42.811207, 0.067543, 7.429772
42.814252, 0.067543, 7.429772
42.816021, 0.067543, 7.429772
42.817780, 0.067543, 7.429772
42.819374, 0.067543, 7.429772
42.821092, 0.067543, 7.429772
42.824743, 0.067543, 7.429772
42.826454, 0.067543, 7.429772
42.828037, 0.067543, 7.429772
42.829617, 0.067543, 7.429772
42.831913, 0.067543, 7.429772
42.835384, 0.067543, 7.429772
42.837441, 0.067543, 7.429772
42.839273, 0.067543, 7.429772
42.840964, 0.067543, 7.429772
42.843024, 0.067543, 7.429772
42.845029, 0.067543, 7.429772
42.846928, 0.067543, 7.429772
42.848618, 0.067543, 7.429772
42.850275, 0.067543, 7.429772
42.852253, 0.067543, 7.429772
42.853947, 0.067543, 7.429772
42.856113, 0.067543, 7.429772
42.857765, 0.067543, 7.429772
42.859436, 0.067543, 7.429772
42.861116, 0.067543, 7.429772
42.863402, 0.067543, 7.429772
42.865466, 0.067543, 7.429772
42.867295, 0.067543, 7.429772
42.869038, 0.067543, 7.429772
42.870779, 0.067543, 7.429772
42.872802, 0.067543, 7.429772
42.875076, 0.067543, 7.429772
42.877949, 0.067543, 7.429772
42.880639, 0.067543, 7.429772
42.882571, 0.067543, 7.429772
42.884277, 0.067543, 7.429772
42.885976, 0.067543, 7.429772
42.887606, 0.067543, 7.429772
42.889243, 0.067543, 7.429772
42.890880, 0.067543, 7.429772
42.892571, 0.067543, 7.429772
42.894253, 0.067543, 7.429772
42.895917, 0.067543, 7.429772
42.897756, 0.067543, 7.429772
42.899532, 0.067543, 7.429772
42.901196, 0.067543, 7.429772
42.902941, 0.067543, 7.429772
42.904566, 0.067543, 7.429772
42.906214, 0.067543, 7.429772
42.907951, 0.067543, 7.429772
42.909539, 0.067543, 7.429772
42.911126, 0.067543, 7.429772
42.912755, 0.067543, 7.429772
42.914657, 0.067543, 7.429772
42.916331, 0.067543, 7.429772
42.918135, 0.067543, 7.429772
42.919735, 0.067543, 7.429772
42.921326, 0.067543, 7.429772
42.922916, 0.067543, 7.429772
42.925175, 0.067543, 7.429772
42.926966, 0.067543, 7.429772
42.928652, 0.067543, 7.429772
42.930282, 0.067543, 7.429772
42.931980, 0.067543, 7.429772
42.933912, 0.067543, 7.429772
42.935590, 0.067543, 7.429772
42.937317, 0.067543, 7.429772
42.938904, 0.067543, 7.429772
42.940487, 0.067543, 7.429772
42.942067, 0.067543, 7.429772
42.943646, 0.067543, 7.429772
42.945276, 0.067543, 7.429772
42.946959, 0.067543, 7.429772
42.948571, 0.067543, 7.429772
42.950301, 0.067543, 7.429772
42.951962, 0.067543, 7.429772
42.953534, 0.067543, 7.429772
42.955384, 0.067543, 7.429772
42.957401, 0.067543, 7.429772
42.959416, 0.067543, 7.429772
42.961069, 0.064994, 7.149389
42.962746, 0.067543, 7.429772
42.964562, 0.067543, 7.429772
42.966328, 0.067543, 7.429772
42.968196, 0.067543, 7.429772
42.969902, 0.067543, 7.429772
42.971501, 0.067543, 7.429772
42.973093, 0.067543, 7.429772
42.974680, 0.067543, 7.429772
42.976304, 0.067543, 7.429772
42.977876, 0.067543, 7.429772
42.979505, 0.067543, 7.429772
42.981222, 0.067543, 7.429772
42.982904, 0.067543, 7.429772
42.984687, 0.067543, 7.429772
42.986437, 0.067543, 7.429772
42.988110, 0.067543, 7.429772
42.989884, 0.070092, 7.710155
42.991479, 0.067543, 7.429772
42.993066, 0.067543, 7.429772
42.994634, 0.067543, 7.429772
42.996445, 0.067543, 7.429772
42.998182, 0.070092, 7.710155
43.000003, 0.067543, 7.429772
43.001627, 0.067543, 7.429772
43.003237, 0.067543, 7.429772
43.004826, 0.067543, 7.429772
43.006560, 0.067543, 7.429772
43.008321, 0.070092, 7.710155
43.010104, 0.067543, 7.429772
43.011715, 0.067543, 7.429772
43.013439, 0.067543, 7.429772
43.015115, 0.070092, 7.710155
43.017046, 0.067543, 7.429772
43.018953, 0.067543, 7.429772
43.020658, 0.067543, 7.429772
43.022443, 0.067543, 7.429772
43.024322, 0.067543, 7.429772
43.025942, 0.067543, 7.429772
43.027563, 0.067543, 7.429772
43.029218, 0.064994, 7.149389
43.031463, 0.067543, 7.429772
43.033284, 0.067543, 7.429772
43.035034, 0.067543, 7.429772
43.036854, 0.067543, 7.429772
43.038481, 0.067543, 7.429772
43.040092, 0.067543, 7.429772
43.041697, 0.067543, 7.429772
43.043301, 0.067543, 7.429772
43.044892, 0.067543, 7.429772
43.046576, 0.067543, 7.429772
43.048451, 0.067543, 7.429772
43.050102, 0.067543, 7.429772
43.051846, 0.067543, 7.429772
43.053751, 0.067543, 7.429772
43.055354, 0.067543, 7.429772
43.056932, 0.067543, 7.429772
43.058518, 0.067543, 7.429772
43.060102, 0.067543, 7.429772
43.061677, 0.067543, 7.429772
43.063420, 0.067543, 7.429772
43.065057, 0.067543, 7.429772
43.066920, 0.067543, 7.429772
43.068561, 0.067543, 7.429772
43.070158, 0.067543, 7.429772
43.071745, 0.067543, 7.429772
43.073517, 0.067543, 7.429772
43.075725, 0.067543, 7.429772
43.077820, 0.067543, 7.429772
43.079489, 0.070092, 7.710155
43.081121, 0.067543, 7.429772
43.082962, 0.067543, 7.429772
43.084766, 0.067543, 7.429772
43.086477, 0.067543, 7.429772
43.088267, 0.067543, 7.429772
43.089859, 0.067543, 7.429772
43.091432, 0.067543, 7.429772
43.093006, 0.067543, 7.429772
43.094754, 0.067543, 7.429772
43.096606, 0.067543, 7.429772
43.098474, 0.067543, 7.429772
43.100269, 0.067543, 7.429772
43.101995, 0.067543, 7.429772
43.103827, 0.067543, 7.429772
43.107961, 0.067543, 7.429772
43.109686, 0.067543, 7.429772
43.111288, 0.067543, 7.429772
43.112909, 0.067543, 7.429772
43.114545, 0.067543, 7.429772
43.116246, 0.067543, 7.429772
43.117925, 0.067543, 7.429772
43.119502, 0.067543, 7.429772
43.121086, 0.067543, 7.429772
43.122672, 0.067543, 7.429772
43.124332, 0.067543, 7.429772
43.125944, 0.067543, 7.429772
43.127513, 0.067543, 7.429772
43.129104, 0.067543, 7.429772
43.130771, 0.067543, 7.429772
43.132430, 0.067543, 7.429772
43.134172, 0.067543, 7.429772
43.135778, 0.067543, 7.429772
43.137351, 0.067543, 7.429772
43.138921, 0.067543, 7.429772
43.140500, 0.067543, 7.429772
43.142083, 0.067543, 7.429772
43.143654, 0.067543, 7.429772
43.145271, 0.067543, 7.429772
43.147002, 0.067543, 7.429772
43.148623, 0.067543, 7.429772
43.150398, 0.067543, 7.429772
43.152006, 0.067543, 7.429772
43.153566, 0.067543, 7.429772
43.156238, 0.067543, 7.429772
43.157961, 0.067543, 7.429772
43.159632, 0.067543, 7.429772
43.161415, 0.067543, 7.429772
43.163091, 0.067543, 7.429772
43.164781, 0.067543, 7.429772
43.166461, 0.067543, 7.429772
43.168244, 0.067543, 7.429772
43.170324, 0.067543, 7.429772
43.172025, 0.067543, 7.429772
43.173747, 0.067543, 7.429772
43.175434, 0.067543, 7.429772
43.177006, 0.067543, 7.429772
43.178593, 0.067543, 7.429772
43.180718, 0.067543, 7.429772
43.182342, 0.067543, 7.429772
43.184073, 0.067543, 7.429772
43.185630, 0.067543, 7.429772
43.187184, 0.067543, 7.429772
43.188751, 0.067543, 7.429772
43.190319, 0.067543, 7.429772
43.191858, 0.067543, 7.429772
43.193423, 0.067543, 7.429772
43.194984, 0.067543, 7.429772
43.196689, 0.067543, 7.429772
43.198300, 0.067543, 7.429772
43.200016, 0.067543, 7.429772
43.201591, 0.067543, 7.429772
43.203632, 0.067543, 7.429772
43.205208, 0.067543, 7.429772
43.206924, 0.067543, 7.429772
43.210097, 0.070092, 7.710155
43.211700, 0.067543, 7.429772
43.213301, 0.067543, 7.429772
43.214894, 0.070092, 7.710155
43.216664, 0.067543, 7.429772
43.218445, 0.067543, 7.429772
43.220136, 0.067543, 7.429772
43.221828, 0.067543, 7.429772
43.223412, 0.067543, 7.429772
43.224995, 0.067543, 7.429772
43.226594, 0.067543, 7.429772
43.228257, 0.067543, 7.429772
43.230081, 0.067543, 7.429772
43.231882, 0.067543, 7.429772
43.233647, 0.067543, 7.429772
43.235335, 0.067543, 7.429772
43.236918, 0.067543, 7.429772
43.238822, 0.067543, 7.429772
43.240609, 0.067543, 7.429772
43.242385, 0.067543, 7.429772
43.243950, 0.067543, 7.429772
43.245533, 0.067543, 7.429772
43.247234, 0.067543, 7.429772
43.248849, 0.067543, 7.429772
43.250539, 0.067543, 7.429772
43.252250, 0.067543, 7.429772
43.253811, 0.067543, 7.429772
43.255386, 0.067543, 7.429772
43.256964, 0.067543, 7.429772
43.258655, 0.067543, 7.429772
43.260322, 0.067543, 7.429772
43.262058, 0.067543, 7.429772
43.263697, 0.070092, 7.710155
43.265322, 0.067543, 7.429772
43.267108, 0.067543, 7.429772
43.268904, 0.067543, 7.429772
43.270623, 0.067543, 7.429772
43.272390, 0.067543, 7.429772
43.273955, 0.067543, 7.429772
43.275528, 0.067543, 7.429772
43.277102, 0.067543, 7.429772
43.278741, 0.067543, 7.429772
43.280420, 0.067543, 7.429772
43.282097, 0.067543, 7.429772
43.283825, 0.067543, 7.429772
43.285404, 0.067543, 7.429772
43.286981, 0.067543, 7.429772
43.288615, 0.064994, 7.149389
43.290218, 0.067543, 7.429772
43.291956, 0.067543, 7.429772
43.293612, 0.067543, 7.429772
43.295185, 0.067543, 7.429772
43.296819, 0.067543, 7.429772
43.298443, 0.067543, 7.429772
43.300312, 0.067543, 7.429772
43.302070, 0.067543, 7.429772
43.303783, 0.067543, 7.429772
43.305365, 0.067543, 7.429772
43.306941, 0.067543, 7.429772
43.308513, 0.067543, 7.429772
43.310369, 0.067543, 7.429772
43.311955, 0.067543, 7.429772
43.313642, 0.067543, 7.429772
43.315278, 0.070092, 7.710155
43.317067, 0.067543, 7.429772
43.318640, 0.067543, 7.429772
43.320293, 0.067543, 7.429772
43.322000, 0.067543, 7.429772
43.323766, 0.067543, 7.429772
43.325353, 0.067543, 7.429772
43.326928, 0.067543, 7.429772
43.328491, 0.067543, 7.429772
43.330271, 0.067543, 7.429772
43.332069, 0.067543, 7.429772
43.333803, 0.067543, 7.429772
43.335388, 0.067543, 7.429772
43.336968, 0.067543, 7.429772
43.338529, 0.067543, 7.429772
43.340218, 0.067543, 7.429772
43.341814, 0.067543, 7.429772
43.343391, 0.067543, 7.429772
43.344969, 0.067543, 7.429772
43.346565, 0.067543, 7.429772
43.348163, 0.067543, 7.429772
43.350139, 0.067543, 7.429772
43.351925, 0.067543, 7.429772
43.353649, 0.067543, 7.429772
43.355293, 0.067543, 7.429772
43.356906, 0.067543, 7.429772
43.358502, 0.067543, 7.429772
43.360504, 0.067543, 7.429772
43.362368, 0.067543, 7.429772
43.364166, 0.067543, 7.429772
43.365919, 0.067543, 7.429772
43.367727, 0.067543, 7.429772
43.369330, 0.067543, 7.429772
43.370986, 0.067543, 7.429772
43.373092, 0.067543, 7.429772
43.374805, 0.067543, 7.429772
43.376516, 0.067543, 7.429772
43.378087, 0.067543, 7.429772
43.379734, 0.067543, 7.429772
43.381518, 0.067543, 7.429772
43.383289, 0.067543, 7.429772
43.384904, 0.067543, 7.429772
43.386473, 0.067543, 7.429772
43.388068, 0.067543, 7.429772
43.389663, 0.067543, 7.429772
43.391335, 0.067543, 7.429772
43.392975, 0.070092, 7.710155
43.394660, 0.067543, 7.429772
43.396424, 0.067543, 7.429772
43.398050, 0.067543, 7.429772
43.399822, 0.067543, 7.429772
43.401479, 0.067543, 7.429772
43.403224, 0.067543, 7.429772
43.404907, 0.067543, 7.429772
43.406475, 0.067543, 7.429772
43.408055, 0.067543, 7.429772
43.409649, 0.067543, 7.429772
43.411478, 0.067543, 7.429772
43.413958, 0.067543, 7.429772
43.415619, 0.067543, 7.429772
43.417254, 0.067543, 7.429772
43.418856, 0.067543, 7.429772
43.420431, 0.067543, 7.429772
43.423090, 0.067543, 7.429772
43.426130, 0.067543, 7.429772
43.427901, 0.067543, 7.429772
43.429853, 0.067543, 7.429772
43.431528, 0.067543, 7.429772
43.434781, 0.067543, 7.429772
43.436560, 0.067543, 7.429772
43.438329, 0.067543, 7.429772
43.439946, 0.067543, 7.429772
43.441547, 0.067543, 7.429772
43.443257, 0.070092, 7.710155
43.444900, 0.067543, 7.429772
43.446564, 0.067543, 7.429772
43.448213, 0.067543, 7.429772
43.449885, 0.067543, 7.429772
43.451565, 0.067543, 7.429772
43.453318, 0.067543, 7.429772
43.454931, 0.067543, 7.429772
43.456528, 0.067543, 7.429772
43.458125, 0.067543, 7.429772
43.459704, 0.067543, 7.429772
43.461292, 0.067543, 7.429772
43.463652, 0.067543, 7.429772
43.465487, 0.067543, 7.429772
43.467191, 0.070092, 7.710155
43.468779, 0.067543, 7.429772
43.470374, 0.067543, 7.429772
43.471962, 0.067543, 7.429772
43.473712, 0.067543, 7.429772
43.475306, 0.067543, 7.429772
43.476889, 0.067543, 7.429772
43.478468, 0.067543, 7.429772
43.480232, 0.067543, 7.429772
43.481964, 0.067543, 7.429772
43.483884, 0.067543, 7.429772
43.485488, 0.067543, 7.429772
43.487080, 0.067543, 7.429772
43.488650, 0.067543, 7.429772
43.490242, 0.067543, 7.429772
43.491825, 0.067543, 7.429772
43.493855, 0.067543, 7.429772
43.495552, 0.067543, 7.429772
43.497448, 0.067543, 7.429772
43.499146, 0.067543, 7.429772
43.500904, 0.067543, 7.429772
43.502552, 0.067543, 7.429772
43.504380, 0.067543, 7.429772
43.506087, 0.067543, 7.429772
43.507843, 0.067543, 7.429772
43.509486, 0.067543, 7.429772
43.511118, 0.070092, 7.710155
43.512730, 0.067543, 7.429772
43.514806, 0.067543, 7.429772
43.516661, 0.067543, 7.429772
43.518449, 0.067543, 7.429772
43.520105, 0.067543, 7.429772
43.521763, 0.067543, 7.429772
43.523409, 0.067543, 7.429772
43.525163, 0.067543, 7.429772
43.526825, 0.067543, 7.429772
43.528464, 0.067543, 7.429772
43.530437, 0.067543, 7.429772
43.532138, 0.067543, 7.429772
43.533927, 0.067543, 7.429772
43.535726, 0.067543, 7.429772
43.537352, 0.067543, 7.429772
43.538975, 0.067543, 7.429772
43.540610, 0.067543, 7.429772
43.542240, 0.070092, 7.710155
43.543861, 0.067543, 7.429772
43.547199, 0.067543, 7.429772
43.549785, 0.070092, 7.710155
43.551730, 0.067543, 7.429772
43.553489, 0.067543, 7.429772
43.555112, 0.067543, 7.429772
43.556699, 0.070092, 7.710155
43.558302, 0.070092, 7.710155
43.560134, 0.067543, 7.429772
43.561865, 0.067543, 7.429772
43.563640, 0.067543, 7.429772
43.565654, 0.070092, 7.710155
43.567378, 0.067543, 7.429772
43.569088, 0.067543, 7.429772
43.570699, 0.067543, 7.429772
43.572302, 0.067543, 7.429772
43.573899, 0.067543, 7.429772
43.575709, 0.067543, 7.429772
43.577431, 0.067543, 7.429772
43.580138, 0.067543, 7.429772
43.582948, 0.067543, 7.429772
43.584660, 0.070092, 7.710155
43.586380, 0.070092, 7.710155
43.588364, 0.067543, 7.429772
43.590060, 0.067543, 7.429772
43.591884, 0.067543, 7.429772
43.593544, 0.070092, 7.710155
43.595203, 0.070092, 7.710155
43.597127, 0.070092, 7.710155
43.598848, 0.067543, 7.429772
43.600483, 0.067543, 7.429772
43.602120, 0.070092, 7.710155
43.603760, 0.067543, 7.429772
43.605390, 0.070092, 7.710155
43.607113, 0.070092, 7.710155
43.608749, 0.067543, 7.429772
43.610452, 0.067543, 7.429772
43.612160, 0.067543, 7.429772
43.613804, 0.067543, 7.429772
43.615471, 0.067543, 7.429772
43.617448, 0.067543, 7.429772
43.619197, 0.067543, 7.429772
43.620923, 0.067543, 7.429772
43.622512, 0.067543, 7.429772
43.624112, 0.067543, 7.429772
43.625706, 0.067543, 7.429772
43.627826, 0.067543, 7.429772
43.629967, 0.070092, 7.710155
43.632292, 0.067543, 7.429772
43.634945, 0.067543, 7.429772
43.637397, 0.067543, 7.429772
43.639271, 0.067543, 7.429772
43.641036, 0.067543, 7.429772
43.642738, 0.070092, 7.710155
43.644402, 0.067543, 7.429772
43.646096, 0.067543, 7.429772
43.648215, 0.070092, 7.710155
43.649937, 0.070092, 7.710155
43.651587, 0.070092, 7.710155
43.653288, 0.070092, 7.710155
43.654928, 0.067543, 7.429772
43.656555, 0.067543, 7.429772
43.658356, 0.067543, 7.429772
43.660018, 0.067543, 7.429772
43.661666, 0.070092, 7.710155
43.663319, 0.067543, 7.429772
43.664948, 0.070092, 7.710155
43.666590, 0.067543, 7.429772
43.668464, 0.067543, 7.429772
43.670173, 0.067543, 7.429772
43.672014, 0.067543, 7.429772
43.674795, 0.070092, 7.710155
43.676476, 0.070092, 7.710155
43.678476, 0.067543, 7.429772
43.680600, 0.067543, 7.429772
43.682283, 0.067543, 7.429772
43.683933, 0.067543, 7.429772
43.685573, 0.067543, 7.429772
43.687233, 0.067543, 7.429772
43.689075, 0.070092, 7.710155
43.690710, 0.067543, 7.429772
43.692367, 0.067543, 7.429772
43.694051, 0.067543, 7.429772
43.695773, 0.067543, 7.429772
43.697709, 0.067543, 7.429772
43.699718, 0.067543, 7.429772
43.701438, 0.067543, 7.429772
43.703159, 0.067543, 7.429772
43.704776, 0.067543, 7.429772
43.706384, 0.067543, 7.429772
43.707973, 0.067543, 7.429772
43.709623, 0.067543, 7.429772
43.711226, 0.067543, 7.429772
43.712845, 0.067543, 7.429772
43.714543, 0.067543, 7.429772
43.716263, 0.067543, 7.429772
43.717874, 0.067543, 7.429772
43.719672, 0.067543, 7.429772
43.721333, 0.067543, 7.429772
43.723063, 0.070092, 7.710155
43.724666, 0.067543, 7.429772
43.726273, 0.067543, 7.429772
43.728433, 0.067543, 7.429772
43.730286, 0.070092, 7.710155
43.731985, 0.067543, 7.429772
43.733718, 0.067543, 7.429772
43.735340, 0.067543, 7.429772
43.736936, 0.067543, 7.429772
43.738535, 0.070092, 7.710155
43.740636, 0.067543, 7.429772
43.742784, 0.067543, 7.429772
43.744705, 0.067543, 7.429772
43.746425, 0.067543, 7.429772
43.748236, 0.067543, 7.429772
43.750161, 0.070092, 7.710155
43.751863, 0.070092, 7.710155
43.753604, 0.067543, 7.429772
43.755241, 0.070092, 7.710155
43.756843, 0.067543, 7.429772
43.758440, 0.067543, 7.429772
43.760165, 0.067543, 7.429772
43.761888, 0.067543, 7.429772
43.763613, 0.067543, 7.429772
43.765290, 0.067543, 7.429772
43.767003, 0.067543, 7.429772
43.768813, 0.067543, 7.429772
43.770430, 0.067543, 7.429772
43.772093, 0.070092, 7.710155
43.773683, 0.067543, 7.429772
43.775354, 0.067543, 7.429772
43.777025, 0.067543, 7.429772
43.778714, 0.070092, 7.710155
43.780793, 0.067543, 7.429772
43.782486, 0.064994, 7.149389
43.784225, 0.067543, 7.429772
43.785959, 0.067543, 7.429772
43.787572, 0.067543, 7.429772
43.789176, 0.067543, 7.429772
43.790852, 0.070092, 7.710155
43.792516, 0.067543, 7.429772
43.794219, 0.067543, 7.429772
43.795939, 0.070092, 7.710155
43.797605, 0.067543, 7.429772
43.799298, 0.070092, 7.710155
43.801086, 0.067543, 7.429772
43.802682, 0.067543, 7.429772
43.804243, 0.067543, 7.429772
43.806025, 0.070092, 7.710155
43.807874, 0.067543, 7.429772
43.809505, 0.070092, 7.710155
43.811151, 0.067543, 7.429772
43.812910, 0.067543, 7.429772
43.814712, 0.070092, 7.710155
43.816699, 0.070092, 7.710155
43.818442, 0.067543, 7.429772
43.820132, 0.067543, 7.429772
43.821940, 0.067543, 7.429772
43.823621, 0.067543, 7.429772
43.825348, 0.067543, 7.429772
43.827239, 0.067543, 7.429772
43.828925, 0.067543, 7.429772
43.830910, 0.067543, 7.429772
43.832632, 0.067543, 7.429772
43.834393, 0.067543, 7.429772
43.837627, 0.067543, 7.429772
43.839921, 0.070092, 7.710155
43.841816, 0.067543, 7.429772
43.843637, 0.067543, 7.429772
43.845641, 0.067543, 7.429772
43.847871, 0.067543, 7.429772
43.849672, 0.067543, 7.429772
43.851418, 0.067543, 7.429772
43.853246, 0.070092, 7.710155
43.854863, 0.070092, 7.710155
43.856466, 0.070092, 7.710155
43.858615, 0.067543, 7.429772
43.860760, 0.070092, 7.710155
43.862877, 0.070092, 7.710155
43.865000, 0.070092, 7.710155
43.866768, 0.067543, 7.429772
43.868917, 0.067543, 7.429772
43.871207, 0.070092, 7.710155
43.873898, 0.067543, 7.429772
43.875742, 0.067543, 7.429772
43.877642, 0.067543, 7.429772
43.879783, 0.070092, 7.710155
43.881774, 0.067543, 7.429772
43.883599, 0.067543, 7.429772
43.885367, 0.067543, 7.429772
43.887135, 0.067543, 7.429772
43.889084, 0.070092, 7.710155
43.891024, 0.067543, 7.429772
43.893743, 0.070092, 7.710155
43.897008, 0.070092, 7.710155
43.899550, 0.067543, 7.429772
43.901593, 0.067543, 7.429772
43.904231, 0.067543, 7.429772
43.907280, 0.067543, 7.429772
43.909432, 0.067543, 7.429772
43.911350, 0.067543, 7.429772
43.913204, 0.067543, 7.429772
43.915070, 0.067543, 7.429772
43.917367, 0.070092, 7.710155
43.919242, 0.067543, 7.429772
43.921173, 0.070092, 7.710155
43.922956, 0.067543, 7.429772
43.924852, 0.070092, 7.710155
43.926752, 0.067543, 7.429772
43.928392, 0.070092, 7.710155
43.930164, 0.067543, 7.429772
43.931820, 0.067543, 7.429772
43.933574, 0.067543, 7.429772
43.935443, 0.067543, 7.429772
43.937051, 0.070092, 7.710155
43.938658, 0.070092, 7.710155
43.940396, 0.070092, 7.710155
43.941992, 0.067543, 7.429772
43.943557, 0.070092, 7.710155
43.945144, 0.070092, 7.710155
43.946764, 0.067543, 7.429772
43.948495, 0.067543, 7.429772
43.950570, 0.067543, 7.429772
43.952629, 0.067543, 7.429772
43.954382, 0.067543, 7.429772
43.955987, 0.070092, 7.710155
43.957564, 0.067543, 7.429772
43.959158, 0.067543, 7.429772
43.960940, 0.070092, 7.710155
43.962616, 0.067543, 7.429772
43.964600, 0.067543, 7.429772
43.967512, 0.067543, 7.429772
43.969877, 0.067543, 7.429772
43.973233, 0.067543, 7.429772
43.975495, 0.067543, 7.429772
43.977314, 0.067543, 7.429772
43.979107, 0.067543, 7.429772
43.981255, 0.067543, 7.429772
43.983040, 0.067543, 7.429772
43.984755, 0.067543, 7.429772
43.986465, 0.067543, 7.429772
43.988166, 0.067543, 7.429772
43.989984, 0.067543, 7.429772
43.991831, 0.067543, 7.429772
43.993461, 0.067543, 7.429772
43.995092, 0.067543, 7.429772
43.996762, 0.067543, 7.429772
43.998387, 0.070092, 7.710155
44.000112, 0.070092, 7.710155
44.002094, 0.067543, 7.429772
44.003879, 0.070092, 7.710155
44.005724, 0.070092, 7.710155
44.007330, 0.070092, 7.710155
44.008958, 0.070092, 7.710155
44.010571, 0.067543, 7.429772
44.012275, 0.067543, 7.429772
44.013946, 0.067543, 7.429772
44.015622, 0.070092, 7.710155
44.017382, 0.067543, 7.429772
44.019234, 0.070092, 7.710155
44.020848, 0.067543, 7.429772
44.022563, 0.067543, 7.429772
44.024315, 0.067543, 7.429772
44.026135, 0.067543, 7.429772
44.027740, 0.067543, 7.429772
44.029386, 0.070092, 7.710155
44.031025, 0.067543, 7.429772
44.032773, 0.067543, 7.429772
44.034409, 0.070092, 7.710155
44.036333, 0.067543, 7.429772
44.037950, 0.067543, 7.429772
44.039552, 0.067543, 7.429772
44.041133, 0.067543, 7.429772
44.042955, 0.070092, 7.710155
44.044824, 0.067543, 7.429772
44.046649, 0.067543, 7.429772
44.048333, 0.067543, 7.429772
44.050274, 0.067543, 7.429772
44.051882, 0.067543, 7.429772
44.053862, 0.070092, 7.710155
44.055519, 0.067543, 7.429772
44.057364, 0.067543, 7.429772
44.058967, 0.067543, 7.429772
44.060548, 0.070092, 7.710155
44.062140, 0.067543, 7.429772
44.064149, 0.067543, 7.429772
44.065835, 0.067543, 7.429772
44.067746, 0.067543, 7.429772
44.069362, 0.067543, 7.429772
44.070958, 0.070092, 7.710155
44.072552, 0.067543, 7.429772
44.074564, 0.067543, 7.429772
44.076818, 0.067543, 7.429772
44.078597, 0.070092, 7.710155
44.080275, 0.067543, 7.429772
44.081976, 0.067543, 7.429772
44.083603, 0.070092, 7.710155
44.085795, 0.070092, 7.710155
44.087739, 0.067543, 7.429772
44.089472, 0.070092, 7.710155
44.091349, 0.070092, 7.710155
44.092982, 0.070092, 7.710155
44.094610, 0.067543, 7.429772
44.096790, 0.070092, 7.710155
44.098528, 0.067543, 7.429772
44.100500, 0.067543, 7.429772
44.102589, 0.067543, 7.429772
44.104355, 0.067543, 7.429772
44.106054, 0.067543, 7.429772
44.107772, 0.067543, 7.429772
44.109616, 0.067543, 7.429772
44.111395, 0.067543, 7.429772
44.113138, 0.067543, 7.429772
44.114811, 0.067543, 7.429772
44.116763, 0.067543, 7.429772
44.118710, 0.070092, 7.710155
44.120452, 0.067543, 7.429772
44.122310, 0.070092, 7.710155
44.123919, 0.067543, 7.429772
44.125484, 0.067543, 7.429772
44.127066, 0.067543, 7.429772
44.128657, 0.067543, 7.429772
44.130373, 0.067543, 7.429772
44.132170, 0.070092, 7.710155
44.133936, 0.067543, 7.429772
44.135511, 0.070092, 7.710155
44.137092, 0.070092, 7.710155
44.138674, 0.070092, 7.710155
44.140917, 0.067543, 7.429772
44.142739, 0.067543, 7.429772
44.144529, 0.070092, 7.710155
44.146144, 0.070092, 7.710155
44.148250, 0.070092, 7.710155
44.149966, 0.070092, 7.710155
44.151857, 0.067543, 7.429772
44.153523, 0.070092, 7.710155
44.155363, 0.070092, 7.710155
44.156956, 0.070092, 7.710155
44.158527, 0.067543, 7.429772
44.160122, 0.070092, 7.710155
44.161812, 0.070092, 7.710155
44.163475, 0.067543, 7.429772
44.165087, 0.070092, 7.710155
44.166791, 0.067543, 7.429772
44.168511, 0.067543, 7.429772
44.170096, 0.070092, 7.710155
44.171866, 0.067543, 7.429772
44.173541, 0.070092, 7.710155
44.175359, 0.067543, 7.429772
44.176919, 0.067543, 7.429772
44.178503, 0.067543, 7.429772
44.180750, 0.067543, 7.429772
44.184212, 0.070092, 7.710155
44.185950, 0.070092, 7.710155
44.187779, 0.070092, 7.710155
44.189459, 0.067543, 7.429772
44.191170, 0.067543, 7.429772
44.192763, 0.070092, 7.710155
44.194340, 0.067543, 7.429772
44.195924, 0.067543, 7.429772
44.197567, 0.070092, 7.710155
44.199259, 0.070092, 7.710155
44.201181, 0.067543, 7.429772
44.202848, 0.067543, 7.429772
44.204633, 0.067543, 7.429772
44.206257, 0.070092, 7.710155
44.207829, 0.067543, 7.429772
44.209415, 0.067543, 7.429772
44.211057, 0.070092, 7.710155
44.214368, 0.070092, 7.710155
44.216068, 0.070092, 7.710155
44.217838, 0.070092, 7.710155
44.219531, 0.067543, 7.429772
44.221297, 0.070092, 7.710155
44.223038, 0.070092, 7.710155
44.224774, 0.070092, 7.710155
44.226593, 0.070092, 7.710155
44.228193, 0.067543, 7.429772
44.230053, 0.067543, 7.429772
44.232238, 0.070092, 7.710155
44.233865, 0.070092, 7.710155
44.235687, 0.070092, 7.710155
44.237299, 0.070092, 7.710155
44.238883, 0.070092, 7.710155
44.240463, 0.070092, 7.710155
44.242147, 0.067543, 7.429772
44.243723, 0.067543, 7.429772
44.245312, 0.070092, 7.710155
44.247387, 0.067543, 7.429772
44.249137, 0.070092, 7.710155
44.250950, 0.070092, 7.710155
44.252751, 0.067543, 7.429772
44.254398, 0.067543, 7.429772
44.255967, 0.067543, 7.429772
44.257529, 0.067543, 7.429772
44.259073, 0.070092, 7.710155
44.260638, 0.067543, 7.429772
44.262956, 0.067543, 7.429772
44.264824, 0.070092, 7.710155
44.266565, 0.070092, 7.710155
44.268162, 0.067543, 7.429772
44.269743, 0.070092, 7.710155
44.271350, 0.067543, 7.429772
44.274080, 0.070092, 7.710155
44.275858, 0.070092, 7.710155
44.277648, 0.070092, 7.710155
44.279229, 0.067543, 7.429772
44.281041, 0.070092, 7.710155
44.282882, 0.067543, 7.429772
44.284764, 0.067543, 7.429772
44.286558, 0.070092, 7.710155
44.288154, 0.070092, 7.710155
44.289743, 0.070092, 7.710155
44.291303, 0.067543, 7.429772
44.292933, 0.070092, 7.710155
44.294605, 0.070092, 7.710155
44.296327, 0.070092, 7.710155
44.298181, 0.070092, 7.710155
44.299808, 0.070092, 7.710155
44.301598, 0.070092, 7.710155
44.303438, 0.070092, 7.710155
44.305049, 0.067543, 7.429772
44.306621, 0.070092, 7.710155
44.308206, 0.070092, 7.710155
44.309787, 0.067543, 7.429772
44.311371, 0.070092, 7.710155
44.312973, 0.070092, 7.710155
44.314724, 0.070092, 7.710155
44.316505, 0.067543, 7.429772
44.318265, 0.070092, 7.710155
44.319865, 0.070092, 7.710155
44.321455, 0.070092, 7.710155
44.323027, 0.070092, 7.710155
44.324815, 0.070092, 7.710155
44.326521, 0.067543, 7.429772
44.328331, 0.067543, 7.429772
44.330017, 0.067543, 7.429772
44.331669, 0.070092, 7.710155
44.333507, 0.070092, 7.710155
44.335207, 0.067543, 7.429772
44.336897, 0.067543, 7.429772
44.338714, 0.067543, 7.429772
44.340305, 0.070092, 7.710155
44.341897, 0.070092, 7.710155
44.343485, 0.067543, 7.429772
44.345306, 0.067543, 7.429772
44.347067, 0.070092, 7.710155
44.348703, 0.070092, 7.710155
44.350462, 0.070092, 7.710155
44.352208, 0.070092, 7.710155
44.353805, 0.070092, 7.710155
44.356729, 0.070092, 7.710155
44.358328, 0.070092, 7.710155
44.359878, 0.067543, 7.429772
44.361445, 0.070092, 7.710155
44.363062, 0.070092, 7.710155
44.364911, 0.070092, 7.710155
44.366918, 0.070092, 7.710155
44.368627, 0.067543, 7.429772
44.370232, 0.070092, 7.710155
44.371881, 0.070092, 7.710155
44.373765, 0.070092, 7.710155
44.375353, 0.070092, 7.710155
44.376926, 0.070092, 7.710155
44.378510, 0.070092, 7.710155
44.380536, 0.070092, 7.710155
44.382332, 0.070092, 7.710155
44.383970, 0.070092, 7.710155
44.385666, 0.070092, 7.710155
44.387419, 0.070092, 7.710155
44.389017, 0.070092, 7.710155
44.390607, 0.070092, 7.710155
44.392193, 0.070092, 7.710155
44.393760, 0.067543, 7.429772
44.395347, 0.070092, 7.710155
44.398369, 0.067543, 7.429772
44.400121, 0.070092, 7.710155
44.401849, 0.067543, 7.429772
44.403519, 0.070092, 7.710155
44.405101, 0.070092, 7.710155
44.406678, 0.070092, 7.710155
44.408239, 0.070092, 7.710155
44.409815, 0.070092, 7.710155
44.411507, 0.070092, 7.710155
44.413250, 0.070092, 7.710155
44.414897, 0.070092, 7.710155
44.416566, 0.070092, 7.710155
44.418303, 0.070092, 7.710155
44.419885, 0.070092, 7.710155
44.421467, 0.070092, 7.710155
44.423981, 0.070092, 7.710155
44.425663, 0.070092, 7.710155
44.427329, 0.070092, 7.710155
44.429084, 0.067543, 7.429772
44.430725, 0.070092, 7.710155
44.432451, 0.070092, 7.710155
44.434586, 0.070092, 7.710155
44.436347, 0.070092, 7.710155
44.438021, 0.070092, 7.710155
44.439619, 0.070092, 7.710155
44.441211, 0.067543, 7.429772
44.442878, 0.070092, 7.710155
44.444513, 0.070092, 7.710155
44.446811, 0.070092, 7.710155
44.448576, 0.070092, 7.710155
44.450358, 0.070092, 7.710155
44.451975, 0.070092, 7.710155
44.453674, 0.070092, 7.710155
44.455339, 0.070092, 7.710155
44.457088, 0.070092, 7.710155
44.458707, 0.070092, 7.710155
44.460291, 0.070092, 7.710155
44.461887, 0.070092, 7.710155
44.463826, 0.070092, 7.710155
44.465702, 0.070092, 7.710155
44.467359, 0.070092, 7.710155
44.468982, 0.070092, 7.710155
44.470624, 0.070092, 7.710155
44.472262, 0.070092, 7.710155
44.473981, 0.070092, 7.710155
44.475653, 0.070092, 7.710155
44.478135, 0.067543, 7.429772
44.481120, 0.070092, 7.710155
44.483267, 0.070092, 7.710155
44.485242, 0.070092, 7.710155
44.487824, 0.070092, 7.710155
44.489728, 0.070092, 7.710155
44.492625, 0.067543, 7.429772
44.496411, 0.070092, 7.710155
44.499162, 0.070092, 7.710155
44.501345, 0.070092, 7.710155
44.503631, 0.070092, 7.710155
44.505846, 0.070092, 7.710155
44.507757, 0.070092, 7.710155
44.509700, 0.070092, 7.710155
44.512431, 0.070092, 7.710155
44.514716, 0.067543, 7.429772
44.516553, 0.067543, 7.429772
44.518442, 0.070092, 7.710155
44.520265, 0.070092, 7.710155
44.521937, 0.070092, 7.710155
44.523616, 0.070092, 7.710155
44.525512, 0.067543, 7.429772
44.527218, 0.070092, 7.710155
44.528907, 0.070092, 7.710155
44.530701, 0.070092, 7.710155
44.532478, 0.070092, 7.710155
44.534188, 0.070092, 7.710155
44.535958, 0.070092, 7.710155
44.537669, 0.070092, 7.710155
44.539432, 0.070092, 7.710155
44.541057, 0.070092, 7.710155
44.542678, 0.070092, 7.710155
44.544283, 0.070092, 7.710155
44.545999, 0.070092, 7.710155
44.547680, 0.070092, 7.710155
44.549515, 0.072641, 7.990538
44.551204, 0.070092, 7.710155
44.552827, 0.070092, 7.710155
44.554574, 0.070092, 7.710155
44.556286, 0.070092, 7.710155
44.557962, 0.070092, 7.710155
44.559739, 0.070092, 7.710155
44.561347, 0.070092, 7.710155
44.562987, 0.070092, 7.710155
44.564665, 0.070092, 7.710155
44.566599, 0.070092, 7.710155
44.568424, 0.070092, 7.710155
44.570129, 0.070092, 7.710155
44.571857, 0.070092, 7.710155
44.573628, 0.070092, 7.710155
44.575241, 0.070092, 7.710155
44.576928, 0.070092, 7.710155
44.578625, 0.070092, 7.710155
44.580442, 0.070092, 7.710155
44.582144, 0.070092, 7.710155
44.583885, 0.070092, 7.710155
44.585468, 0.070092, 7.710155
44.587282, 0.070092, 7.710155
44.589073, 0.070092, 7.710155
44.590750, 0.070092, 7.710155
44.592351, 0.070092, 7.710155
44.593942, 0.070092, 7.710155
44.595558, 0.070092, 7.710155
44.597480, 0.070092, 7.710155
44.599127, 0.070092, 7.710155
44.600732, 0.070092, 7.710155
44.602350, 0.070092, 7.710155
44.604003, 0.070092, 7.710155
44.605677, 0.070092, 7.710155
44.607607, 0.070092, 7.710155
44.609364, 0.070092, 7.710155
44.611053, 0.070092, 7.710155
44.612844, 0.070092, 7.710155
44.614716, 0.067543, 7.429772
44.616386, 0.070092, 7.710155
44.618095, 0.070092, 7.710155
44.619849, 0.070092, 7.710155
44.621441, 0.070092, 7.710155
44.623421, 0.070092, 7.710155
44.625308, 0.070092, 7.710155
44.627088, 0.070092, 7.710155
44.628882, 0.070092, 7.710155
44.631499, 0.070092, 7.710155
44.633356, 0.070092, 7.710155
44.635094, 0.070092, 7.710155
44.636802, 0.070092, 7.710155
44.638526, 0.070092, 7.710155
44.640190, 0.070092, 7.710155
44.641830, 0.070092, 7.710155
44.643524, 0.070092, 7.710155
44.645148, 0.070092, 7.710155
44.646911, 0.070092, 7.710155
44.648587, 0.070092, 7.710155
44.650231, 0.070092, 7.710155
44.651837, 0.070092, 7.710155
44.653474, 0.070092, 7.710155
44.655084, 0.070092, 7.710155
44.656923, 0.070092, 7.710155
44.658568, 0.070092, 7.710155
44.660173, 0.070092, 7.710155
44.661763, 0.070092, 7.710155
44.663401, 0.070092, 7.710155
44.665023, 0.070092, 7.710155
44.666748, 0.070092, 7.710155
44.668425, 0.070092, 7.710155
44.670063, 0.070092, 7.710155
44.671656, 0.070092, 7.710155
44.673311, 0.070092, 7.710155
44.674915, 0.070092, 7.710155
44.676519, 0.070092, 7.710155
44.678530, 0.070092, 7.710155
44.680199, 0.070092, 7.710155
44.681842, 0.070092, 7.710155
44.683614, 0.070092, 7.710155
44.685465, 0.070092, 7.710155
44.687195, 0.070092, 7.710155
44.688834, 0.070092, 7.710155
44.690525, 0.070092, 7.710155
44.692334, 0.070092, 7.710155
44.693921, 0.070092, 7.710155
44.695503, 0.070092, 7.710155
44.697401, 0.070092, 7.710155
44.699062, 0.070092, 7.710155
44.700761, 0.070092, 7.710155
44.702588, 0.070092, 7.710155
44.704179, 0.070092, 7.710155
44.705763, 0.070092, 7.710155
44.707348, 0.070092, 7.710155
44.709084, 0.072641, 7.990538
44.710753, 0.070092, 7.710155
44.712328, 0.072641, 7.990538
44.713965, 0.070092, 7.710155
44.715690, 0.070092, 7.710155
44.717469, 0.070092, 7.710155
44.719264, 0.070092, 7.710155
44.721012, 0.070092, 7.710155
44.722758, 0.070092, 7.710155
44.724344, 0.070092, 7.710155
44.725928, 0.070092, 7.710155
44.727506, 0.070092, 7.710155
44.729262, 0.070092, 7.710155
44.731063, 0.070092, 7.710155
44.732852, 0.070092, 7.710155
44.734650, 0.070092, 7.710155
44.736242, 0.070092, 7.710155
44.737824, 0.070092, 7.710155
44.739518, 0.070092, 7.710155
44.741094, 0.070092, 7.710155
44.742645, 0.072641, 7.990538
44.744217, 0.070092, 7.710155
44.745804, 0.072641, 7.990538
44.747495, 0.070092, 7.710155
44.749356, 0.070092, 7.710155
44.751138, 0.070092, 7.710155
44.752738, 0.070092, 7.710155
44.754371, 0.070092, 7.710155
44.755982, 0.070092, 7.710155
44.757731, 0.070092, 7.710155
44.759680, 0.070092, 7.710155
44.761490, 0.070092, 7.710155
44.763321, 0.070092, 7.710155
44.764973, 0.072641, 7.990538
44.766877, 0.070092, 7.710155
44.768548, 0.070092, 7.710155
44.770165, 0.070092, 7.710155
44.771909, 0.070092, 7.710155
44.773725, 0.070092, 7.710155
44.775305, 0.070092, 7.710155
44.776863, 0.070092, 7.710155
44.778437, 0.072641, 7.990538
44.780475, 0.070092, 7.710155
44.782270, 0.072641, 7.990538
44.784115, 0.070092, 7.710155
44.785694, 0.070092, 7.710155
44.787278, 0.070092, 7.710155
44.788853, 0.070092, 7.710155
44.790585, 0.070092, 7.710155
44.792251, 0.070092, 7.710155
44.794104, 0.070092, 7.710155
44.795711, 0.070092, 7.710155
44.797381, 0.070092, 7.710155
44.799136, 0.070092, 7.710155
44.801668, 0.070092, 7.710155
44.803498, 0.070092, 7.710155
44.805248, 0.070092, 7.710155
44.806828, 0.072641, 7.990538
44.808413, 0.070092, 7.710155
44.810093, 0.070092, 7.710155
44.811743, 0.072641, 7.990538
44.813494, 0.072641, 7.990538
44.815392, 0.070092, 7.710155
44.817301, 0.070092, 7.710155
44.818893, 0.072641, 7.990538
44.820764, 0.070092, 7.710155
44.822424, 0.070092, 7.710155
44.824293, 0.070092, 7.710155
44.825938, 0.070092, 7.710155
44.827528, 0.070092, 7.710155
44.829113, 0.070092, 7.710155
44.831006, 0.072641, 7.990538
44.832906, 0.070092, 7.710155
44.834594, 0.070092, 7.710155
44.836407, 0.072641, 7.990538
44.838147, 0.070092, 7.710155
44.839752, 0.072641, 7.990538
44.841602, 0.070092, 7.710155
44.843617, 0.070092, 7.710155
44.845507, 0.070092, 7.710155
44.847381, 0.070092, 7.710155
44.849081, 0.070092, 7.710155
44.850902, 0.072641, 7.990538
44.853178, 0.070092, 7.710155
44.854927, 0.070092, 7.710155
44.856554, 0.070092, 7.710155
44.858130, 0.070092, 7.710155
44.859692, 0.070092, 7.710155
44.861233, 0.070092, 7.710155
44.863504, 0.070092, 7.710155
44.865178, 0.070092, 7.710155
44.866812, 0.070092, 7.710155
44.868454, 0.072641, 7.990538
44.870032, 0.070092, 7.710155
44.872571, 0.070092, 7.710155
44.874701, 0.070092, 7.710155
44.876324, 0.070092, 7.710155
44.877944, 0.070092, 7.710155
44.880485, 0.072641, 7.990538
44.882301, 0.070092, 7.710155
44.884007, 0.072641, 7.990538
44.885638, 0.070092, 7.710155
44.887233, 0.070092, 7.710155
44.888843, 0.070092, 7.710155
44.890565, 0.070092, 7.710155
44.892568, 0.070092, 7.710155
44.894258, 0.070092, 7.710155
44.896656, 0.070092, 7.710155
44.898345, 0.070092, 7.710155
44.899990, 0.070092, 7.710155
44.901739, 0.070092, 7.710155
44.903540, 0.070092, 7.710155
44.905164, 0.070092, 7.710155
44.906789, 0.070092, 7.710155
44.908410, 0.072641, 7.990538
44.910016, 0.072641, 7.990538
44.912122, 0.070092, 7.710155
44.914310, 0.072641, 7.990538
44.916118, 0.072641, 7.990538
44.917801, 0.070092, 7.710155
44.919407, 0.072641, 7.990538
44.920994, 0.072641, 7.990538
44.923271, 0.070092, 7.710155
44.925009, 0.070092, 7.710155
44.926646, 0.070092, 7.710155
44.928308, 0.070092, 7.710155
44.930355, 0.070092, 7.710155
44.932424, 0.070092, 7.710155
44.934181, 0.072641, 7.990538
44.935840, 0.070092, 7.710155
44.937518, 0.070092, 7.710155
44.939203, 0.072641, 7.990538
44.940958, 0.072641, 7.990538
44.942916, 0.070092, 7.710155
44.944595, 0.070092, 7.710155
44.946260, 0.070092, 7.710155
44.947898, 0.070092, 7.710155
44.949587, 0.070092, 7.710155
44.951394, 0.072641, 7.990538
44.954493, 0.070092, 7.710155
44.956276, 0.070092, 7.710155
44.957979, 0.072641, 7.990538
44.959778, 0.072641, 7.990538
44.961437, 0.070092, 7.710155
44.964217, 0.070092, 7.710155
44.966006, 0.070092, 7.710155
44.967829, 0.072641, 7.990538
44.969448, 0.070092, 7.710155
44.971036, 0.070092, 7.710155
44.973348, 0.070092, 7.710155
44.975836, 0.070092, 7.710155
44.977672, 0.070092, 7.710155
44.980551, 0.070092, 7.710155
44.982514, 0.072641, 7.990538
44.984794, 0.070092, 7.710155
44.986527, 0.070092, 7.710155
44.988295, 0.072641, 7.990538
44.990040, 0.070092, 7.710155
44.991823, 0.072641, 7.990538
44.993613, 0.070092, 7.710155
44.995299, 0.070092, 7.710155
44.997747, 0.070092, 7.710155
44.999510, 0.070092, 7.710155
45.001265, 0.070092, 7.710155
45.003000, 0.070092, 7.710155
45.004636, 0.070092, 7.710155
45.006232, 0.072641, 7.990538
45.007853, 0.070092, 7.710155
45.009476, 0.070092, 7.710155
45.011065, 0.070092, 7.710155
45.013131, 0.072641, 7.990538
45.014930, 0.070092, 7.710155
45.016713, 0.070092, 7.710155
45.018535, 0.070092, 7.710155
45.020359, 0.072641, 7.990538
45.021984, 0.072641, 7.990538
45.023668, 0.070092, 7.710155
45.025276, 0.070092, 7.710155
45.026860, 0.070092, 7.710155
45.028461, 0.070092, 7.710155
45.030155, 0.070092, 7.710155
45.031868, 0.070092, 7.710155
45.033829, 0.072641, 7.990538
45.035562, 0.070092, 7.710155
45.037263, 0.072641, 7.990538
45.038858, 0.072641, 7.990538
45.040452, 0.072641, 7.990538
45.042050, 0.070092, 7.710155
45.043770, 0.070092, 7.710155
45.045427, 0.070092, 7.710155
45.047118, 0.070092, 7.710155
45.048841, 0.070092, 7.710155
45.050624, 0.072641, 7.990538
45.052222, 0.072641, 7.990538
45.053897, 0.070092, 7.710155
45.055517, 0.070092, 7.710155
45.057098, 0.070092, 7.710155
45.058677, 0.070092, 7.710155
45.060267, 0.070092, 7.710155
45.061851, 0.070092, 7.710155
45.064447, 0.070092, 7.710155
45.066119, 0.070092, 7.710155
45.067800, 0.070092, 7.710155
45.069482, 0.070092, 7.710155
45.071046, 0.070092, 7.710155
45.072616, 0.070092, 7.710155
45.074258, 0.070092, 7.710155
45.075850, 0.072641, 7.990538
45.077551, 0.070092, 7.710155
45.079127, 0.070092, 7.710155
45.080749, 0.070092, 7.710155
45.082428, 0.070092, 7.710155
45.084924, 0.072641, 7.990538
45.086687, 0.072641, 7.990538
45.088459, 0.070092, 7.710155
45.090082, 0.070092, 7.710155
45.091670, 0.070092, 7.710155
45.093336, 0.072641, 7.990538
45.095102, 0.072641, 7.990538
45.096960, 0.070092, 7.710155
45.098591, 0.072641, 7.990538
45.100183, 0.070092, 7.710155
45.101767, 0.070092, 7.710155
45.103369, 0.072641, 7.990538
45.105735, 0.070092, 7.710155
45.107726, 0.072641, 7.990538
45.109368, 0.072641, 7.990538
45.111068, 0.070092, 7.710155
45.112693, 0.070092, 7.710155
45.114311, 0.070092, 7.710155
45.116252, 0.070092, 7.710155
45.117897, 0.070092, 7.710155
45.119611, 0.072641, 7.990538
45.121204, 0.072641, 7.990538
45.122861, 0.072641, 7.990538
45.124428, 0.070092, 7.710155
45.126449, 0.070092, 7.710155
45.128039, 0.070092, 7.710155
45.129642, 0.072641, 7.990538
45.131291, 0.072641, 7.990538
45.132948, 0.072641, 7.990538
45.134672, 0.072641, 7.990538
45.137540, 0.072641, 7.990538
45.142774, 0.072641, 7.990538
45.144562, 0.072641, 7.990538
45.146252, 0.070092, 7.710155
45.149188, 0.070092, 7.710155
45.151819, 0.070092, 7.710155
45.155036, 0.072641, 7.990538
45.156778, 0.070092, 7.710155
45.158469, 0.070092, 7.710155
45.160074, 0.070092, 7.710155
45.161691, 0.072641, 7.990538
45.164128, 0.072641, 7.990538
45.166494, 0.070092, 7.710155
45.168324, 0.070092, 7.710155
45.170137, 0.072641, 7.990538
45.171890, 0.072641, 7.990538
45.173512, 0.070092, 7.710155
45.175142, 0.072641, 7.990538
45.176739, 0.070092, 7.710155
45.178352, 0.072641, 7.990538
45.180434, 0.072641, 7.990538
45.183504, 0.070092, 7.710155
45.185363, 0.072641, 7.990538
45.186962, 0.072641, 7.990538
45.188554, 0.070092, 7.710155
45.190261, 0.072641, 7.990538
45.191863, 0.072641, 7.990538
45.193454, 0.070092, 7.710155
45.195024, 0.070092, 7.710155
45.196663, 0.072641, 7.990538
45.198340, 0.072641, 7.990538
45.200118, 0.070092, 7.710155
45.201754, 0.072641, 7.990538
45.203451, 0.072641, 7.990538
45.205032, 0.072641, 7.990538
45.206622, 0.072641, 7.990538
45.208230, 0.072641, 7.990538
45.209920, 0.070092, 7.710155
45.211524, 0.072641, 7.990538
45.213262, 0.070092, 7.710155
45.214992, 0.070092, 7.710155
45.216716, 0.072641, 7.990538
45.218333, 0.070092, 7.710155
45.221577, 0.070092, 7.710155
45.223233, 0.070092, 7.710155
45.224886, 0.072641, 7.990538
45.226626, 0.070092, 7.710155
45.228232, 0.070092, 7.710155
45.230315, 0.070092, 7.710155
45.231994, 0.072641, 7.990538
45.233691, 0.072641, 7.990538
45.235269, 0.072641, 7.990538
45.236926, 0.072641, 7.990538
45.238602, 0.072641, 7.990538
45.240471, 0.070092, 7.710155
45.242266, 0.072641, 7.990538
45.244139, 0.070092, 7.710155
45.245795, 0.070092, 7.710155
45.247515, 0.072641, 7.990538
45.249154, 0.072641, 7.990538
45.250992, 0.070092, 7.710155
45.252585, 0.072641, 7.990538
45.254182, 0.072641, 7.990538
45.255783, 0.070092, 7.710155
45.257368, 0.070092, 7.710155
45.258956, 0.072641, 7.990538
45.260764, 0.072641, 7.990538
45.262404, 0.070092, 7.710155
45.264207, 0.070092, 7.710155
45.265894, 0.072641, 7.990538
45.267714, 0.070092, 7.710155
45.269309, 0.070092, 7.710155
45.271228, 0.072641, 7.990538
45.272923, 0.070092, 7.710155
45.274794, 0.070092, 7.710155
45.276398, 0.072641, 7.990538
45.277989, 0.070092, 7.710155
45.279588, 0.072641, 7.990538
45.281581, 0.070092, 7.710155
45.283270, 0.072641, 7.990538
45.285063, 0.072641, 7.990538
45.286668, 0.072641, 7.990538
45.288263, 0.070092, 7.710155
45.289880, 0.072641, 7.990538
45.291497, 0.072641, 7.990538
45.293140, 0.072641, 7.990538
45.294935, 0.072641, 7.990538
45.296588, 0.072641, 7.990538
45.298242, 0.072641, 7.990538
45.300088, 0.072641, 7.990538
45.301708, 0.072641, 7.990538
45.303466, 0.072641, 7.990538
45.305098, 0.070092, 7.710155
45.306696, 0.070092, 7.710155
45.308289, 0.070092, 7.710155
45.309942, 0.072641, 7.990538
45.311542, 0.072641, 7.990538
45.313177, 0.070092, 7.710155
45.314922, 0.072641, 7.990538
45.316647, 0.072641, 7.990538
45.318258, 0.072641, 7.990538
45.320134, 0.072641, 7.990538
45.321913, 0.072641, 7.990538
45.323618, 0.072641, 7.990538
45.325310, 0.072641, 7.990538
45.326907, 0.070092, 7.710155
45.328495, 0.072641, 7.990538
45.330343, 0.072641, 7.990538
45.331990, 0.072641, 7.990538
45.333811, 0.070092, 7.710155
45.335403, 0.072641, 7.990538
45.337010, 0.070092, 7.710155
45.339088, 0.072641, 7.990538
45.340788, 0.072641, 7.990538
45.342406, 0.070092, 7.710155
45.344096, 0.070092, 7.710155
45.345784, 0.072641, 7.990538
45.347448, 0.072641, 7.990538
45.349129, 0.070092, 7.710155
45.350937, 0.070092, 7.710155
45.352556, 0.072641, 7.990538
45.354148, 0.070092, 7.710155
45.355752, 0.072641, 7.990538
45.357447, 0.072641, 7.990538
45.359034, 0.072641, 7.990538
45.361326, 0.072641, 7.990538
45.363779, 0.072641, 7.990538
45.365516, 0.070092, 7.710155
45.367243, 0.070092, 7.710155
45.368858, 0.072641, 7.990538
45.370561, 0.072641, 7.990538
45.372211, 0.072641, 7.990538
45.373891, 0.072641, 7.990538
45.375580, 0.072641, 7.990538
45.377185, 0.072641, 7.990538
45.378783, 0.070092, 7.710155
45.380486, 0.072641, 7.990538
45.382143, 0.072641, 7.990538
45.383887, 0.072641, 7.990538
45.385492, 0.072641, 7.990538
45.387090, 0.070092, 7.710155
45.388682, 0.072641, 7.990538
45.390258, 0.072641, 7.990538
45.391939, 0.070092, 7.710155
45.393662, 0.070092, 7.710155
45.395424, 0.072641, 7.990538
45.397090, 0.072641, 7.990538
45.398812, 0.070092, 7.710155
45.400609, 0.072641, 7.990538
45.402276, 0.070092, 7.710155
45.403943, 0.070092, 7.710155
45.405702, 0.072641, 7.990538
45.407305, 0.072641, 7.990538
45.408906, 0.072641, 7.990538
45.410480, 0.072641, 7.990538
45.412209, 0.072641, 7.990538
45.413960, 0.072641, 7.990538
45.415634, 0.072641, 7.990538
45.417413, 0.072641, 7.990538
45.419034, 0.070092, 7.710155
45.420746, 0.070092, 7.710155
45.422673, 0.072641, 7.990538
45.424448, 0.072641, 7.990538
45.426166, 0.072641, 7.990538
45.427923, 0.072641, 7.990538
45.429590, 0.072641, 7.990538
45.431255, 0.072641, 7.990538
45.432932, 0.072641, 7.990538
45.434706, 0.072641, 7.990538
45.436295, 0.072641, 7.990538
45.437895, 0.072641, 7.990538
45.439490, 0.072641, 7.990538
45.441340, 0.070092, 7.710155
45.443162, 0.072641, 7.990538
45.444929, 0.072641, 7.990538
45.446816, 0.072641, 7.990538
45.448588, 0.072641, 7.990538
45.450331, 0.072641, 7.990538
45.452092, 0.072641, 7.990538
45.453799, 0.072641, 7.990538
45.455685, 0.072641, 7.990538
45.457320, 0.072641, 7.990538
45.458916, 0.070092, 7.710155
45.460510, 0.070092, 7.710155
45.462221, 0.072641, 7.990538
45.464113, 0.072641, 7.990538
45.465816, 0.072641, 7.990538
45.467601, 0.072641, 7.990538
45.469220, 0.070092, 7.710155
45.470957, 0.070092, 7.710155
45.472669, 0.072641, 7.990538
45.474269, 0.072641, 7.990538
45.475861, 0.072641, 7.990538
45.477455, 0.072641, 7.990538
45.479051, 0.072641, 7.990538
45.480991, 0.070092, 7.710155
45.482647, 0.072641, 7.990538
45.484392, 0.072641, 7.990538
45.486137, 0.072641, 7.990538
45.487730, 0.072641, 7.990538
45.489323, 0.070092, 7.710155
45.491017, 0.072641, 7.990538
45.492640, 0.070092, 7.710155
45.494236, 0.072641, 7.990538
45.495843, 0.072641, 7.990538
45.497630, 0.072641, 7.990538
45.499330, 0.072641, 7.990538
45.501304, 0.072641, 7.990538
45.502929, 0.072641, 7.990538
45.504497, 0.072641, 7.990538
45.506087, 0.070092, 7.710155
45.507696, 0.070092, 7.710155
45.509773, 0.072641, 7.990538
45.511466, 0.072641, 7.990538
45.513315, 0.072641, 7.990538
45.515098, 0.072641, 7.990538
45.516823, 0.072641, 7.990538
45.518436, 0.072641, 7.990538
45.520035, 0.072641, 7.990538
45.522145, 0.072641, 7.990538
45.523807, 0.070092, 7.710155
45.525556, 0.072641, 7.990538
45.527127, 0.070092, 7.710155
45.528727, 0.072641, 7.990538
45.530475, 0.072641, 7.990538
45.532394, 0.072641, 7.990538
45.534125, 0.072641, 7.990538
45.535775, 0.072641, 7.990538
45.537369, 0.072641, 7.990538
45.538945, 0.072641, 7.990538
45.540532, 0.072641, 7.990538
45.542887, 0.072641, 7.990538
45.544696, 0.072641, 7.990538
45.546600, 0.072641, 7.990538
45.548433, 0.072641, 7.990538
45.550125, 0.072641, 7.990538
45.552009, 0.072641, 7.990538
45.553614, 0.070092, 7.710155
45.555216, 0.072641, 7.990538
45.556797, 0.072641, 7.990538
45.558361, 0.072641, 7.990538
45.559933, 0.072641, 7.990538
45.561888, 0.072641, 7.990538
45.563778, 0.072641, 7.990538
45.565491, 0.070092, 7.710155
45.567189, 0.072641, 7.990538
45.568782, 0.072641, 7.990538
45.570349, 0.072641, 7.990538
45.572386, 0.072641, 7.990538
45.574174, 0.072641, 7.990538
45.575907, 0.072641, 7.990538
45.577499, 0.072641, 7.990538
45.579093, 0.072641, 7.990538
45.580818, 0.070092, 7.710155
45.584290, 0.072641, 7.990538
45.586088, 0.072641, 7.990538
45.587865, 0.072641, 7.990538
45.589493, 0.070092, 7.710155
45.591097, 0.072641, 7.990538
45.592714, 0.072641, 7.990538
45.594301, 0.072641, 7.990538
45.597200, 0.072641, 7.990538
45.599225, 0.072641, 7.990538
45.600974, 0.072641, 7.990538
45.602879, 0.072641, 7.990538
45.604507, 0.070092, 7.710155
45.606129, 0.070092, 7.710155
45.607746, 0.072641, 7.990538
45.609348, 0.072641, 7.990538
45.610967, 0.070092, 7.710155
45.613834, 0.070092, 7.710155
45.615755, 0.072641, 7.990538
45.617523, 0.072641, 7.990538
45.619171, 0.070092, 7.710155
45.620777, 0.072641, 7.990538
45.622397, 0.070092, 7.710155
45.623993, 0.070092, 7.710155
45.625600, 0.070092, 7.710155
45.627716, 0.072641, 7.990538
45.630994, 0.072641, 7.990538
45.632749, 0.072641, 7.990538
45.634518, 0.072641, 7.990538
45.636203, 0.072641, 7.990538
45.637877, 0.072641, 7.990538
45.640130, 0.072641, 7.990538
45.642987, 0.072641, 7.990538
45.644738, 0.072641, 7.990538
45.646727, 0.072641, 7.990538
45.648536, 0.072641, 7.990538
45.650365, 0.072641, 7.990538
45.652057, 0.072641, 7.990538
45.653749, 0.072641, 7.990538
45.655405, 0.070092, 7.710155
45.658201, 0.072641, 7.990538
45.660870, 0.072641, 7.990538
45.662566, 0.072641, 7.990538
45.664312, 0.072641, 7.990538
45.665925, 0.070092, 7.710155
45.667535, 0.072641, 7.990538
45.669464, 0.072641, 7.990538
45.672735, 0.072641, 7.990538
45.674661, 0.072641, 7.990538
45.676335, 0.072641, 7.990538
45.677993, 0.072641, 7.990538
45.680093, 0.072641, 7.990538
45.681791, 0.072641, 7.990538
45.683467, 0.070092, 7.710155
45.685895, 0.072641, 7.990538
45.687695, 0.072641, 7.990538
45.689395, 0.072641, 7.990538
45.691163, 0.072641, 7.990538
45.692991, 0.070092, 7.710155
45.695212, 0.070092, 7.710155
45.697179, 0.072641, 7.990538
45.699012, 0.072641, 7.990538
45.701143, 0.072641, 7.990538
45.702925, 0.072641, 7.990538
45.704696, 0.072641, 7.990538
45.706511, 0.072641, 7.990538
45.708180, 0.072641, 7.990538
45.709822, 0.072641, 7.990538
45.711468, 0.072641, 7.990538
45.713673, 0.072641, 7.990538
45.715481, 0.072641, 7.990538
45.717461, 0.072641, 7.990538
45.719663, 0.072641, 7.990538
45.721817, 0.072641, 7.990538
45.723611, 0.072641, 7.990538
45.725376, 0.072641, 7.990538
45.726986, 0.072641, 7.990538
45.728566, 0.072641, 7.990538
45.730197, 0.072641, 7.990538
45.731807, 0.070092, 7.710155
45.733744, 0.072641, 7.990538
45.735495, 0.072641, 7.990538
45.737194, 0.072641, 7.990538
45.738784, 0.072641, 7.990538
45.740362, 0.070092, 7.710155
45.741948, 0.072641, 7.990538
45.743713, 0.070092, 7.710155
45.745390, 0.072641, 7.990538
45.747182, 0.070092, 7.710155
45.748894, 0.072641, 7.990538
45.750678, 0.070092, 7.710155
45.752268, 0.072641, 7.990538
45.754384, 0.072641, 7.990538
45.756146, 0.072641, 7.990538
45.757874, 0.072641, 7.990538
45.759473, 0.072641, 7.990538
45.761058, 0.072641, 7.990538
45.762666, 0.072641, 7.990538
45.765623, 0.072641, 7.990538
45.767291, 0.072641, 7.990538
45.768937, 0.072641, 7.990538
45.770559, 0.072641, 7.990538
45.772334, 0.072641, 7.990538
45.774238, 0.072641, 7.990538
45.775936, 0.072641, 7.990538
45.777566, 0.072641, 7.990538
45.779360, 0.072641, 7.990538
45.781057, 0.072641, 7.990538
45.782740, 0.072641, 7.990538
45.784664, 0.072641, 7.990538
45.786358, 0.072641, 7.990538
45.788048, 0.072641, 7.990538
45.789647, 0.072641, 7.990538
45.791240, 0.072641, 7.990538
45.792821, 0.072641, 7.990538
45.794712, 0.072641, 7.990538
45.796398, 0.070092, 7.710155
45.798187, 0.070092, 7.710155
45.799974, 0.072641, 7.990538
45.801618, 0.072641, 7.990538
45.803761, 0.072641, 7.990538
45.805687, 0.072641, 7.990538
45.807346, 0.072641, 7.990538
45.809025, 0.072641, 7.990538
45.810624, 0.070092, 7.710155
45.812258, 0.072641, 7.990538
45.814042, 0.072641, 7.990538
45.815701, 0.072641, 7.990538
45.817352, 0.072641, 7.990538
45.819129, 0.072641, 7.990538
45.820731, 0.070092, 7.710155
45.822324, 0.072641, 7.990538
45.824177, 0.072641, 7.990538
45.825943, 0.072641, 7.990538
45.827610, 0.070092, 7.710155
45.829388, 0.072641, 7.990538
45.831041, 0.072641, 7.990538
45.832734, 0.072641, 7.990538
45.834621, 0.072641, 7.990538
45.836245, 0.072641, 7.990538
45.837842, 0.072641, 7.990538
45.839427, 0.072641, 7.990538
45.841012, 0.072641, 7.990538
45.842598, 0.072641, 7.990538
45.844393, 0.072641, 7.990538
45.846034, 0.072641, 7.990538
45.847692, 0.072641, 7.990538
45.849347, 0.072641, 7.990538
45.851123, 0.072641, 7.990538
45.852722, 0.070092, 7.710155
45.854685, 0.072641, 7.990538
45.856445, 0.072641, 7.990538
45.858148, 0.072641, 7.990538
45.859752, 0.072641, 7.990538
45.861341, 0.072641, 7.990538
45.862938, 0.072641, 7.990538
45.864728, 0.072641, 7.990538
45.866419, 0.072641, 7.990538
45.868191, 0.072641, 7.990538
45.870280, 0.072641, 7.990538
45.871893, 0.072641, 7.990538
45.873806, 0.072641, 7.990538
45.875436, 0.072641, 7.990538
45.877083, 0.070092, 7.710155
45.878868, 0.072641, 7.990538
45.880508, 0.072641, 7.990538
45.882124, 0.072641, 7.990538
45.883939, 0.072641, 7.990538
45.885649, 0.070092, 7.710155
45.887349, 0.070092, 7.710155
45.888932, 0.072641, 7.990538
45.890522, 0.072641, 7.990538
45.892117, 0.072641, 7.990538
45.894089, 0.070092, 7.710155
45.895842, 0.072641, 7.990538
45.897508, 0.072641, 7.990538
45.899150, 0.072641, 7.990538
45.900795, 0.072641, 7.990538
45.902439, 0.070092, 7.710155
45.904300, 0.072641, 7.990538
45.905953, 0.072641, 7.990538
45.907588, 0.072641, 7.990538
45.909202, 0.072641, 7.990538
45.910845, 0.070092, 7.710155
45.912603, 0.072641, 7.990538
45.914797, 0.072641, 7.990538
45.916641, 0.072641, 7.990538
45.918444, 0.072641, 7.990538
45.920121, 0.072641, 7.990538
45.921789, 0.072641, 7.990538
45.923725, 0.072641, 7.990538
45.925517, 0.072641, 7.990538
45.927160, 0.070092, 7.710155
45.928783, 0.072641, 7.990538
45.930616, 0.072641, 7.990538
45.932391, 0.072641, 7.990538
45.934556, 0.072641, 7.990538
45.936290, 0.072641, 7.990538
45.937951, 0.072641, 7.990538
45.939639, 0.072641, 7.990538
45.941223, 0.072641, 7.990538
45.942811, 0.072641, 7.990538
45.944648, 0.070092, 7.710155
45.946332, 0.072641, 7.990538
45.947969, 0.072641, 7.990538
45.949622, 0.072641, 7.990538
45.951341, 0.072641, 7.990538
45.952935, 0.070092, 7.710155
45.954632, 0.072641, 7.990538
45.956239, 0.072641, 7.990538
45.957834, 0.072641, 7.990538
45.959423, 0.072641, 7.990538
45.960986, 0.072641, 7.990538
45.962580, 0.072641, 7.990538
45.964451, 0.072641, 7.990538
45.966109, 0.072641, 7.990538
45.967875, 0.072641, 7.990538
45.969480, 0.072641, 7.990538
45.971052, 0.072641, 7.990538
45.972639, 0.072641, 7.990538
45.974795, 0.072641, 7.990538
45.976481, 0.072641, 7.990538
45.978231, 0.072641, 7.990538
45.979850, 0.070092, 7.710155
45.981473, 0.070092, 7.710155
45.983194, 0.072641, 7.990538
45.984924, 0.072641, 7.990538
45.986550, 0.072641, 7.990538
45.988296, 0.072641, 7.990538
45.989885, 0.072641, 7.990538
45.991469, 0.072641, 7.990538
45.993035, 0.072641, 7.990538
45.994919, 0.072641, 7.990538
45.996708, 0.072641, 7.990538
45.998474, 0.070092, 7.710155
46.000257, 0.072641, 7.990538
46.001848, 0.072641, 7.990538
46.003796, 0.070092, 7.710155
46.006348, 0.072641, 7.990538
46.007954, 0.070092, 7.710155
46.009529, 0.072641, 7.990538
46.011104, 0.072641, 7.990538
46.012772, 0.072641, 7.990538
46.014483, 0.072641, 7.990538
46.016156, 0.072641, 7.990538
46.017875, 0.072641, 7.990538
46.019477, 0.072641, 7.990538
46.021056, 0.072641, 7.990538
46.022625, 0.072641, 7.990538
46.024861, 0.072641, 7.990538
46.026530, 0.072641, 7.990538
46.028218, 0.072641, 7.990538
46.030069, 0.072641, 7.990538
46.031792, 0.072641, 7.990538
46.033877, 0.072641, 7.990538
46.035544, 0.072641, 7.990538
46.037269, 0.072641, 7.990538
46.038846, 0.072641, 7.990538
46.040456, 0.072641, 7.990538
46.042543, 0.072641, 7.990538
46.044590, 0.072641, 7.990538
46.046415, 0.072641, 7.990538
46.048094, 0.072641, 7.990538
46.049806, 0.072641, 7.990538
46.051506, 0.072641, 7.990538
46.053092, 0.072641, 7.990538
46.056159, 0.072641, 7.990538
46.057800, 0.072641, 7.990538
46.059367, 0.072641, 7.990538
46.060953, 0.072641, 7.990538
46.062548, 0.072641, 7.990538
46.064613, 0.072641, 7.990538
46.066310, 0.072641, 7.990538
46.068055, 0.070092, 7.710155
46.069659, 0.070092, 7.710155
46.071227, 0.070092, 7.710155
46.072813, 0.072641, 7.990538
46.074652, 0.072641, 7.990538
46.076261, 0.070092, 7.710155
46.077854, 0.070092, 7.710155
46.079519, 0.072641, 7.990538
46.081138, 0.072641, 7.990538
46.082837, 0.072641, 7.990538
46.085358, 0.070092, 7.710155
46.086982, 0.072641, 7.990538
46.088622, 0.072641, 7.990538
46.090194, 0.072641, 7.990538
46.091773, 0.072641, 7.990538
46.093355, 0.072641, 7.990538
46.095233, 0.072641, 7.990538
46.097139, 0.072641, 7.990538
46.098843, 0.072641, 7.990538
46.100562, 0.070092, 7.710155
46.102163, 0.072641, 7.990538
46.103755, 0.072641, 7.990538
46.107253, 0.072641, 7.990538
46.108913, 0.072641, 7.990538
46.110556, 0.072641, 7.990538
46.112144, 0.072641, 7.990538
46.114145, 0.072641, 7.990538
46.115788, 0.072641, 7.990538
46.117444, 0.072641, 7.990538
46.119167, 0.072641, 7.990538
46.120849, 0.070092, 7.710155
46.122484, 0.072641, 7.990538
46.124139, 0.072641, 7.990538
46.125729, 0.072641, 7.990538
46.128115, 0.072641, 7.990538
46.129930, 0.072641, 7.990538
46.131486, 0.072641, 7.990538
46.133022, 0.072641, 7.990538
46.135062, 0.072641, 7.990538
46.137008, 0.072641, 7.990538
46.138649, 0.072641, 7.990538
46.140212, 0.072641, 7.990538
46.141771, 0.072641, 7.990538
46.143313, 0.072641, 7.990538
46.144922, 0.070092, 7.710155
46.146498, 0.072641, 7.990538
46.148060, 0.072641, 7.990538
46.149617, 0.072641, 7.990538
46.151165, 0.072641, 7.990538
46.152721, 0.072641, 7.990538
46.154280, 0.072641, 7.990538
46.155840, 0.070092, 7.710155
46.157386, 0.072641, 7.990538
46.158943, 0.072641, 7.990538
46.160493, 0.072641, 7.990538
46.162055, 0.070092, 7.710155
46.163624, 0.072641, 7.990538
46.165181, 0.072641, 7.990538
46.166948, 0.072641, 7.990538
46.168789, 0.072641, 7.990538
46.170427, 0.072641, 7.990538
46.172008, 0.072641, 7.990538
46.173564, 0.072641, 7.990538
46.175135, 0.072641, 7.990538
46.176806, 0.072641, 7.990538
46.178434, 0.072641, 7.990538
46.180055, 0.072641, 7.990538
46.181652, 0.072641, 7.990538
46.183240, 0.072641, 7.990538
46.184977, 0.072641, 7.990538
46.186664, 0.072641, 7.990538
46.188404, 0.072641, 7.990538
46.190273, 0.072641, 7.990538
46.191921, 0.072641, 7.990538
46.193525, 0.072641, 7.990538
46.195138, 0.072641, 7.990538
46.197145, 0.072641, 7.990538
46.198859, 0.072641, 7.990538
46.200489, 0.072641, 7.990538
46.202583, 0.072641, 7.990538
46.204640, 0.072641, 7.990538
46.206400, 0.072641, 7.990538
46.208240, 0.072641, 7.990538
46.209873, 0.070092, 7.710155
46.211478, 0.070092, 7.710155
46.213133, 0.072641, 7.990538
46.215473, 0.072641, 7.990538
46.217252, 0.072641, 7.990538
46.218887, 0.070092, 7.710155
46.220528, 0.072641, 7.990538
46.222125, 0.072641, 7.990538
46.223728, 0.072641, 7.990538
46.225327, 0.070092, 7.710155
46.226971, 0.072641, 7.990538
46.228699, 0.072641, 7.990538
46.230691, 0.072641, 7.990538
46.232402, 0.072641, 7.990538
46.234173, 0.072641, 7.990538
46.235917, 0.072641, 7.990538
46.237556, 0.072641, 7.990538
46.239181, 0.072641, 7.990538
46.240796, 0.072641, 7.990538
46.242402, 0.070092, 7.710155
46.244007, 0.072641, 7.990538
46.245699, 0.072641, 7.990538
46.247363, 0.072641, 7.990538
46.249037, 0.072641, 7.990538
46.250825, 0.072641, 7.990538
46.252429, 0.072641, 7.990538
46.254029, 0.072641, 7.990538
46.255641, 0.072641, 7.990538
46.257286, 0.072641, 7.990538
46.258873, 0.072641, 7.990538
46.260481, 0.072641, 7.990538
46.262069, 0.072641, 7.990538
46.264674, 0.072641, 7.990538
46.266536, 0.072641, 7.990538
46.268168, 0.072641, 7.990538
46.269786, 0.070092, 7.710155
46.271514, 0.070092, 7.710155
46.273088, 0.070092, 7.710155
46.274662, 0.072641, 7.990538
46.276218, 0.072641, 7.990538
46.277820, 0.072641, 7.990538
46.279487, 0.072641, 7.990538
46.282170, 0.072641, 7.990538
46.283785, 0.072641, 7.990538
46.285356, 0.072641, 7.990538
46.286938, 0.072641, 7.990538
46.288619, 0.072641, 7.990538
46.290242, 0.072641, 7.990538
46.291926, 0.072641, 7.990538
46.293501, 0.072641, 7.990538
46.295058, 0.072641, 7.990538
46.296694, 0.072641, 7.990538
46.298463, 0.072641, 7.990538
46.300157, 0.070092, 7.710155
46.301897, 0.072641, 7.990538
46.303507, 0.072641, 7.990538
46.305115, 0.072641, 7.990538
46.306696, 0.072641, 7.990538
46.308319, 0.070092, 7.710155
46.309993, 0.072641, 7.990538
46.311696, 0.072641, 7.990538
46.313991, 0.072641, 7.990538
46.316117, 0.072641, 7.990538
46.317785, 0.072641, 7.990538
46.319382, 0.072641, 7.990538
46.320958, 0.072641, 7.990538
46.322535, 0.072641, 7.990538
46.324090, 0.072641, 7.990538
46.325666, 0.072641, 7.990538
46.327251, 0.072641, 7.990538
46.328931, 0.072641, 7.990538
46.330624, 0.070092, 7.710155
46.332279, 0.072641, 7.990538
46.333986, 0.072641, 7.990538
46.335597, 0.072641, 7.990538
46.337209, 0.072641, 7.990538
46.338828, 0.070092, 7.710155
46.340429, 0.070092, 7.710155
46.342134, 0.072641, 7.990538
46.343739, 0.072641, 7.990538
46.345346, 0.072641, 7.990538
46.348136, 0.072641, 7.990538
46.349759, 0.072641, 7.990538
46.351457, 0.072641, 7.990538
46.353035, 0.072641, 7.990538
46.354605, 0.072641, 7.990538
46.356236, 0.070092, 7.710155
46.357939, 0.072641, 7.990538
46.359555, 0.072641, 7.990538
46.361206, 0.072641, 7.990538
46.362979, 0.072641, 7.990538
46.364602, 0.072641, 7.990538
46.366233, 0.072641, 7.990538
46.367976, 0.072641, 7.990538
46.369598, 0.072641, 7.990538
46.371214, 0.072641, 7.990538
46.372924, 0.072641, 7.990538
46.374527, 0.072641, 7.990538
46.376127, 0.072641, 7.990538
46.377709, 0.072641, 7.990538
46.379328, 0.072641, 7.990538
46.381059, 0.072641, 7.990538
46.382738, 0.072641, 7.990538
46.384908, 0.070092, 7.710155
46.386563, 0.070092, 7.710155
46.388227, 0.070092, 7.710155
46.389924, 0.072641, 7.990538
46.391555, 0.072641, 7.990538
46.393216, 0.072641, 7.990538
46.394888, 0.072641, 7.990538
46.396509, 0.072641, 7.990538
46.398151, 0.072641, 7.990538
46.399879, 0.072641, 7.990538
46.401625, 0.072641, 7.990538
46.403305, 0.072641, 7.990538
46.405019, 0.072641, 7.990538
46.406613, 0.070092, 7.710155
46.408224, 0.072641, 7.990538
46.409823, 0.072641, 7.990538
46.411443, 0.072641, 7.990538
46.413096, 0.070092, 7.710155
46.414750, 0.072641, 7.990538
46.416421, 0.072641, 7.990538
46.418108, 0.072641, 7.990538
46.419684, 0.072641, 7.990538
46.421398, 0.072641, 7.990538
46.423061, 0.072641, 7.990538
46.424731, 0.072641, 7.990538
46.426447, 0.072641, 7.990538
46.428025, 0.072641, 7.990538
46.429607, 0.072641, 7.990538
46.431291, 0.072641, 7.990538
46.432912, 0.072641, 7.990538
46.434605, 0.072641, 7.990538
46.436308, 0.072641, 7.990538
46.437892, 0.072641, 7.990538
46.439495, 0.072641, 7.990538
46.441098, 0.072641, 7.990538
46.442734, 0.072641, 7.990538
46.444475, 0.072641, 7.990538
46.446068, 0.072641, 7.990538
46.447706, 0.072641, 7.990538
46.449380, 0.070092, 7.710155
46.451249, 0.072641, 7.990538
46.452864, 0.072641, 7.990538
46.454547, 0.072641, 7.990538
46.456320, 0.072641, 7.990538
46.457900, 0.072641, 7.990538
46.459502, 0.072641, 7.990538
46.461104, 0.072641, 7.990538
46.462875, 0.072641, 7.990538
46.464567, 0.070092, 7.710155
46.466287, 0.070092, 7.710155
46.467993, 0.072641, 7.990538
46.469602, 0.072641, 7.990538
46.471202, 0.072641, 7.990538
46.472921, 0.070092, 7.710155
46.474607, 0.070092, 7.710155
46.476347, 0.072641, 7.990538
46.477917, 0.072641, 7.990538
46.479632, 0.072641, 7.990538
46.481271, 0.070092, 7.710155
46.483127, 0.072641, 7.990538
46.484838, 0.072641, 7.990538
46.486497, 0.072641, 7.990538
46.488251, 0.072641, 7.990538
46.489830, 0.072641, 7.990538
46.491438, 0.072641, 7.990538
46.493118, 0.072641, 7.990538
46.494813, 0.070092, 7.710155
46.497118, 0.072641, 7.990538
46.498723, 0.072641, 7.990538
46.500369, 0.070092, 7.710155
46.501947, 0.070092, 7.710155
46.503668, 0.072641, 7.990538
46.505301, 0.070092, 7.710155
46.507080, 0.072641, 7.990538
46.508648, 0.072641, 7.990538
46.510244, 0.072641, 7.990538
46.511850, 0.072641, 7.990538
46.514595, 0.072641, 7.990538
46.516303, 0.072641, 7.990538
46.517980, 0.072641, 7.990538
46.519551, 0.072641, 7.990538
46.521128, 0.070092, 7.710155
46.522751, 0.070092, 7.710155
46.524338, 0.070092, 7.710155
46.525944, 0.072641, 7.990538
46.527522, 0.072641, 7.990538
46.530235, 0.072641, 7.990538
46.531893, 0.072641, 7.990538
46.533697, 0.070092, 7.710155
46.535289, 0.072641, 7.990538
46.536865, 0.072641, 7.990538
46.538437, 0.072641, 7.990538
46.540017, 0.072641, 7.990538
46.541571, 0.072641, 7.990538
46.543250, 0.072641, 7.990538
46.544884, 0.072641, 7.990538
46.546807, 0.072641, 7.990538
46.549697, 0.070092, 7.710155
46.551496, 0.072641, 7.990538
46.553158, 0.072641, 7.990538
46.555290, 0.070092, 7.710155
46.556939, 0.072641, 7.990538
46.558631, 0.072641, 7.990538
46.560205, 0.070092, 7.710155
46.561768, 0.072641, 7.990538
46.563676, 0.070092, 7.710155
46.565372, 0.070092, 7.710155
46.567029, 0.072641, 7.990538
46.568799, 0.072641, 7.990538
46.570387, 0.070092, 7.710155
46.571960, 0.072641, 7.990538
46.573637, 0.072641, 7.990538
46.575300, 0.072641, 7.990538
46.576993, 0.072641, 7.990538
46.579175, 0.072641, 7.990538
46.581485, 0.072641, 7.990538
46.583184, 0.070092, 7.710155
46.584916, 0.072641, 7.990538
46.586526, 0.072641, 7.990538
46.588136, 0.072641, 7.990538
46.589728, 0.072641, 7.990538
46.591323, 0.072641, 7.990538
46.592998, 0.070092, 7.710155
46.594806, 0.070092, 7.710155
46.596678, 0.072641, 7.990538
46.598369, 0.072641, 7.990538
46.599998, 0.072641, 7.990538
46.601672, 0.072641, 7.990538
46.603456, 0.072641, 7.990538
46.605152, 0.072641, 7.990538
46.606792, 0.070092, 7.710155
46.608538, 0.070092, 7.710155
46.610150, 0.070092, 7.710155
46.611751, 0.070092, 7.710155
46.613482, 0.070092, 7.710155
46.615219, 0.070092, 7.710155
46.617078, 0.070092, 7.710155
46.618789, 0.070092, 7.710155
46.620388, 0.072641, 7.990538
46.622002, 0.072641, 7.990538
46.623597, 0.072641, 7.990538
46.625299, 0.072641, 7.990538
46.627015, 0.072641, 7.990538
46.628797, 0.072641, 7.990538
46.630873, 0.072641, 7.990538
46.632567, 0.072641, 7.990538
46.634174, 0.070092, 7.710155
46.635851, 0.070092, 7.710155
46.637465, 0.072641, 7.990538
46.639071, 0.070092, 7.710155
46.640675, 0.072641, 7.990538
46.642263, 0.072641, 7.990538
46.643874, 0.072641, 7.990538
46.645587, 0.072641, 7.990538
46.647409, 0.070092, 7.710155
46.649048, 0.070092, 7.710155
46.650666, 0.072641, 7.990538
46.652261, 0.070092, 7.710155
46.653879, 0.070092, 7.710155
46.655474, 0.072641, 7.990538
46.657117, 0.070092, 7.710155
46.658790, 0.072641, 7.990538
46.660389, 0.072641, 7.990538
46.661968, 0.072641, 7.990538
46.663565, 0.070092, 7.710155
46.665153, 0.070092, 7.710155
46.666750, 0.072641, 7.990538
46.668375, 0.072641, 7.990538
46.670089, 0.072641, 7.990538
46.671779, 0.070092, 7.710155
46.673429, 0.072641, 7.990538
46.675086, 0.072641, 7.990538
46.676729, 0.072641, 7.990538
46.678385, 0.070092, 7.710155
46.680250, 0.070092, 7.710155
46.681913, 0.070092, 7.710155
46.683574, 0.070092, 7.710155
46.685206, 0.070092, 7.710155
46.686999, 0.072641, 7.990538
46.688696, 0.070092, 7.710155
46.690377, 0.070092, 7.710155
46.692009, 0.072641, 7.990538
46.693596, 0.072641, 7.990538
46.695210, 0.070092, 7.710155
46.697077, 0.070092, 7.710155
46.698720, 0.072641, 7.990538
46.700317, 0.072641, 7.990538
46.701961, 0.072641, 7.990538
46.703644, 0.072641, 7.990538
46.705349, 0.072641, 7.990538
46.707004, 0.072641, 7.990538
46.708628, 0.070092, 7.710155
46.710244, 0.070092, 7.710155
46.711915, 0.072641, 7.990538
46.713535, 0.072641, 7.990538
46.715146, 0.072641, 7.990538
46.716895, 0.072641, 7.990538
46.718670, 0.072641, 7.990538
46.720369, 0.070092, 7.710155
46.722068, 0.070092, 7.710155
46.724168, 0.072641, 7.990538
46.725754, 0.070092, 7.710155
46.727389, 0.070092, 7.710155
46.729754, 0.070092, 7.710155
46.731569, 0.070092, 7.710155
46.733244, 0.072641, 7.990538
46.734935, 0.070092, 7.710155
46.736531, 0.070092, 7.710155
46.738117, 0.070092, 7.710155
46.739702, 0.070092, 7.710155
46.741329, 0.072641, 7.990538
46.743062, 0.072641, 7.990538
46.744756, 0.072641, 7.990538
46.747200, 0.070092, 7.710155
46.749597, 0.072641, 7.990538
46.751251, 0.070092, 7.710155
46.752968, 0.072641, 7.990538
46.754560, 0.072641, 7.990538
46.756150, 0.072641, 7.990538
46.757723, 0.070092, 7.710155
46.759513, 0.072641, 7.990538
46.761143, 0.072641, 7.990538
46.762864, 0.070092, 7.710155
46.765057, 0.070092, 7.710155
46.766729, 0.070092, 7.710155
46.768416, 0.072641, 7.990538
46.769991, 0.072641, 7.990538
46.771579, 0.070092, 7.710155
46.773344, 0.070092, 7.710155
46.775077, 0.072641, 7.990538
46.776720, 0.072641, 7.990538
46.778303, 0.072641, 7.990538
46.780860, 0.072641, 7.990538
46.782940, 0.070092, 7.710155
46.784619, 0.072641, 7.990538
46.786243, 0.070092, 7.710155
46.787881, 0.072641, 7.990538
46.789521, 0.072641, 7.990538
46.791124, 0.070092, 7.710155
46.792718, 0.070092, 7.710155
46.796259, 0.072641, 7.990538
46.798259, 0.070092, 7.710155
46.799952, 0.072641, 7.990538
46.801714, 0.072641, 7.990538
46.803489, 0.072641, 7.990538
46.805107, 0.070092, 7.710155
46.806703, 0.070092, 7.710155
46.808279, 0.070092, 7.710155
46.809966, 0.072641, 7.990538
46.811696, 0.072641, 7.990538
46.813617, 0.070092, 7.710155
46.815427, 0.072641, 7.990538
46.817230, 0.072641, 7.990538
46.819516, 0.070092, 7.710155
46.821345, 0.070092, 7.710155
46.823025, 0.072641, 7.990538
46.824945, 0.070092, 7.710155
46.826620, 0.072641, 7.990538
46.828298, 0.070092, 7.710155
46.830462, 0.070092, 7.710155
46.832283, 0.072641, 7.990538
46.834055, 0.072641, 7.990538
46.835794, 0.072641, 7.990538
46.837407, 0.072641, 7.990538
46.839074, 0.070092, 7.710155
46.840764, 0.070092, 7.710155
46.842438, 0.072641, 7.990538
46.844196, 0.070092, 7.710155
46.845829, 0.070092, 7.710155
46.847814, 0.072641, 7.990538
46.849480, 0.072641, 7.990538
46.851217, 0.072641, 7.990538
46.852857, 0.072641, 7.990538
46.854447, 0.070092, 7.710155
46.856023, 0.070092, 7.710155
46.857618, 0.070092, 7.710155
46.859281, 0.072641, 7.990538
46.860880, 0.072641, 7.990538
46.862538, 0.070092, 7.710155
46.864148, 0.070092, 7.710155
46.865767, 0.072641, 7.990538
46.867441, 0.070092, 7.710155
46.869172, 0.070092, 7.710155
46.870819, 0.072641, 7.990538
46.872501, 0.072641, 7.990538
46.874110, 0.072641, 7.990538
46.875727, 0.072641, 7.990538
46.877341, 0.070092, 7.710155
46.878957, 0.072641, 7.990538
46.881738, 0.072641, 7.990538
46.883395, 0.070092, 7.710155
46.885077, 0.070092, 7.710155
46.886676, 0.070092, 7.710155
46.888261, 0.072641, 7.990538
46.889855, 0.070092, 7.710155
46.891483, 0.072641, 7.990538
46.893085, 0.072641, 7.990538
46.894714, 0.072641, 7.990538
46.896564, 0.070092, 7.710155
46.898395, 0.072641, 7.990538
46.900678, 0.070092, 7.710155
46.902428, 0.072641, 7.990538
46.904150, 0.072641, 7.990538
46.906009, 0.072641, 7.990538
46.907790, 0.072641, 7.990538
46.909918, 0.072641, 7.990538
46.911752, 0.072641, 7.990538
46.913751, 0.070092, 7.710155
46.915684, 0.072641, 7.990538
46.917406, 0.070092, 7.710155
46.919147, 0.072641, 7.990538
46.920973, 0.070092, 7.710155
46.922716, 0.070092, 7.710155
46.924461, 0.072641, 7.990538
46.926186, 0.070092, 7.710155
46.927992, 0.072641, 7.990538
46.929867, 0.072641, 7.990538
46.931654, 0.070092, 7.710155
46.933384, 0.070092, 7.710155
46.935118, 0.072641, 7.990538
46.937011, 0.072641, 7.990538
46.938810, 0.072641, 7.990538
46.940618, 0.070092, 7.710155
46.942419, 0.070092, 7.710155
46.944245, 0.072641, 7.990538
46.946229, 0.070092, 7.710155
46.948136, 0.072641, 7.990538
46.949984, 0.072641, 7.990538
46.951780, 0.070092, 7.710155
46.953476, 0.070092, 7.710155
46.955569, 0.072641, 7.990538
46.957887, 0.072641, 7.990538
46.959763, 0.070092, 7.710155
46.961560, 0.072641, 7.990538
46.963560, 0.070092, 7.710155
46.965612, 0.072641, 7.990538
46.967389, 0.072641, 7.990538
46.969317, 0.070092, 7.710155
46.971310, 0.070092, 7.710155
46.973193, 0.072641, 7.990538
46.974994, 0.072641, 7.990538
46.976867, 0.070092, 7.710155
46.978624, 0.070092, 7.710155
46.980345, 0.070092, 7.710155
46.982053, 0.072641, 7.990538
46.983840, 0.070092, 7.710155
46.985734, 0.072641, 7.990538
46.987432, 0.070092, 7.710155
46.989097, 0.070092, 7.710155
46.990747, 0.070092, 7.710155
46.992422, 0.070092, 7.710155
46.994092, 0.072641, 7.990538
46.995771, 0.072641, 7.990538
46.997429, 0.072641, 7.990538
46.999116, 0.072641, 7.990538
47.000910, 0.072641, 7.990538
47.002596, 0.070092, 7.710155
47.004260, 0.072641, 7.990538
47.006054, 0.072641, 7.990538
47.007678, 0.070092, 7.710155
47.009279, 0.070092, 7.710155
47.010899, 0.072641, 7.990538
47.012560, 0.072641, 7.990538
47.014649, 0.070092, 7.710155
47.016505, 0.072641, 7.990538
47.018269, 0.072641, 7.990538
47.019988, 0.070092, 7.710155
47.021833, 0.072641, 7.990538
47.023612, 0.070092, 7.710155
47.025317, 0.072641, 7.990538
47.026931, 0.072641, 7.990538
47.028510, 0.072641, 7.990538
47.030149, 0.072641, 7.990538
47.031820, 0.072641, 7.990538
47.033558, 0.072641, 7.990538
47.035300, 0.070092, 7.710155
47.036927, 0.070092, 7.710155
47.038535, 0.070092, 7.710155
47.040152, 0.072641, 7.990538
47.041769, 0.072641, 7.990538
47.043402, 0.072641, 7.990538
47.045017, 0.070092, 7.710155
47.046688, 0.072641, 7.990538
47.048366, 0.072641, 7.990538
47.050079, 0.072641, 7.990538
47.051757, 0.072641, 7.990538
47.053502, 0.070092, 7.710155
47.055179, 0.070092, 7.710155
47.056800, 0.070092, 7.710155
47.058409, 0.070092, 7.710155
47.060027, 0.070092, 7.710155
47.061645, 0.072641, 7.990538
47.063399, 0.072641, 7.990538
47.065223, 0.072641, 7.990538
47.067014, 0.070092, 7.710155
47.068756, 0.070092, 7.710155
47.070352, 0.072641, 7.990538
47.071989, 0.070092, 7.710155
47.074733, 0.070092, 7.710155
47.076363, 0.070092, 7.710155
47.078510, 0.070092, 7.710155
47.080173, 0.072641, 7.990538
47.081922, 0.072641, 7.990538
47.083624, 0.072641, 7.990538
47.085364, 0.072641, 7.990538
47.087062, 0.070092, 7.710155
47.088674, 0.070092, 7.710155
47.090285, 0.072641, 7.990538
47.091910, 0.070092, 7.710155
47.093549, 0.072641, 7.990538
47.095203, 0.070092, 7.710155
47.096957, 0.072641, 7.990538
47.098727, 0.070092, 7.710155
47.100483, 0.070092, 7.710155
47.102104, 0.070092, 7.710155
47.103788, 0.070092, 7.710155
47.105442, 0.070092, 7.710155
47.107133, 0.072641, 7.990538
47.108806, 0.072641, 7.990538
47.110547, 0.070092, 7.710155
47.112155, 0.072641, 7.990538
47.113819, 0.072641, 7.990538
47.115542, 0.072641, 7.990538
47.117298, 0.072641, 7.990538
47.119042, 0.070092, 7.710155
47.120670, 0.070092, 7.710155
47.122314, 0.070092, 7.710155
47.124001, 0.072641, 7.990538
47.125680, 0.070092, 7.710155
47.127322, 0.070092, 7.710155
47.128963, 0.070092, 7.710155
47.130722, 0.070092, 7.710155
47.132375, 0.072641, 7.990538
47.134189, 0.070092, 7.710155
47.135860, 0.070092, 7.710155
47.137574, 0.072641, 7.990538
47.139349, 0.072641, 7.990538
47.140956, 0.072641, 7.990538
47.142573, 0.070092, 7.710155
47.144182, 0.070092, 7.710155
47.145883, 0.070092, 7.710155
47.147602, 0.070092, 7.710155
47.149291, 0.070092, 7.710155
47.151051, 0.070092, 7.710155
47.152648, 0.072641, 7.990538
47.154260, 0.072641, 7.990538
47.155921, 0.072641, 7.990538
47.157632, 0.072641, 7.990538
47.159323, 0.070092, 7.710155
47.160929, 0.072641, 7.990538
47.162546, 0.072641, 7.990538
47.164204, 0.072641, 7.990538
47.165958, 0.070092, 7.710155
47.167695, 0.070092, 7.710155
47.169434, 0.072641, 7.990538
47.171049, 0.070092, 7.710155
47.172672, 0.072641, 7.990538
47.174254, 0.072641, 7.990538
47.175903, 0.070092, 7.710155
47.177599, 0.070092, 7.710155
47.179339, 0.070092, 7.710155
47.181139, 0.072641, 7.990538
47.182857, 0.070092, 7.710155
47.184592, 0.070092, 7.710155
47.186287, 0.070092, 7.710155
47.187956, 0.070092, 7.710155
47.189715, 0.070092, 7.710155
47.191331, 0.070092, 7.710155
47.192939, 0.070092, 7.710155
47.194547, 0.070092, 7.710155
47.196210, 0.070092, 7.710155
47.198181, 0.070092, 7.710155
47.199859, 0.070092, 7.710155
47.201596, 0.070092, 7.710155
47.203409, 0.070092, 7.710155
47.205036, 0.070092, 7.710155
47.206696, 0.070092, 7.710155
47.208454, 0.070092, 7.710155
47.210117, 0.070092, 7.710155
47.211817, 0.070092, 7.710155
47.214015, 0.072641, 7.990538
47.215778, 0.072641, 7.990538
47.217507, 0.070092, 7.710155
47.219175, 0.070092, 7.710155
47.220861, 0.072641, 7.990538
47.222496, 0.072641, 7.990538
47.224120, 0.072641, 7.990538
47.225750, 0.070092, 7.710155
47.227418, 0.070092, 7.710155
47.229110, 0.070092, 7.710155
47.230764, 0.072641, 7.990538
47.232442, 0.072641, 7.990538
47.234228, 0.072641, 7.990538
47.235853, 0.070092, 7.710155
47.237500, 0.072641, 7.990538
47.239147, 0.072641, 7.990538
47.240754, 0.070092, 7.710155
47.242517, 0.070092, 7.710155
47.244218, 0.072641, 7.990538
47.245872, 0.070092, 7.710155
47.248071, 0.070092, 7.710155
47.249715, 0.072641, 7.990538
47.251513, 0.070092, 7.710155
47.253121, 0.072641, 7.990538
47.254733, 0.070092, 7.710155
47.256356, 0.070092, 7.710155
47.258232, 0.072641, 7.990538
47.260152, 0.070092, 7.710155
47.261896, 0.070092, 7.710155
47.264028, 0.070092, 7.710155
47.265687, 0.070092, 7.710155
47.267384, 0.070092, 7.710155
47.269171, 0.070092, 7.710155
47.270785, 0.070092, 7.710155
47.272804, 0.070092, 7.710155
47.274557, 0.072641, 7.990538
47.276200, 0.070092, 7.710155
47.277939, 0.070092, 7.710155
47.280410, 0.070092, 7.710155
47.282196, 0.070092, 7.710155
47.283987, 0.070092, 7.710155
47.285589, 0.070092, 7.710155
47.287187, 0.072641, 7.990538
47.288827, 0.070092, 7.710155
47.290485, 0.070092, 7.710155
47.292092, 0.070092, 7.710155
47.293844, 0.070092, 7.710155
47.296135, 0.070092, 7.710155
47.298095, 0.070092, 7.710155
47.299739, 0.072641, 7.990538
47.301387, 0.070092, 7.710155
47.302982, 0.070092, 7.710155
47.304562, 0.070092, 7.710155
47.306139, 0.072641, 7.990538
47.308963, 0.070092, 7.710155
47.310625, 0.070092, 7.710155
47.312212, 0.070092, 7.710155
47.314007, 0.070092, 7.710155
47.315672, 0.070092, 7.710155
47.317492, 0.070092, 7.710155
47.319125, 0.070092, 7.710155
47.320827, 0.070092, 7.710155
47.322431, 0.070092, 7.710155
47.324022, 0.070092, 7.710155
47.325641, 0.070092, 7.710155
47.327323, 0.070092, 7.710155
47.329032, 0.070092, 7.710155
47.331787, 0.070092, 7.710155
47.333422, 0.070092, 7.710155
47.335078, 0.070092, 7.710155
47.336653, 0.070092, 7.710155
47.338330, 0.070092, 7.710155
47.339985, 0.072641, 7.990538
47.341666, 0.072641, 7.990538
47.343265, 0.070092, 7.710155
47.344835, 0.070092, 7.710155
47.347724, 0.070092, 7.710155
47.349415, 0.070092, 7.710155
47.351079, 0.070092, 7.710155
47.352744, 0.072641, 7.990538
47.354327, 0.070092, 7.710155
47.355914, 0.072641, 7.990538
47.357524, 0.070092, 7.710155
47.359137, 0.070092, 7.710155
47.360749, 0.070092, 7.710155
47.363275, 0.070092, 7.710155
47.365079, 0.070092, 7.710155
47.366726, 0.070092, 7.710155
47.369405, 0.070092, 7.710155
47.371061, 0.070092, 7.710155
47.372636, 0.070092, 7.710155
47.374233, 0.070092, 7.710155
47.375822, 0.070092, 7.710155
47.377519, 0.070092, 7.710155
47.379159, 0.070092, 7.710155
47.380955, 0.070092, 7.710155
47.382586, 0.070092, 7.710155
47.384303, 0.070092, 7.710155
47.385905, 0.070092, 7.710155
47.387568, 0.070092, 7.710155
47.389214, 0.070092, 7.710155
47.390849, 0.070092, 7.710155
47.392539, 0.070092, 7.710155
47.394145, 0.070092, 7.710155
47.395778, 0.070092, 7.710155
47.398577, 0.070092, 7.710155
47.400805, 0.070092, 7.710155
47.402823, 0.070092, 7.710155
47.404506, 0.070092, 7.710155
47.406177, 0.070092, 7.710155
47.407842, 0.070092, 7.710155
47.409483, 0.070092, 7.710155
47.411119, 0.067543, 7.429772
47.413646, 0.070092, 7.710155
47.415531, 0.070092, 7.710155
47.417254, 0.070092, 7.710155
47.418966, 0.070092, 7.710155
47.420570, 0.070092, 7.710155
47.422171, 0.070092, 7.710155
47.423774, 0.070092, 7.710155
47.425849, 0.070092, 7.710155
47.427432, 0.070092, 7.710155
47.429339, 0.070092, 7.710155
47.431221, 0.070092, 7.710155
47.432920, 0.070092, 7.710155
47.434631, 0.070092, 7.710155
47.436282, 0.070092, 7.710155
47.438009, 0.070092, 7.710155
47.439639, 0.070092, 7.710155
47.441254, 0.070092, 7.710155
47.442858, 0.070092, 7.710155
47.444469, 0.070092, 7.710155
47.446344, 0.070092, 7.710155
47.448065, 0.070092, 7.710155
47.449692, 0.070092, 7.710155
47.451404, 0.070092, 7.710155
47.453033, 0.070092, 7.710155
47.454661, 0.070092, 7.710155
47.456289, 0.070092, 7.710155
47.457988, 0.070092, 7.710155
47.459654, 0.070092, 7.710155
47.461366, 0.070092, 7.710155
47.463712, 0.070092, 7.710155
47.465387, 0.070092, 7.710155
47.467132, 0.070092, 7.710155
47.468811, 0.070092, 7.710155
47.470478, 0.070092, 7.710155
47.472123, 0.070092, 7.710155
47.473777, 0.070092, 7.710155
47.475448, 0.070092, 7.710155
47.477224, 0.070092, 7.710155
47.479008, 0.070092, 7.710155
47.481122, 0.070092, 7.710155
47.482876, 0.070092, 7.710155
47.493466, 0.070092, 7.710155
47.495842, 0.070092, 7.710155
47.498241, 0.072641, 7.990538
47.500127, 0.070092, 7.710155
47.501932, 0.070092, 7.710155
47.503704, 0.070092, 7.710155
47.505503, 0.070092, 7.710155
47.507441, 0.070092, 7.710155
47.509323, 0.070092, 7.710155
47.511107, 0.070092, 7.710155
47.513214, 0.070092, 7.710155
47.515200, 0.070092, 7.710155
47.516964, 0.070092, 7.710155
47.518791, 0.070092, 7.710155
47.520512, 0.070092, 7.710155
47.522218, 0.070092, 7.710155
47.523921, 0.070092, 7.710155
47.525649, 0.070092, 7.710155
47.527471, 0.070092, 7.710155
47.529385, 0.070092, 7.710155
47.531134, 0.070092, 7.710155
47.533006, 0.067543, 7.429772
47.534752, 0.070092, 7.710155
47.536375, 0.072641, 7.990538
47.537996, 0.070092, 7.710155
47.539603, 0.070092, 7.710155
47.541283, 0.070092, 7.710155
47.542895, 0.070092, 7.710155
47.544485, 0.070092, 7.710155
47.546108, 0.070092, 7.710155
47.547775, 0.070092, 7.710155
47.549442, 0.070092, 7.710155
47.551177, 0.067543, 7.429772
47.553022, 0.070092, 7.710155
47.554843, 0.070092, 7.710155
47.556504, 0.070092, 7.710155
47.558383, 0.070092, 7.710155
47.560397, 0.070092, 7.710155
47.562037, 0.070092, 7.710155
47.563670, 0.070092, 7.710155
47.565274, 0.070092, 7.710155
47.566957, 0.070092, 7.710155
47.568562, 0.070092, 7.710155
47.570184, 0.070092, 7.710155
47.571814, 0.070092, 7.710155
47.573562, 0.070092, 7.710155
47.575173, 0.072641, 7.990538
47.576785, 0.070092, 7.710155
47.578410, 0.070092, 7.710155
47.580133, 0.070092, 7.710155
47.581817, 0.070092, 7.710155
47.583523, 0.070092, 7.710155
47.585153, 0.070092, 7.710155
47.586787, 0.072641, 7.990538
47.588417, 0.070092, 7.710155
47.590158, 0.070092, 7.710155
47.591810, 0.070092, 7.710155
47.593441, 0.070092, 7.710155
47.595132, 0.070092, 7.710155
47.596778, 0.070092, 7.710155
47.598427, 0.070092, 7.710155
47.600178, 0.070092, 7.710155
47.601894, 0.070092, 7.710155
47.603599, 0.070092, 7.710155
47.605243, 0.070092, 7.710155
47.606889, 0.070092, 7.710155
47.608979, 0.070092, 7.710155
47.610666, 0.070092, 7.710155
47.612346, 0.070092, 7.710155
47.614021, 0.070092, 7.710155
47.615739, 0.070092, 7.710155
47.617421, 0.070092, 7.710155
47.619064, 0.070092, 7.710155
47.620837, 0.070092, 7.710155
47.622624, 0.070092, 7.710155
47.624323, 0.070092, 7.710155
47.626013, 0.070092, 7.710155
47.627671, 0.070092, 7.710155
47.629337, 0.070092, 7.710155
47.631037, 0.067543, 7.429772
47.632696, 0.070092, 7.710155
47.634369, 0.070092, 7.710155
47.636036, 0.070092, 7.710155
47.637673, 0.070092, 7.710155
47.639321, 0.070092, 7.710155
47.640970, 0.070092, 7.710155
47.642633, 0.070092, 7.710155
47.644329, 0.070092, 7.710155
47.645977, 0.070092, 7.710155
47.647624, 0.070092, 7.710155
47.649277, 0.070092, 7.710155
47.650919, 0.070092, 7.710155
47.652591, 0.070092, 7.710155
47.654230, 0.070092, 7.710155
47.655865, 0.072641, 7.990538
47.657489, 0.070092, 7.710155
47.659144, 0.070092, 7.710155
47.660797, 0.070092, 7.710155
47.662644, 0.070092, 7.710155
47.664564, 0.070092, 7.710155
47.666247, 0.070092, 7.710155
47.667927, 0.070092, 7.710155
47.669597, 0.070092, 7.710155
47.671351, 0.070092, 7.710155
47.673038, 0.067543, 7.429772
47.674762, 0.070092, 7.710155
47.676451, 0.070092, 7.710155
47.678215, 0.070092, 7.710155
47.680760, 0.070092, 7.710155
47.683154, 0.070092, 7.710155
47.684903, 0.070092, 7.710155
47.686544, 0.070092, 7.710155
47.688141, 0.070092, 7.710155
47.689735, 0.070092, 7.710155
47.691326, 0.070092, 7.710155
47.692942, 0.070092, 7.710155
47.694561, 0.070092, 7.710155
47.696248, 0.070092, 7.710155
47.698005, 0.072641, 7.990538
47.699678, 0.070092, 7.710155
47.701340, 0.070092, 7.710155
47.703079, 0.067543, 7.429772
47.704750, 0.070092, 7.710155
47.706422, 0.070092, 7.710155
47.708126, 0.070092, 7.710155
47.709841, 0.070092, 7.710155
47.711600, 0.070092, 7.710155
47.713291, 0.070092, 7.710155
47.714981, 0.070092, 7.710155
47.716687, 0.070092, 7.710155
47.718476, 0.070092, 7.710155
47.720113, 0.070092, 7.710155
47.721778, 0.070092, 7.710155
47.723408, 0.072641, 7.990538
47.725090, 0.070092, 7.710155
47.726784, 0.070092, 7.710155
47.728588, 0.070092, 7.710155
47.730308, 0.070092, 7.710155
47.731962, 0.070092, 7.710155
47.733809, 0.070092, 7.710155
47.735641, 0.070092, 7.710155
47.737384, 0.070092, 7.710155
47.739100, 0.070092, 7.710155
47.740731, 0.070092, 7.710155
47.742365, 0.067543, 7.429772
47.744005, 0.070092, 7.710155
47.745717, 0.070092, 7.710155
47.747525, 0.070092, 7.710155
47.749244, 0.070092, 7.710155
47.751012, 0.070092, 7.710155
47.752647, 0.070092, 7.710155
47.754282, 0.070092, 7.710155
47.755922, 0.070092, 7.710155
47.757647, 0.070092, 7.710155
47.759379, 0.070092, 7.710155
47.760985, 0.070092, 7.710155
47.762641, 0.070092, 7.710155
47.764484, 0.070092, 7.710155
47.766181, 0.070092, 7.710155
47.767999, 0.070092, 7.710155
47.769636, 0.070092, 7.710155
47.771248, 0.070092, 7.710155
47.772877, 0.070092, 7.710155
47.774515, 0.070092, 7.710155
47.776181, 0.070092, 7.710155
47.777949, 0.070092, 7.710155
47.780175, 0.070092, 7.710155
47.781872, 0.070092, 7.710155
47.783668, 0.070092, 7.710155
47.785305, 0.072641, 7.990538
47.787597, 0.070092, 7.710155
47.789360, 0.070092, 7.710155
47.791069, 0.070092, 7.710155
47.792766, 0.070092, 7.710155
47.794391, 0.072641, 7.990538
47.797167, 0.070092, 7.710155
47.799285, 0.070092, 7.710155
47.801592, 0.067543, 7.429772
47.803413, 0.070092, 7.710155
47.805077, 0.070092, 7.710155
47.806749, 0.070092, 7.710155
47.808380, 0.070092, 7.710155
47.810052, 0.070092, 7.710155
47.811689, 0.070092, 7.710155
47.814270, 0.070092, 7.710155
47.815977, 0.070092, 7.710155
47.817651, 0.070092, 7.710155
47.819253, 0.070092, 7.710155
47.820850, 0.070092, 7.710155
47.822504, 0.067543, 7.429772
47.824103, 0.070092, 7.710155
47.825709, 0.070092, 7.710155
47.827316, 0.070092, 7.710155
47.829035, 0.070092, 7.710155
47.830773, 0.070092, 7.710155
47.832521, 0.070092, 7.710155
47.834240, 0.070092, 7.710155
47.835857, 0.070092, 7.710155
47.837468, 0.070092, 7.710155
47.839085, 0.070092, 7.710155
47.840774, 0.070092, 7.710155
47.842450, 0.070092, 7.710155
47.844152, 0.070092, 7.710155
47.845793, 0.070092, 7.710155
47.847499, 0.070092, 7.710155
47.849175, 0.070092, 7.710155
47.850976, 0.070092, 7.710155
47.852669, 0.070092, 7.710155
47.854469, 0.070092, 7.710155
47.856097, 0.070092, 7.710155
47.857787, 0.070092, 7.710155
47.859398, 0.070092, 7.710155
47.861086, 0.070092, 7.710155
47.863830, 0.070092, 7.710155
47.865492, 0.070092, 7.710155
47.867125, 0.067543, 7.429772
47.868714, 0.067543, 7.429772
47.870295, 0.070092, 7.710155
47.871941, 0.070092, 7.710155
47.873576, 0.070092, 7.710155
47.875236, 0.070092, 7.710155
47.876835, 0.070092, 7.710155
47.878451, 0.070092, 7.710155
47.880723, 0.070092, 7.710155
47.882376, 0.070092, 7.710155
47.883977, 0.067543, 7.429772
47.885696, 0.070092, 7.710155
47.887278, 0.070092, 7.710155
47.888857, 0.070092, 7.710155
47.890445, 0.070092, 7.710155
47.892162, 0.070092, 7.710155
47.893816, 0.070092, 7.710155
47.895557, 0.070092, 7.710155
47.897321, 0.070092, 7.710155
47.898998, 0.070092, 7.710155
47.900684, 0.070092, 7.710155
47.902321, 0.070092, 7.710155
47.903929, 0.070092, 7.710155
47.905538, 0.070092, 7.710155
47.907151, 0.072641, 7.990538
47.908764, 0.070092, 7.710155
47.910371, 0.070092, 7.710155
47.912088, 0.070092, 7.710155
47.914976, 0.070092, 7.710155
47.916660, 0.070092, 7.710155
47.918329, 0.070092, 7.710155
47.919899, 0.070092, 7.710155
47.921521, 0.070092, 7.710155
47.923170, 0.067543, 7.429772
47.924856, 0.067543, 7.429772
47.926476, 0.070092, 7.710155
47.928066, 0.070092, 7.710155
47.930081, 0.070092, 7.710155
47.931807, 0.070092, 7.710155
47.933432, 0.070092, 7.710155
47.935175, 0.070092, 7.710155
47.936840, 0.067543, 7.429772
47.938471, 0.067543, 7.429772
47.940178, 0.070092, 7.710155
47.941782, 0.070092, 7.710155
47.943446, 0.070092, 7.710155
47.945065, 0.070092, 7.710155
47.947117, 0.070092, 7.710155
47.948762, 0.070092, 7.710155
47.950387, 0.070092, 7.710155
47.951985, 0.070092, 7.710155
47.954181, 0.070092, 7.710155
47.955856, 0.070092, 7.710155
47.957504, 0.070092, 7.710155
47.959162, 0.067543, 7.429772
47.960754, 0.070092, 7.710155
47.962351, 0.070092, 7.710155
47.964248, 0.070092, 7.710155
47.965979, 0.070092, 7.710155
47.967717, 0.070092, 7.710155
47.969473, 0.070092, 7.710155
47.971264, 0.070092, 7.710155
47.973222, 0.070092, 7.710155
47.975147, 0.070092, 7.710155
47.977024, 0.070092, 7.710155
47.978774, 0.070092, 7.710155
47.980674, 0.070092, 7.710155
47.982412, 0.070092, 7.710155
47.984293, 0.070092, 7.710155
47.986178, 0.070092, 7.710155
47.988086, 0.070092, 7.710155
47.989715, 0.070092, 7.710155
47.991348, 0.067543, 7.429772
47.992976, 0.070092, 7.710155
47.994592, 0.070092, 7.710155
47.996245, 0.070092, 7.710155
47.997921, 0.070092, 7.710155
47.999829, 0.070092, 7.710155
48.001455, 0.070092, 7.710155
48.003093, 0.070092, 7.710155
48.004780, 0.067543, 7.429772
48.006472, 0.070092, 7.710155
48.008361, 0.070092, 7.710155
48.010032, 0.067543, 7.429772
48.011914, 0.067543, 7.429772
48.014591, 0.070092, 7.710155
48.016511, 0.070092, 7.710155
48.018335, 0.067543, 7.429772
48.020117, 0.070092, 7.710155
48.022321, 0.070092, 7.710155
48.024027, 0.070092, 7.710155
48.025750, 0.067543, 7.429772
48.027338, 0.070092, 7.710155
48.029026, 0.067543, 7.429772
48.031186, 0.070092, 7.710155
48.032938, 0.070092, 7.710155
48.034691, 0.070092, 7.710155
48.036277, 0.070092, 7.710155
48.037874, 0.070092, 7.710155
48.039464, 0.070092, 7.710155
48.041050, 0.070092, 7.710155
48.042633, 0.067543, 7.429772
48.044210, 0.070092, 7.710155
48.045893, 0.070092, 7.710155
48.047606, 0.070092, 7.710155
48.049295, 0.070092, 7.710155
48.051087, 0.070092, 7.710155
48.052693, 0.067543, 7.429772
48.054291, 0.067543, 7.429772
48.055906, 0.067543, 7.429772
48.057571, 0.070092, 7.710155
48.059266, 0.070092, 7.710155
48.060990, 0.070092, 7.710155
48.062624, 0.070092, 7.710155
48.064267, 0.070092, 7.710155
48.065950, 0.070092, 7.710155
48.067819, 0.070092, 7.710155
48.069454, 0.070092, 7.710155
48.071264, 0.070092, 7.710155
48.072881, 0.067543, 7.429772
48.074495, 0.067543, 7.429772
48.076099, 0.070092, 7.710155
48.077723, 0.070092, 7.710155
48.079366, 0.067543, 7.429772
48.081045, 0.070092, 7.710155
48.082713, 0.067543, 7.429772
48.084460, 0.070092, 7.710155
48.086076, 0.070092, 7.710155
48.087718, 0.070092, 7.710155
48.089400, 0.070092, 7.710155
48.091114, 0.067543, 7.429772
48.092714, 0.070092, 7.710155
48.094312, 0.070092, 7.710155
48.095943, 0.070092, 7.710155
48.097686, 0.070092, 7.710155
48.099310, 0.070092, 7.710155
48.101039, 0.067543, 7.429772
48.102719, 0.070092, 7.710155
48.104317, 0.070092, 7.710155
48.105940, 0.070092, 7.710155
48.107557, 0.067543, 7.429772
48.109206, 0.070092, 7.710155
48.110865, 0.067543, 7.429772
48.112535, 0.070092, 7.710155
48.114165, 0.070092, 7.710155
48.115848, 0.070092, 7.710155
48.117630, 0.070092, 7.710155
48.119291, 0.070092, 7.710155
48.121102, 0.070092, 7.710155
48.122863, 0.070092, 7.710155
48.124450, 0.067543, 7.429772
48.126511, 0.070092, 7.710155
48.128198, 0.070092, 7.710155
48.129860, 0.070092, 7.710155
48.131589, 0.070092, 7.710155
48.133288, 0.070092, 7.710155
48.134908, 0.070092, 7.710155
48.136495, 0.067543, 7.429772
48.138100, 0.070092, 7.710155
48.139731, 0.067543, 7.429772
48.141412, 0.070092, 7.710155
48.143203, 0.067543, 7.429772
48.144777, 0.067543, 7.429772
48.146411, 0.067543, 7.429772
48.148087, 0.067543, 7.429772
48.150850, 0.070092, 7.710155
48.152576, 0.070092, 7.710155
48.154153, 0.070092, 7.710155
48.155719, 0.067543, 7.429772
48.157299, 0.070092, 7.710155
48.158943, 0.070092, 7.710155
48.160551, 0.070092, 7.710155
48.162161, 0.067543, 7.429772
48.163829, 0.070092, 7.710155
48.165466, 0.070092, 7.710155
48.167106, 0.067543, 7.429772
48.168859, 0.070092, 7.710155
48.170535, 0.070092, 7.710155
48.172140, 0.070092, 7.710155
48.173745, 0.070092, 7.710155
48.175353, 0.072641, 7.990538
48.176966, 0.070092, 7.710155
48.178577, 0.070092, 7.710155
48.180974, 0.070092, 7.710155
48.182777, 0.070092, 7.710155
48.184432, 0.070092, 7.710155
48.186014, 0.067543, 7.429772
48.187588, 0.070092, 7.710155
48.189167, 0.070092, 7.710155
48.190816, 0.070092, 7.710155
48.192428, 0.070092, 7.710155
48.194166, 0.067543, 7.429772
48.195769, 0.067543, 7.429772
48.197452, 0.070092, 7.710155
48.199113, 0.070092, 7.710155
48.200921, 0.070092, 7.710155
48.202594, 0.070092, 7.710155
48.204330, 0.070092, 7.710155
48.205947, 0.067543, 7.429772
48.207554, 0.070092, 7.710155
48.209165, 0.067543, 7.429772
48.210778, 0.067543, 7.429772
48.212440, 0.067543, 7.429772
48.214210, 0.070092, 7.710155
48.215872, 0.070092, 7.710155
48.217580, 0.067543, 7.429772
48.219171, 0.070092, 7.710155
48.220902, 0.070092, 7.710155
48.222582, 0.070092, 7.710155
48.224260, 0.070092, 7.710155
48.226032, 0.070092, 7.710155
48.227646, 0.070092, 7.710155
48.229259, 0.070092, 7.710155
48.230955, 0.070092, 7.710155
48.232601, 0.067543, 7.429772
48.234297, 0.070092, 7.710155
48.235993, 0.070092, 7.710155
48.237619, 0.067543, 7.429772
48.239231, 0.070092, 7.710155
48.240830, 0.067543, 7.429772
48.242495, 0.070092, 7.710155
48.244127, 0.070092, 7.710155
48.245746, 0.070092, 7.710155
48.248644, 0.070092, 7.710155
48.250410, 0.067543, 7.429772
48.252051, 0.067543, 7.429772
48.253656, 0.070092, 7.710155
48.255377, 0.067543, 7.429772
48.256957, 0.070092, 7.710155
48.258553, 0.070092, 7.710155
48.260131, 0.070092, 7.710155
48.261917, 0.070092, 7.710155
48.264357, 0.067543, 7.429772
48.266162, 0.067543, 7.429772
48.267924, 0.070092, 7.710155
48.269538, 0.072641, 7.990538
48.271142, 0.070092, 7.710155
48.273602, 0.067543, 7.429772
48.275286, 0.070092, 7.710155
48.276989, 0.070092, 7.710155
48.278755, 0.070092, 7.710155
48.280640, 0.067543, 7.429772
48.282354, 0.067543, 7.429772
48.285125, 0.070092, 7.710155
48.287087, 0.070092, 7.710155
48.288672, 0.070092, 7.710155
48.290197, 0.070092, 7.710155
48.291803, 0.070092, 7.710155
48.293581, 0.070092, 7.710155
48.295189, 0.070092, 7.710155
48.297020, 0.070092, 7.710155
48.299317, 0.070092, 7.710155
48.300911, 0.070092, 7.710155
48.302659, 0.070092, 7.710155
48.304487, 0.070092, 7.710155
48.306054, 0.070092, 7.710155
48.307630, 0.067543, 7.429772
48.309175, 0.070092, 7.710155
48.310736, 0.070092, 7.710155
48.312424, 0.070092, 7.710155
48.314513, 0.067543, 7.429772
48.316191, 0.070092, 7.710155
48.317865, 0.070092, 7.710155
48.319419, 0.067543, 7.429772
48.320983, 0.070092, 7.710155
48.322598, 0.070092, 7.710155
48.324796, 0.070092, 7.710155
48.326493, 0.070092, 7.710155
48.328158, 0.070092, 7.710155
48.330227, 0.067543, 7.429772
48.332180, 0.067543, 7.429772
48.333857, 0.070092, 7.710155
48.335538, 0.067543, 7.429772
48.337161, 0.067543, 7.429772
48.339199, 0.067543, 7.429772
48.340901, 0.067543, 7.429772
48.342656, 0.070092, 7.710155
48.344242, 0.067543, 7.429772
48.345919, 0.067543, 7.429772
48.347815, 0.070092, 7.710155
48.349479, 0.070092, 7.710155
48.351148, 0.067543, 7.429772
48.352760, 0.067543, 7.429772
48.354731, 0.067543, 7.429772
48.356688, 0.070092, 7.710155
48.358262, 0.070092, 7.710155
48.359764, 0.070092, 7.710155
48.361307, 0.070092, 7.710155
48.363208, 0.070092, 7.710155
48.365055, 0.070092, 7.710155
48.366697, 0.070092, 7.710155
48.368307, 0.067543, 7.429772
48.369939, 0.070092, 7.710155
48.371551, 0.067543, 7.429772
48.373198, 0.070092, 7.710155
48.374761, 0.070092, 7.710155
48.376338, 0.070092, 7.710155
48.377922, 0.070092, 7.710155
48.379750, 0.067543, 7.429772
48.382387, 0.067543, 7.429772
48.384200, 0.067543, 7.429772
48.385833, 0.070092, 7.710155
48.387440, 0.067543, 7.429772
48.389144, 0.067543, 7.429772
48.390721, 0.067543, 7.429772
48.392299, 0.067543, 7.429772
48.394065, 0.070092, 7.710155
48.395690, 0.067543, 7.429772
48.397421, 0.067543, 7.429772
48.399042, 0.070092, 7.710155
48.400746, 0.067543, 7.429772
48.402330, 0.070092, 7.710155
48.404044, 0.067543, 7.429772
48.405636, 0.067543, 7.429772
48.407288, 0.070092, 7.710155
48.408879, 0.070092, 7.710155
48.410455, 0.070092, 7.710155
48.412028, 0.067543, 7.429772
48.414300, 0.070092, 7.710155
48.415957, 0.067543, 7.429772
48.417575, 0.070092, 7.710155
48.419187, 0.070092, 7.710155
48.420811, 0.070092, 7.710155
48.422425, 0.067543, 7.429772
48.424154, 0.070092, 7.710155
48.425814, 0.070092, 7.710155
48.427517, 0.070092, 7.710155
48.429193, 0.070092, 7.710155
48.431041, 0.067543, 7.429772
48.432744, 0.067543, 7.429772
48.434546, 0.067543, 7.429772
48.436180, 0.070092, 7.710155
48.437881, 0.067543, 7.429772
48.439484, 0.067543, 7.429772
48.441045, 0.067543, 7.429772
48.442623, 0.067543, 7.429772
48.444431, 0.070092, 7.710155
48.446295, 0.067543, 7.429772
48.447954, 0.067543, 7.429772
48.449636, 0.067543, 7.429772
48.451256, 0.067543, 7.429772
48.452944, 0.067543, 7.429772
48.454534, 0.067543, 7.429772
48.456199, 0.070092, 7.710155
48.457896, 0.067543, 7.429772
48.459522, 0.067543, 7.429772
48.461148, 0.070092, 7.710155
48.462862, 0.067543, 7.429772
48.464780, 0.067543, 7.429772
48.466470, 0.067543, 7.429772
48.468238, 0.067543, 7.429772
48.470362, 0.067543, 7.429772
48.472003, 0.067543, 7.429772
48.473757, 0.067543, 7.429772
48.475496, 0.067543, 7.429772
48.477127, 0.070092, 7.710155
48.478787, 0.067543, 7.429772
48.480523, 0.067543, 7.429772
48.482212, 0.070092, 7.710155
48.484067, 0.070092, 7.710155
48.485670, 0.070092, 7.710155
48.487288, 0.070092, 7.710155
48.488903, 0.067543, 7.429772
48.490527, 0.070092, 7.710155
48.492136, 0.070092, 7.710155
48.493875, 0.067543, 7.429772
48.495537, 0.067543, 7.429772
48.497406, 0.067543, 7.429772
48.499074, 0.070092, 7.710155
48.500658, 0.067543, 7.429772
48.502278, 0.067543, 7.429772
48.503964, 0.067543, 7.429772
48.505577, 0.067543, 7.429772
48.507179, 0.067543, 7.429772
48.508767, 0.067543, 7.429772
48.510380, 0.070092, 7.710155
48.511992, 0.067543, 7.429772
48.513951, 0.067543, 7.429772
48.515670, 0.067543, 7.429772
48.517383, 0.067543, 7.429772
48.518987, 0.067543, 7.429772
48.520591, 0.067543, 7.429772
48.522202, 0.067543, 7.429772
48.523925, 0.067543, 7.429772
48.525615, 0.067543, 7.429772
48.527294, 0.067543, 7.429772
48.528867, 0.067543, 7.429772
48.531595, 0.067543, 7.429772
48.533357, 0.070092, 7.710155
48.535140, 0.067543, 7.429772
48.536767, 0.067543, 7.429772
48.538459, 0.067543, 7.429772
48.540054, 0.067543, 7.429772
48.541645, 0.067543, 7.429772
48.543335, 0.067543, 7.429772
48.544927, 0.067543, 7.429772
48.547384, 0.067543, 7.429772
48.549325, 0.067543, 7.429772
48.551003, 0.067543, 7.429772
48.552595, 0.070092, 7.710155
48.554344, 0.067543, 7.429772
48.556002, 0.070092, 7.710155
48.557627, 0.070092, 7.710155
48.559304, 0.070092, 7.710155
48.560899, 0.067543, 7.429772
48.562501, 0.067543, 7.429772
48.564777, 0.067543, 7.429772
48.566420, 0.067543, 7.429772
48.568080, 0.067543, 7.429772
48.569649, 0.070092, 7.710155
48.571231, 0.067543, 7.429772
48.572899, 0.070092, 7.710155
48.574593, 0.070092, 7.710155
48.576238, 0.070092, 7.710155
48.577913, 0.067543, 7.429772
48.579885, 0.067543, 7.429772
48.582096, 0.067543, 7.429772
48.583788, 0.070092, 7.710155
48.585535, 0.070092, 7.710155
48.587138, 0.067543, 7.429772
48.588760, 0.067543, 7.429772
48.590536, 0.067543, 7.429772
48.592179, 0.067543, 7.429772
48.594062, 0.067543, 7.429772
48.596651, 0.067543, 7.429772
48.598484, 0.067543, 7.429772
48.600173, 0.067543, 7.429772
48.601845, 0.067543, 7.429772
48.603417, 0.070092, 7.710155
48.605124, 0.067543, 7.429772
48.606715, 0.070092, 7.710155
48.608297, 0.070092, 7.710155
48.609878, 0.067543, 7.429772
48.611442, 0.067543, 7.429772
48.613336, 0.067543, 7.429772
48.616157, 0.067543, 7.429772
48.618125, 0.067543, 7.429772
48.619845, 0.067543, 7.429772
48.621643, 0.070092, 7.710155
48.623264, 0.067543, 7.429772
48.624862, 0.067543, 7.429772
48.626455, 0.067543, 7.429772
48.628041, 0.067543, 7.429772
48.629992, 0.067543, 7.429772
48.632274, 0.067543, 7.429772
48.634017, 0.067543, 7.429772
48.635690, 0.067543, 7.429772
48.637364, 0.067543, 7.429772
48.639062, 0.067543, 7.429772
48.640751, 0.067543, 7.429772
48.642449, 0.070092, 7.710155
48.644625, 0.067543, 7.429772
48.646853, 0.067543, 7.429772
48.648543, 0.067543, 7.429772
48.650174, 0.067543, 7.429772
48.651810, 0.067543, 7.429772
48.653436, 0.067543, 7.429772
48.655057, 0.067543, 7.429772
48.656689, 0.067543, 7.429772
48.658363, 0.067543, 7.429772
48.660039, 0.067543, 7.429772
48.661922, 0.067543, 7.429772
48.663688, 0.067543, 7.429772
48.665450, 0.067543, 7.429772
48.667085, 0.067543, 7.429772
48.668695, 0.070092, 7.710155
48.670286, 0.067543, 7.429772
48.671902, 0.070092, 7.710155
48.673549, 0.067543, 7.429772
48.675303, 0.067543, 7.429772
48.677126, 0.067543, 7.429772
48.678750, 0.070092, 7.710155
48.680602, 0.067543, 7.429772
48.682200, 0.067543, 7.429772
48.683876, 0.067543, 7.429772
48.685506, 0.067543, 7.429772
48.687172, 0.067543, 7.429772
48.688807, 0.067543, 7.429772
48.690485, 0.067543, 7.429772
48.692179, 0.070092, 7.710155
48.693948, 0.067543, 7.429772
48.695630, 0.070092, 7.710155
48.697350, 0.070092, 7.710155
48.699025, 0.070092, 7.710155
48.700730, 0.067543, 7.429772
48.702356, 0.067543, 7.429772
48.704005, 0.070092, 7.710155
48.705653, 0.067543, 7.429772
48.707279, 0.067543, 7.429772
48.708953, 0.067543, 7.429772
48.710608, 0.067543, 7.429772
48.712343, 0.067543, 7.429772
48.714805, 0.067543, 7.429772
48.716511, 0.067543, 7.429772
48.718182, 0.067543, 7.429772
48.719825, 0.070092, 7.710155
48.721462, 0.067543, 7.429772
48.723149, 0.067543, 7.429772
48.724851, 0.067543, 7.429772
48.726530, 0.067543, 7.429772
48.728267, 0.070092, 7.710155
48.729967, 0.067543, 7.429772
48.731661, 0.070092, 7.710155
48.733461, 0.067543, 7.429772
48.735779, 0.067543, 7.429772
48.737526, 0.067543, 7.429772
48.739204, 0.067543, 7.429772
48.740862, 0.067543, 7.429772
48.742499, 0.067543, 7.429772
48.744396, 0.067543, 7.429772
48.746093, 0.067543, 7.429772
48.747818, 0.067543, 7.429772
48.749468, 0.067543, 7.429772
48.751150, 0.067543, 7.429772
48.753162, 0.067543, 7.429772
48.755612, 0.067543, 7.429772
48.758186, 0.067543, 7.429772
48.760490, 0.067543, 7.429772
48.762283, 0.067543, 7.429772
48.763961, 0.067543, 7.429772
48.765638, 0.067543, 7.429772
48.767372, 0.067543, 7.429772
48.768992, 0.070092, 7.710155
48.770605, 0.067543, 7.429772
48.772273, 0.067543, 7.429772
48.774212, 0.067543, 7.429772
48.775865, 0.067543, 7.429772
48.777473, 0.067543, 7.429772
48.779069, 0.067543, 7.429772
48.780907, 0.067543, 7.429772
48.782762, 0.067543, 7.429772
48.784485, 0.067543, 7.429772
48.786071, 0.067543, 7.429772
48.787668, 0.067543, 7.429772
48.789259, 0.070092, 7.710155
48.790847, 0.067543, 7.429772
48.792542, 0.067543, 7.429772
48.794381, 0.067543, 7.429772
48.796036, 0.067543, 7.429772
48.797735, 0.067543, 7.429772
48.799357, 0.067543, 7.429772
48.800986, 0.067543, 7.429772
48.802714, 0.067543, 7.429772
48.804466, 0.067543, 7.429772
48.806088, 0.067543, 7.429772
48.807671, 0.067543, 7.429772
48.809237, 0.070092, 7.710155
48.810823, 0.067543, 7.429772
48.812785, 0.067543, 7.429772
48.814641, 0.067543, 7.429772
48.816451, 0.067543, 7.429772
48.818698, 0.067543, 7.429772
48.820496, 0.067543, 7.429772
48.822185, 0.067543, 7.429772
48.823844, 0.067543, 7.429772
48.825599, 0.067543, 7.429772
48.827247, 0.067543, 7.429772
48.828883, 0.067543, 7.429772
48.830522, 0.067543, 7.429772
48.832257, 0.067543, 7.429772
48.833967, 0.067543, 7.429772
48.835591, 0.067543, 7.429772
48.837201, 0.067543, 7.429772
48.838833, 0.067543, 7.429772
48.840461, 0.067543, 7.429772
48.842107, 0.067543, 7.429772
48.843862, 0.067543, 7.429772
48.845597, 0.067543, 7.429772
48.847502, 0.067543, 7.429772
48.849296, 0.067543, 7.429772
48.851047, 0.067543, 7.429772
48.854492, 0.067543, 7.429772
48.856740, 0.067543, 7.429772
48.858566, 0.067543, 7.429772
48.860244, 0.067543, 7.429772
48.861857, 0.067543, 7.429772
48.864735, 0.067543, 7.429772
48.866566, 0.064994, 7.149389
48.868297, 0.067543, 7.429772
48.869984, 0.067543, 7.429772
48.871676, 0.067543, 7.429772
48.873444, 0.067543, 7.429772
48.875067, 0.067543, 7.429772
48.876682, 0.067543, 7.429772
48.878282, 0.067543, 7.429772
48.881084, 0.067543, 7.429772
48.882804, 0.067543, 7.429772
48.884545, 0.067543, 7.429772
48.886223, 0.067543, 7.429772
48.887924, 0.067543, 7.429772
48.889532, 0.067543, 7.429772
48.891142, 0.067543, 7.429772
48.892744, 0.067543, 7.429772
48.894372, 0.067543, 7.429772
48.896246, 0.067543, 7.429772
48.898888, 0.067543, 7.429772
48.900673, 0.067543, 7.429772
48.902397, 0.067543, 7.429772
48.904148, 0.067543, 7.429772
48.905774, 0.067543, 7.429772
48.907372, 0.067543, 7.429772
48.908962, 0.067543, 7.429772
48.910558, 0.064994, 7.149389
48.912170, 0.067543, 7.429772
48.913845, 0.067543, 7.429772
48.915517, 0.067543, 7.429772
48.917372, 0.067543, 7.429772
48.919056, 0.067543, 7.429772
48.920737, 0.067543, 7.429772
48.922461, 0.067543, 7.429772
48.924081, 0.067543, 7.429772
48.925742, 0.067543, 7.429772
48.927446, 0.067543, 7.429772
48.930702, 0.067543, 7.429772
48.932468, 0.064994, 7.149389
48.934187, 0.067543, 7.429772
48.935783, 0.064994, 7.149389
48.937498, 0.067543, 7.429772
48.939220, 0.067543, 7.429772
48.940900, 0.067543, 7.429772
48.942503, 0.067543, 7.429772
48.944079, 0.067543, 7.429772
48.945860, 0.067543, 7.429772
48.948275, 0.067543, 7.429772
48.950012, 0.064994, 7.149389
48.951701, 0.067543, 7.429772
48.953492, 0.067543, 7.429772
48.955109, 0.064994, 7.149389
48.956798, 0.067543, 7.429772
48.958442, 0.067543, 7.429772
48.960117, 0.067543, 7.429772
48.961830, 0.067543, 7.429772
48.963547, 0.067543, 7.429772
48.965269, 0.064994, 7.149389
48.967145, 0.067543, 7.429772
48.968953, 0.067543, 7.429772
48.970598, 0.067543, 7.429772
48.972293, 0.067543, 7.429772
48.973954, 0.067543, 7.429772
48.975712, 0.067543, 7.429772
48.977466, 0.067543, 7.429772
48.979182, 0.067543, 7.429772
48.981015, 0.067543, 7.429772
48.982780, 0.064994, 7.149389
48.984475, 0.067543, 7.429772
48.986103, 0.067543, 7.429772
48.987856, 0.067543, 7.429772
48.989584, 0.067543, 7.429772
48.991279, 0.067543, 7.429772
48.993054, 0.067543, 7.429772
48.994820, 0.067543, 7.429772
48.998571, 0.067543, 7.429772
49.001063, 0.067543, 7.429772
49.002814, 0.067543, 7.429772
49.004702, 0.067543, 7.429772
49.006425, 0.067543, 7.429772
49.008426, 0.067543, 7.429772
49.010209, 0.067543, 7.429772
49.011862, 0.067543, 7.429772
49.013624, 0.067543, 7.429772
49.015358, 0.067543, 7.429772
49.017062, 0.067543, 7.429772
49.018709, 0.064994, 7.149389
49.020326, 0.067543, 7.429772
49.021956, 0.067543, 7.429772
49.023625, 0.067543, 7.429772
49.025255, 0.067543, 7.429772
49.026995, 0.067543, 7.429772
49.029390, 0.067543, 7.429772
49.031494, 0.067543, 7.429772
49.033128, 0.067543, 7.429772
49.034754, 0.067543, 7.429772
49.036371, 0.067543, 7.429772
49.038055, 0.067543, 7.429772
49.039773, 0.067543, 7.429772
49.041404, 0.067543, 7.429772
49.043028, 0.067543, 7.429772
49.044653, 0.067543, 7.429772
49.046341, 0.067543, 7.429772
49.048078, 0.067543, 7.429772
49.049772, 0.067543, 7.429772
49.051463, 0.067543, 7.429772
49.053212, 0.067543, 7.429772
49.054879, 0.067543, 7.429772
49.056545, 0.064994, 7.149389
49.058349, 0.067543, 7.429772
49.060046, 0.067543, 7.429772
49.061728, 0.067543, 7.429772
49.063510, 0.067543, 7.429772
49.065203, 0.064994, 7.149389
49.066895, 0.067543, 7.429772
49.068750, 0.067543, 7.429772
49.070450, 0.067543, 7.429772
49.072045, 0.064994, 7.149389
49.073636, 0.067543, 7.429772
49.075235, 0.067543, 7.429772
49.076850, 0.064994, 7.149389
49.078474, 0.067543, 7.429772
49.080169, 0.067543, 7.429772
49.081852, 0.064994, 7.149389
49.083739, 0.067543, 7.429772
49.085407, 0.064994, 7.149389
49.087120, 0.067543, 7.429772
49.088762, 0.067543, 7.429772
49.090424, 0.067543, 7.429772
49.092113, 0.064994, 7.149389
49.093734, 0.067543, 7.429772
49.095411, 0.067543, 7.429772
49.097833, 0.064994, 7.149389
49.099502, 0.067543, 7.429772
49.101302, 0.064994, 7.149389
49.104083, 0.067543, 7.429772
49.105850, 0.064994, 7.149389
49.107867, 0.067543, 7.429772
49.109619, 0.067543, 7.429772
49.111242, 0.067543, 7.429772
49.113091, 0.067543, 7.429772
49.114766, 0.067543, 7.429772
49.116516, 0.067543, 7.429772
49.118149, 0.067543, 7.429772
49.119745, 0.067543, 7.429772
49.121323, 0.067543, 7.429772
49.122889, 0.067543, 7.429772
49.124478, 0.064994, 7.149389
49.126072, 0.067543, 7.429772
49.127761, 0.067543, 7.429772
49.129580, 0.064994, 7.149389
49.131283, 0.067543, 7.429772
49.132971, 0.064994, 7.149389
49.134589, 0.064994, 7.149389
49.136200, 0.064994, 7.149389
49.137866, 0.064994, 7.149389
49.139485, 0.064994, 7.149389
49.141080, 0.064994, 7.149389
49.142684, 0.067543, 7.429772
49.144352, 0.064994, 7.149389
49.146464, 0.067543, 7.429772
49.148468, 0.067543, 7.429772
49.150095, 0.064994, 7.149389
49.151733, 0.064994, 7.149389
49.153312, 0.067543, 7.429772
49.154885, 0.067543, 7.429772
49.156486, 0.064994, 7.149389
49.158276, 0.064994, 7.149389
49.159981, 0.067543, 7.429772
49.161708, 0.067543, 7.429772
49.164486, 0.067543, 7.429772
49.166097, 0.064994, 7.149389
49.167733, 0.064994, 7.149389
49.169431, 0.064994, 7.149389
49.171034, 0.067543, 7.429772
49.173169, 0.067543, 7.429772
49.174774, 0.067543, 7.429772
49.176354, 0.064994, 7.149389
49.177999, 0.067543, 7.429772
49.180900, 0.067543, 7.429772
49.182608, 0.067543, 7.429772
49.184269, 0.067543, 7.429772
49.185919, 0.064994, 7.149389
49.187611, 0.067543, 7.429772
49.189329, 0.067543, 7.429772
49.190966, 0.064994, 7.149389
49.192615, 0.067543, 7.429772
49.194252, 0.064994, 7.149389
49.195979, 0.067543, 7.429772
49.197786, 0.067543, 7.429772
49.199496, 0.064994, 7.149389
49.201189, 0.064994, 7.149389
49.202802, 0.064994, 7.149389
49.204500, 0.064994, 7.149389
49.206101, 0.064994, 7.149389
49.207910, 0.064994, 7.149389
49.209621, 0.064994, 7.149389
49.211226, 0.064994, 7.149389
49.213463, 0.064994, 7.149389
49.215874, 0.064994, 7.149389
49.217640, 0.067543, 7.429772
49.220473, 0.067543, 7.429772
49.222666, 0.067543, 7.429772
49.224365, 0.064994, 7.149389
49.226119, 0.064994, 7.149389
49.227739, 0.064994, 7.149389
49.229891, 0.064994, 7.149389
49.231776, 0.064994, 7.149389
49.233574, 0.064994, 7.149389
49.235205, 0.067543, 7.429772
49.236818, 0.064994, 7.149389
49.238438, 0.064994, 7.149389
49.240059, 0.067543, 7.429772
49.241654, 0.067543, 7.429772
49.243280, 0.064994, 7.149389
49.244953, 0.067543, 7.429772
49.247674, 0.064994, 7.149389
49.250150, 0.064994, 7.149389
49.251924, 0.064994, 7.149389
49.253592, 0.064994, 7.149389
49.255314, 0.067543, 7.429772
49.256914, 0.067543, 7.429772
49.258527, 0.064994, 7.149389
49.260148, 0.064994, 7.149389
49.261833, 0.064994, 7.149389
49.263785, 0.064994, 7.149389
49.265560, 0.064994, 7.149389
49.267933, 0.064994, 7.149389
49.269735, 0.067543, 7.429772
49.271366, 0.064994, 7.149389
49.272968, 0.064994, 7.149389
49.274667, 0.064994, 7.149389
49.276261, 0.067543, 7.429772
49.277853, 0.064994, 7.149389
49.279874, 0.064994, 7.149389
49.281657, 0.064994, 7.149389
49.283287, 0.067543, 7.429772
49.285135, 0.064994, 7.149389
49.286772, 0.064994, 7.149389
49.288426, 0.064994, 7.149389
49.290111, 0.064994, 7.149389
49.291704, 0.064994, 7.149389
49.293292, 0.064994, 7.149389
49.295202, 0.064994, 7.149389
49.296907, 0.064994, 7.149389
49.298554, 0.064994, 7.149389
49.300290, 0.064994, 7.149389
49.301935, 0.064994, 7.149389
49.303640, 0.064994, 7.149389
49.305293, 0.064994, 7.149389
49.307074, 0.064994, 7.149389
49.308782, 0.064994, 7.149389
49.310395, 0.067543, 7.429772
49.312070, 0.064994, 7.149389
49.313783, 0.064994, 7.149389
49.315437, 0.067543, 7.429772
49.317259, 0.064994, 7.149389
49.318943, 0.064994, 7.149389
49.320571, 0.064994, 7.149389
49.322195, 0.064994, 7.149389
49.324388, 0.064994, 7.149389
49.326669, 0.064994, 7.149389
49.328431, 0.064994, 7.149389
49.330086, 0.064994, 7.149389
49.331701, 0.064994, 7.149389
49.333406, 0.067543, 7.429772
49.334991, 0.064994, 7.149389
49.336583, 0.064994, 7.149389
49.338184, 0.064994, 7.149389
49.339798, 0.067543, 7.429772
49.341416, 0.064994, 7.149389
49.343010, 0.064994, 7.149389
49.344690, 0.064994, 7.149389
49.346459, 0.064994, 7.149389
49.348205, 0.064994, 7.149389
49.350409, 0.064994, 7.149389
49.352090, 0.064994, 7.149389
49.353938, 0.064994, 7.149389
49.355600, 0.064994, 7.149389
49.357308, 0.064994, 7.149389
49.358901, 0.064994, 7.149389
49.360533, 0.064994, 7.149389
49.362235, 0.064994, 7.149389
49.364744, 0.064994, 7.149389
49.366774, 0.064994, 7.149389
49.368516, 0.064994, 7.149389
49.370108, 0.067543, 7.429772
49.371709, 0.064994, 7.149389
49.373334, 0.064994, 7.149389
49.374938, 0.064994, 7.149389
49.376510, 0.064994, 7.149389
49.378093, 0.064994, 7.149389
49.379786, 0.064994, 7.149389
49.381457, 0.064994, 7.149389
49.383421, 0.067543, 7.429772
49.386832, 0.067543, 7.429772
49.388712, 0.064994, 7.149389
49.390433, 0.064994, 7.149389
49.392053, 0.064994, 7.149389
49.393669, 0.064994, 7.149389
49.395343, 0.064994, 7.149389
49.398275, 0.064994, 7.149389
49.399997, 0.064994, 7.149389
49.401727, 0.064994, 7.149389
49.403342, 0.064994, 7.149389
49.404956, 0.067543, 7.429772
49.406547, 0.064994, 7.149389
49.408153, 0.064994, 7.149389
49.409755, 0.064994, 7.149389
49.411354, 0.064994, 7.149389
49.413751, 0.064994, 7.149389
49.416276, 0.064994, 7.149389
49.418222, 0.064994, 7.149389
49.419898, 0.064994, 7.149389
49.421595, 0.064994, 7.149389
49.423209, 0.064994, 7.149389
49.424804, 0.064994, 7.149389
49.426413, 0.067543, 7.429772
49.428012, 0.064994, 7.149389
49.430309, 0.064994, 7.149389
49.432506, 0.064994, 7.149389
49.434277, 0.064994, 7.149389
49.435921, 0.064994, 7.149389
49.437638, 0.064994, 7.149389
49.439282, 0.064994, 7.149389
49.440876, 0.064994, 7.149389
49.442461, 0.064994, 7.149389
49.444115, 0.067543, 7.429772
49.445728, 0.064994, 7.149389
49.447427, 0.067543, 7.429772
49.449176, 0.067543, 7.429772
49.451884, 0.064994, 7.149389
49.453582, 0.064994, 7.149389
49.455302, 0.064994, 7.149389
49.456915, 0.064994, 7.149389
49.458495, 0.064994, 7.149389
49.461320, 0.064994, 7.149389
49.462975, 0.064994, 7.149389
49.464604, 0.064994, 7.149389
49.466240, 0.064994, 7.149389
49.467919, 0.064994, 7.149389
49.469694, 0.064994, 7.149389
49.471335, 0.064994, 7.149389
49.473134, 0.064994, 7.149389
49.474737, 0.064994, 7.149389
49.476332, 0.064994, 7.149389
49.477910, 0.064994, 7.149389
49.480668, 0.064994, 7.149389
49.482392, 0.064994, 7.149389
49.484079, 0.064994, 7.149389
49.485652, 0.064994, 7.149389
49.487243, 0.064994, 7.149389
49.488887, 0.064994, 7.149389
49.490532, 0.064994, 7.149389
49.492253, 0.064994, 7.149389
49.493868, 0.064994, 7.149389
49.495467, 0.064994, 7.149389
49.498122, 0.064994, 7.149389
49.500030, 0.064994, 7.149389
49.501881, 0.064994, 7.149389
49.503634, 0.064994, 7.149389
49.505382, 0.064994, 7.149389
49.506989, 0.064994, 7.149389
49.508619, 0.064994, 7.149389
49.510265, 0.064994, 7.149389
49.511932, 0.064994, 7.149389
49.513670, 0.064994, 7.149389
49.515309, 0.064994, 7.149389
49.517033, 0.064994, 7.149389
49.518691, 0.064994, 7.149389
49.520306, 0.064994, 7.149389
49.521917, 0.064994, 7.149389
49.523532, 0.064994, 7.149389
49.525164, 0.064994, 7.149389
49.526814, 0.064994, 7.149389
49.530369, 0.064994, 7.149389
49.532300, 0.064994, 7.149389
49.533995, 0.064994, 7.149389
49.535591, 0.064994, 7.149389
49.537190, 0.064994, 7.149389
49.538884, 0.064994, 7.149389
49.540481, 0.064994, 7.149389
49.542082, 0.064994, 7.149389
49.543679, 0.064994, 7.149389
49.545317, 0.064994, 7.149389
49.547020, 0.064994, 7.149389
49.548760, 0.064994, 7.149389
49.550422, 0.064994, 7.149389
49.552166, 0.064994, 7.149389
49.553774, 0.064994, 7.149389
49.555405, 0.064994, 7.149389
49.557023, 0.064994, 7.149389
49.559818, 0.064994, 7.149389
49.561436, 0.064994, 7.149389
49.563755, 0.064994, 7.149389
49.565977, 0.064994, 7.149389
49.567764, 0.064994, 7.149389
49.569444, 0.064994, 7.149389
49.571088, 0.064994, 7.149389
49.572740, 0.064994, 7.149389
49.574337, 0.064994, 7.149389
49.575918, 0.064994, 7.149389
49.577503, 0.064994, 7.149389
49.579966, 0.064994, 7.149389
49.581695, 0.064994, 7.149389
49.583380, 0.064994, 7.149389
49.584971, 0.064994, 7.149389
49.586563, 0.064994, 7.149389
49.588156, 0.064994, 7.149389
49.590021, 0.064994, 7.149389
49.591663, 0.064994, 7.149389
49.593373, 0.064994, 7.149389
49.595032, 0.064994, 7.149389
49.596902, 0.064994, 7.149389
49.598576, 0.064994, 7.149389
49.600335, 0.064994, 7.149389
49.602041, 0.064994, 7.149389
49.603849, 0.064994, 7.149389
49.605535, 0.064994, 7.149389
49.607211, 0.064994, 7.149389
49.609205, 0.064994, 7.149389
49.610895, 0.064994, 7.149389
49.612582, 0.064994, 7.149389
49.614397, 0.064994, 7.149389
49.616105, 0.064994, 7.149389
49.617935, 0.064994, 7.149389
49.619854, 0.064994, 7.149389
49.621665, 0.064994, 7.149389
49.623417, 0.064994, 7.149389
49.625082, 0.064994, 7.149389
49.626751, 0.064994, 7.149389
49.628717, 0.064994, 7.149389
49.631203, 0.064994, 7.149389
49.632923, 0.064994, 7.149389
49.634543, 0.064994, 7.149389
49.636158, 0.064994, 7.149389
49.637767, 0.064994, 7.149389
49.639530, 0.064994, 7.149389
49.641199, 0.064994, 7.149389
49.642968, 0.064994, 7.149389
49.644707, 0.064994, 7.149389
49.646390, 0.064994, 7.149389
49.648434, 0.064994, 7.149389
49.650078, 0.064994, 7.149389
49.651704, 0.064994, 7.149389
49.653375, 0.064994, 7.149389
49.655007, 0.064994, 7.149389
49.656633, 0.064994, 7.149389
49.658243, 0.064994, 7.149389
49.659971, 0.064994, 7.149389
49.661696, 0.064994, 7.149389
49.663625, 0.064994, 7.149389
49.665312, 0.064994, 7.149389
49.667000, 0.064994, 7.149389
49.668611, 0.064994, 7.149389
49.670358, 0.064994, 7.149389
49.671974, 0.064994, 7.149389
49.673577, 0.064994, 7.149389
49.675176, 0.064994, 7.149389
49.676832, 0.064994, 7.149389
49.679057, 0.064994, 7.149389
49.681039, 0.064994, 7.149389
49.682802, 0.064994, 7.149389
49.684499, 0.064994, 7.149389
49.686107, 0.064994, 7.149389
49.687708, 0.064994, 7.149389
49.689387, 0.064994, 7.149389
49.691026, 0.064994, 7.149389
49.692713, 0.064994, 7.149389
49.694408, 0.064994, 7.149389
49.696447, 0.064994, 7.149389
49.698231, 0.064994, 7.149389
49.700043, 0.064994, 7.149389
49.701741, 0.064994, 7.149389
49.703434, 0.064994, 7.149389
49.705522, 0.064994, 7.149389
49.707172, 0.064994, 7.149389
49.708876, 0.064994, 7.149389
49.710520, 0.064994, 7.149389
49.712154, 0.064994, 7.149389
49.714096, 0.064994, 7.149389
49.715887, 0.064994, 7.149389
49.717663, 0.064994, 7.149389
49.719454, 0.064994, 7.149389
49.721114, 0.064994, 7.149389
49.722785, 0.064994, 7.149389
49.724399, 0.064994, 7.149389
49.725995, 0.064994, 7.149389
49.727604, 0.064994, 7.149389
49.729392, 0.064994, 7.149389
49.731542, 0.064994, 7.149389
49.733223, 0.064994, 7.149389
49.734913, 0.064994, 7.149389
49.736569, 0.064994, 7.149389
49.738233, 0.064994, 7.149389
49.740001, 0.064994, 7.149389
49.741675, 0.064994, 7.149389
49.743389, 0.064994, 7.149389
49.745230, 0.064994, 7.149389
49.747058, 0.064994, 7.149389
49.748878, 0.064994, 7.149389
49.750595, 0.064994, 7.149389
49.752240, 0.064994, 7.149389
49.753950, 0.064994, 7.149389
49.755554, 0.064994, 7.149389
49.757144, 0.064994, 7.149389
49.758736, 0.064994, 7.149389
49.760827, 0.064994, 7.149389
49.762659, 0.064994, 7.149389
49.764740, 0.064994, 7.149389
49.766495, 0.064994, 7.149389
49.768182, 0.064994, 7.149389
49.769905, 0.064994, 7.149389
49.771543, 0.064994, 7.149389
49.773230, 0.064994, 7.149389
49.774839, 0.064994, 7.149389
49.776459, 0.064994, 7.149389
49.778077, 0.064994, 7.149389
49.780135, 0.064994, 7.149389
49.781909, 0.064994, 7.149389
49.783616, 0.064994, 7.149389
49.785246, 0.064994, 7.149389
49.786848, 0.064994, 7.149389
49.788465, 0.064994, 7.149389
49.790380, 0.064994, 7.149389
49.792047, 0.064994, 7.149389
49.793787, 0.064994, 7.149389
49.796049, 0.064994, 7.149389
49.797725, 0.064994, 7.149389
49.799456, 0.064994, 7.149389
49.801072, 0.064994, 7.149389
49.802671, 0.064994, 7.149389
49.804330, 0.064994, 7.149389
49.805938, 0.064994, 7.149389
49.807540, 0.064994, 7.149389
49.809137, 0.064994, 7.149389
49.810857, 0.064994, 7.149389
49.812603, 0.064994, 7.149389
49.815419, 0.064994, 7.149389
49.817180, 0.064994, 7.149389
49.818886, 0.064994, 7.149389
49.821235, 0.064994, 7.149389
49.823566, 0.064994, 7.149389
49.825284, 0.064994, 7.149389
49.826996, 0.064994, 7.149389
49.829126, 0.064994, 7.149389
49.831372, 0.064994, 7.149389
49.833127, 0.064994, 7.149389
49.834936, 0.064994, 7.149389
49.836676, 0.064994, 7.149389
49.838409, 0.064994, 7.149389
49.840120, 0.064994, 7.149389
49.841771, 0.064994, 7.149389
49.843477, 0.064994, 7.149389
49.845281, 0.064994, 7.149389
49.847436, 0.064994, 7.149389
49.849092, 0.064994, 7.149389
49.850876, 0.064994, 7.149389
49.852719, 0.064994, 7.149389
49.854381, 0.064994, 7.149389
49.856122, 0.064994, 7.149389
49.857797, 0.064994, 7.149389
49.859430, 0.064994, 7.149389
49.861073, 0.064994, 7.149389
49.863267, 0.064994, 7.149389
49.865234, 0.064994, 7.149389
49.867137, 0.064994, 7.149389
49.868967, 0.064994, 7.149389
49.870658, 0.064994, 7.149389
49.872254, 0.064994, 7.149389
49.874077, 0.064994, 7.149389
49.876018, 0.064994, 7.149389
49.877718, 0.064994, 7.149389
49.879479, 0.064994, 7.149389
49.881473, 0.064994, 7.149389
49.883712, 0.064994, 7.149389
49.885520, 0.064994, 7.149389
49.887212, 0.064994, 7.149389
49.888793, 0.064994, 7.149389
49.890380, 0.064994, 7.149389
49.891970, 0.064994, 7.149389
49.893909, 0.064994, 7.149389
49.895972, 0.064994, 7.149389
49.897729, 0.064994, 7.149389
49.900241, 0.064994, 7.149389
49.902266, 0.064994, 7.149389
49.904275, 0.064994, 7.149389
49.906135, 0.064994, 7.149389
49.907869, 0.064994, 7.149389
49.909675, 0.064994, 7.149389
49.911444, 0.064994, 7.149389
49.915427, 0.064994, 7.149389
49.917848, 0.064994, 7.149389
49.919942, 0.064994, 7.149389
49.921929, 0.064994, 7.149389
49.924202, 0.064994, 7.149389
49.926380, 0.064994, 7.149389
49.928251, 0.064994, 7.149389
49.930391, 0.064994, 7.149389
49.932309, 0.064994, 7.149389
49.934038, 0.064994, 7.149389
49.935796, 0.064994, 7.149389
49.937433, 0.064994, 7.149389
49.939054, 0.064994, 7.149389
49.940672, 0.064994, 7.149389
49.942298, 0.064994, 7.149389
49.943899, 0.064994, 7.149389
49.945888, 0.064994, 7.149389
49.947711, 0.064994, 7.149389
49.949512, 0.064994, 7.149389
49.951255, 0.064994, 7.149389
49.952953, 0.064994, 7.149389
49.954563, 0.064994, 7.149389
49.956162, 0.064994, 7.149389
49.957773, 0.064994, 7.149389
49.959377, 0.064994, 7.149389
49.961226, 0.064994, 7.149389
49.964207, 0.064994, 7.149389
49.965898, 0.064994, 7.149389
49.967725, 0.064994, 7.149389
49.969324, 0.064994, 7.149389
49.970925, 0.064994, 7.149389
49.972513, 0.064994, 7.149389
49.974335, 0.064994, 7.149389
49.975990, 0.064994, 7.149389
49.977640, 0.064994, 7.149389
49.980708, 0.064994, 7.149389
49.982842, 0.064994, 7.149389
49.985119, 0.064994, 7.149389
49.987044, 0.064994, 7.149389
49.989042, 0.064994, 7.149389
49.990888, 0.064994, 7.149389
49.992692, 0.064994, 7.149389
49.994707, 0.064994, 7.149389
49.996763, 0.064994, 7.149389
49.998658, 0.064994, 7.149389
50.000385, 0.064994, 7.149389
50.002172, 0.064994, 7.149389
50.004127, 0.064994, 7.149389
50.006021, 0.064994, 7.149389
50.007694, 0.064994, 7.149389
50.009296, 0.064994, 7.149389
50.010885, 0.064994, 7.149389
50.012668, 0.064994, 7.149389
50.014553, 0.064994, 7.149389
50.016493, 0.064994, 7.149389
50.018460, 0.064994, 7.149389
50.020257, 0.064994, 7.149389
50.022044, 0.064994, 7.149389
50.023833, 0.064994, 7.149389
50.025820, 0.064994, 7.149389
50.027711, 0.064994, 7.149389
50.029931, 0.064994, 7.149389
50.031843, 0.064994, 7.149389
50.033723, 0.064994, 7.149389
50.035424, 0.064994, 7.149389
50.037082, 0.064994, 7.149389
50.038743, 0.064994, 7.149389
50.040405, 0.064994, 7.149389
50.042103, 0.064994, 7.149389
50.043737, 0.064994, 7.149389
50.045676, 0.064994, 7.149389
50.047605, 0.064994, 7.149389
50.049446, 0.064994, 7.149389
50.051101, 0.064994, 7.149389
50.052708, 0.064994, 7.149389
50.054418, 0.064994, 7.149389
50.056207, 0.064994, 7.149389
50.057865, 0.064994, 7.149389
50.059519, 0.064994, 7.149389
50.061127, 0.064994, 7.149389
50.062754, 0.064994, 7.149389
50.064732, 0.064994, 7.149389
50.066546, 0.064994, 7.149389
50.068219, 0.064994, 7.149389
50.070307, 0.064994, 7.149389
50.071919, 0.064994, 7.149389
50.073499, 0.064994, 7.149389
50.075207, 0.064994, 7.149389
50.076815, 0.064994, 7.149389
50.078423, 0.064994, 7.149389
50.080163, 0.064994, 7.149389
50.081963, 0.064994, 7.149389
50.083608, 0.064994, 7.149389
50.085305, 0.064994, 7.149389
50.086944, 0.064994, 7.149389
50.088584, 0.064994, 7.149389
50.090186, 0.064994, 7.149389
50.091772, 0.064994, 7.149389
50.093363, 0.064994, 7.149389
50.095706, 0.064994, 7.149389
50.097953, 0.064994, 7.149389
50.099677, 0.064994, 7.149389
50.101348, 0.064994, 7.149389
50.103100, 0.064994, 7.149389
50.104858, 0.064994, 7.149389
50.106579, 0.064994, 7.149389
50.108254, 0.064994, 7.149389
50.109905, 0.064994, 7.149389
50.111627, 0.064994, 7.149389
50.113647, 0.064994, 7.149389
50.115599, 0.064994, 7.149389
50.117278, 0.064994, 7.149389
50.118916, 0.064994, 7.149389
50.120553, 0.064994, 7.149389
50.122163, 0.064994, 7.149389
50.123755, 0.064994, 7.149389
50.125548, 0.064994, 7.149389
50.127206, 0.064994, 7.149389
50.128896, 0.064994, 7.149389
50.130554, 0.064994, 7.149389
50.132172, 0.064994, 7.149389
50.133920, 0.064994, 7.149389
50.135591, 0.064994, 7.149389
50.137227, 0.064994, 7.149389
50.138849, 0.064994, 7.149389
50.140467, 0.064994, 7.149389
50.142069, 0.064994, 7.149389
50.143684, 0.064994, 7.149389
50.146181, 0.064994, 7.149389
50.148588, 0.064994, 7.149389
50.150257, 0.064994, 7.149389
50.151903, 0.064994, 7.149389
50.153479, 0.064994, 7.149389
50.155242, 0.064994, 7.149389
50.157108, 0.064994, 7.149389
50.158746, 0.064994, 7.149389
50.160380, 0.064994, 7.149389
50.162030, 0.064994, 7.149389
50.163673, 0.064994, 7.149389
50.165433, 0.064994, 7.149389
50.167244, 0.064994, 7.149389
50.168950, 0.064994, 7.149389
50.170570, 0.064994, 7.149389
50.172152, 0.064994, 7.149389
50.173745, 0.064994, 7.149389
50.175467, 0.064994, 7.149389
50.177096, 0.064994, 7.149389
50.178787, 0.064994, 7.149389
50.180470, 0.064994, 7.149389
50.182118, 0.064994, 7.149389
50.183805, 0.064994, 7.149389
50.185491, 0.064994, 7.149389
50.187116, 0.064994, 7.149389
50.188745, 0.064994, 7.149389
50.190345, 0.064994, 7.149389
50.191958, 0.067543, 7.429772
50.193657, 0.064994, 7.149389
50.195583, 0.064994, 7.149389
50.198477, 0.064994, 7.149389
50.200163, 0.064994, 7.149389
50.201807, 0.064994, 7.149389
50.203457, 0.064994, 7.149389
50.205145, 0.064994, 7.149389
50.206869, 0.064994, 7.149389
50.208478, 0.064994, 7.149389
50.210073, 0.064994, 7.149389
50.211655, 0.064994, 7.149389
50.213314, 0.064994, 7.149389
50.215162, 0.064994, 7.149389
50.216832, 0.064994, 7.149389
50.218513, 0.064994, 7.149389
50.220249, 0.064994, 7.149389
50.221832, 0.062446, 6.869006
50.223562, 0.064994, 7.149389
50.225307, 0.064994, 7.149389
50.226964, 0.064994, 7.149389
50.228930, 0.064994, 7.149389
50.232190, 0.064994, 7.149389
50.233873, 0.064994, 7.149389
50.235554, 0.064994, 7.149389
50.237181, 0.064994, 7.149389
50.238836, 0.064994, 7.149389
50.240446, 0.064994, 7.149389
50.242054, 0.064994, 7.149389
50.244122, 0.064994, 7.149389
50.246861, 0.064994, 7.149389
50.248671, 0.064994, 7.149389
50.250434, 0.064994, 7.149389
50.252088, 0.064994, 7.149389
50.253782, 0.064994, 7.149389
50.255524, 0.064994, 7.149389
50.257184, 0.064994, 7.149389
50.258882, 0.064994, 7.149389
50.260617, 0.064994, 7.149389
50.262941, 0.064994, 7.149389
50.265518, 0.064994, 7.149389
50.267303, 0.064994, 7.149389
50.268984, 0.064994, 7.149389
50.270751, 0.064994, 7.149389
50.272347, 0.064994, 7.149389
50.273942, 0.064994, 7.149389
50.276228, 0.064994, 7.149389
50.277917, 0.064994, 7.149389
50.279625, 0.064994, 7.149389
50.281370, 0.064994, 7.149389
50.283108, 0.064994, 7.149389
50.285505, 0.064994, 7.149389
50.287471, 0.064994, 7.149389
50.289165, 0.064994, 7.149389
50.290908, 0.064994, 7.149389
50.292523, 0.064994, 7.149389
50.294165, 0.064994, 7.149389
50.295780, 0.064994, 7.149389
50.297641, 0.064994, 7.149389
50.299405, 0.064994, 7.149389
50.301063, 0.064994, 7.149389
50.302670, 0.064994, 7.149389
50.304350, 0.064994, 7.149389
50.306019, 0.064994, 7.149389
50.307697, 0.064994, 7.149389
50.309291, 0.064994, 7.149389
50.310888, 0.064994, 7.149389
50.312601, 0.064994, 7.149389
50.314929, 0.064994, 7.149389
50.316575, 0.064994, 7.149389
50.318278, 0.064994, 7.149389
50.319887, 0.064994, 7.149389
50.321467, 0.064994, 7.149389
50.323067, 0.064994, 7.149389
50.324768, 0.064994, 7.149389
50.326413, 0.064994, 7.149389
50.328136, 0.064994, 7.149389
50.329814, 0.064994, 7.149389
50.332755, 0.064994, 7.149389
50.334556, 0.064994, 7.149389
50.336277, 0.064994, 7.149389
50.337905, 0.064994, 7.149389
50.339595, 0.064994, 7.149389
50.341194, 0.064994, 7.149389
50.342869, 0.064994, 7.149389
50.344550, 0.064994, 7.149389
50.346182, 0.064994, 7.149389
50.347784, 0.064994, 7.149389
50.349456, 0.064994, 7.149389
50.351203, 0.067543, 7.429772
50.352837, 0.064994, 7.149389
50.354550, 0.064994, 7.149389
50.356267, 0.064994, 7.149389
50.357973, 0.064994, 7.149389
50.359689, 0.064994, 7.149389
50.361333, 0.064994, 7.149389
50.364220, 0.064994, 7.149389
50.365911, 0.064994, 7.149389
50.367587, 0.064994, 7.149389
50.369276, 0.064994, 7.149389
50.370890, 0.064994, 7.149389
50.372561, 0.064994, 7.149389
50.374240, 0.064994, 7.149389
50.375881, 0.064994, 7.149389
50.377532, 0.064994, 7.149389
50.380021, 0.064994, 7.149389
50.381756, 0.064994, 7.149389
50.383432, 0.064994, 7.149389
50.385881, 0.064994, 7.149389
50.387626, 0.064994, 7.149389
50.389331, 0.064994, 7.149389
50.390942, 0.064994, 7.149389
50.392536, 0.064994, 7.149389
50.394187, 0.064994, 7.149389
50.395794, 0.064994, 7.149389
50.397448, 0.064994, 7.149389
50.399094, 0.064994, 7.149389
50.400808, 0.064994, 7.149389
50.402483, 0.064994, 7.149389
50.404194, 0.064994, 7.149389
50.405891, 0.064994, 7.149389
50.407536, 0.064994, 7.149389
50.409305, 0.064994, 7.149389
50.410927, 0.064994, 7.149389
50.412563, 0.064994, 7.149389
50.414285, 0.064994, 7.149389
50.416054, 0.064994, 7.149389
50.417718, 0.064994, 7.149389
50.419458, 0.064994, 7.149389
50.421694, 0.064994, 7.149389
50.423364, 0.064994, 7.149389
50.425670, 0.064994, 7.149389
50.427950, 0.064994, 7.149389
50.430090, 0.064994, 7.149389
50.431770, 0.064994, 7.149389
50.433606, 0.064994, 7.149389
50.435264, 0.064994, 7.149389
50.436883, 0.064994, 7.149389
50.438524, 0.064994, 7.149389
50.441225, 0.064994, 7.149389
50.443166, 0.064994, 7.149389
50.445046, 0.064994, 7.149389
50.447383, 0.064994, 7.149389
50.449322, 0.064994, 7.149389
50.451096, 0.064994, 7.149389
50.452750, 0.064994, 7.149389
50.454371, 0.064994, 7.149389
50.456138, 0.064994, 7.149389
50.457849, 0.064994, 7.149389
50.459536, 0.064994, 7.149389
50.461257, 0.064994, 7.149389
50.463085, 0.064994, 7.149389
50.464922, 0.064994, 7.149389
50.466568, 0.064994, 7.149389
50.468278, 0.064994, 7.149389
50.469930, 0.064994, 7.149389
50.471619, 0.064994, 7.149389
50.473336, 0.064994, 7.149389
50.475039, 0.064994, 7.149389
50.476695, 0.064994, 7.149389
50.478353, 0.064994, 7.149389
50.480329, 0.064994, 7.149389
50.481988, 0.064994, 7.149389
50.484110, 0.064994, 7.149389
50.486478, 0.064994, 7.149389
50.488427, 0.064994, 7.149389
50.490453, 0.064994, 7.149389
50.492502, 0.064994, 7.149389
50.497156, 0.064994, 7.149389
50.499555, 0.064994, 7.149389
50.501502, 0.064994, 7.149389
50.503322, 0.064994, 7.149389
50.505120, 0.064994, 7.149389
50.506870, 0.064994, 7.149389
50.508665, 0.064994, 7.149389
50.510868, 0.064994, 7.149389
50.512885, 0.064994, 7.149389
50.514993, 0.064994, 7.149389
50.516833, 0.064994, 7.149389
50.518558, 0.064994, 7.149389
50.520483, 0.064994, 7.149389
50.522227, 0.064994, 7.149389
50.523922, 0.064994, 7.149389
50.525587, 0.064994, 7.149389
50.527289, 0.064994, 7.149389
50.529084, 0.064994, 7.149389
50.531636, 0.064994, 7.149389
50.533812, 0.064994, 7.149389
50.535849, 0.064994, 7.149389
50.537970, 0.064994, 7.149389
50.539786, 0.064994, 7.149389
50.541543, 0.064994, 7.149389
50.543248, 0.064994, 7.149389
50.544969, 0.064994, 7.149389
50.546965, 0.064994, 7.149389
50.548798, 0.064994, 7.149389
50.550562, 0.064994, 7.149389
50.552306, 0.064994, 7.149389
50.553999, 0.064994, 7.149389
50.555696, 0.064994, 7.149389
50.557364, 0.064994, 7.149389
50.559425, 0.064994, 7.149389
50.561399, 0.064994, 7.149389
50.563437, 0.064994, 7.149389
50.565382, 0.064994, 7.149389
50.567081, 0.064994, 7.149389
50.568846, 0.064994, 7.149389
50.570459, 0.064994, 7.149389
50.572095, 0.064994, 7.149389
50.573680, 0.064994, 7.149389
50.575270, 0.064994, 7.149389
50.576851, 0.064994, 7.149389
50.578473, 0.064994, 7.149389
50.580400, 0.064994, 7.149389
50.582066, 0.064994, 7.149389
50.583909, 0.064994, 7.149389
50.585530, 0.064994, 7.149389
50.587140, 0.064994, 7.149389
50.588844, 0.064994, 7.149389
50.590533, 0.064994, 7.149389
50.592193, 0.064994, 7.149389
50.593949, 0.064994, 7.149389
50.595568, 0.064994, 7.149389
50.597211, 0.064994, 7.149389
50.599323, 0.064994, 7.149389
50.602047, 0.064994, 7.149389
50.603823, 0.064994, 7.149389
50.605597, 0.064994, 7.149389
50.607297, 0.064994, 7.149389
50.609488, 0.064994, 7.149389
50.611146, 0.064994, 7.149389
50.612791, 0.064994, 7.149389
50.614547, 0.064994, 7.149389
50.616198, 0.064994, 7.149389
50.617924, 0.064994, 7.149389
50.619668, 0.064994, 7.149389
50.621517, 0.064994, 7.149389
50.623236, 0.062446, 6.869006
50.624935, 0.064994, 7.149389
50.626597, 0.064994, 7.149389
50.628261, 0.064994, 7.149389
50.630105, 0.064994, 7.149389
50.631787, 0.064994, 7.149389
50.633446, 0.064994, 7.149389
50.635098, 0.064994, 7.149389
50.636729, 0.064994, 7.149389
50.638375, 0.064994, 7.149389
50.640101, 0.064994, 7.149389
50.641759, 0.064994, 7.149389
50.643448, 0.064994, 7.149389
50.645083, 0.064994, 7.149389
50.646910, 0.064994, 7.149389
50.648581, 0.064994, 7.149389
50.650208, 0.064994, 7.149389
50.651809, 0.064994, 7.149389
50.653405, 0.064994, 7.149389
50.654993, 0.064994, 7.149389
50.656602, 0.064994, 7.149389
50.658235, 0.064994, 7.149389
50.660057, 0.064994, 7.149389
50.661763, 0.064994, 7.149389
50.663722, 0.064994, 7.149389
50.665613, 0.064994, 7.149389
50.667239, 0.064994, 7.149389
50.668879, 0.064994, 7.149389
50.670538, 0.064994, 7.149389
50.672168, 0.064994, 7.149389
50.673842, 0.064994, 7.149389
50.675492, 0.064994, 7.149389
50.677118, 0.064994, 7.149389
50.678813, 0.064994, 7.149389
50.681070, 0.064994, 7.149389
50.682856, 0.064994, 7.149389
50.684601, 0.064994, 7.149389
50.686224, 0.064994, 7.149389
50.687838, 0.064994, 7.149389
50.689478, 0.064994, 7.149389
50.691135, 0.064994, 7.149389
50.692972, 0.064994, 7.149389
50.694904, 0.064994, 7.149389
50.696551, 0.064994, 7.149389
50.698218, 0.064994, 7.149389
50.699988, 0.064994, 7.149389
50.701769, 0.064994, 7.149389
50.703534, 0.064994, 7.149389
50.705239, 0.064994, 7.149389
50.706844, 0.064994, 7.149389
50.708451, 0.064994, 7.149389
50.710135, 0.064994, 7.149389
50.711793, 0.064994, 7.149389
50.713419, 0.064994, 7.149389
50.715040, 0.064994, 7.149389
50.716719, 0.064994, 7.149389
50.718500, 0.064994, 7.149389
50.720166, 0.064994, 7.149389
50.721784, 0.064994, 7.149389
50.723419, 0.064994, 7.149389
50.725190, 0.064994, 7.149389
50.726793, 0.064994, 7.149389
50.728402, 0.064994, 7.149389
50.730241, 0.064994, 7.149389
50.732000, 0.064994, 7.149389
50.733806, 0.064994, 7.149389
50.735402, 0.064994, 7.149389
50.737002, 0.064994, 7.149389
50.738604, 0.064994, 7.149389
50.740231, 0.064994, 7.149389
50.741909, 0.064994, 7.149389
50.743577, 0.064994, 7.149389
50.745338, 0.064994, 7.149389
50.747001, 0.064994, 7.149389
50.748628, 0.064994, 7.149389
50.750467, 0.064994, 7.149389
50.752107, 0.064994, 7.149389
50.753715, 0.064994, 7.149389
50.755351, 0.064994, 7.149389
50.756983, 0.064994, 7.149389
50.758601, 0.064994, 7.149389
50.760323, 0.064994, 7.149389
50.762376, 0.064994, 7.149389
50.764126, 0.064994, 7.149389
50.765782, 0.064994, 7.149389
50.767403, 0.064994, 7.149389
50.769109, 0.064994, 7.149389
50.770973, 0.064994, 7.149389
50.772642, 0.064994, 7.149389
50.774422, 0.064994, 7.149389
50.776030, 0.064994, 7.149389
50.777637, 0.064994, 7.149389
50.779753, 0.064994, 7.149389
50.781474, 0.064994, 7.149389
50.783196, 0.064994, 7.149389
50.784903, 0.064994, 7.149389
50.786513, 0.064994, 7.149389
50.788120, 0.064994, 7.149389
50.789707, 0.064994, 7.149389
50.791465, 0.064994, 7.149389
50.793236, 0.064994, 7.149389
50.795117, 0.064994, 7.149389
50.797811, 0.064994, 7.149389
50.799606, 0.064994, 7.149389
50.801444, 0.064994, 7.149389
50.803110, 0.064994, 7.149389
50.804935, 0.064994, 7.149389
50.806531, 0.064994, 7.149389
50.808110, 0.064994, 7.149389
50.809678, 0.064994, 7.149389
50.811491, 0.064994, 7.149389
50.813952, 0.064994, 7.149389
50.815583, 0.064994, 7.149389
50.817719, 0.064994, 7.149389
50.819508, 0.064994, 7.149389
50.821467, 0.064994, 7.149389
50.823510, 0.064994, 7.149389
50.825359, 0.064994, 7.149389
50.827092, 0.064994, 7.149389
50.829344, 0.064994, 7.149389
50.831396, 0.064994, 7.149389
50.833446, 0.064994, 7.149389
50.835241, 0.064994, 7.149389
50.837023, 0.064994, 7.149389
50.839113, 0.064994, 7.149389
50.840942, 0.064994, 7.149389
50.843016, 0.064994, 7.149389
50.845021, 0.064994, 7.149389
50.847449, 0.064994, 7.149389
50.849410, 0.064994, 7.149389
50.852123, 0.064994, 7.149389
50.854219, 0.064994, 7.149389
50.856050, 0.064994, 7.149389
50.858316, 0.064994, 7.149389
50.860405, 0.064994, 7.149389
50.863919, 0.064994, 7.149389
50.866137, 0.064994, 7.149389
50.868417, 0.064994, 7.149389
50.870354, 0.064994, 7.149389
50.872391, 0.064994, 7.149389
50.874585, 0.064994, 7.149389
50.876471, 0.064994, 7.149389
50.878722, 0.064994, 7.149389
50.880593, 0.064994, 7.149389
50.882694, 0.064994, 7.149389
50.885634, 0.064994, 7.149389
50.887490, 0.064994, 7.149389
50.889163, 0.064994, 7.149389
50.890878, 0.064994, 7.149389
50.893214, 0.064994, 7.149389
50.895445, 0.064994, 7.149389
50.897582, 0.064994, 7.149389
50.899384, 0.064994, 7.149389
50.901271, 0.064994, 7.149389
50.903057, 0.064994, 7.149389
50.904814, 0.064994, 7.149389
50.906562, 0.064994, 7.149389
50.908316, 0.064994, 7.149389
50.910111, 0.064994, 7.149389
50.912079, 0.064994, 7.149389
50.914711, 0.064994, 7.149389
50.916481, 0.064994, 7.149389
50.918396, 0.064994, 7.149389
50.920213, 0.064994, 7.149389
50.922023, 0.064994, 7.149389
50.924141, 0.064994, 7.149389
50.926141, 0.064994, 7.149389
50.928056, 0.064994, 7.149389
50.930211, 0.064994, 7.149389
50.932340, 0.064994, 7.149389
50.935134, 0.064994, 7.149389
50.936988, 0.064994, 7.149389
50.938767, 0.064994, 7.149389
50.940501, 0.064994, 7.149389
50.942284, 0.064994, 7.149389
50.943987, 0.064994, 7.149389
50.945965, 0.064994, 7.149389
50.947952, 0.064994, 7.149389
50.949715, 0.064994, 7.149389
50.951369, 0.064994, 7.149389
50.953589, 0.064994, 7.149389
50.956159, 0.064994, 7.149389
50.958024, 0.064994, 7.149389
50.959680, 0.064994, 7.149389
50.961376, 0.064994, 7.149389
50.963241, 0.064994, 7.149389
50.965019, 0.064994, 7.149389
50.966865, 0.064994, 7.149389
50.968534, 0.064994, 7.149389
50.970172, 0.064994, 7.149389
50.971810, 0.064994, 7.149389
50.974782, 0.064994, 7.149389
50.977961, 0.064994, 7.149389
50.980592, 0.064994, 7.149389
50.982470, 0.064994, 7.149389
50.984238, 0.064994, 7.149389
50.985850, 0.064994, 7.149389
50.987491, 0.064994, 7.149389
50.989398, 0.064994, 7.149389
50.991096, 0.064994, 7.149389
50.992798, 0.064994, 7.149389
50.994533, 0.064994, 7.149389
50.996438, 0.064994, 7.149389
50.998261, 0.064994, 7.149389
50.999938, 0.064994, 7.149389
51.001675, 0.064994, 7.149389
51.003557, 0.064994, 7.149389
51.006991, 0.064994, 7.149389
51.008705, 0.064994, 7.149389
51.010374, 0.064994, 7.149389
51.012207, 0.064994, 7.149389
51.014206, 0.064994, 7.149389
51.016025, 0.064994, 7.149389
51.017696, 0.064994, 7.149389
51.019449, 0.064994, 7.149389
51.021094, 0.064994, 7.149389
51.022762, 0.064994, 7.149389
51.024349, 0.064994, 7.149389
51.025953, 0.064994, 7.149389
51.027573, 0.064994, 7.149389
51.029222, 0.064994, 7.149389
51.030885, 0.064994, 7.149389
51.032639, 0.064994, 7.149389
51.035657, 0.064994, 7.149389
51.037889, 0.064994, 7.149389
51.039940, 0.064994, 7.149389
51.042024, 0.064994, 7.149389
51.044134, 0.064994, 7.149389
51.046505, 0.064994, 7.149389
51.048856, 0.064994, 7.149389
51.050788, 0.064994, 7.149389
51.052754, 0.064994, 7.149389
51.054719, 0.064994, 7.149389
51.056511, 0.064994, 7.149389
51.058170, 0.064994, 7.149389
51.059787, 0.064994, 7.149389
51.061417, 0.064994, 7.149389
51.063819, 0.064994, 7.149389
51.065892, 0.064994, 7.149389
51.067522, 0.064994, 7.149389
51.069182, 0.064994, 7.149389
51.070785, 0.064994, 7.149389
51.072412, 0.064994, 7.149389
51.074031, 0.064994, 7.149389
51.075678, 0.064994, 7.149389
51.077349, 0.064994, 7.149389
51.079330, 0.064994, 7.149389
51.081232, 0.064994, 7.149389
51.082921, 0.064994, 7.149389
51.084561, 0.064994, 7.149389
51.086177, 0.064994, 7.149389
51.088058, 0.064994, 7.149389
51.089829, 0.064994, 7.149389
51.091684, 0.064994, 7.149389
51.093348, 0.064994, 7.149389
51.095043, 0.064994, 7.149389
51.096680, 0.064994, 7.149389
51.098312, 0.064994, 7.149389
51.100091, 0.064994, 7.149389
51.103267, 0.064994, 7.149389
51.105317, 0.064994, 7.149389
51.106877, 0.064994, 7.149389
51.108402, 0.064994, 7.149389
51.110143, 0.067543, 7.429772
51.111961, 0.064994, 7.149389
51.113726, 0.064994, 7.149389
51.115689, 0.064994, 7.149389
51.117278, 0.064994, 7.149389
51.118831, 0.064994, 7.149389
51.120430, 0.064994, 7.149389
51.122010, 0.064994, 7.149389
51.123579, 0.064994, 7.149389
51.125147, 0.064994, 7.149389
51.126697, 0.064994, 7.149389
51.128265, 0.064994, 7.149389
51.129901, 0.064994, 7.149389
51.131513, 0.064994, 7.149389
51.133076, 0.064994, 7.149389
51.134625, 0.064994, 7.149389
51.136187, 0.064994, 7.149389
51.137751, 0.064994, 7.149389
51.139314, 0.064994, 7.149389
51.140867, 0.064994, 7.149389
51.142435, 0.064994, 7.149389
51.143995, 0.064994, 7.149389
51.145597, 0.064994, 7.149389
51.147325, 0.064994, 7.149389
51.149027, 0.064994, 7.149389
51.151010, 0.064994, 7.149389
51.152776, 0.064994, 7.149389
51.154443, 0.064994, 7.149389
51.156092, 0.064994, 7.149389
51.158516, 0.064994, 7.149389
51.160199, 0.064994, 7.149389
51.161782, 0.064994, 7.149389
51.163433, 0.064994, 7.149389
51.165068, 0.064994, 7.149389
51.166678, 0.064994, 7.149389
51.168271, 0.064994, 7.149389
51.169830, 0.067543, 7.429772
51.171498, 0.064994, 7.149389
51.173077, 0.064994, 7.149389
51.174650, 0.064994, 7.149389
51.176312, 0.064994, 7.149389
51.177973, 0.064994, 7.149389
51.179627, 0.064994, 7.149389
51.181315, 0.064994, 7.149389
51.182904, 0.064994, 7.149389
51.184475, 0.064994, 7.149389
51.186075, 0.064994, 7.149389
51.187647, 0.064994, 7.149389
51.189214, 0.064994, 7.149389
51.190832, 0.064994, 7.149389
51.192445, 0.064994, 7.149389
51.194098, 0.064994, 7.149389
51.195660, 0.064994, 7.149389
51.197252, 0.064994, 7.149389
51.198813, 0.064994, 7.149389
51.200388, 0.064994, 7.149389
51.201966, 0.064994, 7.149389
51.203553, 0.064994, 7.149389
51.205164, 0.064994, 7.149389
51.206837, 0.064994, 7.149389
51.208402, 0.064994, 7.149389
51.209966, 0.064994, 7.149389
51.211635, 0.064994, 7.149389
51.213324, 0.064994, 7.149389
51.214928, 0.064994, 7.149389
51.216501, 0.064994, 7.149389
51.218069, 0.064994, 7.149389
51.219669, 0.064994, 7.149389
51.221429, 0.064994, 7.149389
51.223049, 0.064994, 7.149389
51.224731, 0.064994, 7.149389
51.226288, 0.064994, 7.149389
51.227855, 0.064994, 7.149389
51.229439, 0.067543, 7.429772
51.231035, 0.064994, 7.149389
51.232710, 0.064994, 7.149389
51.234435, 0.064994, 7.149389
51.235991, 0.064994, 7.149389
51.237564, 0.064994, 7.149389
51.239132, 0.064994, 7.149389
51.240694, 0.064994, 7.149389
51.242287, 0.064994, 7.149389
51.243852, 0.064994, 7.149389
51.245421, 0.064994, 7.149389
51.247045, 0.064994, 7.149389
51.248664, 0.064994, 7.149389
51.250305, 0.064994, 7.149389
51.251929, 0.064994, 7.149389
51.253594, 0.064994, 7.149389
51.255229, 0.064994, 7.149389
51.256925, 0.064994, 7.149389
51.258492, 0.064994, 7.149389
51.260042, 0.064994, 7.149389
51.261610, 0.064994, 7.149389
51.263374, 0.064994, 7.149389
51.265044, 0.064994, 7.149389
51.266762, 0.064994, 7.149389
51.268324, 0.064994, 7.149389
51.269900, 0.064994, 7.149389
51.271461, 0.064994, 7.149389
51.273468, 0.064994, 7.149389
51.275109, 0.064994, 7.149389
51.276716, 0.064994, 7.149389
51.278356, 0.064994, 7.149389
51.280101, 0.064994, 7.149389
51.281775, 0.064994, 7.149389
51.283594, 0.064994, 7.149389
51.285232, 0.064994, 7.149389
51.286917, 0.064994, 7.149389
51.288572, 0.064994, 7.149389
51.290124, 0.064994, 7.149389
51.291689, 0.064994, 7.149389
51.293327, 0.064994, 7.149389
51.294953, 0.064994, 7.149389
51.296728, 0.064994, 7.149389
51.298423, 0.064994, 7.149389
51.300150, 0.064994, 7.149389
51.301718, 0.064994, 7.149389
51.303355, 0.064994, 7.149389
51.305116, 0.064994, 7.149389
51.306790, 0.064994, 7.149389
51.308484, 0.064994, 7.149389
51.310049, 0.064994, 7.149389
51.311615, 0.064994, 7.149389
51.313220, 0.064994, 7.149389
51.314921, 0.064994, 7.149389
51.316496, 0.064994, 7.149389
51.318236, 0.064994, 7.149389
51.319825, 0.064994, 7.149389
51.321864, 0.064994, 7.149389
51.323447, 0.064994, 7.149389
51.325090, 0.064994, 7.149389
51.326766, 0.064994, 7.149389
51.328468, 0.064994, 7.149389
51.330086, 0.064994, 7.149389
51.331777, 0.064994, 7.149389
51.333452, 0.064994, 7.149389
51.335185, 0.064994, 7.149389
51.336762, 0.064994, 7.149389
51.338314, 0.064994, 7.149389
51.339876, 0.064994, 7.149389
51.341440, 0.064994, 7.149389
51.342998, 0.064994, 7.149389
51.344633, 0.064994, 7.149389
51.346260, 0.064994, 7.149389
51.347862, 0.064994, 7.149389
51.349546, 0.064994, 7.149389
51.351245, 0.064994, 7.149389
51.352797, 0.064994, 7.149389
51.354385, 0.064994, 7.149389
51.356004, 0.064994, 7.149389
51.357659, 0.064994, 7.149389
51.359376, 0.064994, 7.149389
51.360937, 0.064994, 7.149389
51.362517, 0.064994, 7.149389
51.364190, 0.064994, 7.149389
51.366124, 0.064994, 7.149389
51.367875, 0.064994, 7.149389
51.369545, 0.067543, 7.429772
51.371310, 0.064994, 7.149389
51.372873, 0.064994, 7.149389
51.374421, 0.067543, 7.429772
51.376081, 0.064994, 7.149389
51.377743, 0.067543, 7.429772
51.379482, 0.064994, 7.149389
51.381075, 0.064994, 7.149389
51.382756, 0.064994, 7.149389
51.384428, 0.064994, 7.149389
51.386054, 0.064994, 7.149389
51.387640, 0.064994, 7.149389
51.389202, 0.064994, 7.149389
51.390752, 0.064994, 7.149389
51.392311, 0.064994, 7.149389
51.393870, 0.064994, 7.149389
51.395501, 0.064994, 7.149389
51.397195, 0.064994, 7.149389
51.398860, 0.064994, 7.149389
51.400616, 0.064994, 7.149389
51.402183, 0.064994, 7.149389
51.403752, 0.064994, 7.149389
51.405309, 0.064994, 7.149389
51.407116, 0.064994, 7.149389
51.408815, 0.064994, 7.149389
51.410595, 0.064994, 7.149389
51.412214, 0.064994, 7.149389
51.413851, 0.064994, 7.149389
51.415546, 0.064994, 7.149389
51.417434, 0.064994, 7.149389
51.419031, 0.064994, 7.149389
51.420704, 0.064994, 7.149389
51.422467, 0.067543, 7.429772
51.424039, 0.064994, 7.149389
51.425603, 0.064994, 7.149389
51.427391, 0.064994, 7.149389
51.429065, 0.064994, 7.149389
51.430823, 0.064994, 7.149389
51.432511, 0.064994, 7.149389
51.434277, 0.064994, 7.149389
51.435852, 0.064994, 7.149389
51.437618, 0.064994, 7.149389
51.439316, 0.064994, 7.149389
51.441036, 0.064994, 7.149389
51.442606, 0.064994, 7.149389
51.444178, 0.064994, 7.149389
51.445741, 0.064994, 7.149389
51.447512, 0.064994, 7.149389
51.449213, 0.064994, 7.149389
51.450967, 0.064994, 7.149389
51.452536, 0.064994, 7.149389
51.454102, 0.064994, 7.149389
51.455665, 0.064994, 7.149389
51.457328, 0.064994, 7.149389
51.458998, 0.064994, 7.149389
51.460593, 0.064994, 7.149389
51.462401, 0.064994, 7.149389
51.465347, 0.064994, 7.149389
51.467567, 0.064994, 7.149389
51.469915, 0.064994, 7.149389
51.471515, 0.064994, 7.149389
51.473090, 0.064994, 7.149389
51.474670, 0.064994, 7.149389
51.476238, 0.064994, 7.149389
51.477974, 0.064994, 7.149389
51.479762, 0.067543, 7.429772
51.481546, 0.064994, 7.149389
51.483281, 0.064994, 7.149389
51.484922, 0.064994, 7.149389
51.486497, 0.064994, 7.149389
51.488280, 0.064994, 7.149389
51.490412, 0.064994, 7.149389
51.492139, 0.064994, 7.149389
51.493744, 0.064994, 7.149389
51.495336, 0.064994, 7.149389
51.497074, 0.067543, 7.429772
51.499014, 0.064994, 7.149389
51.501467, 0.064994, 7.149389
51.503098, 0.064994, 7.149389
51.504727, 0.064994, 7.149389
51.506393, 0.064994, 7.149389
51.507976, 0.064994, 7.149389
51.509566, 0.064994, 7.149389
51.511147, 0.064994, 7.149389
51.512975, 0.064994, 7.149389
51.515635, 0.064994, 7.149389
51.517434, 0.064994, 7.149389
51.519298, 0.064994, 7.149389
51.520927, 0.064994, 7.149389
51.522523, 0.064994, 7.149389
51.524141, 0.067543, 7.429772
51.525732, 0.064994, 7.149389
51.527324, 0.064994, 7.149389
51.529376, 0.064994, 7.149389
51.532251, 0.064994, 7.149389
51.533987, 0.064994, 7.149389
51.535585, 0.064994, 7.149389
51.537173, 0.064994, 7.149389
51.538752, 0.064994, 7.149389
51.540332, 0.064994, 7.149389
51.541925, 0.064994, 7.149389
51.543587, 0.064994, 7.149389
51.545364, 0.064994, 7.149389
51.548204, 0.064994, 7.149389
51.549828, 0.064994, 7.149389
51.551522, 0.064994, 7.149389
51.553105, 0.064994, 7.149389
51.554689, 0.064994, 7.149389
51.556516, 0.064994, 7.149389
51.558120, 0.064994, 7.149389
51.559699, 0.064994, 7.149389
51.561272, 0.064994, 7.149389
51.563382, 0.064994, 7.149389
51.566645, 0.064994, 7.149389
51.568739, 0.064994, 7.149389
51.570335, 0.064994, 7.149389
51.571922, 0.064994, 7.149389
51.573513, 0.064994, 7.149389
51.575094, 0.064994, 7.149389
51.576889, 0.064994, 7.149389
51.578534, 0.064994, 7.149389
51.581530, 0.064994, 7.149389
51.583167, 0.064994, 7.149389
51.584882, 0.064994, 7.149389
51.586599, 0.064994, 7.149389
51.588259, 0.064994, 7.149389
51.589892, 0.064994, 7.149389
51.591490, 0.064994, 7.149389
51.593071, 0.064994, 7.149389
51.594642, 0.064994, 7.149389
51.596947, 0.064994, 7.149389
51.599465, 0.064994, 7.149389
51.601132, 0.064994, 7.149389
51.602731, 0.064994, 7.149389
51.604316, 0.064994, 7.149389
51.605905, 0.064994, 7.149389
51.607628, 0.064994, 7.149389
51.609270, 0.064994, 7.149389
51.611011, 0.064994, 7.149389
51.612613, 0.064994, 7.149389
51.615461, 0.064994, 7.149389
51.618616, 0.067543, 7.429772
51.620548, 0.064994, 7.149389
51.622215, 0.064994, 7.149389
51.623827, 0.064994, 7.149389
51.625444, 0.064994, 7.149389
51.627140, 0.064994, 7.149389
51.628809, 0.064994, 7.149389
51.631474, 0.067543, 7.429772
51.633269, 0.064994, 7.149389
51.634872, 0.064994, 7.149389
51.636477, 0.064994, 7.149389
51.638175, 0.064994, 7.149389
51.639882, 0.064994, 7.149389
51.641620, 0.064994, 7.149389
51.643223, 0.064994, 7.149389
51.644827, 0.064994, 7.149389
51.646538, 0.064994, 7.149389
51.648881, 0.064994, 7.149389
51.651176, 0.064994, 7.149389
51.653805, 0.064994, 7.149389
51.655725, 0.064994, 7.149389
51.657440, 0.064994, 7.149389
51.659108, 0.064994, 7.149389
51.660763, 0.064994, 7.149389
51.662728, 0.064994, 7.149389
51.664770, 0.064994, 7.149389
51.666597, 0.064994, 7.149389
51.669266, 0.064994, 7.149389
51.671523, 0.064994, 7.149389
51.673290, 0.064994, 7.149389
51.675529, 0.064994, 7.149389
51.677262, 0.064994, 7.149389
51.679097, 0.064994, 7.149389
51.680884, 0.064994, 7.149389
51.682539, 0.064994, 7.149389
51.684299, 0.064994, 7.149389
51.685907, 0.064994, 7.149389
51.687489, 0.064994, 7.149389
51.689160, 0.064994, 7.149389
51.690837, 0.064994, 7.149389
51.692473, 0.067543, 7.429772
51.694192, 0.064994, 7.149389
51.695814, 0.064994, 7.149389
51.697491, 0.064994, 7.149389
51.699142, 0.064994, 7.149389
51.701005, 0.064994, 7.149389
51.702706, 0.064994, 7.149389
51.704328, 0.067543, 7.429772
51.705928, 0.064994, 7.149389
51.707497, 0.064994, 7.149389
51.709084, 0.064994, 7.149389
51.711845, 0.064994, 7.149389
51.713505, 0.064994, 7.149389
51.715136, 0.064994, 7.149389
51.716809, 0.064994, 7.149389
51.718418, 0.064994, 7.149389
51.720146, 0.064994, 7.149389
51.721950, 0.064994, 7.149389
51.723621, 0.064994, 7.149389
51.725316, 0.064994, 7.149389
51.726903, 0.064994, 7.149389
51.728491, 0.064994, 7.149389
51.730270, 0.064994, 7.149389
51.731996, 0.064994, 7.149389
51.733687, 0.064994, 7.149389
51.735414, 0.064994, 7.149389
51.737001, 0.064994, 7.149389
51.738597, 0.067543, 7.429772
51.740187, 0.064994, 7.149389
51.741831, 0.064994, 7.149389
51.743421, 0.064994, 7.149389
51.744989, 0.064994, 7.149389
51.746612, 0.064994, 7.149389
51.748234, 0.064994, 7.149389
51.749923, 0.064994, 7.149389
51.751690, 0.064994, 7.149389
51.753357, 0.064994, 7.149389
51.755039, 0.064994, 7.149389
51.756636, 0.064994, 7.149389
51.758248, 0.067543, 7.429772
51.759839, 0.067543, 7.429772
51.761579, 0.064994, 7.149389
51.763435, 0.064994, 7.149389
51.765137, 0.067543, 7.429772
51.766928, 0.064994, 7.149389
51.768547, 0.067543, 7.429772
51.770139, 0.067543, 7.429772
51.771797, 0.064994, 7.149389
51.773511, 0.064994, 7.149389
51.775125, 0.064994, 7.149389
51.776779, 0.064994, 7.149389
51.778410, 0.064994, 7.149389
51.780069, 0.064994, 7.149389
51.781716, 0.064994, 7.149389
51.783813, 0.064994, 7.149389
51.786584, 0.064994, 7.149389
51.788924, 0.064994, 7.149389
51.790723, 0.064994, 7.149389
51.792701, 0.064994, 7.149389
51.794564, 0.067543, 7.429772
51.796242, 0.067543, 7.429772
51.797904, 0.064994, 7.149389
51.799546, 0.064994, 7.149389
51.801274, 0.064994, 7.149389
51.802945, 0.064994, 7.149389
51.804557, 0.064994, 7.149389
51.806162, 0.064994, 7.149389
51.807750, 0.067543, 7.429772
51.809323, 0.064994, 7.149389
51.810910, 0.064994, 7.149389
51.812562, 0.064994, 7.149389
51.814430, 0.067543, 7.429772
51.816159, 0.064994, 7.149389
51.817948, 0.067543, 7.429772
51.819559, 0.067543, 7.429772
51.821137, 0.067543, 7.429772
51.822801, 0.064994, 7.149389
51.824456, 0.064994, 7.149389
51.826113, 0.064994, 7.149389
51.827876, 0.064994, 7.149389
51.829495, 0.064994, 7.149389
51.831119, 0.064994, 7.149389
51.832899, 0.064994, 7.149389
51.834595, 0.064994, 7.149389
51.836285, 0.064994, 7.149389
51.837984, 0.064994, 7.149389
51.839580, 0.067543, 7.429772
51.841152, 0.064994, 7.149389
51.842740, 0.064994, 7.149389
51.844538, 0.064994, 7.149389
51.846766, 0.067543, 7.429772
51.848589, 0.064994, 7.149389
51.850381, 0.064994, 7.149389
51.851988, 0.064994, 7.149389
51.853654, 0.064994, 7.149389
51.855350, 0.064994, 7.149389
51.857067, 0.064994, 7.149389
51.858746, 0.064994, 7.149389
51.860350, 0.064994, 7.149389
51.861946, 0.064994, 7.149389
51.863597, 0.064994, 7.149389
51.865300, 0.064994, 7.149389
51.866997, 0.064994, 7.149389
51.868745, 0.064994, 7.149389
51.870345, 0.064994, 7.149389
51.871940, 0.064994, 7.149389
51.873526, 0.064994, 7.149389
51.875489, 0.064994, 7.149389
51.877172, 0.067543, 7.429772
51.878863, 0.064994, 7.149389
51.880508, 0.067543, 7.429772
51.882233, 0.064994, 7.149389
51.883968, 0.064994, 7.149389
51.886148, 0.064994, 7.149389
51.887817, 0.064994, 7.149389
51.889539, 0.064994, 7.149389
51.891144, 0.064994, 7.149389
51.892736, 0.064994, 7.149389
51.894340, 0.064994, 7.149389
51.896141, 0.064994, 7.149389
51.897811, 0.064994, 7.149389
51.899473, 0.064994, 7.149389
51.901181, 0.064994, 7.149389
51.902783, 0.064994, 7.149389
51.904377, 0.064994, 7.149389
51.906152, 0.067543, 7.429772
51.907846, 0.067543, 7.429772
51.909582, 0.067543, 7.429772
51.911161, 0.064994, 7.149389
51.912801, 0.064994, 7.149389
51.914476, 0.067543, 7.429772
51.916359, 0.064994, 7.149389
51.918247, 0.067543, 7.429772
51.919984, 0.064994, 7.149389
51.921779, 0.064994, 7.149389
51.923392, 0.064994, 7.149389
51.924972, 0.064994, 7.149389
51.926702, 0.064994, 7.149389
51.928430, 0.064994, 7.149389
51.930183, 0.064994, 7.149389
51.931923, 0.067543, 7.429772
51.933654, 0.064994, 7.149389
51.935237, 0.064994, 7.149389
51.937103, 0.064994, 7.149389
51.938876, 0.067543, 7.429772
51.940558, 0.064994, 7.149389
51.942158, 0.064994, 7.149389
51.943745, 0.064994, 7.149389
51.945310, 0.064994, 7.149389
51.948819, 0.067543, 7.429772
51.951316, 0.064994, 7.149389
51.953255, 0.067543, 7.429772
51.955465, 0.067543, 7.429772
51.957722, 0.064994, 7.149389
51.959452, 0.064994, 7.149389
51.961267, 0.067543, 7.429772
51.963644, 0.064994, 7.149389
51.966300, 0.064994, 7.149389
51.969342, 0.067543, 7.429772
51.970909, 0.064994, 7.149389
51.972480, 0.067543, 7.429772
51.974022, 0.064994, 7.149389
51.975582, 0.067543, 7.429772
51.977287, 0.067543, 7.429772
51.978918, 0.064994, 7.149389
51.981904, 0.064994, 7.149389
51.983540, 0.067543, 7.429772
51.985218, 0.064994, 7.149389
51.987028, 0.064994, 7.149389
51.989631, 0.064994, 7.149389
51.991243, 0.067543, 7.429772
51.992824, 0.064994, 7.149389
51.994406, 0.064994, 7.149389
51.995980, 0.064994, 7.149389
51.999627, 0.064994, 7.149389
52.001329, 0.067543, 7.429772
52.002992, 0.064994, 7.149389
52.004569, 0.067543, 7.429772
52.006160, 0.067543, 7.429772
52.009203, 0.067543, 7.429772
52.010852, 0.064994, 7.149389
52.012436, 0.067543, 7.429772
52.015267, 0.064994, 7.149389
52.016969, 0.064994, 7.149389
52.018693, 0.064994, 7.149389
52.020331, 0.064994, 7.149389
52.022054, 0.064994, 7.149389
52.023640, 0.064994, 7.149389
52.025237, 0.064994, 7.149389
52.026842, 0.067543, 7.429772
52.030273, 0.067543, 7.429772
52.032359, 0.067543, 7.429772
52.034190, 0.067543, 7.429772
52.036013, 0.064994, 7.149389
52.037711, 0.064994, 7.149389
52.039325, 0.064994, 7.149389
52.040926, 0.067543, 7.429772
52.042529, 0.067543, 7.429772
52.044288, 0.064994, 7.149389
52.046337, 0.064994, 7.149389
52.049874, 0.064994, 7.149389
52.051554, 0.067543, 7.429772
52.053333, 0.064994, 7.149389
52.054947, 0.064994, 7.149389
52.056525, 0.067543, 7.429772
52.058272, 0.064994, 7.149389
52.061653, 0.064994, 7.149389
52.065008, 0.064994, 7.149389
52.067197, 0.064994, 7.149389
52.069302, 0.067543, 7.429772
52.071317, 0.067543, 7.429772
52.073186, 0.067543, 7.429772
52.075197, 0.064994, 7.149389
52.077062, 0.064994, 7.149389
52.078792, 0.064994, 7.149389
52.080577, 0.064994, 7.149389
52.082269, 0.064994, 7.149389
52.083948, 0.064994, 7.149389
52.085603, 0.064994, 7.149389
52.087270, 0.064994, 7.149389
52.088937, 0.067543, 7.429772
52.090799, 0.064994, 7.149389
52.092460, 0.067543, 7.429772
52.094116, 0.067543, 7.429772
52.095765, 0.064994, 7.149389
52.097426, 0.067543, 7.429772
52.099072, 0.067543, 7.429772
52.100775, 0.067543, 7.429772
52.102427, 0.064994, 7.149389
52.104075, 0.064994, 7.149389
52.105704, 0.064994, 7.149389
52.107334, 0.064994, 7.149389
52.108967, 0.064994, 7.149389
52.112130, 0.064994, 7.149389
52.114706, 0.067543, 7.429772
52.116535, 0.067543, 7.429772
52.118282, 0.064994, 7.149389
52.119893, 0.067543, 7.429772
52.121555, 0.064994, 7.149389
52.123209, 0.067543, 7.429772
52.124926, 0.067543, 7.429772
52.126502, 0.067543, 7.429772
52.128084, 0.067543, 7.429772
52.129695, 0.064994, 7.149389
52.132535, 0.067543, 7.429772
52.134236, 0.064994, 7.149389
52.135848, 0.067543, 7.429772
52.137414, 0.067543, 7.429772
52.138998, 0.064994, 7.149389
52.140764, 0.064994, 7.149389
52.142468, 0.067543, 7.429772
52.144219, 0.064994, 7.149389
52.145836, 0.064994, 7.149389
52.147591, 0.064994, 7.149389
52.149416, 0.067543, 7.429772
52.151277, 0.067543, 7.429772
52.153000, 0.064994, 7.149389
52.154743, 0.064994, 7.149389
52.156347, 0.067543, 7.429772
52.157912, 0.064994, 7.149389
52.159501, 0.067543, 7.429772
52.161219, 0.067543, 7.429772
52.162906, 0.067543, 7.429772
52.164588, 0.067543, 7.429772
52.166291, 0.067543, 7.429772
52.168040, 0.067543, 7.429772
52.169630, 0.067543, 7.429772
52.172153, 0.067543, 7.429772
52.175338, 0.067543, 7.429772
52.177077, 0.067543, 7.429772
52.178956, 0.064994, 7.149389
52.180665, 0.067543, 7.429772
52.182732, 0.067543, 7.429772
52.184493, 0.067543, 7.429772
52.186221, 0.067543, 7.429772
52.187802, 0.067543, 7.429772
52.189396, 0.067543, 7.429772
52.191044, 0.064994, 7.149389
52.192657, 0.064994, 7.149389
52.194240, 0.064994, 7.149389
52.195816, 0.067543, 7.429772
52.197501, 0.067543, 7.429772
52.199217, 0.067543, 7.429772
52.201025, 0.067543, 7.429772
52.202713, 0.067543, 7.429772
52.204540, 0.064994, 7.149389
52.206111, 0.067543, 7.429772
52.207699, 0.067543, 7.429772
52.209283, 0.067543, 7.429772
52.210872, 0.067543, 7.429772
52.213173, 0.067543, 7.429772
52.214863, 0.064994, 7.149389
52.216714, 0.067543, 7.429772
52.218368, 0.064994, 7.149389
52.219939, 0.067543, 7.429772
52.221572, 0.067543, 7.429772
52.223162, 0.067543, 7.429772
52.224746, 0.064994, 7.149389
52.226326, 0.064994, 7.149389
52.227892, 0.064994, 7.149389
52.229525, 0.067543, 7.429772
52.231159, 0.067543, 7.429772
52.232896, 0.067543, 7.429772
52.234742, 0.064994, 7.149389
52.236370, 0.067543, 7.429772
52.237944, 0.067543, 7.429772
52.239526, 0.067543, 7.429772
52.241108, 0.064994, 7.149389
52.242897, 0.067543, 7.429772
52.244887, 0.064994, 7.149389
52.246614, 0.067543, 7.429772
52.248279, 0.067543, 7.429772
52.249917, 0.067543, 7.429772
52.251756, 0.067543, 7.429772
52.253383, 0.067543, 7.429772
52.254981, 0.067543, 7.429772
52.256579, 0.067543, 7.429772
52.258263, 0.067543, 7.429772
52.259940, 0.067543, 7.429772
52.261789, 0.067543, 7.429772
52.263698, 0.067543, 7.429772
52.265429, 0.064994, 7.149389
52.267297, 0.064994, 7.149389
52.268948, 0.067543, 7.429772
52.270548, 0.067543, 7.429772
52.272129, 0.064994, 7.149389
52.274773, 0.067543, 7.429772
52.276381, 0.067543, 7.429772
52.277975, 0.064994, 7.149389
52.279849, 0.064994, 7.149389
52.281476, 0.067543, 7.429772
52.283325, 0.067543, 7.429772
52.284923, 0.067543, 7.429772
52.286514, 0.067543, 7.429772
52.288076, 0.064994, 7.149389
52.290051, 0.067543, 7.429772
52.294700, 0.067543, 7.429772
52.297304, 0.067543, 7.429772
52.299050, 0.064994, 7.149389
52.300772, 0.067543, 7.429772
52.302358, 0.067543, 7.429772
52.303992, 0.067543, 7.429772
52.305650, 0.067543, 7.429772
52.307217, 0.067543, 7.429772
52.308768, 0.067543, 7.429772
52.310423, 0.064994, 7.149389
52.312029, 0.067543, 7.429772
52.313789, 0.067543, 7.429772
52.315461, 0.067543, 7.429772
52.317086, 0.067543, 7.429772
52.318636, 0.067543, 7.429772
52.320501, 0.067543, 7.429772
52.323073, 0.067543, 7.429772
52.324686, 0.067543, 7.429772
52.326266, 0.067543, 7.429772
52.327846, 0.067543, 7.429772
52.329437, 0.067543, 7.429772
52.331245, 0.067543, 7.429772
52.332866, 0.067543, 7.429772
52.334568, 0.067543, 7.429772
52.336152, 0.067543, 7.429772
52.337723, 0.067543, 7.429772
52.339281, 0.067543, 7.429772
52.340890, 0.064994, 7.149389
52.342543, 0.067543, 7.429772
52.344189, 0.067543, 7.429772
52.345916, 0.067543, 7.429772
52.347540, 0.064994, 7.149389
52.349203, 0.064994, 7.149389
52.350933, 0.064994, 7.149389
52.352550, 0.067543, 7.429772
52.354178, 0.067543, 7.429772
52.355847, 0.064994, 7.149389
52.357398, 0.067543, 7.429772
52.358974, 0.067543, 7.429772
52.360549, 0.067543, 7.429772
52.363849, 0.067543, 7.429772
52.365741, 0.067543, 7.429772
52.367423, 0.067543, 7.429772
52.368999, 0.067543, 7.429772
52.370587, 0.067543, 7.429772
52.373628, 0.067543, 7.429772
52.375241, 0.067543, 7.429772
52.376822, 0.064994, 7.149389
52.378384, 0.067543, 7.429772
52.381420, 0.064994, 7.149389
52.383869, 0.067543, 7.429772
52.385529, 0.067543, 7.429772
52.387115, 0.067543, 7.429772
52.388690, 0.067543, 7.429772
52.390736, 0.067543, 7.429772
52.392879, 0.067543, 7.429772
52.394529, 0.067543, 7.429772
52.396595, 0.067543, 7.429772
52.399055, 0.067543, 7.429772
52.400784, 0.067543, 7.429772
52.402556, 0.067543, 7.429772
52.404239, 0.067543, 7.429772
52.405973, 0.067543, 7.429772
52.407775, 0.067543, 7.429772
52.409376, 0.067543, 7.429772
52.410942, 0.067543, 7.429772
52.412773, 0.067543, 7.429772
52.415638, 0.067543, 7.429772
52.417444, 0.067543, 7.429772
52.419061, 0.067543, 7.429772
52.420642, 0.067543, 7.429772
52.423222, 0.067543, 7.429772
52.425356, 0.064994, 7.149389
52.427104, 0.067543, 7.429772
52.428707, 0.067543, 7.429772
52.432164, 0.067543, 7.429772
52.434510, 0.067543, 7.429772
52.436188, 0.067543, 7.429772
52.437788, 0.067543, 7.429772
52.439385, 0.067543, 7.429772
52.440966, 0.064994, 7.149389
52.443765, 0.067543, 7.429772
52.445441, 0.067543, 7.429772
52.448358, 0.067543, 7.429772
52.449980, 0.067543, 7.429772
52.451779, 0.067543, 7.429772
52.453423, 0.064994, 7.149389
52.455046, 0.067543, 7.429772
52.456735, 0.067543, 7.429772
52.458334, 0.067543, 7.429772
52.459924, 0.067543, 7.429772
52.461593, 0.067543, 7.429772
52.463638, 0.067543, 7.429772
52.465405, 0.067543, 7.429772
52.467170, 0.067543, 7.429772
52.468811, 0.067543, 7.429772
52.470416, 0.067543, 7.429772
52.472205, 0.067543, 7.429772
52.473952, 0.067543, 7.429772
52.475583, 0.067543, 7.429772
52.477347, 0.067543, 7.429772
52.478996, 0.067543, 7.429772
52.480772, 0.067543, 7.429772
52.482590, 0.067543, 7.429772
52.484339, 0.067543, 7.429772
52.485944, 0.067543, 7.429772
52.487548, 0.067543, 7.429772
52.489129, 0.067543, 7.429772
52.490723, 0.067543, 7.429772
52.492318, 0.067543, 7.429772
52.495052, 0.067543, 7.429772
52.497306, 0.067543, 7.429772
52.499021, 0.067543, 7.429772
52.500769, 0.067543, 7.429772
52.502358, 0.067543, 7.429772
52.504111, 0.067543, 7.429772
52.505743, 0.067543, 7.429772
52.507461, 0.067543, 7.429772
52.509053, 0.067543, 7.429772
52.510646, 0.067543, 7.429772
52.512228, 0.067543, 7.429772
52.515341, 0.067543, 7.429772
52.517097, 0.067543, 7.429772
52.518880, 0.067543, 7.429772
52.520482, 0.067543, 7.429772
52.522089, 0.067543, 7.429772
52.524387, 0.067543, 7.429772
52.526740, 0.067543, 7.429772
52.528457, 0.067543, 7.429772
52.531095, 0.067543, 7.429772
52.532881, 0.067543, 7.429772
52.535853, 0.067543, 7.429772
52.537442, 0.067543, 7.429772
52.539024, 0.067543, 7.429772
52.540615, 0.067543, 7.429772
52.542213, 0.067543, 7.429772
52.543806, 0.067543, 7.429772
52.545553, 0.067543, 7.429772
52.547253, 0.067543, 7.429772
52.548887, 0.067543, 7.429772
52.550557, 0.067543, 7.429772
52.552291, 0.067543, 7.429772
52.553899, 0.067543, 7.429772
52.556967, 0.067543, 7.429772
52.559125, 0.067543, 7.429772
52.560806, 0.067543, 7.429772
52.562544, 0.067543, 7.429772
52.564639, 0.067543, 7.429772
52.566396, 0.067543, 7.429772
52.568095, 0.067543, 7.429772
52.570104, 0.067543, 7.429772
52.572582, 0.067543, 7.429772
52.574245, 0.067543, 7.429772
52.575990, 0.067543, 7.429772
52.578090, 0.067543, 7.429772
52.580307, 0.067543, 7.429772
52.582296, 0.067543, 7.429772
52.583979, 0.067543, 7.429772
52.585664, 0.067543, 7.429772
52.587251, 0.067543, 7.429772
52.588847, 0.067543, 7.429772
52.590443, 0.067543, 7.429772
52.592111, 0.067543, 7.429772
52.593721, 0.067543, 7.429772
52.596520, 0.067543, 7.429772
52.599704, 0.067543, 7.429772
52.601760, 0.067543, 7.429772
52.603533, 0.067543, 7.429772
52.605292, 0.067543, 7.429772
52.608221, 0.067543, 7.429772
52.610066, 0.067543, 7.429772
52.611877, 0.067543, 7.429772
52.613607, 0.067543, 7.429772
52.615264, 0.067543, 7.429772
52.617082, 0.067543, 7.429772
52.618761, 0.067543, 7.429772
52.620522, 0.067543, 7.429772
52.622145, 0.067543, 7.429772
52.623731, 0.067543, 7.429772
52.625331, 0.067543, 7.429772
52.627246, 0.067543, 7.429772
52.629138, 0.067543, 7.429772
52.631002, 0.067543, 7.429772
52.632964, 0.064994, 7.149389
52.634739, 0.067543, 7.429772
52.636564, 0.067543, 7.429772
52.639304, 0.067543, 7.429772
52.641171, 0.067543, 7.429772
52.642971, 0.067543, 7.429772
52.644723, 0.067543, 7.429772
52.647407, 0.067543, 7.429772
52.649670, 0.067543, 7.429772
52.651336, 0.067543, 7.429772
52.652989, 0.067543, 7.429772
52.654628, 0.067543, 7.429772
52.656244, 0.070092, 7.710155
52.658007, 0.067543, 7.429772
52.659665, 0.067543, 7.429772
52.661319, 0.067543, 7.429772
52.662983, 0.067543, 7.429772
52.664641, 0.067543, 7.429772
52.666268, 0.067543, 7.429772
52.667997, 0.067543, 7.429772
52.669649, 0.067543, 7.429772
52.672412, 0.067543, 7.429772
52.674123, 0.064994, 7.149389
52.675736, 0.067543, 7.429772
52.677440, 0.067543, 7.429772
52.679117, 0.067543, 7.429772
52.680801, 0.070092, 7.710155
52.682454, 0.067543, 7.429772
52.684187, 0.067543, 7.429772
52.685872, 0.070092, 7.710155
52.687677, 0.067543, 7.429772
52.689341, 0.067543, 7.429772
52.691022, 0.067543, 7.429772
52.692762, 0.067543, 7.429772
52.694356, 0.067543, 7.429772
52.695982, 0.067543, 7.429772
52.697713, 0.067543, 7.429772
52.699381, 0.067543, 7.429772
52.701112, 0.064994, 7.149389
52.702832, 0.067543, 7.429772
52.704418, 0.070092, 7.710155
52.706050, 0.067543, 7.429772
52.707743, 0.067543, 7.429772
52.709722, 0.067543, 7.429772
52.711383, 0.067543, 7.429772
52.713144, 0.067543, 7.429772
52.714878, 0.067543, 7.429772
52.716636, 0.067543, 7.429772
52.718542, 0.067543, 7.429772
52.720207, 0.067543, 7.429772
52.721970, 0.067543, 7.429772
52.723638, 0.067543, 7.429772
52.725237, 0.067543, 7.429772
52.726828, 0.067543, 7.429772
52.728487, 0.067543, 7.429772
52.730243, 0.070092, 7.710155
52.731961, 0.067543, 7.429772
52.733732, 0.067543, 7.429772
52.735354, 0.067543, 7.429772
52.736956, 0.067543, 7.429772
52.738627, 0.067543, 7.429772
52.740236, 0.067543, 7.429772
52.741829, 0.067543, 7.429772
52.743424, 0.067543, 7.429772
52.745008, 0.067543, 7.429772
52.746666, 0.067543, 7.429772
52.748383, 0.067543, 7.429772
52.750290, 0.067543, 7.429772
52.751992, 0.067543, 7.429772
52.753763, 0.067543, 7.429772
52.755373, 0.067543, 7.429772
52.757444, 0.067543, 7.429772
52.759165, 0.067543, 7.429772
52.760778, 0.067543, 7.429772
52.762483, 0.067543, 7.429772
52.764300, 0.070092, 7.710155
52.766014, 0.067543, 7.429772
52.767820, 0.067543, 7.429772
52.769481, 0.067543, 7.429772
52.771075, 0.067543, 7.429772
52.772657, 0.070092, 7.710155
52.774236, 0.067543, 7.429772
52.775816, 0.067543, 7.429772
52.777400, 0.067543, 7.429772
52.779061, 0.067543, 7.429772
52.780872, 0.067543, 7.429772
52.782635, 0.067543, 7.429772
52.784372, 0.067543, 7.429772
52.785968, 0.067543, 7.429772
52.787557, 0.067543, 7.429772
52.789174, 0.067543, 7.429772
52.790816, 0.070092, 7.710155
52.792407, 0.067543, 7.429772
52.794037, 0.067543, 7.429772
52.795688, 0.067543, 7.429772
52.797395, 0.067543, 7.429772
52.799023, 0.067543, 7.429772
52.802228, 0.067543, 7.429772
52.803858, 0.067543, 7.429772
52.805478, 0.067543, 7.429772
52.807111, 0.067543, 7.429772
52.808751, 0.067543, 7.429772
52.810657, 0.067543, 7.429772
52.812302, 0.067543, 7.429772
52.815282, 0.067543, 7.429772
52.816948, 0.067543, 7.429772
52.818650, 0.067543, 7.429772
52.820608, 0.070092, 7.710155
52.822565, 0.067543, 7.429772
52.824160, 0.070092, 7.710155
52.825741, 0.067543, 7.429772
52.827293, 0.067543, 7.429772
52.828857, 0.067543, 7.429772
52.830528, 0.067543, 7.429772
52.832164, 0.067543, 7.429772
52.833805, 0.067543, 7.429772
52.835447, 0.067543, 7.429772
52.837017, 0.067543, 7.429772
52.838590, 0.067543, 7.429772
52.840153, 0.067543, 7.429772
52.842072, 0.067543, 7.429772
52.843787, 0.067543, 7.429772
52.845531, 0.067543, 7.429772
52.847156, 0.067543, 7.429772
52.848742, 0.067543, 7.429772
52.850461, 0.064994, 7.149389
52.852386, 0.070092, 7.710155
52.854179, 0.067543, 7.429772
52.855839, 0.067543, 7.429772
52.857417, 0.070092, 7.710155
52.859022, 0.070092, 7.710155
52.860778, 0.067543, 7.429772
52.863432, 0.067543, 7.429772
52.865100, 0.070092, 7.710155
52.866812, 0.067543, 7.429772
52.868437, 0.067543, 7.429772
52.870052, 0.067543, 7.429772
52.871654, 0.067543, 7.429772
52.873225, 0.067543, 7.429772
52.874790, 0.067543, 7.429772
52.876336, 0.070092, 7.710155
52.877974, 0.070092, 7.710155
52.879793, 0.067543, 7.429772
52.881443, 0.067543, 7.429772
52.883463, 0.067543, 7.429772
52.885260, 0.070092, 7.710155
52.887028, 0.067543, 7.429772
52.888650, 0.067543, 7.429772
52.890223, 0.067543, 7.429772
52.891798, 0.067543, 7.429772
52.893448, 0.067543, 7.429772
52.895015, 0.070092, 7.710155
52.896834, 0.067543, 7.429772
52.898498, 0.070092, 7.710155
52.900353, 0.067543, 7.429772
52.902996, 0.067543, 7.429772
52.905889, 0.067543, 7.429772
52.908348, 0.067543, 7.429772
52.910168, 0.067543, 7.429772
52.911919, 0.067543, 7.429772
52.913710, 0.067543, 7.429772
52.916317, 0.067543, 7.429772
52.918442, 0.067543, 7.429772
52.920460, 0.067543, 7.429772
52.922196, 0.067543, 7.429772
52.924018, 0.070092, 7.710155
52.925944, 0.067543, 7.429772
52.927916, 0.067543, 7.429772
52.930517, 0.067543, 7.429772
52.932956, 0.067543, 7.429772
52.934792, 0.067543, 7.429772
52.937053, 0.067543, 7.429772
52.939165, 0.067543, 7.429772
52.940931, 0.067543, 7.429772
52.942756, 0.067543, 7.429772
52.944374, 0.067543, 7.429772
52.946013, 0.067543, 7.429772
52.947800, 0.067543, 7.429772
52.949499, 0.067543, 7.429772
52.951149, 0.070092, 7.710155
52.952788, 0.070092, 7.710155
52.954561, 0.067543, 7.429772
52.956400, 0.067543, 7.429772
52.958069, 0.070092, 7.710155
52.959758, 0.070092, 7.710155
52.961590, 0.067543, 7.429772
52.963301, 0.067543, 7.429772
52.964932, 0.067543, 7.429772
52.966688, 0.067543, 7.429772
52.968731, 0.067543, 7.429772
52.970413, 0.067543, 7.429772
52.972274, 0.067543, 7.429772
52.973849, 0.067543, 7.429772
52.975431, 0.067543, 7.429772
52.977015, 0.067543, 7.429772
52.978752, 0.067543, 7.429772
52.980470, 0.067543, 7.429772
52.982064, 0.067543, 7.429772
52.984190, 0.067543, 7.429772
52.987015, 0.067543, 7.429772
52.989967, 0.067543, 7.429772
52.993656, 0.067543, 7.429772
52.995760, 0.067543, 7.429772
52.997720, 0.067543, 7.429772
52.999908, 0.067543, 7.429772
53.001827, 0.067543, 7.429772
53.003783, 0.070092, 7.710155
53.005434, 0.067543, 7.429772
53.007046, 0.070092, 7.710155
53.008637, 0.070092, 7.710155
53.010448, 0.070092, 7.710155
53.012403, 0.067543, 7.429772
53.014635, 0.067543, 7.429772
53.016523, 0.070092, 7.710155
53.018241, 0.070092, 7.710155
53.020014, 0.067543, 7.429772
53.023126, 0.070092, 7.710155
53.025173, 0.067543, 7.429772
53.027020, 0.067543, 7.429772
53.028740, 0.067543, 7.429772
53.030846, 0.067543, 7.429772
53.032648, 0.067543, 7.429772
53.034396, 0.070092, 7.710155
53.036001, 0.070092, 7.710155
53.037596, 0.067543, 7.429772
53.039197, 0.067543, 7.429772
53.040964, 0.067543, 7.429772
53.042776, 0.067543, 7.429772
53.044409, 0.067543, 7.429772
53.046079, 0.067543, 7.429772
53.047716, 0.067543, 7.429772
53.049344, 0.067543, 7.429772
53.051162, 0.067543, 7.429772
53.052829, 0.067543, 7.429772
53.054491, 0.067543, 7.429772
53.056093, 0.067543, 7.429772
53.057705, 0.067543, 7.429772
53.059309, 0.067543, 7.429772
53.061306, 0.067543, 7.429772
53.063084, 0.067543, 7.429772
53.064807, 0.067543, 7.429772
53.066474, 0.067543, 7.429772
53.068169, 0.067543, 7.429772
53.069773, 0.067543, 7.429772
53.072665, 0.067543, 7.429772
53.074319, 0.070092, 7.710155
53.075966, 0.067543, 7.429772
53.077547, 0.070092, 7.710155
53.079149, 0.070092, 7.710155
53.081072, 0.067543, 7.429772
53.083547, 0.067543, 7.429772
53.085715, 0.067543, 7.429772
53.088187, 0.067543, 7.429772
53.091070, 0.067543, 7.429772
53.093754, 0.067543, 7.429772
53.097010, 0.067543, 7.429772
53.099103, 0.067543, 7.429772
53.100950, 0.070092, 7.710155
53.102833, 0.067543, 7.429772
53.104677, 0.067543, 7.429772
53.107405, 0.070092, 7.710155
53.109240, 0.067543, 7.429772
53.111038, 0.067543, 7.429772
53.112810, 0.067543, 7.429772
53.115844, 0.067543, 7.429772
53.117604, 0.067543, 7.429772
53.119360, 0.067543, 7.429772
53.120983, 0.067543, 7.429772
53.122598, 0.067543, 7.429772
53.124181, 0.067543, 7.429772
53.125806, 0.067543, 7.429772
53.127893, 0.067543, 7.429772
53.130151, 0.067543, 7.429772
53.131862, 0.067543, 7.429772
53.133578, 0.067543, 7.429772
53.135317, 0.070092, 7.710155
53.136927, 0.067543, 7.429772
53.138523, 0.067543, 7.429772
53.140284, 0.067543, 7.429772
53.141936, 0.067543, 7.429772
53.143686, 0.067543, 7.429772
53.145395, 0.067543, 7.429772
53.147081, 0.067543, 7.429772
53.148804, 0.067543, 7.429772
53.150684, 0.067543, 7.429772
53.152387, 0.067543, 7.429772
53.154165, 0.067543, 7.429772
53.155751, 0.067543, 7.429772
53.157343, 0.070092, 7.710155
53.158939, 0.067543, 7.429772
53.160698, 0.070092, 7.710155
53.162488, 0.067543, 7.429772
53.164222, 0.067543, 7.429772
53.165993, 0.067543, 7.429772
53.167737, 0.067543, 7.429772
53.169337, 0.070092, 7.710155
53.171035, 0.067543, 7.429772
53.172743, 0.070092, 7.710155
53.174456, 0.070092, 7.710155
53.176030, 0.067543, 7.429772
53.177628, 0.067543, 7.429772
53.179253, 0.067543, 7.429772
53.181140, 0.070092, 7.710155
53.182869, 0.067543, 7.429772
53.184605, 0.067543, 7.429772
53.186185, 0.067543, 7.429772
53.187788, 0.067543, 7.429772
53.189374, 0.067543, 7.429772
53.191091, 0.067543, 7.429772
53.192699, 0.067543, 7.429772
53.194307, 0.067543, 7.429772
53.195928, 0.070092, 7.710155
53.197678, 0.067543, 7.429772
53.199389, 0.067543, 7.429772
53.201306, 0.067543, 7.429772
53.203046, 0.067543, 7.429772
53.204763, 0.067543, 7.429772
53.206348, 0.067543, 7.429772
53.207918, 0.067543, 7.429772
53.209499, 0.067543, 7.429772
53.211156, 0.067543, 7.429772
53.212823, 0.067543, 7.429772
53.214512, 0.070092, 7.710155
53.216248, 0.070092, 7.710155
53.218065, 0.067543, 7.429772
53.219678, 0.067543, 7.429772
53.221349, 0.067543, 7.429772
53.223075, 0.070092, 7.710155
53.224818, 0.067543, 7.429772
53.226409, 0.067543, 7.429772
53.228039, 0.067543, 7.429772
53.229716, 0.070092, 7.710155
53.231526, 0.070092, 7.710155
53.233189, 0.067543, 7.429772
53.235052, 0.070092, 7.710155
53.236656, 0.067543, 7.429772
53.238231, 0.070092, 7.710155
53.239822, 0.067543, 7.429772
53.241482, 0.067543, 7.429772
53.243183, 0.070092, 7.710155
53.244940, 0.067543, 7.429772
53.246798, 0.067543, 7.429772
53.248589, 0.067543, 7.429772
53.250324, 0.067543, 7.429772
53.252032, 0.067543, 7.429772
53.253651, 0.064994, 7.149389
53.255411, 0.067543, 7.429772
53.257088, 0.067543, 7.429772
53.258680, 0.067543, 7.429772
53.260236, 0.070092, 7.710155
53.261814, 0.067543, 7.429772
53.263747, 0.067543, 7.429772
53.265557, 0.067543, 7.429772
53.267324, 0.067543, 7.429772
53.268936, 0.067543, 7.429772
53.270533, 0.067543, 7.429772
53.272113, 0.067543, 7.429772
53.273930, 0.067543, 7.429772
53.275568, 0.067543, 7.429772
53.277170, 0.070092, 7.710155
53.278889, 0.070092, 7.710155
53.280675, 0.070092, 7.710155
53.282425, 0.070092, 7.710155
53.285502, 0.070092, 7.710155
53.287302, 0.070092, 7.710155
53.289036, 0.067543, 7.429772
53.290646, 0.067543, 7.429772
53.292220, 0.067543, 7.429772
53.293942, 0.070092, 7.710155
53.295589, 0.067543, 7.429772
53.297489, 0.067543, 7.429772
53.299631, 0.070092, 7.710155
53.301513, 0.067543, 7.429772
53.303153, 0.070092, 7.710155
53.304761, 0.067543, 7.429772
53.306337, 0.070092, 7.710155
53.307925, 0.070092, 7.710155
53.309508, 0.070092, 7.710155
53.311093, 0.067543, 7.429772
53.312706, 0.067543, 7.429772
53.314605, 0.067543, 7.429772
53.316286, 0.067543, 7.429772
53.318117, 0.067543, 7.429772
53.319721, 0.067543, 7.429772
53.321319, 0.067543, 7.429772
53.322922, 0.067543, 7.429772
53.324539, 0.067543, 7.429772
53.326195, 0.067543, 7.429772
53.327953, 0.067543, 7.429772
53.329714, 0.067543, 7.429772
53.331354, 0.067543, 7.429772
53.333118, 0.067543, 7.429772
53.334980, 0.070092, 7.710155
53.336576, 0.067543, 7.429772
53.338340, 0.067543, 7.429772
53.340038, 0.067543, 7.429772
53.341623, 0.067543, 7.429772
53.343217, 0.070092, 7.710155
53.345064, 0.067543, 7.429772
53.346858, 0.067543, 7.429772
53.348505, 0.067543, 7.429772
53.350350, 0.067543, 7.429772
53.351978, 0.070092, 7.710155
53.353569, 0.067543, 7.429772
53.355249, 0.070092, 7.710155
53.356952, 0.070092, 7.710155
53.358688, 0.070092, 7.710155
53.360459, 0.067543, 7.429772
53.362071, 0.070092, 7.710155
53.363819, 0.067543, 7.429772
53.365774, 0.070092, 7.710155
53.367606, 0.067543, 7.429772
53.369369, 0.067543, 7.429772
53.370951, 0.067543, 7.429772
53.372519, 0.070092, 7.710155
53.374104, 0.067543, 7.429772
53.375804, 0.067543, 7.429772
53.377539, 0.070092, 7.710155
53.379311, 0.067543, 7.429772
53.381232, 0.067543, 7.429772
53.383050, 0.070092, 7.710155
53.384782, 0.067543, 7.429772
53.386513, 0.067543, 7.429772
53.388107, 0.070092, 7.710155
53.389700, 0.070092, 7.710155
53.391288, 0.067543, 7.429772
53.392862, 0.067543, 7.429772
53.394435, 0.067543, 7.429772
53.396168, 0.067543, 7.429772
53.398080, 0.067543, 7.429772
53.399719, 0.067543, 7.429772
53.401584, 0.067543, 7.429772
53.403183, 0.067543, 7.429772
53.404764, 0.070092, 7.710155
53.406446, 0.067543, 7.429772
53.408327, 0.067543, 7.429772
53.410434, 0.067543, 7.429772
53.412286, 0.070092, 7.710155
53.415386, 0.067543, 7.429772
53.418918, 0.067543, 7.429772
53.420870, 0.067543, 7.429772
53.422726, 0.067543, 7.429772
53.424306, 0.067543, 7.429772
53.425889, 0.070092, 7.710155
53.429334, 0.070092, 7.710155
53.431531, 0.070092, 7.710155
53.433264, 0.067543, 7.429772
53.434918, 0.070092, 7.710155
53.436499, 0.067543, 7.429772
53.439478, 0.070092, 7.710155
53.441070, 0.067543, 7.429772
53.442623, 0.070092, 7.710155
53.444194, 0.070092, 7.710155
53.447078, 0.070092, 7.710155
53.449618, 0.067543, 7.429772
53.451400, 0.067543, 7.429772
53.453056, 0.070092, 7.710155
53.454723, 0.067543, 7.429772
53.456289, 0.067543, 7.429772
53.459933, 0.067543, 7.429772
53.462900, 0.067543, 7.429772
53.464749, 0.067543, 7.429772
53.466711, 0.067543, 7.429772
53.468392, 0.070092, 7.710155
53.469966, 0.070092, 7.710155
53.471559, 0.067543, 7.429772
53.473489, 0.067543, 7.429772
53.475195, 0.070092, 7.710155
53.476828, 0.067543, 7.429772
53.478646, 0.067543, 7.429772
53.480570, 0.070092, 7.710155
53.482878, 0.070092, 7.710155
53.484630, 0.070092, 7.710155
53.486389, 0.067543, 7.429772
53.489804, 0.067543, 7.429772
53.492835, 0.070092, 7.710155
53.494747, 0.070092, 7.710155
53.497878, 0.070092, 7.710155
53.500914, 0.070092, 7.710155
53.502830, 0.070092, 7.710155
53.504572, 0.070092, 7.710155
53.506267, 0.067543, 7.429772
53.508803, 0.070092, 7.710155
53.510705, 0.070092, 7.710155
53.512543, 0.067543, 7.429772
53.514380, 0.070092, 7.710155
53.516215, 0.070092, 7.710155
53.518197, 0.070092, 7.710155
53.520000, 0.067543, 7.429772
53.521733, 0.067543, 7.429772
53.523526, 0.067543, 7.429772
53.525217, 0.070092, 7.710155
53.526924, 0.070092, 7.710155
53.528959, 0.067543, 7.429772
53.531238, 0.067543, 7.429772
53.533041, 0.067543, 7.429772
53.534734, 0.067543, 7.429772
53.536404, 0.067543, 7.429772
53.538270, 0.067543, 7.429772
53.540281, 0.070092, 7.710155
53.542072, 0.067543, 7.429772
53.543757, 0.067543, 7.429772
53.545432, 0.070092, 7.710155
53.547118, 0.067543, 7.429772
53.550124, 0.067543, 7.429772
53.551827, 0.070092, 7.710155
53.553520, 0.070092, 7.710155
53.555118, 0.067543, 7.429772
53.556703, 0.067543, 7.429772
53.558461, 0.070092, 7.710155
53.560181, 0.067543, 7.429772
53.561878, 0.070092, 7.710155
53.563588, 0.067543, 7.429772
53.565297, 0.067543, 7.429772
53.566981, 0.070092, 7.710155
53.568767, 0.070092, 7.710155
53.570449, 0.070092, 7.710155
53.572139, 0.070092, 7.710155
53.573755, 0.070092, 7.710155
53.575350, 0.070092, 7.710155
53.576931, 0.067543, 7.429772
53.578667, 0.070092, 7.710155
53.580437, 0.070092, 7.710155
53.582172, 0.067543, 7.429772
53.583911, 0.070092, 7.710155
53.585514, 0.067543, 7.429772
53.587115, 0.070092, 7.710155
53.588847, 0.070092, 7.710155
53.590567, 0.067543, 7.429772
53.592222, 0.070092, 7.710155
53.593815, 0.070092, 7.710155
53.595416, 0.070092, 7.710155
53.597073, 0.067543, 7.429772
53.598832, 0.070092, 7.710155
53.600517, 0.067543, 7.429772
53.602111, 0.067543, 7.429772
53.603692, 0.070092, 7.710155
53.605354, 0.070092, 7.710155
53.606992, 0.070092, 7.710155
53.608877, 0.067543, 7.429772
53.610678, 0.067543, 7.429772
53.612370, 0.067543, 7.429772
53.614108, 0.067543, 7.429772
53.615808, 0.070092, 7.710155
53.617519, 0.067543, 7.429772
53.619520, 0.067543, 7.429772
53.622132, 0.070092, 7.710155
53.624371, 0.070092, 7.710155
53.626924, 0.070092, 7.710155
53.629470, 0.067543, 7.429772
53.631389, 0.070092, 7.710155
53.633125, 0.070092, 7.710155
53.634938, 0.070092, 7.710155
53.636868, 0.067543, 7.429772
53.639338, 0.070092, 7.710155
53.642492, 0.070092, 7.710155
53.645319, 0.067543, 7.429772
53.647304, 0.067543, 7.429772
53.649022, 0.070092, 7.710155
53.650867, 0.070092, 7.710155
53.652514, 0.070092, 7.710155
53.654141, 0.070092, 7.710155
53.655786, 0.070092, 7.710155
53.657405, 0.070092, 7.710155
53.659008, 0.070092, 7.710155
53.660614, 0.070092, 7.710155
53.662228, 0.070092, 7.710155
53.663864, 0.067543, 7.429772
53.665591, 0.067543, 7.429772
53.667224, 0.067543, 7.429772
53.668900, 0.070092, 7.710155
53.671014, 0.070092, 7.710155
53.672629, 0.067543, 7.429772
53.674315, 0.067543, 7.429772
53.675913, 0.067543, 7.429772
53.677513, 0.067543, 7.429772
53.679115, 0.070092, 7.710155
53.680758, 0.070092, 7.710155
53.682439, 0.070092, 7.710155
53.684546, 0.070092, 7.710155
53.686330, 0.067543, 7.429772
53.688177, 0.067543, 7.429772
53.689789, 0.070092, 7.710155
53.691390, 0.067543, 7.429772
53.692980, 0.067543, 7.429772
53.694647, 0.067543, 7.429772
53.696332, 0.070092, 7.710155
53.697963, 0.067543, 7.429772
53.699748, 0.070092, 7.710155
53.701567, 0.070092, 7.710155
53.703141, 0.067543, 7.429772
53.706203, 0.067543, 7.429772
53.707831, 0.067543, 7.429772
53.709419, 0.067543, 7.429772
53.710998, 0.067543, 7.429772
53.712571, 0.067543, 7.429772
53.714376, 0.070092, 7.710155
53.716008, 0.070092, 7.710155
53.717788, 0.070092, 7.710155
53.719546, 0.070092, 7.710155
53.721305, 0.067543, 7.429772
53.722873, 0.070092, 7.710155
53.724775, 0.070092, 7.710155
53.728446, 0.067543, 7.429772
53.730235, 0.067543, 7.429772
53.731926, 0.067543, 7.429772
53.733691, 0.070092, 7.710155
53.735568, 0.070092, 7.710155
53.737249, 0.070092, 7.710155
53.738980, 0.070092, 7.710155
53.740566, 0.070092, 7.710155
53.742134, 0.067543, 7.429772
53.743703, 0.067543, 7.429772
53.745382, 0.067543, 7.429772
53.747282, 0.070092, 7.710155
53.748950, 0.067543, 7.429772
53.750607, 0.070092, 7.710155
53.752207, 0.067543, 7.429772
53.753888, 0.070092, 7.710155
53.755680, 0.067543, 7.429772
53.757271, 0.067543, 7.429772
53.758854, 0.070092, 7.710155
53.760434, 0.067543, 7.429772
53.762035, 0.070092, 7.710155
53.763699, 0.070092, 7.710155
53.765402, 0.070092, 7.710155
53.767150, 0.067543, 7.429772
53.768737, 0.070092, 7.710155
53.770315, 0.067543, 7.429772
53.771889, 0.070092, 7.710155
53.773460, 0.070092, 7.710155
53.775047, 0.067543, 7.429772
53.776711, 0.070092, 7.710155
53.778387, 0.070092, 7.710155
53.780214, 0.067543, 7.429772
53.781841, 0.070092, 7.710155
53.783638, 0.070092, 7.710155
53.785208, 0.070092, 7.710155
53.786856, 0.067543, 7.429772
53.788448, 0.070092, 7.710155
53.790038, 0.070092, 7.710155
53.791627, 0.067543, 7.429772
53.793191, 0.067543, 7.429772
53.794752, 0.067543, 7.429772
53.796572, 0.070092, 7.710155
53.798364, 0.067543, 7.429772
53.800183, 0.070092, 7.710155
53.801766, 0.067543, 7.429772
53.803337, 0.070092, 7.710155
53.804899, 0.067543, 7.429772
53.806604, 0.067543, 7.429772
53.808273, 0.070092, 7.710155
53.810007, 0.070092, 7.710155
53.811693, 0.067543, 7.429772
53.813323, 0.070092, 7.710155
53.814967, 0.067543, 7.429772
53.816896, 0.067543, 7.429772
53.818619, 0.067543, 7.429772
53.820285, 0.067543, 7.429772
53.821993, 0.067543, 7.429772
53.823582, 0.067543, 7.429772
53.825165, 0.067543, 7.429772
53.826810, 0.070092, 7.710155
53.828499, 0.070092, 7.710155
53.830137, 0.070092, 7.710155
53.831835, 0.070092, 7.710155
53.833491, 0.070092, 7.710155
53.835174, 0.067543, 7.429772
53.837152, 0.067543, 7.429772
53.838796, 0.067543, 7.429772
53.840542, 0.070092, 7.710155
53.842715, 0.067543, 7.429772
53.844388, 0.067543, 7.429772
53.846009, 0.070092, 7.710155
53.847782, 0.070092, 7.710155
53.849419, 0.070092, 7.710155
53.851237, 0.070092, 7.710155
53.852803, 0.070092, 7.710155
53.854382, 0.070092, 7.710155
53.855955, 0.070092, 7.710155
53.857644, 0.070092, 7.710155
53.859367, 0.070092, 7.710155
53.861102, 0.070092, 7.710155
53.862910, 0.067543, 7.429772
53.864555, 0.070092, 7.710155
53.866303, 0.070092, 7.710155
53.868194, 0.070092, 7.710155
53.869839, 0.067543, 7.429772
53.871542, 0.070092, 7.710155
53.873303, 0.067543, 7.429772
53.874858, 0.070092, 7.710155
53.876441, 0.070092, 7.710155
53.878030, 0.070092, 7.710155
53.879906, 0.070092, 7.710155
53.881596, 0.070092, 7.710155
53.883357, 0.070092, 7.710155
53.885036, 0.070092, 7.710155
53.886620, 0.067543, 7.429772
53.888201, 0.070092, 7.710155
53.891679, 0.070092, 7.710155
53.894266, 0.070092, 7.710155
53.896057, 0.070092, 7.710155
53.897704, 0.070092, 7.710155
53.899465, 0.070092, 7.710155
53.901279, 0.067543, 7.429772
53.902980, 0.070092, 7.710155
53.904631, 0.070092, 7.710155
53.906218, 0.070092, 7.710155
53.907806, 0.070092, 7.710155
53.909498, 0.070092, 7.710155
53.911277, 0.070092, 7.710155
53.912995, 0.070092, 7.710155
53.914622, 0.067543, 7.429772
53.916317, 0.070092, 7.710155
53.918002, 0.070092, 7.710155
53.919776, 0.070092, 7.710155
53.921545, 0.070092, 7.710155
53.923180, 0.070092, 7.710155
53.925002, 0.070092, 7.710155
53.926582, 0.067543, 7.429772
53.928172, 0.067543, 7.429772
53.930456, 0.067543, 7.429772
53.934120, 0.067543, 7.429772
53.935927, 0.070092, 7.710155
53.937626, 0.070092, 7.710155
53.939378, 0.067543, 7.429772
53.941688, 0.067543, 7.429772
53.944046, 0.070092, 7.710155
53.945971, 0.067543, 7.429772
53.947657, 0.070092, 7.710155
53.949587, 0.067543, 7.429772
53.951846, 0.070092, 7.710155
53.953737, 0.067543, 7.429772
53.955523, 0.070092, 7.710155
53.957203, 0.067543, 7.429772
53.958785, 0.070092, 7.710155
53.960515, 0.070092, 7.710155
53.962123, 0.070092, 7.710155
53.964756, 0.067543, 7.429772
53.967013, 0.070092, 7.710155
53.969027, 0.070092, 7.710155
53.972369, 0.070092, 7.710155
53.974539, 0.067543, 7.429772
53.976374, 0.067543, 7.429772
53.977996, 0.067543, 7.429772
53.979855, 0.067543, 7.429772
53.981935, 0.067543, 7.429772
53.983666, 0.070092, 7.710155
53.985390, 0.070092, 7.710155
53.987148, 0.070092, 7.710155
53.988914, 0.070092, 7.710155
53.990855, 0.070092, 7.710155
53.992683, 0.070092, 7.710155
53.994388, 0.070092, 7.710155
53.996043, 0.070092, 7.710155
53.997679, 0.070092, 7.710155
53.999425, 0.070092, 7.710155
54.001128, 0.067543, 7.429772
54.002723, 0.067543, 7.429772
54.004387, 0.067543, 7.429772
54.005980, 0.067543, 7.429772
54.007565, 0.070092, 7.710155
54.009131, 0.070092, 7.710155
54.012914, 0.070092, 7.710155
54.014760, 0.070092, 7.710155
54.016547, 0.070092, 7.710155
54.018181, 0.070092, 7.710155
54.020026, 0.070092, 7.710155
54.021876, 0.067543, 7.429772
54.023603, 0.070092, 7.710155
54.025204, 0.070092, 7.710155
54.027246, 0.070092, 7.710155
54.029666, 0.067543, 7.429772
54.032106, 0.070092, 7.710155
54.033861, 0.070092, 7.710155
54.035614, 0.070092, 7.710155
54.037256, 0.067543, 7.429772
54.038919, 0.070092, 7.710155
54.040527, 0.070092, 7.710155
54.042095, 0.070092, 7.710155
54.043674, 0.070092, 7.710155
54.045262, 0.067543, 7.429772
54.046883, 0.070092, 7.710155
54.048884, 0.070092, 7.710155
54.051284, 0.070092, 7.710155
54.052903, 0.067543, 7.429772
54.054483, 0.070092, 7.710155
54.056069, 0.070092, 7.710155
54.057632, 0.067543, 7.429772
54.060676, 0.070092, 7.710155
54.062613, 0.070092, 7.710155
54.064499, 0.070092, 7.710155
54.066167, 0.070092, 7.710155
54.067906, 0.070092, 7.710155
54.069580, 0.070092, 7.710155
54.071203, 0.067543, 7.429772
54.072831, 0.070092, 7.710155
54.075920, 0.070092, 7.710155
54.077645, 0.070092, 7.710155
54.079782, 0.070092, 7.710155
54.081550, 0.070092, 7.710155
54.083245, 0.070092, 7.710155
54.084968, 0.067543, 7.429772
54.086582, 0.067543, 7.429772
54.088219, 0.070092, 7.710155
54.090003, 0.070092, 7.710155
54.091639, 0.067543, 7.429772
54.093409, 0.070092, 7.710155
54.095376, 0.070092, 7.710155
54.097872, 0.070092, 7.710155
54.099565, 0.070092, 7.710155
54.101216, 0.070092, 7.710155
54.102822, 0.070092, 7.710155
54.104418, 0.070092, 7.710155
54.108530, 0.070092, 7.710155
54.110577, 0.070092, 7.710155
54.112429, 0.070092, 7.710155
54.114375, 0.070092, 7.710155
54.116484, 0.070092, 7.710155
54.118524, 0.070092, 7.710155
54.120456, 0.070092, 7.710155
54.122479, 0.070092, 7.710155
54.124293, 0.070092, 7.710155
54.126226, 0.067543, 7.429772
54.128016, 0.070092, 7.710155
54.129919, 0.067543, 7.429772
54.131595, 0.070092, 7.710155
54.133387, 0.070092, 7.710155
54.135006, 0.070092, 7.710155
54.136819, 0.070092, 7.710155
54.138516, 0.070092, 7.710155
54.140257, 0.070092, 7.710155
54.141867, 0.070092, 7.710155
54.143469, 0.067543, 7.429772
54.145062, 0.070092, 7.710155
54.147790, 0.070092, 7.710155
54.149577, 0.067543, 7.429772
54.151325, 0.070092, 7.710155
54.153040, 0.070092, 7.710155
54.154650, 0.070092, 7.710155
54.156267, 0.070092, 7.710155
54.157874, 0.070092, 7.710155
54.159495, 0.070092, 7.710155
54.161320, 0.070092, 7.710155
54.163758, 0.070092, 7.710155
54.165597, 0.070092, 7.710155
54.167370, 0.070092, 7.710155
54.169006, 0.070092, 7.710155
54.170619, 0.070092, 7.710155
54.172235, 0.070092, 7.710155
54.173851, 0.070092, 7.710155
54.175447, 0.070092, 7.710155
54.178143, 0.067543, 7.429772
54.180791, 0.070092, 7.710155
54.182592, 0.070092, 7.710155
54.184300, 0.070092, 7.710155
54.185919, 0.070092, 7.710155
54.187534, 0.070092, 7.710155
54.189154, 0.070092, 7.710155
54.190764, 0.070092, 7.710155
54.192518, 0.070092, 7.710155
54.194180, 0.067543, 7.429772
54.196134, 0.070092, 7.710155
54.198733, 0.067543, 7.429772
54.200454, 0.070092, 7.710155
54.202061, 0.070092, 7.710155
54.203659, 0.070092, 7.710155
54.205252, 0.070092, 7.710155
54.207143, 0.070092, 7.710155
54.208766, 0.067543, 7.429772
54.210389, 0.070092, 7.710155
54.212536, 0.070092, 7.710155
54.214322, 0.067543, 7.429772
54.216247, 0.070092, 7.710155
54.218103, 0.067543, 7.429772
54.219732, 0.070092, 7.710155
54.221320, 0.067543, 7.429772
54.222917, 0.070092, 7.710155
54.224511, 0.070092, 7.710155
54.226216, 0.070092, 7.710155
54.227845, 0.070092, 7.710155
54.229631, 0.070092, 7.710155
54.231317, 0.070092, 7.710155
54.233002, 0.070092, 7.710155
54.234779, 0.070092, 7.710155
54.236556, 0.067543, 7.429772
54.238183, 0.070092, 7.710155
54.239785, 0.070092, 7.710155
54.241363, 0.070092, 7.710155
54.242967, 0.070092, 7.710155
54.244557, 0.070092, 7.710155
54.246300, 0.070092, 7.710155
54.248051, 0.070092, 7.710155
54.249811, 0.070092, 7.710155
54.251398, 0.070092, 7.710155
54.252985, 0.070092, 7.710155
54.254576, 0.070092, 7.710155
54.256243, 0.070092, 7.710155
54.257885, 0.070092, 7.710155
54.259595, 0.070092, 7.710155
54.261369, 0.070092, 7.710155
54.263018, 0.070092, 7.710155
54.264668, 0.070092, 7.710155
54.266475, 0.067543, 7.429772
54.268167, 0.067543, 7.429772
54.269761, 0.070092, 7.710155
54.271342, 0.070092, 7.710155
54.272937, 0.070092, 7.710155
54.274531, 0.070092, 7.710155
54.276376, 0.070092, 7.710155
54.278040, 0.070092, 7.710155
54.279815, 0.070092, 7.710155
54.281507, 0.067543, 7.429772
54.283202, 0.070092, 7.710155
54.284928, 0.070092, 7.710155
54.286834, 0.070092, 7.710155
54.288924, 0.070092, 7.710155
54.290526, 0.070092, 7.710155
54.292221, 0.070092, 7.710155
54.293991, 0.067543, 7.429772
54.295582, 0.067543, 7.429772
54.297396, 0.070092, 7.710155
54.299159, 0.070092, 7.710155
54.300950, 0.067543, 7.429772
54.302548, 0.070092, 7.710155
54.304134, 0.067543, 7.429772
54.305710, 0.070092, 7.710155
54.307435, 0.070092, 7.710155
54.309072, 0.070092, 7.710155
54.310848, 0.070092, 7.710155
54.312451, 0.070092, 7.710155
54.314125, 0.070092, 7.710155
54.315838, 0.070092, 7.710155
54.317780, 0.070092, 7.710155
54.319519, 0.070092, 7.710155
54.321215, 0.070092, 7.710155
54.322913, 0.070092, 7.710155
54.324493, 0.070092, 7.710155
54.326075, 0.070092, 7.710155
54.327792, 0.070092, 7.710155
54.329483, 0.070092, 7.710155
54.331116, 0.070092, 7.710155
54.332800, 0.070092, 7.710155
54.334576, 0.070092, 7.710155
54.336160, 0.070092, 7.710155
54.337906, 0.070092, 7.710155
54.339541, 0.070092, 7.710155
54.341338, 0.070092, 7.710155
54.342925, 0.070092, 7.710155
54.344510, 0.070092, 7.710155
54.346234, 0.070092, 7.710155
54.347916, 0.070092, 7.710155
54.349650, 0.067543, 7.429772
54.351374, 0.070092, 7.710155
54.352959, 0.070092, 7.710155
54.354565, 0.070092, 7.710155
54.356145, 0.070092, 7.710155
54.357707, 0.070092, 7.710155
54.359398, 0.070092, 7.710155
54.360995, 0.070092, 7.710155
54.362796, 0.067543, 7.429772
54.364550, 0.070092, 7.710155
54.366377, 0.067543, 7.429772
54.367971, 0.070092, 7.710155
54.369734, 0.070092, 7.710155
54.371434, 0.070092, 7.710155
54.373229, 0.067543, 7.429772
54.374801, 0.067543, 7.429772
54.376368, 0.070092, 7.710155
54.377947, 0.070092, 7.710155
54.380977, 0.070092, 7.710155
54.383195, 0.070092, 7.710155
54.384935, 0.070092, 7.710155
54.386516, 0.070092, 7.710155
54.388154, 0.070092, 7.710155
54.389854, 0.070092, 7.710155
54.391512, 0.067543, 7.429772
54.393303, 0.070092, 7.710155
54.394881, 0.067543, 7.429772
54.396556, 0.070092, 7.710155
54.398305, 0.070092, 7.710155
54.400114, 0.070092, 7.710155
54.401771, 0.070092, 7.710155
54.403518, 0.070092, 7.710155
54.405099, 0.067543, 7.429772
54.406678, 0.070092, 7.710155
54.408339, 0.070092, 7.710155
54.409930, 0.070092, 7.710155
54.411510, 0.070092, 7.710155
54.413182, 0.070092, 7.710155
54.414810, 0.070092, 7.710155
54.416566, 0.070092, 7.710155
54.418286, 0.070092, 7.710155
54.421800, 0.070092, 7.710155
54.423600, 0.070092, 7.710155
54.425337, 0.070092, 7.710155
54.426917, 0.070092, 7.710155
54.428507, 0.070092, 7.710155
54.431328, 0.070092, 7.710155
54.432961, 0.070092, 7.710155
54.434669, 0.067543, 7.429772
54.436227, 0.067543, 7.429772
54.437800, 0.070092, 7.710155
54.439549, 0.067543, 7.429772
54.441133, 0.067543, 7.429772
54.442712, 0.070092, 7.710155
54.444282, 0.070092, 7.710155
54.445858, 0.070092, 7.710155
54.447594, 0.067543, 7.429772
54.450726, 0.070092, 7.710155
54.452621, 0.067543, 7.429772
54.454280, 0.070092, 7.710155
54.455896, 0.070092, 7.710155
54.457474, 0.067543, 7.429772
54.459089, 0.070092, 7.710155
54.460679, 0.070092, 7.710155
54.462263, 0.067543, 7.429772
54.465294, 0.067543, 7.429772
54.467045, 0.067543, 7.429772
54.468703, 0.067543, 7.429772
54.470416, 0.070092, 7.710155
54.472070, 0.070092, 7.710155
54.473636, 0.070092, 7.710155
54.475217, 0.070092, 7.710155
54.476796, 0.070092, 7.710155
54.479352, 0.070092, 7.710155
54.481772, 0.070092, 7.710155
54.483484, 0.067543, 7.429772
54.485080, 0.067543, 7.429772
54.486669, 0.067543, 7.429772
54.489071, 0.067543, 7.429772
54.491194, 0.070092, 7.710155
54.492775, 0.070092, 7.710155
54.494343, 0.067543, 7.429772
54.495925, 0.067543, 7.429772
54.499697, 0.067543, 7.429772
54.501537, 0.070092, 7.710155
54.503186, 0.070092, 7.710155
54.504927, 0.070092, 7.710155
54.506503, 0.067543, 7.429772
54.508170, 0.070092, 7.710155
54.509825, 0.067543, 7.429772
54.512607, 0.070092, 7.710155
54.514340, 0.067543, 7.429772
54.516202, 0.070092, 7.710155
54.517978, 0.070092, 7.710155
54.519939, 0.070092, 7.710155
54.521578, 0.070092, 7.710155
54.523189, 0.070092, 7.710155
54.524869, 0.070092, 7.710155
54.526535, 0.070092, 7.710155
54.528476, 0.070092, 7.710155
54.531088, 0.067543, 7.429772
54.532909, 0.070092, 7.710155
54.534698, 0.067543, 7.429772
54.536329, 0.067543, 7.429772
54.538063, 0.070092, 7.710155
54.539864, 0.070092, 7.710155
54.541669, 0.070092, 7.710155
54.543501, 0.070092, 7.710155
54.545210, 0.070092, 7.710155
54.546839, 0.070092, 7.710155
54.548762, 0.070092, 7.710155
54.550689, 0.070092, 7.710155
54.552578, 0.070092, 7.710155
54.554273, 0.067543, 7.429772
54.555897, 0.070092, 7.710155
54.557497, 0.070092, 7.710155
54.559188, 0.070092, 7.710155
54.560883, 0.067543, 7.429772
54.562584, 0.070092, 7.710155
54.564792, 0.067543, 7.429772
54.566610, 0.067543, 7.429772
54.568424, 0.070092, 7.710155
54.570174, 0.067543, 7.429772
54.571804, 0.070092, 7.710155
54.573410, 0.070092, 7.710155
54.575014, 0.070092, 7.710155
54.576675, 0.070092, 7.710155
54.578257, 0.070092, 7.710155
54.580125, 0.067543, 7.429772
54.581842, 0.070092, 7.710155
54.583627, 0.070092, 7.710155
54.585247, 0.067543, 7.429772
54.586815, 0.070092, 7.710155
54.588394, 0.067543, 7.429772
54.590055, 0.070092, 7.710155
54.591650, 0.070092, 7.710155
54.593233, 0.070092, 7.710155
54.594794, 0.070092, 7.710155
54.596433, 0.072641, 7.990538
54.598127, 0.070092, 7.710155
54.599967, 0.070092, 7.710155
54.601616, 0.070092, 7.710155
54.603348, 0.070092, 7.710155
54.604914, 0.070092, 7.710155
54.606497, 0.070092, 7.710155
54.608083, 0.070092, 7.710155
54.610256, 0.070092, 7.710155
54.612829, 0.070092, 7.710155
54.614531, 0.070092, 7.710155
54.616188, 0.070092, 7.710155
54.617897, 0.070092, 7.710155
54.619466, 0.070092, 7.710155
54.621220, 0.067543, 7.429772
54.622894, 0.067543, 7.429772
54.624515, 0.070092, 7.710155
54.626136, 0.070092, 7.710155
54.627740, 0.070092, 7.710155
54.629336, 0.067543, 7.429772
54.631168, 0.070092, 7.710155
54.632777, 0.067543, 7.429772
54.634365, 0.067543, 7.429772
54.635954, 0.070092, 7.710155
54.637541, 0.070092, 7.710155
54.639121, 0.070092, 7.710155
54.641081, 0.070092, 7.710155
54.643887, 0.070092, 7.710155
54.646452, 0.070092, 7.710155
54.648620, 0.067543, 7.429772
54.651027, 0.067543, 7.429772
54.653162, 0.070092, 7.710155
54.655428, 0.070092, 7.710155
54.657821, 0.070092, 7.710155
54.659966, 0.070092, 7.710155
54.661966, 0.070092, 7.710155
54.664040, 0.067543, 7.429772
54.665734, 0.070092, 7.710155
54.667373, 0.070092, 7.710155
54.668953, 0.070092, 7.710155
54.670558, 0.070092, 7.710155
54.672210, 0.070092, 7.710155
54.673876, 0.070092, 7.710155
54.675468, 0.067543, 7.429772
54.677526, 0.070092, 7.710155
54.679573, 0.067543, 7.429772
54.681409, 0.070092, 7.710155
54.683249, 0.070092, 7.710155
54.684881, 0.070092, 7.710155
54.686511, 0.070092, 7.710155
54.688129, 0.070092, 7.710155
54.689945, 0.070092, 7.710155
54.691895, 0.067543, 7.429772
54.693899, 0.067543, 7.429772
54.695755, 0.067543, 7.429772
54.697461, 0.070092, 7.710155
54.699105, 0.070092, 7.710155
54.700887, 0.067543, 7.429772
54.702716, 0.067543, 7.429772
54.704326, 0.070092, 7.710155
54.705927, 0.070092, 7.710155
54.707676, 0.067543, 7.429772
54.709502, 0.067543, 7.429772
54.711347, 0.070092, 7.710155
54.713079, 0.070092, 7.710155
54.714778, 0.070092, 7.710155
54.716499, 0.070092, 7.710155
54.718329, 0.070092, 7.710155
54.719938, 0.070092, 7.710155
54.721517, 0.067543, 7.429772
54.723351, 0.070092, 7.710155
54.725172, 0.070092, 7.710155
54.726896, 0.070092, 7.710155
54.728531, 0.067543, 7.429772
54.730219, 0.067543, 7.429772
54.731845, 0.070092, 7.710155
54.733686, 0.070092, 7.710155
54.735264, 0.070092, 7.710155
54.736883, 0.070092, 7.710155
54.738466, 0.067543, 7.429772
54.740325, 0.070092, 7.710155
54.742504, 0.067543, 7.429772
54.744273, 0.070092, 7.710155
54.746038, 0.067543, 7.429772
54.747716, 0.070092, 7.710155
54.749552, 0.067543, 7.429772
54.751363, 0.070092, 7.710155
54.752932, 0.070092, 7.710155
54.754506, 0.067543, 7.429772
54.756079, 0.070092, 7.710155
54.757638, 0.067543, 7.429772
54.759187, 0.070092, 7.710155
54.760973, 0.070092, 7.710155
54.762751, 0.067543, 7.429772
54.764616, 0.067543, 7.429772
54.766378, 0.070092, 7.710155
54.768106, 0.067543, 7.429772
54.769680, 0.070092, 7.710155
54.771380, 0.070092, 7.710155
54.772991, 0.067543, 7.429772
54.774582, 0.070092, 7.710155
54.776180, 0.067543, 7.429772
54.777752, 0.067543, 7.429772
54.779321, 0.070092, 7.710155
54.781035, 0.067543, 7.429772
54.782683, 0.067543, 7.429772
54.784486, 0.070092, 7.710155
54.786179, 0.070092, 7.710155
54.787766, 0.067543, 7.429772
54.789332, 0.070092, 7.710155
54.791047, 0.067543, 7.429772
54.792725, 0.070092, 7.710155
54.794589, 0.070092, 7.710155
54.796187, 0.070092, 7.710155
54.797829, 0.067543, 7.429772
54.799559, 0.070092, 7.710155
54.801471, 0.067543, 7.429772
54.803080, 0.067543, 7.429772
54.804664, 0.067543, 7.429772
54.806256, 0.070092, 7.710155
54.807835, 0.070092, 7.710155
54.809389, 0.067543, 7.429772
54.811064, 0.070092, 7.710155
54.813255, 0.070092, 7.710155
54.814981, 0.067543, 7.429772
54.816872, 0.070092, 7.710155
54.818469, 0.070092, 7.710155
54.820060, 0.070092, 7.710155
54.821782, 0.067543, 7.429772
54.823374, 0.067543, 7.429772
54.825152, 0.067543, 7.429772
54.826862, 0.067543, 7.429772
54.828434, 0.070092, 7.710155
54.830129, 0.070092, 7.710155
54.832013, 0.067543, 7.429772
54.833707, 0.067543, 7.429772
54.835549, 0.067543, 7.429772
54.837124, 0.070092, 7.710155
54.838709, 0.070092, 7.710155
54.840284, 0.067543, 7.429772
54.842011, 0.067543, 7.429772
54.845068, 0.070092, 7.710155
54.848998, 0.070092, 7.710155
54.850916, 0.067543, 7.429772
54.853925, 0.070092, 7.710155
54.855577, 0.067543, 7.429772
54.857233, 0.070092, 7.710155
54.858843, 0.070092, 7.710155
54.860595, 0.070092, 7.710155
54.862800, 0.067543, 7.429772
54.864865, 0.070092, 7.710155
54.866600, 0.070092, 7.710155
54.868357, 0.070092, 7.710155
54.869948, 0.070092, 7.710155
54.871534, 0.067543, 7.429772
54.873187, 0.067543, 7.429772
54.874895, 0.067543, 7.429772
54.876628, 0.067543, 7.429772
54.878208, 0.070092, 7.710155
54.879959, 0.070092, 7.710155
54.881570, 0.067543, 7.429772
54.883518, 0.067543, 7.429772
54.885127, 0.070092, 7.710155
54.886713, 0.067543, 7.429772
54.888291, 0.070092, 7.710155
54.889871, 0.070092, 7.710155
54.891427, 0.070092, 7.710155
54.893546, 0.067543, 7.429772
54.895301, 0.067543, 7.429772
54.897174, 0.067543, 7.429772
54.898879, 0.070092, 7.710155
54.900665, 0.067543, 7.429772
54.902435, 0.070092, 7.710155
54.904156, 0.070092, 7.710155
54.905835, 0.067543, 7.429772
54.907397, 0.070092, 7.710155
54.908964, 0.067543, 7.429772
54.910539, 0.067543, 7.429772
54.912114, 0.070092, 7.710155
54.913989, 0.067543, 7.429772
54.915741, 0.067543, 7.429772
54.918050, 0.067543, 7.429772
54.919861, 0.067543, 7.429772
54.921476, 0.067543, 7.429772
54.923181, 0.070092, 7.710155
54.924829, 0.070092, 7.710155
54.926459, 0.070092, 7.710155
54.928267, 0.070092, 7.710155
54.929946, 0.070092, 7.710155
54.931548, 0.070092, 7.710155
54.933445, 0.070092, 7.710155
54.935278, 0.070092, 7.710155
54.937010, 0.070092, 7.710155
54.938729, 0.070092, 7.710155
54.940310, 0.070092, 7.710155
54.941880, 0.067543, 7.429772
54.943529, 0.067543, 7.429772
54.945179, 0.070092, 7.710155
54.946885, 0.070092, 7.710155
54.948650, 0.070092, 7.710155
54.950398, 0.067543, 7.429772
54.951987, 0.070092, 7.710155
54.953600, 0.067543, 7.429772
54.955261, 0.067543, 7.429772
54.957000, 0.067543, 7.429772
54.958742, 0.070092, 7.710155
54.960322, 0.070092, 7.710155
54.961899, 0.067543, 7.429772
54.963537, 0.070092, 7.710155
54.965320, 0.070092, 7.710155
54.967035, 0.070092, 7.710155
54.968851, 0.070092, 7.710155
54.970440, 0.070092, 7.710155
54.972016, 0.067543, 7.429772
54.973578, 0.067543, 7.429772
54.975296, 0.067543, 7.429772
54.976906, 0.067543, 7.429772
54.978497, 0.067543, 7.429772
54.980123, 0.067543, 7.429772
54.981734, 0.067543, 7.429772
54.983540, 0.067543, 7.429772
54.985275, 0.070092, 7.710155
54.987060, 0.070092, 7.710155
54.988740, 0.070092, 7.710155
54.990326, 0.067543, 7.429772
54.991897, 0.070092, 7.710155
54.993459, 0.070092, 7.710155
54.995227, 0.070092, 7.710155
54.996926, 0.067543, 7.429772
54.998650, 0.070092, 7.710155
55.000403, 0.067543, 7.429772
55.001987, 0.070092, 7.710155
55.003651, 0.067543, 7.429772
55.005317, 0.067543, 7.429772
55.006955, 0.070092, 7.710155
55.008702, 0.070092, 7.710155
55.010386, 0.070092, 7.710155
55.012008, 0.070092, 7.710155
55.013680, 0.070092, 7.710155
55.015599, 0.067543, 7.429772
55.017448, 0.067543, 7.429772
55.019174, 0.067543, 7.429772
55.020945, 0.070092, 7.710155
55.022523, 0.067543, 7.429772
55.024106, 0.067543, 7.429772
55.025782, 0.067543, 7.429772
55.027475, 0.067543, 7.429772
55.029232, 0.070092, 7.710155
55.031062, 0.070092, 7.710155
55.032855, 0.070092, 7.710155
55.034579, 0.070092, 7.710155
55.036248, 0.070092, 7.710155
55.037824, 0.070092, 7.710155
55.039396, 0.070092, 7.710155
55.040972, 0.067543, 7.429772
55.042546, 0.067543, 7.429772
55.044115, 0.070092, 7.710155
55.045679, 0.067543, 7.429772
55.047605, 0.067543, 7.429772
55.049423, 0.070092, 7.710155
55.051110, 0.067543, 7.429772
55.052686, 0.067543, 7.429772
55.054265, 0.067543, 7.429772
55.055827, 0.070092, 7.710155
55.057532, 0.070092, 7.710155
55.059110, 0.070092, 7.710155
55.060685, 0.070092, 7.710155
55.062271, 0.067543, 7.429772
55.063915, 0.067543, 7.429772
55.065680, 0.067543, 7.429772
55.067622, 0.067543, 7.429772
55.069207, 0.067543, 7.429772
55.070788, 0.067543, 7.429772
55.072360, 0.070092, 7.710155
55.073921, 0.067543, 7.429772
55.075483, 0.070092, 7.710155
55.077118, 0.070092, 7.710155
55.078706, 0.070092, 7.710155
55.080365, 0.067543, 7.429772
55.082113, 0.070092, 7.710155
55.083905, 0.067543, 7.429772
55.085966, 0.070092, 7.710155
55.089424, 0.070092, 7.710155
55.091711, 0.067543, 7.429772
55.093505, 0.070092, 7.710155
55.095097, 0.070092, 7.710155
55.096831, 0.067543, 7.429772
55.098530, 0.067543, 7.429772
55.100127, 0.067543, 7.429772
55.101849, 0.070092, 7.710155
55.103548, 0.067543, 7.429772
55.105217, 0.070092, 7.710155
55.107007, 0.070092, 7.710155
55.108693, 0.070092, 7.710155
55.110373, 0.070092, 7.710155
55.112153, 0.067543, 7.429772
55.113804, 0.070092, 7.710155
55.115493, 0.067543, 7.429772
55.117675, 0.070092, 7.710155
55.119638, 0.070092, 7.710155
55.121372, 0.067543, 7.429772
55.123123, 0.067543, 7.429772
55.124713, 0.067543, 7.429772
55.126285, 0.067543, 7.429772
55.128433, 0.067543, 7.429772
55.131282, 0.067543, 7.429772
55.134479, 0.070092, 7.710155
55.136545, 0.070092, 7.710155
55.139713, 0.070092, 7.710155
55.141773, 0.067543, 7.429772
55.143780, 0.070092, 7.710155
55.145803, 0.067543, 7.429772
55.147641, 0.070092, 7.710155
55.149243, 0.067543, 7.429772
55.150980, 0.070092, 7.710155
55.152556, 0.067543, 7.429772
55.154111, 0.067543, 7.429772
55.155679, 0.070092, 7.710155
55.157358, 0.067543, 7.429772
55.158949, 0.070092, 7.710155
55.160511, 0.067543, 7.429772
55.162074, 0.067543, 7.429772
55.163699, 0.067543, 7.429772
55.165339, 0.070092, 7.710155
55.167997, 0.070092, 7.710155
55.170088, 0.067543, 7.429772
55.171698, 0.067543, 7.429772
55.173389, 0.070092, 7.710155
55.175001, 0.067543, 7.429772
55.176662, 0.067543, 7.429772
55.178240, 0.070092, 7.710155
55.180600, 0.067543, 7.429772
55.183127, 0.067543, 7.429772
55.184871, 0.067543, 7.429772
55.186639, 0.070092, 7.710155
55.188362, 0.070092, 7.710155
55.190007, 0.070092, 7.710155
55.191696, 0.067543, 7.429772
55.193281, 0.070092, 7.710155
55.194858, 0.067543, 7.429772
55.196537, 0.070092, 7.710155
55.199631, 0.070092, 7.710155
55.201260, 0.070092, 7.710155
55.203053, 0.070092, 7.710155
55.204614, 0.070092, 7.710155
55.206164, 0.070092, 7.710155
55.210004, 0.067543, 7.429772
55.212635, 0.070092, 7.710155
55.214730, 0.070092, 7.710155
55.216462, 0.067543, 7.429772
55.218246, 0.067543, 7.429772
55.219852, 0.067543, 7.429772
55.221460, 0.067543, 7.429772
55.224502, 0.070092, 7.710155
55.226201, 0.067543, 7.429772
55.227939, 0.067543, 7.429772
55.229880, 0.070092, 7.710155
55.231587, 0.070092, 7.710155
55.233368, 0.070092, 7.710155
55.235073, 0.070092, 7.710155
55.236681, 0.067543, 7.429772
55.238437, 0.070092, 7.710155
55.240124, 0.070092, 7.710155
55.241796, 0.070092, 7.710155
55.243590, 0.070092, 7.710155
55.245183, 0.067543, 7.429772
55.246913, 0.070092, 7.710155
55.248622, 0.067543, 7.429772
55.250357, 0.070092, 7.710155
55.251940, 0.067543, 7.429772
55.253521, 0.067543, 7.429772
55.255076, 0.070092, 7.710155
55.258148, 0.070092, 7.710155
55.259756, 0.067543, 7.429772
55.261316, 0.070092, 7.710155
55.263619, 0.070092, 7.710155
55.266811, 0.067543, 7.429772
55.269838, 0.067543, 7.429772
55.271541, 0.070092, 7.710155
55.273214, 0.070092, 7.710155
55.274962, 0.070092, 7.710155
55.277030, 0.070092, 7.710155
55.278614, 0.070092, 7.710155
55.281363, 0.070092, 7.710155
55.283837, 0.070092, 7.710155
55.285685, 0.070092, 7.710155
55.287484, 0.067543, 7.429772
55.289122, 0.070092, 7.710155
55.290765, 0.067543, 7.429772
55.292527, 0.070092, 7.710155
55.294251, 0.070092, 7.710155
55.296437, 0.070092, 7.710155
55.299753, 0.070092, 7.710155
55.301626, 0.067543, 7.429772
55.303256, 0.070092, 7.710155
55.304942, 0.070092, 7.710155
55.306527, 0.067543, 7.429772
55.308119, 0.067543, 7.429772
55.309685, 0.067543, 7.429772
55.311266, 0.067543, 7.429772
55.314317, 0.067543, 7.429772
55.316082, 0.067543, 7.429772
55.317858, 0.067543, 7.429772
55.319502, 0.070092, 7.710155
55.321203, 0.070092, 7.710155
55.322993, 0.067543, 7.429772
55.324612, 0.067543, 7.429772
55.326188, 0.070092, 7.710155
55.327747, 0.067543, 7.429772
55.329338, 0.070092, 7.710155
55.332692, 0.067543, 7.429772
55.334334, 0.067543, 7.429772
55.336036, 0.067543, 7.429772
55.337618, 0.067543, 7.429772
55.339201, 0.067543, 7.429772
55.340774, 0.070092, 7.710155
55.342838, 0.070092, 7.710155
55.345382, 0.067543, 7.429772
55.348530, 0.070092, 7.710155
55.350131, 0.070092, 7.710155
55.351715, 0.070092, 7.710155
55.353599, 0.067543, 7.429772
55.355263, 0.067543, 7.429772
55.357015, 0.067543, 7.429772
55.358582, 0.070092, 7.710155
55.360160, 0.070092, 7.710155
55.361744, 0.070092, 7.710155
55.363754, 0.067543, 7.429772
55.365519, 0.070092, 7.710155
55.367215, 0.067543, 7.429772
55.369000, 0.070092, 7.710155
55.370582, 0.070092, 7.710155
55.372147, 0.067543, 7.429772
55.373862, 0.067543, 7.429772
55.375527, 0.070092, 7.710155
55.377308, 0.067543, 7.429772
55.378890, 0.067543, 7.429772
55.380541, 0.067543, 7.429772
55.382224, 0.067543, 7.429772
55.384150, 0.067543, 7.429772
55.385776, 0.070092, 7.710155
55.387458, 0.067543, 7.429772
55.389204, 0.070092, 7.710155
55.390780, 0.067543, 7.429772
55.392343, 0.067543, 7.429772
55.394016, 0.067543, 7.429772
55.395749, 0.067543, 7.429772
55.397418, 0.070092, 7.710155
55.399204, 0.067543, 7.429772
55.400919, 0.067543, 7.429772
55.402489, 0.067543, 7.429772
55.404096, 0.070092, 7.710155
55.405912, 0.070092, 7.710155
55.407699, 0.067543, 7.429772
55.409522, 0.067543, 7.429772
55.411302, 0.067543, 7.429772
55.413025, 0.070092, 7.710155
55.414837, 0.067543, 7.429772
55.416646, 0.070092, 7.710155
55.418355, 0.067543, 7.429772
55.420103, 0.070092, 7.710155
55.421811, 0.070092, 7.710155
55.423413, 0.070092, 7.710155
55.425066, 0.067543, 7.429772
55.426659, 0.070092, 7.710155
55.428227, 0.070092, 7.710155
55.429893, 0.070092, 7.710155
55.431543, 0.070092, 7.710155
55.433371, 0.067543, 7.429772
55.435007, 0.067543, 7.429772
55.436670, 0.067543, 7.429772
55.438242, 0.067543, 7.429772
55.439813, 0.067543, 7.429772
55.441391, 0.070092, 7.710155
55.442965, 0.067543, 7.429772
55.444524, 0.067543, 7.429772
55.446426, 0.067543, 7.429772
55.448195, 0.067543, 7.429772
55.449936, 0.067543, 7.429772
55.451661, 0.070092, 7.710155
55.453260, 0.070092, 7.710155
55.455330, 0.067543, 7.429772
55.457106, 0.067543, 7.429772
55.458793, 0.067543, 7.429772
55.460356, 0.067543, 7.429772
55.461939, 0.067543, 7.429772
55.463617, 0.067543, 7.429772
55.465371, 0.067543, 7.429772
55.467333, 0.067543, 7.429772
55.469117, 0.067543, 7.429772
55.470690, 0.067543, 7.429772
55.472265, 0.067543, 7.429772
55.473839, 0.070092, 7.710155
55.475418, 0.067543, 7.429772
55.477384, 0.070092, 7.710155
55.479068, 0.070092, 7.710155
55.480707, 0.067543, 7.429772
55.482423, 0.067543, 7.429772
55.484236, 0.067543, 7.429772
55.485813, 0.070092, 7.710155
55.487511, 0.070092, 7.710155
55.489091, 0.067543, 7.429772
55.490654, 0.067543, 7.429772
55.492223, 0.070092, 7.710155
55.493800, 0.067543, 7.429772
55.495385, 0.067543, 7.429772
55.497234, 0.070092, 7.710155
55.498888, 0.070092, 7.710155
55.500736, 0.070092, 7.710155
55.502319, 0.067543, 7.429772
55.503908, 0.070092, 7.710155
55.505486, 0.067543, 7.429772
55.507283, 0.067543, 7.429772
55.508921, 0.067543, 7.429772
55.510649, 0.067543, 7.429772
55.512369, 0.067543, 7.429772
55.514012, 0.067543, 7.429772
55.515776, 0.067543, 7.429772
55.518419, 0.067543, 7.429772
55.520430, 0.067543, 7.429772
55.522024, 0.067543, 7.429772
55.523626, 0.067543, 7.429772
55.525303, 0.067543, 7.429772
55.527110, 0.067543, 7.429772
55.529423, 0.067543, 7.429772
55.532004, 0.067543, 7.429772
55.533843, 0.067543, 7.429772
55.535427, 0.067543, 7.429772
55.537272, 0.067543, 7.429772
55.539003, 0.067543, 7.429772
55.540684, 0.067543, 7.429772
55.542361, 0.067543, 7.429772
55.543913, 0.067543, 7.429772
55.545489, 0.070092, 7.710155
55.547425, 0.067543, 7.429772
55.549188, 0.070092, 7.710155
55.551030, 0.070092, 7.710155
55.552627, 0.067543, 7.429772
55.554211, 0.067543, 7.429772
55.555780, 0.070092, 7.710155
55.557492, 0.067543, 7.429772
55.559218, 0.067543, 7.429772
55.560916, 0.067543, 7.429772
55.562516, 0.067543, 7.429772
55.564231, 0.067543, 7.429772
55.565900, 0.067543, 7.429772
55.568173, 0.067543, 7.429772
55.569774, 0.067543, 7.429772
55.571329, 0.067543, 7.429772
55.572894, 0.067543, 7.429772
55.574460, 0.070092, 7.710155
55.576029, 0.067543, 7.429772
55.577782, 0.070092, 7.710155
55.579437, 0.067543, 7.429772
55.581061, 0.067543, 7.429772
55.582747, 0.067543, 7.429772
55.584489, 0.067543, 7.429772
55.586062, 0.067543, 7.429772
55.587752, 0.067543, 7.429772
55.589361, 0.067543, 7.429772
55.590996, 0.067543, 7.429772
55.592742, 0.067543, 7.429772
55.594293, 0.067543, 7.429772
55.595867, 0.067543, 7.429772
55.597673, 0.067543, 7.429772
55.599335, 0.067543, 7.429772
55.600921, 0.067543, 7.429772
55.602521, 0.067543, 7.429772
55.604099, 0.067543, 7.429772
55.605669, 0.067543, 7.429772
55.607250, 0.067543, 7.429772
55.609081, 0.067543, 7.429772
55.610693, 0.067543, 7.429772
55.612525, 0.067543, 7.429772
55.614179, 0.067543, 7.429772
55.615936, 0.070092, 7.710155
55.617670, 0.070092, 7.710155
55.619621, 0.067543, 7.429772
55.621354, 0.067543, 7.429772
55.622986, 0.070092, 7.710155
55.624593, 0.070092, 7.710155
55.626734, 0.067543, 7.429772
55.628413, 0.070092, 7.710155
55.630140, 0.067543, 7.429772
55.631817, 0.067543, 7.429772
55.633450, 0.067543, 7.429772
55.635070, 0.067543, 7.429772
55.636688, 0.067543, 7.429772
55.638377, 0.067543, 7.429772
55.640256, 0.067543, 7.429772
55.641888, 0.067543, 7.429772
55.643505, 0.070092, 7.710155
55.645135, 0.070092, 7.710155
55.646802, 0.067543, 7.429772
55.648399, 0.067543, 7.429772
55.650174, 0.067543, 7.429772
55.651801, 0.067543, 7.429772
55.653425, 0.067543, 7.429772
55.655036, 0.067543, 7.429772
55.656644, 0.067543, 7.429772
55.658234, 0.067543, 7.429772
55.660060, 0.067543, 7.429772
55.661728, 0.067543, 7.429772
55.664014, 0.067543, 7.429772
55.666732, 0.067543, 7.429772
55.668452, 0.067543, 7.429772
55.670266, 0.067543, 7.429772
55.671924, 0.067543, 7.429772
55.673550, 0.067543, 7.429772
55.675142, 0.067543, 7.429772
55.676760, 0.067543, 7.429772
55.679172, 0.067543, 7.429772
55.682234, 0.067543, 7.429772
55.684120, 0.067543, 7.429772
55.685707, 0.067543, 7.429772
55.687282, 0.067543, 7.429772
55.688833, 0.067543, 7.429772
55.690430, 0.067543, 7.429772
55.692048, 0.067543, 7.429772
55.693775, 0.067543, 7.429772
55.695384, 0.067543, 7.429772
55.697006, 0.067543, 7.429772
55.698582, 0.067543, 7.429772
55.700496, 0.070092, 7.710155
55.702166, 0.067543, 7.429772
55.703771, 0.067543, 7.429772
55.705377, 0.067543, 7.429772
55.707035, 0.067543, 7.429772
55.708767, 0.067543, 7.429772
55.712266, 0.067543, 7.429772
55.714186, 0.067543, 7.429772
55.716038, 0.067543, 7.429772
55.717768, 0.067543, 7.429772
55.719557, 0.067543, 7.429772
55.721155, 0.070092, 7.710155
55.722807, 0.067543, 7.429772
55.724452, 0.067543, 7.429772
55.726017, 0.067543, 7.429772
55.727588, 0.067543, 7.429772
55.729341, 0.067543, 7.429772
55.731042, 0.070092, 7.710155
55.732708, 0.070092, 7.710155
55.734465, 0.067543, 7.429772
55.736123, 0.067543, 7.429772
55.737800, 0.067543, 7.429772
55.740220, 0.070092, 7.710155
55.743755, 0.067543, 7.429772
55.745943, 0.067543, 7.429772
55.747985, 0.070092, 7.710155
55.749703, 0.070092, 7.710155
55.751496, 0.070092, 7.710155
55.753164, 0.067543, 7.429772
55.755737, 0.067543, 7.429772
55.757591, 0.067543, 7.429772
55.759310, 0.067543, 7.429772
55.760898, 0.067543, 7.429772
55.762730, 0.070092, 7.710155
55.765848, 0.070092, 7.710155
55.767799, 0.070092, 7.710155
55.769495, 0.070092, 7.710155
55.771530, 0.067543, 7.429772
55.773478, 0.067543, 7.429772
55.775199, 0.067543, 7.429772
55.776912, 0.067543, 7.429772
55.778594, 0.067543, 7.429772
55.780555, 0.067543, 7.429772
55.782334, 0.067543, 7.429772
55.783914, 0.067543, 7.429772
55.785480, 0.070092, 7.710155
55.787026, 0.067543, 7.429772
55.790149, 0.067543, 7.429772
55.791982, 0.067543, 7.429772
55.793745, 0.067543, 7.429772
55.795352, 0.067543, 7.429772
55.796982, 0.067543, 7.429772
55.798674, 0.070092, 7.710155
55.800626, 0.067543, 7.429772
55.802440, 0.070092, 7.710155
55.804154, 0.067543, 7.429772
55.805832, 0.067543, 7.429772
55.807454, 0.067543, 7.429772
55.809533, 0.067543, 7.429772
55.811298, 0.067543, 7.429772
55.812971, 0.070092, 7.710155
55.814606, 0.067543, 7.429772
55.816295, 0.067543, 7.429772
55.818045, 0.067543, 7.429772
55.819634, 0.067543, 7.429772
55.822247, 0.067543, 7.429772
55.824003, 0.067543, 7.429772
55.825606, 0.067543, 7.429772
55.827188, 0.067543, 7.429772
55.828779, 0.067543, 7.429772
55.830559, 0.070092, 7.710155
55.832280, 0.067543, 7.429772
55.834239, 0.067543, 7.429772
55.835862, 0.067543, 7.429772
55.837562, 0.067543, 7.429772
55.839206, 0.067543, 7.429772
55.841101, 0.067543, 7.429772
55.843056, 0.067543, 7.429772
55.844930, 0.070092, 7.710155
55.846714, 0.067543, 7.429772
55.848596, 0.067543, 7.429772
55.851458, 0.067543, 7.429772
55.853177, 0.067543, 7.429772
55.855019, 0.067543, 7.429772
55.856625, 0.067543, 7.429772
55.858212, 0.067543, 7.429772
55.860026, 0.067543, 7.429772
55.861978, 0.067543, 7.429772
55.864032, 0.070092, 7.710155
55.865784, 0.067543, 7.429772
55.867477, 0.067543, 7.429772
55.869249, 0.067543, 7.429772
55.871184, 0.067543, 7.429772
55.873016, 0.067543, 7.429772
55.874749, 0.067543, 7.429772
55.876436, 0.067543, 7.429772
55.878331, 0.067543, 7.429772
55.880144, 0.070092, 7.710155
55.881841, 0.067543, 7.429772
55.883641, 0.067543, 7.429772
55.885445, 0.070092, 7.710155
55.887113, 0.070092, 7.710155
55.888796, 0.067543, 7.429772
55.890597, 0.067543, 7.429772
55.892325, 0.067543, 7.429772
55.894039, 0.067543, 7.429772
55.895868, 0.070092, 7.710155
55.897673, 0.067543, 7.429772
55.899447, 0.067543, 7.429772
55.901386, 0.067543, 7.429772
55.903140, 0.070092, 7.710155
55.904803, 0.070092, 7.710155
55.906511, 0.067543, 7.429772
55.908289, 0.067543, 7.429772
55.910050, 0.067543, 7.429772
55.913362, 0.067543, 7.429772
55.915580, 0.067543, 7.429772
55.917622, 0.070092, 7.710155
55.919630, 0.067543, 7.429772
55.921602, 0.067543, 7.429772
55.923499, 0.067543, 7.429772
55.925261, 0.067543, 7.429772
55.926976, 0.067543, 7.429772
55.928778, 0.067543, 7.429772
55.930717, 0.067543, 7.429772
55.932471, 0.067543, 7.429772
55.934428, 0.067543, 7.429772
55.936112, 0.070092, 7.710155
55.937811, 0.067543, 7.429772
55.939526, 0.067543, 7.429772
55.941126, 0.070092, 7.710155
55.942710, 0.067543, 7.429772
55.944417, 0.067543, 7.429772
55.946362, 0.067543, 7.429772
55.948267, 0.067543, 7.429772
55.949950, 0.070092, 7.710155
55.951801, 0.070092, 7.710155
55.953521, 0.067543, 7.429772
55.955180, 0.070092, 7.710155
55.956879, 0.070092, 7.710155
55.958615, 0.067543, 7.429772
55.960216, 0.070092, 7.710155
55.961814, 0.070092, 7.710155
55.963462, 0.067543, 7.429772
55.965117, 0.067543, 7.429772
55.966808, 0.067543, 7.429772
55.968577, 0.067543, 7.429772
55.970176, 0.070092, 7.710155
55.971765, 0.067543, 7.429772
55.973345, 0.067543, 7.429772
55.975141, 0.067543, 7.429772
55.976817, 0.067543, 7.429772
55.978653, 0.070092, 7.710155
55.980313, 0.067543, 7.429772
55.982014, 0.070092, 7.710155
55.983770, 0.070092, 7.710155
55.985622, 0.070092, 7.710155
55.987307, 0.070092, 7.710155
55.991755, 0.067543, 7.429772
55.994577, 0.067543, 7.429772
55.997052, 0.067543, 7.429772
55.999426, 0.067543, 7.429772
56.001181, 0.067543, 7.429772
56.002876, 0.067543, 7.429772
56.005434, 0.067543, 7.429772
56.007128, 0.070092, 7.710155
56.008777, 0.067543, 7.429772
56.010368, 0.067543, 7.429772
56.011983, 0.067543, 7.429772
56.013773, 0.067543, 7.429772
56.015540, 0.070092, 7.710155
56.017347, 0.067543, 7.429772
56.019058, 0.067543, 7.429772
56.020675, 0.067543, 7.429772
56.022282, 0.067543, 7.429772
56.023876, 0.067543, 7.429772
56.025617, 0.070092, 7.710155
56.027304, 0.070092, 7.710155
56.028936, 0.070092, 7.710155
56.030556, 0.067543, 7.429772
56.032343, 0.067543, 7.429772
56.034071, 0.067543, 7.429772
56.035739, 0.067543, 7.429772
56.037356, 0.067543, 7.429772
56.038959, 0.067543, 7.429772
56.040552, 0.067543, 7.429772
56.042154, 0.067543, 7.429772
56.043766, 0.070092, 7.710155
56.045436, 0.067543, 7.429772
56.047347, 0.067543, 7.429772
56.049092, 0.070092, 7.710155
56.050863, 0.070092, 7.710155
56.052459, 0.070092, 7.710155
56.054063, 0.070092, 7.710155
56.055674, 0.067543, 7.429772
56.057485, 0.067543, 7.429772
56.059253, 0.067543, 7.429772
56.061023, 0.067543, 7.429772
56.062614, 0.067543, 7.429772
56.064247, 0.067543, 7.429772
56.066006, 0.067543, 7.429772
56.067828, 0.067543, 7.429772
56.069565, 0.067543, 7.429772
56.071335, 0.067543, 7.429772
56.072918, 0.067543, 7.429772
56.074507, 0.067543, 7.429772
56.076408, 0.067543, 7.429772
56.078398, 0.067543, 7.429772
56.080115, 0.067543, 7.429772
56.081847, 0.070092, 7.710155
56.083529, 0.067543, 7.429772
56.085281, 0.067543, 7.429772
56.086962, 0.067543, 7.429772
56.088581, 0.067543, 7.429772
56.090164, 0.070092, 7.710155
56.091759, 0.067543, 7.429772
56.093359, 0.067543, 7.429772
56.094952, 0.070092, 7.710155
56.096646, 0.067543, 7.429772
56.099064, 0.067543, 7.429772
56.100745, 0.067543, 7.429772
56.102446, 0.070092, 7.710155
56.104034, 0.070092, 7.710155
56.105621, 0.067543, 7.429772
56.108174, 0.067543, 7.429772
56.112626, 0.067543, 7.429772
56.114652, 0.067543, 7.429772
56.116373, 0.070092, 7.710155
56.118273, 0.067543, 7.429772
56.120131, 0.070092, 7.710155
56.121831, 0.067543, 7.429772
56.123437, 0.070092, 7.710155
56.125033, 0.067543, 7.429772
56.126607, 0.067543, 7.429772
56.128327, 0.070092, 7.710155
56.130716, 0.067543, 7.429772
56.133114, 0.067543, 7.429772
56.134985, 0.067543, 7.429772
56.137911, 0.067543, 7.429772
56.141901, 0.067543, 7.429772
56.144153, 0.067543, 7.429772
56.145786, 0.070092, 7.710155
56.147489, 0.067543, 7.429772
56.149284, 0.070092, 7.710155
56.150974, 0.067543, 7.429772
56.152561, 0.067543, 7.429772
56.154160, 0.067543, 7.429772
56.155757, 0.070092, 7.710155
56.157344, 0.067543, 7.429772
56.159302, 0.067543, 7.429772
56.161136, 0.067543, 7.429772
56.162906, 0.070092, 7.710155
56.164696, 0.070092, 7.710155
56.166454, 0.067543, 7.429772
56.168187, 0.070092, 7.710155
56.171454, 0.067543, 7.429772
56.173726, 0.070092, 7.710155
56.175733, 0.067543, 7.429772
56.178256, 0.067543, 7.429772
56.180739, 0.070092, 7.710155
56.182522, 0.067543, 7.429772
56.184158, 0.070092, 7.710155
56.185730, 0.070092, 7.710155
56.187310, 0.067543, 7.429772
56.188909, 0.067543, 7.429772
56.190493, 0.070092, 7.710155
56.192054, 0.067543, 7.429772
56.193721, 0.070092, 7.710155
56.195386, 0.067543, 7.429772
56.197417, 0.067543, 7.429772
56.199261, 0.070092, 7.710155
56.201022, 0.067543, 7.429772
56.202703, 0.067543, 7.429772
56.204273, 0.067543, 7.429772
56.205863, 0.067543, 7.429772
56.207455, 0.070092, 7.710155
56.209167, 0.067543, 7.429772
56.210802, 0.067543, 7.429772
56.212418, 0.070092, 7.710155
56.215311, 0.070092, 7.710155
56.216950, 0.067543, 7.429772
56.218712, 0.070092, 7.710155
56.220361, 0.067543, 7.429772
56.221929, 0.067543, 7.429772
56.223568, 0.067543, 7.429772
56.225133, 0.067543, 7.429772
56.226688, 0.067543, 7.429772
56.228234, 0.070092, 7.710155
56.231476, 0.067543, 7.429772
56.233197, 0.070092, 7.710155
56.234879, 0.067543, 7.429772
56.236443, 0.067543, 7.429772
56.237985, 0.067543, 7.429772
56.239684, 0.070092, 7.710155
56.241261, 0.070092, 7.710155
56.242822, 0.070092, 7.710155
56.244366, 0.070092, 7.710155
56.247848, 0.067543, 7.429772
56.251570, 0.067543, 7.429772
56.253433, 0.067543, 7.429772
56.255189, 0.067543, 7.429772
56.257007, 0.067543, 7.429772
56.258693, 0.067543, 7.429772
56.260469, 0.067543, 7.429772
56.262105, 0.067543, 7.429772
56.263783, 0.070092, 7.710155
56.265452, 0.070092, 7.710155
56.267200, 0.070092, 7.710155
56.269687, 0.067543, 7.429772
56.271730, 0.067543, 7.429772
56.273424, 0.067543, 7.429772
56.275196, 0.067543, 7.429772
56.276801, 0.067543, 7.429772
56.278424, 0.067543, 7.429772
56.280869, 0.067543, 7.429772
56.282652, 0.067543, 7.429772
56.284720, 0.067543, 7.429772
56.286421, 0.067543, 7.429772
56.288204, 0.067543, 7.429772
56.289831, 0.070092, 7.710155
56.291454, 0.067543, 7.429772
56.293063, 0.067543, 7.429772
56.294651, 0.067543, 7.429772
56.296489, 0.070092, 7.710155
56.298227, 0.067543, 7.429772
56.300040, 0.070092, 7.710155
56.301839, 0.067543, 7.429772
56.303596, 0.067543, 7.429772
56.305209, 0.070092, 7.710155
56.306849, 0.067543, 7.429772
56.308441, 0.067543, 7.429772
56.310061, 0.067543, 7.429772
56.311684, 0.067543, 7.429772
56.313409, 0.070092, 7.710155
56.315052, 0.067543, 7.429772
56.316748, 0.070092, 7.710155
56.318497, 0.067543, 7.429772
56.320098, 0.070092, 7.710155
56.321696, 0.067543, 7.429772
56.324166, 0.067543, 7.429772
56.325980, 0.070092, 7.710155
56.327680, 0.067543, 7.429772
56.329560, 0.070092, 7.710155
56.331345, 0.067543, 7.429772
56.333158, 0.070092, 7.710155
56.334897, 0.067543, 7.429772
56.336478, 0.067543, 7.429772
56.338052, 0.067543, 7.429772
56.339635, 0.067543, 7.429772
56.341222, 0.067543, 7.429772
56.342814, 0.067543, 7.429772
56.344583, 0.067543, 7.429772
56.346352, 0.067543, 7.429772
56.348140, 0.067543, 7.429772
56.349826, 0.067543, 7.429772
56.351606, 0.067543, 7.429772
56.353193, 0.070092, 7.710155
56.355042, 0.067543, 7.429772
56.357289, 0.067543, 7.429772
56.359215, 0.067543, 7.429772
56.360854, 0.070092, 7.710155
56.362476, 0.067543, 7.429772
56.364308, 0.067543, 7.429772
56.366052, 0.067543, 7.429772
56.367793, 0.070092, 7.710155
56.369404, 0.067543, 7.429772
56.371004, 0.067543, 7.429772
56.372574, 0.070092, 7.710155
56.374327, 0.070092, 7.710155
56.375924, 0.067543, 7.429772
56.377501, 0.067543, 7.429772
56.379128, 0.067543, 7.429772
56.380755, 0.070092, 7.710155
56.382474, 0.067543, 7.429772
56.384367, 0.067543, 7.429772
56.386034, 0.070092, 7.710155
56.387746, 0.070092, 7.710155
56.389508, 0.067543, 7.429772
56.391088, 0.070092, 7.710155
56.392674, 0.067543, 7.429772
56.394250, 0.070092, 7.710155
56.396487, 0.067543, 7.429772
56.398168, 0.067543, 7.429772
56.400041, 0.070092, 7.710155
56.401637, 0.067543, 7.429772
56.403221, 0.070092, 7.710155
56.404983, 0.067543, 7.429772
56.406640, 0.067543, 7.429772
56.408392, 0.067543, 7.429772
56.410175, 0.067543, 7.429772
56.411772, 0.067543, 7.429772
56.413437, 0.070092, 7.710155
56.415097, 0.070092, 7.710155
56.416871, 0.067543, 7.429772
56.418646, 0.067543, 7.429772
56.420360, 0.070092, 7.710155
56.422159, 0.067543, 7.429772
56.423754, 0.070092, 7.710155
56.425374, 0.067543, 7.429772
56.426998, 0.067543, 7.429772
56.428561, 0.067543, 7.429772
56.430208, 0.067543, 7.429772
56.431934, 0.067543, 7.429772
56.433698, 0.070092, 7.710155
56.435283, 0.067543, 7.429772
56.437127, 0.067543, 7.429772
56.438919, 0.070092, 7.710155
56.440622, 0.070092, 7.710155
56.442195, 0.070092, 7.710155
56.443781, 0.070092, 7.710155
56.445357, 0.067543, 7.429772
56.449239, 0.070092, 7.710155
56.451606, 0.067543, 7.429772
56.453334, 0.070092, 7.710155
56.454921, 0.070092, 7.710155
56.456599, 0.067543, 7.429772
56.458183, 0.070092, 7.710155
56.459756, 0.070092, 7.710155
56.461320, 0.070092, 7.710155
56.462951, 0.067543, 7.429772
56.464667, 0.070092, 7.710155
56.466442, 0.067543, 7.429772
56.468314, 0.070092, 7.710155
56.469962, 0.067543, 7.429772
56.471719, 0.070092, 7.710155
56.473373, 0.067543, 7.429772
56.474945, 0.067543, 7.429772
56.477859, 0.070092, 7.710155
56.481511, 0.070092, 7.710155
56.483543, 0.067543, 7.429772
56.485377, 0.067543, 7.429772
56.487227, 0.067543, 7.429772
56.488836, 0.067543, 7.429772
56.491028, 0.067543, 7.429772
56.494052, 0.067543, 7.429772
56.497083, 0.070092, 7.710155
56.499793, 0.067543, 7.429772
56.501713, 0.067543, 7.429772
56.503605, 0.067543, 7.429772
56.505689, 0.067543, 7.429772
56.508153, 0.067543, 7.429772
56.510531, 0.070092, 7.710155
56.512508, 0.070092, 7.710155
56.514362, 0.072641, 7.990538
56.516089, 0.067543, 7.429772
56.517900, 0.070092, 7.710155
56.519838, 0.070092, 7.710155
56.521731, 0.070092, 7.710155
56.524108, 0.067543, 7.429772
56.526856, 0.067543, 7.429772
56.528860, 0.070092, 7.710155
56.530874, 0.067543, 7.429772
56.532671, 0.067543, 7.429772
56.534339, 0.067543, 7.429772
56.535999, 0.067543, 7.429772
56.537653, 0.067543, 7.429772
56.539454, 0.067543, 7.429772
56.541378, 0.067543, 7.429772
56.543790, 0.067543, 7.429772
56.545511, 0.070092, 7.710155
56.548545, 0.067543, 7.429772
56.550260, 0.070092, 7.710155
56.552017, 0.070092, 7.710155
56.553792, 0.070092, 7.710155
56.555445, 0.070092, 7.710155
56.557049, 0.067543, 7.429772
56.558650, 0.067543, 7.429772
56.561225, 0.070092, 7.710155
56.563163, 0.067543, 7.429772
56.565025, 0.067543, 7.429772
56.566657, 0.070092, 7.710155
56.568293, 0.067543, 7.429772
56.569893, 0.070092, 7.710155
56.573020, 0.070092, 7.710155
56.574678, 0.067543, 7.429772
56.576277, 0.067543, 7.429772
56.577865, 0.070092, 7.710155
56.580661, 0.067543, 7.429772
56.582393, 0.067543, 7.429772
56.583999, 0.070092, 7.710155
56.585682, 0.067543, 7.429772
56.587280, 0.067543, 7.429772
56.588878, 0.067543, 7.429772
56.590623, 0.070092, 7.710155
56.592234, 0.067543, 7.429772
56.593876, 0.070092, 7.710155
56.595538, 0.070092, 7.710155
56.597194, 0.070092, 7.710155
56.598838, 0.067543, 7.429772
56.600680, 0.067543, 7.429772
56.602383, 0.067543, 7.429772
56.604022, 0.070092, 7.710155
56.605699, 0.067543, 7.429772
56.607305, 0.070092, 7.710155
56.608901, 0.070092, 7.710155
56.611235, 0.070092, 7.710155
56.615204, 0.067543, 7.429772
56.617196, 0.070092, 7.710155
56.618919, 0.070092, 7.710155
56.620867, 0.070092, 7.710155
56.622915, 0.067543, 7.429772
56.624622, 0.067543, 7.429772
56.626291, 0.070092, 7.710155
56.627933, 0.070092, 7.710155
56.629782, 0.070092, 7.710155
56.631724, 0.067543, 7.429772
56.633457, 0.067543, 7.429772
56.635127, 0.067543, 7.429772
56.636780, 0.070092, 7.710155
56.638440, 0.070092, 7.710155
56.640203, 0.067543, 7.429772
56.642347, 0.070092, 7.710155
56.644097, 0.070092, 7.710155
56.645801, 0.067543, 7.429772
56.647954, 0.067543, 7.429772
56.650258, 0.067543, 7.429772
56.652833, 0.070092, 7.710155
56.654538, 0.070092, 7.710155
56.656195, 0.070092, 7.710155
56.657835, 0.067543, 7.429772
56.659429, 0.070092, 7.710155
56.661039, 0.067543, 7.429772
56.663926, 0.070092, 7.710155
56.665682, 0.070092, 7.710155
56.668391, 0.067543, 7.429772
56.670133, 0.070092, 7.710155
56.671898, 0.070092, 7.710155
56.673576, 0.070092, 7.710155
56.675244, 0.070092, 7.710155
56.676930, 0.070092, 7.710155
56.678624, 0.067543, 7.429772
56.680346, 0.070092, 7.710155
56.682194, 0.067543, 7.429772
56.684012, 0.067543, 7.429772
56.685717, 0.070092, 7.710155
56.687474, 0.067543, 7.429772
56.689113, 0.067543, 7.429772
56.690748, 0.067543, 7.429772
56.693315, 0.067543, 7.429772
56.695518, 0.070092, 7.710155
56.697583, 0.070092, 7.710155
56.699233, 0.067543, 7.429772
56.700955, 0.070092, 7.710155
56.702704, 0.067543, 7.429772
56.704318, 0.067543, 7.429772
56.705908, 0.070092, 7.710155
56.707499, 0.067543, 7.429772
56.709099, 0.067543, 7.429772
56.710701, 0.067543, 7.429772
56.712503, 0.067543, 7.429772
56.716422, 0.070092, 7.710155
56.718361, 0.070092, 7.710155
56.719988, 0.070092, 7.710155
56.721670, 0.067543, 7.429772
56.723464, 0.070092, 7.710155
56.725159, 0.070092, 7.710155
56.726885, 0.067543, 7.429772
56.728505, 0.070092, 7.710155
56.731811, 0.070092, 7.710155
56.733580, 0.070092, 7.710155
56.735190, 0.070092, 7.710155
56.736787, 0.070092, 7.710155
56.738391, 0.067543, 7.429772
56.739980, 0.070092, 7.710155
56.741555, 0.070092, 7.710155
56.744416, 0.070092, 7.710155
56.746105, 0.070092, 7.710155
56.747864, 0.070092, 7.710155
56.749536, 0.070092, 7.710155
56.751289, 0.070092, 7.710155
56.753027, 0.070092, 7.710155
56.754673, 0.070092, 7.710155
56.756265, 0.070092, 7.710155
56.757853, 0.070092, 7.710155
56.759432, 0.070092, 7.710155
56.761021, 0.067543, 7.429772
56.763024, 0.070092, 7.710155
56.764962, 0.067543, 7.429772
56.766782, 0.067543, 7.429772
56.768550, 0.070092, 7.710155
56.770175, 0.067543, 7.429772
56.771778, 0.067543, 7.429772
56.773520, 0.070092, 7.710155
56.775208, 0.070092, 7.710155
56.776994, 0.070092, 7.710155
56.778606, 0.067543, 7.429772
56.780320, 0.070092, 7.710155
56.782062, 0.067543, 7.429772
56.783866, 0.067543, 7.429772
56.785652, 0.067543, 7.429772
56.787252, 0.067543, 7.429772
56.788845, 0.067543, 7.429772
56.790437, 0.070092, 7.710155
56.792225, 0.070092, 7.710155
56.793956, 0.070092, 7.710155
56.795718, 0.067543, 7.429772
56.797552, 0.070092, 7.710155
56.799288, 0.067543, 7.429772
56.801121, 0.070092, 7.710155
56.804181, 0.070092, 7.710155
56.806400, 0.070092, 7.710155
56.808155, 0.070092, 7.710155
56.809880, 0.070092, 7.710155
56.811543, 0.070092, 7.710155
56.814420, 0.070092, 7.710155
56.816149, 0.067543, 7.429772
56.817973, 0.067543, 7.429772
56.819643, 0.067543, 7.429772
56.821337, 0.070092, 7.710155
56.823145, 0.070092, 7.710155
56.824746, 0.070092, 7.710155
56.826352, 0.067543, 7.429772
56.827953, 0.070092, 7.710155
56.830170, 0.070092, 7.710155
56.832302, 0.070092, 7.710155
56.834325, 0.067543, 7.429772
56.836121, 0.067543, 7.429772
56.837906, 0.070092, 7.710155
56.839536, 0.067543, 7.429772
56.841136, 0.067543, 7.429772
56.842763, 0.067543, 7.429772
56.844354, 0.070092, 7.710155
56.846642, 0.067543, 7.429772
56.848919, 0.070092, 7.710155
56.850863, 0.070092, 7.710155
56.852597, 0.070092, 7.710155
56.854359, 0.070092, 7.710155
56.856029, 0.070092, 7.710155
56.857668, 0.070092, 7.710155
56.859404, 0.067543, 7.429772
56.861010, 0.067543, 7.429772
56.862656, 0.070092, 7.710155
56.864316, 0.070092, 7.710155
56.866062, 0.070092, 7.710155
56.867836, 0.070092, 7.710155
56.869435, 0.067543, 7.429772
56.871023, 0.067543, 7.429772
56.872585, 0.070092, 7.710155
56.874190, 0.070092, 7.710155
56.876130, 0.067543, 7.429772
56.878178, 0.070092, 7.710155
56.881475, 0.067543, 7.429772
56.883412, 0.070092, 7.710155
56.885538, 0.070092, 7.710155
56.888253, 0.070092, 7.710155
56.890160, 0.070092, 7.710155
56.891898, 0.070092, 7.710155
56.893547, 0.070092, 7.710155
56.895330, 0.067543, 7.429772
56.897107, 0.070092, 7.710155
56.898816, 0.067543, 7.429772
56.900533, 0.067543, 7.429772
56.902136, 0.067543, 7.429772
56.903723, 0.067543, 7.429772
56.905302, 0.070092, 7.710155
56.907149, 0.070092, 7.710155
56.908855, 0.070092, 7.710155
56.910550, 0.070092, 7.710155
56.912716, 0.070092, 7.710155
56.914482, 0.067543, 7.429772
56.916363, 0.070092, 7.710155
56.918312, 0.070092, 7.710155
56.920144, 0.070092, 7.710155
56.921866, 0.067543, 7.429772
56.923476, 0.067543, 7.429772
56.925043, 0.067543, 7.429772
56.926698, 0.070092, 7.710155
56.928305, 0.070092, 7.710155
56.930025, 0.070092, 7.710155
56.931658, 0.067543, 7.429772
56.933377, 0.070092, 7.710155
56.935043, 0.067543, 7.429772
56.937311, 0.067543, 7.429772
56.940087, 0.070092, 7.710155
56.941865, 0.070092, 7.710155
56.943519, 0.067543, 7.429772
56.945121, 0.067543, 7.429772
56.946940, 0.070092, 7.710155
56.948651, 0.067543, 7.429772
56.950274, 0.070092, 7.710155
56.951918, 0.067543, 7.429772
56.953663, 0.070092, 7.710155
56.955239, 0.067543, 7.429772
56.957170, 0.070092, 7.710155
56.959080, 0.070092, 7.710155
56.960742, 0.070092, 7.710155
56.962394, 0.070092, 7.710155
56.964143, 0.070092, 7.710155
56.965899, 0.070092, 7.710155
56.967585, 0.070092, 7.710155
56.969225, 0.070092, 7.710155
56.970817, 0.067543, 7.429772
56.972406, 0.070092, 7.710155
56.974120, 0.070092, 7.710155
56.975688, 0.067543, 7.429772
56.977386, 0.070092, 7.710155
56.979039, 0.070092, 7.710155
56.980801, 0.067543, 7.429772
56.982473, 0.070092, 7.710155
56.984160, 0.070092, 7.710155
56.985736, 0.067543, 7.429772
56.988678, 0.070092, 7.710155
56.990305, 0.067543, 7.429772
56.991875, 0.070092, 7.710155
56.993454, 0.067543, 7.429772
56.995040, 0.067543, 7.429772
56.997245, 0.067543, 7.429772
56.998975, 0.067543, 7.429772
57.000724, 0.067543, 7.429772
57.002389, 0.070092, 7.710155
57.003971, 0.067543, 7.429772
57.005555, 0.070092, 7.710155
57.008403, 0.070092, 7.710155
57.010307, 0.070092, 7.710155
57.012012, 0.067543, 7.429772
57.013661, 0.070092, 7.710155
57.015434, 0.067543, 7.429772
57.017430, 0.067543, 7.429772
57.019169, 0.067543, 7.429772
57.020850, 0.070092, 7.710155
57.022494, 0.067543, 7.429772
57.024130, 0.067543, 7.429772
57.025803, 0.067543, 7.429772
57.027810, 0.070092, 7.710155
57.029667, 0.070092, 7.710155
57.031569, 0.070092, 7.710155
57.033316, 0.067543, 7.429772
57.034976, 0.070092, 7.710155
57.037018, 0.067543, 7.429772
57.039695, 0.067543, 7.429772
57.041335, 0.067543, 7.429772
57.043034, 0.070092, 7.710155
57.044632, 0.070092, 7.710155
57.046434, 0.070092, 7.710155
57.049090, 0.070092, 7.710155
57.050728, 0.067543, 7.429772
57.052389, 0.070092, 7.710155
57.053979, 0.070092, 7.710155
57.055540, 0.067543, 7.429772
57.057273, 0.067543, 7.429772
57.058883, 0.067543, 7.429772
57.060582, 0.067543, 7.429772
57.062219, 0.070092, 7.710155
57.063849, 0.067543, 7.429772
57.065515, 0.067543, 7.429772
57.067342, 0.067543, 7.429772
57.068971, 0.070092, 7.710155
57.070541, 0.067543, 7.429772
57.072131, 0.067543, 7.429772
57.073721, 0.070092, 7.710155
57.075300, 0.070092, 7.710155
57.076921, 0.070092, 7.710155
57.078561, 0.070092, 7.710155
57.080400, 0.067543, 7.429772
57.082090, 0.067543, 7.429772
57.085211, 0.067543, 7.429772
57.087979, 0.067543, 7.429772
57.090796, 0.070092, 7.710155
57.093222, 0.070092, 7.710155
57.095144, 0.067543, 7.429772
57.097880, 0.070092, 7.710155
57.099651, 0.067543, 7.429772
57.101408, 0.070092, 7.710155
57.103600, 0.067543, 7.429772
57.105300, 0.067543, 7.429772
57.107039, 0.067543, 7.429772
57.108703, 0.067543, 7.429772
57.110330, 0.070092, 7.710155
57.111916, 0.067543, 7.429772
57.114657, 0.067543, 7.429772
57.116306, 0.070092, 7.710155
57.119191, 0.067543, 7.429772
57.121081, 0.070092, 7.710155
57.122903, 0.067543, 7.429772
57.124529, 0.067543, 7.429772
57.126127, 0.067543, 7.429772
57.127733, 0.067543, 7.429772
57.130458, 0.067543, 7.429772
57.132116, 0.067543, 7.429772
57.133813, 0.070092, 7.710155
57.135544, 0.070092, 7.710155
57.137166, 0.070092, 7.710155
57.138904, 0.067543, 7.429772
57.140507, 0.067543, 7.429772
57.142094, 0.070092, 7.710155
57.143665, 0.070092, 7.710155
57.145251, 0.070092, 7.710155
57.148449, 0.067543, 7.429772
57.151259, 0.067543, 7.429772
57.153004, 0.067543, 7.429772
57.154605, 0.067543, 7.429772
57.156195, 0.070092, 7.710155
57.157849, 0.067543, 7.429772
57.159520, 0.067543, 7.429772
57.161149, 0.070092, 7.710155
57.163083, 0.067543, 7.429772
57.165744, 0.070092, 7.710155
57.167457, 0.067543, 7.429772
57.169142, 0.070092, 7.710155
57.170740, 0.067543, 7.429772
57.172424, 0.070092, 7.710155
57.174026, 0.070092, 7.710155
57.175618, 0.067543, 7.429772
57.177199, 0.070092, 7.710155
57.180226, 0.070092, 7.710155
57.183374, 0.067543, 7.429772
57.185421, 0.067543, 7.429772
57.187465, 0.067543, 7.429772
57.189440, 0.067543, 7.429772
57.191672, 0.067543, 7.429772
57.193529, 0.067543, 7.429772
57.195364, 0.067543, 7.429772
57.197128, 0.067543, 7.429772
57.199015, 0.067543, 7.429772
57.200760, 0.067543, 7.429772
57.202530, 0.070092, 7.710155
57.204152, 0.070092, 7.710155
57.205755, 0.070092, 7.710155
57.207427, 0.070092, 7.710155
57.209557, 0.067543, 7.429772
57.211285, 0.067543, 7.429772
57.212939, 0.067543, 7.429772
57.214699, 0.067543, 7.429772
57.216370, 0.070092, 7.710155
57.218147, 0.070092, 7.710155
57.219775, 0.067543, 7.429772
57.221360, 0.070092, 7.710155
57.222986, 0.070092, 7.710155
57.224608, 0.070092, 7.710155
57.226223, 0.070092, 7.710155
57.227939, 0.067543, 7.429772
57.229630, 0.067543, 7.429772
57.231348, 0.067543, 7.429772
57.233067, 0.067543, 7.429772
57.234701, 0.067543, 7.429772
57.236322, 0.070092, 7.710155
57.237995, 0.070092, 7.710155
57.239599, 0.070092, 7.710155
57.241256, 0.070092, 7.710155
57.242858, 0.070092, 7.710155
57.244551, 0.067543, 7.429772
57.246180, 0.067543, 7.429772
57.247973, 0.070092, 7.710155
57.249853, 0.070092, 7.710155
57.251504, 0.067543, 7.429772
57.253156, 0.067543, 7.429772
57.254787, 0.067543, 7.429772
57.256475, 0.067543, 7.429772
57.258380, 0.067543, 7.429772
57.260098, 0.067543, 7.429772
57.261854, 0.067543, 7.429772
57.263827, 0.070092, 7.710155
57.265479, 0.067543, 7.429772
57.267254, 0.070092, 7.710155
57.269503, 0.067543, 7.429772
57.271211, 0.067543, 7.429772
57.272802, 0.067543, 7.429772
57.274484, 0.067543, 7.429772
57.276557, 0.067543, 7.429772
57.278231, 0.067543, 7.429772
57.280043, 0.067543, 7.429772
57.281838, 0.067543, 7.429772
57.283459, 0.067543, 7.429772
57.285052, 0.067543, 7.429772
57.286625, 0.067543, 7.429772
57.289487, 0.070092, 7.710155
57.291120, 0.067543, 7.429772
57.292702, 0.070092, 7.710155
57.294282, 0.067543, 7.429772
57.296025, 0.070092, 7.710155
57.298191, 0.070092, 7.710155
57.299954, 0.067543, 7.429772
57.301599, 0.067543, 7.429772
57.303177, 0.067543, 7.429772
57.304839, 0.070092, 7.710155
57.306437, 0.070092, 7.710155
57.308902, 0.070092, 7.710155
57.310728, 0.067543, 7.429772
57.312325, 0.070092, 7.710155
57.315134, 0.070092, 7.710155
57.316763, 0.067543, 7.429772
57.318519, 0.067543, 7.429772
57.320122, 0.070092, 7.710155
57.321713, 0.070092, 7.710155
57.323289, 0.067543, 7.429772
57.324869, 0.070092, 7.710155
57.326457, 0.070092, 7.710155
57.328946, 0.070092, 7.710155
57.333326, 0.067543, 7.429772
57.335161, 0.067543, 7.429772
57.336986, 0.067543, 7.429772
57.338662, 0.067543, 7.429772
57.340266, 0.067543, 7.429772
57.341881, 0.067543, 7.429772
57.343608, 0.067543, 7.429772
57.345256, 0.067543, 7.429772
57.348958, 0.067543, 7.429772
57.350632, 0.067543, 7.429772
57.352348, 0.067543, 7.429772
57.353969, 0.067543, 7.429772
57.355555, 0.067543, 7.429772
57.357170, 0.070092, 7.710155
57.359318, 0.067543, 7.429772
57.362201, 0.070092, 7.710155
57.364740, 0.070092, 7.710155
57.366422, 0.070092, 7.710155
57.368200, 0.067543, 7.429772
57.369828, 0.070092, 7.710155
57.371429, 0.070092, 7.710155
57.373049, 0.070092, 7.710155
57.374701, 0.070092, 7.710155
57.376331, 0.070092, 7.710155
57.378055, 0.070092, 7.710155
57.380429, 0.070092, 7.710155
57.382909, 0.067543, 7.429772
57.384645, 0.067543, 7.429772
57.386246, 0.070092, 7.710155
57.387838, 0.067543, 7.429772
57.390235, 0.067543, 7.429772
57.392386, 0.067543, 7.429772
57.394179, 0.070092, 7.710155
57.395788, 0.070092, 7.710155
57.398268, 0.070092, 7.710155
57.400195, 0.067543, 7.429772
57.401936, 0.067543, 7.429772
57.403621, 0.067543, 7.429772
57.405203, 0.067543, 7.429772
57.406796, 0.067543, 7.429772
57.408380, 0.067543, 7.429772
57.409991, 0.067543, 7.429772
57.411590, 0.067543, 7.429772
57.413535, 0.070092, 7.710155
57.415279, 0.067543, 7.429772
57.416918, 0.070092, 7.710155
57.418533, 0.070092, 7.710155
57.420827, 0.067543, 7.429772
57.423099, 0.067543, 7.429772
57.424896, 0.067543, 7.429772
57.426500, 0.070092, 7.710155
57.428091, 0.070092, 7.710155
57.430161, 0.070092, 7.710155
57.432241, 0.067543, 7.429772
57.433909, 0.070092, 7.710155
57.435530, 0.070092, 7.710155
57.437131, 0.070092, 7.710155
57.438702, 0.067543, 7.429772
57.440419, 0.067543, 7.429772
57.442062, 0.067543, 7.429772
57.443696, 0.067543, 7.429772
57.445304, 0.070092, 7.710155
57.447101, 0.067543, 7.429772
57.448799, 0.070092, 7.710155
57.450599, 0.070092, 7.710155
57.452410, 0.070092, 7.710155
57.454073, 0.070092, 7.710155
57.455797, 0.067543, 7.429772
57.457389, 0.067543, 7.429772
57.458999, 0.070092, 7.710155
57.461329, 0.070092, 7.710155
57.463615, 0.067543, 7.429772
57.465769, 0.070092, 7.710155
57.467499, 0.067543, 7.429772
57.469112, 0.067543, 7.429772
57.470721, 0.067543, 7.429772
57.472445, 0.070092, 7.710155
57.474044, 0.070092, 7.710155
57.475636, 0.067543, 7.429772
57.477237, 0.067543, 7.429772
57.478829, 0.070092, 7.710155
57.482559, 0.067543, 7.429772
57.484668, 0.067543, 7.429772
57.486464, 0.070092, 7.710155
57.488076, 0.070092, 7.710155
57.489681, 0.067543, 7.429772
57.492135, 0.067543, 7.429772
57.494115, 0.067543, 7.429772
57.495719, 0.067543, 7.429772
57.497357, 0.067543, 7.429772
57.499007, 0.067543, 7.429772
57.501276, 0.067543, 7.429772
57.503549, 0.067543, 7.429772
57.505177, 0.067543, 7.429772
57.506774, 0.067543, 7.429772
57.508361, 0.070092, 7.710155
57.509933, 0.067543, 7.429772
57.511650, 0.070092, 7.710155
57.513407, 0.070092, 7.710155
57.515116, 0.070092, 7.710155
57.516827, 0.070092, 7.710155
57.518429, 0.070092, 7.710155
57.520102, 0.067543, 7.429772
57.521921, 0.070092, 7.710155
57.523569, 0.067543, 7.429772
57.525292, 0.070092, 7.710155
57.526906, 0.070092, 7.710155
57.528505, 0.070092, 7.710155
57.530171, 0.067543, 7.429772
57.532069, 0.070092, 7.710155
57.533772, 0.067543, 7.429772
57.535463, 0.067543, 7.429772
57.537067, 0.067543, 7.429772
57.538671, 0.067543, 7.429772
57.540269, 0.067543, 7.429772
57.542056, 0.067543, 7.429772
57.543666, 0.067543, 7.429772
57.545260, 0.067543, 7.429772
57.546948, 0.067543, 7.429772
57.548613, 0.067543, 7.429772
57.550351, 0.070092, 7.710155
57.552104, 0.070092, 7.710155
57.553795, 0.070092, 7.710155
57.555551, 0.067543, 7.429772
57.557155, 0.067543, 7.429772
57.558750, 0.067543, 7.429772
57.560344, 0.070092, 7.710155
57.563293, 0.070092, 7.710155
57.565063, 0.070092, 7.710155
57.566775, 0.070092, 7.710155
57.568465, 0.067543, 7.429772
57.570088, 0.067543, 7.429772
57.571806, 0.070092, 7.710155
57.573566, 0.067543, 7.429772
57.575260, 0.070092, 7.710155
57.576836, 0.070092, 7.710155
57.578467, 0.070092, 7.710155
57.580172, 0.067543, 7.429772
57.581919, 0.070092, 7.710155
57.583589, 0.070092, 7.710155
57.585181, 0.070092, 7.710155
57.586756, 0.067543, 7.429772
57.588352, 0.070092, 7.710155
57.589953, 0.070092, 7.710155
57.591664, 0.070092, 7.710155
57.593300, 0.067543, 7.429772
57.594936, 0.067543, 7.429772
57.596742, 0.067543, 7.429772
57.598406, 0.067543, 7.429772
57.600142, 0.070092, 7.710155
57.601872, 0.070092, 7.710155
57.603616, 0.070092, 7.710155
57.605319, 0.067543, 7.429772
57.606902, 0.067543, 7.429772
57.608494, 0.067543, 7.429772
57.610084, 0.070092, 7.710155
57.611906, 0.067543, 7.429772
57.613869, 0.070092, 7.710155
57.615621, 0.067543, 7.429772
57.617373, 0.067543, 7.429772
57.618971, 0.067543, 7.429772
57.620565, 0.070092, 7.710155
57.622578, 0.067543, 7.429772
57.624352, 0.070092, 7.710155
57.626030, 0.070092, 7.710155
57.627708, 0.067543, 7.429772
57.629385, 0.067543, 7.429772
57.631380, 0.070092, 7.710155
57.633493, 0.070092, 7.710155
57.635190, 0.067543, 7.429772
57.637337, 0.070092, 7.710155
57.638958, 0.067543, 7.429772
57.640599, 0.067543, 7.429772
57.642352, 0.067543, 7.429772
57.644013, 0.067543, 7.429772
57.645642, 0.070092, 7.710155
57.647796, 0.067543, 7.429772
57.650075, 0.067543, 7.429772
57.652521, 0.070092, 7.710155
57.654836, 0.070092, 7.710155
57.657210, 0.067543, 7.429772
57.659683, 0.070092, 7.710155
57.662427, 0.070092, 7.710155
57.664155, 0.067543, 7.429772
57.665804, 0.067543, 7.429772
57.667530, 0.070092, 7.710155
57.669140, 0.067543, 7.429772
57.670728, 0.070092, 7.710155
57.672427, 0.070092, 7.710155
57.674169, 0.070092, 7.710155
57.675781, 0.067543, 7.429772
57.677388, 0.070092, 7.710155
57.679041, 0.067543, 7.429772
57.680668, 0.067543, 7.429772
57.682267, 0.067543, 7.429772
57.683931, 0.070092, 7.710155
57.685561, 0.067543, 7.429772
57.687257, 0.070092, 7.710155
57.688959, 0.067543, 7.429772
57.690651, 0.067543, 7.429772
57.692254, 0.067543, 7.429772
57.695372, 0.070092, 7.710155
57.697540, 0.070092, 7.710155
57.699339, 0.070092, 7.710155
57.701105, 0.070092, 7.710155
57.702769, 0.070092, 7.710155
57.704384, 0.070092, 7.710155
57.705987, 0.070092, 7.710155
57.707616, 0.067543, 7.429772
57.709667, 0.067543, 7.429772
57.711682, 0.067543, 7.429772
57.713572, 0.067543, 7.429772
57.715607, 0.067543, 7.429772
57.717333, 0.070092, 7.710155
57.719052, 0.067543, 7.429772
57.720798, 0.067543, 7.429772
57.722440, 0.070092, 7.710155
57.724425, 0.070092, 7.710155
57.726263, 0.070092, 7.710155
57.727909, 0.067543, 7.429772
57.729662, 0.067543, 7.429772
57.731399, 0.067543, 7.429772
57.733052, 0.067543, 7.429772
57.734765, 0.070092, 7.710155
57.736370, 0.070092, 7.710155
57.737951, 0.067543, 7.429772
57.739679, 0.070092, 7.710155
57.741339, 0.067543, 7.429772
57.743006, 0.067543, 7.429772
57.744609, 0.067543, 7.429772
57.746225, 0.070092, 7.710155
57.747885, 0.070092, 7.710155
57.749703, 0.067543, 7.429772
57.751407, 0.067543, 7.429772
57.753095, 0.070092, 7.710155
57.754698, 0.070092, 7.710155
57.756289, 0.067543, 7.429772
57.757873, 0.067543, 7.429772
57.759687, 0.067543, 7.429772
57.761344, 0.067543, 7.429772
57.763103, 0.067543, 7.429772
57.764776, 0.070092, 7.710155
57.766504, 0.067543, 7.429772
57.768114, 0.067543, 7.429772
57.769885, 0.067543, 7.429772
57.771574, 0.070092, 7.710155
57.773303, 0.067543, 7.429772
57.774917, 0.067543, 7.429772
57.776525, 0.070092, 7.710155
57.778100, 0.067543, 7.429772
57.779864, 0.070092, 7.710155
57.781532, 0.067543, 7.429772
57.783379, 0.070092, 7.710155
57.785030, 0.070092, 7.710155
57.786622, 0.067543, 7.429772
57.788197, 0.070092, 7.710155
57.789895, 0.067543, 7.429772
57.791496, 0.070092, 7.710155
57.793086, 0.067543, 7.429772
57.794670, 0.067543, 7.429772
57.796295, 0.070092, 7.710155
57.798041, 0.070092, 7.710155
57.799933, 0.070092, 7.710155
57.801632, 0.067543, 7.429772
57.803385, 0.067543, 7.429772
57.804991, 0.067543, 7.429772
57.806586, 0.067543, 7.429772
57.808157, 0.067543, 7.429772
57.811114, 0.070092, 7.710155
57.812905, 0.067543, 7.429772
57.815176, 0.070092, 7.710155
57.816957, 0.067543, 7.429772
57.818652, 0.067543, 7.429772
57.820228, 0.067543, 7.429772
57.821818, 0.067543, 7.429772
57.823408, 0.067543, 7.429772
57.825000, 0.067543, 7.429772
57.826579, 0.067543, 7.429772
57.828144, 0.067543, 7.429772
57.829935, 0.067543, 7.429772
57.831659, 0.070092, 7.710155
57.833361, 0.067543, 7.429772
57.834962, 0.067543, 7.429772
57.836657, 0.067543, 7.429772
57.838222, 0.067543, 7.429772
57.840024, 0.070092, 7.710155
57.841681, 0.070092, 7.710155
57.843484, 0.067543, 7.429772
57.845136, 0.067543, 7.429772
57.846872, 0.067543, 7.429772
57.848772, 0.070092, 7.710155
57.850485, 0.070092, 7.710155
57.852183, 0.067543, 7.429772
57.853860, 0.067543, 7.429772
57.855452, 0.067543, 7.429772
57.857033, 0.070092, 7.710155
57.858872, 0.070092, 7.710155
57.861709, 0.070092, 7.710155
57.864068, 0.070092, 7.710155
57.865805, 0.070092, 7.710155
57.867484, 0.067543, 7.429772
57.869218, 0.067543, 7.429772
57.870842, 0.070092, 7.710155
57.872541, 0.067543, 7.429772
57.874312, 0.070092, 7.710155
57.875973, 0.067543, 7.429772
57.877627, 0.067543, 7.429772
57.880032, 0.070092, 7.710155
57.882047, 0.067543, 7.429772
57.883746, 0.070092, 7.710155
57.885404, 0.067543, 7.429772
57.887000, 0.070092, 7.710155
57.888617, 0.067543, 7.429772
57.890346, 0.067543, 7.429772
57.891965, 0.067543, 7.429772
57.893571, 0.070092, 7.710155
57.895155, 0.070092, 7.710155
57.897780, 0.067543, 7.429772
57.899458, 0.067543, 7.429772
57.901112, 0.067543, 7.429772
57.902684, 0.070092, 7.710155
57.904353, 0.067543, 7.429772
57.907788, 0.070092, 7.710155
57.909811, 0.070092, 7.710155
57.911548, 0.070092, 7.710155
57.913615, 0.070092, 7.710155
57.915799, 0.067543, 7.429772
57.918433, 0.070092, 7.710155
57.920218, 0.070092, 7.710155
57.921977, 0.070092, 7.710155
57.923703, 0.067543, 7.429772
57.925377, 0.070092, 7.710155
57.926999, 0.067543, 7.429772
57.928584, 0.070092, 7.710155
57.930348, 0.067543, 7.429772
57.932139, 0.067543, 7.429772
57.933936, 0.070092, 7.710155
57.936692, 0.070092, 7.710155
57.938477, 0.070092, 7.710155
57.940178, 0.070092, 7.710155
57.941772, 0.067543, 7.429772
57.943371, 0.067543, 7.429772
57.945015, 0.067543, 7.429772
57.946798, 0.067543, 7.429772
57.948540, 0.067543, 7.429772
57.950232, 0.067543, 7.429772
57.951847, 0.067543, 7.429772
57.953421, 0.070092, 7.710155
57.955851, 0.067543, 7.429772
57.957958, 0.067543, 7.429772
57.959687, 0.067543, 7.429772
57.961301, 0.070092, 7.710155
57.963855, 0.070092, 7.710155
57.966424, 0.070092, 7.710155
57.968126, 0.067543, 7.429772
57.969828, 0.067543, 7.429772
57.971588, 0.067543, 7.429772
57.973205, 0.067543, 7.429772
57.975072, 0.070092, 7.710155
57.977605, 0.070092, 7.710155
57.979304, 0.067543, 7.429772
57.981697, 0.070092, 7.710155
57.983326, 0.070092, 7.710155
57.985244, 0.067543, 7.429772
57.986888, 0.067543, 7.429772
57.988579, 0.067543, 7.429772
57.990169, 0.067543, 7.429772
57.991765, 0.067543, 7.429772
57.993427, 0.070092, 7.710155
57.995161, 0.070092, 7.710155
57.997632, 0.070092, 7.710155
57.999438, 0.067543, 7.429772
58.001179, 0.070092, 7.710155
58.002786, 0.070092, 7.710155
58.004392, 0.067543, 7.429772
58.006350, 0.070092, 7.710155
58.008083, 0.067543, 7.429772
58.009754, 0.067543, 7.429772
58.011359, 0.067543, 7.429772
58.013271, 0.067543, 7.429772
58.014978, 0.067543, 7.429772
58.016865, 0.067543, 7.429772
58.020036, 0.070092, 7.710155
58.021814, 0.067543, 7.429772
58.023577, 0.070092, 7.710155
58.025320, 0.067543, 7.429772
58.026932, 0.067543, 7.429772
58.028580, 0.070092, 7.710155
58.031439, 0.070092, 7.710155
58.033039, 0.067543, 7.429772
58.034982, 0.067543, 7.429772
58.036996, 0.070092, 7.710155
58.038652, 0.067543, 7.429772
58.040252, 0.067543, 7.429772
58.041842, 0.070092, 7.710155
58.043431, 0.067543, 7.429772
58.045106, 0.070092, 7.710155
58.046777, 0.070092, 7.710155
58.048450, 0.070092, 7.710155
58.050097, 0.070092, 7.710155
58.051693, 0.067543, 7.429772
58.053359, 0.070092, 7.710155
58.055085, 0.070092, 7.710155
58.056702, 0.070092, 7.710155
58.058351, 0.067543, 7.429772
58.059956, 0.070092, 7.710155
58.061543, 0.067543, 7.429772
58.063168, 0.067543, 7.429772
58.064928, 0.067543, 7.429772
58.066641, 0.070092, 7.710155
58.068323, 0.070092, 7.710155
58.069936, 0.070092, 7.710155
58.071540, 0.070092, 7.710155
58.073189, 0.070092, 7.710155
58.074922, 0.070092, 7.710155
58.076615, 0.070092, 7.710155
58.078286, 0.067543, 7.429772
58.080225, 0.067543, 7.429772
58.081912, 0.070092, 7.710155
58.083761, 0.067543, 7.429772
58.086443, 0.070092, 7.710155
58.088293, 0.067543, 7.429772
58.089884, 0.067543, 7.429772
58.091477, 0.070092, 7.710155
58.093053, 0.070092, 7.710155
58.095043, 0.067543, 7.429772
58.098278, 0.067543, 7.429772
58.100005, 0.067543, 7.429772
58.101614, 0.067543, 7.429772
58.103215, 0.067543, 7.429772
58.104846, 0.070092, 7.710155
58.107988, 0.070092, 7.710155
58.109736, 0.067543, 7.429772
58.111409, 0.067543, 7.429772
58.113157, 0.070092, 7.710155
58.115037, 0.067543, 7.429772
58.116848, 0.070092, 7.710155
58.118578, 0.070092, 7.710155
58.120799, 0.070092, 7.710155
58.122534, 0.067543, 7.429772
58.124217, 0.067543, 7.429772
58.127175, 0.067543, 7.429772
58.129057, 0.067543, 7.429772
58.131664, 0.067543, 7.429772
58.133447, 0.067543, 7.429772
58.135185, 0.070092, 7.710155
58.137287, 0.070092, 7.710155
58.138989, 0.070092, 7.710155
58.140683, 0.070092, 7.710155
58.142290, 0.067543, 7.429772
58.143975, 0.067543, 7.429772
58.145693, 0.070092, 7.710155
58.147343, 0.067543, 7.429772
58.148988, 0.067543, 7.429772
58.150736, 0.067543, 7.429772
58.153475, 0.067543, 7.429772
58.155730, 0.067543, 7.429772
58.157475, 0.070092, 7.710155
58.159179, 0.067543, 7.429772
58.160857, 0.067543, 7.429772
58.162563, 0.067543, 7.429772
58.164295, 0.070092, 7.710155
58.166052, 0.067543, 7.429772
58.167743, 0.070092, 7.710155
58.169421, 0.070092, 7.710155
58.171314, 0.067543, 7.429772
58.174322, 0.067543, 7.429772
58.176182, 0.067543, 7.429772
58.177805, 0.067543, 7.429772
58.179443, 0.067543, 7.429772
58.181602, 0.067543, 7.429772
58.183290, 0.070092, 7.710155
58.185254, 0.067543, 7.429772
58.187739, 0.070092, 7.710155
58.189466, 0.067543, 7.429772
58.191069, 0.070092, 7.710155
58.192655, 0.070092, 7.710155
58.194231, 0.070092, 7.710155
58.196482, 0.067543, 7.429772
58.198983, 0.067543, 7.429772
58.200898, 0.067543, 7.429772
58.203061, 0.067543, 7.429772
58.205166, 0.067543, 7.429772
58.207153, 0.067543, 7.429772
58.208963, 0.067543, 7.429772
58.210719, 0.067543, 7.429772
58.212714, 0.070092, 7.710155
58.214579, 0.070092, 7.710155
58.216452, 0.070092, 7.710155
58.218220, 0.070092, 7.710155
58.219931, 0.067543, 7.429772
58.221618, 0.067543, 7.429772
58.223247, 0.067543, 7.429772
58.224856, 0.070092, 7.710155
58.226667, 0.070092, 7.710155
58.228486, 0.067543, 7.429772
58.230228, 0.067543, 7.429772
58.231933, 0.070092, 7.710155
58.233771, 0.067543, 7.429772
58.235524, 0.070092, 7.710155
58.237190, 0.070092, 7.710155
58.238892, 0.067543, 7.429772
58.240500, 0.070092, 7.710155
58.242115, 0.070092, 7.710155
58.243741, 0.070092, 7.710155
58.245726, 0.067543, 7.429772
58.247718, 0.067543, 7.429772
58.249385, 0.067543, 7.429772
58.251151, 0.067543, 7.429772
58.252796, 0.067543, 7.429772
58.254456, 0.067543, 7.429772
58.256336, 0.070092, 7.710155
58.258000, 0.070092, 7.710155
58.259738, 0.070092, 7.710155
58.261340, 0.067543, 7.429772
58.262990, 0.070092, 7.710155
58.264669, 0.070092, 7.710155
58.266667, 0.067543, 7.429772
58.268504, 0.070092, 7.710155
58.270199, 0.067543, 7.429772
58.271836, 0.067543, 7.429772
58.273438, 0.070092, 7.710155
58.275033, 0.070092, 7.710155
58.276813, 0.070092, 7.710155
58.278426, 0.070092, 7.710155
58.280154, 0.070092, 7.710155
58.281923, 0.067543, 7.429772
58.283608, 0.067543, 7.429772
58.285213, 0.070092, 7.710155
58.286899, 0.070092, 7.710155
58.288490, 0.070092, 7.710155
58.290096, 0.067543, 7.429772
58.291705, 0.067543, 7.429772
58.293308, 0.070092, 7.710155
58.294897, 0.070092, 7.710155
58.297695, 0.067543, 7.429772
58.300976, 0.070092, 7.710155
58.302716, 0.067543, 7.429772
58.304506, 0.067543, 7.429772
58.306085, 0.067543, 7.429772
58.307661, 0.070092, 7.710155
58.309266, 0.067543, 7.429772
58.310833, 0.067543, 7.429772
58.313094, 0.070092, 7.710155
58.315687, 0.067543, 7.429772
58.317414, 0.067543, 7.429772
58.319121, 0.067543, 7.429772
58.320702, 0.070092, 7.710155
58.322368, 0.070092, 7.710155
58.323942, 0.070092, 7.710155
58.325523, 0.067543, 7.429772
58.327086, 0.070092, 7.710155
58.329664, 0.070092, 7.710155
58.331896, 0.070092, 7.710155
58.333615, 0.070092, 7.710155
58.335199, 0.070092, 7.710155
58.336886, 0.067543, 7.429772
58.338457, 0.070092, 7.710155
58.340037, 0.070092, 7.710155
58.341597, 0.067543, 7.429772
58.343910, 0.067543, 7.429772
58.347431, 0.067543, 7.429772
58.349138, 0.070092, 7.710155
58.350875, 0.067543, 7.429772
58.352448, 0.070092, 7.710155
58.354111, 0.070092, 7.710155
58.355690, 0.070092, 7.710155
58.357445, 0.070092, 7.710155
58.359054, 0.070092, 7.710155
58.360810, 0.070092, 7.710155
58.362966, 0.067543, 7.429772
58.364636, 0.070092, 7.710155
58.366367, 0.067543, 7.429772
58.368244, 0.070092, 7.710155
58.369986, 0.070092, 7.710155
58.371628, 0.067543, 7.429772
58.373223, 0.067543, 7.429772
58.374809, 0.067543, 7.429772
58.376430, 0.070092, 7.710155
58.378017, 0.070092, 7.710155
58.379988, 0.067543, 7.429772
58.382520, 0.070092, 7.710155
58.384318, 0.067543, 7.429772
58.385913, 0.067543, 7.429772
58.388929, 0.067543, 7.429772
58.390732, 0.070092, 7.710155
58.392476, 0.070092, 7.710155
58.394218, 0.070092, 7.710155
58.396645, 0.067543, 7.429772
58.398671, 0.070092, 7.710155
58.400399, 0.067543, 7.429772
58.402334, 0.070092, 7.710155
58.404150, 0.067543, 7.429772
58.405886, 0.070092, 7.710155
58.407622, 0.067543, 7.429772
58.409292, 0.070092, 7.710155
58.410881, 0.067543, 7.429772
58.412612, 0.070092, 7.710155
58.414349, 0.067543, 7.429772
58.416058, 0.067543, 7.429772
58.418099, 0.070092, 7.710155
58.420126, 0.070092, 7.710155
58.421789, 0.070092, 7.710155
58.423495, 0.070092, 7.710155
58.425156, 0.067543, 7.429772
58.426758, 0.070092, 7.710155
58.428374, 0.067543, 7.429772
58.430054, 0.067543, 7.429772
58.431685, 0.070092, 7.710155
58.433363, 0.067543, 7.429772
58.435152, 0.070092, 7.710155
58.436733, 0.067543, 7.429772
58.438314, 0.067543, 7.429772
58.440187, 0.067543, 7.429772
58.442444, 0.067543, 7.429772
58.444114, 0.067543, 7.429772
58.445850, 0.070092, 7.710155
58.447771, 0.070092, 7.710155
58.449521, 0.070092, 7.710155
58.451474, 0.067543, 7.429772
58.453179, 0.067543, 7.429772
58.454894, 0.070092, 7.710155
58.456473, 0.070092, 7.710155
58.458059, 0.070092, 7.710155
58.459632, 0.067543, 7.429772
58.461332, 0.067543, 7.429772
58.463075, 0.067543, 7.429772
58.464939, 0.070092, 7.710155
58.466677, 0.067543, 7.429772
58.468401, 0.067543, 7.429772
58.469983, 0.070092, 7.710155
58.471691, 0.067543, 7.429772
58.473535, 0.070092, 7.710155
58.475229, 0.067543, 7.429772
58.476805, 0.067543, 7.429772
58.478388, 0.070092, 7.710155
58.480022, 0.067543, 7.429772
58.481864, 0.070092, 7.710155
58.483491, 0.070092, 7.710155
58.485222, 0.067543, 7.429772
58.486937, 0.070092, 7.710155
58.488529, 0.070092, 7.710155
58.490108, 0.067543, 7.429772
58.491783, 0.070092, 7.710155
58.493361, 0.070092, 7.710155
58.494948, 0.070092, 7.710155
58.496577, 0.070092, 7.710155
58.498212, 0.070092, 7.710155
58.500008, 0.067543, 7.429772
58.501691, 0.070092, 7.710155
58.503270, 0.067543, 7.429772
58.504877, 0.070092, 7.710155
58.506460, 0.067543, 7.429772
58.508045, 0.070092, 7.710155
58.509626, 0.070092, 7.710155
58.511194, 0.070092, 7.710155
58.513646, 0.070092, 7.710155
58.515620, 0.067543, 7.429772
58.517454, 0.067543, 7.429772
58.519132, 0.067543, 7.429772
58.520724, 0.067543, 7.429772
58.522561, 0.070092, 7.710155
58.524260, 0.070092, 7.710155
58.526049, 0.070092, 7.710155
58.527796, 0.067543, 7.429772
58.529405, 0.070092, 7.710155
58.531070, 0.070092, 7.710155
58.532948, 0.070092, 7.710155
58.534859, 0.070092, 7.710155
58.536722, 0.067543, 7.429772
58.538867, 0.067543, 7.429772
58.540523, 0.067543, 7.429772
58.542102, 0.070092, 7.710155
58.543781, 0.070092, 7.710155
58.545528, 0.067543, 7.429772
58.547482, 0.067543, 7.429772
58.549104, 0.067543, 7.429772
58.550948, 0.070092, 7.710155
58.552595, 0.070092, 7.710155
58.554281, 0.070092, 7.710155
58.555856, 0.070092, 7.710155
58.557419, 0.067543, 7.429772
58.558990, 0.070092, 7.710155
58.560586, 0.067543, 7.429772
58.562185, 0.070092, 7.710155
58.564113, 0.070092, 7.710155
58.565928, 0.070092, 7.710155
58.567715, 0.067543, 7.429772
58.569284, 0.067543, 7.429772
58.570863, 0.067543, 7.429772
58.572453, 0.067543, 7.429772
58.575012, 0.067543, 7.429772
58.577080, 0.067543, 7.429772
58.578732, 0.067543, 7.429772
58.580599, 0.070092, 7.710155
58.582250, 0.070092, 7.710155
58.584071, 0.070092, 7.710155
58.585667, 0.070092, 7.710155
58.587393, 0.070092, 7.710155
58.588943, 0.067543, 7.429772
58.590503, 0.067543, 7.429772
58.592069, 0.070092, 7.710155
58.593815, 0.070092, 7.710155
58.595434, 0.070092, 7.710155
58.597850, 0.070092, 7.710155
58.600083, 0.070092, 7.710155
58.601867, 0.070092, 7.710155
58.604104, 0.067543, 7.429772
58.606999, 0.070092, 7.710155
58.608702, 0.070092, 7.710155
58.610402, 0.067543, 7.429772
58.612096, 0.070092, 7.710155
58.614570, 0.070092, 7.710155
58.616962, 0.070092, 7.710155
58.618696, 0.070092, 7.710155
58.620315, 0.070092, 7.710155
58.621992, 0.070092, 7.710155
58.623957, 0.070092, 7.710155
58.625633, 0.067543, 7.429772
58.627348, 0.070092, 7.710155
58.628911, 0.070092, 7.710155
58.630527, 0.067543, 7.429772
58.632185, 0.070092, 7.710155
58.634194, 0.070092, 7.710155
58.635945, 0.067543, 7.429772
58.637590, 0.070092, 7.710155
58.639181, 0.070092, 7.710155
58.640787, 0.067543, 7.429772
58.642374, 0.070092, 7.710155
58.644132, 0.070092, 7.710155
58.645938, 0.070092, 7.710155
58.647748, 0.070092, 7.710155
58.649350, 0.067543, 7.429772
58.650940, 0.070092, 7.710155
58.652612, 0.070092, 7.710155
58.654496, 0.067543, 7.429772
58.656100, 0.070092, 7.710155
58.657730, 0.067543, 7.429772
58.659363, 0.070092, 7.710155
58.661061, 0.070092, 7.710155
58.662797, 0.067543, 7.429772
58.664690, 0.070092, 7.710155
58.666762, 0.070092, 7.710155
58.668447, 0.067543, 7.429772
58.670104, 0.070092, 7.710155
58.671799, 0.070092, 7.710155
58.673457, 0.067543, 7.429772
58.675209, 0.070092, 7.710155
58.678493, 0.067543, 7.429772
58.680402, 0.070092, 7.710155
58.682090, 0.070092, 7.710155
58.683971, 0.070092, 7.710155
58.685899, 0.070092, 7.710155
58.687734, 0.070092, 7.710155
58.689405, 0.070092, 7.710155
58.691132, 0.067543, 7.429772
58.692977, 0.070092, 7.710155
58.694798, 0.070092, 7.710155
58.697735, 0.070092, 7.710155
58.699432, 0.067543, 7.429772
58.701148, 0.067543, 7.429772
58.702742, 0.070092, 7.710155
58.704303, 0.070092, 7.710155
58.706309, 0.070092, 7.710155
58.707901, 0.067543, 7.429772
58.709480, 0.070092, 7.710155
58.711066, 0.070092, 7.710155
58.712702, 0.070092, 7.710155
58.715496, 0.070092, 7.710155
58.717217, 0.070092, 7.710155
58.719406, 0.070092, 7.710155
58.721088, 0.070092, 7.710155
58.722838, 0.070092, 7.710155
58.724460, 0.070092, 7.710155
58.726400, 0.067543, 7.429772
58.728144, 0.067543, 7.429772
58.729765, 0.070092, 7.710155
58.731389, 0.072641, 7.990538
58.733030, 0.070092, 7.710155
58.734871, 0.070092, 7.710155
58.736580, 0.070092, 7.710155
58.738245, 0.070092, 7.710155
58.739977, 0.070092, 7.710155
58.741575, 0.070092, 7.710155
58.743169, 0.070092, 7.710155
58.744759, 0.070092, 7.710155
58.746668, 0.070092, 7.710155
58.748402, 0.070092, 7.710155
58.750042, 0.070092, 7.710155
58.751708, 0.070092, 7.710155
58.753509, 0.070092, 7.710155
58.755161, 0.070092, 7.710155
58.756838, 0.070092, 7.710155
58.758434, 0.070092, 7.710155
58.760013, 0.070092, 7.710155
58.761612, 0.070092, 7.710155
58.763273, 0.070092, 7.710155
58.764930, 0.070092, 7.710155
58.766749, 0.070092, 7.710155
58.768515, 0.070092, 7.710155
58.770197, 0.070092, 7.710155
58.771953, 0.067543, 7.429772
58.773549, 0.070092, 7.710155
58.775150, 0.070092, 7.710155
58.777163, 0.070092, 7.710155
58.778949, 0.070092, 7.710155
58.780765, 0.070092, 7.710155
58.782452, 0.070092, 7.710155
58.784161, 0.070092, 7.710155
58.785756, 0.067543, 7.429772
58.787439, 0.067543, 7.429772
58.789138, 0.070092, 7.710155
58.790858, 0.067543, 7.429772
58.792424, 0.067543, 7.429772
58.794003, 0.070092, 7.710155
58.795622, 0.067543, 7.429772
58.797493, 0.070092, 7.710155
58.799224, 0.070092, 7.710155
58.800933, 0.070092, 7.710155
58.802625, 0.070092, 7.710155
58.804188, 0.070092, 7.710155
58.805775, 0.070092, 7.710155
58.807563, 0.070092, 7.710155
58.809222, 0.070092, 7.710155
58.810981, 0.067543, 7.429772
58.812644, 0.070092, 7.710155
58.814322, 0.070092, 7.710155
58.816041, 0.070092, 7.710155
58.817824, 0.070092, 7.710155
58.819522, 0.070092, 7.710155
58.821249, 0.070092, 7.710155
58.822827, 0.070092, 7.710155
58.824387, 0.070092, 7.710155
58.825961, 0.070092, 7.710155
58.827601, 0.070092, 7.710155
58.829259, 0.067543, 7.429772
58.830950, 0.067543, 7.429772
58.832730, 0.070092, 7.710155
58.834356, 0.070092, 7.710155
58.835941, 0.070092, 7.710155
58.837529, 0.070092, 7.710155
58.839481, 0.070092, 7.710155
58.841194, 0.070092, 7.710155
58.842959, 0.070092, 7.710155
58.844532, 0.070092, 7.710155
58.846276, 0.070092, 7.710155
58.848068, 0.070092, 7.710155
58.849959, 0.070092, 7.710155
58.851560, 0.070092, 7.710155
58.853147, 0.067543, 7.429772
58.854721, 0.070092, 7.710155
58.856284, 0.070092, 7.710155
58.857861, 0.070092, 7.710155
58.859607, 0.070092, 7.710155
58.861330, 0.070092, 7.710155
58.863097, 0.070092, 7.710155
58.865872, 0.070092, 7.710155
58.867601, 0.070092, 7.710155
58.870796, 0.070092, 7.710155
58.872437, 0.070092, 7.710155
58.874027, 0.070092, 7.710155
58.875591, 0.067543, 7.429772
58.877170, 0.070092, 7.710155
58.878849, 0.070092, 7.710155
58.880496, 0.070092, 7.710155
58.882134, 0.070092, 7.710155
58.883825, 0.070092, 7.710155
58.885404, 0.070092, 7.710155
58.886998, 0.070092, 7.710155
58.889690, 0.070092, 7.710155
58.892440, 0.070092, 7.710155
58.894213, 0.070092, 7.710155
58.897181, 0.070092, 7.710155
58.900070, 0.070092, 7.710155
58.902706, 0.070092, 7.710155
58.904491, 0.070092, 7.710155
58.906567, 0.070092, 7.710155
58.908296, 0.070092, 7.710155
58.909912, 0.070092, 7.710155
58.911639, 0.070092, 7.710155
58.914365, 0.070092, 7.710155
58.916286, 0.070092, 7.710155
58.918207, 0.070092, 7.710155
58.920280, 0.070092, 7.710155
58.922343, 0.070092, 7.710155
58.924362, 0.070092, 7.710155
58.926177, 0.070092, 7.710155
58.927979, 0.070092, 7.710155
58.930802, 0.070092, 7.710155
58.933319, 0.070092, 7.710155
58.935853, 0.067543, 7.429772
58.937881, 0.070092, 7.710155
58.939866, 0.067543, 7.429772
58.941926, 0.070092, 7.710155
58.943840, 0.070092, 7.710155
58.946381, 0.072641, 7.990538
58.948489, 0.070092, 7.710155
58.950381, 0.070092, 7.710155
58.952317, 0.070092, 7.710155
58.954089, 0.070092, 7.710155
58.955751, 0.070092, 7.710155
58.957384, 0.070092, 7.710155
58.959015, 0.070092, 7.710155
58.960750, 0.070092, 7.710155
58.962638, 0.070092, 7.710155
58.964641, 0.070092, 7.710155
58.966453, 0.070092, 7.710155
58.968302, 0.070092, 7.710155
58.969932, 0.070092, 7.710155
58.971568, 0.070092, 7.710155
58.973180, 0.070092, 7.710155
58.975103, 0.070092, 7.710155
58.977399, 0.067543, 7.429772
58.979197, 0.070092, 7.710155
58.981178, 0.070092, 7.710155
58.982964, 0.070092, 7.710155
58.984792, 0.070092, 7.710155
58.986395, 0.067543, 7.429772
58.987985, 0.070092, 7.710155
58.989596, 0.070092, 7.710155
58.991555, 0.070092, 7.710155
58.993358, 0.067543, 7.429772
58.997580, 0.070092, 7.710155
59.000296, 0.067543, 7.429772
59.003631, 0.070092, 7.710155
59.005522, 0.070092, 7.710155
59.007662, 0.067543, 7.429772
59.009591, 0.070092, 7.710155
59.011433, 0.070092, 7.710155
59.013271, 0.070092, 7.710155
59.015090, 0.070092, 7.710155
59.016822, 0.070092, 7.710155
59.018473, 0.070092, 7.710155
59.020096, 0.070092, 7.710155
59.021827, 0.070092, 7.710155
59.023527, 0.070092, 7.710155
59.025324, 0.070092, 7.710155
59.026942, 0.070092, 7.710155
59.028547, 0.070092, 7.710155
59.030281, 0.070092, 7.710155
59.032473, 0.070092, 7.710155
59.034565, 0.070092, 7.710155
59.036583, 0.070092, 7.710155
59.038307, 0.070092, 7.710155
59.039889, 0.070092, 7.710155
59.041700, 0.070092, 7.710155
59.043389, 0.070092, 7.710155
59.045066, 0.070092, 7.710155
59.046880, 0.070092, 7.710155
59.048612, 0.070092, 7.710155
59.051128, 0.070092, 7.710155
59.053694, 0.070092, 7.710155
59.055429, 0.070092, 7.710155
59.057015, 0.070092, 7.710155
59.058590, 0.070092, 7.710155
59.060223, 0.070092, 7.710155
59.061817, 0.070092, 7.710155
59.063450, 0.070092, 7.710155
59.065063, 0.070092, 7.710155
59.066834, 0.070092, 7.710155
59.068410, 0.067543, 7.429772
59.069968, 0.070092, 7.710155
59.071741, 0.070092, 7.710155
59.073430, 0.070092, 7.710155
59.075035, 0.070092, 7.710155
59.076616, 0.070092, 7.710155
59.078176, 0.067543, 7.429772
59.079774, 0.070092, 7.710155
59.081510, 0.070092, 7.710155
59.083153, 0.070092, 7.710155
59.085397, 0.067543, 7.429772
59.087051, 0.070092, 7.710155
59.088822, 0.070092, 7.710155
59.091003, 0.070092, 7.710155
59.093552, 0.070092, 7.710155
59.095326, 0.070092, 7.710155
59.096939, 0.070092, 7.710155
59.098599, 0.070092, 7.710155
59.100465, 0.070092, 7.710155
59.102126, 0.070092, 7.710155
59.103706, 0.070092, 7.710155
59.105644, 0.070092, 7.710155
59.107309, 0.070092, 7.710155
59.108901, 0.070092, 7.710155
59.110696, 0.070092, 7.710155
59.112482, 0.067543, 7.429772
59.114162, 0.070092, 7.710155
59.115786, 0.070092, 7.710155
59.117476, 0.070092, 7.710155
59.119283, 0.070092, 7.710155
59.121507, 0.070092, 7.710155
59.123504, 0.070092, 7.710155
59.125112, 0.070092, 7.710155
59.126700, 0.070092, 7.710155
59.128290, 0.067543, 7.429772
59.130045, 0.070092, 7.710155
59.131915, 0.067543, 7.429772
59.133582, 0.070092, 7.710155
59.135356, 0.067543, 7.429772
59.136947, 0.070092, 7.710155
59.138534, 0.070092, 7.710155
59.140301, 0.070092, 7.710155
59.141908, 0.072641, 7.990538
59.143480, 0.070092, 7.710155
59.145066, 0.070092, 7.710155
59.146737, 0.067543, 7.429772
59.148388, 0.070092, 7.710155
59.150763, 0.070092, 7.710155
59.153247, 0.070092, 7.710155
59.154849, 0.070092, 7.710155
59.156441, 0.070092, 7.710155
59.158032, 0.070092, 7.710155
59.159699, 0.070092, 7.710155
59.161295, 0.067543, 7.429772
59.162962, 0.070092, 7.710155
59.164728, 0.070092, 7.710155
59.166404, 0.070092, 7.710155
59.168114, 0.070092, 7.710155
59.169980, 0.070092, 7.710155
59.171717, 0.070092, 7.710155
59.173471, 0.070092, 7.710155
59.175190, 0.070092, 7.710155
59.176794, 0.070092, 7.710155
59.178396, 0.070092, 7.710155
59.180358, 0.070092, 7.710155
59.184662, 0.070092, 7.710155
59.186392, 0.070092, 7.710155
59.187983, 0.070092, 7.710155
59.189573, 0.070092, 7.710155
59.191280, 0.070092, 7.710155
59.193000, 0.070092, 7.710155
59.194759, 0.070092, 7.710155
59.196443, 0.070092, 7.710155
59.198107, 0.070092, 7.710155
59.199796, 0.070092, 7.710155
59.201819, 0.070092, 7.710155
59.203519, 0.070092, 7.710155
59.205275, 0.070092, 7.710155
59.206862, 0.070092, 7.710155
59.208445, 0.070092, 7.710155
59.210010, 0.070092, 7.710155
59.211692, 0.070092, 7.710155
59.213319, 0.070092, 7.710155
59.214925, 0.070092, 7.710155
59.216678, 0.070092, 7.710155
59.218302, 0.070092, 7.710155
59.219886, 0.067543, 7.429772
59.221984, 0.070092, 7.710155
59.224660, 0.070092, 7.710155
59.226505, 0.070092, 7.710155
59.228698, 0.067543, 7.429772
59.231284, 0.070092, 7.710155
59.233788, 0.070092, 7.710155
59.236209, 0.070092, 7.710155
59.238599, 0.070092, 7.710155
59.240435, 0.070092, 7.710155
59.242138, 0.070092, 7.710155
59.243886, 0.070092, 7.710155
59.245764, 0.070092, 7.710155
59.247423, 0.070092, 7.710155
59.249033, 0.070092, 7.710155
59.251142, 0.070092, 7.710155
59.252864, 0.070092, 7.710155
59.254652, 0.070092, 7.710155
59.256396, 0.070092, 7.710155
59.257982, 0.070092, 7.710155
59.259565, 0.070092, 7.710155
59.261276, 0.070092, 7.710155
59.263006, 0.070092, 7.710155
59.264785, 0.070092, 7.710155
59.267178, 0.070092, 7.710155
59.269009, 0.070092, 7.710155
59.270813, 0.067543, 7.429772
59.272618, 0.070092, 7.710155
59.274466, 0.067543, 7.429772
59.276242, 0.070092, 7.710155
59.277834, 0.070092, 7.710155
59.279485, 0.070092, 7.710155
59.281165, 0.070092, 7.710155
59.283055, 0.070092, 7.710155
59.284805, 0.070092, 7.710155
59.286411, 0.070092, 7.710155
59.288053, 0.070092, 7.710155
59.289683, 0.070092, 7.710155
59.291313, 0.070092, 7.710155
59.293139, 0.070092, 7.710155
59.294941, 0.070092, 7.710155
59.297002, 0.070092, 7.710155
59.298937, 0.067543, 7.429772
59.300842, 0.070092, 7.710155
59.302633, 0.070092, 7.710155
59.304235, 0.070092, 7.710155
59.305833, 0.070092, 7.710155
59.307427, 0.070092, 7.710155
59.309021, 0.070092, 7.710155
59.310614, 0.070092, 7.710155
59.312366, 0.070092, 7.710155
59.314701, 0.070092, 7.710155
59.316436, 0.070092, 7.710155
59.318304, 0.070092, 7.710155
59.319895, 0.067543, 7.429772
59.321491, 0.070092, 7.710155
59.324575, 0.070092, 7.710155
59.326464, 0.072641, 7.990538
59.328573, 0.070092, 7.710155
59.330781, 0.070092, 7.710155
59.332599, 0.070092, 7.710155
59.334281, 0.070092, 7.710155
59.335876, 0.070092, 7.710155
59.337468, 0.070092, 7.710155
59.339060, 0.067543, 7.429772
59.340638, 0.070092, 7.710155
59.342207, 0.067543, 7.429772
59.344061, 0.067543, 7.429772
59.345741, 0.070092, 7.710155
59.347688, 0.067543, 7.429772
59.349360, 0.067543, 7.429772
59.351093, 0.070092, 7.710155
59.353093, 0.070092, 7.710155
59.356701, 0.070092, 7.710155
59.358352, 0.070092, 7.710155
59.360034, 0.070092, 7.710155
59.361610, 0.070092, 7.710155
59.364507, 0.070092, 7.710155
59.366395, 0.070092, 7.710155
59.367987, 0.070092, 7.710155
59.369566, 0.070092, 7.710155
59.371142, 0.070092, 7.710155
59.372996, 0.070092, 7.710155
59.374635, 0.067543, 7.429772
59.376286, 0.070092, 7.710155
59.377993, 0.070092, 7.710155
59.379989, 0.070092, 7.710155
59.382884, 0.067543, 7.429772
59.384733, 0.070092, 7.710155
59.386482, 0.070092, 7.710155
59.388094, 0.070092, 7.710155
59.389670, 0.070092, 7.710155
59.391252, 0.070092, 7.710155
59.392950, 0.070092, 7.710155
59.394544, 0.067543, 7.429772
59.397396, 0.070092, 7.710155
59.399069, 0.070092, 7.710155
59.400779, 0.070092, 7.710155
59.402345, 0.070092, 7.710155
59.404167, 0.070092, 7.710155
59.405819, 0.070092, 7.710155
59.407561, 0.070092, 7.710155
59.409141, 0.067543, 7.429772
59.410716, 0.070092, 7.710155
59.412294, 0.070092, 7.710155
59.414161, 0.070092, 7.710155
59.415793, 0.070092, 7.710155
59.417560, 0.070092, 7.710155
59.419157, 0.070092, 7.710155
59.420744, 0.070092, 7.710155
59.422301, 0.070092, 7.710155
59.425265, 0.070092, 7.710155
59.427003, 0.070092, 7.710155
59.428706, 0.070092, 7.710155
59.431636, 0.070092, 7.710155
59.434597, 0.070092, 7.710155
59.436397, 0.070092, 7.710155
59.438118, 0.067543, 7.429772
59.439727, 0.070092, 7.710155
59.441364, 0.070092, 7.710155
59.443083, 0.070092, 7.710155
59.444691, 0.070092, 7.710155
59.446501, 0.070092, 7.710155
59.448295, 0.070092, 7.710155
59.450536, 0.070092, 7.710155
59.452248, 0.070092, 7.710155
59.456088, 0.070092, 7.710155
59.458151, 0.070092, 7.710155
59.459978, 0.070092, 7.710155
59.461630, 0.070092, 7.710155
59.464829, 0.070092, 7.710155
59.466647, 0.070092, 7.710155
59.468448, 0.070092, 7.710155
59.470164, 0.070092, 7.710155
59.471855, 0.067543, 7.429772
59.473552, 0.070092, 7.710155
59.475169, 0.070092, 7.710155
59.476770, 0.070092, 7.710155
59.478382, 0.067543, 7.429772
59.481405, 0.070092, 7.710155
59.483206, 0.070092, 7.710155
59.485393, 0.070092, 7.710155
59.487432, 0.070092, 7.710155
59.489624, 0.070092, 7.710155
59.491774, 0.070092, 7.710155
59.493635, 0.070092, 7.710155
59.495457, 0.070092, 7.710155
59.497904, 0.070092, 7.710155
59.502764, 0.070092, 7.710155
59.506379, 0.070092, 7.710155
59.508607, 0.070092, 7.710155
59.511841, 0.067543, 7.429772
59.514912, 0.067543, 7.429772
59.517307, 0.070092, 7.710155
59.519205, 0.070092, 7.710155
59.520987, 0.070092, 7.710155
59.522700, 0.070092, 7.710155
59.524343, 0.070092, 7.710155
59.526119, 0.072641, 7.990538
59.528461, 0.070092, 7.710155
59.532291, 0.070092, 7.710155
59.534206, 0.070092, 7.710155
59.536031, 0.070092, 7.710155
59.537774, 0.070092, 7.710155
59.539475, 0.067543, 7.429772
59.541234, 0.067543, 7.429772
59.542981, 0.070092, 7.710155
59.544858, 0.070092, 7.710155
59.547485, 0.070092, 7.710155
59.550064, 0.070092, 7.710155
59.551750, 0.070092, 7.710155
59.553510, 0.070092, 7.710155
59.555187, 0.070092, 7.710155
59.557058, 0.070092, 7.710155
59.558852, 0.070092, 7.710155
59.560523, 0.067543, 7.429772
59.562176, 0.070092, 7.710155
59.563858, 0.070092, 7.710155
59.565600, 0.070092, 7.710155
59.567374, 0.070092, 7.710155
59.569094, 0.067543, 7.429772
59.570850, 0.070092, 7.710155
59.572513, 0.070092, 7.710155
59.574187, 0.067543, 7.429772
59.576046, 0.067543, 7.429772
59.577909, 0.070092, 7.710155
59.579580, 0.070092, 7.710155
59.581283, 0.070092, 7.710155
59.582892, 0.070092, 7.710155
59.584552, 0.067543, 7.429772
59.586424, 0.070092, 7.710155
59.588117, 0.070092, 7.710155
59.589799, 0.070092, 7.710155
59.591469, 0.070092, 7.710155
59.593131, 0.070092, 7.710155
59.594756, 0.070092, 7.710155
59.596688, 0.070092, 7.710155
59.598387, 0.070092, 7.710155
59.600046, 0.070092, 7.710155
59.601726, 0.070092, 7.710155
59.603376, 0.070092, 7.710155
59.605036, 0.070092, 7.710155
59.607547, 0.070092, 7.710155
59.609208, 0.070092, 7.710155
59.610818, 0.070092, 7.710155
59.612440, 0.067543, 7.429772
59.614186, 0.070092, 7.710155
59.616027, 0.070092, 7.710155
59.617758, 0.070092, 7.710155
59.619510, 0.070092, 7.710155
59.621292, 0.070092, 7.710155
59.622983, 0.070092, 7.710155
59.624658, 0.070092, 7.710155
59.626520, 0.070092, 7.710155
59.628226, 0.070092, 7.710155
59.629961, 0.070092, 7.710155
59.631716, 0.070092, 7.710155
59.633432, 0.070092, 7.710155
59.635227, 0.067543, 7.429772
59.637137, 0.067543, 7.429772
59.639009, 0.070092, 7.710155
59.640946, 0.070092, 7.710155
59.642774, 0.070092, 7.710155
59.644676, 0.070092, 7.710155
59.647335, 0.070092, 7.710155
59.649200, 0.070092, 7.710155
59.650985, 0.070092, 7.710155
59.652719, 0.070092, 7.710155
59.654458, 0.070092, 7.710155
59.656338, 0.070092, 7.710155
59.658047, 0.070092, 7.710155
59.659771, 0.070092, 7.710155
59.661464, 0.067543, 7.429772
59.663161, 0.070092, 7.710155
59.664834, 0.070092, 7.710155
59.666665, 0.070092, 7.710155
59.668348, 0.070092, 7.710155
59.670011, 0.067543, 7.429772
59.671661, 0.070092, 7.710155
59.673374, 0.070092, 7.710155
59.675112, 0.070092, 7.710155
59.676771, 0.070092, 7.710155
59.678410, 0.070092, 7.710155
59.680141, 0.070092, 7.710155
59.681912, 0.070092, 7.710155
59.683618, 0.070092, 7.710155
59.685549, 0.070092, 7.710155
59.687256, 0.070092, 7.710155
59.688918, 0.070092, 7.710155
59.690575, 0.070092, 7.710155
59.692193, 0.067543, 7.429772
59.693849, 0.070092, 7.710155
59.696015, 0.070092, 7.710155
59.697870, 0.070092, 7.710155
59.699523, 0.070092, 7.710155
59.701299, 0.070092, 7.710155
59.703008, 0.070092, 7.710155
59.704713, 0.070092, 7.710155
59.706331, 0.070092, 7.710155
59.707955, 0.070092, 7.710155
59.709590, 0.070092, 7.710155
59.711225, 0.070092, 7.710155
59.712905, 0.070092, 7.710155
59.714717, 0.070092, 7.710155
59.716548, 0.070092, 7.710155
59.718178, 0.070092, 7.710155
59.719884, 0.067543, 7.429772
59.721616, 0.070092, 7.710155
59.723244, 0.070092, 7.710155
59.724959, 0.070092, 7.710155
59.726565, 0.070092, 7.710155
59.728151, 0.070092, 7.710155
59.729817, 0.070092, 7.710155
59.731490, 0.070092, 7.710155
59.733357, 0.070092, 7.710155
59.735079, 0.070092, 7.710155
59.736722, 0.067543, 7.429772
59.738317, 0.070092, 7.710155
59.739932, 0.070092, 7.710155
59.741561, 0.070092, 7.710155
59.743166, 0.070092, 7.710155
59.744805, 0.070092, 7.710155
59.746532, 0.070092, 7.710155
59.748215, 0.070092, 7.710155
59.749992, 0.070092, 7.710155
59.751597, 0.070092, 7.710155
59.753199, 0.070092, 7.710155
59.754917, 0.067543, 7.429772
59.756566, 0.070092, 7.710155
59.758297, 0.070092, 7.710155
59.759951, 0.070092, 7.710155
59.761556, 0.070092, 7.710155
59.763322, 0.070092, 7.710155
59.765282, 0.070092, 7.710155
59.767486, 0.070092, 7.710155
59.769582, 0.070092, 7.710155
59.771706, 0.067543, 7.429772
59.773421, 0.070092, 7.710155
59.775371, 0.070092, 7.710155
59.777061, 0.070092, 7.710155
59.778782, 0.070092, 7.710155
59.780642, 0.067543, 7.429772
59.782383, 0.067543, 7.429772
59.784196, 0.067543, 7.429772
59.785990, 0.067543, 7.429772
59.787773, 0.070092, 7.710155
59.789562, 0.070092, 7.710155
59.791165, 0.070092, 7.710155
59.792852, 0.070092, 7.710155
59.794439, 0.070092, 7.710155
59.797321, 0.070092, 7.710155
59.799050, 0.070092, 7.710155
59.800846, 0.067543, 7.429772
59.802528, 0.070092, 7.710155
59.804212, 0.070092, 7.710155
59.806031, 0.070092, 7.710155
59.807712, 0.070092, 7.710155
59.809488, 0.070092, 7.710155
59.811171, 0.070092, 7.710155
59.812989, 0.070092, 7.710155
59.814771, 0.070092, 7.710155
59.816550, 0.067543, 7.429772
59.818307, 0.070092, 7.710155
59.820078, 0.070092, 7.710155
59.822159, 0.070092, 7.710155
59.823868, 0.070092, 7.710155
59.827002, 0.070092, 7.710155
59.828789, 0.070092, 7.710155
59.830469, 0.070092, 7.710155
59.832130, 0.070092, 7.710155
59.833869, 0.070092, 7.710155
59.835778, 0.070092, 7.710155
59.837465, 0.070092, 7.710155
59.839257, 0.070092, 7.710155
59.840864, 0.070092, 7.710155
59.842435, 0.070092, 7.710155
59.844022, 0.070092, 7.710155
59.846136, 0.067543, 7.429772
59.848006, 0.070092, 7.710155
59.849690, 0.070092, 7.710155
59.851478, 0.070092, 7.710155
59.853345, 0.070092, 7.710155
59.855675, 0.070092, 7.710155
59.858073, 0.070092, 7.710155
59.859726, 0.070092, 7.710155
59.861329, 0.070092, 7.710155
59.862950, 0.070092, 7.710155
59.864564, 0.070092, 7.710155
59.866358, 0.070092, 7.710155
59.868049, 0.070092, 7.710155
59.869819, 0.070092, 7.710155
59.871490, 0.070092, 7.710155
59.873174, 0.070092, 7.710155
59.874880, 0.070092, 7.710155
59.876528, 0.070092, 7.710155
59.878179, 0.070092, 7.710155
59.879900, 0.070092, 7.710155
59.881588, 0.070092, 7.710155
59.883376, 0.070092, 7.710155
59.885076, 0.070092, 7.710155
59.886687, 0.070092, 7.710155
59.888389, 0.070092, 7.710155
59.889997, 0.070092, 7.710155
59.891594, 0.070092, 7.710155
59.893176, 0.070092, 7.710155
59.894851, 0.070092, 7.710155
59.896674, 0.070092, 7.710155
59.898424, 0.070092, 7.710155
59.900148, 0.070092, 7.710155
59.901749, 0.070092, 7.710155
59.903338, 0.070092, 7.710155
59.905468, 0.070092, 7.710155
59.908019, 0.067543, 7.429772
59.909728, 0.070092, 7.710155
59.911395, 0.070092, 7.710155
59.913084, 0.070092, 7.710155
59.914851, 0.070092, 7.710155
59.916594, 0.070092, 7.710155
59.918346, 0.070092, 7.710155
59.919945, 0.070092, 7.710155
59.921529, 0.070092, 7.710155
59.923219, 0.070092, 7.710155
59.924954, 0.070092, 7.710155
59.926611, 0.070092, 7.710155
59.928235, 0.070092, 7.710155
59.930039, 0.070092, 7.710155
59.931765, 0.070092, 7.710155
59.933478, 0.070092, 7.710155
59.935399, 0.070092, 7.710155
59.937172, 0.070092, 7.710155
59.938883, 0.070092, 7.710155
59.940612, 0.070092, 7.710155
59.942206, 0.070092, 7.710155
59.943813, 0.070092, 7.710155
59.945693, 0.070092, 7.710155
59.948307, 0.070092, 7.710155
59.951058, 0.070092, 7.710155
59.953932, 0.070092, 7.710155
59.956481, 0.070092, 7.710155
59.958969, 0.070092, 7.710155
59.960808, 0.070092, 7.710155
59.962829, 0.070092, 7.710155
59.964552, 0.070092, 7.710155
59.966718, 0.070092, 7.710155
59.968668, 0.070092, 7.710155
59.970423, 0.070092, 7.710155
59.972043, 0.070092, 7.710155
59.973737, 0.070092, 7.710155
59.976319, 0.070092, 7.710155
59.979220, 0.070092, 7.710155
59.981735, 0.067543, 7.429772
59.983486, 0.067543, 7.429772
59.985218, 0.070092, 7.710155
59.986827, 0.070092, 7.710155
59.988451, 0.070092, 7.710155
59.990492, 0.070092, 7.710155
59.992913, 0.070092, 7.710155
59.994624, 0.070092, 7.710155
59.996413, 0.070092, 7.710155
59.998060, 0.070092, 7.710155
59.999753, 0.067543, 7.429772
60.001445, 0.070092, 7.710155
