Time (s),Voltage (V),Pressure
0.736229, 0.067543, 6.141037
0.799175, 0.067543, 6.141037
0.846224, 0.064994, 5.909310
0.881721, 0.067543, 6.141037
0.965961, 0.067543, 6.141037
0.986269, 0.067543, 6.141037
0.990417, 0.067543, 6.141037
0.993934, 0.067543, 6.141037
0.997308, 0.067543, 6.141037
1.000661, 0.064994, 5.909310
1.003904, 0.064994, 5.909310
1.007149, 0.067543, 6.141037
1.011577, 0.067543, 6.141037
1.014533, 0.067543, 6.141037
1.017402, 0.067543, 6.141037
1.020898, 0.064994, 5.909310
1.026726, 0.067543, 6.141037
1.030389, 0.064994, 5.909310
1.033955, 0.067543, 6.141037
1.037378, 0.067543, 6.141037
1.040772, 0.067543, 6.141037
1.044606, 0.067543, 6.141037
1.048351, 0.067543, 6.141037
1.051502, 0.067543, 6.141037
1.055256, 0.067543, 6.141037
1.058879, 0.067543, 6.141037
1.061373, 0.067543, 6.141037
1.063837, 0.067543, 6.141037
1.067261, 0.067543, 6.141037
1.070943, 0.067543, 6.141037
1.074203, 0.067543, 6.141037
1.076890, 0.067543, 6.141037
1.080299, 0.064994, 5.909310
1.082738, 0.067543, 6.141037
1.085497, 0.064994, 5.909310
1.088554, 0.067543, 6.141037
1.092009, 0.064994, 5.909310
1.095923, 0.064994, 5.909310
1.099160, 0.067543, 6.141037
1.102454, 0.064994, 5.909310
1.106871, 0.064994, 5.909310
1.109893, 0.067543, 6.141037
1.114692, 0.067543, 6.141037
1.120159, 0.064994, 5.909310
1.126098, 0.064994, 5.909310
1.131310, 0.067543, 6.141037
1.136064, 0.064994, 5.909310
1.140902, 0.067543, 6.141037
1.143550, 0.067543, 6.141037
1.148041, 0.067543, 6.141037
1.153392, 0.067543, 6.141037
1.158510, 0.067543, 6.141037
1.161175, 0.067543, 6.141037
1.163844, 0.064994, 5.909310
1.167272, 0.067543, 6.141037
1.170645, 0.067543, 6.141037
1.174235, 0.064994, 5.909310
1.179611, 0.067543, 6.141037
1.185731, 0.067543, 6.141037
1.190356, 0.067543, 6.141037
1.195141, 0.064994, 5.909310
1.200348, 0.067543, 6.141037
1.204229, 0.064994, 5.909310
1.207316, 0.067543, 6.141037
1.210237, 0.067543, 6.141037
1.213248, 0.067543, 6.141037
1.216365, 0.067543, 6.141037
1.220057, 0.067543, 6.141037
1.222843, 0.067543, 6.141037
1.226497, 0.067543, 6.141037
1.229477, 0.067543, 6.141037
1.232648, 0.067543, 6.141037
1.235828, 0.067543, 6.141037
1.238879, 0.067543, 6.141037
1.243856, 0.067543, 6.141037
1.247463, 0.067543, 6.141037
1.250274, 0.067543, 6.141037
1.252839, 0.067543, 6.141037
1.260003, 0.067543, 6.141037
1.270673, 0.064994, 5.909310
1.275390, 0.067543, 6.141037
1.281866, 0.067543, 6.141037
1.287493, 0.067543, 6.141037
1.290473, 0.067543, 6.141037
1.293740, 0.064994, 5.909310
1.298265, 0.064994, 5.909310
1.302377, 0.067543, 6.141037
1.305881, 0.067543, 6.141037
1.309250, 0.067543, 6.141037
1.313622, 0.067543, 6.141037
1.316517, 0.067543, 6.141037
1.319408, 0.067543, 6.141037
1.323025, 0.067543, 6.141037
1.328877, 0.067543, 6.141037
1.333203, 0.067543, 6.141037
1.337569, 0.067543, 6.141037
1.341723, 0.067543, 6.141037
1.345781, 0.067543, 6.141037
1.349244, 0.067543, 6.141037
1.355038, 0.067543, 6.141037
1.449272, 0.067543, 6.141037
1.454319, 0.067543, 6.141037
1.458045, 0.067543, 6.141037
1.460584, 0.067543, 6.141037
1.464758, 0.067543, 6.141037
1.469366, 0.067543, 6.141037
1.473983, 0.067543, 6.141037
1.477120, 0.067543, 6.141037
1.479734, 0.067543, 6.141037
1.482687, 0.067543, 6.141037
1.485760, 0.067543, 6.141037
1.488490, 0.067543, 6.141037
1.492082, 0.067543, 6.141037
1.495664, 0.064994, 5.909310
1.497858, 0.067543, 6.141037
1.500137, 0.067543, 6.141037
1.502920, 0.064994, 5.909310
1.506744, 0.067543, 6.141037
1.509399, 0.067543, 6.141037
1.512715, 0.067543, 6.141037
1.520781, 0.067543, 6.141037
1.525553, 0.064994, 5.909310
1.529059, 0.067543, 6.141037
1.531925, 0.067543, 6.141037
1.534484, 0.067543, 6.141037
1.537334, 0.067543, 6.141037
1.540317, 0.067543, 6.141037
1.543259, 0.064994, 5.909310
1.546429, 0.067543, 6.141037
1.549602, 0.067543, 6.141037
1.552745, 0.067543, 6.141037
1.556031, 0.067543, 6.141037
1.559133, 0.067543, 6.141037
1.562638, 0.067543, 6.141037
1.565964, 0.067543, 6.141037
1.568882, 0.067543, 6.141037
1.572110, 0.067543, 6.141037
1.576618, 0.067543, 6.141037
1.580146, 0.067543, 6.141037
1.583590, 0.067543, 6.141037
1.586403, 0.067543, 6.141037
1.589058, 0.067543, 6.141037
1.592451, 0.067543, 6.141037
1.595390, 0.067543, 6.141037
1.598394, 0.067543, 6.141037
1.601559, 0.064994, 5.909310
1.605049, 0.067543, 6.141037
1.608488, 0.067543, 6.141037
1.611220, 0.067543, 6.141037
1.614017, 0.067543, 6.141037
1.616793, 0.064994, 5.909310
1.619292, 0.067543, 6.141037
1.622170, 0.067543, 6.141037
1.625058, 0.067543, 6.141037
1.627460, 0.067543, 6.141037
1.629838, 0.067543, 6.141037
1.632241, 0.067543, 6.141037
1.635857, 0.067543, 6.141037
1.639231, 0.067543, 6.141037
1.642358, 0.067543, 6.141037
1.644817, 0.067543, 6.141037
1.647260, 0.067543, 6.141037
1.649836, 0.067543, 6.141037
1.652567, 0.067543, 6.141037
1.655618, 0.064994, 5.909310
1.663334, 0.067543, 6.141037
1.669584, 0.067543, 6.141037
1.675414, 0.067543, 6.141037
1.681267, 0.067543, 6.141037
1.686804, 0.067543, 6.141037
1.692089, 0.067543, 6.141037
1.697552, 0.067543, 6.141037
1.702911, 0.064994, 5.909310
1.708460, 0.067543, 6.141037
1.713541, 0.067543, 6.141037
1.718011, 0.067543, 6.141037
1.721755, 0.067543, 6.141037
1.725252, 0.067543, 6.141037
1.728572, 0.067543, 6.141037
1.731659, 0.064994, 5.909310
1.734633, 0.067543, 6.141037
1.737603, 0.067543, 6.141037
1.740442, 0.067543, 6.141037
1.743067, 0.067543, 6.141037
1.745902, 0.067543, 6.141037
1.748835, 0.067543, 6.141037
1.751896, 0.067543, 6.141037
1.754897, 0.067543, 6.141037
1.758566, 0.067543, 6.141037
1.761237, 0.067543, 6.141037
1.763996, 0.067543, 6.141037
1.767285, 0.067543, 6.141037
1.770429, 0.067543, 6.141037
1.773510, 0.067543, 6.141037
1.776034, 0.067543, 6.141037
1.779193, 0.067543, 6.141037
1.781713, 0.067543, 6.141037
1.784574, 0.067543, 6.141037
1.787702, 0.067543, 6.141037
1.791964, 0.067543, 6.141037
1.796618, 0.067543, 6.141037
1.799282, 0.064994, 5.909310
1.801902, 0.067543, 6.141037
1.804510, 0.067543, 6.141037
1.807614, 0.067543, 6.141037
1.810472, 0.064994, 5.909310
1.813375, 0.067543, 6.141037
1.816000, 0.067543, 6.141037
1.818583, 0.067543, 6.141037
1.823963, 0.067543, 6.141037
1.830282, 0.067543, 6.141037
1.835867, 0.067543, 6.141037
1.840246, 0.067543, 6.141037
1.843003, 0.067543, 6.141037
1.845970, 0.067543, 6.141037
1.848788, 0.067543, 6.141037
1.852678, 0.067543, 6.141037
1.856769, 0.067543, 6.141037
1.861644, 0.067543, 6.141037
1.866965, 0.064994, 5.909310
1.872049, 0.067543, 6.141037
1.876696, 0.067543, 6.141037
1.880184, 0.067543, 6.141037
1.883906, 0.067543, 6.141037
1.887824, 0.067543, 6.141037
1.891538, 0.067543, 6.141037
1.895104, 0.067543, 6.141037
1.898429, 0.067543, 6.141037
1.901668, 0.067543, 6.141037
1.904898, 0.067543, 6.141037
1.908816, 0.067543, 6.141037
1.911943, 0.064994, 5.909310
1.914402, 0.067543, 6.141037
1.917218, 0.067543, 6.141037
1.920340, 0.067543, 6.141037
1.924576, 0.067543, 6.141037
1.927339, 0.067543, 6.141037
1.929930, 0.067543, 6.141037
1.933088, 0.067543, 6.141037
1.936691, 0.067543, 6.141037
1.939723, 0.067543, 6.141037
1.942944, 0.067543, 6.141037
1.945624, 0.067543, 6.141037
1.948541, 0.067543, 6.141037
1.951616, 0.067543, 6.141037
1.954709, 0.067543, 6.141037
1.958294, 0.067543, 6.141037
1.961517, 0.067543, 6.141037
1.965080, 0.067543, 6.141037
1.967277, 0.067543, 6.141037
1.969391, 0.067543, 6.141037
1.971489, 0.067543, 6.141037
1.973708, 0.067543, 6.141037
1.978573, 0.067543, 6.141037
1.981773, 0.067543, 6.141037
1.984422, 0.067543, 6.141037
1.986996, 0.067543, 6.141037
1.989623, 0.067543, 6.141037
1.994784, 0.067543, 6.141037
2.003252, 0.067543, 6.141037
2.009817, 0.067543, 6.141037
2.015533, 0.067543, 6.141037
2.020930, 0.067543, 6.141037
2.025859, 0.067543, 6.141037
2.028391, 0.067543, 6.141037
2.031008, 0.067543, 6.141037
2.033562, 0.067543, 6.141037
2.036228, 0.067543, 6.141037
2.038823, 0.067543, 6.141037
2.041854, 0.067543, 6.141037
2.046247, 0.067543, 6.141037
2.050130, 0.067543, 6.141037
2.053564, 0.067543, 6.141037
2.056901, 0.067543, 6.141037
2.060203, 0.067543, 6.141037
2.063258, 0.067543, 6.141037
2.066233, 0.067543, 6.141037
2.069440, 0.064994, 5.909310
2.072007, 0.067543, 6.141037
2.074768, 0.067543, 6.141037
2.077868, 0.067543, 6.141037
2.081424, 0.067543, 6.141037
2.085157, 0.067543, 6.141037
2.088570, 0.067543, 6.141037
2.091964, 0.067543, 6.141037
2.095388, 0.067543, 6.141037
2.098537, 0.067543, 6.141037
2.101811, 0.067543, 6.141037
2.104964, 0.067543, 6.141037
2.108062, 0.067543, 6.141037
2.111172, 0.067543, 6.141037
2.114143, 0.067543, 6.141037
2.117081, 0.067543, 6.141037
2.120401, 0.064994, 5.909310
2.124283, 0.067543, 6.141037
2.128757, 0.067543, 6.141037
2.134754, 0.067543, 6.141037
2.139486, 0.067543, 6.141037
2.143482, 0.067543, 6.141037
2.147025, 0.067543, 6.141037
2.151866, 0.067543, 6.141037
2.154895, 0.067543, 6.141037
2.157815, 0.067543, 6.141037
2.160695, 0.067543, 6.141037
2.163686, 0.067543, 6.141037
2.166535, 0.067543, 6.141037
2.169312, 0.067543, 6.141037
2.172324, 0.067543, 6.141037
2.175420, 0.067543, 6.141037
2.178514, 0.067543, 6.141037
2.181608, 0.067543, 6.141037
2.184513, 0.067543, 6.141037
2.187429, 0.067543, 6.141037
2.190329, 0.067543, 6.141037
2.193529, 0.067543, 6.141037
2.196456, 0.064994, 5.909310
2.199263, 0.067543, 6.141037
2.202173, 0.067543, 6.141037
2.205090, 0.067543, 6.141037
2.208228, 0.067543, 6.141037
2.211333, 0.067543, 6.141037
2.214439, 0.067543, 6.141037
2.217423, 0.067543, 6.141037
2.220436, 0.067543, 6.141037
2.223472, 0.067543, 6.141037
2.226359, 0.067543, 6.141037
2.229211, 0.067543, 6.141037
2.234014, 0.070092, 6.372763
2.236654, 0.067543, 6.141037
2.239316, 0.067543, 6.141037
2.242077, 0.067543, 6.141037
2.245132, 0.067543, 6.141037
2.247559, 0.067543, 6.141037
2.250074, 0.067543, 6.141037
2.255152, 0.067543, 6.141037
2.262997, 0.067543, 6.141037
2.271076, 0.067543, 6.141037
2.279793, 0.067543, 6.141037
2.284386, 0.067543, 6.141037
2.287345, 0.067543, 6.141037
2.290421, 0.067543, 6.141037
2.293714, 0.067543, 6.141037
2.296944, 0.067543, 6.141037
2.300045, 0.067543, 6.141037
2.303311, 0.067543, 6.141037
2.306453, 0.067543, 6.141037
2.309576, 0.064994, 5.909310
2.314892, 0.067543, 6.141037
2.324124, 0.067543, 6.141037
2.327870, 0.067543, 6.141037
2.332075, 0.064994, 5.909310
2.337123, 0.067543, 6.141037
2.340902, 0.067543, 6.141037
2.345274, 0.067543, 6.141037
2.349786, 0.067543, 6.141037
2.353823, 0.067543, 6.141037
2.358250, 0.067543, 6.141037
2.362995, 0.067543, 6.141037
2.366652, 0.067543, 6.141037
2.369481, 0.067543, 6.141037
2.372255, 0.067543, 6.141037
2.375669, 0.067543, 6.141037
2.378951, 0.067543, 6.141037
2.382649, 0.067543, 6.141037
2.386509, 0.067543, 6.141037
2.389738, 0.067543, 6.141037
2.393330, 0.067543, 6.141037
2.398225, 0.067543, 6.141037
2.402521, 0.067543, 6.141037
2.406475, 0.067543, 6.141037
2.412502, 0.067543, 6.141037
2.416769, 0.064994, 5.909310
2.421944, 0.067543, 6.141037
2.426310, 0.067543, 6.141037
2.429429, 0.067543, 6.141037
2.433860, 0.067543, 6.141037
2.439841, 0.067543, 6.141037
2.444977, 0.067543, 6.141037
2.448549, 0.067543, 6.141037
2.452755, 0.067543, 6.141037
2.457259, 0.067543, 6.141037
2.461555, 0.067543, 6.141037
2.465731, 0.067543, 6.141037
2.469220, 0.067543, 6.141037
2.474040, 0.067543, 6.141037
2.478620, 0.067543, 6.141037
2.486974, 0.067543, 6.141037
2.491401, 0.067543, 6.141037
2.499349, 0.067543, 6.141037
2.503470, 0.067543, 6.141037
2.506126, 0.067543, 6.141037
2.509913, 0.067543, 6.141037
2.514475, 0.067543, 6.141037
2.518366, 0.067543, 6.141037
2.522619, 0.067543, 6.141037
2.526345, 0.067543, 6.141037
2.529574, 0.067543, 6.141037
2.532825, 0.067543, 6.141037
2.536345, 0.067543, 6.141037
2.540670, 0.067543, 6.141037
2.553736, 0.064994, 5.909310
2.558664, 0.067543, 6.141037
2.561801, 0.067543, 6.141037
2.564618, 0.067543, 6.141037
2.567640, 0.067543, 6.141037
2.571059, 0.067543, 6.141037
2.575172, 0.067543, 6.141037
2.578606, 0.067543, 6.141037
2.581910, 0.067543, 6.141037
2.585414, 0.067543, 6.141037
2.588651, 0.067543, 6.141037
2.592541, 0.067543, 6.141037
2.596074, 0.067543, 6.141037
2.601254, 0.067543, 6.141037
2.605961, 0.067543, 6.141037
2.610221, 0.067543, 6.141037
2.614330, 0.067543, 6.141037
2.618692, 0.067543, 6.141037
2.621438, 0.067543, 6.141037
2.625506, 0.067543, 6.141037
2.631461, 0.067543, 6.141037
2.636653, 0.067543, 6.141037
2.640927, 0.067543, 6.141037
2.644706, 0.067543, 6.141037
2.648333, 0.067543, 6.141037
2.652061, 0.067543, 6.141037
2.655499, 0.067543, 6.141037
2.659077, 0.067543, 6.141037
2.662560, 0.067543, 6.141037
2.665734, 0.067543, 6.141037
2.669148, 0.067543, 6.141037
2.672151, 0.067543, 6.141037
2.675396, 0.067543, 6.141037
2.678665, 0.067543, 6.141037
2.681673, 0.067543, 6.141037
2.684848, 0.067543, 6.141037
2.687934, 0.067543, 6.141037
2.691334, 0.067543, 6.141037
2.695282, 0.067543, 6.141037
2.699649, 0.067543, 6.141037
2.703717, 0.067543, 6.141037
2.707266, 0.067543, 6.141037
2.710960, 0.067543, 6.141037
2.714351, 0.067543, 6.141037
2.717925, 0.067543, 6.141037
2.721156, 0.067543, 6.141037
2.724549, 0.067543, 6.141037
2.727814, 0.067543, 6.141037
2.732626, 0.067543, 6.141037
2.736992, 0.067543, 6.141037
2.741881, 0.067543, 6.141037
2.745014, 0.067543, 6.141037
2.747772, 0.067543, 6.141037
2.750964, 0.064994, 5.909310
2.756391, 0.070092, 6.372763
2.760611, 0.067543, 6.141037
2.763615, 0.067543, 6.141037
2.766128, 0.067543, 6.141037
2.768908, 0.067543, 6.141037
2.773359, 0.067543, 6.141037
2.778444, 0.067543, 6.141037
2.783137, 0.067543, 6.141037
2.786334, 0.067543, 6.141037
2.789592, 0.067543, 6.141037
2.792958, 0.067543, 6.141037
2.796332, 0.067543, 6.141037
2.799763, 0.067543, 6.141037
2.803401, 0.067543, 6.141037
2.806879, 0.067543, 6.141037
2.811158, 0.067543, 6.141037
2.815468, 0.067543, 6.141037
2.819548, 0.067543, 6.141037
2.823447, 0.067543, 6.141037
2.826936, 0.067543, 6.141037
2.829522, 0.067543, 6.141037
2.832036, 0.067543, 6.141037
2.834820, 0.067543, 6.141037
2.838735, 0.067543, 6.141037
2.842894, 0.067543, 6.141037
2.846060, 0.067543, 6.141037
2.848650, 0.067543, 6.141037
2.851685, 0.067543, 6.141037
2.854924, 0.067543, 6.141037
2.858112, 0.067543, 6.141037
2.861852, 0.067543, 6.141037
2.865373, 0.067543, 6.141037
2.868949, 0.067543, 6.141037
2.872568, 0.067543, 6.141037
2.876387, 0.067543, 6.141037
2.879716, 0.067543, 6.141037
2.883321, 0.067543, 6.141037
2.886432, 0.067543, 6.141037
2.889734, 0.067543, 6.141037
2.892906, 0.067543, 6.141037
2.896144, 0.067543, 6.141037
2.899331, 0.067543, 6.141037
2.904252, 0.067543, 6.141037
2.910529, 0.067543, 6.141037
2.917365, 0.070092, 6.372763
2.922919, 0.067543, 6.141037
2.928206, 0.067543, 6.141037
2.932852, 0.067543, 6.141037
2.937185, 0.067543, 6.141037
2.941377, 0.067543, 6.141037
2.944854, 0.067543, 6.141037
2.948191, 0.067543, 6.141037
2.951495, 0.067543, 6.141037
2.956241, 0.067543, 6.141037
2.961454, 0.070092, 6.372763
2.967059, 0.067543, 6.141037
2.972481, 0.067543, 6.141037
2.977889, 0.067543, 6.141037
2.983131, 0.067543, 6.141037
2.987673, 0.067543, 6.141037
2.992500, 0.067543, 6.141037
2.997708, 0.067543, 6.141037
3.003325, 0.067543, 6.141037
3.008885, 0.067543, 6.141037
3.012291, 0.067543, 6.141037
3.015432, 0.067543, 6.141037
3.018366, 0.067543, 6.141037
3.021231, 0.067543, 6.141037
3.024357, 0.067543, 6.141037
3.027442, 0.067543, 6.141037
3.030296, 0.067543, 6.141037
3.033102, 0.067543, 6.141037
3.036087, 0.067543, 6.141037
3.040561, 0.067543, 6.141037
3.043873, 0.067543, 6.141037
3.049567, 0.067543, 6.141037
3.055204, 0.067543, 6.141037
3.059479, 0.067543, 6.141037
3.066582, 0.067543, 6.141037
3.071916, 0.067543, 6.141037
3.077994, 0.067543, 6.141037
3.088403, 0.067543, 6.141037
3.094209, 0.067543, 6.141037
3.097637, 0.064994, 5.909310
3.101221, 0.067543, 6.141037
3.104416, 0.067543, 6.141037
3.107279, 0.067543, 6.141037
3.110856, 0.067543, 6.141037
3.115530, 0.067543, 6.141037
3.120023, 0.067543, 6.141037
3.126730, 0.067543, 6.141037
3.131477, 0.067543, 6.141037
3.135629, 0.067543, 6.141037
3.140049, 0.067543, 6.141037
3.145175, 0.067543, 6.141037
3.149377, 0.067543, 6.141037
3.153055, 0.067543, 6.141037
3.155983, 0.067543, 6.141037
3.159819, 0.067543, 6.141037
3.162978, 0.067543, 6.141037
3.166020, 0.067543, 6.141037
3.169122, 0.067543, 6.141037
3.172126, 0.067543, 6.141037
3.175106, 0.067543, 6.141037
3.178450, 0.067543, 6.141037
3.181777, 0.067543, 6.141037
3.184909, 0.067543, 6.141037
3.188020, 0.067543, 6.141037
3.191011, 0.067543, 6.141037
3.193993, 0.067543, 6.141037
3.197122, 0.067543, 6.141037
3.200111, 0.067543, 6.141037
3.203001, 0.067543, 6.141037
3.205863, 0.067543, 6.141037
3.208946, 0.067543, 6.141037
3.211867, 0.064994, 5.909310
3.214757, 0.067543, 6.141037
3.217647, 0.067543, 6.141037
3.220544, 0.067543, 6.141037
3.223302, 0.067543, 6.141037
3.226093, 0.067543, 6.141037
3.228975, 0.067543, 6.141037
3.231655, 0.067543, 6.141037
3.234347, 0.067543, 6.141037
3.237028, 0.064994, 5.909310
3.239873, 0.067543, 6.141037
3.242875, 0.067543, 6.141037
3.245577, 0.067543, 6.141037
3.248662, 0.067543, 6.141037
3.251441, 0.067543, 6.141037
3.253866, 0.067543, 6.141037
3.257039, 0.067543, 6.141037
3.259673, 0.067543, 6.141037
3.262013, 0.067543, 6.141037
3.264346, 0.067543, 6.141037
3.266789, 0.067543, 6.141037
3.269553, 0.067543, 6.141037
3.272349, 0.067543, 6.141037
3.275170, 0.067543, 6.141037
3.278094, 0.067543, 6.141037
3.281109, 0.067543, 6.141037
3.283938, 0.067543, 6.141037
3.286728, 0.067543, 6.141037
3.289780, 0.064994, 5.909310
3.292794, 0.067543, 6.141037
3.295655, 0.067543, 6.141037
3.299665, 0.067543, 6.141037
3.302456, 0.067543, 6.141037
3.305203, 0.067543, 6.141037
3.308043, 0.067543, 6.141037
3.310866, 0.067543, 6.141037
3.313616, 0.067543, 6.141037
3.316251, 0.067543, 6.141037
3.319026, 0.067543, 6.141037
3.321681, 0.067543, 6.141037
3.324329, 0.067543, 6.141037
3.326957, 0.067543, 6.141037
3.329730, 0.067543, 6.141037
3.332319, 0.067543, 6.141037
3.334899, 0.067543, 6.141037
3.337614, 0.067543, 6.141037
3.341490, 0.067543, 6.141037
3.344111, 0.067543, 6.141037
3.346340, 0.064994, 5.909310
3.348909, 0.064994, 5.909310
3.351769, 0.067543, 6.141037
3.355092, 0.067543, 6.141037
3.363359, 0.067543, 6.141037
3.371680, 0.067543, 6.141037
3.375446, 0.067543, 6.141037
3.377889, 0.067543, 6.141037
3.380497, 0.067543, 6.141037
3.384193, 0.067543, 6.141037
3.387977, 0.067543, 6.141037
3.391696, 0.067543, 6.141037
3.395011, 0.067543, 6.141037
3.398329, 0.067543, 6.141037
3.401665, 0.067543, 6.141037
3.404953, 0.067543, 6.141037
3.408795, 0.067543, 6.141037
3.413219, 0.067543, 6.141037
3.416241, 0.067543, 6.141037
3.418724, 0.067543, 6.141037
3.421957, 0.067543, 6.141037
3.424268, 0.067543, 6.141037
3.426990, 0.067543, 6.141037
3.431199, 0.067543, 6.141037
3.435370, 0.067543, 6.141037
3.439454, 0.067543, 6.141037
3.443585, 0.067543, 6.141037
3.447573, 0.067543, 6.141037
3.451517, 0.067543, 6.141037
3.455109, 0.067543, 6.141037
3.458718, 0.067543, 6.141037
3.464707, 0.067543, 6.141037
3.470979, 0.067543, 6.141037
3.475121, 0.067543, 6.141037
3.478936, 0.067543, 6.141037
3.484321, 0.067543, 6.141037
3.488659, 0.067543, 6.141037
3.493604, 0.067543, 6.141037
3.501607, 0.067543, 6.141037
3.509132, 0.067543, 6.141037
3.517125, 0.067543, 6.141037
3.526372, 0.067543, 6.141037
3.532885, 0.067543, 6.141037
3.540554, 0.067543, 6.141037
3.546683, 0.067543, 6.141037
3.551597, 0.067543, 6.141037
3.555419, 0.067543, 6.141037
3.559613, 0.067543, 6.141037
3.565271, 0.067543, 6.141037
3.570671, 0.067543, 6.141037
3.574561, 0.067543, 6.141037
3.577856, 0.067543, 6.141037
3.581345, 0.067543, 6.141037
3.584979, 0.067543, 6.141037
3.591744, 0.067543, 6.141037
3.596084, 0.067543, 6.141037
3.600982, 0.067543, 6.141037
3.604826, 0.067543, 6.141037
3.609586, 0.064994, 5.909310
3.615527, 0.067543, 6.141037
3.621447, 0.067543, 6.141037
3.628881, 0.067543, 6.141037
3.632750, 0.067543, 6.141037
3.636665, 0.067543, 6.141037
3.640735, 0.067543, 6.141037
3.644708, 0.067543, 6.141037
3.648449, 0.064994, 5.909310
3.652220, 0.067543, 6.141037
3.656275, 0.067543, 6.141037
3.660406, 0.067543, 6.141037
3.664706, 0.067543, 6.141037
3.668335, 0.064994, 5.909310
3.671897, 0.067543, 6.141037
3.674949, 0.067543, 6.141037
3.678104, 0.067543, 6.141037
3.681262, 0.067543, 6.141037
3.684583, 0.067543, 6.141037
3.688409, 0.067543, 6.141037
3.691857, 0.067543, 6.141037
3.695393, 0.067543, 6.141037
3.698837, 0.067543, 6.141037
3.702189, 0.067543, 6.141037
3.705490, 0.067543, 6.141037
3.710461, 0.067543, 6.141037
3.713912, 0.067543, 6.141037
3.717093, 0.067543, 6.141037
3.720277, 0.067543, 6.141037
3.723333, 0.067543, 6.141037
3.726363, 0.067543, 6.141037
3.729361, 0.067543, 6.141037
3.732450, 0.067543, 6.141037
3.735516, 0.064994, 5.909310
3.738613, 0.067543, 6.141037
3.741719, 0.067543, 6.141037
3.744888, 0.067543, 6.141037
3.748006, 0.067543, 6.141037
3.751418, 0.067543, 6.141037
3.754333, 0.067543, 6.141037
3.757106, 0.067543, 6.141037
3.760378, 0.067543, 6.141037
3.763721, 0.067543, 6.141037
3.767628, 0.067543, 6.141037
3.771435, 0.067543, 6.141037
3.775415, 0.067543, 6.141037
3.779478, 0.067543, 6.141037
3.783257, 0.067543, 6.141037
3.788156, 0.067543, 6.141037
3.791234, 0.067543, 6.141037
3.796054, 0.067543, 6.141037
3.801808, 0.067543, 6.141037
3.806968, 0.067543, 6.141037
3.812556, 0.067543, 6.141037
3.817663, 0.067543, 6.141037
3.822649, 0.067543, 6.141037
3.827875, 0.067543, 6.141037
3.832329, 0.067543, 6.141037
3.836957, 0.067543, 6.141037
3.841834, 0.067543, 6.141037
3.846567, 0.067543, 6.141037
3.851076, 0.067543, 6.141037
3.855451, 0.067543, 6.141037
3.859889, 0.067543, 6.141037
3.864363, 0.067543, 6.141037
3.868750, 0.067543, 6.141037
3.873205, 0.067543, 6.141037
3.878304, 0.067543, 6.141037
3.884659, 0.067543, 6.141037
3.889973, 0.067543, 6.141037
3.894637, 0.067543, 6.141037
3.898794, 0.067543, 6.141037
3.902860, 0.067543, 6.141037
3.909991, 0.067543, 6.141037
3.918321, 0.067543, 6.141037
3.922486, 0.067543, 6.141037
3.926082, 0.067543, 6.141037
3.929604, 0.067543, 6.141037
3.933031, 0.067543, 6.141037
3.936331, 0.067543, 6.141037
3.939522, 0.067543, 6.141037
3.943175, 0.067543, 6.141037
3.946695, 0.067543, 6.141037
3.950478, 0.067543, 6.141037
3.954269, 0.067543, 6.141037
3.957675, 0.064994, 5.909310
3.961081, 0.067543, 6.141037
3.964866, 0.067543, 6.141037
3.968715, 0.067543, 6.141037
3.972158, 0.067543, 6.141037
3.975494, 0.067543, 6.141037
3.978844, 0.067543, 6.141037
3.982052, 0.067543, 6.141037
3.985251, 0.067543, 6.141037
3.988402, 0.067543, 6.141037
3.991957, 0.067543, 6.141037
3.995314, 0.067543, 6.141037
3.998662, 0.067543, 6.141037
4.002147, 0.064994, 5.909310
4.005575, 0.067543, 6.141037
4.009084, 0.067543, 6.141037
4.012914, 0.067543, 6.141037
4.015946, 0.067543, 6.141037
4.018559, 0.067543, 6.141037
4.021274, 0.067543, 6.141037
4.024032, 0.067543, 6.141037
4.026905, 0.067543, 6.141037
4.029990, 0.067543, 6.141037
4.033149, 0.067543, 6.141037
4.036312, 0.067543, 6.141037
4.039534, 0.067543, 6.141037
4.043893, 0.067543, 6.141037
4.047278, 0.067543, 6.141037
4.050680, 0.067543, 6.141037
4.054733, 0.067543, 6.141037
4.060822, 0.067543, 6.141037
4.067993, 0.067543, 6.141037
4.074257, 0.067543, 6.141037
4.080417, 0.064994, 5.909310
4.085796, 0.067543, 6.141037
4.090741, 0.067543, 6.141037
4.095230, 0.067543, 6.141037
4.099811, 0.067543, 6.141037
4.104189, 0.067543, 6.141037
4.108577, 0.067543, 6.141037
4.116254, 0.067543, 6.141037
4.121755, 0.067543, 6.141037
4.127121, 0.067543, 6.141037
4.130532, 0.064994, 5.909310
4.133657, 0.067543, 6.141037
4.136463, 0.067543, 6.141037
4.139632, 0.067543, 6.141037
4.142831, 0.067543, 6.141037
4.146118, 0.067543, 6.141037
4.149178, 0.067543, 6.141037
4.152484, 0.067543, 6.141037
4.155602, 0.067543, 6.141037
4.158655, 0.067543, 6.141037
4.161906, 0.064994, 5.909310
4.164934, 0.064994, 5.909310
4.168699, 0.067543, 6.141037
4.171769, 0.067543, 6.141037
4.174782, 0.067543, 6.141037
4.178645, 0.067543, 6.141037
4.180894, 0.067543, 6.141037
4.183389, 0.067543, 6.141037
4.186165, 0.067543, 6.141037
4.189406, 0.067543, 6.141037
4.193289, 0.067543, 6.141037
4.196986, 0.067543, 6.141037
4.200622, 0.067543, 6.141037
4.204215, 0.067543, 6.141037
4.207906, 0.067543, 6.141037
4.211831, 0.067543, 6.141037
4.215743, 0.067543, 6.141037
4.219323, 0.067543, 6.141037
4.222865, 0.067543, 6.141037
4.226309, 0.067543, 6.141037
4.229674, 0.067543, 6.141037
4.232929, 0.067543, 6.141037
4.236131, 0.067543, 6.141037
4.239283, 0.067543, 6.141037
4.242648, 0.067543, 6.141037
4.246124, 0.067543, 6.141037
4.249638, 0.067543, 6.141037
4.253142, 0.067543, 6.141037
4.256714, 0.067543, 6.141037
4.260317, 0.067543, 6.141037
4.264017, 0.067543, 6.141037
4.267625, 0.067543, 6.141037
4.271130, 0.067543, 6.141037
4.275499, 0.067543, 6.141037
4.282435, 0.067543, 6.141037
4.289261, 0.067543, 6.141037
4.292457, 0.067543, 6.141037
4.296434, 0.067543, 6.141037
4.300364, 0.067543, 6.141037
4.304117, 0.070092, 6.372763
4.313016, 0.067543, 6.141037
4.321915, 0.067543, 6.141037
4.329618, 0.067543, 6.141037
4.335687, 0.067543, 6.141037
4.340842, 0.067543, 6.141037
4.345339, 0.067543, 6.141037
4.349362, 0.067543, 6.141037
4.353133, 0.067543, 6.141037
4.356907, 0.064994, 5.909310
4.360609, 0.067543, 6.141037
4.364231, 0.067543, 6.141037
4.367835, 0.067543, 6.141037
4.371237, 0.067543, 6.141037
4.374698, 0.067543, 6.141037
4.378131, 0.067543, 6.141037
4.381521, 0.067543, 6.141037
4.384938, 0.064994, 5.909310
4.388284, 0.064994, 5.909310
4.391716, 0.067543, 6.141037
4.395448, 0.067543, 6.141037
4.399795, 0.064994, 5.909310
4.403252, 0.067543, 6.141037
4.406900, 0.067543, 6.141037
4.410289, 0.067543, 6.141037
4.413552, 0.067543, 6.141037
4.417041, 0.067543, 6.141037
4.420237, 0.067543, 6.141037
4.423337, 0.067543, 6.141037
4.426818, 0.067543, 6.141037
4.429801, 0.067543, 6.141037
4.432839, 0.067543, 6.141037
4.435943, 0.067543, 6.141037
4.440703, 0.067543, 6.141037
4.444819, 0.067543, 6.141037
4.447611, 0.067543, 6.141037
4.449727, 0.067543, 6.141037
4.452227, 0.067543, 6.141037
4.455031, 0.067543, 6.141037
4.459222, 0.067543, 6.141037
4.466099, 0.067543, 6.141037
4.472627, 0.067543, 6.141037
4.475801, 0.067543, 6.141037
4.479870, 0.067543, 6.141037
4.485016, 0.067543, 6.141037
4.489787, 0.067543, 6.141037
4.493124, 0.064994, 5.909310
4.496900, 0.067543, 6.141037
4.541709, 0.064994, 5.909310
4.547308, 0.067543, 6.141037
4.552334, 0.067543, 6.141037
4.557055, 0.067543, 6.141037
4.561393, 0.067543, 6.141037
4.564689, 0.067543, 6.141037
4.567853, 0.067543, 6.141037
4.571076, 0.067543, 6.141037
4.574582, 0.067543, 6.141037
4.578176, 0.067543, 6.141037
4.581937, 0.067543, 6.141037
4.585923, 0.067543, 6.141037
4.590290, 0.067543, 6.141037
4.594704, 0.067543, 6.141037
4.599381, 0.067543, 6.141037
4.603746, 0.067543, 6.141037
4.607728, 0.067543, 6.141037
4.610352, 0.067543, 6.141037
4.613055, 0.067543, 6.141037
4.615579, 0.067543, 6.141037
4.618313, 0.067543, 6.141037
4.621176, 0.067543, 6.141037
4.624084, 0.067543, 6.141037
4.627145, 0.067543, 6.141037
4.630220, 0.067543, 6.141037
4.633309, 0.067543, 6.141037
4.636641, 0.067543, 6.141037
4.639762, 0.067543, 6.141037
4.642567, 0.067543, 6.141037
4.645283, 0.067543, 6.141037
4.648147, 0.067543, 6.141037
4.651218, 0.067543, 6.141037
4.654307, 0.067543, 6.141037
4.657401, 0.067543, 6.141037
4.660675, 0.067543, 6.141037
4.663806, 0.067543, 6.141037
4.666658, 0.067543, 6.141037
4.669266, 0.070092, 6.372763
4.671858, 0.067543, 6.141037
4.674673, 0.067543, 6.141037
4.677707, 0.067543, 6.141037
4.680835, 0.064994, 5.909310
4.683723, 0.067543, 6.141037
4.686722, 0.067543, 6.141037
4.689815, 0.067543, 6.141037
4.693162, 0.067543, 6.141037
4.696335, 0.070092, 6.372763
4.699424, 0.067543, 6.141037
4.702401, 0.067543, 6.141037
4.705259, 0.067543, 6.141037
4.709287, 0.067543, 6.141037
4.711922, 0.067543, 6.141037
4.714492, 0.067543, 6.141037
4.718168, 0.067543, 6.141037
4.720756, 0.067543, 6.141037
4.723456, 0.067543, 6.141037
4.726878, 0.067543, 6.141037
4.729519, 0.067543, 6.141037
4.732353, 0.067543, 6.141037
4.735683, 0.067543, 6.141037
4.740160, 0.070092, 6.372763
4.743271, 0.067543, 6.141037
4.746195, 0.067543, 6.141037
4.750893, 0.067543, 6.141037
4.756224, 0.067543, 6.141037
4.759827, 0.067543, 6.141037
4.763795, 0.067543, 6.141037
4.767272, 0.067543, 6.141037
4.770584, 0.067543, 6.141037
4.773663, 0.067543, 6.141037
4.776740, 0.067543, 6.141037
4.779818, 0.067543, 6.141037
4.782837, 0.067543, 6.141037
4.785844, 0.067543, 6.141037
4.788935, 0.067543, 6.141037
4.792571, 0.067543, 6.141037
4.794953, 0.067543, 6.141037
4.797415, 0.067543, 6.141037
4.801096, 0.067543, 6.141037
4.803047, 0.067543, 6.141037
4.805078, 0.067543, 6.141037
4.807474, 0.067543, 6.141037
4.810472, 0.067543, 6.141037
4.812703, 0.067543, 6.141037
4.815270, 0.067543, 6.141037
4.818864, 0.067543, 6.141037
4.823302, 0.070092, 6.372763
4.829858, 0.067543, 6.141037
4.835082, 0.067543, 6.141037
4.839416, 0.067543, 6.141037
4.843506, 0.067543, 6.141037
4.847773, 0.067543, 6.141037
4.852898, 0.067543, 6.141037
4.858002, 0.067543, 6.141037
4.860949, 0.067543, 6.141037
4.865440, 0.067543, 6.141037
4.869544, 0.067543, 6.141037
4.873693, 0.067543, 6.141037
4.879286, 0.067543, 6.141037
4.884391, 0.067543, 6.141037
4.892771, 0.067543, 6.141037
4.899830, 0.067543, 6.141037
4.907049, 0.067543, 6.141037
4.916733, 0.067543, 6.141037
4.924345, 0.067543, 6.141037
4.930868, 0.067543, 6.141037
4.936541, 0.067543, 6.141037
4.940801, 0.070092, 6.372763
4.945850, 0.067543, 6.141037
4.950533, 0.067543, 6.141037
4.954909, 0.067543, 6.141037
4.958656, 0.067543, 6.141037
4.961563, 0.067543, 6.141037
4.964214, 0.067543, 6.141037
4.967184, 0.067543, 6.141037
4.970327, 0.067543, 6.141037
4.973478, 0.067543, 6.141037
4.976871, 0.067543, 6.141037
4.980031, 0.067543, 6.141037
4.983097, 0.067543, 6.141037
4.986231, 0.067543, 6.141037
4.989347, 0.067543, 6.141037
4.992461, 0.067543, 6.141037
4.995728, 0.067543, 6.141037
4.998580, 0.067543, 6.141037
5.001403, 0.067543, 6.141037
5.004205, 0.067543, 6.141037
5.007347, 0.067543, 6.141037
5.010480, 0.067543, 6.141037
5.013449, 0.067543, 6.141037
5.016448, 0.067543, 6.141037
5.019383, 0.067543, 6.141037
5.022317, 0.067543, 6.141037
5.025662, 0.067543, 6.141037
5.028561, 0.067543, 6.141037
5.031384, 0.067543, 6.141037
5.034189, 0.067543, 6.141037
5.037161, 0.067543, 6.141037
5.040140, 0.067543, 6.141037
5.043090, 0.067543, 6.141037
5.045989, 0.067543, 6.141037
5.048904, 0.070092, 6.372763
5.051735, 0.064994, 5.909310
5.054513, 0.067543, 6.141037
5.058006, 0.067543, 6.141037
5.060913, 0.067543, 6.141037
5.063279, 0.067543, 6.141037
5.066150, 0.067543, 6.141037
5.071920, 0.067543, 6.141037
5.077160, 0.067543, 6.141037
5.081802, 0.067543, 6.141037
5.085811, 0.067543, 6.141037
5.089704, 0.067543, 6.141037
5.092406, 0.067543, 6.141037
5.094706, 0.067543, 6.141037
5.097449, 0.067543, 6.141037
5.100863, 0.067543, 6.141037
5.104132, 0.067543, 6.141037
5.107792, 0.067543, 6.141037
5.114157, 0.067543, 6.141037
5.120363, 0.067543, 6.141037
5.127305, 0.067543, 6.141037
5.132907, 0.067543, 6.141037
5.138153, 0.067543, 6.141037
5.142314, 0.067543, 6.141037
5.145340, 0.067543, 6.141037
5.148465, 0.070092, 6.372763
5.151784, 0.067543, 6.141037
5.155420, 0.067543, 6.141037
5.159188, 0.067543, 6.141037
5.162763, 0.067543, 6.141037
5.166373, 0.067543, 6.141037
5.170099, 0.067543, 6.141037
5.173665, 0.067543, 6.141037
5.177085, 0.067543, 6.141037
5.180578, 0.067543, 6.141037
5.184064, 0.067543, 6.141037
5.187266, 0.067543, 6.141037
5.190971, 0.067543, 6.141037
5.194087, 0.067543, 6.141037
5.197152, 0.067543, 6.141037
5.200376, 0.067543, 6.141037
5.203295, 0.067543, 6.141037
5.206255, 0.067543, 6.141037
5.209488, 0.067543, 6.141037
5.212440, 0.070092, 6.372763
5.215344, 0.070092, 6.372763
5.218208, 0.067543, 6.141037
5.222926, 0.067543, 6.141037
5.225690, 0.067543, 6.141037
5.230412, 0.067543, 6.141037
5.233858, 0.067543, 6.141037
5.236665, 0.067543, 6.141037
5.239632, 0.067543, 6.141037
5.246436, 0.067543, 6.141037
5.252880, 0.067543, 6.141037
5.258706, 0.067543, 6.141037
5.266034, 0.067543, 6.141037
5.271284, 0.067543, 6.141037
5.276507, 0.067543, 6.141037
5.284486, 0.067543, 6.141037
5.293474, 0.067543, 6.141037
5.300415, 0.067543, 6.141037
5.307723, 0.067543, 6.141037
5.311544, 0.067543, 6.141037
5.314853, 0.067543, 6.141037
5.318317, 0.067543, 6.141037
5.321618, 0.067543, 6.141037
5.324971, 0.067543, 6.141037
5.334785, 0.067543, 6.141037
5.342009, 0.070092, 6.372763
5.345834, 0.067543, 6.141037
5.349690, 0.067543, 6.141037
5.353694, 0.067543, 6.141037
5.357616, 0.070092, 6.372763
5.363144, 0.067543, 6.141037
5.366189, 0.067543, 6.141037
5.369270, 0.067543, 6.141037
5.373005, 0.067543, 6.141037
5.377394, 0.067543, 6.141037
5.381976, 0.067543, 6.141037
5.386540, 0.067543, 6.141037
5.390917, 0.067543, 6.141037
5.394152, 0.067543, 6.141037
5.396933, 0.067543, 6.141037
5.399443, 0.067543, 6.141037
5.403049, 0.067543, 6.141037
5.407141, 0.067543, 6.141037
5.411441, 0.067543, 6.141037
5.415589, 0.067543, 6.141037
5.419230, 0.067543, 6.141037
5.423032, 0.067543, 6.141037
5.426638, 0.067543, 6.141037
5.430236, 0.067543, 6.141037
5.433779, 0.067543, 6.141037
5.437161, 0.067543, 6.141037
5.440403, 0.067543, 6.141037
5.443924, 0.067543, 6.141037
5.447136, 0.067543, 6.141037
5.450237, 0.067543, 6.141037
5.453364, 0.067543, 6.141037
5.455928, 0.067543, 6.141037
5.458665, 0.067543, 6.141037
5.461409, 0.067543, 6.141037
5.464248, 0.067543, 6.141037
5.467137, 0.067543, 6.141037
5.470049, 0.070092, 6.372763
5.473147, 0.067543, 6.141037
5.479086, 0.067543, 6.141037
5.484150, 0.067543, 6.141037
5.490219, 0.067543, 6.141037
5.496446, 0.067543, 6.141037
5.503301, 0.067543, 6.141037
5.510752, 0.070092, 6.372763
5.518684, 0.067543, 6.141037
5.524597, 0.067543, 6.141037
5.528018, 0.067543, 6.141037
5.531490, 0.067543, 6.141037
5.534663, 0.067543, 6.141037
5.537674, 0.067543, 6.141037
5.540569, 0.067543, 6.141037
5.546150, 0.067543, 6.141037
5.551381, 0.067543, 6.141037
5.556038, 0.067543, 6.141037
5.560438, 0.067543, 6.141037
5.564784, 0.067543, 6.141037
5.569274, 0.067543, 6.141037
5.574262, 0.067543, 6.141037
5.582502, 0.067543, 6.141037
5.589517, 0.067543, 6.141037
5.594241, 0.067543, 6.141037
5.599647, 0.067543, 6.141037
5.604582, 0.067543, 6.141037
5.609425, 0.067543, 6.141037
5.614204, 0.067543, 6.141037
5.617223, 0.067543, 6.141037
5.620480, 0.067543, 6.141037
5.623106, 0.067543, 6.141037
5.625784, 0.067543, 6.141037
5.628904, 0.067543, 6.141037
5.632138, 0.067543, 6.141037
5.635383, 0.067543, 6.141037
5.640294, 0.067543, 6.141037
5.644865, 0.067543, 6.141037
5.651081, 0.067543, 6.141037
5.655608, 0.067543, 6.141037
5.660345, 0.067543, 6.141037
5.665178, 0.070092, 6.372763
5.669468, 0.067543, 6.141037
5.673760, 0.070092, 6.372763
5.678395, 0.067543, 6.141037
5.682485, 0.067543, 6.141037
5.686331, 0.070092, 6.372763
5.690223, 0.067543, 6.141037
5.693784, 0.067543, 6.141037
5.697214, 0.067543, 6.141037
5.700903, 0.067543, 6.141037
5.704659, 0.067543, 6.141037
5.707021, 0.067543, 6.141037
5.709542, 0.067543, 6.141037
5.715618, 0.067543, 6.141037
5.721323, 0.067543, 6.141037
5.727892, 0.067543, 6.141037
5.735262, 0.067543, 6.141037
5.741696, 0.067543, 6.141037
5.745930, 0.067543, 6.141037
5.750269, 0.067543, 6.141037
5.755329, 0.067543, 6.141037
5.760514, 0.067543, 6.141037
5.765950, 0.067543, 6.141037
5.771081, 0.067543, 6.141037
5.776836, 0.067543, 6.141037
5.783636, 0.067543, 6.141037
5.789327, 0.067543, 6.141037
5.797388, 0.067543, 6.141037
5.804051, 0.067543, 6.141037
5.807412, 0.064994, 5.909310
5.810723, 0.067543, 6.141037
5.814189, 0.067543, 6.141037
5.819072, 0.067543, 6.141037
5.823882, 0.067543, 6.141037
5.827466, 0.067543, 6.141037
5.830524, 0.067543, 6.141037
5.833125, 0.067543, 6.141037
5.835885, 0.067543, 6.141037
5.838658, 0.064994, 5.909310
5.841134, 0.067543, 6.141037
5.843611, 0.067543, 6.141037
5.846056, 0.067543, 6.141037
5.848699, 0.067543, 6.141037
5.851252, 0.067543, 6.141037
5.853860, 0.067543, 6.141037
5.864615, 0.067543, 6.141037
5.873574, 0.067543, 6.141037
5.881038, 0.067543, 6.141037
5.888357, 0.067543, 6.141037
5.891880, 0.067543, 6.141037
5.895817, 0.067543, 6.141037
5.900350, 0.067543, 6.141037
5.904456, 0.067543, 6.141037
5.908581, 0.067543, 6.141037
5.912461, 0.067543, 6.141037
5.916241, 0.067543, 6.141037
5.920005, 0.067543, 6.141037
5.923731, 0.067543, 6.141037
5.928646, 0.067543, 6.141037
5.933342, 0.067543, 6.141037
5.937512, 0.067543, 6.141037
5.941477, 0.067543, 6.141037
5.945023, 0.067543, 6.141037
5.949883, 0.067543, 6.141037
5.955497, 0.070092, 6.372763
5.961739, 0.067543, 6.141037
5.967873, 0.067543, 6.141037
5.973499, 0.067543, 6.141037
5.978894, 0.067543, 6.141037
5.985110, 0.067543, 6.141037
5.991636, 0.067543, 6.141037
5.997793, 0.067543, 6.141037
6.003559, 0.067543, 6.141037
6.009117, 0.067543, 6.141037
6.013026, 0.067543, 6.141037
6.016880, 0.067543, 6.141037
6.020612, 0.067543, 6.141037
6.024170, 0.067543, 6.141037
6.027804, 0.067543, 6.141037
6.031325, 0.067543, 6.141037
6.034685, 0.067543, 6.141037
6.037959, 0.067543, 6.141037
6.041152, 0.067543, 6.141037
6.044391, 0.067543, 6.141037
6.047572, 0.067543, 6.141037
6.050910, 0.067543, 6.141037
6.055414, 0.067543, 6.141037
6.060763, 0.067543, 6.141037
6.066100, 0.067543, 6.141037
6.071536, 0.067543, 6.141037
6.075173, 0.067543, 6.141037
6.078818, 0.067543, 6.141037
6.082244, 0.067543, 6.141037
6.085630, 0.067543, 6.141037
6.089088, 0.067543, 6.141037
6.093695, 0.067543, 6.141037
6.097515, 0.067543, 6.141037
6.101261, 0.067543, 6.141037
6.104955, 0.067543, 6.141037
6.108146, 0.067543, 6.141037
6.111054, 0.067543, 6.141037
6.113950, 0.067543, 6.141037
6.116757, 0.067543, 6.141037
6.119633, 0.067543, 6.141037
6.124195, 0.067543, 6.141037
6.127354, 0.067543, 6.141037
6.130134, 0.067543, 6.141037
6.133052, 0.067543, 6.141037
6.136372, 0.067543, 6.141037
6.139418, 0.067543, 6.141037
6.144138, 0.067543, 6.141037
6.149163, 0.067543, 6.141037
6.152641, 0.067543, 6.141037
6.156503, 0.067543, 6.141037
6.160270, 0.067543, 6.141037
6.164001, 0.067543, 6.141037
6.167632, 0.067543, 6.141037
6.172010, 0.067543, 6.141037
6.183593, 0.067543, 6.141037
6.196230, 0.067543, 6.141037
6.203434, 0.067543, 6.141037
6.210077, 0.067543, 6.141037
6.216266, 0.067543, 6.141037
6.221744, 0.067543, 6.141037
6.226270, 0.067543, 6.141037
6.229748, 0.064994, 5.909310
6.232873, 0.067543, 6.141037
6.235978, 0.067543, 6.141037
6.239143, 0.067543, 6.141037
6.241308, 0.064994, 5.909310
6.248661, 0.067543, 6.141037
6.254365, 0.067543, 6.141037
6.260069, 0.067543, 6.141037
6.263258, 0.067543, 6.141037
6.265805, 0.067543, 6.141037
6.268841, 0.067543, 6.141037
6.272154, 0.067543, 6.141037
6.276529, 0.067543, 6.141037
6.280097, 0.067543, 6.141037
6.284618, 0.067543, 6.141037
6.288913, 0.067543, 6.141037
6.292249, 0.067543, 6.141037
6.296735, 0.067543, 6.141037
6.300831, 0.067543, 6.141037
6.304269, 0.067543, 6.141037
6.307621, 0.067543, 6.141037
6.311054, 0.067543, 6.141037
6.314156, 0.067543, 6.141037
6.317281, 0.067543, 6.141037
6.320582, 0.067543, 6.141037
6.325153, 0.067543, 6.141037
6.328139, 0.067543, 6.141037
6.331488, 0.067543, 6.141037
6.334795, 0.070092, 6.372763
6.337966, 0.067543, 6.141037
6.342098, 0.067543, 6.141037
6.347207, 0.067543, 6.141037
6.351302, 0.067543, 6.141037
6.354068, 0.067543, 6.141037
6.357274, 0.067543, 6.141037
6.360863, 0.067543, 6.141037
6.364372, 0.067543, 6.141037
6.368138, 0.067543, 6.141037
6.371914, 0.067543, 6.141037
6.377374, 0.067543, 6.141037
6.383475, 0.067543, 6.141037
6.389225, 0.067543, 6.141037
6.393637, 0.067543, 6.141037
6.399116, 0.067543, 6.141037
6.404522, 0.067543, 6.141037
6.408673, 0.067543, 6.141037
6.410952, 0.067543, 6.141037
6.415396, 0.067543, 6.141037
6.419343, 0.067543, 6.141037
6.423566, 0.067543, 6.141037
6.427649, 0.067543, 6.141037
6.431001, 0.067543, 6.141037
6.433707, 0.067543, 6.141037
6.436176, 0.067543, 6.141037
6.438706, 0.067543, 6.141037
6.441781, 0.067543, 6.141037
6.445872, 0.070092, 6.372763
6.449971, 0.067543, 6.141037
6.454093, 0.067543, 6.141037
6.458152, 0.067543, 6.141037
6.462170, 0.067543, 6.141037
6.466226, 0.067543, 6.141037
6.469957, 0.067543, 6.141037
6.474159, 0.067543, 6.141037
6.480165, 0.067543, 6.141037
6.485813, 0.067543, 6.141037
6.491351, 0.067543, 6.141037
6.496857, 0.067543, 6.141037
6.502074, 0.067543, 6.141037
6.507638, 0.067543, 6.141037
6.511820, 0.067543, 6.141037
6.517039, 0.067543, 6.141037
6.521586, 0.070092, 6.372763
6.525971, 0.067543, 6.141037
6.530482, 0.067543, 6.141037
6.534640, 0.067543, 6.141037
6.537335, 0.067543, 6.141037
6.540463, 0.067543, 6.141037
6.544165, 0.067543, 6.141037
6.548983, 0.067543, 6.141037
6.553002, 0.067543, 6.141037
6.559599, 0.067543, 6.141037
6.566688, 0.067543, 6.141037
6.574894, 0.067543, 6.141037
6.577729, 0.067543, 6.141037
6.580706, 0.067543, 6.141037
6.583715, 0.067543, 6.141037
6.588745, 0.067543, 6.141037
6.598085, 0.067543, 6.141037
6.606185, 0.067543, 6.141037
6.610412, 0.067543, 6.141037
6.613963, 0.067543, 6.141037
6.617348, 0.067543, 6.141037
6.620666, 0.067543, 6.141037
6.623827, 0.067543, 6.141037
6.627315, 0.067543, 6.141037
6.630745, 0.067543, 6.141037
6.634047, 0.067543, 6.141037
6.637227, 0.067543, 6.141037
6.640381, 0.070092, 6.372763
6.643671, 0.067543, 6.141037
6.647064, 0.067543, 6.141037
6.650345, 0.067543, 6.141037
6.653595, 0.067543, 6.141037
6.657085, 0.067543, 6.141037
6.660528, 0.067543, 6.141037
6.663898, 0.067543, 6.141037
6.667207, 0.067543, 6.141037
6.670502, 0.067543, 6.141037
6.673686, 0.067543, 6.141037
6.676975, 0.067543, 6.141037
6.680237, 0.067543, 6.141037
6.683450, 0.067543, 6.141037
6.686688, 0.067543, 6.141037
6.689852, 0.067543, 6.141037
6.692952, 0.067543, 6.141037
6.696006, 0.067543, 6.141037
6.699200, 0.067543, 6.141037
6.702350, 0.067543, 6.141037
6.705586, 0.067543, 6.141037
6.708826, 0.067543, 6.141037
6.712240, 0.067543, 6.141037
6.715664, 0.070092, 6.372763
6.719235, 0.067543, 6.141037
6.722840, 0.067543, 6.141037
6.733923, 0.067543, 6.141037
6.742174, 0.067543, 6.141037
6.746798, 0.067543, 6.141037
6.751522, 0.067543, 6.141037
6.756362, 0.067543, 6.141037
6.760943, 0.067543, 6.141037
6.764716, 0.067543, 6.141037
6.769177, 0.067543, 6.141037
6.772817, 0.067543, 6.141037
6.779801, 0.067543, 6.141037
6.787048, 0.067543, 6.141037
6.791683, 0.067543, 6.141037
6.797208, 0.067543, 6.141037
6.803315, 0.067543, 6.141037
6.808580, 0.067543, 6.141037
6.813667, 0.067543, 6.141037
6.818301, 0.067543, 6.141037
6.822803, 0.067543, 6.141037
6.825488, 0.067543, 6.141037
6.828861, 0.067543, 6.141037
6.834535, 0.067543, 6.141037
6.839732, 0.067543, 6.141037
6.844659, 0.067543, 6.141037
6.849402, 0.067543, 6.141037
6.854238, 0.070092, 6.372763
6.858285, 0.067543, 6.141037
6.862195, 0.067543, 6.141037
6.865933, 0.067543, 6.141037
6.869773, 0.067543, 6.141037
6.873493, 0.067543, 6.141037
6.877161, 0.064994, 5.909310
6.881634, 0.067543, 6.141037
6.885848, 0.067543, 6.141037
6.889707, 0.070092, 6.372763
6.893691, 0.067543, 6.141037
6.903046, 0.067543, 6.141037
6.910418, 0.070092, 6.372763
6.917198, 0.067543, 6.141037
6.922784, 0.067543, 6.141037
6.928013, 0.067543, 6.141037
6.933134, 0.067543, 6.141037
6.938568, 0.067543, 6.141037
6.944462, 0.067543, 6.141037
6.950649, 0.067543, 6.141037
6.956045, 0.067543, 6.141037
6.960945, 0.067543, 6.141037
6.965407, 0.067543, 6.141037
6.969721, 0.067543, 6.141037
6.973797, 0.067543, 6.141037
6.977975, 0.067543, 6.141037
6.981748, 0.067543, 6.141037
6.985323, 0.067543, 6.141037
6.989669, 0.067543, 6.141037
6.993533, 0.067543, 6.141037
6.998702, 0.067543, 6.141037
7.003779, 0.067543, 6.141037
7.009445, 0.067543, 6.141037
7.014207, 0.067543, 6.141037
7.018650, 0.067543, 6.141037
7.022892, 0.070092, 6.372763
7.026443, 0.067543, 6.141037
7.029646, 0.067543, 6.141037
7.032844, 0.067543, 6.141037
7.035877, 0.067543, 6.141037
7.038573, 0.067543, 6.141037
7.041686, 0.067543, 6.141037
7.044847, 0.067543, 6.141037
7.048291, 0.067543, 6.141037
7.051520, 0.067543, 6.141037
7.054722, 0.067543, 6.141037
7.058192, 0.067543, 6.141037
7.061438, 0.067543, 6.141037
7.064639, 0.067543, 6.141037
7.067633, 0.067543, 6.141037
7.070626, 0.067543, 6.141037
7.073657, 0.067543, 6.141037
7.076815, 0.067543, 6.141037
7.079874, 0.067543, 6.141037
7.082833, 0.067543, 6.141037
7.085716, 0.067543, 6.141037
7.088721, 0.067543, 6.141037
7.091863, 0.067543, 6.141037
7.094869, 0.067543, 6.141037
7.097886, 0.067543, 6.141037
7.101241, 0.067543, 6.141037
7.104270, 0.067543, 6.141037
7.107423, 0.067543, 6.141037
7.110641, 0.067543, 6.141037
7.113589, 0.067543, 6.141037
7.116531, 0.067543, 6.141037
7.119604, 0.067543, 6.141037
7.122623, 0.067543, 6.141037
7.125789, 0.067543, 6.141037
7.128751, 0.067543, 6.141037
7.131920, 0.067543, 6.141037
7.134932, 0.067543, 6.141037
7.137865, 0.067543, 6.141037
7.141768, 0.070092, 6.372763
7.146543, 0.067543, 6.141037
7.151108, 0.067543, 6.141037
7.155368, 0.067543, 6.141037
7.159492, 0.067543, 6.141037
7.163463, 0.067543, 6.141037
7.167156, 0.067543, 6.141037
7.170860, 0.067543, 6.141037
7.174878, 0.067543, 6.141037
7.179045, 0.067543, 6.141037
7.183252, 0.067543, 6.141037
7.187438, 0.067543, 6.141037
7.192334, 0.067543, 6.141037
7.196918, 0.067543, 6.141037
7.201103, 0.067543, 6.141037
7.205145, 0.067543, 6.141037
7.209391, 0.067543, 6.141037
7.213857, 0.067543, 6.141037
7.218117, 0.067543, 6.141037
7.222205, 0.067543, 6.141037
7.225078, 0.067543, 6.141037
7.227665, 0.067543, 6.141037
7.230259, 0.067543, 6.141037
7.235527, 0.067543, 6.141037
7.242674, 0.067543, 6.141037
7.250213, 0.067543, 6.141037
7.258062, 0.067543, 6.141037
7.266352, 0.067543, 6.141037
7.274927, 0.067543, 6.141037
7.281401, 0.067543, 6.141037
7.285953, 0.067543, 6.141037
7.289394, 0.067543, 6.141037
7.292835, 0.067543, 6.141037
7.296267, 0.067543, 6.141037
7.299718, 0.067543, 6.141037
7.302931, 0.067543, 6.141037
7.307725, 0.067543, 6.141037
7.312760, 0.067543, 6.141037
7.317749, 0.067543, 6.141037
7.323161, 0.067543, 6.141037
7.330297, 0.067543, 6.141037
7.333634, 0.067543, 6.141037
7.337350, 0.067543, 6.141037
7.341739, 0.067543, 6.141037
7.344526, 0.067543, 6.141037
7.347076, 0.067543, 6.141037
7.349641, 0.067543, 6.141037
7.352488, 0.067543, 6.141037
7.355327, 0.067543, 6.141037
7.358231, 0.067543, 6.141037
7.361213, 0.067543, 6.141037
7.364323, 0.067543, 6.141037
7.367369, 0.067543, 6.141037
7.370425, 0.067543, 6.141037
7.373534, 0.067543, 6.141037
7.379336, 0.067543, 6.141037
7.384913, 0.067543, 6.141037
7.389944, 0.067543, 6.141037
7.394177, 0.067543, 6.141037
7.396674, 0.067543, 6.141037
7.399107, 0.067543, 6.141037
7.401806, 0.067543, 6.141037
7.405007, 0.067543, 6.141037
7.408270, 0.067543, 6.141037
7.411326, 0.067543, 6.141037
7.414432, 0.067543, 6.141037
7.417978, 0.067543, 6.141037
7.420966, 0.067543, 6.141037
7.424309, 0.067543, 6.141037
7.427573, 0.067543, 6.141037
7.430440, 0.067543, 6.141037
7.433551, 0.067543, 6.141037
7.436600, 0.067543, 6.141037
7.439828, 0.067543, 6.141037
7.443048, 0.067543, 6.141037
7.446597, 0.067543, 6.141037
7.450432, 0.067543, 6.141037
7.454540, 0.067543, 6.141037
7.459373, 0.067543, 6.141037
7.463607, 0.067543, 6.141037
7.467707, 0.067543, 6.141037
7.471720, 0.067543, 6.141037
7.475884, 0.067543, 6.141037
7.480031, 0.067543, 6.141037
7.484499, 0.067543, 6.141037
7.489280, 0.067543, 6.141037
7.492414, 0.067543, 6.141037
7.496846, 0.067543, 6.141037
7.500798, 0.070092, 6.372763
7.504567, 0.067543, 6.141037
7.508900, 0.067543, 6.141037
7.512820, 0.067543, 6.141037
7.516810, 0.067543, 6.141037
7.520447, 0.067543, 6.141037
7.524082, 0.067543, 6.141037
7.527872, 0.067543, 6.141037
7.531539, 0.067543, 6.141037
7.535132, 0.067543, 6.141037
7.538867, 0.067543, 6.141037
7.542275, 0.067543, 6.141037
7.545504, 0.067543, 6.141037
7.548827, 0.067543, 6.141037
7.552181, 0.067543, 6.141037
7.555325, 0.067543, 6.141037
7.560177, 0.067543, 6.141037
7.565446, 0.067543, 6.141037
7.569699, 0.067543, 6.141037
7.574947, 0.067543, 6.141037
7.584264, 0.067543, 6.141037
7.590569, 0.067543, 6.141037
7.593027, 0.067543, 6.141037
7.595800, 0.067543, 6.141037
7.599373, 0.067543, 6.141037
7.603942, 0.067543, 6.141037
7.609057, 0.067543, 6.141037
7.613680, 0.067543, 6.141037
7.617981, 0.067543, 6.141037
7.621128, 0.067543, 6.141037
7.625649, 0.067543, 6.141037
7.631785, 0.067543, 6.141037
7.639025, 0.067543, 6.141037
7.641415, 0.067543, 6.141037
7.645383, 0.067543, 6.141037
7.649170, 0.067543, 6.141037
7.655021, 0.067543, 6.141037
7.658183, 0.067543, 6.141037
7.661629, 0.067543, 6.141037
7.664925, 0.067543, 6.141037
7.668019, 0.067543, 6.141037
7.670709, 0.067543, 6.141037
7.675239, 0.067543, 6.141037
7.679311, 0.064994, 5.909310
7.682076, 0.067543, 6.141037
7.685682, 0.067543, 6.141037
7.688957, 0.067543, 6.141037
7.693557, 0.067543, 6.141037
7.697187, 0.067543, 6.141037
7.700638, 0.067543, 6.141037
7.705020, 0.067543, 6.141037
7.709099, 0.067543, 6.141037
7.711602, 0.067543, 6.141037
7.714315, 0.067543, 6.141037
7.717198, 0.067543, 6.141037
7.720616, 0.067543, 6.141037
7.724784, 0.067543, 6.141037
7.728821, 0.067543, 6.141037
7.733216, 0.067543, 6.141037
7.737279, 0.067543, 6.141037
7.741134, 0.067543, 6.141037
7.743692, 0.067543, 6.141037
7.745943, 0.067543, 6.141037
7.748347, 0.067543, 6.141037
7.751123, 0.067543, 6.141037
7.754200, 0.067543, 6.141037
7.756910, 0.067543, 6.141037
7.760427, 0.067543, 6.141037
7.766736, 0.067543, 6.141037
7.772855, 0.067543, 6.141037
7.776813, 0.067543, 6.141037
7.780366, 0.067543, 6.141037
7.785990, 0.067543, 6.141037
7.791325, 0.067543, 6.141037
7.795385, 0.067543, 6.141037
7.799338, 0.067543, 6.141037
7.803248, 0.067543, 6.141037
7.807404, 0.067543, 6.141037
7.811054, 0.067543, 6.141037
7.813444, 0.067543, 6.141037
7.815746, 0.067543, 6.141037
7.819515, 0.067543, 6.141037
7.825886, 0.067543, 6.141037
7.832276, 0.067543, 6.141037
7.838154, 0.067543, 6.141037
7.841355, 0.067543, 6.141037
7.845791, 0.067543, 6.141037
7.849947, 0.067543, 6.141037
7.853766, 0.067543, 6.141037
7.857308, 0.067543, 6.141037
7.861038, 0.067543, 6.141037
7.864534, 0.067543, 6.141037
7.867883, 0.067543, 6.141037
7.871397, 0.067543, 6.141037
7.874889, 0.067543, 6.141037
7.878415, 0.067543, 6.141037
7.881957, 0.067543, 6.141037
7.885425, 0.067543, 6.141037
7.888878, 0.067543, 6.141037
7.893007, 0.067543, 6.141037
7.896316, 0.064994, 5.909310
7.899476, 0.067543, 6.141037
7.902590, 0.067543, 6.141037
7.905687, 0.067543, 6.141037
7.908699, 0.067543, 6.141037
7.911847, 0.067543, 6.141037
7.915202, 0.067543, 6.141037
7.918475, 0.067543, 6.141037
7.921707, 0.067543, 6.141037
7.924863, 0.067543, 6.141037
7.928168, 0.067543, 6.141037
7.931433, 0.067543, 6.141037
7.934540, 0.067543, 6.141037
7.937559, 0.067543, 6.141037
7.940815, 0.067543, 6.141037
7.943906, 0.067543, 6.141037
7.946842, 0.070092, 6.372763
7.949777, 0.067543, 6.141037
7.952666, 0.067543, 6.141037
7.955543, 0.067543, 6.141037
7.958607, 0.067543, 6.141037
7.961605, 0.067543, 6.141037
7.964495, 0.070092, 6.372763
7.967508, 0.067543, 6.141037
7.970440, 0.067543, 6.141037
7.973425, 0.067543, 6.141037
7.976431, 0.067543, 6.141037
7.979590, 0.067543, 6.141037
7.982778, 0.067543, 6.141037
7.985869, 0.067543, 6.141037
7.988904, 0.067543, 6.141037
7.992042, 0.067543, 6.141037
7.994946, 0.067543, 6.141037
7.997995, 0.067543, 6.141037
8.001045, 0.070092, 6.372763
8.003972, 0.067543, 6.141037
8.006790, 0.067543, 6.141037
8.009808, 0.067543, 6.141037
8.012680, 0.067543, 6.141037
8.015500, 0.067543, 6.141037
8.018362, 0.067543, 6.141037
8.021450, 0.067543, 6.141037
8.024575, 0.067543, 6.141037
8.027729, 0.067543, 6.141037
8.030916, 0.067543, 6.141037
8.034257, 0.067543, 6.141037
8.037923, 0.067543, 6.141037
8.044047, 0.070092, 6.372763
8.049133, 0.067543, 6.141037
8.053539, 0.067543, 6.141037
8.057310, 0.067543, 6.141037
8.061330, 0.067543, 6.141037
8.064728, 0.067543, 6.141037
8.067993, 0.067543, 6.141037
8.071299, 0.067543, 6.141037
8.074575, 0.067543, 6.141037
8.077848, 0.067543, 6.141037
8.080946, 0.070092, 6.372763
8.083991, 0.067543, 6.141037
8.086887, 0.067543, 6.141037
8.089761, 0.067543, 6.141037
8.094183, 0.067543, 6.141037
8.098798, 0.067543, 6.141037
8.103405, 0.067543, 6.141037
8.107642, 0.067543, 6.141037
8.111998, 0.067543, 6.141037
8.115931, 0.067543, 6.141037
8.119640, 0.067543, 6.141037
8.123192, 0.067543, 6.141037
8.126772, 0.067543, 6.141037
8.130139, 0.067543, 6.141037
8.133577, 0.067543, 6.141037
8.136813, 0.067543, 6.141037
8.140058, 0.067543, 6.141037
8.143465, 0.067543, 6.141037
8.146729, 0.067543, 6.141037
8.149865, 0.067543, 6.141037
8.153231, 0.067543, 6.141037
8.157372, 0.067543, 6.141037
8.160837, 0.064994, 5.909310
8.164603, 0.067543, 6.141037
8.168093, 0.067543, 6.141037
8.171515, 0.067543, 6.141037
8.174848, 0.067543, 6.141037
8.177025, 0.067543, 6.141037
8.179209, 0.067543, 6.141037
8.183466, 0.067543, 6.141037
8.187256, 0.067543, 6.141037
8.190948, 0.067543, 6.141037
8.194583, 0.067543, 6.141037
8.197909, 0.067543, 6.141037
8.201047, 0.067543, 6.141037
8.204109, 0.067543, 6.141037
8.207079, 0.067543, 6.141037
8.212276, 0.067543, 6.141037
8.217324, 0.067543, 6.141037
8.221935, 0.067543, 6.141037
8.226232, 0.067543, 6.141037
8.230409, 0.067543, 6.141037
8.234899, 0.067543, 6.141037
8.239808, 0.067543, 6.141037
8.242775, 0.067543, 6.141037
8.245841, 0.067543, 6.141037
8.249199, 0.067543, 6.141037
8.252322, 0.067543, 6.141037
8.255421, 0.064994, 5.909310
8.260579, 0.067543, 6.141037
8.268399, 0.067543, 6.141037
8.274623, 0.067543, 6.141037
8.280360, 0.067543, 6.141037
8.285850, 0.067543, 6.141037
8.290795, 0.067543, 6.141037
8.297712, 0.067543, 6.141037
8.304504, 0.067543, 6.141037
8.309998, 0.067543, 6.141037
8.314001, 0.067543, 6.141037
8.317689, 0.067543, 6.141037
8.321614, 0.067543, 6.141037
8.325784, 0.067543, 6.141037
8.329603, 0.067543, 6.141037
8.333183, 0.067543, 6.141037
8.336995, 0.067543, 6.141037
8.340862, 0.067543, 6.141037
8.344722, 0.067543, 6.141037
8.348673, 0.067543, 6.141037
8.352777, 0.067543, 6.141037
8.357211, 0.067543, 6.141037
8.360108, 0.067543, 6.141037
8.367182, 0.067543, 6.141037
8.372332, 0.067543, 6.141037
8.375444, 0.067543, 6.141037
8.378341, 0.067543, 6.141037
8.381191, 0.067543, 6.141037
8.384055, 0.067543, 6.141037
8.386819, 0.067543, 6.141037
8.389722, 0.067543, 6.141037
8.393336, 0.067543, 6.141037
8.396615, 0.070092, 6.372763
8.399616, 0.067543, 6.141037
8.402705, 0.067543, 6.141037
8.406818, 0.067543, 6.141037
8.411252, 0.067543, 6.141037
8.415183, 0.067543, 6.141037
8.418921, 0.067543, 6.141037
8.423017, 0.067543, 6.141037
8.427121, 0.067543, 6.141037
8.430969, 0.067543, 6.141037
8.434666, 0.067543, 6.141037
8.438055, 0.067543, 6.141037
8.441369, 0.067543, 6.141037
8.445000, 0.067543, 6.141037
8.448659, 0.067543, 6.141037
8.451979, 0.067543, 6.141037
8.455456, 0.067543, 6.141037
8.459783, 0.067543, 6.141037
8.464576, 0.067543, 6.141037
8.466976, 0.067543, 6.141037
8.469301, 0.067543, 6.141037
8.471802, 0.067543, 6.141037
8.476586, 0.067543, 6.141037
8.482728, 0.067543, 6.141037
8.488338, 0.067543, 6.141037
8.493267, 0.067543, 6.141037
8.497863, 0.067543, 6.141037
8.502029, 0.067543, 6.141037
8.506367, 0.067543, 6.141037
8.509597, 0.067543, 6.141037
8.511868, 0.067543, 6.141037
8.514373, 0.067543, 6.141037
8.519247, 0.067543, 6.141037
8.525479, 0.067543, 6.141037
8.530804, 0.067543, 6.141037
8.535440, 0.067543, 6.141037
8.540087, 0.067543, 6.141037
8.544288, 0.067543, 6.141037
8.548523, 0.067543, 6.141037
8.552405, 0.067543, 6.141037
8.556295, 0.067543, 6.141037
8.564246, 0.067543, 6.141037
8.566922, 0.067543, 6.141037
8.569236, 0.067543, 6.141037
8.571753, 0.067543, 6.141037
8.574743, 0.067543, 6.141037
8.577753, 0.067543, 6.141037
8.580889, 0.067543, 6.141037
8.584176, 0.067543, 6.141037
8.587451, 0.067543, 6.141037
8.590600, 0.067543, 6.141037
8.593784, 0.067543, 6.141037
8.596852, 0.067543, 6.141037
8.599879, 0.067543, 6.141037
8.602716, 0.067543, 6.141037
8.605697, 0.067543, 6.141037
8.608221, 0.067543, 6.141037
8.611344, 0.067543, 6.141037
8.614428, 0.067543, 6.141037
8.617545, 0.067543, 6.141037
8.620560, 0.067543, 6.141037
8.623523, 0.067543, 6.141037
8.626538, 0.067543, 6.141037
8.630523, 0.067543, 6.141037
8.634149, 0.067543, 6.141037
8.637586, 0.067543, 6.141037
8.641065, 0.067543, 6.141037
8.644366, 0.070092, 6.372763
8.647553, 0.067543, 6.141037
8.650853, 0.067543, 6.141037
8.653915, 0.067543, 6.141037
8.656905, 0.070092, 6.372763
8.660544, 0.067543, 6.141037
8.663405, 0.067543, 6.141037
8.667632, 0.067543, 6.141037
8.672921, 0.067543, 6.141037
8.678427, 0.067543, 6.141037
8.682434, 0.067543, 6.141037
8.686176, 0.067543, 6.141037
8.689862, 0.067543, 6.141037
8.693625, 0.067543, 6.141037
8.697060, 0.067543, 6.141037
8.700586, 0.067543, 6.141037
8.705960, 0.067543, 6.141037
8.710825, 0.067543, 6.141037
8.715665, 0.067543, 6.141037
8.720816, 0.067543, 6.141037
8.729223, 0.067543, 6.141037
8.736529, 0.067543, 6.141037
8.745028, 0.067543, 6.141037
8.755875, 0.067543, 6.141037
8.759793, 0.067543, 6.141037
8.762646, 0.067543, 6.141037
8.765585, 0.067543, 6.141037
8.769058, 0.067543, 6.141037
8.777498, 0.067543, 6.141037
8.786108, 0.067543, 6.141037
8.793299, 0.067543, 6.141037
8.799113, 0.067543, 6.141037
8.804653, 0.067543, 6.141037
8.809684, 0.067543, 6.141037
8.814409, 0.067543, 6.141037
8.818940, 0.067543, 6.141037
8.824065, 0.067543, 6.141037
8.829372, 0.067543, 6.141037
8.834584, 0.067543, 6.141037
8.841524, 0.070092, 6.372763
8.847874, 0.067543, 6.141037
8.853599, 0.067543, 6.141037
8.861180, 0.067543, 6.141037
8.865329, 0.067543, 6.141037
8.869617, 0.067543, 6.141037
8.873821, 0.067543, 6.141037
8.882334, 0.067543, 6.141037
8.887331, 0.067543, 6.141037
8.890925, 0.067543, 6.141037
8.894142, 0.067543, 6.141037
8.897137, 0.067543, 6.141037
8.902309, 0.067543, 6.141037
8.907482, 0.067543, 6.141037
8.912220, 0.067543, 6.141037
8.914797, 0.067543, 6.141037
8.917290, 0.067543, 6.141037
8.919885, 0.067543, 6.141037
8.922501, 0.067543, 6.141037
8.927628, 0.067543, 6.141037
8.930414, 0.067543, 6.141037
8.932646, 0.067543, 6.141037
8.934969, 0.067543, 6.141037
8.937637, 0.067543, 6.141037
8.940460, 0.067543, 6.141037
8.945014, 0.067543, 6.141037
8.947405, 0.067543, 6.141037
8.949846, 0.067543, 6.141037
8.952150, 0.067543, 6.141037
8.954643, 0.067543, 6.141037
8.957276, 0.067543, 6.141037
8.962271, 0.067543, 6.141037
8.968248, 0.067543, 6.141037
8.973455, 0.067543, 6.141037
8.978277, 0.067543, 6.141037
8.981078, 0.067543, 6.141037
8.983332, 0.067543, 6.141037
8.985757, 0.067543, 6.141037
8.988310, 0.067543, 6.141037
8.990950, 0.067543, 6.141037
8.994077, 0.067543, 6.141037
9.000329, 0.067543, 6.141037
9.005522, 0.070092, 6.372763
9.010569, 0.067543, 6.141037
9.012889, 0.067543, 6.141037
9.014837, 0.067543, 6.141037
9.017294, 0.067543, 6.141037
9.020294, 0.067543, 6.141037
9.023048, 0.067543, 6.141037
9.026946, 0.067543, 6.141037
9.029109, 0.067543, 6.141037
9.031041, 0.067543, 6.141037
9.033149, 0.067543, 6.141037
9.035444, 0.067543, 6.141037
9.037874, 0.067543, 6.141037
9.041724, 0.067543, 6.141037
9.045027, 0.067543, 6.141037
9.047715, 0.067543, 6.141037
9.050342, 0.067543, 6.141037
9.052923, 0.067543, 6.141037
9.055487, 0.067543, 6.141037
9.058067, 0.070092, 6.372763
9.060695, 0.067543, 6.141037
9.063133, 0.067543, 6.141037
9.065580, 0.067543, 6.141037
9.068039, 0.067543, 6.141037
9.070503, 0.067543, 6.141037
9.073007, 0.067543, 6.141037
9.076546, 0.067543, 6.141037
9.078977, 0.067543, 6.141037
9.081378, 0.067543, 6.141037
9.083772, 0.067543, 6.141037
9.086172, 0.067543, 6.141037
9.088623, 0.067543, 6.141037
9.092599, 0.067543, 6.141037
9.095180, 0.067543, 6.141037
9.097649, 0.070092, 6.372763
9.100162, 0.067543, 6.141037
9.102610, 0.067543, 6.141037
9.105085, 0.067543, 6.141037
9.108054, 0.067543, 6.141037
9.110627, 0.067543, 6.141037
9.113271, 0.067543, 6.141037
9.115838, 0.067543, 6.141037
9.118428, 0.067543, 6.141037
9.121213, 0.067543, 6.141037
9.124549, 0.067543, 6.141037
9.127432, 0.067543, 6.141037
9.130135, 0.067543, 6.141037
9.132773, 0.070092, 6.372763
9.136685, 0.067543, 6.141037
9.139413, 0.067543, 6.141037
9.142241, 0.067543, 6.141037
9.144776, 0.067543, 6.141037
9.147291, 0.067543, 6.141037
9.150020, 0.067543, 6.141037
9.152702, 0.067543, 6.141037
9.155283, 0.070092, 6.372763
9.158028, 0.067543, 6.141037
9.160709, 0.067543, 6.141037
9.163390, 0.067543, 6.141037
9.166087, 0.067543, 6.141037
9.168850, 0.067543, 6.141037
9.171595, 0.067543, 6.141037
9.174379, 0.067543, 6.141037
9.177130, 0.067543, 6.141037
9.179808, 0.067543, 6.141037
9.182615, 0.067543, 6.141037
9.185204, 0.067543, 6.141037
9.187840, 0.067543, 6.141037
9.190746, 0.067543, 6.141037
9.193412, 0.067543, 6.141037
9.196041, 0.067543, 6.141037
9.198717, 0.067543, 6.141037
9.201343, 0.067543, 6.141037
9.203969, 0.067543, 6.141037
9.206588, 0.070092, 6.372763
9.209499, 0.067543, 6.141037
9.212147, 0.067543, 6.141037
9.214776, 0.067543, 6.141037
9.217383, 0.067543, 6.141037
9.220286, 0.067543, 6.141037
9.222886, 0.067543, 6.141037
9.225484, 0.067543, 6.141037
9.228084, 0.067543, 6.141037
9.230745, 0.067543, 6.141037
9.233270, 0.067543, 6.141037
9.235772, 0.067543, 6.141037
9.238272, 0.067543, 6.141037
9.241060, 0.067543, 6.141037
9.243636, 0.067543, 6.141037
9.246320, 0.067543, 6.141037
9.248900, 0.067543, 6.141037
9.251485, 0.067543, 6.141037
9.254069, 0.067543, 6.141037
9.257174, 0.067543, 6.141037
9.259894, 0.067543, 6.141037
9.262459, 0.067543, 6.141037
9.265019, 0.070092, 6.372763
9.267603, 0.067543, 6.141037
9.270314, 0.067543, 6.141037
9.273215, 0.067543, 6.141037
9.276050, 0.067543, 6.141037
9.278778, 0.067543, 6.141037
9.281570, 0.067543, 6.141037
9.284225, 0.067543, 6.141037
9.287037, 0.067543, 6.141037
9.289904, 0.067543, 6.141037
9.292781, 0.067543, 6.141037
9.295652, 0.067543, 6.141037
9.298509, 0.067543, 6.141037
9.301456, 0.067543, 6.141037
9.304386, 0.067543, 6.141037
9.307351, 0.067543, 6.141037
9.310293, 0.067543, 6.141037
9.313354, 0.067543, 6.141037
9.316543, 0.067543, 6.141037
9.319703, 0.067543, 6.141037
9.322749, 0.067543, 6.141037
9.325919, 0.067543, 6.141037
9.329063, 0.067543, 6.141037
9.332228, 0.067543, 6.141037
9.335366, 0.067543, 6.141037
9.338394, 0.067543, 6.141037
9.341925, 0.067543, 6.141037
9.345337, 0.064994, 5.909310
9.350145, 0.067543, 6.141037
9.353830, 0.067543, 6.141037
9.358370, 0.067543, 6.141037
9.361581, 0.067543, 6.141037
9.364477, 0.067543, 6.141037
9.368495, 0.067543, 6.141037
9.372136, 0.070092, 6.372763
9.375483, 0.067543, 6.141037
9.378569, 0.067543, 6.141037
9.381644, 0.067543, 6.141037
9.384731, 0.067543, 6.141037
9.387729, 0.067543, 6.141037
9.390733, 0.067543, 6.141037
9.393690, 0.067543, 6.141037
9.396543, 0.067543, 6.141037
9.399391, 0.067543, 6.141037
9.402287, 0.067543, 6.141037
9.405107, 0.067543, 6.141037
9.408016, 0.067543, 6.141037
9.410810, 0.067543, 6.141037
9.413636, 0.067543, 6.141037
9.416404, 0.067543, 6.141037
9.419164, 0.067543, 6.141037
9.421976, 0.067543, 6.141037
9.424836, 0.067543, 6.141037
9.427656, 0.067543, 6.141037
9.430442, 0.067543, 6.141037
9.433244, 0.067543, 6.141037
9.436039, 0.067543, 6.141037
9.438898, 0.067543, 6.141037
9.441828, 0.067543, 6.141037
9.444947, 0.067543, 6.141037
9.447942, 0.067543, 6.141037
9.450937, 0.067543, 6.141037
9.454030, 0.067543, 6.141037
9.457126, 0.067543, 6.141037
9.460278, 0.070092, 6.372763
9.463476, 0.067543, 6.141037
9.466566, 0.067543, 6.141037
9.469542, 0.067543, 6.141037
9.472442, 0.067543, 6.141037
9.474842, 0.067543, 6.141037
9.477357, 0.067543, 6.141037
9.479634, 0.067543, 6.141037
9.482104, 0.067543, 6.141037
9.484675, 0.067543, 6.141037
9.487353, 0.067543, 6.141037
9.490133, 0.067543, 6.141037
9.492924, 0.067543, 6.141037
9.495718, 0.067543, 6.141037
9.498517, 0.067543, 6.141037
9.501381, 0.067543, 6.141037
9.505332, 0.067543, 6.141037
9.508887, 0.067543, 6.141037
9.511903, 0.067543, 6.141037
9.514818, 0.067543, 6.141037
9.517667, 0.067543, 6.141037
9.520614, 0.067543, 6.141037
9.523543, 0.067543, 6.141037
9.526512, 0.067543, 6.141037
9.529454, 0.067543, 6.141037
9.532389, 0.067543, 6.141037
9.535409, 0.067543, 6.141037
9.538344, 0.067543, 6.141037
9.541305, 0.070092, 6.372763
9.544439, 0.067543, 6.141037
9.547650, 0.067543, 6.141037
9.550550, 0.067543, 6.141037
9.553366, 0.067543, 6.141037
9.556814, 0.067543, 6.141037
9.559690, 0.067543, 6.141037
9.562496, 0.067543, 6.141037
9.565289, 0.067543, 6.141037
9.568086, 0.067543, 6.141037
9.570951, 0.067543, 6.141037
9.574018, 0.067543, 6.141037
9.578617, 0.064994, 5.909310
9.583296, 0.067543, 6.141037
9.586844, 0.067543, 6.141037
9.589903, 0.067543, 6.141037
9.592063, 0.067543, 6.141037
9.594338, 0.070092, 6.372763
9.596734, 0.067543, 6.141037
9.599399, 0.067543, 6.141037
9.602148, 0.067543, 6.141037
9.604922, 0.067543, 6.141037
9.607791, 0.067543, 6.141037
9.610594, 0.067543, 6.141037
9.613390, 0.067543, 6.141037
9.616300, 0.067543, 6.141037
9.619199, 0.067543, 6.141037
9.622128, 0.067543, 6.141037
9.625043, 0.067543, 6.141037
9.627486, 0.070092, 6.372763
9.629882, 0.067543, 6.141037
9.632262, 0.067543, 6.141037
9.634830, 0.067543, 6.141037
9.637541, 0.067543, 6.141037
9.640320, 0.067543, 6.141037
9.643149, 0.067543, 6.141037
9.646014, 0.067543, 6.141037
9.648850, 0.067543, 6.141037
9.651678, 0.067543, 6.141037
9.654463, 0.067543, 6.141037
9.658509, 0.067543, 6.141037
9.661272, 0.064994, 5.909310
9.663885, 0.067543, 6.141037
9.666472, 0.067543, 6.141037
9.668636, 0.067543, 6.141037
9.670906, 0.067543, 6.141037
9.673253, 0.067543, 6.141037
9.675925, 0.067543, 6.141037
9.678695, 0.067543, 6.141037
9.681500, 0.067543, 6.141037
9.684454, 0.067543, 6.141037
9.686842, 0.067543, 6.141037
9.689317, 0.067543, 6.141037
9.691621, 0.067543, 6.141037
9.695689, 0.067543, 6.141037
9.699732, 0.067543, 6.141037
9.703289, 0.067543, 6.141037
9.706876, 0.067543, 6.141037
9.709766, 0.067543, 6.141037
9.712154, 0.067543, 6.141037
9.714387, 0.067543, 6.141037
9.716925, 0.067543, 6.141037
9.719817, 0.067543, 6.141037
9.722668, 0.067543, 6.141037
9.725654, 0.067543, 6.141037
9.729249, 0.067543, 6.141037
9.732867, 0.067543, 6.141037
9.735885, 0.067543, 6.141037
9.738846, 0.067543, 6.141037
9.741936, 0.067543, 6.141037
9.744950, 0.067543, 6.141037
9.747910, 0.067543, 6.141037
9.750747, 0.067543, 6.141037
9.753568, 0.067543, 6.141037
9.756476, 0.067543, 6.141037
9.759726, 0.067543, 6.141037
9.762292, 0.067543, 6.141037
9.764878, 0.067543, 6.141037
9.767481, 0.067543, 6.141037
9.770431, 0.067543, 6.141037
9.773824, 0.067543, 6.141037
9.778146, 0.067543, 6.141037
9.782120, 0.067543, 6.141037
9.786668, 0.067543, 6.141037
9.790671, 0.067543, 6.141037
9.794676, 0.067543, 6.141037
9.798464, 0.067543, 6.141037
9.802046, 0.064994, 5.909310
9.805383, 0.067543, 6.141037
9.808683, 0.067543, 6.141037
9.811844, 0.067543, 6.141037
9.814941, 0.067543, 6.141037
9.817906, 0.067543, 6.141037
9.820925, 0.067543, 6.141037
9.823912, 0.067543, 6.141037
9.827017, 0.067543, 6.141037
9.829962, 0.067543, 6.141037
9.832992, 0.067543, 6.141037
9.836040, 0.067543, 6.141037
9.839038, 0.067543, 6.141037
9.842100, 0.067543, 6.141037
9.845058, 0.064994, 5.909310
9.848651, 0.067543, 6.141037
9.851545, 0.067543, 6.141037
9.853865, 0.067543, 6.141037
9.856938, 0.067543, 6.141037
9.859738, 0.067543, 6.141037
9.862491, 0.067543, 6.141037
9.865312, 0.067543, 6.141037
9.868171, 0.067543, 6.141037
9.871094, 0.067543, 6.141037
9.874045, 0.067543, 6.141037
9.877227, 0.067543, 6.141037
9.879846, 0.067543, 6.141037
9.882541, 0.067543, 6.141037
9.887130, 0.067543, 6.141037
9.892849, 0.070092, 6.372763
9.896269, 0.067543, 6.141037
9.898934, 0.067543, 6.141037
9.901387, 0.067543, 6.141037
9.904222, 0.067543, 6.141037
9.907040, 0.067543, 6.141037
9.910331, 0.064994, 5.909310
9.913883, 0.067543, 6.141037
9.917190, 0.067543, 6.141037
9.920437, 0.067543, 6.141037
9.923655, 0.067543, 6.141037
9.926874, 0.067543, 6.141037
9.929918, 0.067543, 6.141037
9.932885, 0.067543, 6.141037
9.935931, 0.067543, 6.141037
9.939150, 0.067543, 6.141037
9.942161, 0.067543, 6.141037
9.945205, 0.067543, 6.141037
9.948228, 0.067543, 6.141037
9.951121, 0.067543, 6.141037
9.953980, 0.067543, 6.141037
9.956826, 0.067543, 6.141037
9.959698, 0.067543, 6.141037
9.962639, 0.067543, 6.141037
9.965508, 0.067543, 6.141037
9.968385, 0.067543, 6.141037
9.971217, 0.067543, 6.141037
9.974069, 0.067543, 6.141037
9.976914, 0.067543, 6.141037
9.979703, 0.067543, 6.141037
9.982521, 0.067543, 6.141037
9.985451, 0.067543, 6.141037
9.988445, 0.067543, 6.141037
9.991454, 0.067543, 6.141037
9.994476, 0.067543, 6.141037
9.997448, 0.070092, 6.372763
10.000436, 0.067543, 6.141037
10.003336, 0.067543, 6.141037
10.006206, 0.067543, 6.141037
10.009221, 0.067543, 6.141037
10.012251, 0.067543, 6.141037
10.015259, 0.067543, 6.141037
10.018260, 0.067543, 6.141037
10.021213, 0.067543, 6.141037
10.024069, 0.067543, 6.141037
10.027677, 0.067543, 6.141037
10.030125, 0.067543, 6.141037
10.032391, 0.067543, 6.141037
10.034965, 0.067543, 6.141037
10.037778, 0.067543, 6.141037
10.040702, 0.067543, 6.141037
10.043702, 0.067543, 6.141037
10.046758, 0.067543, 6.141037
10.049810, 0.067543, 6.141037
10.052897, 0.067543, 6.141037
10.055967, 0.067543, 6.141037
10.059042, 0.067543, 6.141037
10.061949, 0.067543, 6.141037
10.064785, 0.067543, 6.141037
10.067638, 0.067543, 6.141037
10.070458, 0.067543, 6.141037
10.073255, 0.067543, 6.141037
10.076117, 0.067543, 6.141037
10.078960, 0.070092, 6.372763
10.081774, 0.067543, 6.141037
10.084584, 0.067543, 6.141037
10.087361, 0.067543, 6.141037
10.090206, 0.067543, 6.141037
10.093044, 0.067543, 6.141037
10.095854, 0.067543, 6.141037
10.098671, 0.067543, 6.141037
10.101562, 0.067543, 6.141037
10.104468, 0.067543, 6.141037
10.107464, 0.067543, 6.141037
10.110430, 0.067543, 6.141037
10.113384, 0.067543, 6.141037
10.116407, 0.067543, 6.141037
10.119368, 0.067543, 6.141037
10.122362, 0.067543, 6.141037
10.125225, 0.067543, 6.141037
10.128174, 0.067543, 6.141037
10.131135, 0.067543, 6.141037
10.134071, 0.067543, 6.141037
10.137087, 0.067543, 6.141037
10.140047, 0.067543, 6.141037
10.142991, 0.067543, 6.141037
10.145848, 0.067543, 6.141037
10.148759, 0.067543, 6.141037
10.151758, 0.067543, 6.141037
10.155244, 0.067543, 6.141037
10.158299, 0.067543, 6.141037
10.161364, 0.067543, 6.141037
10.164430, 0.067543, 6.141037
10.167396, 0.067543, 6.141037
10.170513, 0.067543, 6.141037
10.173718, 0.067543, 6.141037
10.176638, 0.067543, 6.141037
10.179623, 0.067543, 6.141037
10.182590, 0.067543, 6.141037
10.185597, 0.070092, 6.372763
10.188549, 0.067543, 6.141037
10.191438, 0.067543, 6.141037
10.194292, 0.067543, 6.141037
10.197107, 0.067543, 6.141037
10.199951, 0.067543, 6.141037
10.202721, 0.067543, 6.141037
10.205507, 0.067543, 6.141037
10.208374, 0.067543, 6.141037
10.211170, 0.067543, 6.141037
10.213948, 0.067543, 6.141037
10.216760, 0.067543, 6.141037
10.219718, 0.064994, 5.909310
10.222202, 0.064994, 5.909310
10.224633, 0.067543, 6.141037
10.227091, 0.067543, 6.141037
10.229703, 0.067543, 6.141037
10.232418, 0.067543, 6.141037
10.235251, 0.067543, 6.141037
10.238292, 0.067543, 6.141037
10.241386, 0.067543, 6.141037
10.244419, 0.067543, 6.141037
10.247515, 0.067543, 6.141037
10.250812, 0.067543, 6.141037
10.253966, 0.067543, 6.141037
10.257124, 0.067543, 6.141037
10.260426, 0.067543, 6.141037
10.264333, 0.067543, 6.141037
10.267412, 0.067543, 6.141037
10.270887, 0.067543, 6.141037
10.274215, 0.064994, 5.909310
10.277222, 0.067543, 6.141037
10.280262, 0.067543, 6.141037
10.283212, 0.064994, 5.909310
10.286039, 0.064994, 5.909310
10.288837, 0.067543, 6.141037
10.291611, 0.067543, 6.141037
10.294337, 0.067543, 6.141037
10.297034, 0.067543, 6.141037
10.299744, 0.067543, 6.141037
10.302398, 0.067543, 6.141037
10.305057, 0.067543, 6.141037
10.307727, 0.067543, 6.141037
10.310605, 0.067543, 6.141037
10.313382, 0.067543, 6.141037
10.316076, 0.067543, 6.141037
10.318712, 0.067543, 6.141037
10.321379, 0.067543, 6.141037
10.324055, 0.067543, 6.141037
10.326695, 0.067543, 6.141037
10.329356, 0.067543, 6.141037
10.332466, 0.067543, 6.141037
10.335372, 0.067543, 6.141037
10.338202, 0.067543, 6.141037
10.340880, 0.067543, 6.141037
10.343491, 0.067543, 6.141037
10.346168, 0.067543, 6.141037
10.348759, 0.067543, 6.141037
10.351344, 0.067543, 6.141037
10.353938, 0.067543, 6.141037
10.356575, 0.067543, 6.141037
10.359310, 0.067543, 6.141037
10.361931, 0.067543, 6.141037
10.364525, 0.067543, 6.141037
10.367089, 0.067543, 6.141037
10.369688, 0.067543, 6.141037
10.372273, 0.067543, 6.141037
10.374967, 0.067543, 6.141037
10.377584, 0.067543, 6.141037
10.380171, 0.064994, 5.909310
10.382804, 0.067543, 6.141037
10.385575, 0.064994, 5.909310
10.388199, 0.067543, 6.141037
10.390834, 0.067543, 6.141037
10.393434, 0.067543, 6.141037
10.396065, 0.064994, 5.909310
10.398659, 0.067543, 6.141037
10.401247, 0.067543, 6.141037
10.403826, 0.067543, 6.141037
10.406919, 0.067543, 6.141037
10.409965, 0.067543, 6.141037
10.412183, 0.067543, 6.141037
10.414328, 0.067543, 6.141037
10.417166, 0.067543, 6.141037
10.420011, 0.067543, 6.141037
10.422789, 0.067543, 6.141037
10.425748, 0.067543, 6.141037
10.428641, 0.067543, 6.141037
10.431635, 0.064994, 5.909310
10.434541, 0.067543, 6.141037
10.437955, 0.067543, 6.141037
10.441111, 0.067543, 6.141037
10.444244, 0.067543, 6.141037
10.446931, 0.067543, 6.141037
10.449601, 0.067543, 6.141037
10.452160, 0.067543, 6.141037
10.454718, 0.067543, 6.141037
10.457291, 0.067543, 6.141037
10.459864, 0.067543, 6.141037
10.462390, 0.067543, 6.141037
10.464945, 0.067543, 6.141037
10.467538, 0.067543, 6.141037
10.470270, 0.067543, 6.141037
10.472897, 0.067543, 6.141037
10.475514, 0.067543, 6.141037
10.478090, 0.067543, 6.141037
10.480671, 0.067543, 6.141037
10.483286, 0.067543, 6.141037
10.485911, 0.067543, 6.141037
10.489469, 0.067543, 6.141037
10.492127, 0.067543, 6.141037
10.494690, 0.067543, 6.141037
10.497331, 0.067543, 6.141037
10.499980, 0.067543, 6.141037
10.502539, 0.067543, 6.141037
10.505052, 0.067543, 6.141037
10.507697, 0.067543, 6.141037
10.510350, 0.067543, 6.141037
10.512959, 0.067543, 6.141037
10.515593, 0.067543, 6.141037
10.518226, 0.067543, 6.141037
10.520822, 0.067543, 6.141037
10.524092, 0.067543, 6.141037
10.527304, 0.067543, 6.141037
10.530206, 0.067543, 6.141037
10.533122, 0.067543, 6.141037
10.535979, 0.067543, 6.141037
10.538811, 0.067543, 6.141037
10.541693, 0.067543, 6.141037
10.544620, 0.067543, 6.141037
10.547387, 0.067543, 6.141037
10.550076, 0.067543, 6.141037
10.552757, 0.067543, 6.141037
10.555495, 0.067543, 6.141037
10.558189, 0.067543, 6.141037
10.561194, 0.067543, 6.141037
10.563601, 0.067543, 6.141037
10.565830, 0.067543, 6.141037
10.568224, 0.067543, 6.141037
10.570921, 0.067543, 6.141037
10.573942, 0.067543, 6.141037
10.576715, 0.067543, 6.141037
10.579487, 0.067543, 6.141037
10.582193, 0.067543, 6.141037
10.584858, 0.067543, 6.141037
10.587540, 0.067543, 6.141037
10.590917, 0.067543, 6.141037
10.593866, 0.067543, 6.141037
10.596178, 0.067543, 6.141037
10.598553, 0.067543, 6.141037
10.601270, 0.067543, 6.141037
10.604012, 0.067543, 6.141037
10.606759, 0.067543, 6.141037
10.609545, 0.067543, 6.141037
10.612537, 0.067543, 6.141037
10.615142, 0.067543, 6.141037
10.617725, 0.067543, 6.141037
10.620411, 0.067543, 6.141037
10.623077, 0.067543, 6.141037
10.626594, 0.067543, 6.141037
10.628784, 0.067543, 6.141037
10.631375, 0.067543, 6.141037
10.633546, 0.067543, 6.141037
10.635787, 0.067543, 6.141037
10.638238, 0.067543, 6.141037
10.641197, 0.067543, 6.141037
10.643868, 0.067543, 6.141037
10.646463, 0.067543, 6.141037
10.648999, 0.067543, 6.141037
10.651647, 0.067543, 6.141037
10.654212, 0.067543, 6.141037
10.656814, 0.067543, 6.141037
10.659445, 0.067543, 6.141037
10.662064, 0.067543, 6.141037
10.664610, 0.067543, 6.141037
10.667117, 0.067543, 6.141037
10.669581, 0.067543, 6.141037
10.672206, 0.067543, 6.141037
10.674794, 0.067543, 6.141037
10.677347, 0.067543, 6.141037
10.679751, 0.067543, 6.141037
10.682175, 0.067543, 6.141037
10.684640, 0.067543, 6.141037
10.687231, 0.067543, 6.141037
10.689710, 0.067543, 6.141037
10.693205, 0.064994, 5.909310
10.695769, 0.070092, 6.372763
10.698323, 0.067543, 6.141037
10.700848, 0.067543, 6.141037
10.704254, 0.067543, 6.141037
10.707241, 0.067543, 6.141037
10.709733, 0.067543, 6.141037
10.712188, 0.067543, 6.141037
10.714750, 0.067543, 6.141037
10.717361, 0.067543, 6.141037
10.720040, 0.067543, 6.141037
10.723733, 0.067543, 6.141037
10.726668, 0.067543, 6.141037
10.729625, 0.067543, 6.141037
10.732600, 0.067543, 6.141037
10.735465, 0.067543, 6.141037
10.738166, 0.067543, 6.141037
10.740871, 0.067543, 6.141037
10.743555, 0.067543, 6.141037
10.746209, 0.067543, 6.141037
10.748962, 0.067543, 6.141037
10.751599, 0.067543, 6.141037
10.754609, 0.067543, 6.141037
10.758266, 0.067543, 6.141037
10.761973, 0.067543, 6.141037
10.765356, 0.067543, 6.141037
10.768547, 0.067543, 6.141037
10.771698, 0.067543, 6.141037
10.774764, 0.067543, 6.141037
10.777774, 0.067543, 6.141037
10.780696, 0.067543, 6.141037
10.783670, 0.067543, 6.141037
10.786461, 0.067543, 6.141037
10.789245, 0.067543, 6.141037
10.792068, 0.067543, 6.141037
10.795132, 0.067543, 6.141037
10.798536, 0.067543, 6.141037
10.802331, 0.067543, 6.141037
10.804383, 0.067543, 6.141037
10.806964, 0.070092, 6.372763
10.809767, 0.067543, 6.141037
10.812458, 0.067543, 6.141037
10.816214, 0.067543, 6.141037
10.819175, 0.067543, 6.141037
10.821242, 0.064994, 5.909310
10.823513, 0.067543, 6.141037
10.826128, 0.067543, 6.141037
10.828873, 0.067543, 6.141037
10.831641, 0.067543, 6.141037
10.834463, 0.067543, 6.141037
10.837262, 0.067543, 6.141037
10.840463, 0.067543, 6.141037
10.843315, 0.067543, 6.141037
10.846128, 0.067543, 6.141037
10.848994, 0.067543, 6.141037
10.851758, 0.067543, 6.141037
10.854513, 0.067543, 6.141037
10.857307, 0.067543, 6.141037
10.860129, 0.067543, 6.141037
10.862915, 0.067543, 6.141037
10.865730, 0.067543, 6.141037
10.869051, 0.067543, 6.141037
10.872359, 0.067543, 6.141037
10.875688, 0.067543, 6.141037
10.878853, 0.067543, 6.141037
10.881664, 0.067543, 6.141037
10.884366, 0.067543, 6.141037
10.887356, 0.067543, 6.141037
10.890281, 0.067543, 6.141037
10.893100, 0.067543, 6.141037
10.895930, 0.067543, 6.141037
10.898747, 0.067543, 6.141037
10.901622, 0.067543, 6.141037
10.904513, 0.067543, 6.141037
10.907987, 0.070092, 6.372763
10.911245, 0.067543, 6.141037
10.913913, 0.067543, 6.141037
10.917141, 0.067543, 6.141037
10.920207, 0.067543, 6.141037
10.923265, 0.067543, 6.141037
10.926902, 0.067543, 6.141037
10.930619, 0.067543, 6.141037
10.934508, 0.067543, 6.141037
10.938591, 0.067543, 6.141037
10.941998, 0.067543, 6.141037
10.946266, 0.064994, 5.909310
10.952584, 0.070092, 6.372763
10.958250, 0.067543, 6.141037
10.963186, 0.067543, 6.141037
10.967109, 0.067543, 6.141037
10.970838, 0.067543, 6.141037
10.973626, 0.067543, 6.141037
10.975947, 0.067543, 6.141037
10.978239, 0.067543, 6.141037
10.980713, 0.067543, 6.141037
10.983394, 0.067543, 6.141037
10.987170, 0.067543, 6.141037
10.991202, 0.067543, 6.141037
10.994895, 0.067543, 6.141037
10.998365, 0.067543, 6.141037
11.001854, 0.067543, 6.141037
11.005032, 0.067543, 6.141037
11.008065, 0.067543, 6.141037
11.011028, 0.067543, 6.141037
11.013970, 0.067543, 6.141037
11.017430, 0.067543, 6.141037
11.020659, 0.067543, 6.141037
11.025988, 0.067543, 6.141037
11.029334, 0.067543, 6.141037
11.032594, 0.067543, 6.141037
11.035763, 0.067543, 6.141037
11.038759, 0.070092, 6.372763
11.041894, 0.067543, 6.141037
11.044837, 0.067543, 6.141037
11.047670, 0.067543, 6.141037
11.050585, 0.067543, 6.141037
11.053514, 0.067543, 6.141037
11.056406, 0.067543, 6.141037
11.059319, 0.067543, 6.141037
11.062274, 0.067543, 6.141037
11.065288, 0.067543, 6.141037
11.068258, 0.067543, 6.141037
11.071231, 0.067543, 6.141037
11.074276, 0.067543, 6.141037
11.077322, 0.067543, 6.141037
11.080358, 0.067543, 6.141037
11.083317, 0.067543, 6.141037
11.086229, 0.067543, 6.141037
11.089124, 0.067543, 6.141037
11.091998, 0.067543, 6.141037
11.095050, 0.067543, 6.141037
11.097945, 0.067543, 6.141037
11.100931, 0.067543, 6.141037
11.103957, 0.067543, 6.141037
11.106977, 0.067543, 6.141037
11.109992, 0.067543, 6.141037
11.112946, 0.067543, 6.141037
11.116003, 0.067543, 6.141037
11.119177, 0.067543, 6.141037
11.122303, 0.067543, 6.141037
11.125694, 0.067543, 6.141037
11.128961, 0.067543, 6.141037
11.132110, 0.067543, 6.141037
11.135250, 0.067543, 6.141037
11.138341, 0.067543, 6.141037
11.142084, 0.067543, 6.141037
11.145168, 0.067543, 6.141037
11.148191, 0.067543, 6.141037
11.151241, 0.067543, 6.141037
11.154278, 0.067543, 6.141037
11.157519, 0.067543, 6.141037
11.160718, 0.067543, 6.141037
11.164082, 0.067543, 6.141037
11.168368, 0.067543, 6.141037
11.171782, 0.067543, 6.141037
11.177127, 0.067543, 6.141037
11.181984, 0.067543, 6.141037
11.185393, 0.067543, 6.141037
11.189225, 0.067543, 6.141037
11.192887, 0.067543, 6.141037
11.195766, 0.067543, 6.141037
11.199229, 0.067543, 6.141037
11.208135, 0.067543, 6.141037
11.212426, 0.067543, 6.141037
11.215930, 0.064994, 5.909310
11.219058, 0.067543, 6.141037
11.222108, 0.070092, 6.372763
11.225316, 0.067543, 6.141037
11.228457, 0.067543, 6.141037
11.231475, 0.067543, 6.141037
11.234529, 0.067543, 6.141037
11.237713, 0.067543, 6.141037
11.241311, 0.067543, 6.141037
11.244812, 0.067543, 6.141037
11.249622, 0.067543, 6.141037
11.252804, 0.067543, 6.141037
11.256146, 0.067543, 6.141037
11.259818, 0.067543, 6.141037
11.263200, 0.067543, 6.141037
11.266078, 0.067543, 6.141037
11.269014, 0.067543, 6.141037
11.272031, 0.067543, 6.141037
11.275286, 0.067543, 6.141037
11.278818, 0.067543, 6.141037
11.282258, 0.067543, 6.141037
11.285440, 0.067543, 6.141037
11.288370, 0.070092, 6.372763
11.292481, 0.067543, 6.141037
11.296124, 0.067543, 6.141037
11.299413, 0.067543, 6.141037
11.302631, 0.067543, 6.141037
11.305916, 0.067543, 6.141037
11.309311, 0.070092, 6.372763
11.312503, 0.067543, 6.141037
11.315564, 0.067543, 6.141037
11.318643, 0.067543, 6.141037
11.321597, 0.067543, 6.141037
11.324336, 0.067543, 6.141037
11.327108, 0.067543, 6.141037
11.330012, 0.067543, 6.141037
11.332897, 0.067543, 6.141037
11.335792, 0.064994, 5.909310
11.338406, 0.067543, 6.141037
11.342379, 0.067543, 6.141037
11.345264, 0.067543, 6.141037
11.349331, 0.067543, 6.141037
11.352406, 0.067543, 6.141037
11.355281, 0.067543, 6.141037
11.358083, 0.067543, 6.141037
11.360842, 0.067543, 6.141037
11.363550, 0.067543, 6.141037
11.366180, 0.067543, 6.141037
11.368881, 0.067543, 6.141037
11.371673, 0.067543, 6.141037
11.374498, 0.067543, 6.141037
11.377429, 0.067543, 6.141037
11.380538, 0.067543, 6.141037
11.383535, 0.067543, 6.141037
11.386653, 0.067543, 6.141037
11.391001, 0.067543, 6.141037
11.394762, 0.067543, 6.141037
11.398304, 0.067543, 6.141037
11.400962, 0.067543, 6.141037
11.403441, 0.067543, 6.141037
11.405661, 0.067543, 6.141037
11.408152, 0.067543, 6.141037
11.410798, 0.067543, 6.141037
11.413481, 0.067543, 6.141037
11.416255, 0.067543, 6.141037
11.419205, 0.067543, 6.141037
11.422098, 0.067543, 6.141037
11.424967, 0.067543, 6.141037
11.427765, 0.067543, 6.141037
11.430651, 0.067543, 6.141037
11.433425, 0.067543, 6.141037
11.436212, 0.067543, 6.141037
11.438967, 0.070092, 6.372763
11.441878, 0.067543, 6.141037
11.444669, 0.067543, 6.141037
11.447401, 0.067543, 6.141037
11.450094, 0.067543, 6.141037
11.452776, 0.067543, 6.141037
11.455375, 0.067543, 6.141037
11.457987, 0.067543, 6.141037
11.460662, 0.067543, 6.141037
11.463251, 0.067543, 6.141037
11.465906, 0.067543, 6.141037
11.468545, 0.067543, 6.141037
11.471388, 0.067543, 6.141037
11.474344, 0.067543, 6.141037
11.476610, 0.070092, 6.372763
11.478849, 0.067543, 6.141037
11.481184, 0.067543, 6.141037
11.483697, 0.067543, 6.141037
11.486477, 0.067543, 6.141037
11.489361, 0.067543, 6.141037
11.492377, 0.067543, 6.141037
11.495120, 0.067543, 6.141037
11.497886, 0.067543, 6.141037
11.500685, 0.067543, 6.141037
11.503634, 0.067543, 6.141037
11.506740, 0.067543, 6.141037
11.509810, 0.070092, 6.372763
11.512686, 0.067543, 6.141037
11.515470, 0.067543, 6.141037
11.518339, 0.067543, 6.141037
11.521166, 0.067543, 6.141037
11.523965, 0.070092, 6.372763
11.526782, 0.067543, 6.141037
11.530486, 0.067543, 6.141037
11.533394, 0.070092, 6.372763
11.536249, 0.067543, 6.141037
11.539059, 0.067543, 6.141037
11.542362, 0.067543, 6.141037
11.545204, 0.067543, 6.141037
11.547903, 0.067543, 6.141037
11.550499, 0.070092, 6.372763
11.553279, 0.067543, 6.141037
11.556317, 0.070092, 6.372763
11.559503, 0.067543, 6.141037
11.562436, 0.067543, 6.141037
11.565406, 0.067543, 6.141037
11.568445, 0.067543, 6.141037
11.571352, 0.067543, 6.141037
11.574438, 0.067543, 6.141037
11.577344, 0.070092, 6.372763
11.580219, 0.067543, 6.141037
11.582996, 0.067543, 6.141037
11.585833, 0.067543, 6.141037
11.588599, 0.067543, 6.141037
11.591539, 0.067543, 6.141037
11.594371, 0.070092, 6.372763
11.597172, 0.070092, 6.372763
11.599974, 0.067543, 6.141037
11.602756, 0.067543, 6.141037
11.605547, 0.067543, 6.141037
11.608411, 0.067543, 6.141037
11.611319, 0.067543, 6.141037
11.614348, 0.070092, 6.372763
11.617332, 0.067543, 6.141037
11.620223, 0.067543, 6.141037
11.623325, 0.067543, 6.141037
11.626225, 0.067543, 6.141037
11.628981, 0.070092, 6.372763
11.631712, 0.067543, 6.141037
11.634873, 0.070092, 6.372763
11.637474, 0.067543, 6.141037
11.640057, 0.067543, 6.141037
11.642630, 0.067543, 6.141037
11.645251, 0.070092, 6.372763
11.648161, 0.067543, 6.141037
11.651267, 0.067543, 6.141037
11.653785, 0.067543, 6.141037
11.656284, 0.067543, 6.141037
11.658805, 0.067543, 6.141037
11.661784, 0.067543, 6.141037
11.664632, 0.067543, 6.141037
11.667135, 0.067543, 6.141037
11.669664, 0.070092, 6.372763
11.672265, 0.067543, 6.141037
11.675022, 0.067543, 6.141037
11.677705, 0.067543, 6.141037
11.680453, 0.067543, 6.141037
11.683334, 0.067543, 6.141037
11.686083, 0.070092, 6.372763
11.688857, 0.067543, 6.141037
11.691710, 0.067543, 6.141037
11.694570, 0.067543, 6.141037
11.697430, 0.067543, 6.141037
11.700310, 0.067543, 6.141037
11.703283, 0.067543, 6.141037
11.706260, 0.067543, 6.141037
11.709128, 0.067543, 6.141037
11.711994, 0.067543, 6.141037
11.714873, 0.067543, 6.141037
11.717728, 0.070092, 6.372763
11.720507, 0.067543, 6.141037
11.723550, 0.067543, 6.141037
11.726446, 0.067543, 6.141037
11.729207, 0.070092, 6.372763
11.732050, 0.067543, 6.141037
11.734849, 0.067543, 6.141037
11.737722, 0.067543, 6.141037
11.740554, 0.067543, 6.141037
11.743503, 0.070092, 6.372763
11.746375, 0.067543, 6.141037
11.749141, 0.067543, 6.141037
11.751964, 0.067543, 6.141037
11.754753, 0.067543, 6.141037
11.757564, 0.067543, 6.141037
11.760476, 0.067543, 6.141037
11.763267, 0.067543, 6.141037
11.766029, 0.067543, 6.141037
11.768843, 0.070092, 6.372763
11.771613, 0.067543, 6.141037
11.774570, 0.070092, 6.372763
11.777413, 0.067543, 6.141037
11.780176, 0.070092, 6.372763
11.783315, 0.070092, 6.372763
11.786028, 0.067543, 6.141037
11.788344, 0.067543, 6.141037
11.790938, 0.067543, 6.141037
11.793694, 0.067543, 6.141037
11.797578, 0.067543, 6.141037
11.801496, 0.067543, 6.141037
11.806009, 0.070092, 6.372763
11.809965, 0.067543, 6.141037
11.812141, 0.070092, 6.372763
11.814499, 0.067543, 6.141037
11.817342, 0.070092, 6.372763
11.821378, 0.070092, 6.372763
11.825088, 0.067543, 6.141037
11.829424, 0.067543, 6.141037
11.833183, 0.070092, 6.372763
11.836622, 0.070092, 6.372763
11.838831, 0.067543, 6.141037
11.841289, 0.067543, 6.141037
11.844149, 0.070092, 6.372763
11.846965, 0.067543, 6.141037
11.849882, 0.067543, 6.141037
11.852779, 0.070092, 6.372763
11.856556, 0.070092, 6.372763
11.859198, 0.067543, 6.141037
11.861873, 0.067543, 6.141037
11.864520, 0.070092, 6.372763
11.867237, 0.067543, 6.141037
11.870039, 0.067543, 6.141037
11.872921, 0.067543, 6.141037
11.875820, 0.067543, 6.141037
11.878732, 0.067543, 6.141037
11.881700, 0.070092, 6.372763
11.884656, 0.070092, 6.372763
11.887699, 0.070092, 6.372763
11.890694, 0.070092, 6.372763
11.893801, 0.070092, 6.372763
11.896811, 0.070092, 6.372763
11.899744, 0.067543, 6.141037
11.902620, 0.067543, 6.141037
11.905442, 0.067543, 6.141037
11.908236, 0.070092, 6.372763
11.910613, 0.070092, 6.372763
11.912881, 0.067543, 6.141037
11.915298, 0.067543, 6.141037
11.917878, 0.070092, 6.372763
11.920561, 0.070092, 6.372763
11.923831, 0.070092, 6.372763
11.926737, 0.070092, 6.372763
11.929886, 0.070092, 6.372763
11.932964, 0.067543, 6.141037
11.935496, 0.070092, 6.372763
11.939903, 0.067543, 6.141037
11.944360, 0.067543, 6.141037
11.948016, 0.070092, 6.372763
11.952153, 0.067543, 6.141037
11.956230, 0.067543, 6.141037
11.960107, 0.070092, 6.372763
11.963766, 0.067543, 6.141037
11.967121, 0.067543, 6.141037
11.970573, 0.070092, 6.372763
11.974103, 0.070092, 6.372763
11.976606, 0.070092, 6.372763
11.978960, 0.070092, 6.372763
11.981299, 0.070092, 6.372763
11.983932, 0.070092, 6.372763
11.986658, 0.067543, 6.141037
11.989592, 0.067543, 6.141037
11.992561, 0.067543, 6.141037
11.995497, 0.067543, 6.141037
11.998617, 0.067543, 6.141037
12.003453, 0.067543, 6.141037
12.007357, 0.070092, 6.372763
12.011489, 0.067543, 6.141037
12.016723, 0.067543, 6.141037
12.021562, 0.070092, 6.372763
12.024764, 0.070092, 6.372763
12.029191, 0.067543, 6.141037
12.031777, 0.070092, 6.372763
12.034272, 0.067543, 6.141037
12.036791, 0.067543, 6.141037
12.039473, 0.067543, 6.141037
12.042264, 0.067543, 6.141037
12.045116, 0.067543, 6.141037
12.048065, 0.067543, 6.141037
12.051876, 0.070092, 6.372763
12.054585, 0.067543, 6.141037
12.057186, 0.070092, 6.372763
12.059872, 0.067543, 6.141037
12.062665, 0.070092, 6.372763
12.065547, 0.070092, 6.372763
12.068558, 0.067543, 6.141037
12.071957, 0.067543, 6.141037
12.075304, 0.067543, 6.141037
12.078489, 0.067543, 6.141037
12.081827, 0.070092, 6.372763
12.085090, 0.070092, 6.372763
12.088163, 0.070092, 6.372763
12.091322, 0.070092, 6.372763
12.094278, 0.067543, 6.141037
12.097155, 0.067543, 6.141037
12.099992, 0.067543, 6.141037
12.102805, 0.067543, 6.141037
12.105569, 0.067543, 6.141037
12.108404, 0.067543, 6.141037
12.111186, 0.067543, 6.141037
12.113917, 0.070092, 6.372763
12.116626, 0.070092, 6.372763
12.119366, 0.070092, 6.372763
12.122186, 0.067543, 6.141037
12.125108, 0.070092, 6.372763
12.128020, 0.070092, 6.372763
12.130997, 0.067543, 6.141037
12.134230, 0.070092, 6.372763
12.137405, 0.067543, 6.141037
12.140605, 0.067543, 6.141037
12.144290, 0.070092, 6.372763
12.147928, 0.067543, 6.141037
12.151328, 0.067543, 6.141037
12.154565, 0.070092, 6.372763
12.159010, 0.067543, 6.141037
12.162162, 0.070092, 6.372763
12.165692, 0.070092, 6.372763
12.169154, 0.067543, 6.141037
12.172830, 0.067543, 6.141037
12.175941, 0.067543, 6.141037
12.178949, 0.070092, 6.372763
12.182012, 0.070092, 6.372763
12.185050, 0.067543, 6.141037
12.188022, 0.067543, 6.141037
12.191008, 0.070092, 6.372763
12.193923, 0.070092, 6.372763
12.196791, 0.067543, 6.141037
12.199694, 0.067543, 6.141037
12.202566, 0.067543, 6.141037
12.205436, 0.067543, 6.141037
12.208232, 0.070092, 6.372763
12.211401, 0.067543, 6.141037
12.214118, 0.070092, 6.372763
12.216852, 0.067543, 6.141037
12.219580, 0.067543, 6.141037
12.222350, 0.067543, 6.141037
12.225126, 0.070092, 6.372763
12.227872, 0.070092, 6.372763
12.230679, 0.070092, 6.372763
12.233379, 0.070092, 6.372763
12.236140, 0.070092, 6.372763
12.239473, 0.067543, 6.141037
12.242611, 0.070092, 6.372763
12.245552, 0.067543, 6.141037
12.248424, 0.067543, 6.141037
12.251395, 0.070092, 6.372763
12.254233, 0.070092, 6.372763
12.257105, 0.067543, 6.141037
12.259962, 0.067543, 6.141037
12.262855, 0.070092, 6.372763
12.265658, 0.067543, 6.141037
12.268434, 0.067543, 6.141037
12.271180, 0.067543, 6.141037
12.273900, 0.067543, 6.141037
12.276601, 0.067543, 6.141037
12.279340, 0.067543, 6.141037
12.282760, 0.070092, 6.372763
12.285047, 0.067543, 6.141037
12.287342, 0.067543, 6.141037
12.289787, 0.067543, 6.141037
12.292503, 0.070092, 6.372763
12.295175, 0.067543, 6.141037
12.297863, 0.070092, 6.372763
12.300567, 0.067543, 6.141037
12.303387, 0.067543, 6.141037
12.306144, 0.067543, 6.141037
12.308909, 0.067543, 6.141037
12.311631, 0.067543, 6.141037
12.314377, 0.067543, 6.141037
12.317020, 0.067543, 6.141037
12.319607, 0.067543, 6.141037
12.322274, 0.070092, 6.372763
12.325053, 0.067543, 6.141037
12.327692, 0.067543, 6.141037
12.330313, 0.067543, 6.141037
12.332939, 0.067543, 6.141037
12.335553, 0.067543, 6.141037
12.338150, 0.067543, 6.141037
12.340791, 0.067543, 6.141037
12.343391, 0.067543, 6.141037
12.345967, 0.067543, 6.141037
12.348527, 0.067543, 6.141037
12.351032, 0.067543, 6.141037
12.353533, 0.067543, 6.141037
12.356064, 0.070092, 6.372763
12.358600, 0.067543, 6.141037
12.361109, 0.067543, 6.141037
12.363606, 0.067543, 6.141037
12.366097, 0.067543, 6.141037
12.368609, 0.067543, 6.141037
12.371097, 0.067543, 6.141037
12.373665, 0.070092, 6.372763
12.376218, 0.070092, 6.372763
12.378777, 0.067543, 6.141037
12.381271, 0.067543, 6.141037
12.384078, 0.067543, 6.141037
12.387048, 0.067543, 6.141037
12.389732, 0.067543, 6.141037
12.392458, 0.067543, 6.141037
12.395094, 0.067543, 6.141037
12.397746, 0.067543, 6.141037
12.400355, 0.067543, 6.141037
12.403292, 0.070092, 6.372763
12.405940, 0.067543, 6.141037
12.408586, 0.067543, 6.141037
12.411240, 0.067543, 6.141037
12.413939, 0.067543, 6.141037
12.416300, 0.070092, 6.372763
12.418455, 0.067543, 6.141037
12.420784, 0.067543, 6.141037
12.423402, 0.067543, 6.141037
12.425802, 0.067543, 6.141037
12.428203, 0.067543, 6.141037
12.430719, 0.067543, 6.141037
12.433403, 0.067543, 6.141037
12.436249, 0.067543, 6.141037
12.438906, 0.067543, 6.141037
12.441640, 0.067543, 6.141037
12.444363, 0.067543, 6.141037
12.447051, 0.067543, 6.141037
12.449756, 0.067543, 6.141037
12.452474, 0.067543, 6.141037
12.455388, 0.067543, 6.141037
12.458319, 0.067543, 6.141037
12.461064, 0.067543, 6.141037
12.463734, 0.067543, 6.141037
12.466414, 0.067543, 6.141037
12.469012, 0.067543, 6.141037
12.471563, 0.067543, 6.141037
12.474182, 0.067543, 6.141037
12.476907, 0.067543, 6.141037
12.479475, 0.067543, 6.141037
12.481976, 0.067543, 6.141037
12.484529, 0.067543, 6.141037
12.487072, 0.067543, 6.141037
12.489603, 0.067543, 6.141037
12.492196, 0.067543, 6.141037
12.494911, 0.067543, 6.141037
12.497080, 0.067543, 6.141037
12.499190, 0.067543, 6.141037
12.501474, 0.067543, 6.141037
12.504495, 0.070092, 6.372763
12.507491, 0.067543, 6.141037
12.510553, 0.067543, 6.141037
12.513668, 0.067543, 6.141037
12.517355, 0.067543, 6.141037
12.519879, 0.067543, 6.141037
12.522239, 0.067543, 6.141037
12.524930, 0.070092, 6.372763
12.527672, 0.070092, 6.372763
12.530413, 0.067543, 6.141037
12.533160, 0.070092, 6.372763
12.536237, 0.067543, 6.141037
12.539478, 0.067543, 6.141037
12.541900, 0.067543, 6.141037
12.544220, 0.070092, 6.372763
12.546992, 0.067543, 6.141037
12.550135, 0.067543, 6.141037
12.553280, 0.067543, 6.141037
12.556477, 0.070092, 6.372763
12.559742, 0.067543, 6.141037
12.562811, 0.067543, 6.141037
12.565876, 0.067543, 6.141037
12.568935, 0.067543, 6.141037
12.571875, 0.067543, 6.141037
12.574874, 0.070092, 6.372763
12.577806, 0.067543, 6.141037
12.580715, 0.070092, 6.372763
12.583733, 0.070092, 6.372763
12.586745, 0.067543, 6.141037
12.589674, 0.067543, 6.141037
12.592628, 0.070092, 6.372763
12.595554, 0.067543, 6.141037
12.598394, 0.070092, 6.372763
12.601202, 0.067543, 6.141037
12.604098, 0.067543, 6.141037
12.607187, 0.067543, 6.141037
12.610250, 0.067543, 6.141037
12.613289, 0.067543, 6.141037
12.616603, 0.067543, 6.141037
12.619015, 0.067543, 6.141037
12.621492, 0.067543, 6.141037
12.624323, 0.067543, 6.141037
12.627424, 0.070092, 6.372763
12.630482, 0.067543, 6.141037
12.633614, 0.067543, 6.141037
12.638502, 0.067543, 6.141037
12.642588, 0.070092, 6.372763
12.645253, 0.070092, 6.372763
12.647793, 0.067543, 6.141037
12.650445, 0.067543, 6.141037
12.653131, 0.067543, 6.141037
12.655895, 0.067543, 6.141037
12.658886, 0.067543, 6.141037
12.661914, 0.067543, 6.141037
12.665116, 0.067543, 6.141037
12.668130, 0.067543, 6.141037
12.671132, 0.067543, 6.141037
12.674144, 0.070092, 6.372763
12.677213, 0.070092, 6.372763
12.680249, 0.067543, 6.141037
12.683295, 0.070092, 6.372763
12.686368, 0.070092, 6.372763
12.689475, 0.070092, 6.372763
12.692543, 0.067543, 6.141037
12.695745, 0.067543, 6.141037
12.698929, 0.067543, 6.141037
12.702041, 0.070092, 6.372763
12.705143, 0.070092, 6.372763
12.708331, 0.067543, 6.141037
12.711364, 0.067543, 6.141037
12.714338, 0.070092, 6.372763
12.717360, 0.070092, 6.372763
12.720299, 0.067543, 6.141037
12.723212, 0.070092, 6.372763
12.726107, 0.067543, 6.141037
12.728962, 0.070092, 6.372763
12.731683, 0.067543, 6.141037
12.734432, 0.070092, 6.372763
12.737363, 0.067543, 6.141037
12.740379, 0.067543, 6.141037
12.743464, 0.070092, 6.372763
12.746728, 0.070092, 6.372763
12.750632, 0.067543, 6.141037
12.753913, 0.067543, 6.141037
12.757041, 0.070092, 6.372763
12.760334, 0.070092, 6.372763
12.764134, 0.067543, 6.141037
12.767029, 0.067543, 6.141037
12.771979, 0.067543, 6.141037
12.782416, 0.070092, 6.372763
12.790005, 0.067543, 6.141037
12.794433, 0.067543, 6.141037
12.798084, 0.070092, 6.372763
12.801006, 0.067543, 6.141037
12.803955, 0.067543, 6.141037
12.808042, 0.070092, 6.372763
12.811329, 0.067543, 6.141037
12.814681, 0.067543, 6.141037
12.817647, 0.067543, 6.141037
12.821081, 0.067543, 6.141037
12.824920, 0.067543, 6.141037
12.828202, 0.067543, 6.141037
12.832534, 0.067543, 6.141037
12.836152, 0.067543, 6.141037
12.839703, 0.070092, 6.372763
12.843708, 0.070092, 6.372763
12.847050, 0.070092, 6.372763
12.850365, 0.067543, 6.141037
12.853736, 0.067543, 6.141037
12.857273, 0.067543, 6.141037
12.860930, 0.067543, 6.141037
12.864797, 0.070092, 6.372763
12.868656, 0.067543, 6.141037
12.872227, 0.067543, 6.141037
12.876309, 0.067543, 6.141037
12.879811, 0.070092, 6.372763
12.883424, 0.067543, 6.141037
12.886871, 0.067543, 6.141037
12.890188, 0.067543, 6.141037
12.893793, 0.067543, 6.141037
12.897273, 0.067543, 6.141037
12.900502, 0.067543, 6.141037
12.903741, 0.067543, 6.141037
12.907037, 0.067543, 6.141037
12.910378, 0.067543, 6.141037
12.913748, 0.070092, 6.372763
12.916985, 0.067543, 6.141037
12.920122, 0.067543, 6.141037
12.923215, 0.067543, 6.141037
12.926635, 0.067543, 6.141037
12.929960, 0.067543, 6.141037
12.933277, 0.067543, 6.141037
12.936787, 0.067543, 6.141037
12.940113, 0.067543, 6.141037
12.943623, 0.067543, 6.141037
12.948133, 0.067543, 6.141037
12.951934, 0.070092, 6.372763
12.955541, 0.067543, 6.141037
12.958978, 0.067543, 6.141037
12.962304, 0.067543, 6.141037
12.965702, 0.070092, 6.372763
12.968996, 0.067543, 6.141037
12.972199, 0.070092, 6.372763
12.975149, 0.067543, 6.141037
12.978018, 0.070092, 6.372763
12.980410, 0.067543, 6.141037
12.982951, 0.070092, 6.372763
12.985623, 0.067543, 6.141037
12.988401, 0.067543, 6.141037
12.991282, 0.067543, 6.141037
12.994146, 0.067543, 6.141037
12.997282, 0.067543, 6.141037
13.000395, 0.067543, 6.141037
13.003441, 0.067543, 6.141037
13.006698, 0.067543, 6.141037
13.009950, 0.067543, 6.141037
13.013009, 0.070092, 6.372763
13.016086, 0.070092, 6.372763
13.019092, 0.067543, 6.141037
13.022033, 0.067543, 6.141037
13.024958, 0.067543, 6.141037
13.027908, 0.070092, 6.372763
13.030843, 0.070092, 6.372763
13.033708, 0.067543, 6.141037
13.036553, 0.067543, 6.141037
13.039501, 0.067543, 6.141037
13.042529, 0.067543, 6.141037
13.045505, 0.067543, 6.141037
13.048519, 0.067543, 6.141037
13.051486, 0.067543, 6.141037
13.054428, 0.067543, 6.141037
13.057491, 0.067543, 6.141037
13.061472, 0.067543, 6.141037
13.064566, 0.070092, 6.372763
13.067233, 0.070092, 6.372763
13.069809, 0.067543, 6.141037
13.072528, 0.067543, 6.141037
13.075224, 0.067543, 6.141037
13.079458, 0.067543, 6.141037
13.083371, 0.067543, 6.141037
13.087129, 0.067543, 6.141037
13.090721, 0.067543, 6.141037
13.094384, 0.070092, 6.372763
13.097723, 0.067543, 6.141037
13.100916, 0.067543, 6.141037
13.104053, 0.070092, 6.372763
13.107561, 0.067543, 6.141037
13.110846, 0.067543, 6.141037
13.114047, 0.070092, 6.372763
13.118298, 0.067543, 6.141037
13.121381, 0.067543, 6.141037
13.125023, 0.067543, 6.141037
13.128505, 0.070092, 6.372763
13.131734, 0.067543, 6.141037
13.134625, 0.070092, 6.372763
13.137624, 0.067543, 6.141037
13.140909, 0.067543, 6.141037
13.144086, 0.067543, 6.141037
13.147184, 0.067543, 6.141037
13.150540, 0.067543, 6.141037
13.154054, 0.070092, 6.372763
13.157027, 0.067543, 6.141037
13.160142, 0.067543, 6.141037
13.163064, 0.067543, 6.141037
13.165961, 0.067543, 6.141037
13.168925, 0.070092, 6.372763
13.172525, 0.070092, 6.372763
13.176251, 0.070092, 6.372763
13.179396, 0.067543, 6.141037
13.182327, 0.067543, 6.141037
13.185175, 0.070092, 6.372763
13.188017, 0.067543, 6.141037
13.190824, 0.067543, 6.141037
13.193616, 0.067543, 6.141037
13.196399, 0.070092, 6.372763
13.199164, 0.070092, 6.372763
13.201930, 0.067543, 6.141037
13.204724, 0.067543, 6.141037
13.207477, 0.070092, 6.372763
13.210360, 0.070092, 6.372763
13.213282, 0.067543, 6.141037
13.216105, 0.067543, 6.141037
13.218883, 0.067543, 6.141037
13.221780, 0.067543, 6.141037
13.224865, 0.067543, 6.141037
13.227648, 0.067543, 6.141037
13.230576, 0.067543, 6.141037
13.233428, 0.067543, 6.141037
13.236266, 0.070092, 6.372763
13.239387, 0.067543, 6.141037
13.243400, 0.070092, 6.372763
13.247093, 0.067543, 6.141037
13.250208, 0.067543, 6.141037
13.253280, 0.067543, 6.141037
13.256274, 0.070092, 6.372763
13.259289, 0.067543, 6.141037
13.263011, 0.067543, 6.141037
13.265281, 0.070092, 6.372763
13.267709, 0.067543, 6.141037
13.270530, 0.067543, 6.141037
13.273388, 0.070092, 6.372763
13.276288, 0.067543, 6.141037
13.279209, 0.070092, 6.372763
13.282314, 0.067543, 6.141037
13.285306, 0.070092, 6.372763
13.288236, 0.067543, 6.141037
13.291252, 0.067543, 6.141037
13.294156, 0.067543, 6.141037
13.296983, 0.070092, 6.372763
13.299792, 0.070092, 6.372763
13.302684, 0.070092, 6.372763
13.305437, 0.067543, 6.141037
13.308130, 0.070092, 6.372763
13.310960, 0.067543, 6.141037
13.313708, 0.067543, 6.141037
13.316429, 0.067543, 6.141037
13.319137, 0.070092, 6.372763
13.321838, 0.067543, 6.141037
13.324607, 0.067543, 6.141037
13.327294, 0.067543, 6.141037
13.330031, 0.067543, 6.141037
13.332944, 0.067543, 6.141037
13.335778, 0.067543, 6.141037
13.338500, 0.067543, 6.141037
13.341271, 0.067543, 6.141037
13.344023, 0.067543, 6.141037
13.346732, 0.070092, 6.372763
13.349393, 0.067543, 6.141037
13.352167, 0.070092, 6.372763
13.355081, 0.067543, 6.141037
13.357920, 0.067543, 6.141037
13.360829, 0.070092, 6.372763
13.363611, 0.067543, 6.141037
13.366395, 0.067543, 6.141037
13.369164, 0.067543, 6.141037
13.371935, 0.067543, 6.141037
13.375238, 0.070092, 6.372763
13.378209, 0.067543, 6.141037
13.381026, 0.067543, 6.141037
13.383913, 0.067543, 6.141037
13.386847, 0.070092, 6.372763
13.389740, 0.067543, 6.141037
13.392646, 0.067543, 6.141037
13.395378, 0.067543, 6.141037
13.398106, 0.067543, 6.141037
13.400892, 0.070092, 6.372763
13.403646, 0.067543, 6.141037
13.406386, 0.070092, 6.372763
13.409204, 0.067543, 6.141037
13.411982, 0.070092, 6.372763
13.414783, 0.067543, 6.141037
13.417585, 0.067543, 6.141037
13.420397, 0.067543, 6.141037
13.423343, 0.070092, 6.372763
13.426251, 0.070092, 6.372763
13.429130, 0.067543, 6.141037
13.431946, 0.067543, 6.141037
13.434764, 0.067543, 6.141037
13.437499, 0.067543, 6.141037
13.440253, 0.067543, 6.141037
13.443718, 0.067543, 6.141037
13.446563, 0.067543, 6.141037
13.449383, 0.067543, 6.141037
13.452253, 0.067543, 6.141037
13.455062, 0.067543, 6.141037
13.457766, 0.070092, 6.372763
13.460484, 0.067543, 6.141037
13.463279, 0.070092, 6.372763
13.465953, 0.070092, 6.372763
13.468620, 0.067543, 6.141037
13.471295, 0.067543, 6.141037
13.474068, 0.067543, 6.141037
13.476792, 0.070092, 6.372763
13.479485, 0.070092, 6.372763
13.482861, 0.067543, 6.141037
13.486134, 0.070092, 6.372763
13.488618, 0.067543, 6.141037
13.491648, 0.067543, 6.141037
13.494600, 0.067543, 6.141037
13.496642, 0.067543, 6.141037
13.498703, 0.067543, 6.141037
13.501135, 0.070092, 6.372763
13.503778, 0.067543, 6.141037
13.506636, 0.067543, 6.141037
13.509424, 0.067543, 6.141037
13.512282, 0.070092, 6.372763
13.515074, 0.070092, 6.372763
13.517770, 0.070092, 6.372763
13.520394, 0.070092, 6.372763
13.523061, 0.067543, 6.141037
13.526292, 0.070092, 6.372763
13.529155, 0.070092, 6.372763
13.531986, 0.067543, 6.141037
13.534831, 0.067543, 6.141037
13.537637, 0.067543, 6.141037
13.540503, 0.067543, 6.141037
13.543492, 0.070092, 6.372763
13.546251, 0.070092, 6.372763
13.549003, 0.067543, 6.141037
13.551725, 0.067543, 6.141037
13.554513, 0.067543, 6.141037
13.557249, 0.067543, 6.141037
13.560210, 0.070092, 6.372763
13.562836, 0.070092, 6.372763
13.565473, 0.067543, 6.141037
13.568104, 0.067543, 6.141037
13.570687, 0.070092, 6.372763
13.573353, 0.067543, 6.141037
13.576151, 0.070092, 6.372763
13.578814, 0.070092, 6.372763
13.581398, 0.067543, 6.141037
13.583982, 0.070092, 6.372763
13.586580, 0.067543, 6.141037
13.589158, 0.067543, 6.141037
13.591726, 0.067543, 6.141037
13.594323, 0.067543, 6.141037
13.597592, 0.070092, 6.372763
13.600371, 0.067543, 6.141037
13.603077, 0.067543, 6.141037
13.605772, 0.070092, 6.372763
13.609482, 0.067543, 6.141037
13.611728, 0.070092, 6.372763
13.614079, 0.067543, 6.141037
13.616702, 0.070092, 6.372763
13.619337, 0.067543, 6.141037
13.622010, 0.067543, 6.141037
13.625168, 0.067543, 6.141037
13.628274, 0.070092, 6.372763
13.631400, 0.067543, 6.141037
13.634282, 0.070092, 6.372763
13.637160, 0.070092, 6.372763
13.640485, 0.067543, 6.141037
13.643347, 0.070092, 6.372763
13.645730, 0.067543, 6.141037
13.648142, 0.067543, 6.141037
13.650698, 0.070092, 6.372763
13.653438, 0.067543, 6.141037
13.656206, 0.070092, 6.372763
13.659018, 0.067543, 6.141037
13.662012, 0.070092, 6.372763
13.664834, 0.067543, 6.141037
13.667574, 0.067543, 6.141037
13.670189, 0.067543, 6.141037
13.672911, 0.067543, 6.141037
13.675835, 0.067543, 6.141037
13.678764, 0.067543, 6.141037
13.681437, 0.067543, 6.141037
13.684142, 0.067543, 6.141037
13.686852, 0.070092, 6.372763
13.689381, 0.070092, 6.372763
13.692224, 0.070092, 6.372763
13.694931, 0.067543, 6.141037
13.697625, 0.067543, 6.141037
13.700180, 0.067543, 6.141037
13.702929, 0.067543, 6.141037
13.705559, 0.067543, 6.141037
13.709072, 0.070092, 6.372763
13.711409, 0.067543, 6.141037
13.714273, 0.067543, 6.141037
13.716442, 0.067543, 6.141037
13.719366, 0.067543, 6.141037
13.722053, 0.067543, 6.141037
13.725348, 0.067543, 6.141037
13.727729, 0.067543, 6.141037
13.730043, 0.067543, 6.141037
13.732649, 0.067543, 6.141037
13.735166, 0.067543, 6.141037
13.737780, 0.067543, 6.141037
13.741213, 0.067543, 6.141037
13.743735, 0.067543, 6.141037
13.746018, 0.070092, 6.372763
13.748338, 0.070092, 6.372763
13.750768, 0.067543, 6.141037
13.753542, 0.067543, 6.141037
13.756260, 0.067543, 6.141037
13.759863, 0.067543, 6.141037
13.762090, 0.067543, 6.141037
13.764315, 0.067543, 6.141037
13.766936, 0.067543, 6.141037
13.769444, 0.067543, 6.141037
13.771954, 0.067543, 6.141037
13.775543, 0.067543, 6.141037
13.777808, 0.070092, 6.372763
13.780086, 0.070092, 6.372763
13.782473, 0.067543, 6.141037
13.785149, 0.067543, 6.141037
13.787899, 0.067543, 6.141037
13.791570, 0.067543, 6.141037
13.794611, 0.067543, 6.141037
13.796873, 0.070092, 6.372763
13.799051, 0.067543, 6.141037
13.801550, 0.067543, 6.141037
13.804476, 0.067543, 6.141037
13.807156, 0.067543, 6.141037
13.809658, 0.070092, 6.372763
13.811977, 0.067543, 6.141037
13.814616, 0.070092, 6.372763
13.818791, 0.067543, 6.141037
13.820838, 0.070092, 6.372763
13.823262, 0.067543, 6.141037
13.825300, 0.067543, 6.141037
13.827494, 0.070092, 6.372763
13.829693, 0.067543, 6.141037
13.832126, 0.070092, 6.372763
13.835332, 0.067543, 6.141037
13.837774, 0.070092, 6.372763
13.840656, 0.070092, 6.372763
13.843306, 0.067543, 6.141037
13.846161, 0.070092, 6.372763
13.849073, 0.070092, 6.372763
13.852113, 0.070092, 6.372763
13.855402, 0.067543, 6.141037
13.858432, 0.070092, 6.372763
13.860613, 0.067543, 6.141037
13.862828, 0.067543, 6.141037
13.865725, 0.067543, 6.141037
13.870075, 0.067543, 6.141037
13.874423, 0.067543, 6.141037
13.877983, 0.067543, 6.141037
13.880536, 0.070092, 6.372763
13.882745, 0.067543, 6.141037
13.885043, 0.067543, 6.141037
13.887970, 0.067543, 6.141037
13.890217, 0.067543, 6.141037
13.892769, 0.067543, 6.141037
13.895448, 0.067543, 6.141037
13.898095, 0.067543, 6.141037
13.900799, 0.067543, 6.141037
13.903409, 0.067543, 6.141037
13.906494, 0.070092, 6.372763
13.909340, 0.067543, 6.141037
13.911555, 0.070092, 6.372763
13.913903, 0.067543, 6.141037
13.916340, 0.070092, 6.372763
13.918939, 0.067543, 6.141037
13.921526, 0.067543, 6.141037
13.924224, 0.067543, 6.141037
13.927920, 0.067543, 6.141037
13.930251, 0.067543, 6.141037
13.932602, 0.067543, 6.141037
13.935154, 0.067543, 6.141037
13.938695, 0.067543, 6.141037
13.944088, 0.067543, 6.141037
13.947134, 0.067543, 6.141037
13.953221, 0.067543, 6.141037
13.958994, 0.067543, 6.141037
13.964177, 0.067543, 6.141037
13.968226, 0.067543, 6.141037
13.971926, 0.067543, 6.141037
13.976247, 0.067543, 6.141037
13.979751, 0.070092, 6.372763
13.982926, 0.067543, 6.141037
13.985849, 0.067543, 6.141037
13.988867, 0.067543, 6.141037
13.991944, 0.067543, 6.141037
13.994840, 0.067543, 6.141037
13.997661, 0.067543, 6.141037
14.000553, 0.067543, 6.141037
14.003434, 0.067543, 6.141037
14.006421, 0.067543, 6.141037
14.009895, 0.067543, 6.141037
14.012873, 0.070092, 6.372763
14.015730, 0.067543, 6.141037
14.018730, 0.067543, 6.141037
14.021661, 0.067543, 6.141037
14.024569, 0.067543, 6.141037
14.027634, 0.067543, 6.141037
14.030492, 0.067543, 6.141037
14.033300, 0.067543, 6.141037
14.036076, 0.067543, 6.141037
14.038872, 0.067543, 6.141037
14.041683, 0.067543, 6.141037
14.044442, 0.067543, 6.141037
14.047235, 0.067543, 6.141037
14.050123, 0.067543, 6.141037
14.052975, 0.067543, 6.141037
14.055784, 0.067543, 6.141037
14.058838, 0.070092, 6.372763
14.061780, 0.070092, 6.372763
14.064606, 0.067543, 6.141037
14.067427, 0.067543, 6.141037
14.070281, 0.067543, 6.141037
14.073098, 0.067543, 6.141037
14.075968, 0.067543, 6.141037
14.078829, 0.067543, 6.141037
14.081973, 0.067543, 6.141037
14.084995, 0.067543, 6.141037
14.087939, 0.067543, 6.141037
14.091226, 0.067543, 6.141037
14.094382, 0.067543, 6.141037
14.097471, 0.067543, 6.141037
14.100919, 0.070092, 6.372763
14.104011, 0.067543, 6.141037
14.107111, 0.067543, 6.141037
14.110289, 0.070092, 6.372763
14.113212, 0.070092, 6.372763
14.116127, 0.070092, 6.372763
14.118925, 0.067543, 6.141037
14.122124, 0.067543, 6.141037
14.125234, 0.067543, 6.141037
14.128155, 0.067543, 6.141037
14.131053, 0.067543, 6.141037
14.133928, 0.070092, 6.372763
14.137244, 0.067543, 6.141037
14.140419, 0.067543, 6.141037
14.143426, 0.067543, 6.141037
14.146372, 0.067543, 6.141037
14.149246, 0.067543, 6.141037
14.152276, 0.070092, 6.372763
14.155275, 0.067543, 6.141037
14.158245, 0.067543, 6.141037
14.161076, 0.070092, 6.372763
14.163911, 0.067543, 6.141037
14.166751, 0.067543, 6.141037
14.169676, 0.067543, 6.141037
14.172538, 0.067543, 6.141037
14.175477, 0.067543, 6.141037
14.178489, 0.067543, 6.141037
14.181534, 0.067543, 6.141037
14.184718, 0.067543, 6.141037
14.187691, 0.067543, 6.141037
14.190624, 0.070092, 6.372763
14.193523, 0.067543, 6.141037
14.196428, 0.067543, 6.141037
14.199494, 0.067543, 6.141037
14.202365, 0.067543, 6.141037
14.205251, 0.070092, 6.372763
14.208410, 0.070092, 6.372763
14.211465, 0.067543, 6.141037
14.214344, 0.067543, 6.141037
14.217174, 0.067543, 6.141037
14.219967, 0.067543, 6.141037
14.222747, 0.067543, 6.141037
14.225506, 0.067543, 6.141037
14.228300, 0.067543, 6.141037
14.231226, 0.070092, 6.372763
14.234119, 0.067543, 6.141037
14.237066, 0.067543, 6.141037
14.239933, 0.067543, 6.141037
14.242767, 0.067543, 6.141037
14.245715, 0.067543, 6.141037
14.248657, 0.067543, 6.141037
14.251915, 0.067543, 6.141037
14.255139, 0.067543, 6.141037
14.258414, 0.067543, 6.141037
14.261882, 0.067543, 6.141037
14.265026, 0.067543, 6.141037
14.268027, 0.067543, 6.141037
14.271150, 0.067543, 6.141037
14.274364, 0.067543, 6.141037
14.277525, 0.070092, 6.372763
14.280889, 0.067543, 6.141037
14.284458, 0.067543, 6.141037
14.288002, 0.067543, 6.141037
14.291929, 0.067543, 6.141037
14.295587, 0.067543, 6.141037
14.299148, 0.067543, 6.141037
14.303062, 0.070092, 6.372763
14.306669, 0.067543, 6.141037
14.310138, 0.067543, 6.141037
14.314850, 0.067543, 6.141037
14.318067, 0.067543, 6.141037
14.321139, 0.067543, 6.141037
14.324181, 0.067543, 6.141037
14.327085, 0.067543, 6.141037
14.329959, 0.067543, 6.141037
14.332907, 0.067543, 6.141037
14.335732, 0.070092, 6.372763
14.338516, 0.067543, 6.141037
14.341269, 0.067543, 6.141037
14.344108, 0.067543, 6.141037
14.346861, 0.070092, 6.372763
14.349631, 0.067543, 6.141037
14.352741, 0.070092, 6.372763
14.355524, 0.067543, 6.141037
14.358228, 0.067543, 6.141037
14.361022, 0.067543, 6.141037
14.363836, 0.067543, 6.141037
14.366636, 0.070092, 6.372763
14.369425, 0.067543, 6.141037
14.372140, 0.067543, 6.141037
14.375044, 0.067543, 6.141037
14.377770, 0.067543, 6.141037
14.380512, 0.070092, 6.372763
14.383287, 0.067543, 6.141037
14.385948, 0.067543, 6.141037
14.388580, 0.067543, 6.141037
14.391990, 0.070092, 6.372763
14.394923, 0.067543, 6.141037
14.397817, 0.067543, 6.141037
14.400710, 0.067543, 6.141037
14.403560, 0.067543, 6.141037
14.406436, 0.067543, 6.141037
14.409255, 0.067543, 6.141037
14.412006, 0.067543, 6.141037
14.415294, 0.070092, 6.372763
14.420241, 0.067543, 6.141037
14.424666, 0.067543, 6.141037
14.428961, 0.067543, 6.141037
14.432892, 0.067543, 6.141037
14.436584, 0.067543, 6.141037
14.439993, 0.070092, 6.372763
14.443063, 0.070092, 6.372763
14.446127, 0.070092, 6.372763
14.449143, 0.067543, 6.141037
14.452061, 0.067543, 6.141037
14.455476, 0.067543, 6.141037
14.459263, 0.067543, 6.141037
14.462803, 0.067543, 6.141037
14.466175, 0.067543, 6.141037
14.469477, 0.067543, 6.141037
14.472580, 0.067543, 6.141037
14.475830, 0.070092, 6.372763
14.478785, 0.070092, 6.372763
14.481694, 0.070092, 6.372763
14.484590, 0.070092, 6.372763
14.487409, 0.067543, 6.141037
14.490200, 0.067543, 6.141037
14.492914, 0.067543, 6.141037
14.495703, 0.070092, 6.372763
14.498442, 0.067543, 6.141037
14.501122, 0.067543, 6.141037
14.503750, 0.067543, 6.141037
14.507678, 0.067543, 6.141037
14.511055, 0.070092, 6.372763
14.514170, 0.070092, 6.372763
14.517253, 0.067543, 6.141037
14.520175, 0.070092, 6.372763
14.523262, 0.070092, 6.372763
14.525495, 0.067543, 6.141037
14.528032, 0.070092, 6.372763
14.530626, 0.070092, 6.372763
14.533164, 0.067543, 6.141037
14.535974, 0.070092, 6.372763
14.538848, 0.070092, 6.372763
14.541989, 0.070092, 6.372763
14.545410, 0.070092, 6.372763
14.548795, 0.070092, 6.372763
14.552073, 0.067543, 6.141037
14.555292, 0.067543, 6.141037
14.558598, 0.070092, 6.372763
14.561701, 0.070092, 6.372763
14.564720, 0.067543, 6.141037
14.568895, 0.067543, 6.141037
14.572367, 0.067543, 6.141037
14.576365, 0.070092, 6.372763
14.580072, 0.067543, 6.141037
14.583867, 0.070092, 6.372763
14.587278, 0.067543, 6.141037
14.590891, 0.067543, 6.141037
14.594230, 0.067543, 6.141037
14.597684, 0.067543, 6.141037
14.601597, 0.067543, 6.141037
14.605106, 0.070092, 6.372763
14.608618, 0.070092, 6.372763
14.612086, 0.067543, 6.141037
14.615519, 0.067543, 6.141037
14.618963, 0.070092, 6.372763
14.622298, 0.067543, 6.141037
14.626022, 0.067543, 6.141037
14.630028, 0.067543, 6.141037
14.633459, 0.070092, 6.372763
14.636612, 0.067543, 6.141037
14.640001, 0.070092, 6.372763
14.643396, 0.067543, 6.141037
14.646698, 0.070092, 6.372763
14.650426, 0.067543, 6.141037
14.653871, 0.067543, 6.141037
14.657307, 0.070092, 6.372763
14.661045, 0.067543, 6.141037
14.664386, 0.067543, 6.141037
14.667611, 0.067543, 6.141037
14.670809, 0.067543, 6.141037
14.674115, 0.067543, 6.141037
14.677450, 0.070092, 6.372763
14.680874, 0.067543, 6.141037
14.684095, 0.070092, 6.372763
14.687201, 0.070092, 6.372763
14.690269, 0.067543, 6.141037
14.693262, 0.070092, 6.372763
14.696307, 0.067543, 6.141037
14.699388, 0.067543, 6.141037
14.702323, 0.067543, 6.141037
14.705289, 0.067543, 6.141037
14.708214, 0.070092, 6.372763
14.711470, 0.067543, 6.141037
14.714533, 0.067543, 6.141037
14.717533, 0.067543, 6.141037
14.720486, 0.067543, 6.141037
14.723496, 0.070092, 6.372763
14.726484, 0.067543, 6.141037
14.729473, 0.067543, 6.141037
14.732417, 0.067543, 6.141037
14.735359, 0.070092, 6.372763
14.738307, 0.067543, 6.141037
14.741342, 0.067543, 6.141037
14.744300, 0.067543, 6.141037
14.747181, 0.067543, 6.141037
14.750034, 0.070092, 6.372763
14.752869, 0.067543, 6.141037
14.755731, 0.067543, 6.141037
14.758608, 0.070092, 6.372763
14.761379, 0.067543, 6.141037
14.764137, 0.067543, 6.141037
14.766876, 0.067543, 6.141037
14.769717, 0.067543, 6.141037
14.772529, 0.067543, 6.141037
14.775405, 0.070092, 6.372763
14.778309, 0.070092, 6.372763
14.781246, 0.070092, 6.372763
14.784270, 0.067543, 6.141037
14.787368, 0.067543, 6.141037
14.790427, 0.067543, 6.141037
14.793427, 0.070092, 6.372763
14.796424, 0.067543, 6.141037
14.799378, 0.067543, 6.141037
14.802250, 0.067543, 6.141037
14.805030, 0.067543, 6.141037
14.807960, 0.067543, 6.141037
14.810712, 0.067543, 6.141037
14.813489, 0.067543, 6.141037
14.816264, 0.070092, 6.372763
14.819001, 0.067543, 6.141037
14.821780, 0.067543, 6.141037
14.824682, 0.067543, 6.141037
14.827627, 0.067543, 6.141037
14.830491, 0.067543, 6.141037
14.833553, 0.067543, 6.141037
14.836492, 0.067543, 6.141037
14.839297, 0.067543, 6.141037
14.842145, 0.067543, 6.141037
14.844957, 0.070092, 6.372763
14.847827, 0.070092, 6.372763
14.850613, 0.067543, 6.141037
14.853675, 0.070092, 6.372763
14.856805, 0.067543, 6.141037
14.859614, 0.067543, 6.141037
14.862315, 0.067543, 6.141037
14.865092, 0.070092, 6.372763
14.867901, 0.067543, 6.141037
14.870612, 0.070092, 6.372763
14.873304, 0.070092, 6.372763
14.876164, 0.067543, 6.141037
14.878989, 0.070092, 6.372763
14.881758, 0.067543, 6.141037
14.884729, 0.067543, 6.141037
14.887633, 0.067543, 6.141037
14.890443, 0.067543, 6.141037
14.893208, 0.070092, 6.372763
14.896688, 0.067543, 6.141037
14.899247, 0.067543, 6.141037
14.901898, 0.067543, 6.141037
14.904479, 0.067543, 6.141037
14.907152, 0.070092, 6.372763
14.910262, 0.067543, 6.141037
14.912870, 0.067543, 6.141037
14.915624, 0.067543, 6.141037
14.918689, 0.070092, 6.372763
14.921576, 0.067543, 6.141037
14.924576, 0.070092, 6.372763
15.017051, 0.067543, 6.141037
15.020434, 0.067543, 6.141037
15.023239, 0.067543, 6.141037
15.025922, 0.067543, 6.141037
15.028662, 0.070092, 6.372763
15.031333, 0.070092, 6.372763
15.034295, 0.067543, 6.141037
15.036943, 0.070092, 6.372763
15.039826, 0.067543, 6.141037
15.042662, 0.067543, 6.141037
15.045381, 0.067543, 6.141037
15.048058, 0.067543, 6.141037
15.050829, 0.067543, 6.141037
15.053548, 0.067543, 6.141037
15.056217, 0.070092, 6.372763
15.060171, 0.067543, 6.141037
15.062425, 0.067543, 6.141037
15.064594, 0.067543, 6.141037
15.067182, 0.067543, 6.141037
15.069868, 0.067543, 6.141037
15.072541, 0.067543, 6.141037
15.075306, 0.067543, 6.141037
15.078068, 0.067543, 6.141037
15.081120, 0.067543, 6.141037
15.083382, 0.067543, 6.141037
15.085698, 0.067543, 6.141037
15.088116, 0.067543, 6.141037
15.090854, 0.067543, 6.141037
15.093474, 0.067543, 6.141037
15.096104, 0.070092, 6.372763
15.098903, 0.067543, 6.141037
15.101571, 0.067543, 6.141037
15.104195, 0.067543, 6.141037
15.106762, 0.070092, 6.372763
15.111069, 0.067543, 6.141037
15.113073, 0.067543, 6.141037
15.115209, 0.067543, 6.141037
15.117723, 0.067543, 6.141037
15.120332, 0.067543, 6.141037
15.122936, 0.067543, 6.141037
15.125676, 0.067543, 6.141037
15.128373, 0.067543, 6.141037
15.131226, 0.067543, 6.141037
15.133924, 0.067543, 6.141037
15.136559, 0.070092, 6.372763
15.139207, 0.067543, 6.141037
15.142291, 0.067543, 6.141037
15.144915, 0.067543, 6.141037
15.147603, 0.067543, 6.141037
15.150375, 0.067543, 6.141037
15.153589, 0.067543, 6.141037
15.155687, 0.067543, 6.141037
15.158244, 0.067543, 6.141037
15.161475, 0.067543, 6.141037
15.164167, 0.067543, 6.141037
15.166588, 0.067543, 6.141037
15.169246, 0.067543, 6.141037
15.172912, 0.067543, 6.141037
15.175765, 0.070092, 6.372763
15.178294, 0.067543, 6.141037
15.180618, 0.067543, 6.141037
15.183127, 0.067543, 6.141037
15.185843, 0.067543, 6.141037
15.192766, 0.067543, 6.141037
15.198012, 0.067543, 6.141037
15.202488, 0.067543, 6.141037
15.206476, 0.067543, 6.141037
15.210365, 0.070092, 6.372763
15.213748, 0.067543, 6.141037
15.216954, 0.067543, 6.141037
15.220651, 0.067543, 6.141037
15.223954, 0.067543, 6.141037
15.227112, 0.067543, 6.141037
15.230080, 0.070092, 6.372763
15.232916, 0.067543, 6.141037
15.235973, 0.070092, 6.372763
15.238714, 0.067543, 6.141037
15.241449, 0.067543, 6.141037
15.244180, 0.067543, 6.141037
15.246859, 0.067543, 6.141037
15.249505, 0.067543, 6.141037
15.252172, 0.070092, 6.372763
15.255087, 0.067543, 6.141037
15.258049, 0.067543, 6.141037
15.260840, 0.067543, 6.141037
15.263504, 0.067543, 6.141037
15.266635, 0.067543, 6.141037
15.269216, 0.070092, 6.372763
15.271797, 0.067543, 6.141037
15.274387, 0.067543, 6.141037
15.277172, 0.070092, 6.372763
15.279856, 0.070092, 6.372763
15.282466, 0.067543, 6.141037
15.285161, 0.067543, 6.141037
15.287847, 0.067543, 6.141037
15.290538, 0.070092, 6.372763
15.293273, 0.067543, 6.141037
15.296008, 0.067543, 6.141037
15.298621, 0.067543, 6.141037
15.301190, 0.067543, 6.141037
15.304280, 0.067543, 6.141037
15.306958, 0.067543, 6.141037
15.309594, 0.067543, 6.141037
15.312129, 0.067543, 6.141037
15.314645, 0.067543, 6.141037
15.317254, 0.067543, 6.141037
15.319812, 0.067543, 6.141037
15.322401, 0.067543, 6.141037
15.325038, 0.067543, 6.141037
15.327665, 0.067543, 6.141037
15.330373, 0.067543, 6.141037
15.333040, 0.067543, 6.141037
15.335710, 0.067543, 6.141037
15.338527, 0.067543, 6.141037
15.341340, 0.067543, 6.141037
15.344109, 0.067543, 6.141037
15.346894, 0.070092, 6.372763
15.349659, 0.067543, 6.141037
15.352418, 0.070092, 6.372763
15.355236, 0.067543, 6.141037
15.358300, 0.070092, 6.372763
15.361104, 0.067543, 6.141037
15.363924, 0.067543, 6.141037
15.366824, 0.067543, 6.141037
15.369958, 0.070092, 6.372763
15.373086, 0.067543, 6.141037
15.376254, 0.067543, 6.141037
15.379394, 0.070092, 6.372763
15.382525, 0.067543, 6.141037
15.385614, 0.067543, 6.141037
15.388655, 0.067543, 6.141037
15.391745, 0.067543, 6.141037
15.394781, 0.067543, 6.141037
15.397848, 0.070092, 6.372763
15.400963, 0.067543, 6.141037
15.403975, 0.067543, 6.141037
15.407086, 0.067543, 6.141037
15.410155, 0.067543, 6.141037
15.413251, 0.070092, 6.372763
15.416375, 0.067543, 6.141037
15.419556, 0.070092, 6.372763
15.422728, 0.067543, 6.141037
15.425954, 0.067543, 6.141037
15.429180, 0.067543, 6.141037
15.432602, 0.067543, 6.141037
15.435916, 0.067543, 6.141037
15.439918, 0.067543, 6.141037
15.443255, 0.067543, 6.141037
15.446437, 0.067543, 6.141037
15.449590, 0.067543, 6.141037
15.452620, 0.067543, 6.141037
15.455562, 0.067543, 6.141037
15.458449, 0.067543, 6.141037
15.461330, 0.067543, 6.141037
15.464202, 0.067543, 6.141037
15.467034, 0.067543, 6.141037
15.469990, 0.067543, 6.141037
15.473007, 0.067543, 6.141037
15.476042, 0.067543, 6.141037
15.479151, 0.070092, 6.372763
15.482437, 0.067543, 6.141037
15.485530, 0.070092, 6.372763
15.488748, 0.070092, 6.372763
15.492251, 0.067543, 6.141037
15.495454, 0.067543, 6.141037
15.498679, 0.070092, 6.372763
15.502124, 0.070092, 6.372763
15.505400, 0.067543, 6.141037
15.509471, 0.070092, 6.372763
15.512854, 0.067543, 6.141037
15.515151, 0.070092, 6.372763
15.517660, 0.067543, 6.141037
15.520495, 0.067543, 6.141037
15.523614, 0.067543, 6.141037
15.526836, 0.067543, 6.141037
15.530065, 0.067543, 6.141037
15.533786, 0.067543, 6.141037
15.537161, 0.067543, 6.141037
15.540413, 0.067543, 6.141037
15.543650, 0.067543, 6.141037
15.546831, 0.070092, 6.372763
15.550500, 0.067543, 6.141037
15.555033, 0.070092, 6.372763
15.559087, 0.070092, 6.372763
15.563010, 0.070092, 6.372763
15.566587, 0.070092, 6.372763
15.569952, 0.067543, 6.141037
15.573192, 0.067543, 6.141037
15.576554, 0.070092, 6.372763
15.579856, 0.067543, 6.141037
15.583045, 0.067543, 6.141037
15.586108, 0.070092, 6.372763
15.589139, 0.070092, 6.372763
15.592428, 0.067543, 6.141037
15.595555, 0.067543, 6.141037
15.598731, 0.067543, 6.141037
15.602189, 0.067543, 6.141037
15.605442, 0.067543, 6.141037
15.608770, 0.067543, 6.141037
15.612048, 0.070092, 6.372763
15.616013, 0.067543, 6.141037
15.619450, 0.067543, 6.141037
15.622733, 0.067543, 6.141037
15.626046, 0.067543, 6.141037
15.629295, 0.067543, 6.141037
15.632670, 0.070092, 6.372763
15.636007, 0.067543, 6.141037
15.639408, 0.067543, 6.141037
15.642796, 0.067543, 6.141037
15.646114, 0.070092, 6.372763
15.649309, 0.067543, 6.141037
15.652423, 0.067543, 6.141037
15.655424, 0.067543, 6.141037
15.658370, 0.067543, 6.141037
15.661201, 0.067543, 6.141037
15.664091, 0.067543, 6.141037
15.666925, 0.067543, 6.141037
15.669794, 0.067543, 6.141037
15.672617, 0.070092, 6.372763
15.675517, 0.070092, 6.372763
15.678387, 0.067543, 6.141037
15.681215, 0.070092, 6.372763
15.684026, 0.070092, 6.372763
15.686887, 0.067543, 6.141037
15.689693, 0.067543, 6.141037
15.692589, 0.067543, 6.141037
15.695430, 0.067543, 6.141037
15.698328, 0.067543, 6.141037
15.701310, 0.070092, 6.372763
15.704282, 0.067543, 6.141037
15.707231, 0.067543, 6.141037
15.710192, 0.067543, 6.141037
15.713540, 0.067543, 6.141037
15.717099, 0.070092, 6.372763
15.720213, 0.067543, 6.141037
15.723279, 0.070092, 6.372763
15.726364, 0.067543, 6.141037
15.729294, 0.067543, 6.141037
15.732184, 0.067543, 6.141037
15.735165, 0.067543, 6.141037
15.738144, 0.067543, 6.141037
15.741733, 0.070092, 6.372763
15.744464, 0.067543, 6.141037
15.748763, 0.067543, 6.141037
15.753542, 0.067543, 6.141037
15.757643, 0.070092, 6.372763
15.761469, 0.067543, 6.141037
15.764869, 0.070092, 6.372763
15.768197, 0.067543, 6.141037
15.773299, 0.067543, 6.141037
15.782943, 0.070092, 6.372763
15.791718, 0.070092, 6.372763
15.796700, 0.067543, 6.141037
15.803799, 0.067543, 6.141037
15.809904, 0.070092, 6.372763
15.813964, 0.067543, 6.141037
15.817707, 0.070092, 6.372763
15.821557, 0.067543, 6.141037
15.826875, 0.067543, 6.141037
15.831616, 0.067543, 6.141037
15.835461, 0.067543, 6.141037
15.839000, 0.067543, 6.141037
15.843028, 0.067543, 6.141037
15.846811, 0.067543, 6.141037
15.850531, 0.067543, 6.141037
15.854181, 0.067543, 6.141037
15.857912, 0.070092, 6.372763
15.861491, 0.067543, 6.141037
15.865409, 0.067543, 6.141037
15.869098, 0.067543, 6.141037
15.873112, 0.067543, 6.141037
15.878334, 0.070092, 6.372763
15.882817, 0.070092, 6.372763
15.888476, 0.067543, 6.141037
15.893635, 0.067543, 6.141037
15.897067, 0.070092, 6.372763
15.899707, 0.067543, 6.141037
15.902480, 0.067543, 6.141037
15.905816, 0.067543, 6.141037
15.910456, 0.070092, 6.372763
15.914668, 0.067543, 6.141037
15.918588, 0.067543, 6.141037
15.922498, 0.067543, 6.141037
15.926901, 0.070092, 6.372763
15.931434, 0.067543, 6.141037
15.935535, 0.067543, 6.141037
15.939808, 0.067543, 6.141037
15.944406, 0.067543, 6.141037
15.948667, 0.067543, 6.141037
15.952631, 0.070092, 6.372763
15.956501, 0.067543, 6.141037
15.960152, 0.067543, 6.141037
15.963537, 0.067543, 6.141037
15.966826, 0.067543, 6.141037
15.970080, 0.067543, 6.141037
15.973279, 0.067543, 6.141037
15.976695, 0.067543, 6.141037
15.980031, 0.067543, 6.141037
15.983316, 0.070092, 6.372763
15.986595, 0.067543, 6.141037
15.990678, 0.070092, 6.372763
15.994416, 0.070092, 6.372763
15.998228, 0.067543, 6.141037
16.001734, 0.067543, 6.141037
16.005120, 0.070092, 6.372763
16.008734, 0.067543, 6.141037
16.013218, 0.067543, 6.141037
16.015643, 0.067543, 6.141037
16.018163, 0.070092, 6.372763
16.020853, 0.067543, 6.141037
16.023743, 0.067543, 6.141037
16.026791, 0.067543, 6.141037
16.029878, 0.067543, 6.141037
16.032982, 0.067543, 6.141037
16.036182, 0.067543, 6.141037
16.039224, 0.067543, 6.141037
16.042303, 0.070092, 6.372763
16.045288, 0.070092, 6.372763
16.048728, 0.067543, 6.141037
16.051847, 0.067543, 6.141037
16.054666, 0.067543, 6.141037
16.057332, 0.067543, 6.141037
16.060041, 0.070092, 6.372763
16.062656, 0.067543, 6.141037
16.065302, 0.067543, 6.141037
16.067966, 0.067543, 6.141037
16.070687, 0.070092, 6.372763
16.073415, 0.067543, 6.141037
16.076227, 0.067543, 6.141037
16.079415, 0.070092, 6.372763
16.082352, 0.067543, 6.141037
16.084913, 0.067543, 6.141037
16.087475, 0.067543, 6.141037
16.090109, 0.067543, 6.141037
16.092776, 0.067543, 6.141037
16.095380, 0.067543, 6.141037
16.097997, 0.067543, 6.141037
16.100624, 0.067543, 6.141037
16.103312, 0.067543, 6.141037
16.106288, 0.067543, 6.141037
16.109121, 0.067543, 6.141037
16.112001, 0.067543, 6.141037
16.114802, 0.067543, 6.141037
16.117594, 0.067543, 6.141037
16.120438, 0.067543, 6.141037
16.123168, 0.070092, 6.372763
16.125955, 0.067543, 6.141037
16.128744, 0.067543, 6.141037
16.131615, 0.067543, 6.141037
16.134481, 0.070092, 6.372763
16.137289, 0.067543, 6.141037
16.140178, 0.070092, 6.372763
16.143213, 0.067543, 6.141037
16.146052, 0.070092, 6.372763
16.148790, 0.067543, 6.141037
16.151602, 0.067543, 6.141037
16.154353, 0.070092, 6.372763
16.157205, 0.067543, 6.141037
16.160183, 0.067543, 6.141037
16.163111, 0.067543, 6.141037
16.165971, 0.067543, 6.141037
16.168690, 0.067543, 6.141037
16.171995, 0.067543, 6.141037
16.175422, 0.067543, 6.141037
16.177660, 0.067543, 6.141037
16.180195, 0.067543, 6.141037
16.182888, 0.067543, 6.141037
16.185709, 0.070092, 6.372763
16.188559, 0.070092, 6.372763
16.191649, 0.067543, 6.141037
16.194557, 0.070092, 6.372763
16.197408, 0.067543, 6.141037
16.200244, 0.067543, 6.141037
16.203069, 0.070092, 6.372763
16.205841, 0.070092, 6.372763
16.208637, 0.067543, 6.141037
16.211433, 0.067543, 6.141037
16.214174, 0.067543, 6.141037
16.216896, 0.067543, 6.141037
16.219642, 0.067543, 6.141037
16.222441, 0.070092, 6.372763
16.225341, 0.067543, 6.141037
16.228092, 0.067543, 6.141037
16.230852, 0.070092, 6.372763
16.233526, 0.067543, 6.141037
16.236198, 0.067543, 6.141037
16.238864, 0.067543, 6.141037
16.241967, 0.067543, 6.141037
16.245675, 0.067543, 6.141037
16.248751, 0.067543, 6.141037
16.251727, 0.070092, 6.372763
16.254718, 0.067543, 6.141037
16.257591, 0.067543, 6.141037
16.260560, 0.067543, 6.141037
16.263225, 0.067543, 6.141037
16.265906, 0.070092, 6.372763
16.268691, 0.067543, 6.141037
16.271640, 0.067543, 6.141037
16.275828, 0.067543, 6.141037
16.278867, 0.067543, 6.141037
16.281693, 0.067543, 6.141037
16.284081, 0.067543, 6.141037
16.286590, 0.067543, 6.141037
16.289227, 0.070092, 6.372763
16.292123, 0.070092, 6.372763
16.294868, 0.070092, 6.372763
16.297890, 0.067543, 6.141037
16.300890, 0.067543, 6.141037
16.303925, 0.067543, 6.141037
16.306813, 0.067543, 6.141037
16.309860, 0.070092, 6.372763
16.312779, 0.067543, 6.141037
16.315655, 0.070092, 6.372763
16.318437, 0.067543, 6.141037
16.321202, 0.067543, 6.141037
16.323976, 0.070092, 6.372763
16.326765, 0.067543, 6.141037
16.329514, 0.067543, 6.141037
16.332312, 0.067543, 6.141037
16.335049, 0.067543, 6.141037
16.337840, 0.067543, 6.141037
16.340769, 0.067543, 6.141037
16.343676, 0.070092, 6.372763
16.346602, 0.067543, 6.141037
16.349542, 0.067543, 6.141037
16.352570, 0.067543, 6.141037
16.355578, 0.067543, 6.141037
16.358682, 0.067543, 6.141037
16.361889, 0.067543, 6.141037
16.365015, 0.070092, 6.372763
16.368137, 0.067543, 6.141037
16.371259, 0.070092, 6.372763
16.374343, 0.067543, 6.141037
16.377541, 0.067543, 6.141037
16.380629, 0.067543, 6.141037
16.384110, 0.070092, 6.372763
16.387130, 0.067543, 6.141037
16.390480, 0.067543, 6.141037
16.393630, 0.067543, 6.141037
16.396611, 0.067543, 6.141037
16.399505, 0.067543, 6.141037
16.402400, 0.067543, 6.141037
16.405289, 0.067543, 6.141037
16.408204, 0.067543, 6.141037
16.411150, 0.067543, 6.141037
16.414060, 0.067543, 6.141037
16.417084, 0.067543, 6.141037
16.420271, 0.067543, 6.141037
16.423196, 0.067543, 6.141037
16.426144, 0.067543, 6.141037
16.429070, 0.070092, 6.372763
16.432014, 0.067543, 6.141037
16.435182, 0.067543, 6.141037
16.438365, 0.070092, 6.372763
16.442227, 0.067543, 6.141037
16.444847, 0.067543, 6.141037
16.447967, 0.067543, 6.141037
16.451102, 0.067543, 6.141037
16.454089, 0.070092, 6.372763
16.457149, 0.067543, 6.141037
16.460396, 0.067543, 6.141037
16.463427, 0.067543, 6.141037
16.466394, 0.067543, 6.141037
16.469551, 0.067543, 6.141037
16.472656, 0.067543, 6.141037
16.476214, 0.067543, 6.141037
16.479574, 0.067543, 6.141037
16.482681, 0.067543, 6.141037
16.485747, 0.067543, 6.141037
16.488836, 0.067543, 6.141037
16.492035, 0.067543, 6.141037
16.495125, 0.067543, 6.141037
16.498177, 0.067543, 6.141037
16.501253, 0.067543, 6.141037
16.504523, 0.067543, 6.141037
16.508749, 0.067543, 6.141037
16.512237, 0.067543, 6.141037
16.515546, 0.067543, 6.141037
16.518627, 0.067543, 6.141037
16.521676, 0.070092, 6.372763
16.524786, 0.070092, 6.372763
16.528058, 0.070092, 6.372763
16.531347, 0.067543, 6.141037
16.534493, 0.067543, 6.141037
16.538096, 0.067543, 6.141037
16.542272, 0.067543, 6.141037
16.545008, 0.070092, 6.372763
16.548000, 0.067543, 6.141037
16.550864, 0.067543, 6.141037
16.553803, 0.067543, 6.141037
16.556857, 0.067543, 6.141037
16.560170, 0.067543, 6.141037
16.563375, 0.067543, 6.141037
16.566562, 0.067543, 6.141037
16.569939, 0.070092, 6.372763
16.573165, 0.067543, 6.141037
16.576546, 0.067543, 6.141037
16.580329, 0.070092, 6.372763
16.583841, 0.067543, 6.141037
16.587303, 0.070092, 6.372763
16.591248, 0.067543, 6.141037
16.594650, 0.067543, 6.141037
16.598032, 0.067543, 6.141037
16.601295, 0.067543, 6.141037
16.604525, 0.067543, 6.141037
16.607938, 0.067543, 6.141037
16.611176, 0.067543, 6.141037
16.614355, 0.067543, 6.141037
16.617586, 0.067543, 6.141037
16.620654, 0.067543, 6.141037
16.623677, 0.067543, 6.141037
16.626711, 0.067543, 6.141037
16.630016, 0.067543, 6.141037
16.633111, 0.067543, 6.141037
16.636124, 0.067543, 6.141037
16.639206, 0.067543, 6.141037
16.642280, 0.067543, 6.141037
16.645442, 0.070092, 6.372763
16.648592, 0.067543, 6.141037
16.651659, 0.067543, 6.141037
16.654793, 0.070092, 6.372763
16.658080, 0.067543, 6.141037
16.661498, 0.067543, 6.141037
16.664879, 0.067543, 6.141037
16.668336, 0.067543, 6.141037
16.671740, 0.067543, 6.141037
16.676711, 0.067543, 6.141037
16.680804, 0.070092, 6.372763
16.684661, 0.067543, 6.141037
16.688195, 0.067543, 6.141037
16.691731, 0.067543, 6.141037
16.694935, 0.070092, 6.372763
16.697926, 0.067543, 6.141037
16.700843, 0.067543, 6.141037
16.703742, 0.067543, 6.141037
16.706650, 0.067543, 6.141037
16.709550, 0.067543, 6.141037
16.712422, 0.067543, 6.141037
16.715308, 0.067543, 6.141037
16.718202, 0.067543, 6.141037
16.721134, 0.067543, 6.141037
16.724013, 0.067543, 6.141037
16.726861, 0.067543, 6.141037
16.729798, 0.067543, 6.141037
16.732596, 0.067543, 6.141037
16.735364, 0.067543, 6.141037
16.738158, 0.067543, 6.141037
16.741059, 0.067543, 6.141037
16.743938, 0.067543, 6.141037
16.746746, 0.067543, 6.141037
16.749547, 0.067543, 6.141037
16.752326, 0.070092, 6.372763
16.755091, 0.067543, 6.141037
16.757770, 0.067543, 6.141037
16.760463, 0.067543, 6.141037
16.763176, 0.067543, 6.141037
16.765874, 0.067543, 6.141037
16.768574, 0.067543, 6.141037
16.771324, 0.067543, 6.141037
16.775483, 0.070092, 6.372763
16.778619, 0.067543, 6.141037
16.781573, 0.067543, 6.141037
16.784397, 0.067543, 6.141037
16.787236, 0.070092, 6.372763
16.790378, 0.067543, 6.141037
16.793426, 0.070092, 6.372763
16.796476, 0.070092, 6.372763
16.799518, 0.067543, 6.141037
16.802620, 0.070092, 6.372763
16.805719, 0.067543, 6.141037
16.809925, 0.067543, 6.141037
16.813928, 0.067543, 6.141037
16.817689, 0.067543, 6.141037
16.822258, 0.070092, 6.372763
16.825575, 0.067543, 6.141037
16.829608, 0.070092, 6.372763
16.832379, 0.067543, 6.141037
16.834841, 0.067543, 6.141037
16.837507, 0.067543, 6.141037
16.840300, 0.070092, 6.372763
16.843384, 0.070092, 6.372763
16.846376, 0.067543, 6.141037
16.849413, 0.067543, 6.141037
16.852606, 0.070092, 6.372763
16.855667, 0.067543, 6.141037
16.858837, 0.070092, 6.372763
16.862042, 0.067543, 6.141037
16.865067, 0.067543, 6.141037
16.868090, 0.067543, 6.141037
16.871123, 0.067543, 6.141037
16.874098, 0.067543, 6.141037
16.876934, 0.067543, 6.141037
16.879876, 0.067543, 6.141037
16.882742, 0.067543, 6.141037
16.885583, 0.067543, 6.141037
16.888422, 0.067543, 6.141037
16.891210, 0.067543, 6.141037
16.893991, 0.070092, 6.372763
16.896761, 0.067543, 6.141037
16.899988, 0.067543, 6.141037
16.903160, 0.067543, 6.141037
16.905862, 0.070092, 6.372763
16.908678, 0.067543, 6.141037
16.911426, 0.067543, 6.141037
16.914141, 0.067543, 6.141037
16.916825, 0.067543, 6.141037
16.919554, 0.067543, 6.141037
16.922255, 0.067543, 6.141037
16.924916, 0.067543, 6.141037
16.927674, 0.067543, 6.141037
16.930439, 0.067543, 6.141037
16.933159, 0.067543, 6.141037
16.935898, 0.067543, 6.141037
16.938685, 0.070092, 6.372763
16.941422, 0.067543, 6.141037
16.944096, 0.067543, 6.141037
16.946741, 0.067543, 6.141037
16.949454, 0.067543, 6.141037
16.952156, 0.067543, 6.141037
16.954925, 0.067543, 6.141037
16.957592, 0.067543, 6.141037
16.960690, 0.067543, 6.141037
16.963391, 0.067543, 6.141037
16.966043, 0.067543, 6.141037
16.968688, 0.067543, 6.141037
16.971415, 0.067543, 6.141037
16.974122, 0.067543, 6.141037
16.976760, 0.067543, 6.141037
16.979431, 0.067543, 6.141037
16.982044, 0.070092, 6.372763
16.984594, 0.067543, 6.141037
16.987150, 0.070092, 6.372763
16.990034, 0.067543, 6.141037
16.992836, 0.070092, 6.372763
16.995597, 0.067543, 6.141037
16.997763, 0.067543, 6.141037
17.000122, 0.067543, 6.141037
17.002778, 0.067543, 6.141037
17.005613, 0.067543, 6.141037
17.008585, 0.067543, 6.141037
17.011592, 0.067543, 6.141037
17.014496, 0.067543, 6.141037
17.017323, 0.067543, 6.141037
17.020091, 0.067543, 6.141037
17.022898, 0.067543, 6.141037
17.025913, 0.067543, 6.141037
17.028862, 0.067543, 6.141037
17.031821, 0.067543, 6.141037
17.034827, 0.067543, 6.141037
17.037862, 0.067543, 6.141037
17.040934, 0.070092, 6.372763
17.043974, 0.067543, 6.141037
17.046889, 0.067543, 6.141037
17.049737, 0.067543, 6.141037
17.052519, 0.067543, 6.141037
17.055187, 0.067543, 6.141037
17.057886, 0.070092, 6.372763
17.060564, 0.067543, 6.141037
17.063174, 0.067543, 6.141037
17.065888, 0.067543, 6.141037
17.068444, 0.067543, 6.141037
17.071176, 0.070092, 6.372763
17.073829, 0.067543, 6.141037
17.076474, 0.067543, 6.141037
17.079096, 0.067543, 6.141037
17.081712, 0.067543, 6.141037
17.084339, 0.067543, 6.141037
17.086931, 0.067543, 6.141037
17.089491, 0.067543, 6.141037
17.092293, 0.067543, 6.141037
17.094878, 0.067543, 6.141037
17.097445, 0.070092, 6.372763
17.100030, 0.067543, 6.141037
17.102608, 0.067543, 6.141037
17.105204, 0.067543, 6.141037
17.107801, 0.070092, 6.372763
17.110439, 0.070092, 6.372763
17.113126, 0.067543, 6.141037
17.115803, 0.067543, 6.141037
17.118516, 0.070092, 6.372763
17.121173, 0.067543, 6.141037
17.123965, 0.067543, 6.141037
17.126650, 0.070092, 6.372763
17.129250, 0.067543, 6.141037
17.131988, 0.067543, 6.141037
17.134779, 0.067543, 6.141037
17.137439, 0.070092, 6.372763
17.140105, 0.067543, 6.141037
17.142814, 0.067543, 6.141037
17.145575, 0.067543, 6.141037
17.148274, 0.067543, 6.141037
17.151034, 0.070092, 6.372763
17.153861, 0.067543, 6.141037
17.156633, 0.067543, 6.141037
17.159361, 0.067543, 6.141037
17.162004, 0.067543, 6.141037
17.164740, 0.067543, 6.141037
17.167512, 0.067543, 6.141037
17.170361, 0.067543, 6.141037
17.173474, 0.067543, 6.141037
17.176873, 0.067543, 6.141037
17.179664, 0.067543, 6.141037
17.182473, 0.067543, 6.141037
17.185386, 0.067543, 6.141037
17.188229, 0.067543, 6.141037
17.190991, 0.070092, 6.372763
17.193983, 0.067543, 6.141037
17.196820, 0.067543, 6.141037
17.199598, 0.067543, 6.141037
17.202349, 0.067543, 6.141037
17.205323, 0.067543, 6.141037
17.208233, 0.067543, 6.141037
17.211114, 0.067543, 6.141037
17.213928, 0.067543, 6.141037
17.216699, 0.070092, 6.372763
17.219441, 0.067543, 6.141037
17.222161, 0.067543, 6.141037
17.225073, 0.067543, 6.141037
17.227747, 0.067543, 6.141037
17.230447, 0.067543, 6.141037
17.233218, 0.070092, 6.372763
17.235906, 0.067543, 6.141037
17.238591, 0.067543, 6.141037
17.241273, 0.067543, 6.141037
17.244028, 0.067543, 6.141037
17.246904, 0.067543, 6.141037
17.250077, 0.067543, 6.141037
17.253860, 0.067543, 6.141037
17.258602, 0.067543, 6.141037
17.262936, 0.067543, 6.141037
17.267111, 0.067543, 6.141037
17.271038, 0.070092, 6.372763
17.275287, 0.067543, 6.141037
17.281859, 0.067543, 6.141037
17.286872, 0.070092, 6.372763
17.290917, 0.067543, 6.141037
17.294888, 0.067543, 6.141037
17.298990, 0.070092, 6.372763
17.305200, 0.070092, 6.372763
17.310426, 0.067543, 6.141037
17.314888, 0.067543, 6.141037
17.318829, 0.067543, 6.141037
17.322999, 0.067543, 6.141037
17.327252, 0.070092, 6.372763
17.331357, 0.067543, 6.141037
17.335004, 0.067543, 6.141037
17.338454, 0.067543, 6.141037
17.342207, 0.070092, 6.372763
17.345562, 0.070092, 6.372763
17.348844, 0.067543, 6.141037
17.352133, 0.067543, 6.141037
17.355351, 0.070092, 6.372763
17.358644, 0.067543, 6.141037
17.361807, 0.067543, 6.141037
17.365023, 0.067543, 6.141037
17.368270, 0.067543, 6.141037
17.371766, 0.067543, 6.141037
17.375519, 0.067543, 6.141037
17.379063, 0.067543, 6.141037
17.382464, 0.067543, 6.141037
17.385660, 0.067543, 6.141037
17.388992, 0.067543, 6.141037
17.392023, 0.070092, 6.372763
17.395409, 0.067543, 6.141037
17.398959, 0.067543, 6.141037
17.402774, 0.067543, 6.141037
17.406385, 0.067543, 6.141037
17.410032, 0.067543, 6.141037
17.413483, 0.070092, 6.372763
17.416591, 0.070092, 6.372763
17.419675, 0.067543, 6.141037
17.422828, 0.070092, 6.372763
17.425984, 0.067543, 6.141037
17.429100, 0.070092, 6.372763
17.432149, 0.067543, 6.141037
17.435104, 0.070092, 6.372763
17.438035, 0.067543, 6.141037
17.441087, 0.067543, 6.141037
17.443997, 0.067543, 6.141037
17.447015, 0.070092, 6.372763
17.450170, 0.067543, 6.141037
17.453335, 0.067543, 6.141037
17.456636, 0.067543, 6.141037
17.460012, 0.067543, 6.141037
17.463510, 0.067543, 6.141037
17.467077, 0.067543, 6.141037
17.470841, 0.070092, 6.372763
17.474569, 0.070092, 6.372763
17.478284, 0.067543, 6.141037
17.481857, 0.067543, 6.141037
17.485466, 0.067543, 6.141037
17.489017, 0.067543, 6.141037
17.492597, 0.067543, 6.141037
17.496092, 0.067543, 6.141037
17.499596, 0.067543, 6.141037
17.504353, 0.067543, 6.141037
17.508564, 0.070092, 6.372763
17.513160, 0.067543, 6.141037
17.517606, 0.067543, 6.141037
17.521640, 0.067543, 6.141037
17.526042, 0.070092, 6.372763
17.529807, 0.070092, 6.372763
17.533528, 0.067543, 6.141037
17.537076, 0.070092, 6.372763
17.540604, 0.067543, 6.141037
17.544228, 0.067543, 6.141037
17.547756, 0.067543, 6.141037
17.551291, 0.070092, 6.372763
17.554711, 0.067543, 6.141037
17.558006, 0.067543, 6.141037
17.561297, 0.067543, 6.141037
17.564560, 0.067543, 6.141037
17.568021, 0.067543, 6.141037
17.571601, 0.067543, 6.141037
17.575103, 0.067543, 6.141037
17.578413, 0.070092, 6.372763
17.581889, 0.067543, 6.141037
17.585048, 0.070092, 6.372763
17.587731, 0.067543, 6.141037
17.590735, 0.067543, 6.141037
17.594352, 0.070092, 6.372763
17.598644, 0.067543, 6.141037
17.605985, 0.070092, 6.372763
17.609831, 0.067543, 6.141037
17.612440, 0.067543, 6.141037
17.615137, 0.067543, 6.141037
17.618028, 0.067543, 6.141037
17.621077, 0.067543, 6.141037
17.625401, 0.067543, 6.141037
17.631076, 0.070092, 6.372763
17.635563, 0.067543, 6.141037
17.639662, 0.067543, 6.141037
17.643459, 0.067543, 6.141037
17.647001, 0.067543, 6.141037
17.650554, 0.067543, 6.141037
17.654408, 0.067543, 6.141037
17.657503, 0.070092, 6.372763
17.660594, 0.067543, 6.141037
17.663658, 0.067543, 6.141037
17.666636, 0.067543, 6.141037
17.669598, 0.067543, 6.141037
17.672668, 0.070092, 6.372763
17.675660, 0.067543, 6.141037
17.678736, 0.067543, 6.141037
17.681885, 0.067543, 6.141037
17.685009, 0.067543, 6.141037
17.688065, 0.067543, 6.141037
17.691218, 0.070092, 6.372763
17.694278, 0.067543, 6.141037
17.697319, 0.067543, 6.141037
17.700243, 0.067543, 6.141037
17.703247, 0.067543, 6.141037
17.706129, 0.067543, 6.141037
17.708981, 0.067543, 6.141037
17.711963, 0.067543, 6.141037
17.714872, 0.067543, 6.141037
17.717913, 0.070092, 6.372763
17.720825, 0.070092, 6.372763
17.723737, 0.067543, 6.141037
17.726618, 0.067543, 6.141037
17.729350, 0.067543, 6.141037
17.732126, 0.070092, 6.372763
17.734959, 0.067543, 6.141037
17.737794, 0.067543, 6.141037
17.740734, 0.067543, 6.141037
17.743659, 0.067543, 6.141037
17.746614, 0.067543, 6.141037
17.749546, 0.070092, 6.372763
17.752469, 0.070092, 6.372763
17.755346, 0.070092, 6.372763
17.758289, 0.070092, 6.372763
17.761135, 0.067543, 6.141037
17.763982, 0.067543, 6.141037
17.766861, 0.067543, 6.141037
17.769703, 0.067543, 6.141037
17.772611, 0.067543, 6.141037
17.777754, 0.067543, 6.141037
17.780048, 0.067543, 6.141037
17.782217, 0.067543, 6.141037
17.784666, 0.070092, 6.372763
17.787069, 0.070092, 6.372763
17.789602, 0.067543, 6.141037
17.793224, 0.070092, 6.372763
17.796598, 0.070092, 6.372763
17.799822, 0.070092, 6.372763
17.802956, 0.070092, 6.372763
17.806112, 0.070092, 6.372763
17.808893, 0.067543, 6.141037
17.811697, 0.070092, 6.372763
17.814669, 0.070092, 6.372763
17.817687, 0.067543, 6.141037
17.820613, 0.067543, 6.141037
17.823555, 0.067543, 6.141037
17.826467, 0.070092, 6.372763
17.829341, 0.067543, 6.141037
17.832204, 0.070092, 6.372763
17.835121, 0.067543, 6.141037
17.838672, 0.067543, 6.141037
17.843931, 0.067543, 6.141037
17.848255, 0.067543, 6.141037
17.852654, 0.067543, 6.141037
17.856146, 0.067543, 6.141037
17.859667, 0.070092, 6.372763
17.862067, 0.067543, 6.141037
17.864434, 0.070092, 6.372763
17.866980, 0.067543, 6.141037
17.869502, 0.070092, 6.372763
17.872132, 0.070092, 6.372763
17.874864, 0.070092, 6.372763
17.877652, 0.067543, 6.141037
17.880467, 0.070092, 6.372763
17.883360, 0.070092, 6.372763
17.886236, 0.070092, 6.372763
17.889045, 0.067543, 6.141037
17.891802, 0.067543, 6.141037
17.894710, 0.067543, 6.141037
17.897546, 0.070092, 6.372763
17.900315, 0.067543, 6.141037
17.903079, 0.070092, 6.372763
17.906140, 0.067543, 6.141037
17.909077, 0.067543, 6.141037
17.911848, 0.067543, 6.141037
17.914597, 0.067543, 6.141037
17.917381, 0.070092, 6.372763
17.920107, 0.067543, 6.141037
17.922865, 0.067543, 6.141037
17.925721, 0.067543, 6.141037
17.928511, 0.067543, 6.141037
17.931281, 0.067543, 6.141037
17.934021, 0.067543, 6.141037
17.936743, 0.067543, 6.141037
17.939736, 0.070092, 6.372763
17.942980, 0.067543, 6.141037
17.945238, 0.067543, 6.141037
17.947731, 0.067543, 6.141037
17.950337, 0.070092, 6.372763
17.953056, 0.067543, 6.141037
17.955898, 0.070092, 6.372763
17.958978, 0.070092, 6.372763
17.961754, 0.067543, 6.141037
17.964489, 0.070092, 6.372763
17.967319, 0.067543, 6.141037
17.970003, 0.067543, 6.141037
17.972657, 0.067543, 6.141037
17.975423, 0.067543, 6.141037
17.978097, 0.070092, 6.372763
17.980834, 0.067543, 6.141037
17.983463, 0.070092, 6.372763
17.986156, 0.067543, 6.141037
17.988739, 0.067543, 6.141037
17.991420, 0.070092, 6.372763
17.994080, 0.067543, 6.141037
17.996768, 0.070092, 6.372763
17.999461, 0.067543, 6.141037
18.002195, 0.067543, 6.141037
18.004907, 0.067543, 6.141037
18.007772, 0.067543, 6.141037
18.010530, 0.067543, 6.141037
18.013229, 0.067543, 6.141037
18.015799, 0.067543, 6.141037
18.018464, 0.067543, 6.141037
18.021105, 0.067543, 6.141037
18.023820, 0.067543, 6.141037
18.026488, 0.067543, 6.141037
18.029134, 0.067543, 6.141037
18.031829, 0.070092, 6.372763
18.034615, 0.067543, 6.141037
18.037377, 0.067543, 6.141037
18.040136, 0.067543, 6.141037
18.042844, 0.067543, 6.141037
18.045523, 0.067543, 6.141037
18.048238, 0.067543, 6.141037
18.050900, 0.070092, 6.372763
18.053610, 0.070092, 6.372763
18.056327, 0.067543, 6.141037
18.059152, 0.067543, 6.141037
18.061923, 0.067543, 6.141037
18.064579, 0.070092, 6.372763
18.067249, 0.067543, 6.141037
18.069911, 0.067543, 6.141037
18.072553, 0.067543, 6.141037
18.075188, 0.067543, 6.141037
18.077960, 0.067543, 6.141037
18.080665, 0.067543, 6.141037
18.083410, 0.067543, 6.141037
18.086067, 0.067543, 6.141037
18.088706, 0.067543, 6.141037
18.091443, 0.067543, 6.141037
18.094085, 0.067543, 6.141037
18.096718, 0.067543, 6.141037
18.099442, 0.067543, 6.141037
18.101997, 0.067543, 6.141037
18.104547, 0.067543, 6.141037
18.107139, 0.070092, 6.372763
18.109938, 0.067543, 6.141037
18.112470, 0.067543, 6.141037
18.114973, 0.067543, 6.141037
18.117487, 0.067543, 6.141037
18.120036, 0.067543, 6.141037
18.122569, 0.067543, 6.141037
18.125626, 0.070092, 6.372763
18.128210, 0.067543, 6.141037
18.130867, 0.067543, 6.141037
18.133397, 0.067543, 6.141037
18.135899, 0.067543, 6.141037
18.138367, 0.067543, 6.141037
18.141076, 0.070092, 6.372763
18.143711, 0.067543, 6.141037
18.146293, 0.067543, 6.141037
18.148904, 0.067543, 6.141037
18.151546, 0.067543, 6.141037
18.154125, 0.070092, 6.372763
18.156681, 0.067543, 6.141037
18.159281, 0.067543, 6.141037
18.161863, 0.067543, 6.141037
18.164605, 0.067543, 6.141037
18.167124, 0.067543, 6.141037
18.169816, 0.070092, 6.372763
18.173065, 0.067543, 6.141037
18.176505, 0.067543, 6.141037
18.179282, 0.067543, 6.141037
18.182057, 0.070092, 6.372763
18.184788, 0.067543, 6.141037
18.187513, 0.070092, 6.372763
18.190753, 0.070092, 6.372763
18.193861, 0.067543, 6.141037
18.196698, 0.067543, 6.141037
18.199444, 0.067543, 6.141037
18.202634, 0.067543, 6.141037
18.205536, 0.067543, 6.141037
18.209018, 0.070092, 6.372763
18.211478, 0.067543, 6.141037
18.213857, 0.070092, 6.372763
18.216553, 0.067543, 6.141037
18.219276, 0.067543, 6.141037
18.222019, 0.070092, 6.372763
18.225048, 0.067543, 6.141037
18.228101, 0.067543, 6.141037
18.231249, 0.070092, 6.372763
18.234246, 0.067543, 6.141037
18.237262, 0.070092, 6.372763
18.240254, 0.070092, 6.372763
18.243316, 0.067543, 6.141037
18.246173, 0.067543, 6.141037
18.248981, 0.067543, 6.141037
18.252010, 0.067543, 6.141037
18.254821, 0.067543, 6.141037
18.257725, 0.067543, 6.141037
18.260448, 0.070092, 6.372763
18.263366, 0.067543, 6.141037
18.266026, 0.070092, 6.372763
18.268639, 0.067543, 6.141037
18.271331, 0.067543, 6.141037
18.273975, 0.067543, 6.141037
18.276699, 0.067543, 6.141037
18.279455, 0.067543, 6.141037
18.282265, 0.070092, 6.372763
18.285184, 0.067543, 6.141037
18.287848, 0.070092, 6.372763
18.290523, 0.070092, 6.372763
18.293271, 0.067543, 6.141037
18.296029, 0.070092, 6.372763
18.298763, 0.067543, 6.141037
18.301645, 0.067543, 6.141037
18.304480, 0.067543, 6.141037
18.307396, 0.067543, 6.141037
18.310110, 0.067543, 6.141037
18.312988, 0.070092, 6.372763
18.315763, 0.067543, 6.141037
18.318806, 0.067543, 6.141037
18.321504, 0.067543, 6.141037
18.324125, 0.067543, 6.141037
18.327086, 0.070092, 6.372763
18.329854, 0.067543, 6.141037
18.332499, 0.067543, 6.141037
18.335190, 0.070092, 6.372763
18.337889, 0.067543, 6.141037
18.340499, 0.067543, 6.141037
18.343310, 0.067543, 6.141037
18.346098, 0.067543, 6.141037
18.348742, 0.067543, 6.141037
18.351280, 0.067543, 6.141037
18.353830, 0.070092, 6.372763
18.356537, 0.070092, 6.372763
18.359285, 0.070092, 6.372763
18.362009, 0.067543, 6.141037
18.364737, 0.067543, 6.141037
18.367393, 0.070092, 6.372763
18.370120, 0.067543, 6.141037
18.372779, 0.067543, 6.141037
18.375370, 0.070092, 6.372763
18.378071, 0.070092, 6.372763
18.380897, 0.067543, 6.141037
18.383461, 0.070092, 6.372763
18.385970, 0.067543, 6.141037
18.388480, 0.070092, 6.372763
18.392032, 0.067543, 6.141037
18.394969, 0.070092, 6.372763
18.397457, 0.067543, 6.141037
18.400166, 0.067543, 6.141037
18.403029, 0.067543, 6.141037
18.405437, 0.067543, 6.141037
18.408896, 0.067543, 6.141037
18.411323, 0.070092, 6.372763
18.413604, 0.070092, 6.372763
18.416143, 0.070092, 6.372763
18.418811, 0.067543, 6.141037
18.421298, 0.067543, 6.141037
18.424727, 0.070092, 6.372763
18.426967, 0.067543, 6.141037
18.429807, 0.070092, 6.372763
18.431889, 0.067543, 6.141037
18.434252, 0.070092, 6.372763
18.436901, 0.070092, 6.372763
18.439651, 0.067543, 6.141037
18.443005, 0.070092, 6.372763
18.445188, 0.067543, 6.141037
18.447795, 0.070092, 6.372763
18.450396, 0.070092, 6.372763
18.452527, 0.067543, 6.141037
18.454919, 0.070092, 6.372763
18.458769, 0.067543, 6.141037
18.461520, 0.067543, 6.141037
18.463846, 0.070092, 6.372763
18.466202, 0.067543, 6.141037
18.469027, 0.067543, 6.141037
18.471781, 0.067543, 6.141037
18.475418, 0.067543, 6.141037
18.478066, 0.067543, 6.141037
18.480730, 0.070092, 6.372763
18.483026, 0.070092, 6.372763
18.485503, 0.067543, 6.141037
18.488450, 0.070092, 6.372763
18.491745, 0.070092, 6.372763
18.494097, 0.067543, 6.141037
18.496492, 0.067543, 6.141037
18.499491, 0.067543, 6.141037
18.501945, 0.067543, 6.141037
18.504246, 0.070092, 6.372763
18.507069, 0.067543, 6.141037
18.510725, 0.070092, 6.372763
18.512981, 0.070092, 6.372763
18.515432, 0.067543, 6.141037
18.518169, 0.067543, 6.141037
18.520838, 0.070092, 6.372763
18.524259, 0.070092, 6.372763
18.528115, 0.070092, 6.372763
18.530423, 0.067543, 6.141037
18.532573, 0.070092, 6.372763
18.535170, 0.070092, 6.372763
18.538011, 0.067543, 6.141037
18.541313, 0.070092, 6.372763
18.544101, 0.067543, 6.141037
18.546767, 0.067543, 6.141037
18.549993, 0.070092, 6.372763
18.552297, 0.070092, 6.372763
18.554384, 0.070092, 6.372763
18.556929, 0.067543, 6.141037
18.559941, 0.067543, 6.141037
18.563704, 0.067543, 6.141037
18.567347, 0.067543, 6.141037
18.570701, 0.070092, 6.372763
18.573792, 0.067543, 6.141037
18.576820, 0.070092, 6.372763
18.580542, 0.067543, 6.141037
18.582906, 0.070092, 6.372763
18.585075, 0.067543, 6.141037
18.587480, 0.067543, 6.141037
18.590743, 0.067543, 6.141037
18.593320, 0.067543, 6.141037
18.596011, 0.070092, 6.372763
18.598794, 0.070092, 6.372763
18.601463, 0.070092, 6.372763
18.604177, 0.067543, 6.141037
18.607237, 0.067543, 6.141037
18.610873, 0.070092, 6.372763
18.613080, 0.067543, 6.141037
18.615394, 0.067543, 6.141037
18.617799, 0.070092, 6.372763
18.620488, 0.070092, 6.372763
18.623265, 0.070092, 6.372763
18.625670, 0.070092, 6.372763
18.628142, 0.070092, 6.372763
18.631389, 0.070092, 6.372763
18.633731, 0.067543, 6.141037
18.636031, 0.070092, 6.372763
18.638599, 0.067543, 6.141037
18.642677, 0.070092, 6.372763
18.644845, 0.067543, 6.141037
18.647122, 0.067543, 6.141037
18.650576, 0.070092, 6.372763
18.652853, 0.067543, 6.141037
18.655117, 0.070092, 6.372763
18.658816, 0.067543, 6.141037
18.661236, 0.067543, 6.141037
18.663574, 0.067543, 6.141037
18.665968, 0.070092, 6.372763
18.669038, 0.070092, 6.372763
18.671808, 0.070092, 6.372763
18.674323, 0.067543, 6.141037
18.677251, 0.070092, 6.372763
18.680052, 0.067543, 6.141037
18.682578, 0.070092, 6.372763
18.685213, 0.067543, 6.141037
18.687917, 0.067543, 6.141037
18.691659, 0.067543, 6.141037
18.693933, 0.070092, 6.372763
18.696265, 0.070092, 6.372763
18.698788, 0.070092, 6.372763
18.701610, 0.070092, 6.372763
18.704393, 0.067543, 6.141037
18.707513, 0.070092, 6.372763
18.711065, 0.070092, 6.372763
18.713311, 0.067543, 6.141037
18.715445, 0.067543, 6.141037
18.717953, 0.070092, 6.372763
18.720579, 0.070092, 6.372763
18.723670, 0.070092, 6.372763
18.726806, 0.067543, 6.141037
18.730256, 0.067543, 6.141037
18.732492, 0.070092, 6.372763
18.734851, 0.067543, 6.141037
18.737615, 0.067543, 6.141037
18.741078, 0.067543, 6.141037
18.743614, 0.067543, 6.141037
18.745769, 0.067543, 6.141037
18.749205, 0.070092, 6.372763
18.751405, 0.067543, 6.141037
18.753824, 0.070092, 6.372763
18.757047, 0.067543, 6.141037
18.759629, 0.067543, 6.141037
18.761928, 0.067543, 6.141037
18.764051, 0.067543, 6.141037
18.766536, 0.067543, 6.141037
18.770022, 0.070092, 6.372763
18.774229, 0.067543, 6.141037
18.779455, 0.067543, 6.141037
18.784186, 0.070092, 6.372763
18.787005, 0.070092, 6.372763
18.790827, 0.067543, 6.141037
18.796544, 0.067543, 6.141037
18.800759, 0.070092, 6.372763
18.803519, 0.070092, 6.372763
18.806355, 0.067543, 6.141037
18.809630, 0.067543, 6.141037
18.816672, 0.070092, 6.372763
18.819293, 0.070092, 6.372763
18.821993, 0.070092, 6.372763
18.825024, 0.070092, 6.372763
18.827951, 0.070092, 6.372763
18.830722, 0.070092, 6.372763
18.833491, 0.070092, 6.372763
18.836277, 0.070092, 6.372763
18.838933, 0.067543, 6.141037
18.841957, 0.070092, 6.372763
18.844659, 0.067543, 6.141037
18.847312, 0.070092, 6.372763
18.850152, 0.070092, 6.372763
18.852959, 0.067543, 6.141037
18.856050, 0.067543, 6.141037
18.859382, 0.070092, 6.372763
18.862320, 0.067543, 6.141037
18.865150, 0.067543, 6.141037
18.868321, 0.067543, 6.141037
18.871339, 0.067543, 6.141037
18.874965, 0.070092, 6.372763
18.879054, 0.070092, 6.372763
18.882803, 0.067543, 6.141037
18.886205, 0.070092, 6.372763
18.889429, 0.067543, 6.141037
18.893072, 0.067543, 6.141037
18.896491, 0.070092, 6.372763
18.900028, 0.070092, 6.372763
18.903474, 0.067543, 6.141037
18.907002, 0.070092, 6.372763
18.911382, 0.070092, 6.372763
18.915895, 0.067543, 6.141037
18.919889, 0.070092, 6.372763
18.922522, 0.067543, 6.141037
18.926013, 0.067543, 6.141037
18.928683, 0.070092, 6.372763
18.931370, 0.067543, 6.141037
18.934111, 0.070092, 6.372763
18.936908, 0.067543, 6.141037
18.939815, 0.070092, 6.372763
18.943953, 0.067543, 6.141037
18.949421, 0.067543, 6.141037
18.953759, 0.070092, 6.372763
18.957363, 0.070092, 6.372763
18.960800, 0.067543, 6.141037
18.963897, 0.070092, 6.372763
18.966842, 0.067543, 6.141037
18.970204, 0.067543, 6.141037
18.973085, 0.067543, 6.141037
18.975317, 0.067543, 6.141037
18.977663, 0.070092, 6.372763
18.980228, 0.067543, 6.141037
18.982915, 0.067543, 6.141037
18.985574, 0.070092, 6.372763
18.988199, 0.070092, 6.372763
18.991750, 0.067543, 6.141037
18.994615, 0.067543, 6.141037
18.997350, 0.070092, 6.372763
19.000135, 0.070092, 6.372763
19.002964, 0.070092, 6.372763
19.005634, 0.070092, 6.372763
19.008447, 0.070092, 6.372763
19.011326, 0.067543, 6.141037
19.014102, 0.067543, 6.141037
19.016802, 0.067543, 6.141037
19.019582, 0.067543, 6.141037
19.022304, 0.070092, 6.372763
19.025035, 0.070092, 6.372763
19.027734, 0.070092, 6.372763
19.030566, 0.070092, 6.372763
19.033514, 0.070092, 6.372763
19.036227, 0.070092, 6.372763
19.038885, 0.067543, 6.141037
19.042188, 0.067543, 6.141037
19.044987, 0.067543, 6.141037
19.047591, 0.067543, 6.141037
19.051250, 0.070092, 6.372763
19.053518, 0.070092, 6.372763
19.055870, 0.070092, 6.372763
19.058377, 0.067543, 6.141037
19.061200, 0.070092, 6.372763
19.064020, 0.070092, 6.372763
19.066833, 0.070092, 6.372763
19.070178, 0.067543, 6.141037
19.072994, 0.067543, 6.141037
19.075805, 0.067543, 6.141037
19.078169, 0.067543, 6.141037
19.080883, 0.070092, 6.372763
19.083640, 0.070092, 6.372763
19.086461, 0.070092, 6.372763
19.089443, 0.067543, 6.141037
19.092722, 0.070092, 6.372763
19.095012, 0.070092, 6.372763
19.097359, 0.070092, 6.372763
19.100162, 0.067543, 6.141037
19.102909, 0.070092, 6.372763
19.105731, 0.067543, 6.141037
19.108626, 0.070092, 6.372763
19.112399, 0.067543, 6.141037
19.114745, 0.070092, 6.372763
19.117077, 0.070092, 6.372763
19.119631, 0.070092, 6.372763
19.122388, 0.070092, 6.372763
19.126897, 0.067543, 6.141037
19.129888, 0.067543, 6.141037
19.133712, 0.070092, 6.372763
19.136581, 0.067543, 6.141037
19.138981, 0.070092, 6.372763
19.141606, 0.070092, 6.372763
19.144051, 0.070092, 6.372763
19.146647, 0.067543, 6.141037
19.149998, 0.070092, 6.372763
19.152400, 0.067543, 6.141037
19.154651, 0.070092, 6.372763
19.157800, 0.067543, 6.141037
19.163121, 0.067543, 6.141037
19.173166, 0.067543, 6.141037
19.180562, 0.070092, 6.372763
19.183253, 0.070092, 6.372763
19.185787, 0.067543, 6.141037
19.188260, 0.067543, 6.141037
19.190630, 0.067543, 6.141037
19.193617, 0.067543, 6.141037
19.196144, 0.070092, 6.372763
19.198983, 0.067543, 6.141037
19.201456, 0.067543, 6.141037
19.203835, 0.070092, 6.372763
19.206373, 0.067543, 6.141037
19.209245, 0.067543, 6.141037
19.212461, 0.067543, 6.141037
19.215449, 0.070092, 6.372763
19.218337, 0.067543, 6.141037
19.221320, 0.070092, 6.372763
19.224387, 0.067543, 6.141037
19.227388, 0.067543, 6.141037
19.230439, 0.067543, 6.141037
19.233400, 0.067543, 6.141037
19.236299, 0.067543, 6.141037
19.239242, 0.067543, 6.141037
19.242454, 0.067543, 6.141037
19.245437, 0.070092, 6.372763
19.248346, 0.067543, 6.141037
19.251300, 0.070092, 6.372763
19.254093, 0.070092, 6.372763
19.257015, 0.067543, 6.141037
19.259828, 0.067543, 6.141037
19.262756, 0.067543, 6.141037
19.265543, 0.067543, 6.141037
19.268294, 0.067543, 6.141037
19.271603, 0.067543, 6.141037
19.276384, 0.067543, 6.141037
19.278876, 0.067543, 6.141037
19.281303, 0.067543, 6.141037
19.283751, 0.067543, 6.141037
19.286337, 0.067543, 6.141037
19.289665, 0.070092, 6.372763
19.292593, 0.070092, 6.372763
19.295515, 0.070092, 6.372763
19.298673, 0.067543, 6.141037
19.302222, 0.070092, 6.372763
19.305461, 0.067543, 6.141037
19.308850, 0.067543, 6.141037
19.312164, 0.067543, 6.141037
19.315360, 0.067543, 6.141037
19.318457, 0.067543, 6.141037
19.321620, 0.067543, 6.141037
19.324804, 0.067543, 6.141037
19.327890, 0.067543, 6.141037
19.331022, 0.067543, 6.141037
19.334035, 0.067543, 6.141037
19.336982, 0.067543, 6.141037
19.339883, 0.067543, 6.141037
19.342928, 0.070092, 6.372763
19.345856, 0.067543, 6.141037
19.348686, 0.067543, 6.141037
19.351625, 0.067543, 6.141037
19.354464, 0.067543, 6.141037
19.357245, 0.067543, 6.141037
19.360051, 0.067543, 6.141037
19.362993, 0.067543, 6.141037
19.365807, 0.067543, 6.141037
19.368650, 0.067543, 6.141037
19.371595, 0.067543, 6.141037
19.374605, 0.067543, 6.141037
19.377544, 0.067543, 6.141037
19.380385, 0.067543, 6.141037
19.383401, 0.067543, 6.141037
19.386246, 0.067543, 6.141037
19.389097, 0.067543, 6.141037
19.392055, 0.067543, 6.141037
19.395015, 0.067543, 6.141037
19.397878, 0.067543, 6.141037
19.400777, 0.067543, 6.141037
19.403527, 0.067543, 6.141037
19.406312, 0.067543, 6.141037
19.409083, 0.067543, 6.141037
19.412721, 0.067543, 6.141037
19.415025, 0.067543, 6.141037
19.417313, 0.067543, 6.141037
19.419893, 0.067543, 6.141037
19.422519, 0.067543, 6.141037
19.426229, 0.067543, 6.141037
19.429026, 0.067543, 6.141037
19.431735, 0.067543, 6.141037
19.434575, 0.067543, 6.141037
19.437581, 0.067543, 6.141037
19.440970, 0.067543, 6.141037
19.444020, 0.067543, 6.141037
19.446748, 0.064994, 5.909310
19.449370, 0.067543, 6.141037
19.452024, 0.067543, 6.141037
19.454706, 0.067543, 6.141037
19.458650, 0.067543, 6.141037
19.462453, 0.067543, 6.141037
19.465454, 0.067543, 6.141037
19.468340, 0.067543, 6.141037
19.471238, 0.067543, 6.141037
19.474672, 0.067543, 6.141037
19.477686, 0.067543, 6.141037
19.480729, 0.067543, 6.141037
19.483740, 0.067543, 6.141037
19.486759, 0.067543, 6.141037
19.490147, 0.067543, 6.141037
19.493302, 0.067543, 6.141037
19.495699, 0.067543, 6.141037
19.498148, 0.067543, 6.141037
19.500934, 0.067543, 6.141037
19.503763, 0.067543, 6.141037
19.506668, 0.067543, 6.141037
19.509764, 0.067543, 6.141037
19.512929, 0.067543, 6.141037
19.515832, 0.067543, 6.141037
19.518798, 0.067543, 6.141037
19.521837, 0.067543, 6.141037
19.524832, 0.067543, 6.141037
19.527751, 0.064994, 5.909310
19.530790, 0.067543, 6.141037
19.533827, 0.067543, 6.141037
19.536880, 0.067543, 6.141037
19.539861, 0.067543, 6.141037
19.542967, 0.064994, 5.909310
19.545956, 0.064994, 5.909310
19.548960, 0.067543, 6.141037
19.552219, 0.067543, 6.141037
19.555200, 0.067543, 6.141037
19.558135, 0.067543, 6.141037
19.561145, 0.067543, 6.141037
19.563964, 0.067543, 6.141037
19.566783, 0.067543, 6.141037
19.569539, 0.067543, 6.141037
19.572398, 0.067543, 6.141037
19.575201, 0.067543, 6.141037
19.578033, 0.067543, 6.141037
19.580998, 0.067543, 6.141037
19.583869, 0.067543, 6.141037
19.587264, 0.067543, 6.141037
19.590121, 0.067543, 6.141037
19.593938, 0.067543, 6.141037
19.596327, 0.067543, 6.141037
19.598919, 0.067543, 6.141037
19.601626, 0.067543, 6.141037
19.604405, 0.067543, 6.141037
19.607224, 0.067543, 6.141037
19.609959, 0.067543, 6.141037
19.612867, 0.067543, 6.141037
19.615654, 0.067543, 6.141037
19.618694, 0.067543, 6.141037
19.621931, 0.067543, 6.141037
19.625028, 0.067543, 6.141037
19.627915, 0.067543, 6.141037
19.630862, 0.067543, 6.141037
19.633638, 0.067543, 6.141037
19.636471, 0.067543, 6.141037
19.639295, 0.067543, 6.141037
19.642588, 0.067543, 6.141037
19.645616, 0.064994, 5.909310
19.648567, 0.067543, 6.141037
19.651599, 0.067543, 6.141037
19.654551, 0.067543, 6.141037
19.657453, 0.067543, 6.141037
19.660543, 0.067543, 6.141037
19.663703, 0.064994, 5.909310
19.666974, 0.064994, 5.909310
19.670334, 0.067543, 6.141037
19.673608, 0.064994, 5.909310
19.677074, 0.064994, 5.909310
19.680511, 0.064994, 5.909310
19.683862, 0.067543, 6.141037
19.687172, 0.067543, 6.141037
19.690443, 0.064994, 5.909310
19.693613, 0.064994, 5.909310
19.696759, 0.067543, 6.141037
19.699856, 0.067543, 6.141037
19.703139, 0.064994, 5.909310
19.706505, 0.067543, 6.141037
19.709736, 0.067543, 6.141037
19.713045, 0.064994, 5.909310
19.716320, 0.067543, 6.141037
19.719520, 0.067543, 6.141037
19.722782, 0.064994, 5.909310
19.726031, 0.067543, 6.141037
19.729211, 0.067543, 6.141037
19.732360, 0.067543, 6.141037
19.735557, 0.064994, 5.909310
19.738722, 0.064994, 5.909310
19.742210, 0.067543, 6.141037
19.745552, 0.064994, 5.909310
19.749037, 0.064994, 5.909310
19.752604, 0.064994, 5.909310
19.756159, 0.064994, 5.909310
19.759628, 0.064994, 5.909310
19.763142, 0.064994, 5.909310
19.766421, 0.064994, 5.909310
19.769600, 0.064994, 5.909310
19.773299, 0.064994, 5.909310
19.776455, 0.064994, 5.909310
19.779482, 0.064994, 5.909310
19.782753, 0.064994, 5.909310
19.785776, 0.064994, 5.909310
19.788738, 0.064994, 5.909310
19.792105, 0.064994, 5.909310
19.795381, 0.067543, 6.141037
19.798208, 0.067543, 6.141037
19.801047, 0.064994, 5.909310
19.804003, 0.064994, 5.909310
19.806927, 0.064994, 5.909310
19.809937, 0.064994, 5.909310
19.812980, 0.064994, 5.909310
19.816267, 0.064994, 5.909310
19.819751, 0.064994, 5.909310
19.823399, 0.064994, 5.909310
19.826842, 0.067543, 6.141037
19.830110, 0.064994, 5.909310
19.833417, 0.064994, 5.909310
19.836594, 0.064994, 5.909310
19.839840, 0.064994, 5.909310
19.843174, 0.064994, 5.909310
19.846460, 0.064994, 5.909310
19.849732, 0.064994, 5.909310
19.852613, 0.064994, 5.909310
19.855085, 0.064994, 5.909310
19.857550, 0.064994, 5.909310
19.860104, 0.064994, 5.909310
19.862898, 0.064994, 5.909310
19.865881, 0.064994, 5.909310
19.868825, 0.067543, 6.141037
19.872420, 0.064994, 5.909310
19.876182, 0.064994, 5.909310
19.880761, 0.064994, 5.909310
19.885953, 0.064994, 5.909310
19.890546, 0.064994, 5.909310
19.894522, 0.064994, 5.909310
19.898325, 0.064994, 5.909310
19.902011, 0.064994, 5.909310
19.905555, 0.064994, 5.909310
19.909379, 0.064994, 5.909310
19.912519, 0.064994, 5.909310
19.915554, 0.064994, 5.909310
19.918502, 0.064994, 5.909310
19.921408, 0.064994, 5.909310
19.924408, 0.064994, 5.909310
19.927275, 0.064994, 5.909310
19.930143, 0.064994, 5.909310
19.933469, 0.064994, 5.909310
19.935841, 0.064994, 5.909310
19.938193, 0.064994, 5.909310
19.940764, 0.064994, 5.909310
19.943710, 0.064994, 5.909310
19.946784, 0.064994, 5.909310
19.949918, 0.064994, 5.909310
19.953601, 0.064994, 5.909310
19.956640, 0.064994, 5.909310
19.964977, 0.064994, 5.909310
19.971388, 0.064994, 5.909310
19.974464, 0.064994, 5.909310
19.978676, 0.064994, 5.909310
19.982724, 0.064994, 5.909310
19.986457, 0.064994, 5.909310
19.990440, 0.064994, 5.909310
19.993389, 0.064994, 5.909310
19.995799, 0.064994, 5.909310
19.998968, 0.064994, 5.909310
20.001425, 0.064994, 5.909310
20.003961, 0.064994, 5.909310
20.006626, 0.064994, 5.909310
20.009386, 0.064994, 5.909310
20.012240, 0.064994, 5.909310
20.015053, 0.064994, 5.909310
20.017952, 0.064994, 5.909310
20.021843, 0.064994, 5.909310
20.026160, 0.064994, 5.909310
20.029457, 0.064994, 5.909310
20.032785, 0.064994, 5.909310
20.036090, 0.064994, 5.909310
20.039284, 0.064994, 5.909310
20.043022, 0.064994, 5.909310
20.046307, 0.064994, 5.909310
20.049505, 0.064994, 5.909310
20.052723, 0.064994, 5.909310
20.055451, 0.064994, 5.909310
20.059863, 0.064994, 5.909310
20.064243, 0.064994, 5.909310
20.068240, 0.064994, 5.909310
20.071911, 0.064994, 5.909310
20.075318, 0.064994, 5.909310
20.078748, 0.064994, 5.909310
20.082017, 0.064994, 5.909310
20.085101, 0.064994, 5.909310
20.088200, 0.064994, 5.909310
20.091221, 0.064994, 5.909310
20.094211, 0.064994, 5.909310
20.097159, 0.064994, 5.909310
20.100072, 0.064994, 5.909310
20.102995, 0.064994, 5.909310
20.105873, 0.064994, 5.909310
20.108984, 0.064994, 5.909310
20.111911, 0.064994, 5.909310
20.114965, 0.064994, 5.909310
20.117908, 0.064994, 5.909310
20.120791, 0.064994, 5.909310
20.123667, 0.064994, 5.909310
20.126642, 0.064994, 5.909310
20.129671, 0.064994, 5.909310
20.132689, 0.064994, 5.909310
20.135659, 0.064994, 5.909310
20.138786, 0.064994, 5.909310
20.141831, 0.062446, 5.677584
20.144746, 0.064994, 5.909310
20.147787, 0.064994, 5.909310
20.150755, 0.064994, 5.909310
20.154460, 0.064994, 5.909310
20.157472, 0.062446, 5.677584
20.160997, 0.064994, 5.909310
20.164251, 0.064994, 5.909310
20.167451, 0.064994, 5.909310
20.171089, 0.064994, 5.909310
20.174199, 0.064994, 5.909310
20.177483, 0.064994, 5.909310
20.180473, 0.064994, 5.909310
20.183359, 0.062446, 5.677584
20.186245, 0.064994, 5.909310
20.189233, 0.064994, 5.909310
20.192181, 0.064994, 5.909310
20.195074, 0.062446, 5.677584
20.198068, 0.062446, 5.677584
20.201056, 0.064994, 5.909310
20.203864, 0.064994, 5.909310
20.206824, 0.064994, 5.909310
20.209653, 0.062446, 5.677584
20.212428, 0.064994, 5.909310
20.215177, 0.062446, 5.677584
20.218049, 0.064994, 5.909310
20.221036, 0.064994, 5.909310
20.223820, 0.062446, 5.677584
20.226628, 0.062446, 5.677584
20.230562, 0.064994, 5.909310
20.233418, 0.062446, 5.677584
20.236222, 0.064994, 5.909310
20.239438, 0.064994, 5.909310
20.242285, 0.062446, 5.677584
20.244466, 0.064994, 5.909310
20.247117, 0.064994, 5.909310
20.250460, 0.062446, 5.677584
20.254911, 0.064994, 5.909310
20.271559, 0.064994, 5.909310
20.278450, 0.064994, 5.909310
20.282067, 0.062446, 5.677584
20.284747, 0.064994, 5.909310
20.287044, 0.064994, 5.909310
20.289485, 0.064994, 5.909310
20.291990, 0.064994, 5.909310
20.294697, 0.062446, 5.677584
20.297526, 0.064994, 5.909310
20.300453, 0.062446, 5.677584
20.303335, 0.064994, 5.909310
20.306946, 0.062446, 5.677584
20.311120, 0.064994, 5.909310
20.314237, 0.064994, 5.909310
20.317344, 0.064994, 5.909310
20.320865, 0.064994, 5.909310
20.325555, 0.062446, 5.677584
20.331047, 0.062446, 5.677584
20.335697, 0.062446, 5.677584
20.340279, 0.062446, 5.677584
20.344356, 0.062446, 5.677584
20.347939, 0.064994, 5.909310
20.351470, 0.064994, 5.909310
20.354699, 0.062446, 5.677584
20.357740, 0.062446, 5.677584
20.360802, 0.064994, 5.909310
20.363730, 0.062446, 5.677584
20.366641, 0.062446, 5.677584
20.369540, 0.064994, 5.909310
20.372352, 0.062446, 5.677584
20.375140, 0.062446, 5.677584
20.377945, 0.064994, 5.909310
20.380835, 0.062446, 5.677584
20.383612, 0.064994, 5.909310
20.386419, 0.062446, 5.677584
20.389327, 0.062446, 5.677584
20.392300, 0.064994, 5.909310
20.395142, 0.062446, 5.677584
20.397920, 0.062446, 5.677584
20.400833, 0.062446, 5.677584
20.403574, 0.062446, 5.677584
20.406261, 0.062446, 5.677584
20.409278, 0.062446, 5.677584
20.412161, 0.062446, 5.677584
20.415025, 0.062446, 5.677584
20.417954, 0.062446, 5.677584
20.420974, 0.062446, 5.677584
20.423977, 0.062446, 5.677584
20.427034, 0.062446, 5.677584
20.430112, 0.062446, 5.677584
20.433215, 0.064994, 5.909310
20.436293, 0.062446, 5.677584
20.439420, 0.062446, 5.677584
20.442471, 0.062446, 5.677584
20.445390, 0.062446, 5.677584
20.448248, 0.062446, 5.677584
20.451138, 0.062446, 5.677584
20.453996, 0.062446, 5.677584
20.456730, 0.062446, 5.677584
20.459629, 0.062446, 5.677584
20.462494, 0.062446, 5.677584
20.465263, 0.064994, 5.909310
20.467981, 0.062446, 5.677584
20.470827, 0.062446, 5.677584
20.473489, 0.062446, 5.677584
20.476252, 0.062446, 5.677584
20.479013, 0.062446, 5.677584
20.483403, 0.062446, 5.677584
20.485723, 0.062446, 5.677584
20.487990, 0.062446, 5.677584
20.491638, 0.062446, 5.677584
20.495243, 0.062446, 5.677584
20.498061, 0.062446, 5.677584
20.500680, 0.062446, 5.677584
20.503432, 0.062446, 5.677584
20.506207, 0.062446, 5.677584
20.509087, 0.064994, 5.909310
20.511748, 0.062446, 5.677584
20.514619, 0.062446, 5.677584
20.517569, 0.062446, 5.677584
20.520629, 0.062446, 5.677584
20.524211, 0.064994, 5.909310
20.527151, 0.062446, 5.677584
20.530095, 0.062446, 5.677584
20.533443, 0.062446, 5.677584
20.536660, 0.062446, 5.677584
20.539934, 0.062446, 5.677584
20.543577, 0.062446, 5.677584
20.546163, 0.062446, 5.677584
20.548801, 0.062446, 5.677584
20.551628, 0.062446, 5.677584
20.555347, 0.062446, 5.677584
20.558411, 0.062446, 5.677584
20.561443, 0.062446, 5.677584
20.564560, 0.062446, 5.677584
20.567615, 0.062446, 5.677584
20.570530, 0.064994, 5.909310
20.573968, 0.062446, 5.677584
20.577955, 0.062446, 5.677584
20.580040, 0.062446, 5.677584
20.582474, 0.062446, 5.677584
20.585542, 0.062446, 5.677584
20.588477, 0.062446, 5.677584
20.591791, 0.062446, 5.677584
20.595019, 0.062446, 5.677584
20.598207, 0.062446, 5.677584
20.601386, 0.062446, 5.677584
20.604615, 0.062446, 5.677584
20.607886, 0.062446, 5.677584
20.611205, 0.062446, 5.677584
20.614513, 0.062446, 5.677584
20.617717, 0.062446, 5.677584
20.620933, 0.062446, 5.677584
20.624091, 0.062446, 5.677584
20.626545, 0.062446, 5.677584
20.629880, 0.062446, 5.677584
20.633211, 0.062446, 5.677584
20.636384, 0.062446, 5.677584
20.639886, 0.062446, 5.677584
20.643240, 0.062446, 5.677584
20.646389, 0.062446, 5.677584
20.649709, 0.062446, 5.677584
20.653001, 0.062446, 5.677584
20.656587, 0.062446, 5.677584
20.660302, 0.062446, 5.677584
20.663899, 0.062446, 5.677584
20.667457, 0.062446, 5.677584
20.670980, 0.059897, 5.445857
20.675280, 0.062446, 5.677584
20.678904, 0.062446, 5.677584
20.682348, 0.062446, 5.677584
20.685617, 0.062446, 5.677584
20.688842, 0.062446, 5.677584
20.692054, 0.062446, 5.677584
20.695367, 0.062446, 5.677584
20.698582, 0.059897, 5.445857
20.701812, 0.062446, 5.677584
20.705080, 0.062446, 5.677584
20.708217, 0.062446, 5.677584
20.711441, 0.062446, 5.677584
20.714617, 0.062446, 5.677584
20.717691, 0.062446, 5.677584
20.720772, 0.062446, 5.677584
20.723968, 0.062446, 5.677584
20.727062, 0.062446, 5.677584
20.730177, 0.062446, 5.677584
20.733310, 0.062446, 5.677584
20.736379, 0.059897, 5.445857
20.739583, 0.062446, 5.677584
20.742187, 0.062446, 5.677584
20.745049, 0.062446, 5.677584
20.747926, 0.062446, 5.677584
20.750720, 0.062446, 5.677584
20.754360, 0.062446, 5.677584
20.758960, 0.062446, 5.677584
20.762209, 0.062446, 5.677584
20.765267, 0.062446, 5.677584
20.767431, 0.062446, 5.677584
20.770105, 0.062446, 5.677584
20.772725, 0.062446, 5.677584
20.775480, 0.062446, 5.677584
20.778217, 0.062446, 5.677584
20.781081, 0.062446, 5.677584
20.784158, 0.062446, 5.677584
20.787641, 0.062446, 5.677584
20.790682, 0.062446, 5.677584
20.794037, 0.059897, 5.445857
20.797181, 0.059897, 5.445857
20.800396, 0.062446, 5.677584
20.803649, 0.059897, 5.445857
20.806818, 0.062446, 5.677584
20.809978, 0.062446, 5.677584
20.813030, 0.062446, 5.677584
20.816132, 0.062446, 5.677584
20.819147, 0.059897, 5.445857
20.822162, 0.062446, 5.677584
20.825326, 0.062446, 5.677584
20.828543, 0.062446, 5.677584
20.831838, 0.059897, 5.445857
20.834797, 0.062446, 5.677584
20.837391, 0.059897, 5.445857
20.840671, 0.059897, 5.445857
20.844587, 0.062446, 5.677584
20.847700, 0.062446, 5.677584
20.850781, 0.059897, 5.445857
20.853825, 0.062446, 5.677584
20.856971, 0.062446, 5.677584
20.860106, 0.059897, 5.445857
20.863137, 0.059897, 5.445857
20.866360, 0.059897, 5.445857
20.869499, 0.059897, 5.445857
20.873138, 0.062446, 5.677584
20.876344, 0.059897, 5.445857
20.879376, 0.062446, 5.677584
20.882315, 0.059897, 5.445857
20.885801, 0.062446, 5.677584
20.888898, 0.059897, 5.445857
20.891912, 0.062446, 5.677584
20.895088, 0.062446, 5.677584
20.898186, 0.059897, 5.445857
20.901183, 0.062446, 5.677584
20.905089, 0.062446, 5.677584
20.908704, 0.059897, 5.445857
20.911855, 0.062446, 5.677584
20.915010, 0.059897, 5.445857
20.918103, 0.062446, 5.677584
20.921126, 0.059897, 5.445857
20.924648, 0.062446, 5.677584
20.927418, 0.062446, 5.677584
20.929704, 0.062446, 5.677584
20.932045, 0.059897, 5.445857
20.934715, 0.059897, 5.445857
20.937554, 0.059897, 5.445857
20.940519, 0.059897, 5.445857
20.943643, 0.059897, 5.445857
20.946731, 0.059897, 5.445857
20.949949, 0.062446, 5.677584
20.953095, 0.059897, 5.445857
20.956131, 0.059897, 5.445857
20.959269, 0.059897, 5.445857
20.962243, 0.059897, 5.445857
20.965381, 0.059897, 5.445857
20.967783, 0.062446, 5.677584
20.970182, 0.059897, 5.445857
20.972936, 0.059897, 5.445857
20.975886, 0.062446, 5.677584
20.978998, 0.059897, 5.445857
20.982151, 0.059897, 5.445857
20.986504, 0.059897, 5.445857
20.990436, 0.062446, 5.677584
20.994355, 0.059897, 5.445857
20.998056, 0.059897, 5.445857
21.001550, 0.062446, 5.677584
21.005542, 0.059897, 5.445857
21.008217, 0.059897, 5.445857
21.010846, 0.062446, 5.677584
21.014430, 0.059897, 5.445857
21.020855, 0.059897, 5.445857
21.026276, 0.059897, 5.445857
21.030897, 0.059897, 5.445857
21.035113, 0.059897, 5.445857
21.038994, 0.059897, 5.445857
21.042846, 0.059897, 5.445857
21.046497, 0.062446, 5.677584
21.050032, 0.059897, 5.445857
21.053469, 0.059897, 5.445857
21.056923, 0.059897, 5.445857
21.060249, 0.059897, 5.445857
21.063504, 0.062446, 5.677584
21.066629, 0.059897, 5.445857
21.069214, 0.059897, 5.445857
21.072321, 0.059897, 5.445857
21.076472, 0.059897, 5.445857
21.081788, 0.062446, 5.677584
21.086604, 0.059897, 5.445857
21.091393, 0.062446, 5.677584
21.096635, 0.062446, 5.677584
21.100706, 0.059897, 5.445857
21.103680, 0.059897, 5.445857
21.106332, 0.059897, 5.445857
21.108843, 0.059897, 5.445857
21.111466, 0.059897, 5.445857
21.114317, 0.059897, 5.445857
21.117535, 0.059897, 5.445857
21.120464, 0.059897, 5.445857
21.122932, 0.062446, 5.677584
21.125570, 0.059897, 5.445857
21.128436, 0.059897, 5.445857
21.131514, 0.059897, 5.445857
21.134436, 0.059897, 5.445857
21.138032, 0.062446, 5.677584
21.140804, 0.059897, 5.445857
21.143165, 0.062446, 5.677584
21.145734, 0.059897, 5.445857
21.148582, 0.059897, 5.445857
21.151391, 0.059897, 5.445857
21.154226, 0.059897, 5.445857
21.157669, 0.059897, 5.445857
21.160335, 0.059897, 5.445857
21.162630, 0.059897, 5.445857
21.165092, 0.059897, 5.445857
21.167881, 0.059897, 5.445857
21.170626, 0.059897, 5.445857
21.174205, 0.059897, 5.445857
21.177297, 0.062446, 5.677584
21.179422, 0.059897, 5.445857
21.181707, 0.059897, 5.445857
21.184370, 0.059897, 5.445857
21.187265, 0.059897, 5.445857
21.190578, 0.062446, 5.677584
21.193302, 0.062446, 5.677584
21.196186, 0.062446, 5.677584
21.198635, 0.059897, 5.445857
21.201202, 0.059897, 5.445857
21.203850, 0.059897, 5.445857
21.206680, 0.059897, 5.445857
21.209445, 0.059897, 5.445857
21.212189, 0.059897, 5.445857
21.214931, 0.059897, 5.445857
21.218082, 0.059897, 5.445857
21.220902, 0.059897, 5.445857
21.223655, 0.059897, 5.445857
21.226779, 0.059897, 5.445857
21.231001, 0.059897, 5.445857
21.233396, 0.059897, 5.445857
21.235734, 0.059897, 5.445857
21.238463, 0.062446, 5.677584
21.241860, 0.062446, 5.677584
21.244724, 0.059897, 5.445857
21.247503, 0.059897, 5.445857
21.250423, 0.062446, 5.677584
21.253368, 0.059897, 5.445857
21.256345, 0.059897, 5.445857
21.259420, 0.059897, 5.445857
21.262310, 0.059897, 5.445857
21.265108, 0.059897, 5.445857
21.267933, 0.059897, 5.445857
21.270719, 0.059897, 5.445857
21.273549, 0.059897, 5.445857
21.276547, 0.059897, 5.445857
21.279506, 0.059897, 5.445857
21.282359, 0.059897, 5.445857
21.285206, 0.059897, 5.445857
21.288053, 0.062446, 5.677584
21.291149, 0.059897, 5.445857
21.294026, 0.059897, 5.445857
21.296807, 0.059897, 5.445857
21.299836, 0.059897, 5.445857
21.302580, 0.059897, 5.445857
21.305279, 0.059897, 5.445857
21.308276, 0.059897, 5.445857
21.311291, 0.059897, 5.445857
21.314064, 0.059897, 5.445857
21.316925, 0.059897, 5.445857
21.319687, 0.059897, 5.445857
21.322419, 0.059897, 5.445857
21.325313, 0.059897, 5.445857
21.328462, 0.059897, 5.445857
21.331523, 0.059897, 5.445857
21.334380, 0.062446, 5.677584
21.337273, 0.059897, 5.445857
21.340295, 0.059897, 5.445857
21.343323, 0.059897, 5.445857
21.346273, 0.059897, 5.445857
21.350010, 0.059897, 5.445857
21.352428, 0.059897, 5.445857
21.354833, 0.059897, 5.445857
21.357478, 0.059897, 5.445857
21.360325, 0.059897, 5.445857
21.363117, 0.059897, 5.445857
21.365958, 0.059897, 5.445857
21.368927, 0.059897, 5.445857
21.371811, 0.059897, 5.445857
21.374681, 0.059897, 5.445857
21.377571, 0.059897, 5.445857
21.380585, 0.059897, 5.445857
21.383452, 0.059897, 5.445857
21.386275, 0.062446, 5.677584
21.389211, 0.059897, 5.445857
21.392161, 0.059897, 5.445857
21.395010, 0.059897, 5.445857
21.397863, 0.059897, 5.445857
21.400836, 0.059897, 5.445857
21.403690, 0.059897, 5.445857
21.406396, 0.059897, 5.445857
21.409429, 0.059897, 5.445857
21.412275, 0.059897, 5.445857
21.415027, 0.059897, 5.445857
21.417682, 0.062446, 5.677584
21.420413, 0.059897, 5.445857
21.423093, 0.059897, 5.445857
21.425806, 0.059897, 5.445857
21.428489, 0.059897, 5.445857
21.431254, 0.059897, 5.445857
21.433933, 0.059897, 5.445857
21.436667, 0.059897, 5.445857
21.439447, 0.059897, 5.445857
21.442222, 0.059897, 5.445857
21.444956, 0.059897, 5.445857
21.447612, 0.059897, 5.445857
21.450364, 0.059897, 5.445857
21.453047, 0.059897, 5.445857
21.455752, 0.059897, 5.445857
21.458590, 0.059897, 5.445857
21.461482, 0.059897, 5.445857
21.464208, 0.059897, 5.445857
21.466878, 0.059897, 5.445857
21.469565, 0.059897, 5.445857
21.472196, 0.059897, 5.445857
21.474849, 0.059897, 5.445857
21.477529, 0.059897, 5.445857
21.480939, 0.062446, 5.677584
21.483677, 0.059897, 5.445857
21.486515, 0.059897, 5.445857
21.489520, 0.059897, 5.445857
21.492474, 0.059897, 5.445857
21.495309, 0.059897, 5.445857
21.498125, 0.059897, 5.445857
21.501848, 0.059897, 5.445857
21.505154, 0.059897, 5.445857
21.508535, 0.059897, 5.445857
21.511888, 0.059897, 5.445857
21.515012, 0.059897, 5.445857
21.518193, 0.059897, 5.445857
21.521522, 0.059897, 5.445857
21.524723, 0.059897, 5.445857
21.527841, 0.062446, 5.677584
21.531081, 0.059897, 5.445857
21.534266, 0.062446, 5.677584
21.537471, 0.059897, 5.445857
21.541556, 0.062446, 5.677584
21.547270, 0.059897, 5.445857
21.551235, 0.059897, 5.445857
21.554695, 0.059897, 5.445857
21.557795, 0.059897, 5.445857
21.561230, 0.059897, 5.445857
21.563661, 0.062446, 5.677584
21.566050, 0.059897, 5.445857
21.568700, 0.059897, 5.445857
21.571671, 0.059897, 5.445857
21.575952, 0.059897, 5.445857
21.581791, 0.062446, 5.677584
21.586339, 0.059897, 5.445857
21.590597, 0.062446, 5.677584
21.594632, 0.059897, 5.445857
21.597945, 0.059897, 5.445857
21.601184, 0.059897, 5.445857
21.604439, 0.059897, 5.445857
21.607668, 0.059897, 5.445857
21.611023, 0.059897, 5.445857
21.614189, 0.059897, 5.445857
21.617399, 0.062446, 5.677584
21.620670, 0.059897, 5.445857
21.623906, 0.059897, 5.445857
21.627075, 0.059897, 5.445857
21.630218, 0.059897, 5.445857
21.633281, 0.059897, 5.445857
21.636328, 0.059897, 5.445857
21.639431, 0.059897, 5.445857
21.642800, 0.059897, 5.445857
21.645827, 0.059897, 5.445857
21.648830, 0.059897, 5.445857
21.651444, 0.059897, 5.445857
21.655947, 0.059897, 5.445857
21.660118, 0.059897, 5.445857
21.663936, 0.059897, 5.445857
21.667458, 0.059897, 5.445857
21.671056, 0.059897, 5.445857
21.674450, 0.059897, 5.445857
21.677743, 0.059897, 5.445857
21.681137, 0.059897, 5.445857
21.684426, 0.059897, 5.445857
21.687601, 0.059897, 5.445857
21.690751, 0.059897, 5.445857
21.693879, 0.059897, 5.445857
21.697227, 0.059897, 5.445857
21.700837, 0.059897, 5.445857
21.704098, 0.059897, 5.445857
21.707156, 0.059897, 5.445857
21.710245, 0.059897, 5.445857
21.713371, 0.059897, 5.445857
21.716415, 0.059897, 5.445857
21.719643, 0.059897, 5.445857
21.722959, 0.059897, 5.445857
21.726520, 0.059897, 5.445857
21.729956, 0.059897, 5.445857
21.733191, 0.059897, 5.445857
21.736230, 0.059897, 5.445857
21.739209, 0.059897, 5.445857
21.742495, 0.059897, 5.445857
21.745482, 0.062446, 5.677584
21.748557, 0.059897, 5.445857
21.751839, 0.059897, 5.445857
21.755021, 0.059897, 5.445857
21.758441, 0.059897, 5.445857
21.761861, 0.059897, 5.445857
21.765033, 0.062446, 5.677584
21.768204, 0.062446, 5.677584
21.771714, 0.059897, 5.445857
21.776796, 0.062446, 5.677584
21.785064, 0.059897, 5.445857
21.792809, 0.059897, 5.445857
21.799567, 0.059897, 5.445857
21.802911, 0.059897, 5.445857
21.807033, 0.059897, 5.445857
21.814893, 0.059897, 5.445857
21.819443, 0.059897, 5.445857
21.823762, 0.059897, 5.445857
21.827617, 0.059897, 5.445857
21.831470, 0.059897, 5.445857
21.834925, 0.059897, 5.445857
21.841569, 0.059897, 5.445857
21.846030, 0.062446, 5.677584
21.850174, 0.059897, 5.445857
21.853586, 0.059897, 5.445857
21.856810, 0.062446, 5.677584
21.860430, 0.062446, 5.677584
21.864180, 0.059897, 5.445857
21.867788, 0.059897, 5.445857
21.871173, 0.059897, 5.445857
21.874218, 0.059897, 5.445857
21.879055, 0.062446, 5.677584
21.883237, 0.062446, 5.677584
21.886968, 0.062446, 5.677584
21.890632, 0.059897, 5.445857
21.894249, 0.062446, 5.677584
21.897772, 0.062446, 5.677584
21.901327, 0.059897, 5.445857
21.905093, 0.059897, 5.445857
21.908663, 0.059897, 5.445857
21.912283, 0.059897, 5.445857
21.915920, 0.062446, 5.677584
21.919726, 0.059897, 5.445857
21.923632, 0.062446, 5.677584
21.928201, 0.062446, 5.677584
21.930785, 0.059897, 5.445857
21.934815, 0.059897, 5.445857
21.938426, 0.059897, 5.445857
21.941817, 0.059897, 5.445857
21.945178, 0.059897, 5.445857
21.948453, 0.059897, 5.445857
21.951707, 0.062446, 5.677584
21.955128, 0.059897, 5.445857
21.958470, 0.059897, 5.445857
21.961730, 0.062446, 5.677584
21.965172, 0.059897, 5.445857
21.968496, 0.059897, 5.445857
21.971808, 0.062446, 5.677584
21.976521, 0.062446, 5.677584
21.981015, 0.059897, 5.445857
21.985133, 0.059897, 5.445857
21.988906, 0.062446, 5.677584
21.992694, 0.059897, 5.445857
21.996509, 0.059897, 5.445857
21.999999, 0.059897, 5.445857
22.003412, 0.059897, 5.445857
22.006580, 0.062446, 5.677584
22.009768, 0.059897, 5.445857
22.013053, 0.059897, 5.445857
22.016182, 0.059897, 5.445857
22.019350, 0.059897, 5.445857
22.023785, 0.059897, 5.445857
22.026908, 0.059897, 5.445857
22.030119, 0.062446, 5.677584
22.033369, 0.059897, 5.445857
22.036603, 0.059897, 5.445857
22.039593, 0.059897, 5.445857
22.042478, 0.059897, 5.445857
22.045437, 0.062446, 5.677584
22.048401, 0.062446, 5.677584
22.051439, 0.062446, 5.677584
22.054576, 0.059897, 5.445857
22.057619, 0.062446, 5.677584
22.060709, 0.059897, 5.445857
22.063715, 0.059897, 5.445857
22.066769, 0.062446, 5.677584
22.069751, 0.062446, 5.677584
22.072892, 0.062446, 5.677584
22.076367, 0.059897, 5.445857
22.079360, 0.062446, 5.677584
22.082199, 0.062446, 5.677584
22.085039, 0.059897, 5.445857
22.087880, 0.062446, 5.677584
22.091265, 0.062446, 5.677584
22.094086, 0.059897, 5.445857
22.096425, 0.062446, 5.677584
22.098928, 0.062446, 5.677584
22.101668, 0.062446, 5.677584
22.104465, 0.059897, 5.445857
22.108667, 0.062446, 5.677584
22.113439, 0.059897, 5.445857
22.117792, 0.059897, 5.445857
22.121801, 0.059897, 5.445857
22.125843, 0.062446, 5.677584
22.128456, 0.059897, 5.445857
22.130779, 0.062446, 5.677584
22.133319, 0.059897, 5.445857
22.135926, 0.059897, 5.445857
22.138637, 0.059897, 5.445857
22.141405, 0.062446, 5.677584
22.144348, 0.062446, 5.677584
22.147293, 0.059897, 5.445857
22.150333, 0.059897, 5.445857
22.153339, 0.059897, 5.445857
22.156293, 0.062446, 5.677584
22.159217, 0.059897, 5.445857
22.161606, 0.059897, 5.445857
22.164116, 0.062446, 5.677584
22.166697, 0.062446, 5.677584
22.169413, 0.059897, 5.445857
22.172238, 0.059897, 5.445857
22.176497, 0.062446, 5.677584
22.180346, 0.062446, 5.677584
22.189351, 0.062446, 5.677584
22.194818, 0.059897, 5.445857
22.199400, 0.062446, 5.677584
22.202055, 0.059897, 5.445857
22.204327, 0.059897, 5.445857
22.206599, 0.062446, 5.677584
22.209170, 0.059897, 5.445857
22.211864, 0.059897, 5.445857
22.215021, 0.059897, 5.445857
22.217424, 0.062446, 5.677584
22.219741, 0.062446, 5.677584
22.222219, 0.059897, 5.445857
22.224932, 0.062446, 5.677584
22.227684, 0.059897, 5.445857
22.230475, 0.062446, 5.677584
22.233381, 0.059897, 5.445857
22.236178, 0.062446, 5.677584
22.238980, 0.062446, 5.677584
22.241922, 0.062446, 5.677584
22.244765, 0.062446, 5.677584
22.247600, 0.059897, 5.445857
22.250285, 0.059897, 5.445857
22.252954, 0.062446, 5.677584
22.255638, 0.059897, 5.445857
22.258611, 0.059897, 5.445857
22.261350, 0.062446, 5.677584
22.264102, 0.059897, 5.445857
22.266755, 0.062446, 5.677584
22.269461, 0.062446, 5.677584
22.272178, 0.059897, 5.445857
22.275144, 0.059897, 5.445857
22.277966, 0.062446, 5.677584
22.280696, 0.062446, 5.677584
22.283500, 0.062446, 5.677584
22.286312, 0.062446, 5.677584
22.289084, 0.059897, 5.445857
22.291942, 0.059897, 5.445857
22.294807, 0.062446, 5.677584
22.297526, 0.062446, 5.677584
22.300324, 0.062446, 5.677584
22.302993, 0.062446, 5.677584
22.305883, 0.062446, 5.677584
22.308916, 0.062446, 5.677584
22.311812, 0.062446, 5.677584
22.314763, 0.062446, 5.677584
22.317746, 0.062446, 5.677584
22.320622, 0.062446, 5.677584
22.323436, 0.062446, 5.677584
22.326695, 0.059897, 5.445857
22.329606, 0.062446, 5.677584
22.332511, 0.062446, 5.677584
22.335418, 0.059897, 5.445857
22.338213, 0.062446, 5.677584
22.341051, 0.062446, 5.677584
22.343944, 0.062446, 5.677584
22.346752, 0.059897, 5.445857
22.349898, 0.062446, 5.677584
22.352656, 0.059897, 5.445857
22.355676, 0.062446, 5.677584
22.358569, 0.062446, 5.677584
22.361385, 0.059897, 5.445857
22.364220, 0.062446, 5.677584
22.367126, 0.062446, 5.677584
22.370009, 0.059897, 5.445857
22.373134, 0.062446, 5.677584
22.376264, 0.062446, 5.677584
22.379071, 0.059897, 5.445857
22.381909, 0.062446, 5.677584
22.384768, 0.062446, 5.677584
22.387546, 0.062446, 5.677584
22.390355, 0.062446, 5.677584
22.393200, 0.062446, 5.677584
22.396239, 0.062446, 5.677584
22.399198, 0.059897, 5.445857
22.402144, 0.059897, 5.445857
22.405106, 0.062446, 5.677584
22.407987, 0.062446, 5.677584
22.410829, 0.062446, 5.677584
22.413709, 0.062446, 5.677584
22.416451, 0.062446, 5.677584
22.419175, 0.062446, 5.677584
22.421951, 0.062446, 5.677584
22.424720, 0.062446, 5.677584
22.427528, 0.062446, 5.677584
22.430348, 0.062446, 5.677584
22.433146, 0.062446, 5.677584
22.436020, 0.059897, 5.445857
22.439726, 0.062446, 5.677584
22.445245, 0.062446, 5.677584
22.450076, 0.062446, 5.677584
22.454048, 0.062446, 5.677584
22.457943, 0.062446, 5.677584
22.461350, 0.062446, 5.677584
22.464763, 0.059897, 5.445857
22.468101, 0.062446, 5.677584
22.471330, 0.062446, 5.677584
22.475197, 0.062446, 5.677584
22.478757, 0.062446, 5.677584
22.482109, 0.062446, 5.677584
22.484935, 0.062446, 5.677584
22.487775, 0.062446, 5.677584
22.490744, 0.059897, 5.445857
22.493734, 0.062446, 5.677584
22.496666, 0.062446, 5.677584
22.499800, 0.062446, 5.677584
22.503062, 0.062446, 5.677584
22.506923, 0.062446, 5.677584
22.511042, 0.062446, 5.677584
22.515081, 0.062446, 5.677584
22.518588, 0.062446, 5.677584
22.521941, 0.062446, 5.677584
22.525596, 0.062446, 5.677584
22.528983, 0.062446, 5.677584
22.532587, 0.062446, 5.677584
22.536468, 0.062446, 5.677584
22.540148, 0.062446, 5.677584
22.543838, 0.062446, 5.677584
22.547448, 0.062446, 5.677584
22.551190, 0.062446, 5.677584
22.554977, 0.062446, 5.677584
22.558492, 0.062446, 5.677584
22.561860, 0.059897, 5.445857
22.565537, 0.062446, 5.677584
22.569022, 0.062446, 5.677584
22.572592, 0.059897, 5.445857
22.576123, 0.062446, 5.677584
22.579577, 0.062446, 5.677584
22.583123, 0.062446, 5.677584
22.586923, 0.062446, 5.677584
22.590505, 0.062446, 5.677584
22.594108, 0.062446, 5.677584
22.597617, 0.062446, 5.677584
22.601093, 0.064994, 5.909310
22.604626, 0.062446, 5.677584
22.608643, 0.062446, 5.677584
22.612584, 0.062446, 5.677584
22.616235, 0.062446, 5.677584
22.619994, 0.062446, 5.677584
22.624282, 0.062446, 5.677584
22.628341, 0.062446, 5.677584
22.632059, 0.062446, 5.677584
22.635385, 0.062446, 5.677584
22.637577, 0.062446, 5.677584
22.640860, 0.062446, 5.677584
22.643741, 0.062446, 5.677584
22.646507, 0.062446, 5.677584
22.649378, 0.062446, 5.677584
22.652544, 0.062446, 5.677584
22.655624, 0.059897, 5.445857
22.658923, 0.062446, 5.677584
22.662533, 0.062446, 5.677584
22.666171, 0.062446, 5.677584
22.669936, 0.062446, 5.677584
22.672954, 0.062446, 5.677584
22.676801, 0.062446, 5.677584
22.680502, 0.062446, 5.677584
22.683864, 0.062446, 5.677584
22.687088, 0.062446, 5.677584
22.690542, 0.062446, 5.677584
22.693877, 0.062446, 5.677584
22.697097, 0.062446, 5.677584
22.700730, 0.062446, 5.677584
22.703857, 0.062446, 5.677584
22.706750, 0.062446, 5.677584
22.709645, 0.062446, 5.677584
22.712755, 0.062446, 5.677584
22.715900, 0.062446, 5.677584
22.718901, 0.062446, 5.677584
22.722008, 0.062446, 5.677584
22.724605, 0.062446, 5.677584
22.728507, 0.062446, 5.677584
22.732738, 0.062446, 5.677584
22.736507, 0.062446, 5.677584
22.739942, 0.062446, 5.677584
22.743440, 0.062446, 5.677584
22.746648, 0.062446, 5.677584
22.749757, 0.062446, 5.677584
22.752931, 0.062446, 5.677584
22.755847, 0.062446, 5.677584
22.758793, 0.062446, 5.677584
22.761852, 0.062446, 5.677584
22.764731, 0.062446, 5.677584
22.767533, 0.062446, 5.677584
22.770494, 0.062446, 5.677584
22.773480, 0.064994, 5.909310
22.776514, 0.062446, 5.677584
22.779567, 0.062446, 5.677584
22.782641, 0.062446, 5.677584
22.785718, 0.062446, 5.677584
22.788722, 0.062446, 5.677584
22.791892, 0.062446, 5.677584
22.794937, 0.062446, 5.677584
22.797852, 0.062446, 5.677584
22.800873, 0.062446, 5.677584
22.803777, 0.062446, 5.677584
22.806687, 0.062446, 5.677584
22.809650, 0.062446, 5.677584
22.812737, 0.062446, 5.677584
22.816301, 0.062446, 5.677584
22.819267, 0.062446, 5.677584
22.822700, 0.062446, 5.677584
22.825436, 0.062446, 5.677584
22.828185, 0.062446, 5.677584
22.831283, 0.062446, 5.677584
22.834190, 0.062446, 5.677584
22.837140, 0.062446, 5.677584
22.840471, 0.062446, 5.677584
22.843783, 0.064994, 5.909310
22.847039, 0.064994, 5.909310
22.850786, 0.062446, 5.677584
22.855947, 0.062446, 5.677584
22.860349, 0.062446, 5.677584
22.863789, 0.062446, 5.677584
22.867185, 0.062446, 5.677584
22.870653, 0.062446, 5.677584
22.874179, 0.062446, 5.677584
22.879002, 0.062446, 5.677584
22.883380, 0.062446, 5.677584
22.887184, 0.064994, 5.909310
22.890815, 0.062446, 5.677584
22.894198, 0.062446, 5.677584
22.897386, 0.064994, 5.909310
22.900677, 0.062446, 5.677584
22.903729, 0.064994, 5.909310
22.906709, 0.062446, 5.677584
22.909674, 0.064994, 5.909310
22.912657, 0.062446, 5.677584
22.915350, 0.062446, 5.677584
22.918028, 0.064994, 5.909310
22.920753, 0.062446, 5.677584
22.923569, 0.064994, 5.909310
22.926362, 0.062446, 5.677584
22.929186, 0.064994, 5.909310
22.932220, 0.062446, 5.677584
22.935168, 0.064994, 5.909310
22.938108, 0.062446, 5.677584
22.941111, 0.064994, 5.909310
22.944110, 0.062446, 5.677584
22.947141, 0.062446, 5.677584
22.950298, 0.062446, 5.677584
22.953413, 0.062446, 5.677584
22.956576, 0.064994, 5.909310
22.959778, 0.062446, 5.677584
22.963048, 0.062446, 5.677584
22.966241, 0.064994, 5.909310
22.970429, 0.062446, 5.677584
22.973545, 0.062446, 5.677584
22.977162, 0.064994, 5.909310
22.980756, 0.062446, 5.677584
22.983979, 0.062446, 5.677584
22.986927, 0.064994, 5.909310
22.990013, 0.062446, 5.677584
22.993543, 0.062446, 5.677584
22.996776, 0.062446, 5.677584
22.999831, 0.062446, 5.677584
23.002853, 0.062446, 5.677584
23.005884, 0.062446, 5.677584
23.008918, 0.062446, 5.677584
23.012004, 0.062446, 5.677584
23.014982, 0.064994, 5.909310
23.017926, 0.062446, 5.677584
23.020934, 0.062446, 5.677584
23.023780, 0.062446, 5.677584
23.026671, 0.064994, 5.909310
23.029571, 0.064994, 5.909310
23.032556, 0.062446, 5.677584
23.035339, 0.062446, 5.677584
23.038128, 0.062446, 5.677584
23.041311, 0.062446, 5.677584
23.045325, 0.064994, 5.909310
23.047762, 0.062446, 5.677584
23.050293, 0.064994, 5.909310
23.052905, 0.062446, 5.677584
23.055711, 0.062446, 5.677584
23.059210, 0.062446, 5.677584
23.061609, 0.064994, 5.909310
23.064107, 0.064994, 5.909310
23.066792, 0.062446, 5.677584
23.069558, 0.062446, 5.677584
23.072651, 0.064994, 5.909310
23.075795, 0.062446, 5.677584
23.078686, 0.064994, 5.909310
23.081665, 0.064994, 5.909310
23.084524, 0.062446, 5.677584
23.087455, 0.062446, 5.677584
23.090888, 0.062446, 5.677584
23.093483, 0.064994, 5.909310
23.095883, 0.062446, 5.677584
23.098360, 0.062446, 5.677584
23.101136, 0.064994, 5.909310
23.103844, 0.064994, 5.909310
23.106606, 0.064994, 5.909310
23.109427, 0.064994, 5.909310
23.112369, 0.062446, 5.677584
23.115179, 0.062446, 5.677584
23.117983, 0.064994, 5.909310
23.120864, 0.062446, 5.677584
23.123676, 0.062446, 5.677584
23.127064, 0.064994, 5.909310
23.130006, 0.064994, 5.909310
23.133963, 0.064994, 5.909310
23.136553, 0.062446, 5.677584
23.139138, 0.062446, 5.677584
23.142883, 0.062446, 5.677584
23.145514, 0.064994, 5.909310
23.148236, 0.062446, 5.677584
23.151088, 0.062446, 5.677584
23.153975, 0.064994, 5.909310
23.157376, 0.064994, 5.909310
23.160546, 0.062446, 5.677584
23.163059, 0.064994, 5.909310
23.165162, 0.062446, 5.677584
23.167817, 0.062446, 5.677584
23.170645, 0.062446, 5.677584
23.173845, 0.062446, 5.677584
23.176829, 0.064994, 5.909310
23.179720, 0.062446, 5.677584
23.182577, 0.064994, 5.909310
23.185590, 0.064994, 5.909310
23.188377, 0.064994, 5.909310
23.191246, 0.064994, 5.909310
23.194169, 0.064994, 5.909310
23.196983, 0.064994, 5.909310
23.199666, 0.064994, 5.909310
23.202346, 0.064994, 5.909310
23.205166, 0.064994, 5.909310
23.207904, 0.064994, 5.909310
23.210647, 0.062446, 5.677584
23.213479, 0.062446, 5.677584
23.216528, 0.064994, 5.909310
23.219380, 0.064994, 5.909310
23.222120, 0.064994, 5.909310
23.224960, 0.062446, 5.677584
23.227753, 0.064994, 5.909310
23.230524, 0.064994, 5.909310
23.233315, 0.064994, 5.909310
23.236197, 0.064994, 5.909310
23.238985, 0.064994, 5.909310
23.241785, 0.064994, 5.909310
23.244617, 0.064994, 5.909310
23.247552, 0.064994, 5.909310
23.250303, 0.064994, 5.909310
23.253068, 0.064994, 5.909310
23.255873, 0.064994, 5.909310
23.258635, 0.062446, 5.677584
23.261417, 0.064994, 5.909310
23.264171, 0.064994, 5.909310
23.267131, 0.064994, 5.909310
23.270006, 0.064994, 5.909310
23.272836, 0.064994, 5.909310
23.275842, 0.064994, 5.909310
23.278908, 0.064994, 5.909310
23.281840, 0.064994, 5.909310
23.284690, 0.062446, 5.677584
23.287684, 0.064994, 5.909310
23.290612, 0.064994, 5.909310
23.293623, 0.064994, 5.909310
23.297234, 0.064994, 5.909310
23.299747, 0.064994, 5.909310
23.302086, 0.064994, 5.909310
23.304404, 0.064994, 5.909310
23.306929, 0.062446, 5.677584
23.309418, 0.062446, 5.677584
23.311963, 0.064994, 5.909310
23.314521, 0.064994, 5.909310
23.317207, 0.064994, 5.909310
23.319820, 0.064994, 5.909310
23.323041, 0.064994, 5.909310
23.329280, 0.064994, 5.909310
23.334373, 0.064994, 5.909310
23.339028, 0.064994, 5.909310
23.343122, 0.064994, 5.909310
23.346847, 0.062446, 5.677584
23.350303, 0.064994, 5.909310
23.353487, 0.064994, 5.909310
23.356519, 0.064994, 5.909310
23.359841, 0.064994, 5.909310
23.362869, 0.064994, 5.909310
23.365914, 0.064994, 5.909310
23.369074, 0.064994, 5.909310
23.372142, 0.064994, 5.909310
23.375135, 0.064994, 5.909310
23.378197, 0.064994, 5.909310
23.381430, 0.062446, 5.677584
23.384615, 0.062446, 5.677584
23.387949, 0.064994, 5.909310
23.391433, 0.064994, 5.909310
23.395724, 0.064994, 5.909310
23.399644, 0.064994, 5.909310
23.403094, 0.064994, 5.909310
23.407055, 0.062446, 5.677584
23.411127, 0.064994, 5.909310
23.414659, 0.064994, 5.909310
23.418041, 0.064994, 5.909310
23.421370, 0.064994, 5.909310
23.424663, 0.064994, 5.909310
23.428000, 0.064994, 5.909310
23.431143, 0.064994, 5.909310
23.434786, 0.064994, 5.909310
23.437858, 0.064994, 5.909310
23.440834, 0.064994, 5.909310
23.443761, 0.064994, 5.909310
23.446914, 0.064994, 5.909310
23.449762, 0.064994, 5.909310
23.452832, 0.064994, 5.909310
23.455535, 0.062446, 5.677584
23.458399, 0.064994, 5.909310
23.461264, 0.064994, 5.909310
23.464054, 0.064994, 5.909310
23.466910, 0.064994, 5.909310
23.469833, 0.064994, 5.909310
23.472925, 0.064994, 5.909310
23.475914, 0.064994, 5.909310
23.479121, 0.064994, 5.909310
23.482051, 0.064994, 5.909310
23.484884, 0.064994, 5.909310
23.487751, 0.064994, 5.909310
23.490519, 0.064994, 5.909310
23.493380, 0.064994, 5.909310
23.496329, 0.064994, 5.909310
23.499430, 0.064994, 5.909310
23.502516, 0.064994, 5.909310
23.505401, 0.064994, 5.909310
23.508560, 0.064994, 5.909310
23.511370, 0.064994, 5.909310
23.514116, 0.064994, 5.909310
23.516960, 0.064994, 5.909310
23.519663, 0.064994, 5.909310
23.522369, 0.064994, 5.909310
23.525118, 0.064994, 5.909310
23.529193, 0.064994, 5.909310
23.534374, 0.064994, 5.909310
23.538741, 0.064994, 5.909310
23.542466, 0.064994, 5.909310
23.545881, 0.064994, 5.909310
23.549889, 0.064994, 5.909310
23.552878, 0.064994, 5.909310
23.555651, 0.064994, 5.909310
23.558330, 0.064994, 5.909310
23.560956, 0.064994, 5.909310
23.563453, 0.064994, 5.909310
23.566012, 0.064994, 5.909310
23.569958, 0.064994, 5.909310
23.572958, 0.064994, 5.909310
23.575721, 0.064994, 5.909310
23.578798, 0.064994, 5.909310
23.581334, 0.064994, 5.909310
23.583898, 0.064994, 5.909310
23.586503, 0.062446, 5.677584
23.589267, 0.064994, 5.909310
23.591670, 0.064994, 5.909310
23.593955, 0.064994, 5.909310
23.596494, 0.064994, 5.909310
23.599287, 0.064994, 5.909310
23.601982, 0.064994, 5.909310
23.604778, 0.064994, 5.909310
23.608873, 0.064994, 5.909310
23.611234, 0.064994, 5.909310
23.613383, 0.064994, 5.909310
23.615833, 0.064994, 5.909310
23.618584, 0.064994, 5.909310
23.621511, 0.064994, 5.909310
23.625072, 0.064994, 5.909310
23.627892, 0.064994, 5.909310
23.630857, 0.064994, 5.909310
23.633084, 0.064994, 5.909310
23.635550, 0.064994, 5.909310
23.638194, 0.064994, 5.909310
23.641012, 0.064994, 5.909310
23.643881, 0.064994, 5.909310
23.646704, 0.064994, 5.909310
23.651645, 0.064994, 5.909310
23.654310, 0.064994, 5.909310
23.657001, 0.064994, 5.909310
23.659448, 0.064994, 5.909310
23.661790, 0.064994, 5.909310
23.665464, 0.064994, 5.909310
23.667870, 0.064994, 5.909310
23.670484, 0.064994, 5.909310
23.673565, 0.064994, 5.909310
23.676985, 0.064994, 5.909310
23.679866, 0.064994, 5.909310
23.682591, 0.064994, 5.909310
23.685374, 0.064994, 5.909310
23.688043, 0.064994, 5.909310
23.691721, 0.064994, 5.909310
23.694571, 0.064994, 5.909310
23.697341, 0.064994, 5.909310
23.699622, 0.064994, 5.909310
23.702152, 0.064994, 5.909310
23.704893, 0.064994, 5.909310
23.708546, 0.064994, 5.909310
23.711020, 0.064994, 5.909310
23.713321, 0.064994, 5.909310
23.715899, 0.064994, 5.909310
23.718437, 0.064994, 5.909310
23.721056, 0.064994, 5.909310
23.724604, 0.064994, 5.909310
23.728546, 0.064994, 5.909310
23.730678, 0.064994, 5.909310
23.733237, 0.064994, 5.909310
23.735907, 0.064994, 5.909310
23.738653, 0.064994, 5.909310
23.741494, 0.064994, 5.909310
23.744265, 0.064994, 5.909310
23.747963, 0.067543, 6.141037
23.750116, 0.064994, 5.909310
23.752349, 0.064994, 5.909310
23.754822, 0.064994, 5.909310
23.757638, 0.064994, 5.909310
23.760310, 0.064994, 5.909310
23.763112, 0.064994, 5.909310
23.766272, 0.064994, 5.909310
23.769283, 0.064994, 5.909310
23.771578, 0.064994, 5.909310
23.774129, 0.064994, 5.909310
23.776832, 0.064994, 5.909310
23.779587, 0.064994, 5.909310
23.782313, 0.064994, 5.909310
23.784889, 0.064994, 5.909310
23.788545, 0.064994, 5.909310
23.790999, 0.067543, 6.141037
23.793319, 0.064994, 5.909310
23.795900, 0.064994, 5.909310
23.798498, 0.064994, 5.909310
23.801178, 0.064994, 5.909310
23.803850, 0.064994, 5.909310
23.807218, 0.064994, 5.909310
23.809832, 0.064994, 5.909310
23.812092, 0.064994, 5.909310
23.814513, 0.064994, 5.909310
23.817164, 0.064994, 5.909310
23.819810, 0.064994, 5.909310
23.822500, 0.064994, 5.909310
23.826084, 0.064994, 5.909310
23.828295, 0.064994, 5.909310
23.830547, 0.064994, 5.909310
23.833033, 0.064994, 5.909310
23.836467, 0.064994, 5.909310
23.839145, 0.064994, 5.909310
23.841179, 0.064994, 5.909310
23.843269, 0.064994, 5.909310
23.845591, 0.064994, 5.909310
23.848157, 0.064994, 5.909310
23.850876, 0.064994, 5.909310
23.853622, 0.064994, 5.909310
23.856529, 0.064994, 5.909310
23.859441, 0.064994, 5.909310
23.862048, 0.064994, 5.909310
23.864727, 0.064994, 5.909310
23.867520, 0.064994, 5.909310
23.870310, 0.064994, 5.909310
23.873084, 0.064994, 5.909310
23.877121, 0.064994, 5.909310
23.879434, 0.064994, 5.909310
23.881827, 0.064994, 5.909310
23.884307, 0.064994, 5.909310
23.887148, 0.064994, 5.909310
23.890066, 0.064994, 5.909310
23.892810, 0.064994, 5.909310
23.896603, 0.064994, 5.909310
23.898938, 0.064994, 5.909310
23.901234, 0.064994, 5.909310
23.903647, 0.064994, 5.909310
23.906470, 0.064994, 5.909310
23.909333, 0.064994, 5.909310
23.912002, 0.064994, 5.909310
23.915229, 0.064994, 5.909310
23.918246, 0.064994, 5.909310
23.920429, 0.064994, 5.909310
23.922750, 0.064994, 5.909310
23.925704, 0.064994, 5.909310
23.928368, 0.064994, 5.909310
23.931097, 0.064994, 5.909310
23.933672, 0.064994, 5.909310
23.937232, 0.064994, 5.909310
23.939865, 0.064994, 5.909310
23.943188, 0.067543, 6.141037
23.947021, 0.064994, 5.909310
23.949260, 0.064994, 5.909310
23.951549, 0.064994, 5.909310
23.954048, 0.064994, 5.909310
23.957324, 0.064994, 5.909310
23.959483, 0.067543, 6.141037
23.961689, 0.064994, 5.909310
23.964272, 0.064994, 5.909310
23.967093, 0.067543, 6.141037
23.969843, 0.064994, 5.909310
23.972619, 0.064994, 5.909310
23.976299, 0.064994, 5.909310
23.978538, 0.064994, 5.909310
23.980817, 0.064994, 5.909310
23.983364, 0.064994, 5.909310
23.986105, 0.064994, 5.909310
23.988935, 0.064994, 5.909310
23.991772, 0.064994, 5.909310
23.994598, 0.067543, 6.141037
23.997404, 0.064994, 5.909310
24.000622, 0.064994, 5.909310
24.003204, 0.064994, 5.909310
24.005989, 0.064994, 5.909310
24.008904, 0.064994, 5.909310
24.011777, 0.064994, 5.909310
24.014314, 0.064994, 5.909310
24.017008, 0.064994, 5.909310
24.019661, 0.067543, 6.141037
24.022237, 0.064994, 5.909310
24.025590, 0.064994, 5.909310
24.027874, 0.064994, 5.909310
24.030141, 0.064994, 5.909310
24.032548, 0.064994, 5.909310
24.035465, 0.064994, 5.909310
24.038229, 0.064994, 5.909310
24.041715, 0.064994, 5.909310
24.043968, 0.064994, 5.909310
24.047121, 0.064994, 5.909310
24.049231, 0.064994, 5.909310
24.051560, 0.064994, 5.909310
24.054167, 0.064994, 5.909310
24.057659, 0.064994, 5.909310
24.060171, 0.064994, 5.909310
24.062449, 0.064994, 5.909310
24.065189, 0.064994, 5.909310
24.068163, 0.064994, 5.909310
24.070531, 0.064994, 5.909310
24.073450, 0.064994, 5.909310
24.076456, 0.064994, 5.909310
24.078990, 0.064994, 5.909310
24.081542, 0.064994, 5.909310
24.084014, 0.064994, 5.909310
24.087303, 0.064994, 5.909310
24.091168, 0.064994, 5.909310
24.094179, 0.064994, 5.909310
24.097060, 0.064994, 5.909310
24.099164, 0.064994, 5.909310
24.101492, 0.064994, 5.909310
24.103974, 0.064994, 5.909310
24.106903, 0.064994, 5.909310
24.109674, 0.064994, 5.909310
24.112408, 0.064994, 5.909310
24.115038, 0.064994, 5.909310
24.118580, 0.064994, 5.909310
24.120880, 0.064994, 5.909310
24.124084, 0.064994, 5.909310
24.126623, 0.064994, 5.909310
24.129969, 0.064994, 5.909310
24.132957, 0.064994, 5.909310
24.135447, 0.064994, 5.909310
24.138646, 0.064994, 5.909310
24.140943, 0.064994, 5.909310
24.143525, 0.064994, 5.909310
24.146554, 0.064994, 5.909310
24.148830, 0.064994, 5.909310
24.151225, 0.067543, 6.141037
24.153606, 0.064994, 5.909310
24.156440, 0.064994, 5.909310
24.158786, 0.064994, 5.909310
24.161148, 0.064994, 5.909310
24.163554, 0.064994, 5.909310
24.166109, 0.064994, 5.909310
24.168426, 0.064994, 5.909310
24.170702, 0.064994, 5.909310
24.173330, 0.064994, 5.909310
24.176438, 0.064994, 5.909310
24.179129, 0.064994, 5.909310
24.181884, 0.064994, 5.909310
24.184569, 0.067543, 6.141037
24.188132, 0.064994, 5.909310
24.191333, 0.064994, 5.909310
24.193717, 0.064994, 5.909310
24.196928, 0.064994, 5.909310
24.199978, 0.064994, 5.909310
24.202236, 0.067543, 6.141037
24.204537, 0.064994, 5.909310
24.207940, 0.064994, 5.909310
24.211393, 0.064994, 5.909310
24.213994, 0.064994, 5.909310
24.216347, 0.067543, 6.141037
24.218926, 0.064994, 5.909310
24.221535, 0.064994, 5.909310
24.224869, 0.064994, 5.909310
24.228442, 0.064994, 5.909310
24.230583, 0.067543, 6.141037
24.233159, 0.064994, 5.909310
24.235773, 0.067543, 6.141037
24.238407, 0.064994, 5.909310
24.241973, 0.064994, 5.909310
24.244771, 0.064994, 5.909310
24.246877, 0.064994, 5.909310
24.249329, 0.064994, 5.909310
24.253859, 0.064994, 5.909310
24.258652, 0.067543, 6.141037
24.261715, 0.064994, 5.909310
24.264030, 0.064994, 5.909310
24.266914, 0.064994, 5.909310
24.269369, 0.064994, 5.909310
24.271709, 0.067543, 6.141037
24.274779, 0.067543, 6.141037
24.278097, 0.067543, 6.141037
24.280829, 0.064994, 5.909310
24.283692, 0.064994, 5.909310
24.286418, 0.067543, 6.141037
24.289158, 0.064994, 5.909310
24.292755, 0.064994, 5.909310
24.294965, 0.064994, 5.909310
24.297590, 0.064994, 5.909310
24.300112, 0.064994, 5.909310
24.302628, 0.064994, 5.909310
24.305195, 0.064994, 5.909310
24.308883, 0.064994, 5.909310
24.311520, 0.067543, 6.141037
24.313824, 0.064994, 5.909310
24.316274, 0.064994, 5.909310
24.318720, 0.064994, 5.909310
24.322271, 0.067543, 6.141037
24.326118, 0.064994, 5.909310
24.328240, 0.064994, 5.909310
24.330455, 0.064994, 5.909310
24.333007, 0.067543, 6.141037
24.335654, 0.064994, 5.909310
24.338298, 0.064994, 5.909310
24.342191, 0.067543, 6.141037
24.344368, 0.064994, 5.909310
24.346557, 0.064994, 5.909310
24.348967, 0.064994, 5.909310
24.351623, 0.067543, 6.141037
24.354229, 0.064994, 5.909310
24.357900, 0.064994, 5.909310
24.361320, 0.064994, 5.909310
24.363301, 0.064994, 5.909310
24.365529, 0.067543, 6.141037
24.368228, 0.064994, 5.909310
24.371267, 0.064994, 5.909310
24.374842, 0.064994, 5.909310
24.377652, 0.064994, 5.909310
24.380439, 0.067543, 6.141037
24.385115, 0.067543, 6.141037
24.389778, 0.067543, 6.141037
24.393234, 0.064994, 5.909310
24.395947, 0.064994, 5.909310
24.398240, 0.064994, 5.909310
24.400541, 0.064994, 5.909310
24.402664, 0.064994, 5.909310
24.405045, 0.064994, 5.909310
24.407914, 0.067543, 6.141037
24.411078, 0.064994, 5.909310
24.414269, 0.064994, 5.909310
24.417128, 0.064994, 5.909310
24.419984, 0.064994, 5.909310
24.422839, 0.067543, 6.141037
24.427114, 0.064994, 5.909310
24.429687, 0.067543, 6.141037
24.432317, 0.064994, 5.909310
24.434804, 0.067543, 6.141037
24.437447, 0.064994, 5.909310
24.440414, 0.064994, 5.909310
24.443358, 0.067543, 6.141037
24.446126, 0.064994, 5.909310
24.448757, 0.064994, 5.909310
24.451747, 0.064994, 5.909310
24.454537, 0.064994, 5.909310
24.457404, 0.064994, 5.909310
24.460285, 0.064994, 5.909310
24.463147, 0.064994, 5.909310
24.465900, 0.064994, 5.909310
24.468632, 0.064994, 5.909310
24.471696, 0.064994, 5.909310
24.475135, 0.064994, 5.909310
24.477997, 0.064994, 5.909310
24.480837, 0.064994, 5.909310
24.483415, 0.067543, 6.141037
24.485943, 0.064994, 5.909310
24.488439, 0.064994, 5.909310
24.491287, 0.064994, 5.909310
24.494022, 0.064994, 5.909310
24.496860, 0.064994, 5.909310
24.499530, 0.064994, 5.909310
24.502494, 0.064994, 5.909310
24.505247, 0.064994, 5.909310
24.508122, 0.064994, 5.909310
24.510919, 0.064994, 5.909310
24.513642, 0.067543, 6.141037
24.516363, 0.067543, 6.141037
24.519086, 0.067543, 6.141037
24.521903, 0.064994, 5.909310
24.524735, 0.064994, 5.909310
24.527530, 0.064994, 5.909310
24.530869, 0.064994, 5.909310
24.533729, 0.064994, 5.909310
24.536518, 0.064994, 5.909310
24.539779, 0.064994, 5.909310
24.542470, 0.064994, 5.909310
24.544634, 0.067543, 6.141037
24.546960, 0.064994, 5.909310
24.549569, 0.064994, 5.909310
24.552197, 0.067543, 6.141037
24.554878, 0.064994, 5.909310
24.557562, 0.067543, 6.141037
24.560550, 0.064994, 5.909310
24.563339, 0.064994, 5.909310
24.565997, 0.067543, 6.141037
24.568798, 0.064994, 5.909310
24.571393, 0.064994, 5.909310
24.574391, 0.064994, 5.909310
24.576737, 0.064994, 5.909310
24.579108, 0.064994, 5.909310
24.581512, 0.067543, 6.141037
24.584086, 0.067543, 6.141037
24.586733, 0.067543, 6.141037
24.589449, 0.067543, 6.141037
24.592002, 0.064994, 5.909310
24.594388, 0.064994, 5.909310
24.596793, 0.067543, 6.141037
24.599416, 0.067543, 6.141037
24.602105, 0.067543, 6.141037
24.604871, 0.064994, 5.909310
24.607662, 0.064994, 5.909310
24.610569, 0.064994, 5.909310
24.613309, 0.064994, 5.909310
24.616016, 0.064994, 5.909310
24.618886, 0.067543, 6.141037
24.621868, 0.064994, 5.909310
24.624684, 0.064994, 5.909310
24.627420, 0.064994, 5.909310
24.630211, 0.067543, 6.141037
24.632879, 0.064994, 5.909310
24.635485, 0.067543, 6.141037
24.638101, 0.067543, 6.141037
24.641448, 0.064994, 5.909310
24.644232, 0.064994, 5.909310
24.646901, 0.067543, 6.141037
24.649794, 0.064994, 5.909310
24.652600, 0.064994, 5.909310
24.655243, 0.064994, 5.909310
24.658143, 0.064994, 5.909310
24.661117, 0.067543, 6.141037
24.663968, 0.067543, 6.141037
24.666662, 0.064994, 5.909310
24.670209, 0.067543, 6.141037
24.672718, 0.064994, 5.909310
24.675250, 0.064994, 5.909310
24.677647, 0.064994, 5.909310
24.680398, 0.064994, 5.909310
24.683100, 0.067543, 6.141037
24.685895, 0.064994, 5.909310
24.688704, 0.064994, 5.909310
24.691865, 0.064994, 5.909310
24.694831, 0.067543, 6.141037
24.697498, 0.067543, 6.141037
24.700308, 0.064994, 5.909310
24.702995, 0.064994, 5.909310
24.705830, 0.064994, 5.909310
24.708950, 0.064994, 5.909310
24.711980, 0.064994, 5.909310
24.714547, 0.064994, 5.909310
24.716995, 0.067543, 6.141037
24.719892, 0.067543, 6.141037
24.723788, 0.067543, 6.141037
24.726749, 0.064994, 5.909310
24.729629, 0.064994, 5.909310
24.732209, 0.067543, 6.141037
24.734846, 0.064994, 5.909310
24.737518, 0.064994, 5.909310
24.740857, 0.067543, 6.141037
24.743666, 0.067543, 6.141037
24.745968, 0.067543, 6.141037
24.748422, 0.067543, 6.141037
24.751035, 0.064994, 5.909310
24.753824, 0.067543, 6.141037
24.757148, 0.064994, 5.909310
24.759778, 0.064994, 5.909310
24.761951, 0.064994, 5.909310
24.764189, 0.064994, 5.909310
24.767676, 0.064994, 5.909310
24.773155, 0.067543, 6.141037
24.778514, 0.067543, 6.141037
24.781250, 0.067543, 6.141037
24.785284, 0.067543, 6.141037
24.790674, 0.067543, 6.141037
24.793191, 0.067543, 6.141037
24.805060, 0.064994, 5.909310
24.808908, 0.064994, 5.909310
24.811900, 0.064994, 5.909310
24.814946, 0.064994, 5.909310
24.818155, 0.064994, 5.909310
24.821390, 0.064994, 5.909310
24.825421, 0.067543, 6.141037
24.830583, 0.067543, 6.141037
24.833703, 0.067543, 6.141037
24.836807, 0.064994, 5.909310
24.842782, 0.067543, 6.141037
24.847613, 0.067543, 6.141037
24.851607, 0.064994, 5.909310
24.855069, 0.064994, 5.909310
24.858389, 0.064994, 5.909310
24.862050, 0.067543, 6.141037
24.864332, 0.067543, 6.141037
24.866806, 0.067543, 6.141037
24.870477, 0.067543, 6.141037
24.874279, 0.064994, 5.909310
24.878237, 0.067543, 6.141037
24.881617, 0.067543, 6.141037
24.884839, 0.067543, 6.141037
24.888094, 0.064994, 5.909310
24.892437, 0.064994, 5.909310
24.897329, 0.064994, 5.909310
24.901561, 0.067543, 6.141037
24.905549, 0.067543, 6.141037
24.909774, 0.064994, 5.909310
24.914721, 0.064994, 5.909310
24.919037, 0.064994, 5.909310
24.922632, 0.064994, 5.909310
24.926246, 0.067543, 6.141037
24.930164, 0.064994, 5.909310
24.932587, 0.067543, 6.141037
24.934799, 0.067543, 6.141037
24.937169, 0.067543, 6.141037
24.939970, 0.067543, 6.141037
24.942811, 0.067543, 6.141037
24.945744, 0.064994, 5.909310
24.948923, 0.067543, 6.141037
24.951818, 0.067543, 6.141037
24.954701, 0.067543, 6.141037
24.957630, 0.064994, 5.909310
24.960585, 0.064994, 5.909310
24.963406, 0.064994, 5.909310
24.966052, 0.064994, 5.909310
24.968965, 0.067543, 6.141037
24.971714, 0.067543, 6.141037
24.974806, 0.064994, 5.909310
24.978412, 0.067543, 6.141037
24.981043, 0.064994, 5.909310
24.983348, 0.064994, 5.909310
24.985726, 0.067543, 6.141037
24.988415, 0.067543, 6.141037
24.992292, 0.067543, 6.141037
24.994603, 0.064994, 5.909310
24.997242, 0.067543, 6.141037
25.001587, 0.067543, 6.141037
25.005595, 0.064994, 5.909310
25.009582, 0.064994, 5.909310
25.012246, 0.064994, 5.909310
25.014441, 0.064994, 5.909310
25.017232, 0.067543, 6.141037
25.021248, 0.064994, 5.909310
25.025245, 0.067543, 6.141037
25.028760, 0.064994, 5.909310
25.031870, 0.064994, 5.909310
25.034772, 0.064994, 5.909310
25.038135, 0.064994, 5.909310
25.041746, 0.067543, 6.141037
25.044039, 0.064994, 5.909310
25.046167, 0.064994, 5.909310
25.050368, 0.064994, 5.909310
25.053300, 0.067543, 6.141037
25.055930, 0.067543, 6.141037
25.059753, 0.067543, 6.141037
25.062054, 0.064994, 5.909310
25.064434, 0.064994, 5.909310
25.067152, 0.064994, 5.909310
25.069945, 0.064994, 5.909310
25.072796, 0.067543, 6.141037
25.076377, 0.067543, 6.141037
25.079927, 0.067543, 6.141037
25.082026, 0.064994, 5.909310
25.084486, 0.064994, 5.909310
25.087236, 0.064994, 5.909310
25.090911, 0.064994, 5.909310
25.093552, 0.064994, 5.909310
25.095780, 0.067543, 6.141037
25.099278, 0.064994, 5.909310
25.101450, 0.064994, 5.909310
25.103709, 0.067543, 6.141037
25.106426, 0.064994, 5.909310
25.109298, 0.067543, 6.141037
25.112000, 0.067543, 6.141037
25.114621, 0.067543, 6.141037
25.118182, 0.064994, 5.909310
25.120952, 0.064994, 5.909310
25.123862, 0.067543, 6.141037
25.126312, 0.067543, 6.141037
25.130586, 0.064994, 5.909310
25.133665, 0.064994, 5.909310
25.136071, 0.067543, 6.141037
25.138328, 0.064994, 5.909310
25.141732, 0.067543, 6.141037
25.144106, 0.064994, 5.909310
25.146345, 0.064994, 5.909310
25.149919, 0.067543, 6.141037
25.152279, 0.064994, 5.909310
25.154766, 0.064994, 5.909310
25.157583, 0.067543, 6.141037
25.160278, 0.064994, 5.909310
25.163065, 0.064994, 5.909310
25.165668, 0.064994, 5.909310
25.168453, 0.067543, 6.141037
25.172538, 0.067543, 6.141037
25.175377, 0.064994, 5.909310
25.177814, 0.067543, 6.141037
25.179858, 0.067543, 6.141037
25.181957, 0.064994, 5.909310
25.184116, 0.064994, 5.909310
25.186456, 0.064994, 5.909310
25.189127, 0.064994, 5.909310
25.192027, 0.064994, 5.909310
25.194815, 0.067543, 6.141037
25.197820, 0.064994, 5.909310
25.200692, 0.064994, 5.909310
25.203587, 0.064994, 5.909310
25.206692, 0.064994, 5.909310
25.209990, 0.067543, 6.141037
25.212915, 0.067543, 6.141037
25.215671, 0.064994, 5.909310
25.218599, 0.067543, 6.141037
25.221365, 0.064994, 5.909310
25.224285, 0.067543, 6.141037
25.227276, 0.064994, 5.909310
25.230138, 0.064994, 5.909310
25.232962, 0.064994, 5.909310
25.235561, 0.064994, 5.909310
25.239242, 0.064994, 5.909310
25.241425, 0.064994, 5.909310
25.243729, 0.064994, 5.909310
25.246340, 0.067543, 6.141037
25.251166, 0.067543, 6.141037
25.253708, 0.064994, 5.909310
25.256999, 0.067543, 6.141037
25.260356, 0.067543, 6.141037
25.264238, 0.064994, 5.909310
25.266732, 0.064994, 5.909310
25.269189, 0.064994, 5.909310
25.271740, 0.064994, 5.909310
25.274911, 0.067543, 6.141037
25.277694, 0.064994, 5.909310
25.280522, 0.064994, 5.909310
25.283289, 0.064994, 5.909310
25.285994, 0.064994, 5.909310
25.288626, 0.064994, 5.909310
25.291345, 0.067543, 6.141037
25.294020, 0.067543, 6.141037
25.296650, 0.064994, 5.909310
25.299156, 0.064994, 5.909310
25.301933, 0.064994, 5.909310
25.304536, 0.064994, 5.909310
25.307355, 0.064994, 5.909310
25.310139, 0.067543, 6.141037
25.312972, 0.064994, 5.909310
25.315645, 0.064994, 5.909310
25.318287, 0.064994, 5.909310
25.320917, 0.064994, 5.909310
25.323702, 0.064994, 5.909310
25.326496, 0.067543, 6.141037
25.329140, 0.064994, 5.909310
25.332701, 0.067543, 6.141037
25.337573, 0.064994, 5.909310
25.340562, 0.067543, 6.141037
25.343523, 0.067543, 6.141037
25.346203, 0.067543, 6.141037
25.348927, 0.064994, 5.909310
25.351840, 0.064994, 5.909310
25.354626, 0.064994, 5.909310
25.357412, 0.067543, 6.141037
25.360106, 0.067543, 6.141037
25.363961, 0.064994, 5.909310
25.366436, 0.064994, 5.909310
25.368621, 0.064994, 5.909310
25.370977, 0.067543, 6.141037
25.373974, 0.067543, 6.141037
25.376634, 0.067543, 6.141037
25.379233, 0.064994, 5.909310
25.381853, 0.064994, 5.909310
25.384411, 0.064994, 5.909310
25.386971, 0.064994, 5.909310
25.389642, 0.067543, 6.141037
25.392800, 0.067543, 6.141037
25.395328, 0.067543, 6.141037
25.397916, 0.064994, 5.909310
25.400326, 0.067543, 6.141037
25.402864, 0.064994, 5.909310
25.405396, 0.064994, 5.909310
25.407942, 0.064994, 5.909310
25.410446, 0.064994, 5.909310
25.413050, 0.064994, 5.909310
25.415545, 0.067543, 6.141037
25.418020, 0.067543, 6.141037
25.420544, 0.064994, 5.909310
25.423867, 0.064994, 5.909310
25.426401, 0.064994, 5.909310
25.428878, 0.064994, 5.909310
25.431605, 0.064994, 5.909310
25.434279, 0.067543, 6.141037
25.436793, 0.064994, 5.909310
25.439299, 0.067543, 6.141037
25.442029, 0.067543, 6.141037
25.444552, 0.067543, 6.141037
25.447090, 0.067543, 6.141037
25.449851, 0.064994, 5.909310
25.452619, 0.064994, 5.909310
25.455775, 0.064994, 5.909310
25.459360, 0.064994, 5.909310
25.462007, 0.064994, 5.909310
25.466459, 0.067543, 6.141037
25.471432, 0.067543, 6.141037
25.475733, 0.067543, 6.141037
25.478822, 0.064994, 5.909310
25.481218, 0.064994, 5.909310
25.483428, 0.064994, 5.909310
25.485663, 0.067543, 6.141037
25.488110, 0.064994, 5.909310
25.491545, 0.064994, 5.909310
25.495010, 0.064994, 5.909310
25.497159, 0.067543, 6.141037
25.499596, 0.064994, 5.909310
25.502270, 0.067543, 6.141037
25.504999, 0.064994, 5.909310
25.508590, 0.067543, 6.141037
25.511131, 0.064994, 5.909310
25.513424, 0.064994, 5.909310
25.515970, 0.067543, 6.141037
25.518611, 0.067543, 6.141037
25.521393, 0.064994, 5.909310
25.524495, 0.067543, 6.141037
25.527894, 0.064994, 5.909310
25.530841, 0.064994, 5.909310
25.533714, 0.067543, 6.141037
25.537293, 0.067543, 6.141037
25.540090, 0.067543, 6.141037
25.542413, 0.067543, 6.141037
25.544867, 0.067543, 6.141037
25.547587, 0.067543, 6.141037
25.550301, 0.064994, 5.909310
25.553019, 0.064994, 5.909310
25.555774, 0.067543, 6.141037
25.559307, 0.067543, 6.141037
25.561613, 0.064994, 5.909310
25.564042, 0.064994, 5.909310
25.566637, 0.067543, 6.141037
25.569233, 0.064994, 5.909310
25.571945, 0.067543, 6.141037
25.575303, 0.067543, 6.141037
25.578993, 0.067543, 6.141037
25.581569, 0.067543, 6.141037
25.583792, 0.067543, 6.141037
25.586663, 0.064994, 5.909310
25.589797, 0.064994, 5.909310
25.593248, 0.067543, 6.141037
25.595464, 0.067543, 6.141037
25.598130, 0.064994, 5.909310
25.600766, 0.067543, 6.141037
25.603549, 0.067543, 6.141037
25.607368, 0.064994, 5.909310
25.610068, 0.067543, 6.141037
25.612273, 0.067543, 6.141037
25.614583, 0.064994, 5.909310
25.617155, 0.064994, 5.909310
25.619751, 0.067543, 6.141037
25.622377, 0.067543, 6.141037
25.624889, 0.067543, 6.141037
25.628251, 0.064994, 5.909310
25.630562, 0.067543, 6.141037
25.632956, 0.067543, 6.141037
25.635739, 0.067543, 6.141037
25.638509, 0.067543, 6.141037
25.642266, 0.064994, 5.909310
25.644575, 0.064994, 5.909310
25.647624, 0.067543, 6.141037
25.650822, 0.067543, 6.141037
25.653377, 0.067543, 6.141037
25.655743, 0.064994, 5.909310
25.658595, 0.064994, 5.909310
25.660927, 0.067543, 6.141037
25.663398, 0.064994, 5.909310
25.666740, 0.064994, 5.909310
25.670174, 0.067543, 6.141037
25.673081, 0.064994, 5.909310
25.675691, 0.067543, 6.141037
25.677997, 0.067543, 6.141037
25.680425, 0.067543, 6.141037
25.682943, 0.067543, 6.141037
25.686167, 0.067543, 6.141037
25.688752, 0.067543, 6.141037
25.690990, 0.067543, 6.141037
25.693336, 0.067543, 6.141037
25.696067, 0.067543, 6.141037
25.698801, 0.067543, 6.141037
25.701521, 0.067543, 6.141037
25.704165, 0.064994, 5.909310
25.708160, 0.067543, 6.141037
25.710282, 0.064994, 5.909310
25.712501, 0.067543, 6.141037
25.715133, 0.067543, 6.141037
25.719066, 0.067543, 6.141037
25.721916, 0.064994, 5.909310
25.725287, 0.064994, 5.909310
25.727349, 0.067543, 6.141037
25.729661, 0.067543, 6.141037
25.732185, 0.067543, 6.141037
25.734742, 0.067543, 6.141037
25.738563, 0.064994, 5.909310
25.740890, 0.067543, 6.141037
25.743169, 0.067543, 6.141037
25.745635, 0.067543, 6.141037
25.748152, 0.064994, 5.909310
25.750818, 0.064994, 5.909310
25.753470, 0.064994, 5.909310
25.757102, 0.064994, 5.909310
25.759810, 0.067543, 6.141037
25.762383, 0.067543, 6.141037
25.764916, 0.067543, 6.141037
25.767354, 0.067543, 6.141037
25.769818, 0.067543, 6.141037
25.772325, 0.067543, 6.141037
25.775744, 0.067543, 6.141037
25.778506, 0.067543, 6.141037
25.780696, 0.067543, 6.141037
25.783073, 0.067543, 6.141037
25.786119, 0.067543, 6.141037
25.788224, 0.067543, 6.141037
25.791118, 0.067543, 6.141037
25.793644, 0.067543, 6.141037
25.796284, 0.067543, 6.141037
25.798951, 0.064994, 5.909310
25.802494, 0.067543, 6.141037
25.804793, 0.067543, 6.141037
25.808228, 0.067543, 6.141037
25.810786, 0.067543, 6.141037
25.813228, 0.067543, 6.141037
25.816250, 0.067543, 6.141037
25.820107, 0.067543, 6.141037
25.823718, 0.067543, 6.141037
25.826203, 0.067543, 6.141037
25.828417, 0.064994, 5.909310
25.830853, 0.064994, 5.909310
25.834239, 0.067543, 6.141037
25.836488, 0.067543, 6.141037
25.838927, 0.064994, 5.909310
25.841811, 0.067543, 6.141037
25.845575, 0.067543, 6.141037
25.849531, 0.067543, 6.141037
25.851971, 0.067543, 6.141037
25.856193, 0.067543, 6.141037
25.859828, 0.067543, 6.141037
25.863534, 0.064994, 5.909310
25.867717, 0.067543, 6.141037
25.871229, 0.067543, 6.141037
25.874950, 0.064994, 5.909310
25.878097, 0.067543, 6.141037
25.880953, 0.064994, 5.909310
25.883782, 0.064994, 5.909310
25.887057, 0.067543, 6.141037
25.889814, 0.064994, 5.909310
25.892446, 0.064994, 5.909310
25.895170, 0.067543, 6.141037
25.897818, 0.064994, 5.909310
25.900468, 0.067543, 6.141037
25.903100, 0.067543, 6.141037
25.905847, 0.067543, 6.141037
25.908809, 0.067543, 6.141037
25.911566, 0.067543, 6.141037
25.914263, 0.067543, 6.141037
25.917845, 0.067543, 6.141037
25.920000, 0.067543, 6.141037
25.922241, 0.067543, 6.141037
25.925335, 0.067543, 6.141037
25.928532, 0.067543, 6.141037
25.930762, 0.064994, 5.909310
25.933201, 0.067543, 6.141037
25.936082, 0.064994, 5.909310
25.938857, 0.064994, 5.909310
25.941604, 0.067543, 6.141037
25.944332, 0.067543, 6.141037
25.947897, 0.067543, 6.141037
25.950296, 0.067543, 6.141037
25.952667, 0.064994, 5.909310
25.955105, 0.067543, 6.141037
25.957732, 0.067543, 6.141037
25.960404, 0.067543, 6.141037
25.963110, 0.067543, 6.141037
25.966097, 0.067543, 6.141037
25.968480, 0.064994, 5.909310
25.970920, 0.067543, 6.141037
25.973502, 0.064994, 5.909310
25.977002, 0.067543, 6.141037
25.979378, 0.067543, 6.141037
25.981532, 0.064994, 5.909310
25.983923, 0.064994, 5.909310
25.986545, 0.067543, 6.141037
25.989233, 0.067543, 6.141037
25.992723, 0.064994, 5.909310
25.995187, 0.067543, 6.141037
25.998094, 0.067543, 6.141037
26.000272, 0.067543, 6.141037
26.002810, 0.067543, 6.141037
26.005594, 0.067543, 6.141037
26.009170, 0.067543, 6.141037
26.011403, 0.067543, 6.141037
26.013632, 0.064994, 5.909310
26.016910, 0.067543, 6.141037
26.019824, 0.067543, 6.141037
26.022025, 0.064994, 5.909310
26.026729, 0.064994, 5.909310
26.029917, 0.067543, 6.141037
26.032390, 0.067543, 6.141037
26.034527, 0.067543, 6.141037
26.036780, 0.064994, 5.909310
26.039258, 0.064994, 5.909310
26.042848, 0.067543, 6.141037
26.045412, 0.064994, 5.909310
26.047744, 0.067543, 6.141037
26.050273, 0.067543, 6.141037
26.052920, 0.067543, 6.141037
26.056084, 0.067543, 6.141037
26.059061, 0.067543, 6.141037
26.061546, 0.067543, 6.141037
26.064015, 0.067543, 6.141037
26.066798, 0.067543, 6.141037
26.070211, 0.064994, 5.909310
26.072797, 0.067543, 6.141037
26.075825, 0.067543, 6.141037
26.078270, 0.067543, 6.141037
26.081852, 0.067543, 6.141037
26.084219, 0.067543, 6.141037
26.086544, 0.067543, 6.141037
26.089132, 0.067543, 6.141037
26.092233, 0.067543, 6.141037
26.094539, 0.067543, 6.141037
26.098368, 0.067543, 6.141037
26.102584, 0.067543, 6.141037
26.106636, 0.064994, 5.909310
26.109903, 0.067543, 6.141037
26.112525, 0.067543, 6.141037
26.114710, 0.067543, 6.141037
26.116900, 0.067543, 6.141037
26.119328, 0.064994, 5.909310
26.121994, 0.064994, 5.909310
26.125450, 0.067543, 6.141037
26.128336, 0.064994, 5.909310
26.130307, 0.064994, 5.909310
26.132596, 0.067543, 6.141037
26.135245, 0.064994, 5.909310
26.138270, 0.067543, 6.141037
26.141304, 0.067543, 6.141037
26.144248, 0.067543, 6.141037
26.147774, 0.064994, 5.909310
26.150302, 0.064994, 5.909310
26.152560, 0.067543, 6.141037
26.154886, 0.064994, 5.909310
26.157644, 0.067543, 6.141037
26.160286, 0.067543, 6.141037
26.162943, 0.064994, 5.909310
26.165551, 0.064994, 5.909310
26.168930, 0.067543, 6.141037
26.171630, 0.067543, 6.141037
26.174612, 0.067543, 6.141037
26.178469, 0.067543, 6.141037
26.180631, 0.067543, 6.141037
26.182871, 0.064994, 5.909310
26.185353, 0.067543, 6.141037
26.187935, 0.067543, 6.141037
26.191359, 0.067543, 6.141037
26.193585, 0.067543, 6.141037
26.195731, 0.067543, 6.141037
26.199867, 0.067543, 6.141037
26.202640, 0.067543, 6.141037
26.204947, 0.067543, 6.141037
26.207393, 0.064994, 5.909310
26.209798, 0.067543, 6.141037
26.212370, 0.064994, 5.909310
26.214790, 0.067543, 6.141037
26.218289, 0.067543, 6.141037
26.220583, 0.067543, 6.141037
26.223217, 0.064994, 5.909310
26.226024, 0.064994, 5.909310
26.229110, 0.064994, 5.909310
26.231289, 0.067543, 6.141037
26.233785, 0.067543, 6.141037
26.236451, 0.064994, 5.909310
26.239141, 0.067543, 6.141037
26.241981, 0.064994, 5.909310
26.244665, 0.067543, 6.141037
26.248251, 0.067543, 6.141037
26.250442, 0.067543, 6.141037
26.252613, 0.064994, 5.909310
26.254890, 0.067543, 6.141037
26.259072, 0.067543, 6.141037
26.261376, 0.067543, 6.141037
26.263275, 0.064994, 5.909310
26.265234, 0.067543, 6.141037
26.268615, 0.067543, 6.141037
26.271906, 0.067543, 6.141037
26.275480, 0.067543, 6.141037
26.279161, 0.067543, 6.141037
26.282618, 0.067543, 6.141037
26.286046, 0.064994, 5.909310
26.287890, 0.064994, 5.909310
26.289870, 0.064994, 5.909310
26.292053, 0.064994, 5.909310
26.294418, 0.064994, 5.909310
26.298539, 0.067543, 6.141037
26.302791, 0.067543, 6.141037
26.305580, 0.067543, 6.141037
26.308413, 0.064994, 5.909310
26.310705, 0.064994, 5.909310
26.312917, 0.067543, 6.141037
26.315214, 0.067543, 6.141037
26.319310, 0.067543, 6.141037
26.321946, 0.064994, 5.909310
26.325632, 0.067543, 6.141037
26.328675, 0.067543, 6.141037
26.331511, 0.064994, 5.909310
26.334065, 0.067543, 6.141037
26.336716, 0.067543, 6.141037
26.339424, 0.067543, 6.141037
26.342111, 0.064994, 5.909310
26.346298, 0.067543, 6.141037
26.350948, 0.067543, 6.141037
26.353762, 0.064994, 5.909310
26.356391, 0.064994, 5.909310
26.358372, 0.067543, 6.141037
26.360490, 0.067543, 6.141037
26.362980, 0.067543, 6.141037
26.365832, 0.067543, 6.141037
26.368684, 0.067543, 6.141037
26.371492, 0.064994, 5.909310
26.374378, 0.064994, 5.909310
26.377475, 0.067543, 6.141037
26.380513, 0.067543, 6.141037
26.383394, 0.067543, 6.141037
26.386253, 0.067543, 6.141037
26.388974, 0.067543, 6.141037
26.391717, 0.064994, 5.909310
26.394382, 0.064994, 5.909310
26.397893, 0.067543, 6.141037
26.400118, 0.067543, 6.141037
26.402292, 0.064994, 5.909310
26.404638, 0.067543, 6.141037
26.407345, 0.064994, 5.909310
26.409974, 0.067543, 6.141037
26.412623, 0.064994, 5.909310
26.416280, 0.067543, 6.141037
26.418878, 0.067543, 6.141037
26.421197, 0.067543, 6.141037
26.423643, 0.067543, 6.141037
26.426146, 0.067543, 6.141037
26.428514, 0.067543, 6.141037
26.431072, 0.067543, 6.141037
26.433696, 0.064994, 5.909310
26.437243, 0.067543, 6.141037
26.439727, 0.064994, 5.909310
26.442055, 0.067543, 6.141037
26.444585, 0.067543, 6.141037
26.447292, 0.067543, 6.141037
26.449857, 0.067543, 6.141037
26.452458, 0.067543, 6.141037
26.455856, 0.067543, 6.141037
26.458962, 0.067543, 6.141037
26.461668, 0.067543, 6.141037
26.464383, 0.064994, 5.909310
26.467046, 0.064994, 5.909310
26.469799, 0.067543, 6.141037
26.472643, 0.067543, 6.141037
26.476354, 0.067543, 6.141037
26.478724, 0.067543, 6.141037
26.480984, 0.064994, 5.909310
26.483362, 0.067543, 6.141037
26.485955, 0.067543, 6.141037
26.488496, 0.067543, 6.141037
26.491185, 0.067543, 6.141037
26.493781, 0.067543, 6.141037
26.497279, 0.067543, 6.141037
26.499512, 0.067543, 6.141037
26.501850, 0.067543, 6.141037
26.504400, 0.067543, 6.141037
26.507075, 0.067543, 6.141037
26.509760, 0.064994, 5.909310
26.512405, 0.067543, 6.141037
26.516121, 0.067543, 6.141037
26.518571, 0.067543, 6.141037
26.520864, 0.067543, 6.141037
26.523588, 0.067543, 6.141037
26.526424, 0.067543, 6.141037
26.529015, 0.064994, 5.909310
26.531754, 0.067543, 6.141037
26.535133, 0.067543, 6.141037
26.537587, 0.067543, 6.141037
26.540044, 0.064994, 5.909310
26.542770, 0.067543, 6.141037
26.546733, 0.067543, 6.141037
26.549179, 0.067543, 6.141037
26.551391, 0.067543, 6.141037
26.553809, 0.067543, 6.141037
26.556828, 0.067543, 6.141037
26.559475, 0.067543, 6.141037
26.561777, 0.067543, 6.141037
26.564701, 0.067543, 6.141037
26.567218, 0.067543, 6.141037
26.569803, 0.064994, 5.909310
26.572478, 0.067543, 6.141037
26.576289, 0.067543, 6.141037
26.578497, 0.067543, 6.141037
26.580827, 0.067543, 6.141037
26.583308, 0.067543, 6.141037
26.585983, 0.064994, 5.909310
26.589610, 0.067543, 6.141037
26.591920, 0.064994, 5.909310
26.594647, 0.067543, 6.141037
26.597593, 0.067543, 6.141037
26.599847, 0.067543, 6.141037
26.602355, 0.067543, 6.141037
26.605078, 0.067543, 6.141037
26.608431, 0.067543, 6.141037
26.610819, 0.064994, 5.909310
26.613181, 0.064994, 5.909310
26.616690, 0.067543, 6.141037
26.619097, 0.067543, 6.141037
26.621369, 0.067543, 6.141037
26.625190, 0.064994, 5.909310
26.627337, 0.067543, 6.141037
26.629453, 0.067543, 6.141037
26.631797, 0.067543, 6.141037
26.634485, 0.067543, 6.141037
26.637162, 0.067543, 6.141037
26.639983, 0.067543, 6.141037
26.642255, 0.067543, 6.141037
26.644581, 0.067543, 6.141037
26.647827, 0.067543, 6.141037
26.650056, 0.067543, 6.141037
26.652547, 0.067543, 6.141037
26.655281, 0.067543, 6.141037
26.657948, 0.067543, 6.141037
26.660281, 0.067543, 6.141037
26.662576, 0.067543, 6.141037
26.665392, 0.067543, 6.141037
26.668385, 0.064994, 5.909310
26.670630, 0.064994, 5.909310
26.673312, 0.067543, 6.141037
26.677716, 0.064994, 5.909310
26.681085, 0.067543, 6.141037
26.683699, 0.064994, 5.909310
26.686000, 0.067543, 6.141037
26.688333, 0.067543, 6.141037
26.692715, 0.067543, 6.141037
26.694960, 0.067543, 6.141037
26.697551, 0.067543, 6.141037
26.700123, 0.067543, 6.141037
26.702788, 0.067543, 6.141037
26.705504, 0.067543, 6.141037
26.709219, 0.067543, 6.141037
26.711513, 0.067543, 6.141037
26.713904, 0.067543, 6.141037
26.716392, 0.067543, 6.141037
26.719080, 0.067543, 6.141037
26.721663, 0.067543, 6.141037
26.725113, 0.064994, 5.909310
26.727713, 0.067543, 6.141037
26.730334, 0.067543, 6.141037
26.732927, 0.067543, 6.141037
26.736394, 0.067543, 6.141037
26.738605, 0.067543, 6.141037
26.741001, 0.067543, 6.141037
26.743478, 0.064994, 5.909310
26.746114, 0.064994, 5.909310
26.748641, 0.067543, 6.141037
26.751254, 0.067543, 6.141037
26.754594, 0.064994, 5.909310
26.757202, 0.067543, 6.141037
26.759459, 0.067543, 6.141037
26.761774, 0.064994, 5.909310
26.764348, 0.067543, 6.141037
26.766990, 0.067543, 6.141037
26.769715, 0.067543, 6.141037
26.772351, 0.067543, 6.141037
26.775694, 0.067543, 6.141037
26.777949, 0.067543, 6.141037
26.780161, 0.067543, 6.141037
26.782613, 0.067543, 6.141037
26.785146, 0.067543, 6.141037
26.787647, 0.067543, 6.141037
26.790306, 0.067543, 6.141037
26.793562, 0.067543, 6.141037
26.796370, 0.067543, 6.141037
26.798693, 0.067543, 6.141037
26.801077, 0.067543, 6.141037
26.803577, 0.064994, 5.909310
26.806137, 0.067543, 6.141037
26.808846, 0.067543, 6.141037
26.811427, 0.067543, 6.141037
26.814832, 0.067543, 6.141037
26.817007, 0.067543, 6.141037
26.819297, 0.067543, 6.141037
26.821672, 0.067543, 6.141037
26.824406, 0.067543, 6.141037
26.827141, 0.067543, 6.141037
26.829978, 0.067543, 6.141037
26.833131, 0.067543, 6.141037
26.835783, 0.064994, 5.909310
26.837859, 0.067543, 6.141037
26.840338, 0.067543, 6.141037
26.845027, 0.067543, 6.141037
26.847945, 0.067543, 6.141037
26.850664, 0.064994, 5.909310
26.853240, 0.067543, 6.141037
26.856114, 0.067543, 6.141037
26.859798, 0.067543, 6.141037
26.862253, 0.067543, 6.141037
26.865154, 0.067543, 6.141037
26.868038, 0.067543, 6.141037
26.870925, 0.067543, 6.141037
26.874275, 0.067543, 6.141037
26.876990, 0.067543, 6.141037
26.879372, 0.067543, 6.141037
26.882172, 0.067543, 6.141037
26.884999, 0.067543, 6.141037
26.887784, 0.067543, 6.141037
26.891736, 0.067543, 6.141037
26.893947, 0.067543, 6.141037
26.896278, 0.067543, 6.141037
26.898778, 0.067543, 6.141037
26.901649, 0.064994, 5.909310
26.904404, 0.067543, 6.141037
26.906804, 0.067543, 6.141037
26.909529, 0.067543, 6.141037
26.912328, 0.067543, 6.141037
26.915056, 0.064994, 5.909310
26.917771, 0.067543, 6.141037
26.920565, 0.064994, 5.909310
26.923605, 0.067543, 6.141037
26.927655, 0.067543, 6.141037
26.931567, 0.067543, 6.141037
26.935005, 0.064994, 5.909310
26.938134, 0.067543, 6.141037
26.941343, 0.067543, 6.141037
26.944148, 0.067543, 6.141037
26.946867, 0.067543, 6.141037
26.949504, 0.067543, 6.141037
26.952293, 0.067543, 6.141037
26.954944, 0.067543, 6.141037
26.957650, 0.067543, 6.141037
26.960617, 0.067543, 6.141037
26.963316, 0.067543, 6.141037
26.965814, 0.067543, 6.141037
26.968324, 0.067543, 6.141037
26.971399, 0.067543, 6.141037
26.974554, 0.067543, 6.141037
26.976782, 0.067543, 6.141037
26.979112, 0.067543, 6.141037
26.982212, 0.064994, 5.909310
26.984957, 0.067543, 6.141037
26.987744, 0.067543, 6.141037
26.991304, 0.067543, 6.141037
26.994035, 0.064994, 5.909310
26.996173, 0.067543, 6.141037
26.998563, 0.067543, 6.141037
27.001319, 0.067543, 6.141037
27.003998, 0.067543, 6.141037
27.008179, 0.067543, 6.141037
27.010894, 0.064994, 5.909310
27.013696, 0.067543, 6.141037
27.015806, 0.067543, 6.141037
27.018178, 0.067543, 6.141037
27.021333, 0.067543, 6.141037
27.024263, 0.067543, 6.141037
27.026750, 0.067543, 6.141037
27.029192, 0.067543, 6.141037
27.032610, 0.067543, 6.141037
27.034860, 0.067543, 6.141037
27.037246, 0.067543, 6.141037
27.040693, 0.064994, 5.909310
27.044685, 0.067543, 6.141037
27.047705, 0.064994, 5.909310
27.050368, 0.064994, 5.909310
27.052550, 0.067543, 6.141037
27.054944, 0.067543, 6.141037
27.058266, 0.067543, 6.141037
27.061517, 0.064994, 5.909310
27.063626, 0.067543, 6.141037
27.066060, 0.067543, 6.141037
27.068794, 0.064994, 5.909310
27.071680, 0.067543, 6.141037
27.075578, 0.067543, 6.141037
27.077864, 0.067543, 6.141037
27.081131, 0.067543, 6.141037
27.083314, 0.067543, 6.141037
27.085731, 0.067543, 6.141037
27.088601, 0.064994, 5.909310
27.092564, 0.064994, 5.909310
27.094759, 0.064994, 5.909310
27.097017, 0.067543, 6.141037
27.100613, 0.067543, 6.141037
27.102774, 0.067543, 6.141037
27.105029, 0.067543, 6.141037
27.108384, 0.064994, 5.909310
27.111585, 0.067543, 6.141037
27.113723, 0.067543, 6.141037
27.116274, 0.064994, 5.909310
27.119055, 0.067543, 6.141037
27.121855, 0.064994, 5.909310
27.125380, 0.064994, 5.909310
27.128298, 0.064994, 5.909310
27.131829, 0.064994, 5.909310
27.134766, 0.064994, 5.909310
27.137176, 0.067543, 6.141037
27.140362, 0.067543, 6.141037
27.143120, 0.067543, 6.141037
27.145396, 0.067543, 6.141037
27.148127, 0.064994, 5.909310
27.150411, 0.064994, 5.909310
27.152658, 0.067543, 6.141037
27.155013, 0.067543, 6.141037
27.158299, 0.067543, 6.141037
27.161002, 0.067543, 6.141037
27.163500, 0.067543, 6.141037
27.166184, 0.067543, 6.141037
27.169230, 0.067543, 6.141037
27.173216, 0.067543, 6.141037
27.175353, 0.067543, 6.141037
27.177656, 0.067543, 6.141037
27.180480, 0.064994, 5.909310
27.183191, 0.064994, 5.909310
27.185861, 0.067543, 6.141037
27.189224, 0.064994, 5.909310
27.192055, 0.064994, 5.909310
27.194300, 0.067543, 6.141037
27.196638, 0.064994, 5.909310
27.199139, 0.067543, 6.141037
27.201684, 0.067543, 6.141037
27.204188, 0.067543, 6.141037
27.206930, 0.067543, 6.141037
27.210613, 0.064994, 5.909310
27.212769, 0.064994, 5.909310
27.214929, 0.067543, 6.141037
27.217371, 0.067543, 6.141037
27.220193, 0.067543, 6.141037
27.222964, 0.067543, 6.141037
27.225754, 0.067543, 6.141037
27.229059, 0.064994, 5.909310
27.231526, 0.064994, 5.909310
27.233598, 0.064994, 5.909310
27.235867, 0.067543, 6.141037
27.238504, 0.067543, 6.141037
27.241284, 0.067543, 6.141037
27.243946, 0.064994, 5.909310
27.246591, 0.067543, 6.141037
27.250063, 0.064994, 5.909310
27.252314, 0.067543, 6.141037
27.254468, 0.067543, 6.141037
27.257608, 0.064994, 5.909310
27.260535, 0.067543, 6.141037
27.262817, 0.064994, 5.909310
27.265237, 0.064994, 5.909310
27.267730, 0.067543, 6.141037
27.271075, 0.067543, 6.141037
27.273346, 0.067543, 6.141037
27.275741, 0.064994, 5.909310
27.278723, 0.067543, 6.141037
27.283143, 0.067543, 6.141037
27.285774, 0.067543, 6.141037
27.288418, 0.067543, 6.141037
27.291366, 0.067543, 6.141037
27.294752, 0.067543, 6.141037
27.297241, 0.067543, 6.141037
27.299439, 0.064994, 5.909310
27.301858, 0.064994, 5.909310
27.304353, 0.067543, 6.141037
27.308505, 0.067543, 6.141037
27.312080, 0.067543, 6.141037
27.314260, 0.067543, 6.141037
27.316764, 0.067543, 6.141037
27.319355, 0.064994, 5.909310
27.321928, 0.067543, 6.141037
27.325407, 0.067543, 6.141037
27.327637, 0.067543, 6.141037
27.329817, 0.067543, 6.141037
27.332153, 0.067543, 6.141037
27.334821, 0.067543, 6.141037
27.337383, 0.067543, 6.141037
27.340705, 0.067543, 6.141037
27.343264, 0.067543, 6.141037
27.345796, 0.067543, 6.141037
27.348217, 0.067543, 6.141037
27.350732, 0.067543, 6.141037
27.353286, 0.067543, 6.141037
27.356096, 0.064994, 5.909310
27.358763, 0.064994, 5.909310
27.361314, 0.067543, 6.141037
27.363887, 0.067543, 6.141037
27.366457, 0.064994, 5.909310
27.368990, 0.067543, 6.141037
27.371532, 0.067543, 6.141037
27.374440, 0.067543, 6.141037
27.377766, 0.067543, 6.141037
27.380416, 0.064994, 5.909310
27.383100, 0.067543, 6.141037
27.385555, 0.067543, 6.141037
27.388058, 0.067543, 6.141037
27.391095, 0.067543, 6.141037
27.393627, 0.067543, 6.141037
27.395784, 0.067543, 6.141037
27.398517, 0.067543, 6.141037
27.400863, 0.067543, 6.141037
27.403299, 0.067543, 6.141037
27.406758, 0.067543, 6.141037
27.409913, 0.067543, 6.141037
27.412576, 0.064994, 5.909310
27.415204, 0.067543, 6.141037
27.417694, 0.067543, 6.141037
27.420339, 0.067543, 6.141037
27.425048, 0.067543, 6.141037
27.427487, 0.064994, 5.909310
27.429801, 0.067543, 6.141037
27.432094, 0.067543, 6.141037
27.434517, 0.067543, 6.141037
27.436953, 0.064994, 5.909310
27.439674, 0.067543, 6.141037
27.442699, 0.067543, 6.141037
27.444981, 0.067543, 6.141037
27.447255, 0.064994, 5.909310
27.449867, 0.067543, 6.141037
27.452417, 0.067543, 6.141037
27.455169, 0.067543, 6.141037
27.457961, 0.064994, 5.909310
27.460646, 0.064994, 5.909310
27.463256, 0.067543, 6.141037
27.466166, 0.067543, 6.141037
27.468898, 0.064994, 5.909310
27.471439, 0.067543, 6.141037
27.475021, 0.067543, 6.141037
27.477514, 0.064994, 5.909310
27.479907, 0.064994, 5.909310
27.482709, 0.064994, 5.909310
27.485673, 0.067543, 6.141037
27.488414, 0.067543, 6.141037
27.491772, 0.067543, 6.141037
27.494225, 0.067543, 6.141037
27.496609, 0.067543, 6.141037
27.499098, 0.067543, 6.141037
27.501873, 0.067543, 6.141037
27.504469, 0.067543, 6.141037
27.507176, 0.067543, 6.141037
27.509914, 0.067543, 6.141037
27.512671, 0.067543, 6.141037
27.515276, 0.067543, 6.141037
27.518172, 0.067543, 6.141037
27.520851, 0.067543, 6.141037
27.523481, 0.067543, 6.141037
27.526104, 0.067543, 6.141037
27.528681, 0.067543, 6.141037
27.531332, 0.067543, 6.141037
27.534074, 0.067543, 6.141037
27.536816, 0.067543, 6.141037
27.539615, 0.067543, 6.141037
27.543201, 0.067543, 6.141037
27.545439, 0.067543, 6.141037
27.549241, 0.067543, 6.141037
27.553272, 0.067543, 6.141037
27.557225, 0.067543, 6.141037
27.560607, 0.064994, 5.909310
27.563575, 0.067543, 6.141037
27.566445, 0.067543, 6.141037
27.569201, 0.067543, 6.141037
27.571855, 0.067543, 6.141037
27.574511, 0.067543, 6.141037
27.577151, 0.067543, 6.141037
27.579803, 0.067543, 6.141037
27.582466, 0.064994, 5.909310
27.585969, 0.067543, 6.141037
27.588353, 0.067543, 6.141037
27.591186, 0.067543, 6.141037
27.594930, 0.067543, 6.141037
27.598917, 0.067543, 6.141037
27.602543, 0.067543, 6.141037
27.605870, 0.067543, 6.141037
27.608950, 0.067543, 6.141037
27.611986, 0.067543, 6.141037
27.614859, 0.067543, 6.141037
27.617634, 0.064994, 5.909310
27.620332, 0.067543, 6.141037
27.622969, 0.067543, 6.141037
27.625766, 0.067543, 6.141037
27.628558, 0.067543, 6.141037
27.631297, 0.064994, 5.909310
27.633989, 0.064994, 5.909310
27.636496, 0.067543, 6.141037
27.639062, 0.067543, 6.141037
27.641711, 0.064994, 5.909310
27.644329, 0.067543, 6.141037
27.646809, 0.067543, 6.141037
27.649385, 0.067543, 6.141037
27.651888, 0.067543, 6.141037
27.654355, 0.067543, 6.141037
27.656870, 0.064994, 5.909310
27.659640, 0.067543, 6.141037
27.662317, 0.067543, 6.141037
27.664946, 0.067543, 6.141037
27.667428, 0.067543, 6.141037
27.671128, 0.067543, 6.141037
27.674687, 0.067543, 6.141037
27.676948, 0.067543, 6.141037
27.679737, 0.067543, 6.141037
27.682139, 0.067543, 6.141037
27.684652, 0.067543, 6.141037
27.687140, 0.067543, 6.141037
27.689814, 0.067543, 6.141037
27.692608, 0.064994, 5.909310
27.695321, 0.067543, 6.141037
27.697791, 0.067543, 6.141037
27.700433, 0.067543, 6.141037
27.703020, 0.067543, 6.141037
27.705796, 0.067543, 6.141037
27.709464, 0.067543, 6.141037
27.711851, 0.067543, 6.141037
27.714106, 0.067543, 6.141037
27.716531, 0.067543, 6.141037
27.718928, 0.067543, 6.141037
27.722771, 0.067543, 6.141037
27.725647, 0.067543, 6.141037
27.727704, 0.064994, 5.909310
27.730222, 0.067543, 6.141037
27.732860, 0.067543, 6.141037
27.735438, 0.067543, 6.141037
27.738058, 0.067543, 6.141037
27.741485, 0.067543, 6.141037
27.744238, 0.067543, 6.141037
27.746354, 0.067543, 6.141037
27.748667, 0.067543, 6.141037
27.751840, 0.067543, 6.141037
27.754280, 0.067543, 6.141037
27.756827, 0.064994, 5.909310
27.759344, 0.064994, 5.909310
27.762042, 0.064994, 5.909310
27.764562, 0.067543, 6.141037
27.767078, 0.067543, 6.141037
27.769571, 0.067543, 6.141037
27.772826, 0.067543, 6.141037
27.776255, 0.067543, 6.141037
27.778504, 0.067543, 6.141037
27.780882, 0.067543, 6.141037
27.783690, 0.067543, 6.141037
27.787911, 0.064994, 5.909310
27.792142, 0.067543, 6.141037
27.794742, 0.067543, 6.141037
27.798984, 0.064994, 5.909310
27.803417, 0.064994, 5.909310
27.808038, 0.067543, 6.141037
27.811882, 0.064994, 5.909310
27.815153, 0.067543, 6.141037
27.821579, 0.067543, 6.141037
27.824414, 0.067543, 6.141037
27.826655, 0.067543, 6.141037
27.828928, 0.067543, 6.141037
27.831443, 0.067543, 6.141037
27.834252, 0.067543, 6.141037
27.837627, 0.067543, 6.141037
27.840511, 0.067543, 6.141037
27.843141, 0.067543, 6.141037
27.845689, 0.067543, 6.141037
27.848224, 0.064994, 5.909310
27.850817, 0.067543, 6.141037
27.853823, 0.067543, 6.141037
27.856503, 0.067543, 6.141037
27.858815, 0.067543, 6.141037
27.861158, 0.067543, 6.141037
27.863897, 0.067543, 6.141037
27.866522, 0.067543, 6.141037
27.869093, 0.064994, 5.909310
27.871653, 0.067543, 6.141037
27.874600, 0.067543, 6.141037
27.877251, 0.067543, 6.141037
27.880206, 0.067543, 6.141037
27.883064, 0.067543, 6.141037
27.886160, 0.064994, 5.909310
27.889117, 0.067543, 6.141037
27.891856, 0.067543, 6.141037
27.895018, 0.067543, 6.141037
27.899396, 0.067543, 6.141037
27.903561, 0.067543, 6.141037
27.907460, 0.064994, 5.909310
27.910990, 0.067543, 6.141037
27.914378, 0.067543, 6.141037
27.917588, 0.067543, 6.141037
27.920831, 0.067543, 6.141037
27.924189, 0.064994, 5.909310
27.928356, 0.067543, 6.141037
27.932483, 0.067543, 6.141037
27.935450, 0.067543, 6.141037
27.938008, 0.067543, 6.141037
27.941736, 0.067543, 6.141037
27.946605, 0.067543, 6.141037
27.950712, 0.067543, 6.141037
27.954486, 0.064994, 5.909310
27.957901, 0.067543, 6.141037
27.961874, 0.064994, 5.909310
27.964371, 0.067543, 6.141037
27.966578, 0.067543, 6.141037
27.968830, 0.067543, 6.141037
27.971552, 0.067543, 6.141037
27.974329, 0.064994, 5.909310
27.977132, 0.067543, 6.141037
27.980609, 0.067543, 6.141037
27.983694, 0.064994, 5.909310
27.986630, 0.067543, 6.141037
27.989444, 0.067543, 6.141037
27.992412, 0.067543, 6.141037
27.995219, 0.067543, 6.141037
27.998068, 0.067543, 6.141037
28.000944, 0.067543, 6.141037
28.003691, 0.067543, 6.141037
28.006562, 0.067543, 6.141037
28.009439, 0.067543, 6.141037
28.012290, 0.064994, 5.909310
28.015114, 0.064994, 5.909310
28.017932, 0.064994, 5.909310
28.020790, 0.067543, 6.141037
28.023557, 0.067543, 6.141037
28.026444, 0.067543, 6.141037
28.029415, 0.067543, 6.141037
28.032326, 0.067543, 6.141037
28.035289, 0.067543, 6.141037
28.038083, 0.067543, 6.141037
28.040914, 0.067543, 6.141037
28.043797, 0.064994, 5.909310
28.046626, 0.067543, 6.141037
28.049314, 0.067543, 6.141037
28.052068, 0.067543, 6.141037
28.054854, 0.067543, 6.141037
28.057716, 0.067543, 6.141037
28.060610, 0.067543, 6.141037
28.063538, 0.067543, 6.141037
28.066491, 0.067543, 6.141037
28.069304, 0.067543, 6.141037
28.072138, 0.067543, 6.141037
28.075024, 0.064994, 5.909310
28.077908, 0.067543, 6.141037
28.080816, 0.067543, 6.141037
28.083510, 0.067543, 6.141037
28.086371, 0.067543, 6.141037
28.089044, 0.067543, 6.141037
28.091765, 0.067543, 6.141037
28.094677, 0.067543, 6.141037
28.097480, 0.064994, 5.909310
28.100270, 0.067543, 6.141037
28.104184, 0.067543, 6.141037
28.106510, 0.064994, 5.909310
28.108784, 0.064994, 5.909310
28.111185, 0.064994, 5.909310
28.114926, 0.067543, 6.141037
28.117572, 0.067543, 6.141037
28.120071, 0.064994, 5.909310
28.123162, 0.064994, 5.909310
28.126186, 0.067543, 6.141037
28.128909, 0.067543, 6.141037
28.131489, 0.067543, 6.141037
28.135035, 0.067543, 6.141037
28.137585, 0.067543, 6.141037
28.140752, 0.067543, 6.141037
28.144812, 0.064994, 5.909310
28.147286, 0.067543, 6.141037
28.149607, 0.067543, 6.141037
28.152004, 0.067543, 6.141037
28.154702, 0.067543, 6.141037
28.157430, 0.067543, 6.141037
28.160018, 0.067543, 6.141037
28.162732, 0.067543, 6.141037
28.166345, 0.067543, 6.141037
28.168822, 0.067543, 6.141037
28.171199, 0.067543, 6.141037
28.174792, 0.067543, 6.141037
28.177713, 0.067543, 6.141037
28.180643, 0.067543, 6.141037
28.183845, 0.067543, 6.141037
28.186777, 0.067543, 6.141037
28.189037, 0.064994, 5.909310
28.192657, 0.067543, 6.141037
28.195910, 0.067543, 6.141037
28.197860, 0.067543, 6.141037
28.200171, 0.067543, 6.141037
28.202719, 0.064994, 5.909310
28.206081, 0.067543, 6.141037
28.209142, 0.064994, 5.909310
28.211772, 0.067543, 6.141037
28.214760, 0.067543, 6.141037
28.216977, 0.064994, 5.909310
28.219038, 0.067543, 6.141037
28.221240, 0.067543, 6.141037
28.224885, 0.064994, 5.909310
28.228002, 0.064994, 5.909310
28.230477, 0.067543, 6.141037
28.232595, 0.064994, 5.909310
28.235034, 0.067543, 6.141037
28.237518, 0.067543, 6.141037
28.241064, 0.067543, 6.141037
28.243403, 0.067543, 6.141037
28.247224, 0.067543, 6.141037
28.250276, 0.064994, 5.909310
28.252674, 0.067543, 6.141037
28.254904, 0.067543, 6.141037
28.258871, 0.067543, 6.141037
28.262434, 0.067543, 6.141037
28.265657, 0.067543, 6.141037
28.268024, 0.064994, 5.909310
28.270259, 0.064994, 5.909310
28.272715, 0.067543, 6.141037
28.275237, 0.067543, 6.141037
28.277872, 0.064994, 5.909310
28.280447, 0.067543, 6.141037
28.282941, 0.067543, 6.141037
28.285464, 0.067543, 6.141037
28.288050, 0.064994, 5.909310
28.291644, 0.064994, 5.909310
28.293782, 0.067543, 6.141037
28.295944, 0.067543, 6.141037
28.299491, 0.067543, 6.141037
28.301706, 0.067543, 6.141037
28.304188, 0.064994, 5.909310
28.308132, 0.064994, 5.909310
28.310490, 0.067543, 6.141037
28.312855, 0.067543, 6.141037
28.315198, 0.067543, 6.141037
28.317624, 0.067543, 6.141037
28.320195, 0.064994, 5.909310
28.322884, 0.064994, 5.909310
28.326158, 0.067543, 6.141037
28.328398, 0.067543, 6.141037
28.330724, 0.067543, 6.141037
28.333164, 0.067543, 6.141037
28.335678, 0.064994, 5.909310
28.338293, 0.067543, 6.141037
28.341137, 0.067543, 6.141037
28.343916, 0.067543, 6.141037
28.346517, 0.067543, 6.141037
28.349164, 0.064994, 5.909310
28.351814, 0.067543, 6.141037
28.354311, 0.067543, 6.141037
28.357265, 0.064994, 5.909310
28.360056, 0.067543, 6.141037
28.362557, 0.064994, 5.909310
28.365007, 0.067543, 6.141037
28.367435, 0.067543, 6.141037
28.369933, 0.064994, 5.909310
28.372410, 0.067543, 6.141037
28.375048, 0.067543, 6.141037
28.377571, 0.067543, 6.141037
28.380240, 0.067543, 6.141037
28.382896, 0.067543, 6.141037
28.385530, 0.067543, 6.141037
28.388007, 0.067543, 6.141037
28.391375, 0.067543, 6.141037
28.393853, 0.064994, 5.909310
28.396043, 0.067543, 6.141037
28.398313, 0.067543, 6.141037
28.400946, 0.067543, 6.141037
28.403695, 0.067543, 6.141037
28.406647, 0.067543, 6.141037
28.409923, 0.067543, 6.141037
28.412313, 0.067543, 6.141037
28.414629, 0.064994, 5.909310
28.416992, 0.067543, 6.141037
28.419582, 0.067543, 6.141037
28.422238, 0.064994, 5.909310
28.425909, 0.067543, 6.141037
28.428125, 0.067543, 6.141037
28.430784, 0.067543, 6.141037
28.434386, 0.067543, 6.141037
28.436996, 0.067543, 6.141037
28.439668, 0.067543, 6.141037
28.442612, 0.064994, 5.909310
28.445070, 0.067543, 6.141037
28.447559, 0.067543, 6.141037
28.450148, 0.064994, 5.909310
28.452695, 0.067543, 6.141037
28.455257, 0.067543, 6.141037
28.458152, 0.064994, 5.909310
28.460944, 0.064994, 5.909310
28.463763, 0.067543, 6.141037
28.466398, 0.067543, 6.141037
28.468930, 0.064994, 5.909310
28.471500, 0.064994, 5.909310
28.474352, 0.067543, 6.141037
28.477146, 0.067543, 6.141037
28.479618, 0.067543, 6.141037
28.482081, 0.067543, 6.141037
28.484742, 0.067543, 6.141037
28.487342, 0.067543, 6.141037
28.490215, 0.067543, 6.141037
28.492982, 0.067543, 6.141037
28.495839, 0.067543, 6.141037
28.498683, 0.064994, 5.909310
28.501414, 0.067543, 6.141037
28.503934, 0.067543, 6.141037
28.506668, 0.067543, 6.141037
28.509600, 0.064994, 5.909310
28.512251, 0.067543, 6.141037
28.515051, 0.064994, 5.909310
28.517840, 0.067543, 6.141037
28.520572, 0.067543, 6.141037
28.524264, 0.067543, 6.141037
28.529129, 0.067543, 6.141037
28.531392, 0.067543, 6.141037
28.534374, 0.067543, 6.141037
28.537115, 0.067543, 6.141037
28.540449, 0.067543, 6.141037
28.543354, 0.064994, 5.909310
28.546156, 0.067543, 6.141037
28.549013, 0.067543, 6.141037
28.552064, 0.067543, 6.141037
28.555108, 0.064994, 5.909310
28.558268, 0.067543, 6.141037
28.561299, 0.064994, 5.909310
28.564350, 0.067543, 6.141037
28.567297, 0.067543, 6.141037
28.570399, 0.064994, 5.909310
28.573228, 0.067543, 6.141037
28.575929, 0.067543, 6.141037
28.578595, 0.067543, 6.141037
28.581282, 0.067543, 6.141037
28.583951, 0.067543, 6.141037
28.586597, 0.067543, 6.141037
28.589724, 0.067543, 6.141037
28.592237, 0.064994, 5.909310
28.594530, 0.064994, 5.909310
28.596966, 0.064994, 5.909310
28.599549, 0.067543, 6.141037
28.603089, 0.067543, 6.141037
28.605392, 0.064994, 5.909310
28.609297, 0.067543, 6.141037
28.613301, 0.067543, 6.141037
28.617090, 0.067543, 6.141037
28.620965, 0.067543, 6.141037
28.623308, 0.064994, 5.909310
28.625528, 0.067543, 6.141037
28.627656, 0.064994, 5.909310
28.629775, 0.067543, 6.141037
28.632197, 0.067543, 6.141037
28.634867, 0.067543, 6.141037
28.637708, 0.067543, 6.141037
28.640588, 0.067543, 6.141037
28.643520, 0.067543, 6.141037
28.646454, 0.067543, 6.141037
28.649199, 0.067543, 6.141037
28.652565, 0.067543, 6.141037
28.655040, 0.067543, 6.141037
28.657275, 0.064994, 5.909310
28.659709, 0.067543, 6.141037
28.662491, 0.067543, 6.141037
28.665171, 0.067543, 6.141037
28.667927, 0.067543, 6.141037
28.670503, 0.067543, 6.141037
28.673279, 0.067543, 6.141037
28.676161, 0.067543, 6.141037
28.678888, 0.067543, 6.141037
28.681633, 0.067543, 6.141037
28.684220, 0.067543, 6.141037
28.686840, 0.067543, 6.141037
28.689483, 0.067543, 6.141037
28.692095, 0.067543, 6.141037
28.694978, 0.067543, 6.141037
28.697662, 0.067543, 6.141037
28.700122, 0.067543, 6.141037
28.702616, 0.067543, 6.141037
28.705233, 0.064994, 5.909310
28.708953, 0.067543, 6.141037
28.711159, 0.067543, 6.141037
28.713434, 0.067543, 6.141037
28.715877, 0.067543, 6.141037
28.718444, 0.067543, 6.141037
28.721017, 0.067543, 6.141037
28.723865, 0.067543, 6.141037
28.726625, 0.067543, 6.141037
28.729279, 0.067543, 6.141037
28.731787, 0.067543, 6.141037
28.734480, 0.067543, 6.141037
28.737098, 0.064994, 5.909310
28.740774, 0.067543, 6.141037
28.743896, 0.067543, 6.141037
28.746393, 0.067543, 6.141037
28.748878, 0.067543, 6.141037
28.751231, 0.067543, 6.141037
28.753746, 0.067543, 6.141037
28.756283, 0.067543, 6.141037
28.759665, 0.067543, 6.141037
28.762166, 0.067543, 6.141037
28.765426, 0.067543, 6.141037
28.768133, 0.067543, 6.141037
28.770398, 0.067543, 6.141037
28.772977, 0.067543, 6.141037
28.777087, 0.067543, 6.141037
28.779502, 0.067543, 6.141037
28.781786, 0.067543, 6.141037
28.784047, 0.067543, 6.141037
28.786773, 0.067543, 6.141037
28.789248, 0.067543, 6.141037
28.791798, 0.067543, 6.141037
28.794284, 0.067543, 6.141037
28.797087, 0.067543, 6.141037
28.799765, 0.067543, 6.141037
28.802306, 0.067543, 6.141037
28.804918, 0.067543, 6.141037
28.807572, 0.067543, 6.141037
28.810371, 0.067543, 6.141037
28.812708, 0.067543, 6.141037
28.815129, 0.067543, 6.141037
28.817823, 0.067543, 6.141037
28.820472, 0.067543, 6.141037
28.823664, 0.067543, 6.141037
28.826936, 0.067543, 6.141037
28.829363, 0.067543, 6.141037
28.831845, 0.067543, 6.141037
28.834312, 0.067543, 6.141037
28.837118, 0.067543, 6.141037
28.839933, 0.067543, 6.141037
28.842596, 0.067543, 6.141037
28.845222, 0.067543, 6.141037
28.849762, 0.067543, 6.141037
28.853504, 0.067543, 6.141037
28.856344, 0.067543, 6.141037
28.859985, 0.067543, 6.141037
28.863719, 0.067543, 6.141037
28.867118, 0.067543, 6.141037
28.870407, 0.067543, 6.141037
28.873489, 0.067543, 6.141037
28.875915, 0.067543, 6.141037
28.878251, 0.067543, 6.141037
28.880506, 0.067543, 6.141037
28.882939, 0.067543, 6.141037
28.885427, 0.067543, 6.141037
28.888806, 0.067543, 6.141037
28.891209, 0.067543, 6.141037
28.893594, 0.067543, 6.141037
28.896063, 0.067543, 6.141037
28.899392, 0.064994, 5.909310
28.901651, 0.067543, 6.141037
28.904073, 0.067543, 6.141037
28.906779, 0.067543, 6.141037
28.909537, 0.067543, 6.141037
28.912227, 0.067543, 6.141037
28.914726, 0.067543, 6.141037
28.917429, 0.067543, 6.141037
28.920054, 0.067543, 6.141037
28.922628, 0.067543, 6.141037
28.925820, 0.067543, 6.141037
28.929163, 0.067543, 6.141037
28.931128, 0.067543, 6.141037
28.933396, 0.064994, 5.909310
28.935953, 0.067543, 6.141037
28.938932, 0.067543, 6.141037
28.942606, 0.067543, 6.141037
28.944812, 0.067543, 6.141037
28.946949, 0.067543, 6.141037
28.949440, 0.067543, 6.141037
28.951975, 0.067543, 6.141037
28.954492, 0.067543, 6.141037
28.958243, 0.067543, 6.141037
28.962696, 0.067543, 6.141037
28.964834, 0.067543, 6.141037
28.967228, 0.067543, 6.141037
28.969889, 0.067543, 6.141037
28.972696, 0.064994, 5.909310
28.976450, 0.067543, 6.141037
28.978841, 0.067543, 6.141037
28.981344, 0.067543, 6.141037
28.983976, 0.067543, 6.141037
28.986552, 0.067543, 6.141037
28.990495, 0.067543, 6.141037
28.993476, 0.067543, 6.141037
28.996016, 0.067543, 6.141037
28.998584, 0.067543, 6.141037
29.001310, 0.067543, 6.141037
29.004120, 0.067543, 6.141037
29.007175, 0.067543, 6.141037
29.010193, 0.067543, 6.141037
29.013061, 0.067543, 6.141037
29.015988, 0.067543, 6.141037
29.019223, 0.067543, 6.141037
29.021976, 0.067543, 6.141037
29.024771, 0.067543, 6.141037
29.027511, 0.064994, 5.909310
29.030147, 0.067543, 6.141037
29.032702, 0.067543, 6.141037
29.035219, 0.067543, 6.141037
29.037784, 0.067543, 6.141037
29.040509, 0.067543, 6.141037
29.043213, 0.067543, 6.141037
29.045923, 0.067543, 6.141037
29.048692, 0.067543, 6.141037
29.051281, 0.067543, 6.141037
29.053846, 0.067543, 6.141037
29.056635, 0.067543, 6.141037
29.059352, 0.067543, 6.141037
29.061971, 0.067543, 6.141037
29.064481, 0.064994, 5.909310
29.066989, 0.067543, 6.141037
29.069677, 0.067543, 6.141037
29.072307, 0.067543, 6.141037
29.074891, 0.067543, 6.141037
29.077359, 0.067543, 6.141037
29.080077, 0.067543, 6.141037
29.082689, 0.067543, 6.141037
29.085179, 0.067543, 6.141037
29.088195, 0.067543, 6.141037
29.091453, 0.067543, 6.141037
29.093608, 0.067543, 6.141037
29.095985, 0.067543, 6.141037
29.098732, 0.067543, 6.141037
29.101924, 0.067543, 6.141037
29.104578, 0.067543, 6.141037
29.107686, 0.067543, 6.141037
29.110528, 0.067543, 6.141037
29.113214, 0.067543, 6.141037
29.116648, 0.067543, 6.141037
29.118772, 0.067543, 6.141037
29.121046, 0.067543, 6.141037
29.124161, 0.067543, 6.141037
29.127249, 0.067543, 6.141037
29.130800, 0.067543, 6.141037
29.133022, 0.067543, 6.141037
29.135442, 0.067543, 6.141037
29.137827, 0.067543, 6.141037
29.141351, 0.067543, 6.141037
29.143587, 0.067543, 6.141037
29.145814, 0.067543, 6.141037
29.148214, 0.067543, 6.141037
29.150907, 0.067543, 6.141037
29.153494, 0.067543, 6.141037
29.156182, 0.067543, 6.141037
29.158795, 0.067543, 6.141037
29.161597, 0.067543, 6.141037
29.164229, 0.067543, 6.141037
29.166887, 0.067543, 6.141037
29.169399, 0.067543, 6.141037
29.172249, 0.067543, 6.141037
29.175589, 0.067543, 6.141037
29.177836, 0.067543, 6.141037
29.180137, 0.067543, 6.141037
29.183489, 0.067543, 6.141037
29.185654, 0.067543, 6.141037
29.187956, 0.067543, 6.141037
29.191295, 0.067543, 6.141037
29.193517, 0.067543, 6.141037
29.195889, 0.067543, 6.141037
29.198282, 0.067543, 6.141037
29.200721, 0.067543, 6.141037
29.203471, 0.067543, 6.141037
29.206129, 0.067543, 6.141037
29.208814, 0.067543, 6.141037
29.211446, 0.067543, 6.141037
29.213967, 0.067543, 6.141037
29.216458, 0.067543, 6.141037
29.218966, 0.067543, 6.141037
29.221461, 0.067543, 6.141037
29.225089, 0.067543, 6.141037
29.227243, 0.067543, 6.141037
29.229417, 0.067543, 6.141037
29.231898, 0.067543, 6.141037
29.234522, 0.067543, 6.141037
29.237063, 0.067543, 6.141037
29.240060, 0.067543, 6.141037
29.243551, 0.067543, 6.141037
29.246017, 0.067543, 6.141037
29.248118, 0.067543, 6.141037
29.250658, 0.067543, 6.141037
29.253558, 0.067543, 6.141037
29.256353, 0.067543, 6.141037
29.259074, 0.067543, 6.141037
29.261643, 0.067543, 6.141037
29.264374, 0.067543, 6.141037
29.267103, 0.067543, 6.141037
29.270290, 0.067543, 6.141037
29.274320, 0.067543, 6.141037
29.277218, 0.067543, 6.141037
29.279664, 0.067543, 6.141037
29.282091, 0.070092, 6.372763
29.284575, 0.067543, 6.141037
29.287054, 0.067543, 6.141037
29.290046, 0.067543, 6.141037
29.293682, 0.067543, 6.141037
29.296095, 0.067543, 6.141037
29.298168, 0.067543, 6.141037
29.300523, 0.067543, 6.141037
29.303871, 0.067543, 6.141037
29.308020, 0.067543, 6.141037
29.311038, 0.067543, 6.141037
29.314490, 0.067543, 6.141037
29.322163, 0.067543, 6.141037
29.326380, 0.067543, 6.141037
29.330413, 0.067543, 6.141037
29.334363, 0.067543, 6.141037
29.337384, 0.067543, 6.141037
29.340144, 0.067543, 6.141037
29.344716, 0.067543, 6.141037
29.348781, 0.067543, 6.141037
29.352120, 0.067543, 6.141037
29.355291, 0.067543, 6.141037
29.358944, 0.070092, 6.372763
29.361331, 0.067543, 6.141037
29.363685, 0.067543, 6.141037
29.366107, 0.067543, 6.141037
29.368710, 0.067543, 6.141037
29.371222, 0.067543, 6.141037
29.376053, 0.067543, 6.141037
29.378350, 0.067543, 6.141037
29.380422, 0.067543, 6.141037
29.382832, 0.067543, 6.141037
29.386445, 0.067543, 6.141037
29.388882, 0.067543, 6.141037
29.391255, 0.067543, 6.141037
29.393825, 0.067543, 6.141037
29.396608, 0.067543, 6.141037
29.399272, 0.067543, 6.141037
29.402020, 0.067543, 6.141037
29.404635, 0.067543, 6.141037
29.407646, 0.067543, 6.141037
29.410370, 0.070092, 6.372763
29.412987, 0.067543, 6.141037
29.416107, 0.067543, 6.141037
29.418510, 0.067543, 6.141037
29.420690, 0.067543, 6.141037
29.423302, 0.067543, 6.141037
29.427924, 0.067543, 6.141037
29.431693, 0.067543, 6.141037
29.434876, 0.067543, 6.141037
29.438059, 0.067543, 6.141037
29.440764, 0.067543, 6.141037
29.443165, 0.067543, 6.141037
29.445314, 0.067543, 6.141037
29.448363, 0.067543, 6.141037
29.450359, 0.067543, 6.141037
29.452720, 0.067543, 6.141037
29.455266, 0.067543, 6.141037
29.458568, 0.070092, 6.372763
29.460975, 0.067543, 6.141037
29.463364, 0.067543, 6.141037
29.465777, 0.067543, 6.141037
29.470105, 0.067543, 6.141037
29.473185, 0.067543, 6.141037
29.476207, 0.067543, 6.141037
29.478209, 0.064994, 5.909310
29.480671, 0.067543, 6.141037
29.483168, 0.067543, 6.141037
29.485799, 0.067543, 6.141037
29.489183, 0.067543, 6.141037
29.492319, 0.067543, 6.141037
29.494743, 0.067543, 6.141037
29.497212, 0.067543, 6.141037
29.499946, 0.067543, 6.141037
29.502720, 0.070092, 6.372763
29.506010, 0.067543, 6.141037
29.509435, 0.067543, 6.141037
29.511805, 0.067543, 6.141037
29.514175, 0.067543, 6.141037
29.516643, 0.067543, 6.141037
29.519519, 0.067543, 6.141037
29.522378, 0.067543, 6.141037
29.525970, 0.067543, 6.141037
29.528300, 0.067543, 6.141037
29.530807, 0.067543, 6.141037
29.533324, 0.067543, 6.141037
29.536982, 0.067543, 6.141037
29.540036, 0.067543, 6.141037
29.543170, 0.067543, 6.141037
29.545838, 0.067543, 6.141037
29.548538, 0.067543, 6.141037
29.551178, 0.067543, 6.141037
29.554308, 0.067543, 6.141037
29.557390, 0.067543, 6.141037
29.559788, 0.067543, 6.141037
29.561931, 0.067543, 6.141037
29.564371, 0.067543, 6.141037
29.566963, 0.067543, 6.141037
29.569629, 0.067543, 6.141037
29.572356, 0.067543, 6.141037
29.575266, 0.067543, 6.141037
29.577940, 0.067543, 6.141037
29.580509, 0.070092, 6.372763
29.583080, 0.067543, 6.141037
29.585645, 0.067543, 6.141037
29.588189, 0.067543, 6.141037
29.590758, 0.067543, 6.141037
29.593351, 0.067543, 6.141037
29.596398, 0.067543, 6.141037
29.599035, 0.067543, 6.141037
29.601631, 0.064994, 5.909310
29.604462, 0.067543, 6.141037
29.607378, 0.067543, 6.141037
29.609731, 0.067543, 6.141037
29.611977, 0.067543, 6.141037
29.614361, 0.067543, 6.141037
29.617873, 0.067543, 6.141037
29.620276, 0.067543, 6.141037
29.622675, 0.067543, 6.141037
29.625196, 0.067543, 6.141037
29.627763, 0.067543, 6.141037
29.630356, 0.067543, 6.141037
29.632939, 0.067543, 6.141037
29.636312, 0.067543, 6.141037
29.638607, 0.067543, 6.141037
29.640942, 0.067543, 6.141037
29.643402, 0.067543, 6.141037
29.646006, 0.067543, 6.141037
29.649202, 0.067543, 6.141037
29.651903, 0.067543, 6.141037
29.654473, 0.067543, 6.141037
29.657249, 0.067543, 6.141037
29.660052, 0.067543, 6.141037
29.662780, 0.067543, 6.141037
29.665331, 0.067543, 6.141037
29.668040, 0.070092, 6.372763
29.670584, 0.067543, 6.141037
29.673188, 0.064994, 5.909310
29.675846, 0.067543, 6.141037
29.678750, 0.067543, 6.141037
29.681416, 0.067543, 6.141037
29.683905, 0.067543, 6.141037
29.686410, 0.067543, 6.141037
29.689159, 0.067543, 6.141037
29.692784, 0.067543, 6.141037
29.694918, 0.067543, 6.141037
29.697265, 0.067543, 6.141037
29.699917, 0.067543, 6.141037
29.702461, 0.067543, 6.141037
29.705001, 0.067543, 6.141037
29.708710, 0.067543, 6.141037
29.711389, 0.067543, 6.141037
29.713938, 0.067543, 6.141037
29.716552, 0.067543, 6.141037
29.719122, 0.067543, 6.141037
29.721743, 0.067543, 6.141037
29.725114, 0.067543, 6.141037
29.728053, 0.067543, 6.141037
29.730804, 0.067543, 6.141037
29.733370, 0.067543, 6.141037
29.735952, 0.067543, 6.141037
29.738629, 0.067543, 6.141037
29.741672, 0.067543, 6.141037
29.744467, 0.067543, 6.141037
29.747008, 0.067543, 6.141037
29.749503, 0.067543, 6.141037
29.751991, 0.067543, 6.141037
29.754512, 0.067543, 6.141037
29.757207, 0.067543, 6.141037
29.759860, 0.067543, 6.141037
29.762313, 0.070092, 6.372763
29.764765, 0.067543, 6.141037
29.767770, 0.067543, 6.141037
29.769922, 0.067543, 6.141037
29.771963, 0.067543, 6.141037
29.774407, 0.067543, 6.141037
29.777253, 0.067543, 6.141037
29.779970, 0.067543, 6.141037
29.782653, 0.067543, 6.141037
29.785208, 0.067543, 6.141037
29.788840, 0.067543, 6.141037
29.792086, 0.067543, 6.141037
29.794199, 0.067543, 6.141037
29.796501, 0.067543, 6.141037
29.799716, 0.067543, 6.141037
29.801927, 0.067543, 6.141037
29.804263, 0.067543, 6.141037
29.807796, 0.067543, 6.141037
29.810469, 0.067543, 6.141037
29.812593, 0.067543, 6.141037
29.815167, 0.067543, 6.141037
29.818255, 0.067543, 6.141037
29.820943, 0.067543, 6.141037
29.823924, 0.067543, 6.141037
29.826667, 0.067543, 6.141037
29.830101, 0.067543, 6.141037
29.832201, 0.067543, 6.141037
29.834383, 0.067543, 6.141037
29.836850, 0.067543, 6.141037
29.839713, 0.067543, 6.141037
29.842478, 0.067543, 6.141037
29.845100, 0.067543, 6.141037
29.847736, 0.067543, 6.141037
29.850394, 0.067543, 6.141037
29.853063, 0.067543, 6.141037
29.855612, 0.067543, 6.141037
29.859938, 0.067543, 6.141037
29.862015, 0.067543, 6.141037
29.864252, 0.067543, 6.141037
29.866653, 0.067543, 6.141037
29.869312, 0.070092, 6.372763
29.872465, 0.067543, 6.141037
29.876320, 0.067543, 6.141037
29.879210, 0.067543, 6.141037
29.882013, 0.067543, 6.141037
29.884100, 0.067543, 6.141037
29.886412, 0.067543, 6.141037
29.889716, 0.067543, 6.141037
29.892865, 0.067543, 6.141037
29.895511, 0.067543, 6.141037
29.898079, 0.067543, 6.141037
29.900453, 0.067543, 6.141037
29.902728, 0.067543, 6.141037
29.904963, 0.067543, 6.141037
29.907391, 0.067543, 6.141037
29.909594, 0.064994, 5.909310
29.912511, 0.067543, 6.141037
29.914908, 0.067543, 6.141037
29.917459, 0.070092, 6.372763
29.921184, 0.067543, 6.141037
29.925252, 0.067543, 6.141037
29.927725, 0.067543, 6.141037
29.929942, 0.067543, 6.141037
29.932218, 0.067543, 6.141037
29.934668, 0.067543, 6.141037
29.937261, 0.067543, 6.141037
29.940584, 0.067543, 6.141037
29.944065, 0.067543, 6.141037
29.946363, 0.067543, 6.141037
29.948809, 0.067543, 6.141037
29.952499, 0.067543, 6.141037
29.954732, 0.067543, 6.141037
29.957293, 0.067543, 6.141037
29.960212, 0.067543, 6.141037
29.963026, 0.070092, 6.372763
29.965843, 0.067543, 6.141037
29.968505, 0.067543, 6.141037
29.971304, 0.067543, 6.141037
29.974227, 0.067543, 6.141037
29.976986, 0.067543, 6.141037
29.979780, 0.067543, 6.141037
29.982326, 0.067543, 6.141037
29.984821, 0.067543, 6.141037
29.987333, 0.067543, 6.141037
29.990367, 0.067543, 6.141037
29.993743, 0.067543, 6.141037
29.995957, 0.067543, 6.141037
29.998250, 0.070092, 6.372763
30.001274, 0.067543, 6.141037
30.004233, 0.067543, 6.141037
30.007559, 0.067543, 6.141037
30.010324, 0.067543, 6.141037
30.013011, 0.067543, 6.141037
30.015466, 0.067543, 6.141037
30.017846, 0.067543, 6.141037
30.020231, 0.067543, 6.141037
30.025221, 0.067543, 6.141037
30.027899, 0.067543, 6.141037
30.030366, 0.067543, 6.141037
30.032679, 0.067543, 6.141037
30.035097, 0.067543, 6.141037
30.037759, 0.067543, 6.141037
30.040795, 0.067543, 6.141037
30.043702, 0.067543, 6.141037
30.046323, 0.067543, 6.141037
30.048985, 0.067543, 6.141037
30.051713, 0.067543, 6.141037
30.054585, 0.067543, 6.141037
30.057270, 0.070092, 6.372763
30.059847, 0.067543, 6.141037
30.062434, 0.067543, 6.141037
30.065038, 0.067543, 6.141037
30.067764, 0.067543, 6.141037
30.070560, 0.067543, 6.141037
30.073527, 0.067543, 6.141037
30.076299, 0.067543, 6.141037
30.079086, 0.070092, 6.372763
30.082405, 0.067543, 6.141037
30.084627, 0.067543, 6.141037
30.086971, 0.067543, 6.141037
30.090485, 0.067543, 6.141037
30.092607, 0.067543, 6.141037
30.094952, 0.067543, 6.141037
30.097566, 0.067543, 6.141037
30.100342, 0.067543, 6.141037
30.103170, 0.067543, 6.141037
30.106047, 0.067543, 6.141037
30.109215, 0.067543, 6.141037
30.112040, 0.067543, 6.141037
30.114816, 0.067543, 6.141037
30.117514, 0.067543, 6.141037
30.120296, 0.067543, 6.141037
30.123152, 0.067543, 6.141037
30.125889, 0.067543, 6.141037
30.128581, 0.070092, 6.372763
30.131225, 0.067543, 6.141037
30.133818, 0.067543, 6.141037
30.136302, 0.067543, 6.141037
30.138807, 0.067543, 6.141037
30.141553, 0.067543, 6.141037
30.144129, 0.067543, 6.141037
30.146811, 0.067543, 6.141037
30.150026, 0.067543, 6.141037
30.152306, 0.067543, 6.141037
30.154380, 0.067543, 6.141037
30.157116, 0.067543, 6.141037
30.159758, 0.067543, 6.141037
30.162427, 0.067543, 6.141037
30.164948, 0.067543, 6.141037
30.167605, 0.067543, 6.141037
30.170276, 0.067543, 6.141037
30.173856, 0.067543, 6.141037
30.176515, 0.067543, 6.141037
30.179011, 0.067543, 6.141037
30.181935, 0.067543, 6.141037
30.184412, 0.067543, 6.141037
30.186965, 0.070092, 6.372763
30.189643, 0.067543, 6.141037
30.192797, 0.067543, 6.141037
30.195546, 0.067543, 6.141037
30.198318, 0.067543, 6.141037
30.201132, 0.067543, 6.141037
30.204007, 0.067543, 6.141037
30.206814, 0.067543, 6.141037
30.209458, 0.067543, 6.141037
30.212095, 0.067543, 6.141037
30.214719, 0.067543, 6.141037
30.217274, 0.067543, 6.141037
30.219900, 0.067543, 6.141037
30.222859, 0.067543, 6.141037
30.225690, 0.067543, 6.141037
30.228318, 0.067543, 6.141037
30.230895, 0.067543, 6.141037
30.233530, 0.064994, 5.909310
30.236158, 0.067543, 6.141037
30.238651, 0.067543, 6.141037
30.241511, 0.067543, 6.141037
30.244232, 0.067543, 6.141037
30.246897, 0.067543, 6.141037
30.249359, 0.067543, 6.141037
30.251982, 0.067543, 6.141037
30.254674, 0.067543, 6.141037
30.257271, 0.067543, 6.141037
30.259874, 0.067543, 6.141037
30.262624, 0.067543, 6.141037
30.265163, 0.067543, 6.141037
30.267720, 0.067543, 6.141037
30.270168, 0.067543, 6.141037
30.274561, 0.070092, 6.372763
30.277949, 0.067543, 6.141037
30.280364, 0.067543, 6.141037
30.282773, 0.064994, 5.909310
30.285093, 0.067543, 6.141037
30.287479, 0.067543, 6.141037
30.290053, 0.067543, 6.141037
30.292627, 0.067543, 6.141037
30.295093, 0.067543, 6.141037
30.297639, 0.067543, 6.141037
30.300138, 0.067543, 6.141037
30.302808, 0.067543, 6.141037
30.305399, 0.067543, 6.141037
30.308117, 0.067543, 6.141037
30.310762, 0.067543, 6.141037
30.313391, 0.067543, 6.141037
30.316079, 0.067543, 6.141037
30.318668, 0.067543, 6.141037
30.321272, 0.067543, 6.141037
30.324001, 0.067543, 6.141037
30.326743, 0.067543, 6.141037
30.329655, 0.067543, 6.141037
30.332395, 0.067543, 6.141037
30.335206, 0.067543, 6.141037
30.337803, 0.067543, 6.141037
30.340580, 0.067543, 6.141037
30.343335, 0.067543, 6.141037
30.346081, 0.067543, 6.141037
30.348577, 0.067543, 6.141037
30.351052, 0.067543, 6.141037
30.353507, 0.067543, 6.141037
30.356011, 0.067543, 6.141037
30.358586, 0.067543, 6.141037
30.361290, 0.067543, 6.141037
30.363731, 0.067543, 6.141037
30.366220, 0.067543, 6.141037
30.369099, 0.070092, 6.372763
30.372398, 0.067543, 6.141037
30.375341, 0.067543, 6.141037
30.377969, 0.067543, 6.141037
30.380601, 0.067543, 6.141037
30.383229, 0.067543, 6.141037
30.385803, 0.067543, 6.141037
30.388483, 0.067543, 6.141037
30.391090, 0.067543, 6.141037
30.393878, 0.067543, 6.141037
30.396405, 0.067543, 6.141037
30.399113, 0.067543, 6.141037
30.401981, 0.067543, 6.141037
30.404486, 0.067543, 6.141037
30.407154, 0.067543, 6.141037
30.409830, 0.067543, 6.141037
30.412715, 0.067543, 6.141037
30.415233, 0.067543, 6.141037
30.417753, 0.070092, 6.372763
30.420283, 0.070092, 6.372763
30.422794, 0.067543, 6.141037
30.425538, 0.067543, 6.141037
30.428141, 0.067543, 6.141037
30.430725, 0.067543, 6.141037
30.433449, 0.067543, 6.141037
30.435890, 0.067543, 6.141037
30.438482, 0.067543, 6.141037
30.441119, 0.067543, 6.141037
30.443783, 0.067543, 6.141037
30.446520, 0.067543, 6.141037
30.449017, 0.067543, 6.141037
30.451656, 0.067543, 6.141037
30.454277, 0.067543, 6.141037
30.456772, 0.067543, 6.141037
30.460029, 0.067543, 6.141037
30.462735, 0.067543, 6.141037
30.465417, 0.067543, 6.141037
30.467856, 0.067543, 6.141037
30.470323, 0.067543, 6.141037
30.472967, 0.067543, 6.141037
30.475750, 0.067543, 6.141037
30.478383, 0.070092, 6.372763
30.480854, 0.067543, 6.141037
30.483303, 0.067543, 6.141037
30.485741, 0.067543, 6.141037
30.488192, 0.067543, 6.141037
30.492083, 0.067543, 6.141037
30.494666, 0.067543, 6.141037
30.497055, 0.067543, 6.141037
30.499877, 0.067543, 6.141037
30.503088, 0.067543, 6.141037
30.505958, 0.067543, 6.141037
30.508692, 0.067543, 6.141037
30.511183, 0.067543, 6.141037
30.513983, 0.067543, 6.141037
30.516412, 0.070092, 6.372763
30.518725, 0.067543, 6.141037
30.521455, 0.067543, 6.141037
30.524680, 0.067543, 6.141037
30.527494, 0.067543, 6.141037
30.530506, 0.067543, 6.141037
30.533185, 0.067543, 6.141037
30.535775, 0.070092, 6.372763
30.538322, 0.067543, 6.141037
30.541117, 0.067543, 6.141037
30.543790, 0.067543, 6.141037
30.546434, 0.067543, 6.141037
30.549108, 0.067543, 6.141037
30.552095, 0.067543, 6.141037
30.555028, 0.067543, 6.141037
30.558096, 0.067543, 6.141037
30.561114, 0.067543, 6.141037
30.564212, 0.067543, 6.141037
30.567463, 0.067543, 6.141037
30.570271, 0.067543, 6.141037
30.573187, 0.067543, 6.141037
30.576702, 0.067543, 6.141037
30.580049, 0.067543, 6.141037
30.583140, 0.067543, 6.141037
30.586359, 0.067543, 6.141037
30.589362, 0.067543, 6.141037
30.593223, 0.067543, 6.141037
30.595534, 0.067543, 6.141037
30.598208, 0.067543, 6.141037
30.601331, 0.067543, 6.141037
30.604231, 0.067543, 6.141037
30.607327, 0.067543, 6.141037
30.610387, 0.067543, 6.141037
30.613417, 0.067543, 6.141037
30.616358, 0.067543, 6.141037
30.619288, 0.067543, 6.141037
30.622346, 0.067543, 6.141037
30.625512, 0.067543, 6.141037
30.628315, 0.067543, 6.141037
30.631425, 0.067543, 6.141037
30.633722, 0.067543, 6.141037
30.635887, 0.067543, 6.141037
30.638056, 0.067543, 6.141037
30.640515, 0.067543, 6.141037
30.643273, 0.067543, 6.141037
30.646041, 0.067543, 6.141037
30.648829, 0.067543, 6.141037
30.651534, 0.067543, 6.141037
30.654334, 0.067543, 6.141037
30.657189, 0.067543, 6.141037
30.659862, 0.067543, 6.141037
30.662724, 0.067543, 6.141037
30.665339, 0.067543, 6.141037
30.667995, 0.067543, 6.141037
30.670484, 0.067543, 6.141037
30.675001, 0.067543, 6.141037
30.677690, 0.067543, 6.141037
30.679848, 0.067543, 6.141037
30.682198, 0.067543, 6.141037
30.684814, 0.067543, 6.141037
30.687387, 0.067543, 6.141037
30.690089, 0.067543, 6.141037
30.693084, 0.067543, 6.141037
30.696509, 0.067543, 6.141037
30.699234, 0.067543, 6.141037
30.701632, 0.067543, 6.141037
30.704347, 0.067543, 6.141037
30.707809, 0.067543, 6.141037
30.710323, 0.067543, 6.141037
30.713054, 0.067543, 6.141037
30.716287, 0.067543, 6.141037
30.718582, 0.067543, 6.141037
30.720839, 0.067543, 6.141037
30.724599, 0.067543, 6.141037
30.727932, 0.067543, 6.141037
30.730217, 0.067543, 6.141037
30.733092, 0.067543, 6.141037
30.735552, 0.067543, 6.141037
30.737870, 0.067543, 6.141037
30.740803, 0.067543, 6.141037
30.743769, 0.070092, 6.372763
30.745925, 0.067543, 6.141037
30.748033, 0.070092, 6.372763
30.750395, 0.067543, 6.141037
30.753019, 0.067543, 6.141037
30.755657, 0.067543, 6.141037
30.758461, 0.070092, 6.372763
30.761131, 0.067543, 6.141037
30.764568, 0.070092, 6.372763
30.766830, 0.067543, 6.141037
30.768997, 0.067543, 6.141037
30.771272, 0.067543, 6.141037
30.774724, 0.067543, 6.141037
30.776890, 0.070092, 6.372763
30.779204, 0.067543, 6.141037
30.781851, 0.067543, 6.141037
30.784859, 0.067543, 6.141037
30.787482, 0.067543, 6.141037
30.790641, 0.067543, 6.141037
30.793274, 0.067543, 6.141037
30.797041, 0.067543, 6.141037
30.799919, 0.067543, 6.141037
30.803034, 0.067543, 6.141037
30.807004, 0.067543, 6.141037
30.811644, 0.067543, 6.141037
30.815250, 0.067543, 6.141037
30.817710, 0.067543, 6.141037
30.820120, 0.067543, 6.141037
30.823428, 0.067543, 6.141037
30.826370, 0.067543, 6.141037
30.828937, 0.067543, 6.141037
30.831467, 0.067543, 6.141037
30.834178, 0.067543, 6.141037
30.836851, 0.067543, 6.141037
30.839629, 0.067543, 6.141037
30.843323, 0.067543, 6.141037
30.845807, 0.067543, 6.141037
30.847971, 0.067543, 6.141037
30.850388, 0.067543, 6.141037
30.852945, 0.067543, 6.141037
30.855597, 0.067543, 6.141037
30.859206, 0.067543, 6.141037
30.861328, 0.067543, 6.141037
30.864083, 0.070092, 6.372763
30.866476, 0.067543, 6.141037
30.869046, 0.067543, 6.141037
30.871736, 0.067543, 6.141037
30.875233, 0.067543, 6.141037
30.878031, 0.067543, 6.141037
30.880723, 0.070092, 6.372763
30.884297, 0.067543, 6.141037
30.886394, 0.067543, 6.141037
30.888534, 0.067543, 6.141037
30.891251, 0.070092, 6.372763
30.894009, 0.067543, 6.141037
30.896590, 0.067543, 6.141037
30.899213, 0.067543, 6.141037
30.902190, 0.067543, 6.141037
30.905784, 0.067543, 6.141037
30.908097, 0.067543, 6.141037
30.910518, 0.067543, 6.141037
30.914143, 0.067543, 6.141037
30.917697, 0.067543, 6.141037
30.920463, 0.067543, 6.141037
30.923800, 0.070092, 6.372763
30.926852, 0.067543, 6.141037
30.929373, 0.067543, 6.141037
30.931908, 0.067543, 6.141037
30.934583, 0.067543, 6.141037
30.937783, 0.070092, 6.372763
30.942247, 0.070092, 6.372763
30.944336, 0.067543, 6.141037
30.946657, 0.067543, 6.141037
30.949261, 0.067543, 6.141037
30.951892, 0.067543, 6.141037
30.954800, 0.067543, 6.141037
30.958470, 0.067543, 6.141037
30.960779, 0.067543, 6.141037
30.962988, 0.067543, 6.141037
30.965387, 0.067543, 6.141037
30.968579, 0.067543, 6.141037
30.971275, 0.067543, 6.141037
30.974949, 0.067543, 6.141037
30.977078, 0.067543, 6.141037
30.979530, 0.067543, 6.141037
30.982169, 0.067543, 6.141037
30.985582, 0.067543, 6.141037
30.987760, 0.067543, 6.141037
30.990206, 0.067543, 6.141037
30.992796, 0.067543, 6.141037
30.995430, 0.067543, 6.141037
30.998014, 0.067543, 6.141037
31.000628, 0.067543, 6.141037
31.004217, 0.067543, 6.141037
31.006549, 0.067543, 6.141037
31.008775, 0.067543, 6.141037
31.011177, 0.067543, 6.141037
31.013645, 0.067543, 6.141037
31.016105, 0.067543, 6.141037
31.019060, 0.067543, 6.141037
31.021586, 0.067543, 6.141037
31.025313, 0.070092, 6.372763
31.027658, 0.067543, 6.141037
31.029950, 0.067543, 6.141037
31.032408, 0.067543, 6.141037
31.034902, 0.067543, 6.141037
31.037400, 0.067543, 6.141037
31.040167, 0.067543, 6.141037
31.044205, 0.067543, 6.141037
31.047568, 0.070092, 6.372763
31.050762, 0.067543, 6.141037
31.053495, 0.067543, 6.141037
31.055825, 0.067543, 6.141037
31.058323, 0.070092, 6.372763
31.062212, 0.067543, 6.141037
31.065946, 0.067543, 6.141037
31.068364, 0.067543, 6.141037
31.070414, 0.067543, 6.141037
31.072737, 0.067543, 6.141037
31.075491, 0.067543, 6.141037
31.078076, 0.067543, 6.141037
31.080705, 0.067543, 6.141037
31.084344, 0.067543, 6.141037
31.087225, 0.067543, 6.141037
31.089573, 0.067543, 6.141037
31.092163, 0.067543, 6.141037
31.094450, 0.067543, 6.141037
31.097097, 0.067543, 6.141037
31.100038, 0.067543, 6.141037
31.102801, 0.070092, 6.372763
31.105661, 0.070092, 6.372763
31.108680, 0.067543, 6.141037
31.110988, 0.067543, 6.141037
31.113200, 0.067543, 6.141037
31.117286, 0.070092, 6.372763
31.120313, 0.067543, 6.141037
31.123027, 0.067543, 6.141037
31.125897, 0.067543, 6.141037
31.127989, 0.070092, 6.372763
31.130841, 0.067543, 6.141037
31.134756, 0.067543, 6.141037
31.137562, 0.067543, 6.141037
31.140013, 0.067543, 6.141037
31.142363, 0.067543, 6.141037
31.145798, 0.070092, 6.372763
31.147979, 0.067543, 6.141037
31.150413, 0.067543, 6.141037
31.152963, 0.067543, 6.141037
31.155651, 0.067543, 6.141037
31.158946, 0.067543, 6.141037
31.161026, 0.067543, 6.141037
31.163171, 0.067543, 6.141037
31.167427, 0.067543, 6.141037
31.170267, 0.067543, 6.141037
31.172770, 0.067543, 6.141037
31.175339, 0.067543, 6.141037
31.177712, 0.067543, 6.141037
31.180380, 0.067543, 6.141037
31.183195, 0.067543, 6.141037
31.186007, 0.067543, 6.141037
31.188697, 0.067543, 6.141037
31.191427, 0.067543, 6.141037
31.194163, 0.067543, 6.141037
31.196785, 0.067543, 6.141037
31.199309, 0.067543, 6.141037
31.201912, 0.067543, 6.141037
31.205678, 0.067543, 6.141037
31.208005, 0.067543, 6.141037
31.210344, 0.070092, 6.372763
31.212858, 0.067543, 6.141037
31.215346, 0.067543, 6.141037
31.217871, 0.067543, 6.141037
31.220434, 0.067543, 6.141037
31.223881, 0.067543, 6.141037
31.226656, 0.067543, 6.141037
31.228867, 0.067543, 6.141037
31.231033, 0.067543, 6.141037
31.233498, 0.067543, 6.141037
31.236052, 0.067543, 6.141037
31.238872, 0.067543, 6.141037
31.242193, 0.067543, 6.141037
31.245470, 0.067543, 6.141037
31.247595, 0.067543, 6.141037
31.249949, 0.067543, 6.141037
31.252598, 0.070092, 6.372763
31.255177, 0.067543, 6.141037
31.258608, 0.067543, 6.141037
31.260759, 0.067543, 6.141037
31.263592, 0.067543, 6.141037
31.266129, 0.067543, 6.141037
31.268450, 0.067543, 6.141037
31.270795, 0.070092, 6.372763
31.274090, 0.067543, 6.141037
31.277604, 0.067543, 6.141037
31.280222, 0.067543, 6.141037
31.282732, 0.067543, 6.141037
31.285435, 0.070092, 6.372763
31.287504, 0.067543, 6.141037
31.290206, 0.070092, 6.372763
31.293265, 0.067543, 6.141037
31.295910, 0.070092, 6.372763
31.298819, 0.067543, 6.141037
31.301411, 0.067543, 6.141037
31.305031, 0.067543, 6.141037
31.308438, 0.067543, 6.141037
31.310800, 0.067543, 6.141037
31.313163, 0.067543, 6.141037
31.315458, 0.067543, 6.141037
31.317922, 0.067543, 6.141037
31.320508, 0.070092, 6.372763
31.322930, 0.070092, 6.372763
31.326486, 0.067543, 6.141037
31.328975, 0.067543, 6.141037
31.331415, 0.067543, 6.141037
31.334487, 0.067543, 6.141037
31.337224, 0.067543, 6.141037
31.339308, 0.067543, 6.141037
31.341566, 0.067543, 6.141037
31.344680, 0.070092, 6.372763
31.347369, 0.067543, 6.141037
31.349405, 0.067543, 6.141037
31.351558, 0.067543, 6.141037
31.354234, 0.067543, 6.141037
31.357422, 0.067543, 6.141037
31.360256, 0.067543, 6.141037
31.362607, 0.067543, 6.141037
31.366143, 0.067543, 6.141037
31.368477, 0.067543, 6.141037
31.370749, 0.067543, 6.141037
31.373117, 0.067543, 6.141037
31.376025, 0.067543, 6.141037
31.378617, 0.067543, 6.141037
31.380980, 0.067543, 6.141037
31.383330, 0.067543, 6.141037
31.386776, 0.067543, 6.141037
31.389088, 0.067543, 6.141037
31.391563, 0.070092, 6.372763
31.393878, 0.070092, 6.372763
31.396354, 0.070092, 6.372763
31.398747, 0.067543, 6.141037
31.401135, 0.067543, 6.141037
31.403540, 0.070092, 6.372763
31.406455, 0.067543, 6.141037
31.409135, 0.067543, 6.141037
31.411601, 0.070092, 6.372763
31.413953, 0.067543, 6.141037
31.417564, 0.070092, 6.372763
31.419864, 0.067543, 6.141037
31.422130, 0.067543, 6.141037
31.425197, 0.070092, 6.372763
31.427609, 0.067543, 6.141037
31.430021, 0.067543, 6.141037
31.432410, 0.067543, 6.141037
31.435111, 0.067543, 6.141037
31.437544, 0.070092, 6.372763
31.440159, 0.067543, 6.141037
31.442632, 0.067543, 6.141037
31.445858, 0.067543, 6.141037
31.448393, 0.067543, 6.141037
31.450968, 0.067543, 6.141037
31.453389, 0.067543, 6.141037
31.457005, 0.067543, 6.141037
31.459446, 0.067543, 6.141037
31.461787, 0.067543, 6.141037
31.464123, 0.067543, 6.141037
31.467541, 0.067543, 6.141037
31.469781, 0.070092, 6.372763
31.471954, 0.067543, 6.141037
31.475782, 0.070092, 6.372763
31.478891, 0.070092, 6.372763
31.481374, 0.070092, 6.372763
31.483479, 0.067543, 6.141037
31.485768, 0.070092, 6.372763
31.488263, 0.067543, 6.141037
31.490863, 0.067543, 6.141037
31.493461, 0.067543, 6.141037
31.496095, 0.067543, 6.141037
31.498623, 0.067543, 6.141037
31.501116, 0.067543, 6.141037
31.503619, 0.070092, 6.372763
31.506200, 0.067543, 6.141037
31.508874, 0.067543, 6.141037
31.511537, 0.067543, 6.141037
31.513955, 0.067543, 6.141037
31.516606, 0.067543, 6.141037
31.519377, 0.067543, 6.141037
31.521880, 0.067543, 6.141037
31.524436, 0.070092, 6.372763
31.527277, 0.070092, 6.372763
31.530108, 0.070092, 6.372763
31.532739, 0.070092, 6.372763
31.535484, 0.067543, 6.141037
31.538276, 0.070092, 6.372763
31.541567, 0.067543, 6.141037
31.544882, 0.070092, 6.372763
31.547382, 0.067543, 6.141037
31.549905, 0.067543, 6.141037
31.552452, 0.067543, 6.141037
31.555066, 0.067543, 6.141037
31.559144, 0.067543, 6.141037
31.561477, 0.070092, 6.372763
31.563744, 0.067543, 6.141037
31.566233, 0.067543, 6.141037
31.568840, 0.070092, 6.372763
31.571502, 0.067543, 6.141037
31.574381, 0.070092, 6.372763
31.577034, 0.070092, 6.372763
31.579658, 0.067543, 6.141037
31.582254, 0.067543, 6.141037
31.585200, 0.067543, 6.141037
31.587607, 0.067543, 6.141037
31.589968, 0.067543, 6.141037
31.592539, 0.067543, 6.141037
31.595288, 0.067543, 6.141037
31.598273, 0.070092, 6.372763
31.601320, 0.067543, 6.141037
31.604399, 0.070092, 6.372763
31.607636, 0.070092, 6.372763
31.610713, 0.067543, 6.141037
31.613699, 0.067543, 6.141037
31.618509, 0.067543, 6.141037
31.620820, 0.067543, 6.141037
31.623430, 0.067543, 6.141037
31.626130, 0.067543, 6.141037
31.629045, 0.067543, 6.141037
31.632479, 0.067543, 6.141037
31.635029, 0.070092, 6.372763
31.637423, 0.067543, 6.141037
31.640163, 0.067543, 6.141037
31.642916, 0.070092, 6.372763
31.645920, 0.067543, 6.141037
31.648826, 0.067543, 6.141037
31.651893, 0.067543, 6.141037
31.654728, 0.070092, 6.372763
31.657684, 0.067543, 6.141037
31.660489, 0.067543, 6.141037
31.663277, 0.067543, 6.141037
31.666008, 0.070092, 6.372763
31.668858, 0.067543, 6.141037
31.671776, 0.067543, 6.141037
31.674413, 0.070092, 6.372763
31.678152, 0.067543, 6.141037
31.680451, 0.070092, 6.372763
31.682699, 0.070092, 6.372763
31.685132, 0.070092, 6.372763
31.687805, 0.067543, 6.141037
31.690820, 0.067543, 6.141037
31.694031, 0.070092, 6.372763
31.697016, 0.067543, 6.141037
31.699801, 0.067543, 6.141037
31.702495, 0.067543, 6.141037
31.705076, 0.067543, 6.141037
31.708231, 0.067543, 6.141037
31.711123, 0.067543, 6.141037
31.713885, 0.067543, 6.141037
31.716485, 0.067543, 6.141037
31.718998, 0.070092, 6.372763
31.721603, 0.067543, 6.141037
31.724253, 0.067543, 6.141037
31.728100, 0.067543, 6.141037
31.730436, 0.067543, 6.141037
31.732574, 0.070092, 6.372763
31.734818, 0.070092, 6.372763
31.738455, 0.067543, 6.141037
31.740765, 0.067543, 6.141037
31.742937, 0.070092, 6.372763
31.745429, 0.067543, 6.141037
31.748881, 0.070092, 6.372763
31.750959, 0.070092, 6.372763
31.753115, 0.070092, 6.372763
31.755422, 0.067543, 6.141037
31.758326, 0.067543, 6.141037
31.761086, 0.067543, 6.141037
31.763648, 0.067543, 6.141037
31.766312, 0.067543, 6.141037
31.768971, 0.067543, 6.141037
31.771531, 0.067543, 6.141037
31.774231, 0.067543, 6.141037
31.776974, 0.067543, 6.141037
31.779607, 0.067543, 6.141037
31.781998, 0.067543, 6.141037
31.784437, 0.067543, 6.141037
31.787009, 0.070092, 6.372763
31.789676, 0.067543, 6.141037
31.792408, 0.067543, 6.141037
31.795049, 0.067543, 6.141037
31.797600, 0.067543, 6.141037
31.800131, 0.067543, 6.141037
31.802743, 0.070092, 6.372763
31.805139, 0.067543, 6.141037
31.807844, 0.067543, 6.141037
31.810565, 0.067543, 6.141037
31.813077, 0.067543, 6.141037
31.815487, 0.067543, 6.141037
31.818199, 0.067543, 6.141037
31.820766, 0.067543, 6.141037
31.823296, 0.067543, 6.141037
31.826358, 0.067543, 6.141037
31.828996, 0.067543, 6.141037
31.832003, 0.070092, 6.372763
31.834466, 0.070092, 6.372763
31.837558, 0.067543, 6.141037
31.840481, 0.067543, 6.141037
31.842614, 0.067543, 6.141037
31.844886, 0.067543, 6.141037
31.847405, 0.067543, 6.141037
31.849989, 0.067543, 6.141037
31.852629, 0.067543, 6.141037
31.855112, 0.067543, 6.141037
31.857887, 0.067543, 6.141037
31.860491, 0.067543, 6.141037
31.863153, 0.067543, 6.141037
31.865622, 0.067543, 6.141037
31.869134, 0.070092, 6.372763
31.871765, 0.067543, 6.141037
31.875303, 0.070092, 6.372763
31.878044, 0.067543, 6.141037
31.880366, 0.070092, 6.372763
31.882722, 0.067543, 6.141037
31.885108, 0.067543, 6.141037
31.888449, 0.067543, 6.141037
31.891850, 0.067543, 6.141037
31.894180, 0.067543, 6.141037
31.896419, 0.067543, 6.141037
31.900617, 0.067543, 6.141037
31.902664, 0.067543, 6.141037
31.904804, 0.067543, 6.141037
31.907918, 0.067543, 6.141037
31.910458, 0.070092, 6.372763
31.913023, 0.067543, 6.141037
31.915554, 0.067543, 6.141037
31.918074, 0.067543, 6.141037
31.920541, 0.067543, 6.141037
31.923058, 0.067543, 6.141037
31.925610, 0.067543, 6.141037
31.928134, 0.067543, 6.141037
31.930659, 0.067543, 6.141037
31.933234, 0.067543, 6.141037
31.935704, 0.067543, 6.141037
31.938913, 0.067543, 6.141037
31.942089, 0.067543, 6.141037
31.944317, 0.067543, 6.141037
31.946357, 0.067543, 6.141037
31.948622, 0.067543, 6.141037
31.950999, 0.067543, 6.141037
31.953444, 0.067543, 6.141037
31.955899, 0.067543, 6.141037
31.958462, 0.067543, 6.141037
31.960987, 0.067543, 6.141037
31.963566, 0.067543, 6.141037
31.965969, 0.067543, 6.141037
31.969188, 0.067543, 6.141037
31.972001, 0.067543, 6.141037
31.974433, 0.067543, 6.141037
31.976924, 0.067543, 6.141037
31.979328, 0.067543, 6.141037
31.981731, 0.067543, 6.141037
31.984108, 0.070092, 6.372763
31.986498, 0.067543, 6.141037
31.989988, 0.067543, 6.141037
31.992593, 0.067543, 6.141037
31.995078, 0.067543, 6.141037
31.997493, 0.067543, 6.141037
32.000136, 0.067543, 6.141037
32.002711, 0.067543, 6.141037
32.005320, 0.067543, 6.141037
32.008618, 0.067543, 6.141037
32.011321, 0.067543, 6.141037
32.013314, 0.067543, 6.141037
32.015622, 0.067543, 6.141037
32.018375, 0.070092, 6.372763
32.021345, 0.067543, 6.141037
32.023619, 0.067543, 6.141037
32.025996, 0.067543, 6.141037
32.028997, 0.067543, 6.141037
32.031597, 0.067543, 6.141037
32.033757, 0.067543, 6.141037
32.036054, 0.067543, 6.141037
32.038962, 0.067543, 6.141037
32.041995, 0.067543, 6.141037
32.044535, 0.067543, 6.141037
32.047161, 0.070092, 6.372763
32.049836, 0.067543, 6.141037
32.052502, 0.067543, 6.141037
32.055026, 0.067543, 6.141037
32.057599, 0.067543, 6.141037
32.060211, 0.067543, 6.141037
32.062832, 0.067543, 6.141037
32.065289, 0.067543, 6.141037
32.067746, 0.067543, 6.141037
32.070417, 0.067543, 6.141037
32.073091, 0.067543, 6.141037
32.075749, 0.067543, 6.141037
32.078301, 0.067543, 6.141037
32.081066, 0.067543, 6.141037
32.083633, 0.067543, 6.141037
32.086209, 0.070092, 6.372763
32.088760, 0.067543, 6.141037
32.091617, 0.070092, 6.372763
32.094636, 0.067543, 6.141037
32.097078, 0.070092, 6.372763
32.100766, 0.067543, 6.141037
32.103271, 0.067543, 6.141037
32.105650, 0.067543, 6.141037
32.109828, 0.067543, 6.141037
32.112193, 0.067543, 6.141037
32.114532, 0.067543, 6.141037
32.116843, 0.067543, 6.141037
32.119711, 0.067543, 6.141037
32.122581, 0.067543, 6.141037
32.125495, 0.070092, 6.372763
32.127804, 0.067543, 6.141037
32.130662, 0.067543, 6.141037
32.134366, 0.067543, 6.141037
32.136561, 0.067543, 6.141037
32.138913, 0.067543, 6.141037
32.141674, 0.067543, 6.141037
32.143945, 0.067543, 6.141037
32.147445, 0.067543, 6.141037
32.149979, 0.067543, 6.141037
32.152595, 0.070092, 6.372763
32.155237, 0.067543, 6.141037
32.158157, 0.067543, 6.141037
32.160500, 0.067543, 6.141037
32.162818, 0.067543, 6.141037
32.165364, 0.067543, 6.141037
32.168084, 0.070092, 6.372763
32.170920, 0.067543, 6.141037
32.174803, 0.067543, 6.141037
32.178168, 0.067543, 6.141037
32.180779, 0.067543, 6.141037
32.183196, 0.070092, 6.372763
32.185673, 0.070092, 6.372763
32.188237, 0.067543, 6.141037
32.190947, 0.067543, 6.141037
32.193636, 0.070092, 6.372763
32.196274, 0.070092, 6.372763
32.198943, 0.070092, 6.372763
32.201865, 0.067543, 6.141037
32.204655, 0.067543, 6.141037
32.207293, 0.067543, 6.141037
32.210006, 0.067543, 6.141037
32.212867, 0.067543, 6.141037
32.215551, 0.067543, 6.141037
32.218030, 0.067543, 6.141037
32.220649, 0.070092, 6.372763
32.223244, 0.067543, 6.141037
32.226058, 0.067543, 6.141037
32.228673, 0.067543, 6.141037
32.231268, 0.067543, 6.141037
32.233700, 0.067543, 6.141037
32.236138, 0.067543, 6.141037
32.238629, 0.067543, 6.141037
32.242258, 0.067543, 6.141037
32.244474, 0.067543, 6.141037
32.246688, 0.067543, 6.141037
32.248995, 0.067543, 6.141037
32.251519, 0.067543, 6.141037
32.254015, 0.067543, 6.141037
32.256564, 0.067543, 6.141037
32.259273, 0.067543, 6.141037
32.262013, 0.067543, 6.141037
32.264517, 0.067543, 6.141037
32.267012, 0.067543, 6.141037
32.269508, 0.067543, 6.141037
32.272337, 0.070092, 6.372763
32.275159, 0.070092, 6.372763
32.278416, 0.067543, 6.141037
32.281672, 0.070092, 6.372763
32.284518, 0.067543, 6.141037
32.287031, 0.067543, 6.141037
32.289747, 0.070092, 6.372763
32.293191, 0.070092, 6.372763
32.295502, 0.067543, 6.141037
32.297790, 0.070092, 6.372763
32.300055, 0.067543, 6.141037
32.302680, 0.067543, 6.141037
32.304865, 0.067543, 6.141037
32.307633, 0.067543, 6.141037
32.310251, 0.067543, 6.141037
32.314612, 0.070092, 6.372763
32.316943, 0.067543, 6.141037
32.319124, 0.067543, 6.141037
32.321929, 0.067543, 6.141037
32.326962, 0.067543, 6.141037
32.335092, 0.067543, 6.141037
32.343165, 0.067543, 6.141037
32.349387, 0.067543, 6.141037
32.351689, 0.067543, 6.141037
32.354347, 0.067543, 6.141037
32.357791, 0.070092, 6.372763
32.361386, 0.067543, 6.141037
32.364783, 0.067543, 6.141037
32.367795, 0.067543, 6.141037
32.370779, 0.067543, 6.141037
32.374086, 0.067543, 6.141037
32.377211, 0.067543, 6.141037
32.380374, 0.067543, 6.141037
32.383701, 0.067543, 6.141037
32.387585, 0.067543, 6.141037
32.391095, 0.067543, 6.141037
32.394562, 0.067543, 6.141037
32.397867, 0.067543, 6.141037
32.401072, 0.067543, 6.141037
32.404520, 0.070092, 6.372763
32.408120, 0.067543, 6.141037
32.411790, 0.067543, 6.141037
32.415953, 0.067543, 6.141037
32.419362, 0.067543, 6.141037
32.423305, 0.067543, 6.141037
32.428099, 0.067543, 6.141037
32.430752, 0.067543, 6.141037
32.433481, 0.067543, 6.141037
32.436281, 0.067543, 6.141037
32.439695, 0.067543, 6.141037
32.443550, 0.067543, 6.141037
32.451107, 0.067543, 6.141037
32.454881, 0.067543, 6.141037
32.457695, 0.070092, 6.372763
32.460980, 0.070092, 6.372763
32.464700, 0.067543, 6.141037
32.468026, 0.067543, 6.141037
32.471119, 0.070092, 6.372763
32.475440, 0.067543, 6.141037
32.478639, 0.067543, 6.141037
32.481610, 0.067543, 6.141037
32.484561, 0.067543, 6.141037
32.487409, 0.070092, 6.372763
32.490288, 0.070092, 6.372763
32.493140, 0.067543, 6.141037
32.496800, 0.067543, 6.141037
32.500937, 0.067543, 6.141037
32.504703, 0.067543, 6.141037
32.508803, 0.067543, 6.141037
32.512593, 0.067543, 6.141037
32.516216, 0.067543, 6.141037
32.519646, 0.067543, 6.141037
32.522948, 0.067543, 6.141037
32.526561, 0.067543, 6.141037
32.530430, 0.067543, 6.141037
32.534109, 0.067543, 6.141037
32.537785, 0.067543, 6.141037
32.541726, 0.067543, 6.141037
32.545485, 0.067543, 6.141037
32.549028, 0.067543, 6.141037
32.552366, 0.067543, 6.141037
32.555611, 0.067543, 6.141037
32.558827, 0.067543, 6.141037
32.561809, 0.067543, 6.141037
32.564779, 0.067543, 6.141037
32.569189, 0.067543, 6.141037
32.573932, 0.067543, 6.141037
32.578485, 0.067543, 6.141037
32.582632, 0.067543, 6.141037
32.586813, 0.067543, 6.141037
32.590935, 0.067543, 6.141037
32.594650, 0.067543, 6.141037
32.598426, 0.067543, 6.141037
32.601863, 0.067543, 6.141037
32.605244, 0.067543, 6.141037
32.609717, 0.070092, 6.372763
32.612943, 0.067543, 6.141037
32.616308, 0.070092, 6.372763
32.619847, 0.067543, 6.141037
32.623845, 0.067543, 6.141037
32.628020, 0.067543, 6.141037
32.631650, 0.067543, 6.141037
32.635262, 0.067543, 6.141037
32.638759, 0.067543, 6.141037
32.642362, 0.067543, 6.141037
32.645910, 0.067543, 6.141037
32.649405, 0.067543, 6.141037
32.652793, 0.067543, 6.141037
32.656349, 0.067543, 6.141037
32.659777, 0.067543, 6.141037
32.663065, 0.067543, 6.141037
32.666437, 0.070092, 6.372763
32.669652, 0.067543, 6.141037
32.672720, 0.067543, 6.141037
32.676009, 0.067543, 6.141037
32.678517, 0.067543, 6.141037
32.681664, 0.067543, 6.141037
32.684845, 0.067543, 6.141037
32.687896, 0.067543, 6.141037
32.692262, 0.067543, 6.141037
32.695553, 0.067543, 6.141037
32.698635, 0.067543, 6.141037
32.701612, 0.067543, 6.141037
32.704742, 0.067543, 6.141037
32.708553, 0.067543, 6.141037
32.712761, 0.067543, 6.141037
32.715981, 0.067543, 6.141037
32.719086, 0.067543, 6.141037
32.722167, 0.067543, 6.141037
32.725697, 0.067543, 6.141037
32.728312, 0.067543, 6.141037
32.730618, 0.067543, 6.141037
32.732971, 0.067543, 6.141037
32.737760, 0.067543, 6.141037
32.744419, 0.067543, 6.141037
32.749733, 0.067543, 6.141037
32.754581, 0.067543, 6.141037
32.758406, 0.067543, 6.141037
32.762824, 0.067543, 6.141037
32.767086, 0.067543, 6.141037
32.770883, 0.067543, 6.141037
32.774591, 0.067543, 6.141037
32.777769, 0.067543, 6.141037
32.780876, 0.067543, 6.141037
32.783849, 0.067543, 6.141037
32.786739, 0.067543, 6.141037
32.789608, 0.067543, 6.141037
32.792409, 0.067543, 6.141037
32.795304, 0.067543, 6.141037
32.798080, 0.067543, 6.141037
32.800875, 0.067543, 6.141037
32.803639, 0.067543, 6.141037
32.806329, 0.067543, 6.141037
32.809187, 0.067543, 6.141037
32.811939, 0.067543, 6.141037
32.814812, 0.070092, 6.372763
32.817766, 0.067543, 6.141037
32.820689, 0.067543, 6.141037
32.823843, 0.067543, 6.141037
32.826945, 0.067543, 6.141037
32.830275, 0.067543, 6.141037
32.833588, 0.067543, 6.141037
32.836828, 0.067543, 6.141037
32.840020, 0.067543, 6.141037
32.843643, 0.067543, 6.141037
32.848029, 0.067543, 6.141037
32.852038, 0.067543, 6.141037
32.855922, 0.067543, 6.141037
32.859437, 0.067543, 6.141037
32.862523, 0.067543, 6.141037
32.865676, 0.067543, 6.141037
32.868686, 0.067543, 6.141037
32.871465, 0.067543, 6.141037
32.874357, 0.067543, 6.141037
32.877314, 0.067543, 6.141037
32.879648, 0.067543, 6.141037
32.882259, 0.067543, 6.141037
32.885026, 0.067543, 6.141037
32.887705, 0.070092, 6.372763
32.890589, 0.067543, 6.141037
32.893524, 0.067543, 6.141037
32.896433, 0.067543, 6.141037
32.899369, 0.067543, 6.141037
32.902184, 0.067543, 6.141037
32.905409, 0.067543, 6.141037
32.908414, 0.067543, 6.141037
32.911261, 0.067543, 6.141037
32.914098, 0.067543, 6.141037
32.916970, 0.067543, 6.141037
32.919823, 0.067543, 6.141037
32.922609, 0.067543, 6.141037
32.925583, 0.067543, 6.141037
32.928496, 0.067543, 6.141037
32.931350, 0.067543, 6.141037
32.934207, 0.067543, 6.141037
32.936977, 0.067543, 6.141037
32.939753, 0.070092, 6.372763
32.942515, 0.067543, 6.141037
32.945350, 0.067543, 6.141037
32.948257, 0.070092, 6.372763
32.950976, 0.070092, 6.372763
32.953676, 0.067543, 6.141037
32.956904, 0.067543, 6.141037
32.960367, 0.070092, 6.372763
32.962832, 0.070092, 6.372763
32.965343, 0.067543, 6.141037
32.967846, 0.070092, 6.372763
32.970282, 0.067543, 6.141037
32.972791, 0.067543, 6.141037
32.975438, 0.067543, 6.141037
32.978090, 0.067543, 6.141037
32.980633, 0.070092, 6.372763
32.983210, 0.070092, 6.372763
32.985864, 0.067543, 6.141037
32.988456, 0.070092, 6.372763
32.991460, 0.070092, 6.372763
32.994166, 0.070092, 6.372763
32.996819, 0.070092, 6.372763
32.999486, 0.067543, 6.141037
33.002085, 0.067543, 6.141037
33.004663, 0.067543, 6.141037
33.007325, 0.067543, 6.141037
33.009968, 0.067543, 6.141037
33.012555, 0.067543, 6.141037
33.015185, 0.067543, 6.141037
33.017803, 0.067543, 6.141037
33.020384, 0.070092, 6.372763
33.022964, 0.067543, 6.141037
33.025598, 0.067543, 6.141037
33.028207, 0.064994, 5.909310
33.030817, 0.067543, 6.141037
33.033347, 0.070092, 6.372763
33.035919, 0.067543, 6.141037
33.038466, 0.067543, 6.141037
33.041556, 0.067543, 6.141037
33.044161, 0.067543, 6.141037
33.046825, 0.067543, 6.141037
33.049384, 0.067543, 6.141037
33.051921, 0.067543, 6.141037
33.054389, 0.067543, 6.141037
33.056933, 0.067543, 6.141037
33.059516, 0.070092, 6.372763
33.062059, 0.067543, 6.141037
33.064590, 0.067543, 6.141037
33.067223, 0.070092, 6.372763
33.069738, 0.067543, 6.141037
33.072279, 0.067543, 6.141037
33.074784, 0.067543, 6.141037
33.077394, 0.067543, 6.141037
33.079890, 0.067543, 6.141037
33.082409, 0.067543, 6.141037
33.084859, 0.067543, 6.141037
33.087425, 0.067543, 6.141037
33.089984, 0.067543, 6.141037
33.092484, 0.067543, 6.141037
33.094959, 0.067543, 6.141037
33.097844, 0.067543, 6.141037
33.100166, 0.067543, 6.141037
33.102399, 0.067543, 6.141037
33.104734, 0.067543, 6.141037
33.107956, 0.067543, 6.141037
33.110469, 0.070092, 6.372763
33.112678, 0.067543, 6.141037
33.115193, 0.070092, 6.372763
33.117907, 0.067543, 6.141037
33.120572, 0.070092, 6.372763
33.124006, 0.067543, 6.141037
33.126444, 0.070092, 6.372763
33.129535, 0.070092, 6.372763
33.131692, 0.067543, 6.141037
33.134101, 0.070092, 6.372763
33.136677, 0.067543, 6.141037
33.139443, 0.067543, 6.141037
33.141626, 0.067543, 6.141037
33.143858, 0.067543, 6.141037
33.146166, 0.067543, 6.141037
33.149284, 0.067543, 6.141037
33.151546, 0.070092, 6.372763
33.153852, 0.067543, 6.141037
33.157280, 0.067543, 6.141037
33.159606, 0.070092, 6.372763
33.162432, 0.067543, 6.141037
33.164705, 0.067543, 6.141037
33.166851, 0.067543, 6.141037
33.169152, 0.067543, 6.141037
33.172226, 0.067543, 6.141037
33.175708, 0.067543, 6.141037
33.178022, 0.067543, 6.141037
33.180943, 0.067543, 6.141037
33.184525, 0.067543, 6.141037
33.187773, 0.067543, 6.141037
33.191716, 0.067543, 6.141037
33.193798, 0.067543, 6.141037
33.195892, 0.067543, 6.141037
33.199368, 0.070092, 6.372763
33.202287, 0.067543, 6.141037
33.204774, 0.070092, 6.372763
33.207861, 0.067543, 6.141037
33.213531, 0.070092, 6.372763
33.218191, 0.067543, 6.141037
33.224703, 0.067543, 6.141037
33.227515, 0.067543, 6.141037
33.230311, 0.067543, 6.141037
33.233014, 0.067543, 6.141037
33.235678, 0.067543, 6.141037
33.238345, 0.067543, 6.141037
33.241611, 0.067543, 6.141037
33.243973, 0.070092, 6.372763
33.246520, 0.067543, 6.141037
33.249163, 0.067543, 6.141037
33.251932, 0.067543, 6.141037
33.254656, 0.067543, 6.141037
33.257526, 0.067543, 6.141037
33.260388, 0.067543, 6.141037
33.263266, 0.067543, 6.141037
33.266098, 0.067543, 6.141037
33.268833, 0.067543, 6.141037
33.271586, 0.070092, 6.372763
33.274470, 0.067543, 6.141037
33.277335, 0.067543, 6.141037
33.280195, 0.070092, 6.372763
33.282945, 0.070092, 6.372763
33.285646, 0.067543, 6.141037
33.288170, 0.067543, 6.141037
33.290879, 0.067543, 6.141037
33.293551, 0.067543, 6.141037
33.296216, 0.067543, 6.141037
33.298705, 0.067543, 6.141037
33.301315, 0.067543, 6.141037
33.303809, 0.070092, 6.372763
33.306513, 0.070092, 6.372763
33.309149, 0.067543, 6.141037
33.312092, 0.067543, 6.141037
33.314846, 0.067543, 6.141037
33.317870, 0.067543, 6.141037
33.320870, 0.067543, 6.141037
33.323665, 0.070092, 6.372763
33.325762, 0.070092, 6.372763
33.328170, 0.067543, 6.141037
33.331330, 0.067543, 6.141037
33.333849, 0.067543, 6.141037
33.336097, 0.067543, 6.141037
33.338413, 0.070092, 6.372763
33.343356, 0.070092, 6.372763
33.347569, 0.070092, 6.372763
33.350259, 0.067543, 6.141037
33.352416, 0.067543, 6.141037
33.354593, 0.070092, 6.372763
33.358735, 0.070092, 6.372763
33.361768, 0.067543, 6.141037
33.364174, 0.070092, 6.372763
33.366411, 0.067543, 6.141037
33.368711, 0.067543, 6.141037
33.371286, 0.067543, 6.141037
33.375540, 0.070092, 6.372763
33.377975, 0.067543, 6.141037
33.380387, 0.067543, 6.141037
33.383024, 0.067543, 6.141037
33.385910, 0.067543, 6.141037
33.389892, 0.070092, 6.372763
33.392935, 0.067543, 6.141037
33.395813, 0.067543, 6.141037
33.398642, 0.067543, 6.141037
33.402190, 0.067543, 6.141037
33.404491, 0.070092, 6.372763
33.407337, 0.070092, 6.372763
33.411512, 0.067543, 6.141037
33.415677, 0.067543, 6.141037
33.419395, 0.067543, 6.141037
33.422723, 0.067543, 6.141037
33.425841, 0.070092, 6.372763
33.428651, 0.070092, 6.372763
33.432365, 0.067543, 6.141037
33.434564, 0.067543, 6.141037
33.436627, 0.070092, 6.372763
33.438927, 0.067543, 6.141037
33.441448, 0.067543, 6.141037
33.444115, 0.070092, 6.372763
33.446811, 0.070092, 6.372763
33.449378, 0.067543, 6.141037
33.452120, 0.067543, 6.141037
33.454780, 0.067543, 6.141037
33.457507, 0.067543, 6.141037
33.460205, 0.067543, 6.141037
33.463197, 0.070092, 6.372763
33.465870, 0.067543, 6.141037
33.468537, 0.070092, 6.372763
33.471180, 0.067543, 6.141037
33.473962, 0.067543, 6.141037
33.476697, 0.070092, 6.372763
33.479390, 0.070092, 6.372763
33.482088, 0.067543, 6.141037
33.484746, 0.070092, 6.372763
33.487394, 0.067543, 6.141037
33.490101, 0.067543, 6.141037
33.492844, 0.067543, 6.141037
33.495494, 0.070092, 6.372763
33.497934, 0.067543, 6.141037
33.500361, 0.067543, 6.141037
33.503768, 0.067543, 6.141037
33.505875, 0.070092, 6.372763
33.509687, 0.070092, 6.372763
33.512676, 0.067543, 6.141037
33.514951, 0.067543, 6.141037
33.517090, 0.067543, 6.141037
33.519325, 0.070092, 6.372763
33.522102, 0.067543, 6.141037
33.525788, 0.070092, 6.372763
33.528127, 0.067543, 6.141037
33.530518, 0.067543, 6.141037
33.534237, 0.067543, 6.141037
33.536345, 0.070092, 6.372763
33.538551, 0.070092, 6.372763
33.541261, 0.067543, 6.141037
33.544668, 0.067543, 6.141037
33.546921, 0.067543, 6.141037
33.549271, 0.067543, 6.141037
33.552205, 0.070092, 6.372763
33.554871, 0.067543, 6.141037
33.557263, 0.067543, 6.141037
33.559784, 0.067543, 6.141037
33.562895, 0.070092, 6.372763
33.565190, 0.067543, 6.141037
33.567334, 0.067543, 6.141037
33.569697, 0.067543, 6.141037
33.572379, 0.067543, 6.141037
33.574459, 0.067543, 6.141037
33.576659, 0.067543, 6.141037
33.578890, 0.067543, 6.141037
33.581272, 0.067543, 6.141037
33.583576, 0.067543, 6.141037
33.585777, 0.067543, 6.141037
33.587961, 0.067543, 6.141037
33.591350, 0.070092, 6.372763
33.594176, 0.070092, 6.372763
33.596447, 0.067543, 6.141037
33.598867, 0.067543, 6.141037
33.601441, 0.067543, 6.141037
33.603742, 0.067543, 6.141037
33.606126, 0.067543, 6.141037
33.609265, 0.070092, 6.372763
33.611432, 0.067543, 6.141037
33.614109, 0.067543, 6.141037
33.616830, 0.070092, 6.372763
33.619603, 0.067543, 6.141037
33.622287, 0.067543, 6.141037
33.625471, 0.067543, 6.141037
33.627681, 0.067543, 6.141037
33.629987, 0.067543, 6.141037
33.632516, 0.067543, 6.141037
33.635491, 0.067543, 6.141037
33.637641, 0.067543, 6.141037
33.640911, 0.067543, 6.141037
33.643403, 0.067543, 6.141037
33.646028, 0.067543, 6.141037
33.648275, 0.070092, 6.372763
33.650773, 0.070092, 6.372763
33.653410, 0.067543, 6.141037
33.656132, 0.070092, 6.372763
33.658840, 0.067543, 6.141037
33.661497, 0.067543, 6.141037
33.665018, 0.067543, 6.141037
33.668461, 0.067543, 6.141037
33.670484, 0.067543, 6.141037
33.672989, 0.067543, 6.141037
33.676831, 0.067543, 6.141037
33.678845, 0.067543, 6.141037
33.681227, 0.067543, 6.141037
33.683836, 0.067543, 6.141037
33.686593, 0.067543, 6.141037
33.689266, 0.067543, 6.141037
33.691965, 0.067543, 6.141037
33.695268, 0.067543, 6.141037
33.697957, 0.067543, 6.141037
33.700046, 0.070092, 6.372763
33.702264, 0.067543, 6.141037
33.704707, 0.070092, 6.372763
33.707372, 0.067543, 6.141037
33.709747, 0.070092, 6.372763
33.712079, 0.067543, 6.141037
33.714579, 0.067543, 6.141037
33.717268, 0.067543, 6.141037
33.719862, 0.070092, 6.372763
33.722643, 0.070092, 6.372763
33.726124, 0.067543, 6.141037
33.728448, 0.067543, 6.141037
33.730543, 0.067543, 6.141037
33.732852, 0.067543, 6.141037
33.735806, 0.067543, 6.141037
33.739017, 0.070092, 6.372763
33.741338, 0.067543, 6.141037
33.743660, 0.067543, 6.141037
33.745963, 0.070092, 6.372763
33.748403, 0.067543, 6.141037
33.751510, 0.067543, 6.141037
33.754126, 0.070092, 6.372763
33.756761, 0.070092, 6.372763
33.759454, 0.067543, 6.141037
33.761803, 0.067543, 6.141037
33.764364, 0.067543, 6.141037
33.767929, 0.067543, 6.141037
33.770300, 0.070092, 6.372763
33.772702, 0.070092, 6.372763
33.775225, 0.067543, 6.141037
33.777850, 0.067543, 6.141037
33.780429, 0.070092, 6.372763
33.783251, 0.067543, 6.141037
33.786662, 0.067543, 6.141037
33.789324, 0.067543, 6.141037
33.792514, 0.067543, 6.141037
33.794683, 0.067543, 6.141037
33.796987, 0.067543, 6.141037
33.799374, 0.067543, 6.141037
33.802280, 0.067543, 6.141037
33.806439, 0.067543, 6.141037
33.810091, 0.067543, 6.141037
33.813583, 0.067543, 6.141037
33.817073, 0.067543, 6.141037
33.820171, 0.067543, 6.141037
33.822820, 0.070092, 6.372763
33.826118, 0.067543, 6.141037
33.828192, 0.067543, 6.141037
33.830348, 0.067543, 6.141037
33.832763, 0.067543, 6.141037
33.835423, 0.067543, 6.141037
33.838194, 0.067543, 6.141037
33.841924, 0.067543, 6.141037
33.844306, 0.070092, 6.372763
33.846664, 0.067543, 6.141037
33.849188, 0.070092, 6.372763
33.851760, 0.067543, 6.141037
33.854493, 0.067543, 6.141037
33.857622, 0.067543, 6.141037
33.859915, 0.067543, 6.141037
33.862654, 0.067543, 6.141037
33.865211, 0.070092, 6.372763
33.867779, 0.070092, 6.372763
33.870410, 0.067543, 6.141037
33.873422, 0.067543, 6.141037
33.876732, 0.067543, 6.141037
33.879048, 0.070092, 6.372763
33.881521, 0.067543, 6.141037
33.884113, 0.070092, 6.372763
33.886855, 0.067543, 6.141037
33.889506, 0.070092, 6.372763
33.892249, 0.067543, 6.141037
33.895057, 0.067543, 6.141037
33.897747, 0.070092, 6.372763
33.900315, 0.067543, 6.141037
33.903006, 0.067543, 6.141037
33.905858, 0.067543, 6.141037
33.909011, 0.067543, 6.141037
33.911715, 0.070092, 6.372763
33.914347, 0.070092, 6.372763
33.917067, 0.070092, 6.372763
33.919682, 0.067543, 6.141037
33.922285, 0.067543, 6.141037
33.925331, 0.067543, 6.141037
33.928270, 0.067543, 6.141037
33.930773, 0.070092, 6.372763
33.933190, 0.067543, 6.141037
33.936246, 0.067543, 6.141037
33.939116, 0.067543, 6.141037
33.941630, 0.067543, 6.141037
33.944005, 0.070092, 6.372763
33.947223, 0.067543, 6.141037
33.950307, 0.067543, 6.141037
33.952783, 0.070092, 6.372763
33.955234, 0.067543, 6.141037
33.957915, 0.067543, 6.141037
33.960401, 0.067543, 6.141037
33.963026, 0.067543, 6.141037
33.965567, 0.070092, 6.372763
33.968098, 0.070092, 6.372763
33.970648, 0.070092, 6.372763
33.973849, 0.067543, 6.141037
33.976388, 0.067543, 6.141037
33.979317, 0.067543, 6.141037
33.981585, 0.067543, 6.141037
33.983977, 0.070092, 6.372763
33.986556, 0.067543, 6.141037
33.989300, 0.067543, 6.141037
33.992402, 0.070092, 6.372763
33.994682, 0.067543, 6.141037
33.996967, 0.070092, 6.372763
33.999368, 0.067543, 6.141037
34.002142, 0.067543, 6.141037
34.004638, 0.067543, 6.141037
34.007284, 0.067543, 6.141037
34.009976, 0.067543, 6.141037
34.012580, 0.067543, 6.141037
34.015164, 0.067543, 6.141037
34.017688, 0.067543, 6.141037
34.020708, 0.067543, 6.141037
34.023879, 0.067543, 6.141037
34.026087, 0.070092, 6.372763
34.028345, 0.067543, 6.141037
34.031617, 0.067543, 6.141037
34.033876, 0.070092, 6.372763
34.036099, 0.070092, 6.372763
34.038477, 0.067543, 6.141037
34.041998, 0.070092, 6.372763
34.044917, 0.070092, 6.372763
34.047318, 0.067543, 6.141037
34.049489, 0.067543, 6.141037
34.051815, 0.070092, 6.372763
34.054363, 0.067543, 6.141037
34.056923, 0.070092, 6.372763
34.059461, 0.067543, 6.141037
34.062262, 0.070092, 6.372763
34.064809, 0.070092, 6.372763
34.067432, 0.070092, 6.372763
34.069955, 0.067543, 6.141037
34.072560, 0.067543, 6.141037
34.075136, 0.067543, 6.141037
34.077630, 0.070092, 6.372763
34.080113, 0.067543, 6.141037
34.082725, 0.067543, 6.141037
34.085333, 0.067543, 6.141037
34.087816, 0.067543, 6.141037
34.090335, 0.070092, 6.372763
34.092920, 0.070092, 6.372763
34.095543, 0.067543, 6.141037
34.098002, 0.067543, 6.141037
34.100550, 0.067543, 6.141037
34.103224, 0.067543, 6.141037
34.105835, 0.070092, 6.372763
34.108441, 0.070092, 6.372763
34.111006, 0.070092, 6.372763
34.113498, 0.070092, 6.372763
34.116131, 0.070092, 6.372763
34.118632, 0.067543, 6.141037
34.121099, 0.067543, 6.141037
34.124770, 0.067543, 6.141037
34.127348, 0.070092, 6.372763
34.129525, 0.067543, 6.141037
34.132625, 0.070092, 6.372763
34.136746, 0.067543, 6.141037
34.140548, 0.067543, 6.141037
34.144233, 0.070092, 6.372763
34.146665, 0.070092, 6.372763
34.148714, 0.070092, 6.372763
34.150762, 0.067543, 6.141037
34.153153, 0.067543, 6.141037
34.155575, 0.070092, 6.372763
34.158319, 0.067543, 6.141037
34.160820, 0.070092, 6.372763
34.164174, 0.067543, 6.141037
34.166226, 0.070092, 6.372763
34.168318, 0.070092, 6.372763
34.170645, 0.070092, 6.372763
34.173531, 0.067543, 6.141037
34.176210, 0.070092, 6.372763
34.178993, 0.067543, 6.141037
34.181652, 0.067543, 6.141037
34.185393, 0.067543, 6.141037
34.187584, 0.067543, 6.141037
34.190391, 0.067543, 6.141037
34.192613, 0.067543, 6.141037
34.195599, 0.070092, 6.372763
34.197707, 0.070092, 6.372763
34.200145, 0.067543, 6.141037
34.202973, 0.067543, 6.141037
34.205722, 0.067543, 6.141037
34.208671, 0.070092, 6.372763
34.210711, 0.067543, 6.141037
34.213198, 0.070092, 6.372763
34.216261, 0.070092, 6.372763
34.219252, 0.067543, 6.141037
34.221636, 0.070092, 6.372763
34.224961, 0.067543, 6.141037
34.226978, 0.067543, 6.141037
34.229171, 0.067543, 6.141037
34.231655, 0.067543, 6.141037
34.235091, 0.070092, 6.372763
34.237441, 0.070092, 6.372763
34.239584, 0.067543, 6.141037
34.241895, 0.067543, 6.141037
34.244467, 0.067543, 6.141037
34.246983, 0.067543, 6.141037
34.249532, 0.070092, 6.372763
34.252091, 0.070092, 6.372763
34.254917, 0.067543, 6.141037
34.257638, 0.070092, 6.372763
34.260324, 0.067543, 6.141037
34.262998, 0.070092, 6.372763
34.266530, 0.067543, 6.141037
34.268895, 0.067543, 6.141037
34.271153, 0.067543, 6.141037
34.273550, 0.067543, 6.141037
34.277723, 0.067543, 6.141037
34.281615, 0.067543, 6.141037
34.285064, 0.070092, 6.372763
34.288209, 0.070092, 6.372763
34.291578, 0.070092, 6.372763
34.294374, 0.067543, 6.141037
34.297113, 0.067543, 6.141037
34.299857, 0.067543, 6.141037
34.302344, 0.067543, 6.141037
34.304792, 0.067543, 6.141037
34.307378, 0.070092, 6.372763
34.309905, 0.067543, 6.141037
34.312334, 0.067543, 6.141037
34.314742, 0.067543, 6.141037
34.318233, 0.067543, 6.141037
34.320413, 0.070092, 6.372763
34.322549, 0.067543, 6.141037
34.325110, 0.070092, 6.372763
34.328587, 0.067543, 6.141037
34.330647, 0.067543, 6.141037
34.332857, 0.067543, 6.141037
34.335257, 0.067543, 6.141037
34.337896, 0.070092, 6.372763
34.340552, 0.067543, 6.141037
34.343101, 0.070092, 6.372763
34.345705, 0.067543, 6.141037
34.348615, 0.070092, 6.372763
34.350764, 0.070092, 6.372763
34.352980, 0.067543, 6.141037
34.355312, 0.070092, 6.372763
34.358165, 0.067543, 6.141037
34.360764, 0.067543, 6.141037
34.363340, 0.067543, 6.141037
34.365866, 0.067543, 6.141037
34.368541, 0.070092, 6.372763
34.371033, 0.070092, 6.372763
34.373648, 0.067543, 6.141037
34.376549, 0.067543, 6.141037
34.379550, 0.067543, 6.141037
34.381672, 0.067543, 6.141037
34.383882, 0.067543, 6.141037
34.389434, 0.070092, 6.372763
34.393049, 0.067543, 6.141037
34.398510, 0.070092, 6.372763
34.405950, 0.067543, 6.141037
34.411262, 0.067543, 6.141037
34.415286, 0.067543, 6.141037
34.418841, 0.067543, 6.141037
34.421933, 0.067543, 6.141037
34.424846, 0.067543, 6.141037
34.427747, 0.070092, 6.372763
34.430556, 0.070092, 6.372763
34.433282, 0.067543, 6.141037
34.435955, 0.070092, 6.372763
34.438852, 0.070092, 6.372763
34.441632, 0.067543, 6.141037
34.444311, 0.067543, 6.141037
34.447070, 0.067543, 6.141037
34.449809, 0.067543, 6.141037
34.452552, 0.070092, 6.372763
34.455267, 0.067543, 6.141037
34.458165, 0.067543, 6.141037
34.460975, 0.067543, 6.141037
34.463701, 0.067543, 6.141037
34.466405, 0.067543, 6.141037
34.469238, 0.070092, 6.372763
34.471939, 0.070092, 6.372763
34.474588, 0.067543, 6.141037
34.477420, 0.067543, 6.141037
34.480308, 0.070092, 6.372763
34.483050, 0.067543, 6.141037
34.485712, 0.067543, 6.141037
34.490030, 0.067543, 6.141037
34.493042, 0.067543, 6.141037
34.495321, 0.067543, 6.141037
34.497794, 0.070092, 6.372763
34.500492, 0.070092, 6.372763
34.503159, 0.067543, 6.141037
34.505894, 0.067543, 6.141037
34.508874, 0.070092, 6.372763
34.511672, 0.067543, 6.141037
34.514553, 0.067543, 6.141037
34.517389, 0.067543, 6.141037
34.520294, 0.070092, 6.372763
34.523204, 0.070092, 6.372763
34.526227, 0.067543, 6.141037
34.529345, 0.070092, 6.372763
34.532497, 0.067543, 6.141037
34.535654, 0.067543, 6.141037
34.538926, 0.067543, 6.141037
34.542062, 0.067543, 6.141037
34.545163, 0.070092, 6.372763
34.548209, 0.070092, 6.372763
34.551971, 0.067543, 6.141037
34.555177, 0.070092, 6.372763
34.558435, 0.070092, 6.372763
34.561497, 0.067543, 6.141037
34.564604, 0.067543, 6.141037
34.567613, 0.067543, 6.141037
34.570602, 0.067543, 6.141037
34.573672, 0.070092, 6.372763
34.576632, 0.067543, 6.141037
34.579639, 0.067543, 6.141037
34.582643, 0.070092, 6.372763
34.585715, 0.067543, 6.141037
34.588712, 0.070092, 6.372763
34.591792, 0.067543, 6.141037
34.594778, 0.067543, 6.141037
34.597788, 0.067543, 6.141037
34.600980, 0.067543, 6.141037
34.604054, 0.067543, 6.141037
34.607112, 0.067543, 6.141037
34.610184, 0.070092, 6.372763
34.613186, 0.067543, 6.141037
34.616143, 0.067543, 6.141037
34.619130, 0.070092, 6.372763
34.622205, 0.070092, 6.372763
34.625227, 0.067543, 6.141037
34.628194, 0.067543, 6.141037
34.631243, 0.067543, 6.141037
34.634210, 0.067543, 6.141037
34.637156, 0.067543, 6.141037
34.640041, 0.067543, 6.141037
34.643079, 0.067543, 6.141037
34.645970, 0.067543, 6.141037
34.648838, 0.067543, 6.141037
34.651755, 0.070092, 6.372763
34.654629, 0.067543, 6.141037
34.657671, 0.067543, 6.141037
34.660696, 0.067543, 6.141037
34.663876, 0.067543, 6.141037
34.666940, 0.067543, 6.141037
34.669857, 0.070092, 6.372763
34.672936, 0.067543, 6.141037
34.675892, 0.070092, 6.372763
34.678793, 0.067543, 6.141037
34.681709, 0.070092, 6.372763
34.684673, 0.067543, 6.141037
34.687542, 0.067543, 6.141037
34.690405, 0.067543, 6.141037
34.693562, 0.067543, 6.141037
34.696312, 0.070092, 6.372763
34.698732, 0.070092, 6.372763
34.701251, 0.070092, 6.372763
34.704485, 0.067543, 6.141037
34.707210, 0.070092, 6.372763
34.709894, 0.070092, 6.372763
34.712784, 0.067543, 6.141037
34.715559, 0.067543, 6.141037
34.718402, 0.067543, 6.141037
34.721269, 0.067543, 6.141037
34.724577, 0.067543, 6.141037
34.726999, 0.067543, 6.141037
34.729387, 0.067543, 6.141037
34.732058, 0.070092, 6.372763
34.734924, 0.070092, 6.372763
34.737743, 0.067543, 6.141037
34.740583, 0.067543, 6.141037
34.743726, 0.067543, 6.141037
34.746575, 0.070092, 6.372763
34.749283, 0.067543, 6.141037
34.751985, 0.067543, 6.141037
34.754775, 0.070092, 6.372763
34.757502, 0.070092, 6.372763
34.760190, 0.070092, 6.372763
34.763863, 0.070092, 6.372763
34.766784, 0.067543, 6.141037
34.769272, 0.067543, 6.141037
34.771746, 0.067543, 6.141037
34.774528, 0.070092, 6.372763
34.777118, 0.070092, 6.372763
34.779822, 0.067543, 6.141037
34.782767, 0.067543, 6.141037
34.786120, 0.067543, 6.141037
34.788592, 0.070092, 6.372763
34.791080, 0.070092, 6.372763
34.794431, 0.067543, 6.141037
34.798256, 0.067543, 6.141037
34.800784, 0.070092, 6.372763
34.803233, 0.067543, 6.141037
34.805816, 0.070092, 6.372763
34.808945, 0.067543, 6.141037
34.811879, 0.067543, 6.141037
34.814310, 0.067543, 6.141037
34.816823, 0.070092, 6.372763
34.819422, 0.070092, 6.372763
34.822076, 0.067543, 6.141037
34.825494, 0.067543, 6.141037
34.827738, 0.067543, 6.141037
34.829914, 0.067543, 6.141037
34.832364, 0.070092, 6.372763
34.834953, 0.067543, 6.141037
34.837603, 0.070092, 6.372763
34.841260, 0.067543, 6.141037
34.843514, 0.070092, 6.372763
34.845745, 0.067543, 6.141037
34.848163, 0.067543, 6.141037
34.851029, 0.067543, 6.141037
34.853809, 0.070092, 6.372763
34.856579, 0.070092, 6.372763
34.859304, 0.070092, 6.372763
34.862342, 0.067543, 6.141037
34.864688, 0.067543, 6.141037
34.867178, 0.070092, 6.372763
34.869796, 0.067543, 6.141037
34.872603, 0.067543, 6.141037
34.875537, 0.070092, 6.372763
34.878365, 0.067543, 6.141037
34.881176, 0.067543, 6.141037
34.883959, 0.070092, 6.372763
34.886717, 0.067543, 6.141037
34.889988, 0.070092, 6.372763
34.892802, 0.067543, 6.141037
34.895497, 0.067543, 6.141037
34.898242, 0.067543, 6.141037
34.901187, 0.070092, 6.372763
34.903999, 0.070092, 6.372763
34.906806, 0.067543, 6.141037
34.909533, 0.070092, 6.372763
34.912678, 0.067543, 6.141037
34.915641, 0.070092, 6.372763
34.918637, 0.067543, 6.141037
34.921829, 0.067543, 6.141037
34.924605, 0.067543, 6.141037
34.927013, 0.070092, 6.372763
34.933917, 0.070092, 6.372763
34.938190, 0.070092, 6.372763
34.942164, 0.070092, 6.372763
34.945762, 0.070092, 6.372763
34.949040, 0.070092, 6.372763
34.952203, 0.067543, 6.141037
34.955225, 0.067543, 6.141037
34.958199, 0.067543, 6.141037
34.961253, 0.070092, 6.372763
34.964202, 0.067543, 6.141037
34.967076, 0.067543, 6.141037
34.969916, 0.067543, 6.141037
34.972796, 0.067543, 6.141037
34.975818, 0.070092, 6.372763
34.978698, 0.067543, 6.141037
34.982210, 0.067543, 6.141037
34.985702, 0.070092, 6.372763
34.988588, 0.067543, 6.141037
34.991626, 0.067543, 6.141037
34.995047, 0.067543, 6.141037
34.997820, 0.070092, 6.372763
35.000581, 0.067543, 6.141037
35.003099, 0.070092, 6.372763
35.005947, 0.067543, 6.141037
35.009641, 0.067543, 6.141037
35.014029, 0.070092, 6.372763
35.018089, 0.067543, 6.141037
35.021596, 0.070092, 6.372763
35.025289, 0.067543, 6.141037
35.028756, 0.070092, 6.372763
35.031967, 0.067543, 6.141037
35.035039, 0.070092, 6.372763
35.038055, 0.070092, 6.372763
35.040876, 0.067543, 6.141037
35.043794, 0.067543, 6.141037
35.046767, 0.067543, 6.141037
35.049750, 0.067543, 6.141037
35.052779, 0.067543, 6.141037
35.055694, 0.070092, 6.372763
35.058599, 0.067543, 6.141037
35.061396, 0.067543, 6.141037
35.064056, 0.067543, 6.141037
35.067304, 0.070092, 6.372763
35.070186, 0.070092, 6.372763
35.073083, 0.067543, 6.141037
35.076094, 0.070092, 6.372763
35.078970, 0.070092, 6.372763
35.081808, 0.067543, 6.141037
35.084751, 0.070092, 6.372763
35.087638, 0.070092, 6.372763
35.090560, 0.070092, 6.372763
35.093511, 0.070092, 6.372763
35.096392, 0.067543, 6.141037
35.099366, 0.067543, 6.141037
35.102243, 0.067543, 6.141037
35.105141, 0.067543, 6.141037
35.108009, 0.070092, 6.372763
35.110863, 0.067543, 6.141037
35.113757, 0.067543, 6.141037
35.116642, 0.067543, 6.141037
35.119511, 0.070092, 6.372763
35.122334, 0.067543, 6.141037
35.125307, 0.067543, 6.141037
35.128195, 0.067543, 6.141037
35.131157, 0.067543, 6.141037
35.134073, 0.067543, 6.141037
35.136960, 0.070092, 6.372763
35.139806, 0.067543, 6.141037
35.142643, 0.067543, 6.141037
35.145608, 0.070092, 6.372763
35.148437, 0.070092, 6.372763
35.151377, 0.070092, 6.372763
35.154282, 0.067543, 6.141037
35.159092, 0.070092, 6.372763
35.162391, 0.067543, 6.141037
35.165402, 0.067543, 6.141037
35.168473, 0.067543, 6.141037
35.171826, 0.067543, 6.141037
35.175135, 0.070092, 6.372763
35.178509, 0.067543, 6.141037
35.181778, 0.070092, 6.372763
35.184926, 0.070092, 6.372763
35.188068, 0.070092, 6.372763
35.191258, 0.070092, 6.372763
35.194264, 0.070092, 6.372763
35.197255, 0.067543, 6.141037
35.200724, 0.070092, 6.372763
35.203207, 0.067543, 6.141037
35.205486, 0.067543, 6.141037
35.208153, 0.067543, 6.141037
35.212209, 0.067543, 6.141037
35.215947, 0.070092, 6.372763
35.219378, 0.067543, 6.141037
35.222530, 0.070092, 6.372763
35.225644, 0.067543, 6.141037
35.228546, 0.067543, 6.141037
35.231446, 0.067543, 6.141037
35.234200, 0.067543, 6.141037
35.237045, 0.067543, 6.141037
35.239748, 0.067543, 6.141037
35.242568, 0.067543, 6.141037
35.245239, 0.067543, 6.141037
35.248797, 0.067543, 6.141037
35.250904, 0.067543, 6.141037
35.253115, 0.067543, 6.141037
35.255632, 0.070092, 6.372763
35.258414, 0.067543, 6.141037
35.261278, 0.067543, 6.141037
35.264113, 0.067543, 6.141037
35.267061, 0.070092, 6.372763
35.269923, 0.067543, 6.141037
35.272780, 0.067543, 6.141037
35.275768, 0.067543, 6.141037
35.278694, 0.070092, 6.372763
35.281638, 0.070092, 6.372763
35.284712, 0.067543, 6.141037
35.288545, 0.067543, 6.141037
35.292062, 0.070092, 6.372763
35.295454, 0.070092, 6.372763
35.299726, 0.067543, 6.141037
35.303410, 0.067543, 6.141037
35.307181, 0.067543, 6.141037
35.310685, 0.067543, 6.141037
35.313912, 0.070092, 6.372763
35.317166, 0.067543, 6.141037
35.322714, 0.067543, 6.141037
35.336757, 0.067543, 6.141037
35.348834, 0.070092, 6.372763
35.358418, 0.070092, 6.372763
35.361534, 0.067543, 6.141037
35.364627, 0.067543, 6.141037
35.367779, 0.067543, 6.141037
35.371009, 0.070092, 6.372763
35.374688, 0.067543, 6.141037
35.377807, 0.067543, 6.141037
35.380852, 0.067543, 6.141037
35.384157, 0.067543, 6.141037
35.387304, 0.067543, 6.141037
35.390455, 0.067543, 6.141037
35.393818, 0.067543, 6.141037
35.397117, 0.067543, 6.141037
35.400453, 0.067543, 6.141037
35.403955, 0.067543, 6.141037
35.408311, 0.070092, 6.372763
35.412448, 0.067543, 6.141037
35.417398, 0.067543, 6.141037
35.422910, 0.067543, 6.141037
35.428370, 0.067543, 6.141037
35.433253, 0.067543, 6.141037
35.437345, 0.067543, 6.141037
35.441532, 0.067543, 6.141037
35.445544, 0.067543, 6.141037
35.449196, 0.067543, 6.141037
35.452675, 0.067543, 6.141037
35.456736, 0.067543, 6.141037
35.460450, 0.067543, 6.141037
35.463892, 0.067543, 6.141037
35.467614, 0.067543, 6.141037
35.471258, 0.070092, 6.372763
35.474802, 0.067543, 6.141037
35.478097, 0.067543, 6.141037
35.481367, 0.067543, 6.141037
35.484855, 0.070092, 6.372763
35.488352, 0.067543, 6.141037
35.491799, 0.067543, 6.141037
35.495185, 0.067543, 6.141037
35.498564, 0.067543, 6.141037
35.501773, 0.067543, 6.141037
35.505352, 0.070092, 6.372763
35.508988, 0.067543, 6.141037
35.512456, 0.067543, 6.141037
35.517356, 0.067543, 6.141037
35.522068, 0.070092, 6.372763
35.526488, 0.067543, 6.141037
35.530735, 0.067543, 6.141037
35.534506, 0.067543, 6.141037
35.539343, 0.067543, 6.141037
35.543222, 0.067543, 6.141037
35.545712, 0.067543, 6.141037
35.548098, 0.067543, 6.141037
35.550697, 0.067543, 6.141037
35.553387, 0.067543, 6.141037
35.556337, 0.067543, 6.141037
35.559448, 0.067543, 6.141037
35.562540, 0.067543, 6.141037
35.565702, 0.070092, 6.372763
35.568869, 0.070092, 6.372763
35.571920, 0.067543, 6.141037
35.574948, 0.067543, 6.141037
35.578043, 0.067543, 6.141037
35.581123, 0.067543, 6.141037
35.584429, 0.067543, 6.141037
35.587698, 0.067543, 6.141037
35.590887, 0.067543, 6.141037
35.593339, 0.070092, 6.372763
35.596562, 0.067543, 6.141037
35.599586, 0.070092, 6.372763
35.602510, 0.067543, 6.141037
35.605370, 0.067543, 6.141037
35.608349, 0.067543, 6.141037
35.611208, 0.067543, 6.141037
35.614039, 0.067543, 6.141037
35.616911, 0.067543, 6.141037
35.619913, 0.067543, 6.141037
35.622835, 0.070092, 6.372763
35.625733, 0.067543, 6.141037
35.629049, 0.067543, 6.141037
35.632219, 0.067543, 6.141037
35.635351, 0.067543, 6.141037
35.638469, 0.067543, 6.141037
35.641332, 0.067543, 6.141037
35.644184, 0.067543, 6.141037
35.646839, 0.067543, 6.141037
35.649734, 0.067543, 6.141037
35.652751, 0.067543, 6.141037
35.655756, 0.067543, 6.141037
35.658859, 0.067543, 6.141037
35.661855, 0.067543, 6.141037
35.664802, 0.067543, 6.141037
35.668532, 0.067543, 6.141037
35.671559, 0.067543, 6.141037
35.674529, 0.067543, 6.141037
35.677557, 0.070092, 6.372763
35.680598, 0.067543, 6.141037
35.683589, 0.067543, 6.141037
35.686531, 0.067543, 6.141037
35.689553, 0.067543, 6.141037
35.692489, 0.070092, 6.372763
35.695467, 0.067543, 6.141037
35.698376, 0.067543, 6.141037
35.701280, 0.067543, 6.141037
35.704246, 0.067543, 6.141037
35.707223, 0.070092, 6.372763
35.711103, 0.070092, 6.372763
35.714489, 0.067543, 6.141037
35.717159, 0.067543, 6.141037
35.719869, 0.067543, 6.141037
35.722588, 0.070092, 6.372763
35.725366, 0.067543, 6.141037
35.728259, 0.067543, 6.141037
35.731449, 0.067543, 6.141037
35.734378, 0.067543, 6.141037
35.737338, 0.070092, 6.372763
35.741005, 0.070092, 6.372763
35.744250, 0.067543, 6.141037
35.747433, 0.067543, 6.141037
35.750876, 0.067543, 6.141037
35.754004, 0.070092, 6.372763
35.757120, 0.067543, 6.141037
35.761016, 0.070092, 6.372763
35.764212, 0.067543, 6.141037
35.767169, 0.070092, 6.372763
35.770192, 0.067543, 6.141037
35.773270, 0.067543, 6.141037
35.776507, 0.067543, 6.141037
35.779588, 0.067543, 6.141037
35.782686, 0.067543, 6.141037
35.785832, 0.067543, 6.141037
35.789205, 0.067543, 6.141037
35.792987, 0.067543, 6.141037
35.796511, 0.067543, 6.141037
35.799966, 0.067543, 6.141037
35.803276, 0.067543, 6.141037
35.806866, 0.067543, 6.141037
35.810303, 0.067543, 6.141037
35.813466, 0.070092, 6.372763
35.816719, 0.067543, 6.141037
35.819802, 0.067543, 6.141037
35.822933, 0.067543, 6.141037
35.826111, 0.070092, 6.372763
35.829232, 0.067543, 6.141037
35.832234, 0.067543, 6.141037
35.835280, 0.067543, 6.141037
35.838416, 0.067543, 6.141037
35.841591, 0.067543, 6.141037
35.844735, 0.067543, 6.141037
35.848051, 0.067543, 6.141037
35.851309, 0.067543, 6.141037
35.854635, 0.067543, 6.141037
35.858501, 0.067543, 6.141037
35.862403, 0.067543, 6.141037
35.866182, 0.067543, 6.141037
35.869966, 0.067543, 6.141037
35.874711, 0.067543, 6.141037
35.878647, 0.067543, 6.141037
35.882951, 0.067543, 6.141037
35.886815, 0.067543, 6.141037
35.891597, 0.070092, 6.372763
35.894434, 0.067543, 6.141037
35.896864, 0.067543, 6.141037
35.899484, 0.067543, 6.141037
35.902240, 0.067543, 6.141037
35.905237, 0.067543, 6.141037
35.908312, 0.070092, 6.372763
35.911465, 0.067543, 6.141037
35.914652, 0.067543, 6.141037
35.917988, 0.067543, 6.141037
35.921194, 0.067543, 6.141037
35.924384, 0.070092, 6.372763
35.927720, 0.067543, 6.141037
35.930887, 0.067543, 6.141037
35.934010, 0.067543, 6.141037
35.937185, 0.067543, 6.141037
35.940598, 0.067543, 6.141037
35.943535, 0.067543, 6.141037
35.946409, 0.067543, 6.141037
35.949212, 0.070092, 6.372763
35.951969, 0.067543, 6.141037
35.954734, 0.067543, 6.141037
35.957678, 0.067543, 6.141037
35.960503, 0.067543, 6.141037
35.963232, 0.067543, 6.141037
35.965911, 0.067543, 6.141037
35.968657, 0.067543, 6.141037
35.971324, 0.067543, 6.141037
35.973974, 0.067543, 6.141037
35.976855, 0.067543, 6.141037
35.979445, 0.067543, 6.141037
35.981597, 0.067543, 6.141037
35.984231, 0.070092, 6.372763
35.986886, 0.067543, 6.141037
35.989659, 0.067543, 6.141037
35.992501, 0.067543, 6.141037
35.995373, 0.067543, 6.141037
35.998428, 0.067543, 6.141037
36.001488, 0.067543, 6.141037
36.004520, 0.067543, 6.141037
36.007606, 0.067543, 6.141037
36.010613, 0.070092, 6.372763
36.013478, 0.067543, 6.141037
36.016317, 0.067543, 6.141037
36.019315, 0.067543, 6.141037
36.022156, 0.067543, 6.141037
36.025033, 0.067543, 6.141037
36.027822, 0.070092, 6.372763
36.030292, 0.070092, 6.372763
36.032565, 0.067543, 6.141037
36.034794, 0.070092, 6.372763
36.037211, 0.067543, 6.141037
36.039807, 0.067543, 6.141037
36.042428, 0.067543, 6.141037
36.045078, 0.067543, 6.141037
36.047750, 0.070092, 6.372763
36.050525, 0.067543, 6.141037
36.053190, 0.067543, 6.141037
36.055858, 0.067543, 6.141037
36.058602, 0.067543, 6.141037
36.061307, 0.067543, 6.141037
36.063973, 0.067543, 6.141037
36.066619, 0.067543, 6.141037
36.069360, 0.067543, 6.141037
36.072116, 0.067543, 6.141037
36.074927, 0.067543, 6.141037
36.077681, 0.067543, 6.141037
36.080560, 0.070092, 6.372763
36.083312, 0.067543, 6.141037
36.086040, 0.067543, 6.141037
36.088692, 0.067543, 6.141037
36.091426, 0.067543, 6.141037
36.094157, 0.067543, 6.141037
36.096818, 0.067543, 6.141037
36.099637, 0.067543, 6.141037
36.102340, 0.067543, 6.141037
36.104990, 0.070092, 6.372763
36.107647, 0.067543, 6.141037
36.110718, 0.067543, 6.141037
36.112971, 0.067543, 6.141037
36.115171, 0.067543, 6.141037
36.117520, 0.067543, 6.141037
36.120087, 0.067543, 6.141037
36.122690, 0.067543, 6.141037
36.125368, 0.067543, 6.141037
36.128024, 0.067543, 6.141037
36.130716, 0.067543, 6.141037
36.133442, 0.067543, 6.141037
36.136100, 0.067543, 6.141037
36.138950, 0.070092, 6.372763
36.141935, 0.067543, 6.141037
36.144153, 0.067543, 6.141037
36.146437, 0.067543, 6.141037
36.148860, 0.067543, 6.141037
36.152260, 0.067543, 6.141037
36.154376, 0.067543, 6.141037
36.157283, 0.067543, 6.141037
36.159894, 0.067543, 6.141037
36.162450, 0.067543, 6.141037
36.165647, 0.067543, 6.141037
36.168160, 0.067543, 6.141037
36.170516, 0.067543, 6.141037
36.173010, 0.067543, 6.141037
36.175721, 0.067543, 6.141037
36.178400, 0.067543, 6.141037
36.181301, 0.067543, 6.141037
36.184081, 0.067543, 6.141037
36.186815, 0.067543, 6.141037
36.189648, 0.067543, 6.141037
36.192508, 0.067543, 6.141037
36.195215, 0.067543, 6.141037
36.197891, 0.070092, 6.372763
36.200949, 0.067543, 6.141037
36.203045, 0.067543, 6.141037
36.205203, 0.067543, 6.141037
36.207982, 0.067543, 6.141037
36.210185, 0.067543, 6.141037
36.213332, 0.067543, 6.141037
36.215456, 0.067543, 6.141037
36.217748, 0.067543, 6.141037
36.220356, 0.067543, 6.141037
36.223146, 0.070092, 6.372763
36.225946, 0.067543, 6.141037
36.228708, 0.067543, 6.141037
36.231498, 0.067543, 6.141037
36.234272, 0.067543, 6.141037
36.236999, 0.067543, 6.141037
36.239717, 0.067543, 6.141037
36.242477, 0.067543, 6.141037
36.245145, 0.067543, 6.141037
36.247773, 0.067543, 6.141037
36.250359, 0.067543, 6.141037
36.253669, 0.067543, 6.141037
36.256414, 0.067543, 6.141037
36.259171, 0.067543, 6.141037
36.261989, 0.067543, 6.141037
36.264685, 0.067543, 6.141037
36.267350, 0.067543, 6.141037
36.269962, 0.067543, 6.141037
36.272674, 0.067543, 6.141037
36.275389, 0.067543, 6.141037
36.277994, 0.067543, 6.141037
36.280662, 0.067543, 6.141037
36.284227, 0.067543, 6.141037
36.286443, 0.067543, 6.141037
36.288657, 0.067543, 6.141037
36.291136, 0.067543, 6.141037
36.294564, 0.067543, 6.141037
36.296705, 0.067543, 6.141037
36.298937, 0.070092, 6.372763
36.301477, 0.067543, 6.141037
36.304268, 0.067543, 6.141037
36.307372, 0.067543, 6.141037
36.309853, 0.067543, 6.141037
36.312184, 0.067543, 6.141037
36.314865, 0.067543, 6.141037
36.317486, 0.067543, 6.141037
36.320286, 0.067543, 6.141037
36.323296, 0.067543, 6.141037
36.326292, 0.067543, 6.141037
36.329234, 0.067543, 6.141037
36.332639, 0.067543, 6.141037
36.338546, 0.067543, 6.141037
36.343691, 0.067543, 6.141037
36.348056, 0.067543, 6.141037
36.351895, 0.067543, 6.141037
36.354395, 0.067543, 6.141037
36.358158, 0.067543, 6.141037
36.361871, 0.067543, 6.141037
36.366151, 0.067543, 6.141037
36.370234, 0.067543, 6.141037
36.374043, 0.070092, 6.372763
36.377377, 0.067543, 6.141037
36.381361, 0.067543, 6.141037
36.385121, 0.067543, 6.141037
36.388777, 0.067543, 6.141037
36.391797, 0.067543, 6.141037
36.395882, 0.067543, 6.141037
36.399877, 0.067543, 6.141037
36.403603, 0.067543, 6.141037
36.407122, 0.067543, 6.141037
36.410635, 0.067543, 6.141037
36.414302, 0.067543, 6.141037
36.417816, 0.070092, 6.372763
36.421208, 0.067543, 6.141037
36.424620, 0.067543, 6.141037
36.427881, 0.067543, 6.141037
36.431097, 0.067543, 6.141037
36.434368, 0.067543, 6.141037
36.437535, 0.067543, 6.141037
36.440547, 0.067543, 6.141037
36.443501, 0.067543, 6.141037
36.446463, 0.067543, 6.141037
36.449344, 0.067543, 6.141037
36.452428, 0.067543, 6.141037
36.455494, 0.067543, 6.141037
36.458594, 0.067543, 6.141037
36.461665, 0.067543, 6.141037
36.464759, 0.067543, 6.141037
36.467755, 0.067543, 6.141037
36.470729, 0.067543, 6.141037
36.473684, 0.067543, 6.141037
36.476750, 0.067543, 6.141037
36.479740, 0.067543, 6.141037
36.482840, 0.067543, 6.141037
36.485881, 0.067543, 6.141037
36.488887, 0.067543, 6.141037
36.491829, 0.067543, 6.141037
36.494848, 0.067543, 6.141037
36.497905, 0.067543, 6.141037
36.500954, 0.067543, 6.141037
36.504006, 0.067543, 6.141037
36.507158, 0.067543, 6.141037
36.510401, 0.067543, 6.141037
36.513598, 0.067543, 6.141037
36.516992, 0.067543, 6.141037
36.520553, 0.067543, 6.141037
36.523962, 0.067543, 6.141037
36.527366, 0.067543, 6.141037
36.530420, 0.067543, 6.141037
36.533501, 0.067543, 6.141037
36.536712, 0.067543, 6.141037
36.539962, 0.067543, 6.141037
36.543240, 0.067543, 6.141037
36.546453, 0.067543, 6.141037
36.549626, 0.067543, 6.141037
36.552626, 0.067543, 6.141037
36.555726, 0.067543, 6.141037
36.558794, 0.067543, 6.141037
36.561672, 0.067543, 6.141037
36.564537, 0.067543, 6.141037
36.567562, 0.067543, 6.141037
36.571081, 0.067543, 6.141037
36.574168, 0.067543, 6.141037
36.577441, 0.067543, 6.141037
36.580741, 0.067543, 6.141037
36.584207, 0.067543, 6.141037
36.587755, 0.067543, 6.141037
36.591141, 0.067543, 6.141037
36.594457, 0.067543, 6.141037
36.597849, 0.067543, 6.141037
36.600985, 0.067543, 6.141037
36.604001, 0.067543, 6.141037
36.607247, 0.067543, 6.141037
36.610815, 0.067543, 6.141037
36.613169, 0.067543, 6.141037
36.615501, 0.067543, 6.141037
36.618251, 0.067543, 6.141037
36.621234, 0.067543, 6.141037
36.625008, 0.067543, 6.141037
36.629998, 0.070092, 6.372763
36.635054, 0.067543, 6.141037
36.639999, 0.067543, 6.141037
36.644239, 0.067543, 6.141037
36.646905, 0.067543, 6.141037
36.649384, 0.067543, 6.141037
36.651898, 0.067543, 6.141037
36.654652, 0.067543, 6.141037
36.657692, 0.067543, 6.141037
36.660928, 0.067543, 6.141037
36.664068, 0.067543, 6.141037
36.667258, 0.067543, 6.141037
36.670556, 0.067543, 6.141037
36.673707, 0.067543, 6.141037
36.676740, 0.067543, 6.141037
36.679782, 0.067543, 6.141037
36.682783, 0.067543, 6.141037
36.685766, 0.067543, 6.141037
36.688675, 0.067543, 6.141037
36.691755, 0.067543, 6.141037
36.694726, 0.067543, 6.141037
36.697670, 0.067543, 6.141037
36.700698, 0.067543, 6.141037
36.703667, 0.067543, 6.141037
36.706604, 0.067543, 6.141037
36.709799, 0.067543, 6.141037
36.712760, 0.067543, 6.141037
36.715728, 0.067543, 6.141037
36.718674, 0.067543, 6.141037
36.721852, 0.067543, 6.141037
36.724689, 0.064994, 5.909310
36.727372, 0.067543, 6.141037
36.730134, 0.067543, 6.141037
36.733064, 0.067543, 6.141037
36.736082, 0.067543, 6.141037
36.739027, 0.067543, 6.141037
36.742165, 0.067543, 6.141037
36.745263, 0.067543, 6.141037
36.748389, 0.067543, 6.141037
36.751802, 0.067543, 6.141037
36.754889, 0.067543, 6.141037
36.758188, 0.067543, 6.141037
36.761712, 0.067543, 6.141037
36.764963, 0.067543, 6.141037
36.768111, 0.067543, 6.141037
36.771316, 0.067543, 6.141037
36.774420, 0.067543, 6.141037
36.777402, 0.067543, 6.141037
36.780528, 0.067543, 6.141037
36.783564, 0.067543, 6.141037
36.786559, 0.067543, 6.141037
36.789696, 0.067543, 6.141037
36.792894, 0.070092, 6.372763
36.796099, 0.067543, 6.141037
36.799281, 0.067543, 6.141037
36.802740, 0.067543, 6.141037
36.806272, 0.067543, 6.141037
36.810231, 0.067543, 6.141037
36.818209, 0.067543, 6.141037
36.824967, 0.067543, 6.141037
36.829905, 0.067543, 6.141037
36.834796, 0.067543, 6.141037
36.838823, 0.067543, 6.141037
36.841713, 0.067543, 6.141037
36.844059, 0.067543, 6.141037
36.846492, 0.070092, 6.372763
36.849064, 0.067543, 6.141037
36.851872, 0.067543, 6.141037
36.854883, 0.067543, 6.141037
36.858172, 0.067543, 6.141037
36.861580, 0.067543, 6.141037
36.865112, 0.067543, 6.141037
36.868432, 0.070092, 6.372763
36.871608, 0.067543, 6.141037
36.875121, 0.067543, 6.141037
36.878333, 0.067543, 6.141037
36.881353, 0.067543, 6.141037
36.884370, 0.067543, 6.141037
36.887371, 0.067543, 6.141037
36.890380, 0.064994, 5.909310
36.894102, 0.067543, 6.141037
36.897650, 0.067543, 6.141037
36.901156, 0.067543, 6.141037
36.904753, 0.067543, 6.141037
36.907975, 0.067543, 6.141037
36.910903, 0.067543, 6.141037
36.914012, 0.067543, 6.141037
36.919884, 0.067543, 6.141037
36.924277, 0.067543, 6.141037
36.929564, 0.067543, 6.141037
36.935140, 0.067543, 6.141037
36.939836, 0.067543, 6.141037
36.943587, 0.067543, 6.141037
36.946852, 0.067543, 6.141037
36.949994, 0.067543, 6.141037
36.953001, 0.067543, 6.141037
36.955866, 0.067543, 6.141037
36.958720, 0.067543, 6.141037
36.961511, 0.067543, 6.141037
36.964272, 0.067543, 6.141037
36.967146, 0.067543, 6.141037
36.970870, 0.067543, 6.141037
36.973737, 0.067543, 6.141037
36.976439, 0.067543, 6.141037
36.979258, 0.067543, 6.141037
36.982124, 0.067543, 6.141037
36.985229, 0.067543, 6.141037
36.988241, 0.067543, 6.141037
36.991461, 0.067543, 6.141037
36.994477, 0.067543, 6.141037
36.997460, 0.067543, 6.141037
37.001610, 0.067543, 6.141037
37.004067, 0.067543, 6.141037
37.006544, 0.067543, 6.141037
37.009091, 0.067543, 6.141037
37.011703, 0.067543, 6.141037
37.014415, 0.067543, 6.141037
37.017348, 0.067543, 6.141037
37.020145, 0.067543, 6.141037
37.022984, 0.067543, 6.141037
37.025777, 0.067543, 6.141037
37.028703, 0.067543, 6.141037
37.031502, 0.067543, 6.141037
37.034293, 0.067543, 6.141037
37.037168, 0.067543, 6.141037
37.039962, 0.067543, 6.141037
37.042738, 0.067543, 6.141037
37.045456, 0.067543, 6.141037
37.048510, 0.067543, 6.141037
37.051376, 0.067543, 6.141037
37.054203, 0.067543, 6.141037
37.057106, 0.067543, 6.141037
37.059936, 0.067543, 6.141037
37.062658, 0.070092, 6.372763
37.065342, 0.067543, 6.141037
37.068157, 0.067543, 6.141037
37.070909, 0.070092, 6.372763
37.073614, 0.067543, 6.141037
37.076274, 0.067543, 6.141037
37.079108, 0.067543, 6.141037
37.081770, 0.067543, 6.141037
37.084363, 0.067543, 6.141037
37.087050, 0.070092, 6.372763
37.089689, 0.067543, 6.141037
37.092256, 0.067543, 6.141037
37.094847, 0.067543, 6.141037
37.097457, 0.067543, 6.141037
37.100085, 0.067543, 6.141037
37.102691, 0.067543, 6.141037
37.105335, 0.067543, 6.141037
37.108113, 0.070092, 6.372763
37.110780, 0.067543, 6.141037
37.113555, 0.067543, 6.141037
37.116274, 0.067543, 6.141037
37.119100, 0.067543, 6.141037
37.121833, 0.067543, 6.141037
37.124516, 0.070092, 6.372763
37.127208, 0.067543, 6.141037
37.129815, 0.067543, 6.141037
37.132424, 0.070092, 6.372763
37.135075, 0.067543, 6.141037
37.137820, 0.067543, 6.141037
37.140480, 0.067543, 6.141037
37.143156, 0.067543, 6.141037
37.145761, 0.067543, 6.141037
37.148482, 0.067543, 6.141037
37.151192, 0.067543, 6.141037
37.153838, 0.067543, 6.141037
37.156507, 0.067543, 6.141037
37.159373, 0.067543, 6.141037
37.161967, 0.067543, 6.141037
37.164571, 0.067543, 6.141037
37.167326, 0.067543, 6.141037
37.170118, 0.067543, 6.141037
37.172771, 0.067543, 6.141037
37.175627, 0.067543, 6.141037
37.178423, 0.067543, 6.141037
37.181215, 0.067543, 6.141037
37.183990, 0.067543, 6.141037
37.186721, 0.067543, 6.141037
37.189634, 0.067543, 6.141037
37.192491, 0.067543, 6.141037
37.195764, 0.067543, 6.141037
37.198635, 0.067543, 6.141037
37.201357, 0.067543, 6.141037
37.203997, 0.067543, 6.141037
37.206615, 0.067543, 6.141037
37.209457, 0.067543, 6.141037
37.212071, 0.070092, 6.372763
37.214631, 0.067543, 6.141037
37.217238, 0.067543, 6.141037
37.219932, 0.067543, 6.141037
37.222504, 0.067543, 6.141037
37.225092, 0.067543, 6.141037
37.227811, 0.067543, 6.141037
37.230512, 0.067543, 6.141037
37.232953, 0.067543, 6.141037
37.235397, 0.067543, 6.141037
37.237821, 0.067543, 6.141037
37.240317, 0.067543, 6.141037
37.242809, 0.067543, 6.141037
37.245301, 0.067543, 6.141037
37.248040, 0.067543, 6.141037
37.250575, 0.067543, 6.141037
37.252825, 0.067543, 6.141037
37.255150, 0.067543, 6.141037
37.257602, 0.067543, 6.141037
37.261007, 0.067543, 6.141037
37.263443, 0.067543, 6.141037
37.265882, 0.067543, 6.141037
37.268526, 0.067543, 6.141037
37.271081, 0.067543, 6.141037
37.273666, 0.067543, 6.141037
37.276265, 0.067543, 6.141037
37.278877, 0.067543, 6.141037
37.281388, 0.067543, 6.141037
37.283888, 0.067543, 6.141037
37.286392, 0.067543, 6.141037
37.289331, 0.067543, 6.141037
37.292154, 0.067543, 6.141037
37.294693, 0.067543, 6.141037
37.297281, 0.067543, 6.141037
37.300816, 0.070092, 6.372763
37.303280, 0.070092, 6.372763
37.305670, 0.067543, 6.141037
37.308568, 0.067543, 6.141037
37.311644, 0.067543, 6.141037
37.314458, 0.067543, 6.141037
37.316795, 0.067543, 6.141037
37.319401, 0.067543, 6.141037
37.322118, 0.067543, 6.141037
37.325026, 0.067543, 6.141037
37.327997, 0.067543, 6.141037
37.330949, 0.067543, 6.141037
37.333374, 0.070092, 6.372763
37.335789, 0.070092, 6.372763
37.338302, 0.067543, 6.141037
37.340981, 0.067543, 6.141037
37.343695, 0.067543, 6.141037
37.346488, 0.067543, 6.141037
37.349344, 0.067543, 6.141037
37.352161, 0.067543, 6.141037
37.354972, 0.067543, 6.141037
37.357891, 0.067543, 6.141037
37.360926, 0.067543, 6.141037
37.363846, 0.067543, 6.141037
37.366761, 0.067543, 6.141037
37.369653, 0.067543, 6.141037
37.372649, 0.067543, 6.141037
37.375652, 0.067543, 6.141037
37.378603, 0.067543, 6.141037
37.381656, 0.067543, 6.141037
37.384486, 0.067543, 6.141037
37.387267, 0.067543, 6.141037
37.390176, 0.067543, 6.141037
37.393087, 0.067543, 6.141037
37.395911, 0.067543, 6.141037
37.398734, 0.067543, 6.141037
37.401608, 0.067543, 6.141037
37.404448, 0.067543, 6.141037
37.407291, 0.067543, 6.141037
37.410111, 0.067543, 6.141037
37.413069, 0.067543, 6.141037
37.415976, 0.067543, 6.141037
37.418841, 0.067543, 6.141037
37.421763, 0.067543, 6.141037
37.425064, 0.067543, 6.141037
37.428142, 0.067543, 6.141037
37.431611, 0.067543, 6.141037
37.434729, 0.067543, 6.141037
37.437282, 0.067543, 6.141037
37.439922, 0.067543, 6.141037
37.443007, 0.067543, 6.141037
37.446229, 0.067543, 6.141037
37.450721, 0.067543, 6.141037
37.454579, 0.067543, 6.141037
37.458612, 0.067543, 6.141037
37.461912, 0.070092, 6.372763
37.465087, 0.067543, 6.141037
37.468142, 0.067543, 6.141037
37.471131, 0.067543, 6.141037
37.475236, 0.067543, 6.141037
37.480685, 0.070092, 6.372763
37.484780, 0.067543, 6.141037
37.488409, 0.067543, 6.141037
37.491920, 0.067543, 6.141037
37.495326, 0.067543, 6.141037
37.498461, 0.067543, 6.141037
37.501714, 0.067543, 6.141037
37.504862, 0.067543, 6.141037
37.507982, 0.067543, 6.141037
37.511088, 0.067543, 6.141037
37.514198, 0.067543, 6.141037
37.517315, 0.067543, 6.141037
37.520411, 0.070092, 6.372763
37.523998, 0.067543, 6.141037
37.527573, 0.067543, 6.141037
37.531141, 0.067543, 6.141037
37.534587, 0.067543, 6.141037
37.538131, 0.067543, 6.141037
37.542367, 0.067543, 6.141037
37.546301, 0.067543, 6.141037
37.549173, 0.067543, 6.141037
37.551993, 0.067543, 6.141037
37.554815, 0.067543, 6.141037
37.557689, 0.070092, 6.372763
37.560656, 0.067543, 6.141037
37.563813, 0.067543, 6.141037
37.567107, 0.067543, 6.141037
37.570338, 0.070092, 6.372763
37.574012, 0.067543, 6.141037
37.577956, 0.067543, 6.141037
37.581414, 0.067543, 6.141037
37.584722, 0.067543, 6.141037
37.587947, 0.067543, 6.141037
37.591259, 0.067543, 6.141037
37.594604, 0.067543, 6.141037
37.598039, 0.067543, 6.141037
37.602121, 0.067543, 6.141037
37.606176, 0.067543, 6.141037
37.610367, 0.067543, 6.141037
37.614329, 0.067543, 6.141037
37.618239, 0.067543, 6.141037
37.622313, 0.067543, 6.141037
37.626169, 0.067543, 6.141037
37.629897, 0.067543, 6.141037
37.633549, 0.067543, 6.141037
37.637820, 0.067543, 6.141037
37.640435, 0.067543, 6.141037
37.642915, 0.067543, 6.141037
37.645721, 0.067543, 6.141037
37.648552, 0.067543, 6.141037
37.651551, 0.067543, 6.141037
37.654784, 0.067543, 6.141037
37.658366, 0.067543, 6.141037
37.661873, 0.067543, 6.141037
37.666041, 0.070092, 6.372763
37.669440, 0.067543, 6.141037
37.672014, 0.070092, 6.372763
37.674714, 0.067543, 6.141037
37.677550, 0.067543, 6.141037
37.680498, 0.067543, 6.141037
37.683525, 0.067543, 6.141037
37.686738, 0.067543, 6.141037
37.690081, 0.070092, 6.372763
37.693545, 0.067543, 6.141037
37.697313, 0.070092, 6.372763
37.700848, 0.067543, 6.141037
37.704324, 0.067543, 6.141037
37.707747, 0.067543, 6.141037
37.711110, 0.067543, 6.141037
37.714309, 0.067543, 6.141037
37.717564, 0.067543, 6.141037
37.720666, 0.067543, 6.141037
37.723794, 0.067543, 6.141037
37.727026, 0.067543, 6.141037
37.730132, 0.067543, 6.141037
37.733186, 0.067543, 6.141037
37.736327, 0.067543, 6.141037
37.739513, 0.067543, 6.141037
37.742829, 0.067543, 6.141037
37.746194, 0.067543, 6.141037
37.749583, 0.067543, 6.141037
37.752723, 0.067543, 6.141037
37.755753, 0.067543, 6.141037
37.759149, 0.067543, 6.141037
37.762234, 0.070092, 6.372763
37.765242, 0.067543, 6.141037
37.768422, 0.067543, 6.141037
37.771440, 0.067543, 6.141037
37.774472, 0.067543, 6.141037
37.777710, 0.070092, 6.372763
37.780917, 0.067543, 6.141037
37.783938, 0.067543, 6.141037
37.787035, 0.067543, 6.141037
37.790133, 0.067543, 6.141037
37.793222, 0.067543, 6.141037
37.796447, 0.067543, 6.141037
37.799509, 0.067543, 6.141037
37.802520, 0.067543, 6.141037
37.805499, 0.067543, 6.141037
37.808743, 0.067543, 6.141037
37.812327, 0.067543, 6.141037
37.815288, 0.067543, 6.141037
37.818489, 0.067543, 6.141037
37.821504, 0.067543, 6.141037
37.824465, 0.067543, 6.141037
37.827587, 0.067543, 6.141037
37.830625, 0.067543, 6.141037
37.833621, 0.067543, 6.141037
37.836703, 0.067543, 6.141037
37.839934, 0.067543, 6.141037
37.843067, 0.067543, 6.141037
37.847041, 0.067543, 6.141037
37.850135, 0.067543, 6.141037
37.853585, 0.067543, 6.141037
37.857186, 0.067543, 6.141037
37.860028, 0.067543, 6.141037
37.862913, 0.070092, 6.372763
37.865802, 0.067543, 6.141037
37.868845, 0.067543, 6.141037
37.871902, 0.067543, 6.141037
37.874810, 0.067543, 6.141037
37.877797, 0.067543, 6.141037
37.880727, 0.067543, 6.141037
37.883568, 0.067543, 6.141037
37.886417, 0.067543, 6.141037
37.889288, 0.067543, 6.141037
37.892232, 0.067543, 6.141037
37.895014, 0.067543, 6.141037
37.897771, 0.067543, 6.141037
37.900498, 0.067543, 6.141037
37.903232, 0.067543, 6.141037
37.905922, 0.070092, 6.372763
37.908760, 0.067543, 6.141037
37.911500, 0.067543, 6.141037
37.914202, 0.067543, 6.141037
37.916882, 0.067543, 6.141037
37.919655, 0.067543, 6.141037
37.922423, 0.067543, 6.141037
37.924928, 0.067543, 6.141037
37.927873, 0.067543, 6.141037
37.930918, 0.067543, 6.141037
37.933570, 0.067543, 6.141037
37.936163, 0.067543, 6.141037
37.938928, 0.067543, 6.141037
37.941710, 0.067543, 6.141037
37.944453, 0.067543, 6.141037
37.947200, 0.067543, 6.141037
37.950302, 0.067543, 6.141037
37.953080, 0.067543, 6.141037
37.955821, 0.067543, 6.141037
37.959561, 0.067543, 6.141037
37.962303, 0.067543, 6.141037
37.964867, 0.067543, 6.141037
37.967378, 0.067543, 6.141037
37.970370, 0.067543, 6.141037
37.973255, 0.067543, 6.141037
37.976044, 0.067543, 6.141037
37.978802, 0.067543, 6.141037
37.981581, 0.067543, 6.141037
37.984441, 0.067543, 6.141037
37.987451, 0.067543, 6.141037
37.991366, 0.067543, 6.141037
37.993783, 0.067543, 6.141037
37.996234, 0.067543, 6.141037
37.999086, 0.067543, 6.141037
38.003512, 0.067543, 6.141037
38.006425, 0.067543, 6.141037
38.009400, 0.067543, 6.141037
38.011859, 0.067543, 6.141037
38.014404, 0.067543, 6.141037
38.047968, 0.067543, 6.141037
38.050593, 0.070092, 6.372763
38.052594, 0.067543, 6.141037
38.054801, 0.067543, 6.141037
38.058513, 0.067543, 6.141037
38.062534, 0.067543, 6.141037
38.065957, 0.067543, 6.141037
38.069136, 0.067543, 6.141037
38.072048, 0.067543, 6.141037
38.074921, 0.067543, 6.141037
38.077770, 0.067543, 6.141037
38.080516, 0.067543, 6.141037
38.083152, 0.067543, 6.141037
38.085715, 0.067543, 6.141037
38.088366, 0.067543, 6.141037
38.091060, 0.067543, 6.141037
38.093648, 0.067543, 6.141037
38.096221, 0.067543, 6.141037
38.098988, 0.067543, 6.141037
38.101644, 0.067543, 6.141037
38.104235, 0.067543, 6.141037
38.106875, 0.067543, 6.141037
38.109688, 0.064994, 5.909310
38.112358, 0.067543, 6.141037
38.114993, 0.067543, 6.141037
38.117647, 0.067543, 6.141037
38.120383, 0.067543, 6.141037
38.123127, 0.067543, 6.141037
38.125896, 0.067543, 6.141037
38.128735, 0.067543, 6.141037
38.132082, 0.067543, 6.141037
38.134863, 0.067543, 6.141037
38.137575, 0.067543, 6.141037
38.140986, 0.067543, 6.141037
38.143345, 0.067543, 6.141037
38.145642, 0.067543, 6.141037
38.148104, 0.067543, 6.141037
38.150875, 0.067543, 6.141037
38.153681, 0.067543, 6.141037
38.156547, 0.067543, 6.141037
38.159534, 0.067543, 6.141037
38.162332, 0.067543, 6.141037
38.165045, 0.067543, 6.141037
38.167741, 0.067543, 6.141037
38.170628, 0.067543, 6.141037
38.173576, 0.067543, 6.141037
38.176437, 0.067543, 6.141037
38.179215, 0.067543, 6.141037
38.182393, 0.067543, 6.141037
38.185265, 0.067543, 6.141037
38.187839, 0.067543, 6.141037
38.190537, 0.067543, 6.141037
38.193366, 0.067543, 6.141037
38.196314, 0.067543, 6.141037
38.199292, 0.067543, 6.141037
38.202222, 0.067543, 6.141037
38.205125, 0.067543, 6.141037
38.208204, 0.067543, 6.141037
38.211045, 0.067543, 6.141037
38.213894, 0.067543, 6.141037
38.216628, 0.067543, 6.141037
38.219308, 0.067543, 6.141037
38.222037, 0.067543, 6.141037
38.225469, 0.067543, 6.141037
38.227691, 0.067543, 6.141037
38.229917, 0.067543, 6.141037
38.232383, 0.067543, 6.141037
38.235348, 0.067543, 6.141037
38.238207, 0.067543, 6.141037
38.240997, 0.067543, 6.141037
38.244241, 0.067543, 6.141037
38.246917, 0.067543, 6.141037
38.249204, 0.067543, 6.141037
38.251720, 0.067543, 6.141037
38.254441, 0.067543, 6.141037
38.258037, 0.067543, 6.141037
38.260808, 0.067543, 6.141037
38.263662, 0.067543, 6.141037
38.266459, 0.067543, 6.141037
38.269326, 0.067543, 6.141037
38.272178, 0.067543, 6.141037
38.275091, 0.067543, 6.141037
38.278162, 0.067543, 6.141037
38.281088, 0.067543, 6.141037
38.283938, 0.070092, 6.372763
38.286878, 0.067543, 6.141037
38.290336, 0.067543, 6.141037
38.295020, 0.067543, 6.141037
38.311085, 0.067543, 6.141037
38.319566, 0.067543, 6.141037
38.323320, 0.067543, 6.141037
38.326139, 0.067543, 6.141037
38.328386, 0.064994, 5.909310
38.330683, 0.067543, 6.141037
38.333398, 0.067543, 6.141037
38.336404, 0.067543, 6.141037
38.340018, 0.067543, 6.141037
38.348486, 0.067543, 6.141037
38.363039, 0.067543, 6.141037
38.367793, 0.067543, 6.141037
38.370530, 0.067543, 6.141037
38.373870, 0.067543, 6.141037
38.378158, 0.067543, 6.141037
38.382822, 0.067543, 6.141037
38.387971, 0.067543, 6.141037
38.393994, 0.067543, 6.141037
38.401397, 0.067543, 6.141037
38.406307, 0.067543, 6.141037
38.410378, 0.067543, 6.141037
38.415239, 0.067543, 6.141037
38.420310, 0.067543, 6.141037
38.425670, 0.067543, 6.141037
38.430161, 0.067543, 6.141037
38.434094, 0.067543, 6.141037
38.437846, 0.067543, 6.141037
38.441884, 0.067543, 6.141037
38.445677, 0.067543, 6.141037
38.449255, 0.067543, 6.141037
38.452550, 0.067543, 6.141037
38.455820, 0.067543, 6.141037
38.459532, 0.067543, 6.141037
38.463175, 0.067543, 6.141037
38.466909, 0.067543, 6.141037
38.470935, 0.067543, 6.141037
38.475275, 0.067543, 6.141037
38.479846, 0.067543, 6.141037
38.484194, 0.067543, 6.141037
38.488465, 0.067543, 6.141037
38.492902, 0.070092, 6.372763
38.498199, 0.067543, 6.141037
38.501324, 0.067543, 6.141037
38.507875, 0.067543, 6.141037
38.511938, 0.067543, 6.141037
38.515753, 0.067543, 6.141037
38.519412, 0.067543, 6.141037
38.523292, 0.067543, 6.141037
38.527479, 0.067543, 6.141037
38.529975, 0.067543, 6.141037
38.532536, 0.067543, 6.141037
38.535436, 0.067543, 6.141037
38.538744, 0.067543, 6.141037
38.542460, 0.067543, 6.141037
38.546090, 0.067543, 6.141037
38.549517, 0.067543, 6.141037
38.552516, 0.067543, 6.141037
38.555913, 0.067543, 6.141037
38.559285, 0.070092, 6.372763
38.562628, 0.067543, 6.141037
38.565811, 0.067543, 6.141037
38.568965, 0.067543, 6.141037
38.572228, 0.067543, 6.141037
38.575598, 0.067543, 6.141037
38.578797, 0.067543, 6.141037
38.582084, 0.067543, 6.141037
38.585332, 0.067543, 6.141037
38.588446, 0.067543, 6.141037
38.591704, 0.067543, 6.141037
38.594950, 0.067543, 6.141037
38.598163, 0.067543, 6.141037
38.601293, 0.064994, 5.909310
38.604364, 0.067543, 6.141037
38.608990, 0.067543, 6.141037
38.613286, 0.067543, 6.141037
38.617179, 0.067543, 6.141037
38.620805, 0.067543, 6.141037
38.624229, 0.067543, 6.141037
38.627471, 0.064994, 5.909310
38.630609, 0.067543, 6.141037
38.633045, 0.067543, 6.141037
38.635872, 0.067543, 6.141037
38.638647, 0.064994, 5.909310
38.641553, 0.067543, 6.141037
38.644985, 0.067543, 6.141037
38.647677, 0.067543, 6.141037
38.650440, 0.067543, 6.141037
38.653542, 0.064994, 5.909310
38.656669, 0.067543, 6.141037
38.659851, 0.067543, 6.141037
38.663060, 0.067543, 6.141037
38.665925, 0.067543, 6.141037
38.668611, 0.067543, 6.141037
38.671365, 0.067543, 6.141037
38.674668, 0.067543, 6.141037
38.677646, 0.067543, 6.141037
38.680715, 0.067543, 6.141037
38.684016, 0.067543, 6.141037
38.687309, 0.067543, 6.141037
38.690790, 0.067543, 6.141037
38.694390, 0.067543, 6.141037
38.697848, 0.067543, 6.141037
38.701220, 0.067543, 6.141037
38.703780, 0.067543, 6.141037
38.706750, 0.067543, 6.141037
38.711610, 0.067543, 6.141037
38.715728, 0.067543, 6.141037
38.719519, 0.067543, 6.141037
38.723160, 0.067543, 6.141037
38.726705, 0.067543, 6.141037
38.730108, 0.067543, 6.141037
38.733265, 0.067543, 6.141037
38.735933, 0.067543, 6.141037
38.738331, 0.067543, 6.141037
38.740718, 0.067543, 6.141037
38.744487, 0.067543, 6.141037
38.748689, 0.067543, 6.141037
38.752488, 0.067543, 6.141037
38.756396, 0.067543, 6.141037
38.760119, 0.067543, 6.141037
38.763805, 0.067543, 6.141037
38.766725, 0.067543, 6.141037
38.769154, 0.067543, 6.141037
38.771577, 0.067543, 6.141037
38.774512, 0.067543, 6.141037
38.776996, 0.067543, 6.141037
38.779571, 0.067543, 6.141037
38.782326, 0.067543, 6.141037
38.788222, 0.067543, 6.141037
38.794814, 0.067543, 6.141037
38.801008, 0.067543, 6.141037
38.806285, 0.067543, 6.141037
38.811009, 0.067543, 6.141037
38.815699, 0.067543, 6.141037
38.819952, 0.067543, 6.141037
38.823915, 0.067543, 6.141037
38.827504, 0.067543, 6.141037
38.830856, 0.067543, 6.141037
38.834288, 0.067543, 6.141037
38.837562, 0.067543, 6.141037
38.840917, 0.067543, 6.141037
38.844345, 0.067543, 6.141037
38.848264, 0.067543, 6.141037
38.852358, 0.067543, 6.141037
38.855473, 0.067543, 6.141037
38.858654, 0.067543, 6.141037
38.862020, 0.067543, 6.141037
38.865632, 0.067543, 6.141037
38.869105, 0.067543, 6.141037
38.872022, 0.064994, 5.909310
38.875093, 0.067543, 6.141037
38.878254, 0.067543, 6.141037
38.881299, 0.067543, 6.141037
38.884374, 0.067543, 6.141037
38.887370, 0.067543, 6.141037
38.890373, 0.067543, 6.141037
38.893299, 0.067543, 6.141037
38.896243, 0.067543, 6.141037
38.899113, 0.064994, 5.909310
38.902018, 0.067543, 6.141037
38.904934, 0.067543, 6.141037
38.907817, 0.067543, 6.141037
38.910740, 0.067543, 6.141037
38.913647, 0.067543, 6.141037
38.916915, 0.067543, 6.141037
38.919203, 0.067543, 6.141037
38.921536, 0.067543, 6.141037
38.924061, 0.067543, 6.141037
38.926873, 0.067543, 6.141037
38.929706, 0.067543, 6.141037
38.932688, 0.067543, 6.141037
38.935833, 0.067543, 6.141037
38.938847, 0.067543, 6.141037
38.941875, 0.067543, 6.141037
38.944977, 0.064994, 5.909310
38.948071, 0.067543, 6.141037
38.951210, 0.067543, 6.141037
38.954174, 0.067543, 6.141037
38.957312, 0.067543, 6.141037
38.960417, 0.067543, 6.141037
38.963433, 0.067543, 6.141037
38.966622, 0.067543, 6.141037
38.969677, 0.067543, 6.141037
38.972589, 0.067543, 6.141037
38.975646, 0.067543, 6.141037
38.978807, 0.067543, 6.141037
38.981787, 0.067543, 6.141037
38.984677, 0.064994, 5.909310
38.987556, 0.067543, 6.141037
38.990322, 0.067543, 6.141037
38.993134, 0.067543, 6.141037
38.995938, 0.067543, 6.141037
38.998765, 0.067543, 6.141037
39.001541, 0.067543, 6.141037
39.004288, 0.067543, 6.141037
39.007326, 0.067543, 6.141037
39.010166, 0.067543, 6.141037
39.012948, 0.067543, 6.141037
39.015789, 0.067543, 6.141037
39.018549, 0.067543, 6.141037
39.021313, 0.067543, 6.141037
39.024123, 0.067543, 6.141037
39.027023, 0.067543, 6.141037
39.029843, 0.067543, 6.141037
39.032611, 0.067543, 6.141037
39.035443, 0.067543, 6.141037
39.040475, 0.067543, 6.141037
39.043247, 0.064994, 5.909310
39.045580, 0.067543, 6.141037
39.048235, 0.064994, 5.909310
39.051098, 0.067543, 6.141037
39.054206, 0.067543, 6.141037
39.057405, 0.067543, 6.141037
39.060446, 0.067543, 6.141037
39.063512, 0.067543, 6.141037
39.066561, 0.067543, 6.141037
39.069736, 0.067543, 6.141037
39.072852, 0.067543, 6.141037
39.075834, 0.064994, 5.909310
39.078716, 0.067543, 6.141037
39.081603, 0.067543, 6.141037
39.085337, 0.067543, 6.141037
39.087747, 0.067543, 6.141037
39.090225, 0.067543, 6.141037
39.093021, 0.067543, 6.141037
39.095860, 0.067543, 6.141037
39.098765, 0.067543, 6.141037
39.101664, 0.067543, 6.141037
39.105241, 0.067543, 6.141037
39.107817, 0.067543, 6.141037
39.110292, 0.067543, 6.141037
39.113107, 0.064994, 5.909310
39.116073, 0.067543, 6.141037
39.119098, 0.067543, 6.141037
39.122151, 0.067543, 6.141037
39.125268, 0.067543, 6.141037
39.128309, 0.067543, 6.141037
39.131223, 0.067543, 6.141037
39.134321, 0.067543, 6.141037
39.137293, 0.064994, 5.909310
39.140165, 0.067543, 6.141037
39.143011, 0.067543, 6.141037
39.146500, 0.067543, 6.141037
39.149338, 0.064994, 5.909310
39.152156, 0.067543, 6.141037
39.154939, 0.067543, 6.141037
39.157950, 0.067543, 6.141037
39.160448, 0.067543, 6.141037
39.162785, 0.067543, 6.141037
39.166528, 0.064994, 5.909310
39.169473, 0.067543, 6.141037
39.171909, 0.067543, 6.141037
39.174582, 0.067543, 6.141037
39.177381, 0.067543, 6.141037
39.180348, 0.067543, 6.141037
39.183158, 0.067543, 6.141037
39.186028, 0.067543, 6.141037
39.188854, 0.067543, 6.141037
39.191730, 0.067543, 6.141037
39.194845, 0.067543, 6.141037
39.197725, 0.067543, 6.141037
39.200463, 0.067543, 6.141037
39.203208, 0.067543, 6.141037
39.205976, 0.067543, 6.141037
39.208715, 0.067543, 6.141037
39.211443, 0.067543, 6.141037
39.214086, 0.067543, 6.141037
39.216826, 0.067543, 6.141037
39.219470, 0.067543, 6.141037
39.222101, 0.067543, 6.141037
39.225271, 0.067543, 6.141037
39.228047, 0.067543, 6.141037
39.230728, 0.067543, 6.141037
39.233407, 0.067543, 6.141037
39.236188, 0.067543, 6.141037
39.238839, 0.067543, 6.141037
39.241454, 0.067543, 6.141037
39.244092, 0.064994, 5.909310
39.247233, 0.067543, 6.141037
39.249507, 0.067543, 6.141037
39.251801, 0.067543, 6.141037
39.254221, 0.067543, 6.141037
39.257334, 0.067543, 6.141037
39.260116, 0.067543, 6.141037
39.262720, 0.067543, 6.141037
39.265719, 0.067543, 6.141037
39.268276, 0.064994, 5.909310
39.270467, 0.064994, 5.909310
39.273599, 0.067543, 6.141037
39.277432, 0.067543, 6.141037
39.280019, 0.067543, 6.141037
39.282283, 0.067543, 6.141037
39.284650, 0.067543, 6.141037
39.287954, 0.064994, 5.909310
39.290497, 0.067543, 6.141037
39.294298, 0.067543, 6.141037
39.297461, 0.067543, 6.141037
39.299703, 0.067543, 6.141037
39.302002, 0.067543, 6.141037
39.304384, 0.067543, 6.141037
39.307836, 0.067543, 6.141037
39.309894, 0.067543, 6.141037
39.312107, 0.067543, 6.141037
39.314636, 0.067543, 6.141037
39.317532, 0.067543, 6.141037
39.320321, 0.067543, 6.141037
39.323188, 0.064994, 5.909310
39.326015, 0.067543, 6.141037
39.328950, 0.067543, 6.141037
39.331677, 0.064994, 5.909310
39.334335, 0.067543, 6.141037
39.337879, 0.067543, 6.141037
39.340654, 0.067543, 6.141037
39.342933, 0.067543, 6.141037
39.345161, 0.067543, 6.141037
39.348067, 0.064994, 5.909310
39.350797, 0.067543, 6.141037
39.353544, 0.067543, 6.141037
39.356262, 0.067543, 6.141037
39.358988, 0.067543, 6.141037
39.361622, 0.067543, 6.141037
39.364200, 0.064994, 5.909310
39.366798, 0.067543, 6.141037
39.369377, 0.067543, 6.141037
39.371898, 0.067543, 6.141037
39.374455, 0.067543, 6.141037
39.377215, 0.067543, 6.141037
39.379928, 0.067543, 6.141037
39.382592, 0.067543, 6.141037
39.385092, 0.067543, 6.141037
39.388928, 0.067543, 6.141037
39.392383, 0.064994, 5.909310
39.394684, 0.067543, 6.141037
39.397092, 0.067543, 6.141037
39.399975, 0.067543, 6.141037
39.405712, 0.064994, 5.909310
39.413228, 0.064994, 5.909310
39.418518, 0.067543, 6.141037
39.423577, 0.067543, 6.141037
39.425695, 0.067543, 6.141037
39.427895, 0.067543, 6.141037
39.430237, 0.067543, 6.141037
39.435537, 0.067543, 6.141037
39.437868, 0.067543, 6.141037
39.440391, 0.067543, 6.141037
39.443136, 0.067543, 6.141037
39.445885, 0.067543, 6.141037
39.448612, 0.067543, 6.141037
39.451365, 0.067543, 6.141037
39.454234, 0.067543, 6.141037
39.457586, 0.067543, 6.141037
39.459969, 0.067543, 6.141037
39.462519, 0.067543, 6.141037
39.465570, 0.067543, 6.141037
39.468525, 0.067543, 6.141037
39.471451, 0.064994, 5.909310
39.474576, 0.067543, 6.141037
39.477572, 0.064994, 5.909310
39.480609, 0.067543, 6.141037
39.483707, 0.067543, 6.141037
39.486769, 0.067543, 6.141037
39.489793, 0.064994, 5.909310
39.492783, 0.067543, 6.141037
39.495817, 0.067543, 6.141037
39.498977, 0.067543, 6.141037
39.502068, 0.067543, 6.141037
39.505184, 0.067543, 6.141037
39.508236, 0.067543, 6.141037
39.511180, 0.067543, 6.141037
39.514190, 0.067543, 6.141037
39.517447, 0.067543, 6.141037
39.520721, 0.067543, 6.141037
39.524297, 0.067543, 6.141037
39.527407, 0.064994, 5.909310
39.530538, 0.067543, 6.141037
39.533776, 0.067543, 6.141037
39.536863, 0.067543, 6.141037
39.539851, 0.067543, 6.141037
39.542843, 0.067543, 6.141037
39.545904, 0.064994, 5.909310
39.549107, 0.067543, 6.141037
39.552268, 0.064994, 5.909310
39.555507, 0.067543, 6.141037
39.558687, 0.067543, 6.141037
39.561752, 0.067543, 6.141037
39.564900, 0.067543, 6.141037
39.568358, 0.067543, 6.141037
39.571405, 0.067543, 6.141037
39.574530, 0.067543, 6.141037
39.577468, 0.067543, 6.141037
39.580493, 0.067543, 6.141037
39.583536, 0.067543, 6.141037
39.586535, 0.064994, 5.909310
39.589754, 0.067543, 6.141037
39.592916, 0.067543, 6.141037
39.595986, 0.067543, 6.141037
39.599010, 0.067543, 6.141037
39.601993, 0.067543, 6.141037
39.605011, 0.067543, 6.141037
39.608058, 0.067543, 6.141037
39.611084, 0.067543, 6.141037
39.614108, 0.067543, 6.141037
39.617242, 0.067543, 6.141037
39.620262, 0.067543, 6.141037
39.623322, 0.067543, 6.141037
39.626563, 0.067543, 6.141037
39.629729, 0.067543, 6.141037
39.632864, 0.067543, 6.141037
39.635940, 0.064994, 5.909310
39.639052, 0.067543, 6.141037
39.642096, 0.067543, 6.141037
39.645241, 0.067543, 6.141037
39.648396, 0.067543, 6.141037
39.651444, 0.067543, 6.141037
39.654328, 0.067543, 6.141037
39.657317, 0.067543, 6.141037
39.660273, 0.067543, 6.141037
39.663294, 0.067543, 6.141037
39.666279, 0.067543, 6.141037
39.669392, 0.067543, 6.141037
39.672381, 0.064994, 5.909310
39.675481, 0.067543, 6.141037
39.678620, 0.067543, 6.141037
39.681802, 0.067543, 6.141037
39.684919, 0.067543, 6.141037
39.688108, 0.067543, 6.141037
39.691383, 0.067543, 6.141037
39.694532, 0.067543, 6.141037
39.697601, 0.067543, 6.141037
39.700748, 0.067543, 6.141037
39.703820, 0.067543, 6.141037
39.706817, 0.067543, 6.141037
39.709875, 0.067543, 6.141037
39.712841, 0.067543, 6.141037
39.715760, 0.067543, 6.141037
39.718562, 0.067543, 6.141037
39.723016, 0.067543, 6.141037
39.725150, 0.067543, 6.141037
39.727275, 0.067543, 6.141037
39.729753, 0.064994, 5.909310
39.732501, 0.067543, 6.141037
39.735346, 0.067543, 6.141037
39.738768, 0.067543, 6.141037
39.741841, 0.067543, 6.141037
39.744741, 0.067543, 6.141037
39.747564, 0.067543, 6.141037
39.750585, 0.067543, 6.141037
39.753499, 0.067543, 6.141037
39.756254, 0.067543, 6.141037
39.758991, 0.067543, 6.141037
39.762401, 0.067543, 6.141037
39.764652, 0.067543, 6.141037
39.767004, 0.067543, 6.141037
39.769508, 0.067543, 6.141037
39.772339, 0.067543, 6.141037
39.775393, 0.067543, 6.141037
39.778289, 0.067543, 6.141037
39.781202, 0.067543, 6.141037
39.784011, 0.067543, 6.141037
39.786836, 0.067543, 6.141037
39.789557, 0.067543, 6.141037
39.792338, 0.067543, 6.141037
39.794997, 0.067543, 6.141037
39.797627, 0.067543, 6.141037
39.800263, 0.064994, 5.909310
39.804556, 0.067543, 6.141037
39.806788, 0.067543, 6.141037
39.809119, 0.067543, 6.141037
39.811730, 0.067543, 6.141037
39.814016, 0.064994, 5.909310
39.816648, 0.067543, 6.141037
39.823270, 0.067543, 6.141037
39.827184, 0.064994, 5.909310
39.831726, 0.067543, 6.141037
39.836369, 0.067543, 6.141037
39.840869, 0.067543, 6.141037
39.844909, 0.067543, 6.141037
39.848883, 0.067543, 6.141037
39.852477, 0.067543, 6.141037
39.855761, 0.067543, 6.141037
39.858892, 0.067543, 6.141037
39.861843, 0.067543, 6.141037
39.864859, 0.067543, 6.141037
39.867784, 0.067543, 6.141037
39.870801, 0.064994, 5.909310
39.874224, 0.067543, 6.141037
39.878330, 0.067543, 6.141037
39.881645, 0.067543, 6.141037
39.885689, 0.067543, 6.141037
39.888806, 0.067543, 6.141037
39.891853, 0.067543, 6.141037
39.894969, 0.067543, 6.141037
39.898026, 0.067543, 6.141037
39.901028, 0.067543, 6.141037
39.904073, 0.067543, 6.141037
39.907175, 0.067543, 6.141037
39.910230, 0.067543, 6.141037
39.913305, 0.067543, 6.141037
39.916387, 0.067543, 6.141037
39.919396, 0.064994, 5.909310
39.922652, 0.067543, 6.141037
39.927932, 0.067543, 6.141037
39.932221, 0.067543, 6.141037
39.937455, 0.067543, 6.141037
39.942008, 0.067543, 6.141037
39.946339, 0.067543, 6.141037
39.950205, 0.067543, 6.141037
39.953899, 0.067543, 6.141037
39.957810, 0.067543, 6.141037
39.961394, 0.067543, 6.141037
39.964860, 0.067543, 6.141037
39.968107, 0.067543, 6.141037
39.971238, 0.067543, 6.141037
39.974266, 0.067543, 6.141037
39.977419, 0.067543, 6.141037
39.980385, 0.067543, 6.141037
39.983279, 0.067543, 6.141037
39.986229, 0.067543, 6.141037
39.989141, 0.070092, 6.372763
39.992103, 0.067543, 6.141037
39.995289, 0.067543, 6.141037
39.999572, 0.067543, 6.141037
40.006015, 0.067543, 6.141037
40.011641, 0.067543, 6.141037
40.016908, 0.067543, 6.141037
40.021775, 0.067543, 6.141037
40.026565, 0.067543, 6.141037
40.031297, 0.067543, 6.141037
40.035681, 0.067543, 6.141037
40.039991, 0.070092, 6.372763
40.044142, 0.067543, 6.141037
40.048092, 0.067543, 6.141037
40.052010, 0.067543, 6.141037
40.055782, 0.067543, 6.141037
40.059339, 0.067543, 6.141037
40.062817, 0.067543, 6.141037
40.065978, 0.067543, 6.141037
40.069171, 0.067543, 6.141037
40.071980, 0.067543, 6.141037
40.074658, 0.067543, 6.141037
40.077472, 0.067543, 6.141037
40.080303, 0.067543, 6.141037
40.083839, 0.067543, 6.141037
40.086878, 0.067543, 6.141037
40.090180, 0.067543, 6.141037
40.092929, 0.067543, 6.141037
40.097228, 0.067543, 6.141037
40.101847, 0.067543, 6.141037
40.105980, 0.067543, 6.141037
40.110417, 0.067543, 6.141037
40.114043, 0.070092, 6.372763
40.117441, 0.064994, 5.909310
40.120820, 0.067543, 6.141037
40.124112, 0.067543, 6.141037
40.127269, 0.067543, 6.141037
40.130300, 0.067543, 6.141037
40.133369, 0.067543, 6.141037
40.136567, 0.067543, 6.141037
40.139920, 0.067543, 6.141037
40.143226, 0.067543, 6.141037
40.146545, 0.067543, 6.141037
40.150020, 0.067543, 6.141037
40.153577, 0.067543, 6.141037
40.156981, 0.067543, 6.141037
40.160501, 0.067543, 6.141037
40.163953, 0.067543, 6.141037
40.167295, 0.067543, 6.141037
40.170541, 0.067543, 6.141037
40.173829, 0.067543, 6.141037
40.177180, 0.067543, 6.141037
40.180398, 0.067543, 6.141037
40.183662, 0.067543, 6.141037
40.186909, 0.067543, 6.141037
40.190224, 0.067543, 6.141037
40.193472, 0.067543, 6.141037
40.196574, 0.067543, 6.141037
40.199649, 0.067543, 6.141037
40.202669, 0.067543, 6.141037
40.205744, 0.067543, 6.141037
40.209575, 0.067543, 6.141037
40.212367, 0.067543, 6.141037
40.216654, 0.067543, 6.141037
40.221034, 0.067543, 6.141037
40.225186, 0.067543, 6.141037
40.229077, 0.067543, 6.141037
40.232736, 0.067543, 6.141037
40.236136, 0.067543, 6.141037
40.239377, 0.067543, 6.141037
40.242576, 0.067543, 6.141037
40.245629, 0.070092, 6.372763
40.248635, 0.067543, 6.141037
40.251562, 0.067543, 6.141037
40.254498, 0.067543, 6.141037
40.257456, 0.067543, 6.141037
40.260352, 0.067543, 6.141037
40.263705, 0.067543, 6.141037
40.268430, 0.067543, 6.141037
40.272749, 0.067543, 6.141037
40.277132, 0.067543, 6.141037
40.280985, 0.067543, 6.141037
40.284846, 0.067543, 6.141037
40.288500, 0.067543, 6.141037
40.292007, 0.067543, 6.141037
40.295407, 0.067543, 6.141037
40.298548, 0.067543, 6.141037
40.301605, 0.067543, 6.141037
40.304688, 0.067543, 6.141037
40.307693, 0.067543, 6.141037
40.310719, 0.067543, 6.141037
40.313716, 0.067543, 6.141037
40.316855, 0.067543, 6.141037
40.319849, 0.067543, 6.141037
40.322868, 0.067543, 6.141037
40.326008, 0.067543, 6.141037
40.328977, 0.067543, 6.141037
40.331948, 0.067543, 6.141037
40.334951, 0.067543, 6.141037
40.337873, 0.067543, 6.141037
40.340803, 0.067543, 6.141037
40.343687, 0.067543, 6.141037
40.346603, 0.067543, 6.141037
40.349402, 0.067543, 6.141037
40.352175, 0.067543, 6.141037
40.354953, 0.067543, 6.141037
40.357793, 0.067543, 6.141037
40.360525, 0.067543, 6.141037
40.363281, 0.067543, 6.141037
40.366124, 0.067543, 6.141037
40.368984, 0.067543, 6.141037
40.371793, 0.067543, 6.141037
40.374688, 0.067543, 6.141037
40.377691, 0.064994, 5.909310
40.381045, 0.067543, 6.141037
40.384716, 0.067543, 6.141037
40.389408, 0.067543, 6.141037
40.392117, 0.067543, 6.141037
40.394756, 0.067543, 6.141037
40.397540, 0.067543, 6.141037
40.400176, 0.067543, 6.141037
40.402950, 0.067543, 6.141037
40.405842, 0.067543, 6.141037
40.409069, 0.067543, 6.141037
40.412728, 0.067543, 6.141037
40.415841, 0.067543, 6.141037
40.418871, 0.067543, 6.141037
40.421949, 0.067543, 6.141037
40.424991, 0.067543, 6.141037
40.428098, 0.067543, 6.141037
40.431046, 0.067543, 6.141037
40.433966, 0.067543, 6.141037
40.436903, 0.067543, 6.141037
40.439811, 0.067543, 6.141037
40.442650, 0.067543, 6.141037
40.445416, 0.067543, 6.141037
40.448329, 0.067543, 6.141037
40.451046, 0.067543, 6.141037
40.453700, 0.067543, 6.141037
40.456606, 0.067543, 6.141037
40.459452, 0.067543, 6.141037
40.462195, 0.067543, 6.141037
40.464995, 0.067543, 6.141037
40.468145, 0.067543, 6.141037
40.471078, 0.067543, 6.141037
40.474117, 0.067543, 6.141037
40.477317, 0.067543, 6.141037
40.480527, 0.067543, 6.141037
40.484547, 0.070092, 6.372763
40.488602, 0.067543, 6.141037
40.492699, 0.067543, 6.141037
40.496517, 0.067543, 6.141037
40.500021, 0.067543, 6.141037
40.503336, 0.067543, 6.141037
40.506589, 0.067543, 6.141037
40.509986, 0.067543, 6.141037
40.512901, 0.064994, 5.909310
40.515697, 0.067543, 6.141037
40.518779, 0.067543, 6.141037
40.522054, 0.067543, 6.141037
40.525607, 0.067543, 6.141037
40.529183, 0.067543, 6.141037
40.532406, 0.067543, 6.141037
40.535457, 0.067543, 6.141037
40.538664, 0.067543, 6.141037
40.541855, 0.067543, 6.141037
40.544935, 0.064994, 5.909310
40.548106, 0.067543, 6.141037
40.551170, 0.067543, 6.141037
40.554445, 0.067543, 6.141037
40.559698, 0.067543, 6.141037
40.564948, 0.067543, 6.141037
40.570048, 0.067543, 6.141037
40.574465, 0.067543, 6.141037
40.578508, 0.067543, 6.141037
40.582068, 0.067543, 6.141037
40.585381, 0.067543, 6.141037
40.588658, 0.070092, 6.372763
40.592064, 0.067543, 6.141037
40.595407, 0.067543, 6.141037
40.598713, 0.067543, 6.141037
40.602276, 0.067543, 6.141037
40.605890, 0.067543, 6.141037
40.609578, 0.067543, 6.141037
40.613043, 0.067543, 6.141037
40.616351, 0.067543, 6.141037
40.619761, 0.067543, 6.141037
40.623046, 0.067543, 6.141037
40.626463, 0.070092, 6.372763
40.629832, 0.067543, 6.141037
40.633176, 0.067543, 6.141037
40.636621, 0.067543, 6.141037
40.640040, 0.067543, 6.141037
40.643484, 0.067543, 6.141037
40.646187, 0.067543, 6.141037
40.648920, 0.067543, 6.141037
40.651681, 0.067543, 6.141037
40.654540, 0.067543, 6.141037
40.657602, 0.067543, 6.141037
40.660687, 0.067543, 6.141037
40.663784, 0.067543, 6.141037
40.667182, 0.067543, 6.141037
40.670459, 0.067543, 6.141037
40.673575, 0.067543, 6.141037
40.676795, 0.067543, 6.141037
40.679873, 0.067543, 6.141037
40.682933, 0.067543, 6.141037
40.685959, 0.067543, 6.141037
40.689255, 0.067543, 6.141037
40.692467, 0.067543, 6.141037
40.695428, 0.067543, 6.141037
40.698555, 0.067543, 6.141037
40.701524, 0.067543, 6.141037
40.704367, 0.067543, 6.141037
40.707542, 0.067543, 6.141037
40.709916, 0.067543, 6.141037
40.712199, 0.067543, 6.141037
40.714703, 0.067543, 6.141037
40.717430, 0.067543, 6.141037
40.720295, 0.067543, 6.141037
40.723333, 0.067543, 6.141037
40.726249, 0.070092, 6.372763
40.728625, 0.067543, 6.141037
40.730738, 0.067543, 6.141037
40.733548, 0.067543, 6.141037
40.736242, 0.067543, 6.141037
40.739138, 0.067543, 6.141037
40.742606, 0.067543, 6.141037
40.744911, 0.067543, 6.141037
40.747492, 0.067543, 6.141037
40.750288, 0.067543, 6.141037
40.753073, 0.067543, 6.141037
40.755868, 0.067543, 6.141037
40.758946, 0.067543, 6.141037
40.761794, 0.067543, 6.141037
40.764594, 0.064994, 5.909310
40.767478, 0.067543, 6.141037
40.770446, 0.070092, 6.372763
40.773256, 0.067543, 6.141037
40.776128, 0.067543, 6.141037
40.779158, 0.067543, 6.141037
40.782107, 0.067543, 6.141037
40.784930, 0.067543, 6.141037
40.787850, 0.067543, 6.141037
40.790791, 0.067543, 6.141037
40.793754, 0.070092, 6.372763
40.796537, 0.067543, 6.141037
40.799556, 0.067543, 6.141037
40.802512, 0.067543, 6.141037
40.805419, 0.067543, 6.141037
40.808504, 0.067543, 6.141037
40.811474, 0.067543, 6.141037
40.814439, 0.070092, 6.372763
40.817316, 0.067543, 6.141037
40.820382, 0.067543, 6.141037
40.823491, 0.067543, 6.141037
40.826623, 0.067543, 6.141037
40.829804, 0.067543, 6.141037
40.833139, 0.067543, 6.141037
40.836515, 0.067543, 6.141037
40.839965, 0.067543, 6.141037
40.843340, 0.067543, 6.141037
40.846665, 0.067543, 6.141037
40.850105, 0.067543, 6.141037
40.853283, 0.070092, 6.372763
40.856401, 0.067543, 6.141037
40.859707, 0.067543, 6.141037
40.862871, 0.070092, 6.372763
40.865984, 0.067543, 6.141037
40.869310, 0.067543, 6.141037
40.872265, 0.067543, 6.141037
40.875117, 0.070092, 6.372763
40.877843, 0.067543, 6.141037
40.880647, 0.067543, 6.141037
40.883415, 0.070092, 6.372763
40.886239, 0.067543, 6.141037
40.889217, 0.070092, 6.372763
40.892478, 0.067543, 6.141037
40.895548, 0.070092, 6.372763
40.898731, 0.067543, 6.141037
40.901824, 0.067543, 6.141037
40.904969, 0.067543, 6.141037
40.908081, 0.067543, 6.141037
40.911826, 0.067543, 6.141037
40.914990, 0.067543, 6.141037
40.918117, 0.070092, 6.372763
40.921602, 0.067543, 6.141037
40.925131, 0.070092, 6.372763
40.928715, 0.067543, 6.141037
40.932570, 0.067543, 6.141037
40.936084, 0.067543, 6.141037
40.939568, 0.067543, 6.141037
40.942589, 0.067543, 6.141037
40.945443, 0.067543, 6.141037
40.948282, 0.067543, 6.141037
40.951486, 0.067543, 6.141037
40.954142, 0.067543, 6.141037
40.956814, 0.067543, 6.141037
40.959612, 0.067543, 6.141037
40.962516, 0.067543, 6.141037
40.965406, 0.067543, 6.141037
40.968371, 0.070092, 6.372763
40.971525, 0.067543, 6.141037
40.974850, 0.067543, 6.141037
40.978191, 0.067543, 6.141037
40.981655, 0.070092, 6.372763
40.985118, 0.070092, 6.372763
40.988554, 0.067543, 6.141037
40.992942, 0.067543, 6.141037
40.996442, 0.067543, 6.141037
41.000012, 0.067543, 6.141037
41.003511, 0.067543, 6.141037
41.006927, 0.067543, 6.141037
41.010288, 0.067543, 6.141037
41.013610, 0.067543, 6.141037
41.017032, 0.067543, 6.141037
41.020442, 0.070092, 6.372763
41.023891, 0.070092, 6.372763
41.027391, 0.070092, 6.372763
41.030892, 0.067543, 6.141037
41.034269, 0.067543, 6.141037
41.037716, 0.067543, 6.141037
41.041494, 0.070092, 6.372763
41.045195, 0.070092, 6.372763
41.049456, 0.067543, 6.141037
41.053996, 0.067543, 6.141037
41.057578, 0.067543, 6.141037
41.061147, 0.067543, 6.141037
41.064571, 0.067543, 6.141037
41.067901, 0.067543, 6.141037
41.071207, 0.067543, 6.141037
41.074509, 0.070092, 6.372763
41.077742, 0.070092, 6.372763
41.081009, 0.067543, 6.141037
41.084665, 0.067543, 6.141037
41.087892, 0.067543, 6.141037
41.091400, 0.067543, 6.141037
41.095363, 0.067543, 6.141037
41.098503, 0.067543, 6.141037
41.101660, 0.067543, 6.141037
41.104730, 0.067543, 6.141037
41.106979, 0.067543, 6.141037
41.111205, 0.067543, 6.141037
41.115180, 0.070092, 6.372763
41.118885, 0.067543, 6.141037
41.122447, 0.067543, 6.141037
41.125954, 0.067543, 6.141037
41.129146, 0.067543, 6.141037
41.132285, 0.067543, 6.141037
41.135249, 0.070092, 6.372763
41.138179, 0.067543, 6.141037
41.141247, 0.070092, 6.372763
41.146217, 0.067543, 6.141037
41.150317, 0.067543, 6.141037
41.153662, 0.067543, 6.141037
41.156893, 0.067543, 6.141037
41.160855, 0.067543, 6.141037
41.164315, 0.070092, 6.372763
41.167671, 0.067543, 6.141037
41.171064, 0.067543, 6.141037
41.173713, 0.067543, 6.141037
41.177163, 0.067543, 6.141037
41.180355, 0.067543, 6.141037
41.183334, 0.067543, 6.141037
41.186579, 0.070092, 6.372763
41.189626, 0.070092, 6.372763
41.192555, 0.067543, 6.141037
41.195446, 0.067543, 6.141037
41.198334, 0.067543, 6.141037
41.201589, 0.067543, 6.141037
41.205044, 0.070092, 6.372763
41.208475, 0.067543, 6.141037
41.211949, 0.067543, 6.141037
41.215333, 0.067543, 6.141037
41.217944, 0.067543, 6.141037
41.220921, 0.067543, 6.141037
41.223524, 0.067543, 6.141037
41.227415, 0.067543, 6.141037
41.231738, 0.067543, 6.141037
41.235672, 0.067543, 6.141037
41.239409, 0.070092, 6.372763
41.243162, 0.067543, 6.141037
41.246799, 0.067543, 6.141037
41.250461, 0.067543, 6.141037
41.254182, 0.067543, 6.141037
41.257837, 0.067543, 6.141037
41.261632, 0.070092, 6.372763
41.265294, 0.067543, 6.141037
41.268832, 0.067543, 6.141037
41.273453, 0.067543, 6.141037
41.276207, 0.067543, 6.141037
41.278525, 0.067543, 6.141037
41.281095, 0.070092, 6.372763
41.283864, 0.067543, 6.141037
41.286747, 0.067543, 6.141037
41.289713, 0.067543, 6.141037
41.293102, 0.067543, 6.141037
41.296595, 0.067543, 6.141037
41.300466, 0.067543, 6.141037
41.304670, 0.067543, 6.141037
41.310549, 0.067543, 6.141037
41.315229, 0.067543, 6.141037
41.320033, 0.067543, 6.141037
41.324084, 0.067543, 6.141037
41.328232, 0.067543, 6.141037
41.332024, 0.067543, 6.141037
41.335290, 0.067543, 6.141037
41.338566, 0.067543, 6.141037
41.342114, 0.067543, 6.141037
41.346659, 0.067543, 6.141037
41.355748, 0.070092, 6.372763
41.363054, 0.067543, 6.141037
41.367789, 0.067543, 6.141037
41.371661, 0.067543, 6.141037
41.375485, 0.067543, 6.141037
41.378866, 0.067543, 6.141037
41.381839, 0.067543, 6.141037
41.384787, 0.067543, 6.141037
41.387672, 0.067543, 6.141037
41.390540, 0.067543, 6.141037
41.394232, 0.067543, 6.141037
41.397561, 0.067543, 6.141037
41.400084, 0.067543, 6.141037
41.402468, 0.067543, 6.141037
41.405617, 0.067543, 6.141037
41.408518, 0.067543, 6.141037
41.411343, 0.067543, 6.141037
41.414426, 0.067543, 6.141037
41.417391, 0.067543, 6.141037
41.420351, 0.067543, 6.141037
41.423626, 0.067543, 6.141037
41.428472, 0.067543, 6.141037
41.431280, 0.067543, 6.141037
41.433961, 0.067543, 6.141037
41.436197, 0.067543, 6.141037
41.438580, 0.067543, 6.141037
41.441204, 0.067543, 6.141037
41.444725, 0.067543, 6.141037
41.448330, 0.067543, 6.141037
41.451004, 0.067543, 6.141037
41.453386, 0.067543, 6.141037
41.456152, 0.067543, 6.141037
41.458994, 0.070092, 6.372763
41.462147, 0.067543, 6.141037
41.465625, 0.067543, 6.141037
41.468936, 0.067543, 6.141037
41.472318, 0.067543, 6.141037
41.476318, 0.067543, 6.141037
41.479936, 0.067543, 6.141037
41.483226, 0.070092, 6.372763
41.486684, 0.067543, 6.141037
41.489977, 0.067543, 6.141037
41.493125, 0.067543, 6.141037
41.496380, 0.070092, 6.372763
41.499455, 0.070092, 6.372763
41.502585, 0.067543, 6.141037
41.505768, 0.067543, 6.141037
41.508754, 0.067543, 6.141037
41.511691, 0.067543, 6.141037
41.514762, 0.070092, 6.372763
41.517826, 0.070092, 6.372763
41.520985, 0.067543, 6.141037
41.524698, 0.067543, 6.141037
41.528628, 0.067543, 6.141037
41.531531, 0.070092, 6.372763
41.534604, 0.067543, 6.141037
41.537656, 0.067543, 6.141037
41.540639, 0.067543, 6.141037
41.543561, 0.067543, 6.141037
41.546684, 0.067543, 6.141037
41.549734, 0.070092, 6.372763
41.552713, 0.070092, 6.372763
41.555734, 0.067543, 6.141037
41.558679, 0.067543, 6.141037
41.561603, 0.067543, 6.141037
41.564580, 0.070092, 6.372763
41.567633, 0.070092, 6.372763
41.570612, 0.067543, 6.141037
41.573454, 0.067543, 6.141037
41.576414, 0.067543, 6.141037
41.579212, 0.070092, 6.372763
41.582028, 0.067543, 6.141037
41.584808, 0.067543, 6.141037
41.587641, 0.070092, 6.372763
41.590510, 0.067543, 6.141037
41.593306, 0.067543, 6.141037
41.596649, 0.067543, 6.141037
41.601362, 0.067543, 6.141037
41.606632, 0.067543, 6.141037
41.610917, 0.070092, 6.372763
41.614742, 0.067543, 6.141037
41.618297, 0.070092, 6.372763
41.621467, 0.070092, 6.372763
41.624499, 0.067543, 6.141037
41.627573, 0.070092, 6.372763
41.629890, 0.067543, 6.141037
41.632129, 0.067543, 6.141037
41.634626, 0.067543, 6.141037
41.637380, 0.067543, 6.141037
41.640219, 0.067543, 6.141037
41.643197, 0.070092, 6.372763
41.646150, 0.067543, 6.141037
41.649066, 0.067543, 6.141037
41.651970, 0.067543, 6.141037
41.654904, 0.067543, 6.141037
41.657997, 0.067543, 6.141037
41.660931, 0.067543, 6.141037
41.663818, 0.067543, 6.141037
41.666723, 0.067543, 6.141037
41.669607, 0.070092, 6.372763
41.672403, 0.067543, 6.141037
41.675211, 0.067543, 6.141037
41.678168, 0.067543, 6.141037
41.681173, 0.070092, 6.372763
41.683928, 0.070092, 6.372763
41.686654, 0.067543, 6.141037
41.689497, 0.067543, 6.141037
41.693005, 0.070092, 6.372763
41.695573, 0.070092, 6.372763
41.698113, 0.067543, 6.141037
41.700739, 0.067543, 6.141037
41.703391, 0.067543, 6.141037
41.706266, 0.067543, 6.141037
41.709398, 0.067543, 6.141037
41.712936, 0.067543, 6.141037
41.715814, 0.070092, 6.372763
41.718644, 0.067543, 6.141037
41.721484, 0.067543, 6.141037
41.724573, 0.067543, 6.141037
41.727442, 0.070092, 6.372763
41.730325, 0.067543, 6.141037
41.733305, 0.067543, 6.141037
41.736216, 0.067543, 6.141037
41.739048, 0.070092, 6.372763
41.741855, 0.067543, 6.141037
41.744757, 0.067543, 6.141037
41.747631, 0.067543, 6.141037
41.750377, 0.067543, 6.141037
41.753238, 0.070092, 6.372763
41.755985, 0.070092, 6.372763
41.758727, 0.067543, 6.141037
41.761430, 0.067543, 6.141037
41.764413, 0.067543, 6.141037
41.767431, 0.067543, 6.141037
41.770392, 0.067543, 6.141037
41.773232, 0.067543, 6.141037
41.775950, 0.067543, 6.141037
41.778607, 0.070092, 6.372763
41.781334, 0.070092, 6.372763
41.784122, 0.067543, 6.141037
41.786845, 0.070092, 6.372763
41.789641, 0.067543, 6.141037
41.792529, 0.067543, 6.141037
41.795477, 0.067543, 6.141037
41.798447, 0.067543, 6.141037
41.801470, 0.067543, 6.141037
41.804914, 0.067543, 6.141037
41.810679, 0.067543, 6.141037
41.814156, 0.067543, 6.141037
41.817628, 0.067543, 6.141037
41.820967, 0.067543, 6.141037
41.824387, 0.067543, 6.141037
41.827871, 0.067543, 6.141037
41.831264, 0.070092, 6.372763
41.834578, 0.067543, 6.141037
41.837798, 0.070092, 6.372763
41.840964, 0.067543, 6.141037
41.844135, 0.070092, 6.372763
41.847318, 0.067543, 6.141037
41.850501, 0.070092, 6.372763
41.853709, 0.067543, 6.141037
41.856859, 0.067543, 6.141037
41.860016, 0.067543, 6.141037
41.863343, 0.067543, 6.141037
41.866199, 0.067543, 6.141037
41.870229, 0.067543, 6.141037
41.875792, 0.067543, 6.141037
41.879525, 0.070092, 6.372763
41.881882, 0.070092, 6.372763
41.884221, 0.070092, 6.372763
41.886819, 0.067543, 6.141037
41.889757, 0.067543, 6.141037
41.892946, 0.067543, 6.141037
41.895930, 0.067543, 6.141037
41.898918, 0.067543, 6.141037
41.901950, 0.067543, 6.141037
41.904986, 0.067543, 6.141037
41.908057, 0.067543, 6.141037
41.911059, 0.070092, 6.372763
41.914019, 0.067543, 6.141037
41.916965, 0.070092, 6.372763
41.919830, 0.067543, 6.141037
41.922796, 0.067543, 6.141037
41.925829, 0.067543, 6.141037
41.928825, 0.067543, 6.141037
41.931905, 0.067543, 6.141037
41.934922, 0.067543, 6.141037
41.937937, 0.067543, 6.141037
41.941041, 0.070092, 6.372763
41.944365, 0.067543, 6.141037
41.947527, 0.067543, 6.141037
41.950618, 0.070092, 6.372763
41.953898, 0.067543, 6.141037
41.957079, 0.067543, 6.141037
41.960221, 0.067543, 6.141037
41.963455, 0.067543, 6.141037
41.966584, 0.067543, 6.141037
41.969662, 0.067543, 6.141037
41.972695, 0.067543, 6.141037
41.975756, 0.067543, 6.141037
41.978835, 0.067543, 6.141037
41.981986, 0.070092, 6.372763
41.985002, 0.067543, 6.141037
41.988020, 0.070092, 6.372763
41.991012, 0.067543, 6.141037
41.994119, 0.067543, 6.141037
41.997250, 0.067543, 6.141037
42.000292, 0.067543, 6.141037
42.003340, 0.067543, 6.141037
42.006475, 0.067543, 6.141037
42.009540, 0.070092, 6.372763
42.012648, 0.070092, 6.372763
42.015683, 0.067543, 6.141037
42.018793, 0.070092, 6.372763
42.022396, 0.067543, 6.141037
42.025500, 0.070092, 6.372763
42.028272, 0.070092, 6.372763
42.031053, 0.067543, 6.141037
42.033927, 0.067543, 6.141037
42.036821, 0.067543, 6.141037
42.039735, 0.070092, 6.372763
42.042808, 0.067543, 6.141037
42.045944, 0.070092, 6.372763
42.049059, 0.070092, 6.372763
42.052224, 0.067543, 6.141037
42.055612, 0.067543, 6.141037
42.059189, 0.067543, 6.141037
42.062587, 0.067543, 6.141037
42.066039, 0.067543, 6.141037
42.069384, 0.067543, 6.141037
42.072589, 0.067543, 6.141037
42.076002, 0.067543, 6.141037
42.079269, 0.067543, 6.141037
42.082478, 0.067543, 6.141037
42.085781, 0.067543, 6.141037
42.089102, 0.070092, 6.372763
42.092393, 0.067543, 6.141037
42.095728, 0.070092, 6.372763
42.098952, 0.067543, 6.141037
42.102167, 0.067543, 6.141037
42.105383, 0.067543, 6.141037
42.108499, 0.070092, 6.372763
42.111562, 0.070092, 6.372763
42.114595, 0.070092, 6.372763
42.117616, 0.067543, 6.141037
42.120609, 0.070092, 6.372763
42.124357, 0.067543, 6.141037
42.126998, 0.067543, 6.141037
42.129592, 0.070092, 6.372763
42.132285, 0.070092, 6.372763
42.135106, 0.067543, 6.141037
42.138057, 0.067543, 6.141037
42.141197, 0.067543, 6.141037
42.144466, 0.070092, 6.372763
42.147732, 0.067543, 6.141037
42.150943, 0.067543, 6.141037
42.154122, 0.067543, 6.141037
42.157251, 0.067543, 6.141037
42.160376, 0.067543, 6.141037
42.163447, 0.067543, 6.141037
42.166535, 0.067543, 6.141037
42.169515, 0.070092, 6.372763
42.172497, 0.067543, 6.141037
42.176349, 0.067543, 6.141037
42.181759, 0.070092, 6.372763
42.187327, 0.070092, 6.372763
42.191927, 0.067543, 6.141037
42.196817, 0.070092, 6.372763
42.202818, 0.067543, 6.141037
42.208010, 0.070092, 6.372763
42.212054, 0.070092, 6.372763
42.215582, 0.067543, 6.141037
42.219540, 0.070092, 6.372763
42.223029, 0.070092, 6.372763
42.226450, 0.067543, 6.141037
42.229756, 0.067543, 6.141037
42.233046, 0.067543, 6.141037
42.236292, 0.070092, 6.372763
42.239423, 0.067543, 6.141037
42.242657, 0.067543, 6.141037
42.245747, 0.067543, 6.141037
42.248939, 0.067543, 6.141037
42.252201, 0.070092, 6.372763
42.255502, 0.067543, 6.141037
42.258879, 0.067543, 6.141037
42.262133, 0.067543, 6.141037
42.265232, 0.070092, 6.372763
42.268375, 0.067543, 6.141037
42.271450, 0.067543, 6.141037
42.274574, 0.067543, 6.141037
42.277709, 0.070092, 6.372763
42.280854, 0.070092, 6.372763
42.283922, 0.070092, 6.372763
42.287059, 0.070092, 6.372763
42.290258, 0.070092, 6.372763
42.293291, 0.070092, 6.372763
42.296344, 0.070092, 6.372763
42.299373, 0.067543, 6.141037
42.302320, 0.067543, 6.141037
42.305213, 0.067543, 6.141037
42.308299, 0.067543, 6.141037
42.311280, 0.070092, 6.372763
42.314298, 0.070092, 6.372763
42.317353, 0.067543, 6.141037
42.320388, 0.070092, 6.372763
42.323458, 0.070092, 6.372763
42.327593, 0.067543, 6.141037
42.330706, 0.067543, 6.141037
42.334077, 0.067543, 6.141037
42.337521, 0.070092, 6.372763
42.340852, 0.070092, 6.372763
42.343987, 0.070092, 6.372763
42.346924, 0.070092, 6.372763
42.349915, 0.067543, 6.141037
42.353352, 0.067543, 6.141037
42.356605, 0.070092, 6.372763
42.359565, 0.067543, 6.141037
42.362471, 0.067543, 6.141037
42.365291, 0.067543, 6.141037
42.368167, 0.067543, 6.141037
42.371010, 0.070092, 6.372763
42.373860, 0.067543, 6.141037
42.376615, 0.067543, 6.141037
42.379497, 0.067543, 6.141037
42.382347, 0.070092, 6.372763
42.385190, 0.067543, 6.141037
42.387934, 0.070092, 6.372763
42.390845, 0.067543, 6.141037
42.393639, 0.070092, 6.372763
42.396387, 0.070092, 6.372763
42.399221, 0.070092, 6.372763
42.401969, 0.070092, 6.372763
42.404705, 0.067543, 6.141037
42.407460, 0.070092, 6.372763
42.410933, 0.070092, 6.372763
42.414048, 0.070092, 6.372763
42.416949, 0.070092, 6.372763
42.419723, 0.070092, 6.372763
42.422576, 0.067543, 6.141037
42.425630, 0.070092, 6.372763
42.428878, 0.070092, 6.372763
42.431899, 0.067543, 6.141037
42.434857, 0.070092, 6.372763
42.437830, 0.067543, 6.141037
42.441033, 0.067543, 6.141037
42.444136, 0.067543, 6.141037
42.447135, 0.070092, 6.372763
42.450066, 0.067543, 6.141037
42.452931, 0.070092, 6.372763
42.455800, 0.070092, 6.372763
42.460947, 0.070092, 6.372763
42.464650, 0.067543, 6.141037
42.468389, 0.067543, 6.141037
42.470869, 0.070092, 6.372763
42.473117, 0.070092, 6.372763
42.475504, 0.070092, 6.372763
42.478177, 0.067543, 6.141037
42.480927, 0.070092, 6.372763
42.483761, 0.067543, 6.141037
42.486628, 0.067543, 6.141037
42.489512, 0.067543, 6.141037
42.492436, 0.070092, 6.372763
42.495304, 0.070092, 6.372763
42.498234, 0.070092, 6.372763
42.501076, 0.067543, 6.141037
42.503921, 0.067543, 6.141037
42.506796, 0.070092, 6.372763
42.509627, 0.070092, 6.372763
42.512414, 0.070092, 6.372763
42.515197, 0.070092, 6.372763
42.517978, 0.070092, 6.372763
42.520679, 0.067543, 6.141037
42.523377, 0.067543, 6.141037
42.526041, 0.067543, 6.141037
42.528807, 0.067543, 6.141037
42.531492, 0.067543, 6.141037
42.534135, 0.070092, 6.372763
42.536934, 0.070092, 6.372763
42.539889, 0.067543, 6.141037
42.542811, 0.067543, 6.141037
42.545652, 0.070092, 6.372763
42.548973, 0.070092, 6.372763
42.552007, 0.067543, 6.141037
42.555275, 0.070092, 6.372763
42.558815, 0.070092, 6.372763
42.562298, 0.070092, 6.372763
42.565748, 0.070092, 6.372763
42.569307, 0.070092, 6.372763
42.572774, 0.070092, 6.372763
42.576259, 0.070092, 6.372763
42.579746, 0.067543, 6.141037
42.582841, 0.070092, 6.372763
42.585849, 0.070092, 6.372763
42.588959, 0.067543, 6.141037
42.591990, 0.067543, 6.141037
42.594887, 0.067543, 6.141037
42.597836, 0.070092, 6.372763
42.600746, 0.067543, 6.141037
42.603743, 0.070092, 6.372763
42.606927, 0.067543, 6.141037
42.610080, 0.067543, 6.141037
42.613096, 0.070092, 6.372763
42.616029, 0.067543, 6.141037
42.619004, 0.067543, 6.141037
42.621894, 0.070092, 6.372763
42.624816, 0.070092, 6.372763
42.627792, 0.067543, 6.141037
42.630800, 0.067543, 6.141037
42.633790, 0.067543, 6.141037
42.636661, 0.067543, 6.141037
42.639696, 0.067543, 6.141037
42.642637, 0.067543, 6.141037
42.645458, 0.067543, 6.141037
42.648403, 0.070092, 6.372763
42.651785, 0.067543, 6.141037
42.654551, 0.070092, 6.372763
42.657446, 0.067543, 6.141037
42.660320, 0.067543, 6.141037
42.663145, 0.067543, 6.141037
42.666011, 0.067543, 6.141037
42.668983, 0.070092, 6.372763
42.671910, 0.067543, 6.141037
42.674891, 0.070092, 6.372763
42.677886, 0.067543, 6.141037
42.680764, 0.070092, 6.372763
42.683607, 0.070092, 6.372763
42.686411, 0.070092, 6.372763
42.689314, 0.067543, 6.141037
42.692270, 0.067543, 6.141037
42.695105, 0.070092, 6.372763
42.698047, 0.070092, 6.372763
42.701013, 0.067543, 6.141037
42.703916, 0.070092, 6.372763
42.706753, 0.070092, 6.372763
42.709683, 0.067543, 6.141037
42.712509, 0.067543, 6.141037
42.715320, 0.070092, 6.372763
42.718261, 0.067543, 6.141037
42.721093, 0.067543, 6.141037
42.723900, 0.067543, 6.141037
42.726683, 0.067543, 6.141037
42.729651, 0.070092, 6.372763
42.732441, 0.070092, 6.372763
42.735281, 0.067543, 6.141037
42.738861, 0.067543, 6.141037
42.743638, 0.067543, 6.141037
42.746558, 0.067543, 6.141037
42.749227, 0.067543, 6.141037
42.751932, 0.067543, 6.141037
42.754918, 0.067543, 6.141037
42.758518, 0.067543, 6.141037
42.763170, 0.070092, 6.372763
42.767774, 0.067543, 6.141037
42.770669, 0.067543, 6.141037
42.774847, 0.067543, 6.141037
42.779973, 0.070092, 6.372763
42.784911, 0.067543, 6.141037
42.789400, 0.067543, 6.141037
42.793655, 0.067543, 6.141037
42.797452, 0.067543, 6.141037
42.801026, 0.070092, 6.372763
42.804999, 0.070092, 6.372763
42.812705, 0.067543, 6.141037
42.819823, 0.067543, 6.141037
42.826623, 0.067543, 6.141037
42.834971, 0.070092, 6.372763
42.841423, 0.070092, 6.372763
42.847082, 0.070092, 6.372763
42.849606, 0.067543, 6.141037
42.852495, 0.070092, 6.372763
42.855735, 0.067543, 6.141037
42.860665, 0.067543, 6.141037
42.867319, 0.067543, 6.141037
42.873139, 0.070092, 6.372763
42.878221, 0.067543, 6.141037
42.882241, 0.067543, 6.141037
42.886512, 0.067543, 6.141037
42.893279, 0.067543, 6.141037
42.899920, 0.070092, 6.372763
42.904491, 0.067543, 6.141037
42.909322, 0.067543, 6.141037
42.913580, 0.070092, 6.372763
42.918040, 0.070092, 6.372763
42.922482, 0.067543, 6.141037
42.927256, 0.067543, 6.141037
42.931800, 0.070092, 6.372763
42.936825, 0.067543, 6.141037
42.942289, 0.067543, 6.141037
42.947007, 0.070092, 6.372763
42.951053, 0.070092, 6.372763
42.955272, 0.067543, 6.141037
42.959877, 0.070092, 6.372763
42.963739, 0.070092, 6.372763
42.967529, 0.070092, 6.372763
42.971221, 0.070092, 6.372763
42.975417, 0.067543, 6.141037
42.979380, 0.070092, 6.372763
42.983008, 0.070092, 6.372763
42.986521, 0.067543, 6.141037
42.989861, 0.067543, 6.141037
42.993164, 0.067543, 6.141037
42.996463, 0.067543, 6.141037
42.999816, 0.067543, 6.141037
43.003014, 0.070092, 6.372763
43.006368, 0.067543, 6.141037
43.009717, 0.070092, 6.372763
43.012878, 0.067543, 6.141037
43.016077, 0.070092, 6.372763
43.020176, 0.070092, 6.372763
43.023881, 0.070092, 6.372763
43.027414, 0.070092, 6.372763
43.031395, 0.067543, 6.141037
43.035212, 0.067543, 6.141037
43.038455, 0.067543, 6.141037
43.044148, 0.070092, 6.372763
43.048530, 0.070092, 6.372763
43.052634, 0.070092, 6.372763
43.056529, 0.067543, 6.141037
43.059891, 0.070092, 6.372763
43.062674, 0.070092, 6.372763
43.065412, 0.067543, 6.141037
43.068182, 0.067543, 6.141037
43.071007, 0.067543, 6.141037
43.074001, 0.067543, 6.141037
43.077089, 0.067543, 6.141037
43.080117, 0.067543, 6.141037
43.083072, 0.067543, 6.141037
43.086140, 0.067543, 6.141037
43.089217, 0.070092, 6.372763
43.092797, 0.067543, 6.141037
43.096310, 0.070092, 6.372763
43.099632, 0.070092, 6.372763
43.102743, 0.067543, 6.141037
43.105908, 0.070092, 6.372763
43.109010, 0.070092, 6.372763
43.112205, 0.070092, 6.372763
43.115152, 0.067543, 6.141037
43.118205, 0.067543, 6.141037
43.121238, 0.067543, 6.141037
43.124156, 0.067543, 6.141037
43.127015, 0.070092, 6.372763
43.129984, 0.067543, 6.141037
43.132857, 0.070092, 6.372763
43.135703, 0.070092, 6.372763
43.138614, 0.070092, 6.372763
43.141608, 0.067543, 6.141037
43.144550, 0.070092, 6.372763
43.148912, 0.070092, 6.372763
43.153276, 0.067543, 6.141037
43.157025, 0.067543, 6.141037
43.160576, 0.067543, 6.141037
43.163864, 0.070092, 6.372763
43.167081, 0.070092, 6.372763
43.170243, 0.067543, 6.141037
43.173457, 0.067543, 6.141037
43.176619, 0.067543, 6.141037
43.179832, 0.070092, 6.372763
43.182915, 0.067543, 6.141037
43.185940, 0.070092, 6.372763
43.189415, 0.067543, 6.141037
43.192706, 0.067543, 6.141037
43.195954, 0.067543, 6.141037
43.199407, 0.070092, 6.372763
43.202686, 0.067543, 6.141037
43.205941, 0.070092, 6.372763
43.209497, 0.070092, 6.372763
43.212623, 0.070092, 6.372763
43.215619, 0.070092, 6.372763
43.218837, 0.067543, 6.141037
43.221760, 0.070092, 6.372763
43.224707, 0.070092, 6.372763
43.227701, 0.070092, 6.372763
43.230632, 0.067543, 6.141037
43.233564, 0.070092, 6.372763
43.236608, 0.067543, 6.141037
43.239613, 0.067543, 6.141037
43.242651, 0.067543, 6.141037
43.245625, 0.067543, 6.141037
43.248809, 0.067543, 6.141037
43.251913, 0.070092, 6.372763
43.254961, 0.070092, 6.372763
43.258420, 0.070092, 6.372763
43.261524, 0.067543, 6.141037
43.264715, 0.070092, 6.372763
43.268707, 0.070092, 6.372763
43.271924, 0.067543, 6.141037
43.275220, 0.070092, 6.372763
43.279038, 0.067543, 6.141037
43.282707, 0.070092, 6.372763
43.285487, 0.070092, 6.372763
43.288462, 0.067543, 6.141037
43.293513, 0.067543, 6.141037
43.298525, 0.067543, 6.141037
43.302889, 0.070092, 6.372763
43.306870, 0.067543, 6.141037
43.310549, 0.067543, 6.141037
43.313946, 0.070092, 6.372763
43.317297, 0.070092, 6.372763
43.320519, 0.070092, 6.372763
43.324487, 0.067543, 6.141037
43.328099, 0.067543, 6.141037
43.331401, 0.067543, 6.141037
43.335682, 0.070092, 6.372763
43.338878, 0.067543, 6.141037
43.342672, 0.067543, 6.141037
43.346273, 0.067543, 6.141037
43.349437, 0.067543, 6.141037
43.352575, 0.067543, 6.141037
43.355576, 0.070092, 6.372763
43.358836, 0.070092, 6.372763
43.362051, 0.070092, 6.372763
43.365167, 0.070092, 6.372763
43.368114, 0.067543, 6.141037
43.371141, 0.067543, 6.141037
43.374832, 0.070092, 6.372763
43.377968, 0.070092, 6.372763
43.380913, 0.070092, 6.372763
43.383875, 0.070092, 6.372763
43.386744, 0.070092, 6.372763
43.389727, 0.070092, 6.372763
43.392768, 0.070092, 6.372763
43.395700, 0.067543, 6.141037
43.398613, 0.070092, 6.372763
43.401497, 0.070092, 6.372763
43.404462, 0.070092, 6.372763
43.407463, 0.070092, 6.372763
43.410309, 0.070092, 6.372763
43.413997, 0.070092, 6.372763
43.417039, 0.067543, 6.141037
43.419672, 0.070092, 6.372763
43.422228, 0.067543, 6.141037
43.425085, 0.070092, 6.372763
43.427742, 0.070092, 6.372763
43.430455, 0.070092, 6.372763
43.433373, 0.067543, 6.141037
43.436081, 0.070092, 6.372763
43.438753, 0.067543, 6.141037
43.442151, 0.067543, 6.141037
43.444770, 0.070092, 6.372763
43.447347, 0.070092, 6.372763
43.449905, 0.067543, 6.141037
43.452454, 0.070092, 6.372763
43.456457, 0.070092, 6.372763
43.459370, 0.070092, 6.372763
43.462151, 0.070092, 6.372763
43.464915, 0.070092, 6.372763
43.467592, 0.070092, 6.372763
43.470292, 0.070092, 6.372763
43.473076, 0.070092, 6.372763
43.476107, 0.067543, 6.141037
43.479007, 0.070092, 6.372763
43.481840, 0.070092, 6.372763
43.484773, 0.070092, 6.372763
43.487830, 0.070092, 6.372763
43.490906, 0.067543, 6.141037
43.493780, 0.070092, 6.372763
43.496652, 0.067543, 6.141037
43.499456, 0.067543, 6.141037
43.502235, 0.070092, 6.372763
43.505091, 0.067543, 6.141037
43.507934, 0.067543, 6.141037
43.510739, 0.070092, 6.372763
43.513550, 0.070092, 6.372763
43.516676, 0.070092, 6.372763
43.519832, 0.070092, 6.372763
43.522883, 0.070092, 6.372763
43.526020, 0.067543, 6.141037
43.529212, 0.070092, 6.372763
43.532331, 0.070092, 6.372763
43.535599, 0.070092, 6.372763
43.538790, 0.070092, 6.372763
43.542393, 0.070092, 6.372763
43.546113, 0.070092, 6.372763
43.550037, 0.067543, 6.141037
43.552490, 0.070092, 6.372763
43.555078, 0.067543, 6.141037
43.557748, 0.067543, 6.141037
43.560581, 0.067543, 6.141037
43.563575, 0.070092, 6.372763
43.566773, 0.070092, 6.372763
43.569895, 0.070092, 6.372763
43.572993, 0.067543, 6.141037
43.576220, 0.070092, 6.372763
43.579364, 0.067543, 6.141037
43.582413, 0.070092, 6.372763
43.585596, 0.070092, 6.372763
43.588688, 0.067543, 6.141037
43.591928, 0.070092, 6.372763
43.595174, 0.070092, 6.372763
43.598184, 0.070092, 6.372763
43.601154, 0.070092, 6.372763
43.604061, 0.067543, 6.141037
43.607200, 0.070092, 6.372763
43.610147, 0.070092, 6.372763
43.612996, 0.070092, 6.372763
43.615868, 0.067543, 6.141037
43.618687, 0.067543, 6.141037
43.621634, 0.067543, 6.141037
43.624601, 0.070092, 6.372763
43.629208, 0.067543, 6.141037
43.632148, 0.070092, 6.372763
43.634839, 0.070092, 6.372763
43.637526, 0.067543, 6.141037
43.640386, 0.067543, 6.141037
43.642614, 0.070092, 6.372763
43.646635, 0.067543, 6.141037
43.650687, 0.070092, 6.372763
43.654379, 0.070092, 6.372763
43.657120, 0.070092, 6.372763
43.660719, 0.070092, 6.372763
43.663941, 0.070092, 6.372763
43.667014, 0.070092, 6.372763
43.669995, 0.070092, 6.372763
43.673243, 0.070092, 6.372763
43.676850, 0.070092, 6.372763
43.679747, 0.070092, 6.372763
43.682596, 0.070092, 6.372763
43.685550, 0.070092, 6.372763
43.688296, 0.067543, 6.141037
43.691865, 0.067543, 6.141037
43.695624, 0.070092, 6.372763
43.698209, 0.067543, 6.141037
43.700724, 0.067543, 6.141037
43.703315, 0.070092, 6.372763
43.706032, 0.070092, 6.372763
43.708656, 0.070092, 6.372763
43.711226, 0.067543, 6.141037
43.713898, 0.070092, 6.372763
43.716491, 0.070092, 6.372763
43.719247, 0.067543, 6.141037
43.721883, 0.067543, 6.141037
43.724810, 0.067543, 6.141037
43.727560, 0.070092, 6.372763
43.730232, 0.067543, 6.141037
43.732847, 0.070092, 6.372763
43.735587, 0.070092, 6.372763
43.738136, 0.067543, 6.141037
43.740743, 0.067543, 6.141037
43.743671, 0.067543, 6.141037
43.746972, 0.067543, 6.141037
43.749483, 0.067543, 6.141037
43.751935, 0.067543, 6.141037
43.754516, 0.067543, 6.141037
43.757677, 0.070092, 6.372763
43.760376, 0.070092, 6.372763
43.762781, 0.070092, 6.372763
43.765557, 0.067543, 6.141037
43.768086, 0.070092, 6.372763
43.770620, 0.070092, 6.372763
43.774375, 0.067543, 6.141037
43.777154, 0.067543, 6.141037
43.779653, 0.067543, 6.141037
43.782109, 0.067543, 6.141037
43.784727, 0.070092, 6.372763
43.787312, 0.070092, 6.372763
43.790224, 0.070092, 6.372763
43.793698, 0.070092, 6.372763
43.796067, 0.067543, 6.141037
43.798533, 0.067543, 6.141037
43.801072, 0.070092, 6.372763
43.803672, 0.067543, 6.141037
43.807749, 0.067543, 6.141037
43.810524, 0.067543, 6.141037
43.812806, 0.067543, 6.141037
43.815398, 0.070092, 6.372763
43.818084, 0.067543, 6.141037
43.820844, 0.070092, 6.372763
43.824019, 0.070092, 6.372763
43.827223, 0.067543, 6.141037
43.830301, 0.070092, 6.372763
43.833317, 0.070092, 6.372763
43.836150, 0.070092, 6.372763
43.839131, 0.070092, 6.372763
43.842305, 0.070092, 6.372763
43.845320, 0.070092, 6.372763
43.848084, 0.070092, 6.372763
43.850820, 0.070092, 6.372763
43.853582, 0.067543, 6.141037
43.856395, 0.070092, 6.372763
43.859012, 0.067543, 6.141037
43.861436, 0.070092, 6.372763
43.863888, 0.070092, 6.372763
43.866534, 0.070092, 6.372763
43.869535, 0.067543, 6.141037
43.872244, 0.067543, 6.141037
43.875024, 0.070092, 6.372763
43.878372, 0.070092, 6.372763
43.882391, 0.067543, 6.141037
43.887464, 0.070092, 6.372763
43.891758, 0.067543, 6.141037
43.895733, 0.067543, 6.141037
43.899285, 0.070092, 6.372763
43.902481, 0.067543, 6.141037
43.905487, 0.070092, 6.372763
43.909016, 0.070092, 6.372763
43.911762, 0.070092, 6.372763
43.914522, 0.070092, 6.372763
43.918237, 0.070092, 6.372763
43.920419, 0.070092, 6.372763
43.922750, 0.070092, 6.372763
43.925239, 0.070092, 6.372763
43.927925, 0.070092, 6.372763
43.930579, 0.067543, 6.141037
43.933234, 0.070092, 6.372763
43.935871, 0.070092, 6.372763
43.938824, 0.070092, 6.372763
43.941502, 0.070092, 6.372763
43.944284, 0.070092, 6.372763
43.947184, 0.070092, 6.372763
43.950125, 0.070092, 6.372763
43.952862, 0.070092, 6.372763
43.955619, 0.070092, 6.372763
43.959025, 0.067543, 6.141037
43.961787, 0.070092, 6.372763
43.965050, 0.070092, 6.372763
43.967803, 0.070092, 6.372763
43.970483, 0.070092, 6.372763
43.973396, 0.067543, 6.141037
43.976171, 0.067543, 6.141037
43.979139, 0.070092, 6.372763
43.981898, 0.070092, 6.372763
43.984649, 0.067543, 6.141037
43.987417, 0.067543, 6.141037
43.990219, 0.070092, 6.372763
43.992995, 0.070092, 6.372763
43.995777, 0.070092, 6.372763
43.998706, 0.070092, 6.372763
44.001532, 0.070092, 6.372763
44.004315, 0.067543, 6.141037
44.006952, 0.070092, 6.372763
44.009751, 0.070092, 6.372763
44.012584, 0.067543, 6.141037
44.015214, 0.070092, 6.372763
44.017942, 0.070092, 6.372763
44.020779, 0.070092, 6.372763
44.023607, 0.070092, 6.372763
44.026244, 0.070092, 6.372763
44.029022, 0.070092, 6.372763
44.031797, 0.070092, 6.372763
44.034593, 0.067543, 6.141037
44.037395, 0.067543, 6.141037
44.040503, 0.070092, 6.372763
44.043326, 0.067543, 6.141037
44.046103, 0.070092, 6.372763
44.049537, 0.070092, 6.372763
44.052253, 0.070092, 6.372763
44.054914, 0.070092, 6.372763
44.058000, 0.070092, 6.372763
44.061067, 0.070092, 6.372763
44.063224, 0.070092, 6.372763
44.065585, 0.070092, 6.372763
44.068320, 0.070092, 6.372763
44.071093, 0.070092, 6.372763
44.074095, 0.070092, 6.372763
44.076959, 0.070092, 6.372763
44.079985, 0.070092, 6.372763
44.082774, 0.070092, 6.372763
44.085582, 0.070092, 6.372763
44.088467, 0.070092, 6.372763
44.091255, 0.070092, 6.372763
44.094101, 0.070092, 6.372763
44.096844, 0.070092, 6.372763
44.099636, 0.070092, 6.372763
44.102326, 0.070092, 6.372763
44.105092, 0.070092, 6.372763
44.107765, 0.070092, 6.372763
44.110511, 0.067543, 6.141037
44.113324, 0.067543, 6.141037
44.115927, 0.070092, 6.372763
44.118576, 0.067543, 6.141037
44.121282, 0.067543, 6.141037
44.124072, 0.067543, 6.141037
44.126767, 0.070092, 6.372763
44.129689, 0.067543, 6.141037
44.132459, 0.067543, 6.141037
44.135098, 0.067543, 6.141037
44.137858, 0.067543, 6.141037
44.141264, 0.067543, 6.141037
44.144158, 0.067543, 6.141037
44.146845, 0.070092, 6.372763
44.149543, 0.070092, 6.372763
44.152320, 0.070092, 6.372763
44.154964, 0.070092, 6.372763
44.157562, 0.070092, 6.372763
44.160292, 0.070092, 6.372763
44.163070, 0.067543, 6.141037
44.165794, 0.070092, 6.372763
44.168305, 0.070092, 6.372763
44.171121, 0.067543, 6.141037
44.175390, 0.067543, 6.141037
44.178280, 0.070092, 6.372763
44.181730, 0.070092, 6.372763
44.183800, 0.070092, 6.372763
44.185989, 0.070092, 6.372763
44.188347, 0.070092, 6.372763
44.191819, 0.070092, 6.372763
44.194273, 0.067543, 6.141037
44.196654, 0.070092, 6.372763
44.199053, 0.067543, 6.141037
44.201651, 0.067543, 6.141037
44.204195, 0.067543, 6.141037
44.206979, 0.067543, 6.141037
44.209602, 0.067543, 6.141037
44.212605, 0.067543, 6.141037
44.215356, 0.067543, 6.141037
44.218038, 0.070092, 6.372763
44.221212, 0.070092, 6.372763
44.224824, 0.067543, 6.141037
44.230671, 0.067543, 6.141037
44.241973, 0.070092, 6.372763
44.244767, 0.067543, 6.141037
44.248739, 0.070092, 6.372763
44.253976, 0.070092, 6.372763
44.258527, 0.070092, 6.372763
44.262031, 0.070092, 6.372763
44.264538, 0.067543, 6.141037
44.266934, 0.067543, 6.141037
44.269421, 0.070092, 6.372763
44.272309, 0.067543, 6.141037
44.275531, 0.067543, 6.141037
44.277754, 0.067543, 6.141037
44.280121, 0.067543, 6.141037
44.282881, 0.070092, 6.372763
44.285730, 0.067543, 6.141037
44.288548, 0.070092, 6.372763
44.291403, 0.070092, 6.372763
44.294456, 0.070092, 6.372763
44.297154, 0.067543, 6.141037
44.299830, 0.067543, 6.141037
44.303135, 0.070092, 6.372763
44.306795, 0.067543, 6.141037
44.310298, 0.067543, 6.141037
44.313752, 0.070092, 6.372763
44.316997, 0.070092, 6.372763
44.320103, 0.067543, 6.141037
44.323196, 0.067543, 6.141037
44.325988, 0.067543, 6.141037
44.328846, 0.070092, 6.372763
44.331639, 0.067543, 6.141037
44.334856, 0.070092, 6.372763
44.337744, 0.070092, 6.372763
44.340622, 0.067543, 6.141037
44.343123, 0.070092, 6.372763
44.345465, 0.067543, 6.141037
44.348185, 0.067543, 6.141037
44.350882, 0.070092, 6.372763
44.353368, 0.070092, 6.372763
44.356660, 0.067543, 6.141037
44.363380, 0.067543, 6.141037
44.367467, 0.067543, 6.141037
44.369784, 0.070092, 6.372763
44.372113, 0.070092, 6.372763
44.375213, 0.070092, 6.372763
44.378570, 0.070092, 6.372763
44.382005, 0.070092, 6.372763
44.385844, 0.070092, 6.372763
44.389188, 0.070092, 6.372763
44.392295, 0.070092, 6.372763
44.395552, 0.070092, 6.372763
44.398550, 0.070092, 6.372763
44.401409, 0.070092, 6.372763
44.405369, 0.067543, 6.141037
44.408817, 0.070092, 6.372763
44.411676, 0.067543, 6.141037
44.414577, 0.067543, 6.141037
44.417284, 0.067543, 6.141037
44.419952, 0.070092, 6.372763
44.422522, 0.070092, 6.372763
44.425431, 0.067543, 6.141037
44.428174, 0.070092, 6.372763
44.431006, 0.067543, 6.141037
44.433782, 0.070092, 6.372763
44.436597, 0.070092, 6.372763
44.439324, 0.067543, 6.141037
44.442324, 0.067543, 6.141037
44.445170, 0.070092, 6.372763
44.447989, 0.070092, 6.372763
44.450777, 0.070092, 6.372763
44.453441, 0.070092, 6.372763
44.456566, 0.070092, 6.372763
44.459260, 0.067543, 6.141037
44.461953, 0.070092, 6.372763
44.464846, 0.070092, 6.372763
44.467783, 0.067543, 6.141037
44.470619, 0.070092, 6.372763
44.473208, 0.070092, 6.372763
44.477059, 0.067543, 6.141037
44.479767, 0.070092, 6.372763
44.482157, 0.070092, 6.372763
44.484704, 0.067543, 6.141037
44.487359, 0.067543, 6.141037
44.490074, 0.067543, 6.141037
44.492566, 0.070092, 6.372763
44.495148, 0.070092, 6.372763
44.497718, 0.067543, 6.141037
44.500250, 0.067543, 6.141037
44.502792, 0.067543, 6.141037
44.505510, 0.067543, 6.141037
44.508592, 0.067543, 6.141037
44.511275, 0.067543, 6.141037
44.513819, 0.070092, 6.372763
44.516672, 0.070092, 6.372763
44.519446, 0.067543, 6.141037
44.522228, 0.067543, 6.141037
44.525916, 0.070092, 6.372763
44.528778, 0.070092, 6.372763
44.531288, 0.067543, 6.141037
44.533839, 0.070092, 6.372763
44.536594, 0.070092, 6.372763
44.539286, 0.067543, 6.141037
44.542034, 0.067543, 6.141037
44.544769, 0.067543, 6.141037
44.547476, 0.070092, 6.372763
44.550218, 0.070092, 6.372763
44.553574, 0.067543, 6.141037
44.556901, 0.067543, 6.141037
44.559725, 0.067543, 6.141037
44.562547, 0.070092, 6.372763
44.565442, 0.070092, 6.372763
44.568204, 0.067543, 6.141037
44.570892, 0.070092, 6.372763
44.573598, 0.067543, 6.141037
44.576372, 0.070092, 6.372763
44.579064, 0.067543, 6.141037
44.581735, 0.067543, 6.141037
44.584388, 0.070092, 6.372763
44.587065, 0.067543, 6.141037
44.589790, 0.070092, 6.372763
44.592561, 0.067543, 6.141037
44.595279, 0.067543, 6.141037
44.598135, 0.070092, 6.372763
44.600899, 0.067543, 6.141037
44.603690, 0.070092, 6.372763
44.606793, 0.067543, 6.141037
44.609651, 0.067543, 6.141037
44.612286, 0.067543, 6.141037
44.614885, 0.067543, 6.141037
44.617492, 0.070092, 6.372763
44.620069, 0.070092, 6.372763
44.622647, 0.067543, 6.141037
44.625285, 0.067543, 6.141037
44.628862, 0.067543, 6.141037
44.631468, 0.070092, 6.372763
44.634143, 0.070092, 6.372763
44.636844, 0.070092, 6.372763
44.639531, 0.067543, 6.141037
44.642220, 0.070092, 6.372763
44.644800, 0.067543, 6.141037
44.648490, 0.067543, 6.141037
44.651032, 0.070092, 6.372763
44.653506, 0.070092, 6.372763
44.656329, 0.070092, 6.372763
44.659348, 0.070092, 6.372763
44.662000, 0.070092, 6.372763
44.664696, 0.070092, 6.372763
44.668100, 0.067543, 6.141037
44.670502, 0.067543, 6.141037
44.672953, 0.070092, 6.372763
44.675449, 0.070092, 6.372763
44.678258, 0.067543, 6.141037
44.681058, 0.067543, 6.141037
44.683891, 0.070092, 6.372763
44.686863, 0.070092, 6.372763
44.689695, 0.067543, 6.141037
44.692431, 0.067543, 6.141037
44.695144, 0.070092, 6.372763
44.697895, 0.070092, 6.372763
44.700540, 0.067543, 6.141037
44.703233, 0.070092, 6.372763
44.705918, 0.067543, 6.141037
44.708830, 0.070092, 6.372763
44.711628, 0.070092, 6.372763
44.714512, 0.067543, 6.141037
44.717356, 0.070092, 6.372763
44.720121, 0.067543, 6.141037
44.722941, 0.070092, 6.372763
44.725604, 0.067543, 6.141037
44.728364, 0.070092, 6.372763
44.731161, 0.070092, 6.372763
44.734004, 0.067543, 6.141037
44.736802, 0.070092, 6.372763
44.739660, 0.067543, 6.141037
44.742535, 0.067543, 6.141037
44.745159, 0.070092, 6.372763
44.749348, 0.067543, 6.141037
44.753325, 0.067543, 6.141037
44.756411, 0.070092, 6.372763
44.760014, 0.070092, 6.372763
44.763605, 0.067543, 6.141037
44.767126, 0.070092, 6.372763
44.770538, 0.070092, 6.372763
44.773710, 0.070092, 6.372763
44.776793, 0.070092, 6.372763
44.779980, 0.070092, 6.372763
44.782860, 0.070092, 6.372763
44.785859, 0.070092, 6.372763
44.788874, 0.070092, 6.372763
44.791908, 0.070092, 6.372763
44.794786, 0.070092, 6.372763
44.797423, 0.070092, 6.372763
44.800149, 0.070092, 6.372763
44.803021, 0.070092, 6.372763
44.805703, 0.070092, 6.372763
44.808679, 0.070092, 6.372763
44.811444, 0.067543, 6.141037
44.814003, 0.067543, 6.141037
44.816569, 0.067543, 6.141037
44.819206, 0.067543, 6.141037
44.821776, 0.070092, 6.372763
44.824371, 0.070092, 6.372763
44.826934, 0.070092, 6.372763
44.830049, 0.070092, 6.372763
44.832910, 0.067543, 6.141037
44.835737, 0.070092, 6.372763
44.838993, 0.070092, 6.372763
44.842358, 0.070092, 6.372763
44.845072, 0.070092, 6.372763
44.847928, 0.067543, 6.141037
44.850883, 0.070092, 6.372763
44.853564, 0.067543, 6.141037
44.856522, 0.070092, 6.372763
44.859552, 0.070092, 6.372763
44.862703, 0.070092, 6.372763
44.865597, 0.067543, 6.141037
44.868496, 0.070092, 6.372763
44.871617, 0.067543, 6.141037
44.875839, 0.070092, 6.372763
44.878594, 0.070092, 6.372763
44.881268, 0.070092, 6.372763
44.883991, 0.067543, 6.141037
44.887674, 0.070092, 6.372763
44.891093, 0.070092, 6.372763
44.893409, 0.067543, 6.141037
44.895982, 0.070092, 6.372763
44.898662, 0.070092, 6.372763
44.901638, 0.067543, 6.141037
44.904563, 0.070092, 6.372763
44.907754, 0.067543, 6.141037
44.910745, 0.067543, 6.141037
44.913454, 0.070092, 6.372763
44.916293, 0.067543, 6.141037
44.919148, 0.070092, 6.372763
44.922094, 0.070092, 6.372763
44.924813, 0.070092, 6.372763
44.927930, 0.070092, 6.372763
44.930766, 0.070092, 6.372763
44.933461, 0.067543, 6.141037
44.936128, 0.070092, 6.372763
44.938978, 0.067543, 6.141037
44.941975, 0.067543, 6.141037
44.944647, 0.067543, 6.141037
44.947504, 0.067543, 6.141037
44.950231, 0.070092, 6.372763
44.952827, 0.070092, 6.372763
44.955416, 0.070092, 6.372763
44.959000, 0.067543, 6.141037
44.961173, 0.070092, 6.372763
44.963339, 0.067543, 6.141037
44.965730, 0.067543, 6.141037
44.968503, 0.070092, 6.372763
44.971099, 0.067543, 6.141037
44.973907, 0.067543, 6.141037
44.976724, 0.070092, 6.372763
44.979700, 0.070092, 6.372763
44.982404, 0.067543, 6.141037
44.984990, 0.070092, 6.372763
44.987722, 0.070092, 6.372763
44.990450, 0.067543, 6.141037
44.993331, 0.067543, 6.141037
44.996031, 0.067543, 6.141037
44.998808, 0.067543, 6.141037
45.001546, 0.070092, 6.372763
45.004058, 0.070092, 6.372763
45.007660, 0.067543, 6.141037
45.010177, 0.067543, 6.141037
45.012446, 0.067543, 6.141037
45.014911, 0.067543, 6.141037
45.017452, 0.067543, 6.141037
45.020106, 0.070092, 6.372763
45.022779, 0.070092, 6.372763
45.025495, 0.070092, 6.372763
45.028434, 0.070092, 6.372763
45.031140, 0.067543, 6.141037
45.033848, 0.067543, 6.141037
45.036372, 0.070092, 6.372763
45.039311, 0.067543, 6.141037
45.042095, 0.067543, 6.141037
45.044282, 0.070092, 6.372763
45.046602, 0.067543, 6.141037
45.049548, 0.067543, 6.141037
45.052280, 0.070092, 6.372763
45.054981, 0.067543, 6.141037
45.058757, 0.070092, 6.372763
45.062019, 0.070092, 6.372763
45.064191, 0.070092, 6.372763
45.066639, 0.070092, 6.372763
45.069286, 0.067543, 6.141037
45.071911, 0.067543, 6.141037
45.074808, 0.067543, 6.141037
45.077757, 0.067543, 6.141037
45.080755, 0.067543, 6.141037
45.083453, 0.067543, 6.141037
45.086034, 0.067543, 6.141037
45.088853, 0.067543, 6.141037
45.091608, 0.070092, 6.372763
45.094396, 0.070092, 6.372763
45.097012, 0.067543, 6.141037
45.099715, 0.070092, 6.372763
45.102350, 0.070092, 6.372763
45.105038, 0.070092, 6.372763
45.108625, 0.067543, 6.141037
45.110936, 0.070092, 6.372763
45.113252, 0.067543, 6.141037
45.115666, 0.067543, 6.141037
45.118719, 0.067543, 6.141037
45.121313, 0.070092, 6.372763
45.124106, 0.067543, 6.141037
45.126777, 0.070092, 6.372763
45.130106, 0.067543, 6.141037
45.132927, 0.070092, 6.372763
45.135515, 0.067543, 6.141037
45.138033, 0.070092, 6.372763
45.141650, 0.070092, 6.372763
45.143854, 0.067543, 6.141037
45.146120, 0.067543, 6.141037
45.148762, 0.067543, 6.141037
45.151352, 0.067543, 6.141037
45.154101, 0.067543, 6.141037
45.157289, 0.070092, 6.372763
45.160207, 0.067543, 6.141037
45.162540, 0.067543, 6.141037
45.164946, 0.067543, 6.141037
45.167357, 0.067543, 6.141037
45.170114, 0.070092, 6.372763
45.173502, 0.067543, 6.141037
45.176370, 0.070092, 6.372763
45.179419, 0.067543, 6.141037
45.182159, 0.067543, 6.141037
45.185013, 0.070092, 6.372763
45.187579, 0.067543, 6.141037
45.190613, 0.067543, 6.141037
45.193435, 0.070092, 6.372763
45.196285, 0.067543, 6.141037
45.199056, 0.070092, 6.372763
45.201708, 0.067543, 6.141037
45.204395, 0.067543, 6.141037
45.207054, 0.067543, 6.141037
45.209885, 0.070092, 6.372763
45.212754, 0.067543, 6.141037
45.215441, 0.070092, 6.372763
45.217957, 0.070092, 6.372763
45.221699, 0.067543, 6.141037
45.224516, 0.067543, 6.141037
45.227246, 0.067543, 6.141037
45.229764, 0.067543, 6.141037
45.232355, 0.067543, 6.141037
45.235013, 0.067543, 6.141037
45.237517, 0.067543, 6.141037
45.240352, 0.067543, 6.141037
45.243263, 0.067543, 6.141037
45.245928, 0.067543, 6.141037
45.248405, 0.067543, 6.141037
45.251138, 0.070092, 6.372763
45.253900, 0.067543, 6.141037
45.256474, 0.070092, 6.372763
45.259278, 0.067543, 6.141037
45.261986, 0.070092, 6.372763
45.264650, 0.067543, 6.141037
45.267128, 0.070092, 6.372763
45.270262, 0.067543, 6.141037
45.273333, 0.067543, 6.141037
45.275996, 0.067543, 6.141037
45.278495, 0.067543, 6.141037
45.281098, 0.070092, 6.372763
45.283665, 0.067543, 6.141037
45.286148, 0.070092, 6.372763
45.288576, 0.067543, 6.141037
45.291527, 0.070092, 6.372763
45.294298, 0.067543, 6.141037
45.296812, 0.067543, 6.141037
45.299463, 0.067543, 6.141037
45.302032, 0.067543, 6.141037
45.304683, 0.067543, 6.141037
45.307444, 0.067543, 6.141037
45.310421, 0.067543, 6.141037
45.313305, 0.070092, 6.372763
45.315986, 0.067543, 6.141037
45.318456, 0.067543, 6.141037
45.321794, 0.067543, 6.141037
45.323920, 0.067543, 6.141037
45.326219, 0.067543, 6.141037
45.329018, 0.067543, 6.141037
45.331731, 0.067543, 6.141037
45.334502, 0.067543, 6.141037
45.337165, 0.067543, 6.141037
45.340015, 0.067543, 6.141037
45.342731, 0.070092, 6.372763
45.345338, 0.070092, 6.372763
45.347898, 0.070092, 6.372763
45.350555, 0.070092, 6.372763
45.353269, 0.067543, 6.141037
45.356020, 0.070092, 6.372763
45.359051, 0.067543, 6.141037
45.362285, 0.067543, 6.141037
45.365608, 0.067543, 6.141037
45.369200, 0.070092, 6.372763
45.371986, 0.067543, 6.141037
45.374735, 0.070092, 6.372763
45.377672, 0.070092, 6.372763
45.380756, 0.067543, 6.141037
45.383621, 0.067543, 6.141037
45.386510, 0.070092, 6.372763
45.389611, 0.067543, 6.141037
45.393630, 0.070092, 6.372763
45.396574, 0.067543, 6.141037
45.399321, 0.070092, 6.372763
45.401909, 0.067543, 6.141037
45.404671, 0.070092, 6.372763
45.408749, 0.067543, 6.141037
45.411796, 0.067543, 6.141037
45.414504, 0.070092, 6.372763
45.417240, 0.070092, 6.372763
45.419953, 0.067543, 6.141037
45.423422, 0.067543, 6.141037
45.426626, 0.070092, 6.372763
45.429048, 0.067543, 6.141037
45.431392, 0.070092, 6.372763
45.433890, 0.067543, 6.141037
45.436453, 0.067543, 6.141037
45.440609, 0.070092, 6.372763
45.443278, 0.067543, 6.141037
45.445862, 0.067543, 6.141037
45.448438, 0.070092, 6.372763
45.451330, 0.070092, 6.372763
45.454374, 0.067543, 6.141037
45.457306, 0.067543, 6.141037
45.460511, 0.067543, 6.141037
45.463374, 0.070092, 6.372763
45.466402, 0.070092, 6.372763
45.469342, 0.067543, 6.141037
45.472347, 0.070092, 6.372763
45.475566, 0.070092, 6.372763
45.478439, 0.067543, 6.141037
45.481250, 0.067543, 6.141037
45.484269, 0.070092, 6.372763
45.487053, 0.070092, 6.372763
45.489948, 0.070092, 6.372763
45.492850, 0.070092, 6.372763
45.495641, 0.067543, 6.141037
45.498226, 0.067543, 6.141037
45.501017, 0.067543, 6.141037
45.503784, 0.067543, 6.141037
45.506879, 0.067543, 6.141037
45.509759, 0.067543, 6.141037
45.513013, 0.067543, 6.141037
45.515738, 0.067543, 6.141037
45.518233, 0.070092, 6.372763
45.521697, 0.070092, 6.372763
45.524631, 0.067543, 6.141037
45.527431, 0.070092, 6.372763
45.530190, 0.070092, 6.372763
45.532872, 0.067543, 6.141037
45.535603, 0.067543, 6.141037
45.538374, 0.067543, 6.141037
45.542306, 0.067543, 6.141037
45.545067, 0.067543, 6.141037
45.547724, 0.070092, 6.372763
45.550326, 0.067543, 6.141037
45.553070, 0.070092, 6.372763
45.555671, 0.067543, 6.141037
45.558262, 0.067543, 6.141037
45.560957, 0.070092, 6.372763
45.563844, 0.070092, 6.372763
45.566676, 0.070092, 6.372763
45.569589, 0.067543, 6.141037
45.573633, 0.067543, 6.141037
45.576507, 0.070092, 6.372763
45.579456, 0.070092, 6.372763
45.582522, 0.067543, 6.141037
45.585291, 0.067543, 6.141037
45.588006, 0.070092, 6.372763
45.591049, 0.067543, 6.141037
45.593901, 0.067543, 6.141037
45.596733, 0.067543, 6.141037
45.599545, 0.067543, 6.141037
45.602417, 0.070092, 6.372763
45.605230, 0.067543, 6.141037
45.608047, 0.070092, 6.372763
45.610762, 0.070092, 6.372763
45.613514, 0.067543, 6.141037
45.616236, 0.067543, 6.141037
45.618934, 0.067543, 6.141037
45.621596, 0.070092, 6.372763
45.624318, 0.067543, 6.141037
45.626926, 0.067543, 6.141037
45.629553, 0.070092, 6.372763
45.632194, 0.070092, 6.372763
45.634965, 0.067543, 6.141037
45.637926, 0.067543, 6.141037
45.640802, 0.067543, 6.141037
45.643697, 0.067543, 6.141037
45.646800, 0.067543, 6.141037
45.649494, 0.067543, 6.141037
45.652035, 0.070092, 6.372763
45.654616, 0.070092, 6.372763
45.657338, 0.070092, 6.372763
45.660266, 0.070092, 6.372763
45.663029, 0.067543, 6.141037
45.666819, 0.067543, 6.141037
45.669343, 0.067543, 6.141037
45.671805, 0.067543, 6.141037
45.674616, 0.067543, 6.141037
45.677268, 0.070092, 6.372763
45.680020, 0.067543, 6.141037
45.682976, 0.067543, 6.141037
45.685655, 0.067543, 6.141037
45.688467, 0.067543, 6.141037
45.691203, 0.067543, 6.141037
45.694554, 0.067543, 6.141037
45.699190, 0.067543, 6.141037
45.702464, 0.067543, 6.141037
45.705302, 0.067543, 6.141037
45.707845, 0.070092, 6.372763
45.710325, 0.067543, 6.141037
45.712739, 0.067543, 6.141037
45.719347, 0.067543, 6.141037
45.724057, 0.067543, 6.141037
45.728092, 0.067543, 6.141037
45.731744, 0.067543, 6.141037
45.734782, 0.067543, 6.141037
45.737763, 0.067543, 6.141037
45.740689, 0.070092, 6.372763
45.743397, 0.067543, 6.141037
45.746176, 0.070092, 6.372763
45.748796, 0.070092, 6.372763
45.751463, 0.067543, 6.141037
45.753980, 0.067543, 6.141037
45.757013, 0.067543, 6.141037
45.760473, 0.067543, 6.141037
45.763088, 0.067543, 6.141037
45.765512, 0.067543, 6.141037
45.768019, 0.070092, 6.372763
45.770584, 0.067543, 6.141037
45.773310, 0.070092, 6.372763
45.775919, 0.067543, 6.141037
45.778667, 0.070092, 6.372763
45.781332, 0.067543, 6.141037
45.783853, 0.070092, 6.372763
45.786437, 0.067543, 6.141037
45.789193, 0.070092, 6.372763
45.791891, 0.070092, 6.372763
45.794621, 0.070092, 6.372763
45.797224, 0.070092, 6.372763
45.799813, 0.067543, 6.141037
45.802491, 0.067543, 6.141037
45.804977, 0.070092, 6.372763
45.807875, 0.070092, 6.372763
45.810797, 0.070092, 6.372763
45.814923, 0.067543, 6.141037
45.821163, 0.070092, 6.372763
45.829017, 0.070092, 6.372763
45.834843, 0.067543, 6.141037
45.837784, 0.067543, 6.141037
45.840674, 0.067543, 6.141037
45.843223, 0.067543, 6.141037
45.845705, 0.067543, 6.141037
45.848354, 0.070092, 6.372763
45.850925, 0.070092, 6.372763
45.853476, 0.070092, 6.372763
45.856065, 0.067543, 6.141037
45.858937, 0.067543, 6.141037
45.861524, 0.070092, 6.372763
45.864173, 0.067543, 6.141037
45.866847, 0.067543, 6.141037
45.870969, 0.070092, 6.372763
45.876780, 0.070092, 6.372763
45.881570, 0.067543, 6.141037
45.885616, 0.070092, 6.372763
45.889812, 0.067543, 6.141037
45.893904, 0.070092, 6.372763
45.897290, 0.070092, 6.372763
45.900526, 0.067543, 6.141037
45.903582, 0.070092, 6.372763
45.906669, 0.067543, 6.141037
45.909829, 0.070092, 6.372763
45.912860, 0.067543, 6.141037
45.915792, 0.067543, 6.141037
45.919026, 0.067543, 6.141037
45.923805, 0.067543, 6.141037
45.927116, 0.070092, 6.372763
45.930072, 0.067543, 6.141037
45.933414, 0.067543, 6.141037
45.936703, 0.067543, 6.141037
45.940899, 0.070092, 6.372763
45.943319, 0.067543, 6.141037
45.946546, 0.070092, 6.372763
45.949820, 0.070092, 6.372763
45.953015, 0.067543, 6.141037
45.956179, 0.067543, 6.141037
45.959155, 0.067543, 6.141037
45.963297, 0.070092, 6.372763
45.967385, 0.070092, 6.372763
45.971511, 0.070092, 6.372763
45.976380, 0.067543, 6.141037
45.980807, 0.070092, 6.372763
45.984694, 0.067543, 6.141037
45.989035, 0.067543, 6.141037
45.991632, 0.070092, 6.372763
45.993906, 0.067543, 6.141037
45.996353, 0.067543, 6.141037
45.999044, 0.067543, 6.141037
46.001683, 0.067543, 6.141037
46.004403, 0.067543, 6.141037
46.007367, 0.067543, 6.141037
46.010903, 0.067543, 6.141037
46.013896, 0.067543, 6.141037
46.016798, 0.067543, 6.141037
46.019690, 0.070092, 6.372763
46.023120, 0.067543, 6.141037
46.025574, 0.067543, 6.141037
46.028774, 0.067543, 6.141037
46.031248, 0.067543, 6.141037
46.033538, 0.067543, 6.141037
46.036088, 0.070092, 6.372763
46.038829, 0.067543, 6.141037
46.041680, 0.070092, 6.372763
46.045823, 0.070092, 6.372763
46.050006, 0.067543, 6.141037
46.053726, 0.067543, 6.141037
46.057192, 0.067543, 6.141037
46.060747, 0.070092, 6.372763
46.064125, 0.067543, 6.141037
46.067324, 0.067543, 6.141037
46.070394, 0.070092, 6.372763
46.073605, 0.067543, 6.141037
46.076285, 0.067543, 6.141037
46.078679, 0.070092, 6.372763
46.081090, 0.067543, 6.141037
46.083562, 0.070092, 6.372763
46.086139, 0.067543, 6.141037
46.088946, 0.070092, 6.372763
46.091780, 0.070092, 6.372763
46.094558, 0.067543, 6.141037
46.097410, 0.070092, 6.372763
46.100279, 0.067543, 6.141037
46.103167, 0.067543, 6.141037
46.106033, 0.067543, 6.141037
46.109011, 0.067543, 6.141037
46.111866, 0.070092, 6.372763
46.114642, 0.070092, 6.372763
46.118167, 0.067543, 6.141037
46.120371, 0.067543, 6.141037
46.122638, 0.067543, 6.141037
46.125298, 0.067543, 6.141037
46.128396, 0.067543, 6.141037
46.131368, 0.070092, 6.372763
46.134232, 0.070092, 6.372763
46.137088, 0.067543, 6.141037
46.140022, 0.067543, 6.141037
46.143014, 0.067543, 6.141037
46.145885, 0.067543, 6.141037
46.148657, 0.067543, 6.141037
46.151444, 0.067543, 6.141037
46.154163, 0.067543, 6.141037
46.156943, 0.067543, 6.141037
46.159716, 0.070092, 6.372763
46.162371, 0.070092, 6.372763
46.165166, 0.070092, 6.372763
46.167802, 0.067543, 6.141037
46.170488, 0.067543, 6.141037
46.173247, 0.070092, 6.372763
46.176005, 0.067543, 6.141037
46.178847, 0.067543, 6.141037
46.181554, 0.067543, 6.141037
46.184300, 0.067543, 6.141037
46.186907, 0.070092, 6.372763
46.189901, 0.070092, 6.372763
46.192209, 0.070092, 6.372763
46.194584, 0.070092, 6.372763
46.196935, 0.070092, 6.372763
46.200972, 0.070092, 6.372763
46.205001, 0.070092, 6.372763
46.207603, 0.067543, 6.141037
46.211132, 0.070092, 6.372763
46.213423, 0.067543, 6.141037
46.215576, 0.070092, 6.372763
46.217996, 0.067543, 6.141037
46.220848, 0.067543, 6.141037
46.223664, 0.067543, 6.141037
46.226496, 0.067543, 6.141037
46.229287, 0.070092, 6.372763
46.232027, 0.067543, 6.141037
46.234832, 0.067543, 6.141037
46.237583, 0.067543, 6.141037
46.240891, 0.067543, 6.141037
46.243259, 0.070092, 6.372763
46.245563, 0.070092, 6.372763
46.247910, 0.067543, 6.141037
46.251353, 0.067543, 6.141037
46.253667, 0.070092, 6.372763
46.256424, 0.067543, 6.141037
46.261111, 0.070092, 6.372763
46.264483, 0.070092, 6.372763
46.267037, 0.067543, 6.141037
46.269157, 0.070092, 6.372763
46.271462, 0.070092, 6.372763
46.274468, 0.067543, 6.141037
46.276932, 0.067543, 6.141037
46.279452, 0.067543, 6.141037
46.282785, 0.070092, 6.372763
46.285054, 0.067543, 6.141037
46.287371, 0.070092, 6.372763
46.290667, 0.067543, 6.141037
46.292953, 0.067543, 6.141037
46.295722, 0.067543, 6.141037
46.298184, 0.070092, 6.372763
46.301193, 0.070092, 6.372763
46.303937, 0.067543, 6.141037
46.306393, 0.067543, 6.141037
46.309619, 0.070092, 6.372763
46.312827, 0.070092, 6.372763
46.316078, 0.070092, 6.372763
46.318675, 0.067543, 6.141037
46.320882, 0.070092, 6.372763
46.323879, 0.067543, 6.141037
46.326011, 0.070092, 6.372763
46.328498, 0.070092, 6.372763
46.331060, 0.070092, 6.372763
46.334089, 0.067543, 6.141037
46.336364, 0.067543, 6.141037
46.338609, 0.067543, 6.141037
46.341865, 0.070092, 6.372763
46.344296, 0.067543, 6.141037
46.346845, 0.070092, 6.372763
46.349640, 0.067543, 6.141037
46.352366, 0.067543, 6.141037
46.356338, 0.070092, 6.372763
46.359242, 0.067543, 6.141037
46.361491, 0.067543, 6.141037
46.364074, 0.067543, 6.141037
46.366782, 0.067543, 6.141037
46.369470, 0.070092, 6.372763
46.372123, 0.067543, 6.141037
46.375785, 0.070092, 6.372763
46.378130, 0.067543, 6.141037
46.380432, 0.067543, 6.141037
46.382839, 0.067543, 6.141037
46.386114, 0.070092, 6.372763
46.388225, 0.067543, 6.141037
46.391976, 0.070092, 6.372763
46.395640, 0.067543, 6.141037
46.398044, 0.070092, 6.372763
46.400210, 0.070092, 6.372763
46.402392, 0.067543, 6.141037
46.405291, 0.067543, 6.141037
46.407766, 0.067543, 6.141037
46.410186, 0.070092, 6.372763
46.412629, 0.067543, 6.141037
46.415510, 0.067543, 6.141037
46.417718, 0.070092, 6.372763
46.419903, 0.070092, 6.372763
46.422310, 0.070092, 6.372763
46.425216, 0.067543, 6.141037
46.427526, 0.067543, 6.141037
46.429822, 0.067543, 6.141037
46.432251, 0.067543, 6.141037
46.434972, 0.067543, 6.141037
46.437602, 0.070092, 6.372763
46.440433, 0.070092, 6.372763
46.443141, 0.067543, 6.141037
46.445970, 0.067543, 6.141037
46.448656, 0.067543, 6.141037
46.451413, 0.070092, 6.372763
46.453971, 0.067543, 6.141037
46.458588, 0.067543, 6.141037
46.461455, 0.067543, 6.141037
46.463754, 0.067543, 6.141037
46.466064, 0.067543, 6.141037
46.468546, 0.070092, 6.372763
46.471200, 0.067543, 6.141037
46.475501, 0.070092, 6.372763
46.477968, 0.070092, 6.372763
46.480505, 0.070092, 6.372763
46.482916, 0.067543, 6.141037
46.485478, 0.067543, 6.141037
46.488172, 0.070092, 6.372763
46.490900, 0.070092, 6.372763
46.493699, 0.067543, 6.141037
46.496424, 0.067543, 6.141037
46.499027, 0.070092, 6.372763
46.501651, 0.070092, 6.372763
46.504354, 0.070092, 6.372763
46.507062, 0.070092, 6.372763
46.509694, 0.067543, 6.141037
46.512237, 0.067543, 6.141037
46.514764, 0.067543, 6.141037
46.517459, 0.070092, 6.372763
46.520085, 0.067543, 6.141037
46.522774, 0.067543, 6.141037
46.525474, 0.067543, 6.141037
46.528147, 0.070092, 6.372763
46.530810, 0.067543, 6.141037
46.533452, 0.070092, 6.372763
46.536078, 0.070092, 6.372763
46.541261, 0.070092, 6.372763
46.543814, 0.070092, 6.372763
46.546357, 0.070092, 6.372763
46.549173, 0.067543, 6.141037
46.551966, 0.067543, 6.141037
46.554877, 0.070092, 6.372763
46.557945, 0.067543, 6.141037
46.560860, 0.067543, 6.141037
46.563745, 0.070092, 6.372763
46.566599, 0.067543, 6.141037
46.883913, 0.067543, 6.141037
46.895021, 0.070092, 6.372763
46.908434, 0.070092, 6.372763
46.913258, 0.067543, 6.141037
46.916176, 0.067543, 6.141037
46.918604, 0.067543, 6.141037
46.920806, 0.070092, 6.372763
46.923173, 0.067543, 6.141037
46.925838, 0.067543, 6.141037
46.928759, 0.070092, 6.372763
46.931689, 0.067543, 6.141037
46.934875, 0.067543, 6.141037
46.937703, 0.070092, 6.372763
46.940421, 0.070092, 6.372763
46.944097, 0.070092, 6.372763
46.946609, 0.067543, 6.141037
46.948970, 0.070092, 6.372763
46.951440, 0.070092, 6.372763
46.954101, 0.070092, 6.372763
46.956863, 0.070092, 6.372763
46.959717, 0.067543, 6.141037
46.962888, 0.067543, 6.141037
46.965750, 0.070092, 6.372763
46.968645, 0.070092, 6.372763
46.971325, 0.070092, 6.372763
46.974970, 0.070092, 6.372763
46.977377, 0.070092, 6.372763
46.979655, 0.070092, 6.372763
46.982132, 0.070092, 6.372763
46.985259, 0.070092, 6.372763
46.988749, 0.070092, 6.372763
46.992609, 0.070092, 6.372763
46.997154, 0.070092, 6.372763
47.001070, 0.070092, 6.372763
47.004599, 0.070092, 6.372763
47.008350, 0.070092, 6.372763
47.010755, 0.070092, 6.372763
47.012924, 0.067543, 6.141037
47.015730, 0.067543, 6.141037
47.018554, 0.070092, 6.372763
47.021293, 0.070092, 6.372763
47.024223, 0.070092, 6.372763
47.026984, 0.070092, 6.372763
47.029646, 0.067543, 6.141037
47.032534, 0.070092, 6.372763
47.035331, 0.070092, 6.372763
47.037963, 0.067543, 6.141037
47.041435, 0.070092, 6.372763
47.044768, 0.070092, 6.372763
47.046756, 0.070092, 6.372763
47.049308, 0.067543, 6.141037
47.051950, 0.070092, 6.372763
47.055021, 0.070092, 6.372763
47.058527, 0.067543, 6.141037
47.060731, 0.070092, 6.372763
47.063344, 0.067543, 6.141037
47.067055, 0.070092, 6.372763
47.069842, 0.070092, 6.372763
47.072277, 0.067543, 6.141037
47.075447, 0.070092, 6.372763
47.077588, 0.070092, 6.372763
47.079999, 0.070092, 6.372763
47.082534, 0.070092, 6.372763
47.086115, 0.070092, 6.372763
47.088428, 0.067543, 6.141037
47.091398, 0.067543, 6.141037
47.093508, 0.067543, 6.141037
47.098119, 0.067543, 6.141037
47.101867, 0.070092, 6.372763
47.105206, 0.070092, 6.372763
47.108398, 0.070092, 6.372763
47.111368, 0.067543, 6.141037
47.114264, 0.070092, 6.372763
47.116992, 0.067543, 6.141037
47.119616, 0.070092, 6.372763
47.122204, 0.067543, 6.141037
47.124767, 0.067543, 6.141037
47.127302, 0.070092, 6.372763
47.129882, 0.070092, 6.372763
47.132431, 0.070092, 6.372763
47.135077, 0.067543, 6.141037
47.137692, 0.067543, 6.141037
47.140420, 0.067543, 6.141037
47.143065, 0.067543, 6.141037
47.145941, 0.067543, 6.141037
47.148574, 0.070092, 6.372763
47.151266, 0.067543, 6.141037
47.153893, 0.067543, 6.141037
47.157468, 0.070092, 6.372763
47.159660, 0.070092, 6.372763
47.161755, 0.070092, 6.372763
47.164145, 0.067543, 6.141037
47.166639, 0.067543, 6.141037
47.169229, 0.067543, 6.141037
47.171830, 0.070092, 6.372763
47.174507, 0.067543, 6.141037
47.178625, 0.067543, 6.141037
47.181533, 0.067543, 6.141037
47.184051, 0.070092, 6.372763
47.186364, 0.067543, 6.141037
47.191725, 0.067543, 6.141037
47.194618, 0.070092, 6.372763
47.197018, 0.067543, 6.141037
47.199230, 0.067543, 6.141037
47.201542, 0.070092, 6.372763
47.203990, 0.067543, 6.141037
47.206559, 0.067543, 6.141037
47.209398, 0.070092, 6.372763
47.212106, 0.070092, 6.372763
47.214826, 0.067543, 6.141037
47.217676, 0.067543, 6.141037
47.220373, 0.067543, 6.141037
47.223260, 0.070092, 6.372763
47.225908, 0.070092, 6.372763
47.228648, 0.070092, 6.372763
47.231244, 0.067543, 6.141037
47.234056, 0.070092, 6.372763
47.236613, 0.070092, 6.372763
47.239306, 0.070092, 6.372763
47.242141, 0.070092, 6.372763
47.244710, 0.070092, 6.372763
47.247257, 0.067543, 6.141037
47.249840, 0.070092, 6.372763
47.252454, 0.070092, 6.372763
47.255167, 0.070092, 6.372763
47.257720, 0.070092, 6.372763
47.260408, 0.070092, 6.372763
47.263052, 0.067543, 6.141037
47.265570, 0.067543, 6.141037
47.268062, 0.067543, 6.141037
47.270937, 0.070092, 6.372763
47.275106, 0.070092, 6.372763
47.277732, 0.067543, 6.141037
47.280284, 0.070092, 6.372763
47.282717, 0.070092, 6.372763
47.285923, 0.067543, 6.141037
47.288984, 0.070092, 6.372763
47.291931, 0.067543, 6.141037
47.294268, 0.070092, 6.372763
47.296604, 0.070092, 6.372763
47.299048, 0.067543, 6.141037
47.302899, 0.067543, 6.141037
47.305508, 0.070092, 6.372763
47.308281, 0.070092, 6.372763
47.310940, 0.067543, 6.141037
47.313947, 0.070092, 6.372763
47.317597, 0.070092, 6.372763
47.322748, 0.070092, 6.372763
47.326960, 0.070092, 6.372763
47.329462, 0.067543, 6.141037
47.332043, 0.067543, 6.141037
47.334882, 0.070092, 6.372763
47.336873, 0.067543, 6.141037
47.340866, 0.070092, 6.372763
47.344653, 0.067543, 6.141037
47.348027, 0.070092, 6.372763
47.350428, 0.070092, 6.372763
47.352531, 0.070092, 6.372763
47.354792, 0.070092, 6.372763
47.357616, 0.070092, 6.372763
47.360912, 0.070092, 6.372763
47.372582, 0.070092, 6.372763
47.378117, 0.070092, 6.372763
47.381275, 0.070092, 6.372763
47.383735, 0.070092, 6.372763
47.385875, 0.070092, 6.372763
47.388105, 0.070092, 6.372763
47.390640, 0.070092, 6.372763
47.395283, 0.070092, 6.372763
47.399417, 0.067543, 6.141037
47.403105, 0.067543, 6.141037
47.406532, 0.067543, 6.141037
47.409839, 0.070092, 6.372763
47.412825, 0.070092, 6.372763
47.415615, 0.070092, 6.372763
47.419069, 0.070092, 6.372763
47.421232, 0.067543, 6.141037
47.423329, 0.070092, 6.372763
47.425665, 0.070092, 6.372763
47.428389, 0.067543, 6.141037
47.431104, 0.067543, 6.141037
47.433913, 0.067543, 6.141037
47.436671, 0.067543, 6.141037
47.439636, 0.070092, 6.372763
47.442417, 0.070092, 6.372763
47.445151, 0.070092, 6.372763
47.447898, 0.067543, 6.141037
47.450643, 0.070092, 6.372763
47.453436, 0.067543, 6.141037
47.456862, 0.067543, 6.141037
47.459714, 0.070092, 6.372763
47.462024, 0.067543, 6.141037
47.464408, 0.067543, 6.141037
47.467038, 0.070092, 6.372763
47.469816, 0.070092, 6.372763
47.472498, 0.070092, 6.372763
47.475559, 0.067543, 6.141037
47.478773, 0.070092, 6.372763
47.481219, 0.070092, 6.372763
47.483643, 0.067543, 6.141037
47.486785, 0.070092, 6.372763
47.489468, 0.070092, 6.372763
47.492265, 0.070092, 6.372763
47.495307, 0.070092, 6.372763
47.498339, 0.070092, 6.372763
47.500648, 0.067543, 6.141037
47.502971, 0.070092, 6.372763
47.505536, 0.070092, 6.372763
47.509009, 0.070092, 6.372763
47.511739, 0.070092, 6.372763
47.514375, 0.067543, 6.141037
47.518731, 0.070092, 6.372763
47.521399, 0.067543, 6.141037
47.524422, 0.070092, 6.372763
47.527413, 0.067543, 6.141037
47.530461, 0.070092, 6.372763
47.533603, 0.070092, 6.372763
47.536619, 0.070092, 6.372763
47.539838, 0.070092, 6.372763
47.542857, 0.070092, 6.372763
47.545838, 0.067543, 6.141037
47.548910, 0.070092, 6.372763
47.551904, 0.070092, 6.372763
47.554881, 0.070092, 6.372763
47.557947, 0.067543, 6.141037
47.560846, 0.067543, 6.141037
47.563711, 0.067543, 6.141037
47.566579, 0.067543, 6.141037
47.569373, 0.070092, 6.372763
47.572175, 0.070092, 6.372763
47.574908, 0.067543, 6.141037
47.577921, 0.070092, 6.372763
47.580773, 0.070092, 6.372763
47.583567, 0.070092, 6.372763
47.586483, 0.070092, 6.372763
47.589316, 0.070092, 6.372763
47.592291, 0.070092, 6.372763
47.595212, 0.067543, 6.141037
47.598429, 0.067543, 6.141037
47.601341, 0.070092, 6.372763
47.604258, 0.070092, 6.372763
47.607134, 0.067543, 6.141037
47.609980, 0.070092, 6.372763
47.612769, 0.070092, 6.372763
47.615520, 0.070092, 6.372763
47.618408, 0.067543, 6.141037
47.621257, 0.067543, 6.141037
47.624250, 0.070092, 6.372763
47.627305, 0.070092, 6.372763
47.630424, 0.070092, 6.372763
47.633130, 0.067543, 6.141037
47.635767, 0.070092, 6.372763
47.638461, 0.070092, 6.372763
47.641180, 0.070092, 6.372763
47.644102, 0.070092, 6.372763
47.646690, 0.067543, 6.141037
47.649302, 0.067543, 6.141037
47.651865, 0.070092, 6.372763
47.654437, 0.067543, 6.141037
47.657106, 0.067543, 6.141037
47.659872, 0.070092, 6.372763
47.662685, 0.067543, 6.141037
47.665207, 0.070092, 6.372763
47.667684, 0.070092, 6.372763
47.670374, 0.070092, 6.372763
47.673005, 0.070092, 6.372763
47.675813, 0.070092, 6.372763
47.678679, 0.067543, 6.141037
47.681421, 0.067543, 6.141037
47.684078, 0.070092, 6.372763
47.686643, 0.067543, 6.141037
47.689448, 0.070092, 6.372763
47.692161, 0.070092, 6.372763
47.694946, 0.067543, 6.141037
47.697451, 0.070092, 6.372763
47.700081, 0.070092, 6.372763
47.702573, 0.070092, 6.372763
47.705093, 0.070092, 6.372763
47.707768, 0.070092, 6.372763
47.711525, 0.070092, 6.372763
47.713959, 0.067543, 6.141037
47.716359, 0.067543, 6.141037
47.718766, 0.070092, 6.372763
47.721145, 0.070092, 6.372763
47.723703, 0.070092, 6.372763
47.726310, 0.067543, 6.141037
47.729553, 0.070092, 6.372763
47.732416, 0.067543, 6.141037
47.734761, 0.067543, 6.141037
47.737134, 0.070092, 6.372763
47.740944, 0.067543, 6.141037
47.743650, 0.070092, 6.372763
47.746145, 0.067543, 6.141037
47.748615, 0.067543, 6.141037
47.751000, 0.067543, 6.141037
47.753373, 0.067543, 6.141037
47.755886, 0.070092, 6.372763
47.758666, 0.070092, 6.372763
47.762002, 0.070092, 6.372763
47.764366, 0.070092, 6.372763
47.767152, 0.067543, 6.141037
47.770292, 0.067543, 6.141037
47.773145, 0.067543, 6.141037
47.776387, 0.070092, 6.372763
47.779012, 0.070092, 6.372763
47.781282, 0.067543, 6.141037
47.783276, 0.070092, 6.372763
47.785445, 0.070092, 6.372763
47.787947, 0.067543, 6.141037
47.791494, 0.070092, 6.372763
47.793906, 0.067543, 6.141037
47.796090, 0.070092, 6.372763
47.798611, 0.070092, 6.372763
47.801060, 0.070092, 6.372763
47.803685, 0.070092, 6.372763
47.806773, 0.070092, 6.372763
47.810722, 0.070092, 6.372763
47.812790, 0.067543, 6.141037
47.814818, 0.070092, 6.372763
47.817091, 0.070092, 6.372763
47.819554, 0.067543, 6.141037
47.822202, 0.070092, 6.372763
47.825701, 0.070092, 6.372763
47.828574, 0.067543, 6.141037
47.832608, 0.067543, 6.141037
47.835614, 0.070092, 6.372763
47.838055, 0.070092, 6.372763
47.840576, 0.070092, 6.372763
47.842825, 0.070092, 6.372763
47.845230, 0.067543, 6.141037
47.848226, 0.070092, 6.372763
47.850727, 0.067543, 6.141037
47.853368, 0.067543, 6.141037
47.856120, 0.070092, 6.372763
47.859915, 0.070092, 6.372763
47.862020, 0.070092, 6.372763
47.864258, 0.070092, 6.372763
47.866812, 0.070092, 6.372763
47.869638, 0.067543, 6.141037
47.872324, 0.067543, 6.141037
47.875624, 0.070092, 6.372763
47.878978, 0.067543, 6.141037
47.882312, 0.067543, 6.141037
47.884552, 0.067543, 6.141037
47.887149, 0.070092, 6.372763
47.890417, 0.067543, 6.141037
47.893906, 0.067543, 6.141037
47.896308, 0.070092, 6.372763
47.898780, 0.070092, 6.372763
47.901470, 0.070092, 6.372763
47.904202, 0.070092, 6.372763
47.907304, 0.070092, 6.372763
47.909707, 0.070092, 6.372763
47.912037, 0.067543, 6.141037
47.914310, 0.070092, 6.372763
47.916756, 0.070092, 6.372763
47.919406, 0.067543, 6.141037
47.922056, 0.070092, 6.372763
47.925066, 0.070092, 6.372763
47.927970, 0.067543, 6.141037
47.930728, 0.070092, 6.372763
47.933406, 0.067543, 6.141037
47.936207, 0.067543, 6.141037
47.938905, 0.070092, 6.372763
47.941978, 0.067543, 6.141037
47.945350, 0.070092, 6.372763
47.947485, 0.070092, 6.372763
47.949841, 0.067543, 6.141037
47.952423, 0.070092, 6.372763
47.954940, 0.070092, 6.372763
47.958256, 0.070092, 6.372763
47.960512, 0.067543, 6.141037
47.963814, 0.070092, 6.372763
47.965870, 0.070092, 6.372763
47.968229, 0.070092, 6.372763
47.970676, 0.070092, 6.372763
47.973394, 0.070092, 6.372763
47.976076, 0.067543, 6.141037
47.978826, 0.070092, 6.372763
47.981871, 0.067543, 6.141037
47.984919, 0.070092, 6.372763
47.987172, 0.070092, 6.372763
47.989918, 0.070092, 6.372763
47.994292, 0.070092, 6.372763
47.996941, 0.070092, 6.372763
47.999091, 0.070092, 6.372763
48.001184, 0.067543, 6.141037
48.003583, 0.070092, 6.372763
48.006830, 0.070092, 6.372763
48.009274, 0.070092, 6.372763
48.012104, 0.070092, 6.372763
48.014377, 0.070092, 6.372763
48.016712, 0.067543, 6.141037
48.019424, 0.067543, 6.141037
48.022233, 0.070092, 6.372763
48.025221, 0.067543, 6.141037
48.027973, 0.070092, 6.372763
48.030549, 0.070092, 6.372763
48.033899, 0.067543, 6.141037
48.036065, 0.067543, 6.141037
48.038696, 0.070092, 6.372763
48.041443, 0.070092, 6.372763
48.045678, 0.070092, 6.372763
48.048306, 0.067543, 6.141037
48.050889, 0.070092, 6.372763
48.053465, 0.070092, 6.372763
48.056510, 0.067543, 6.141037
48.060201, 0.070092, 6.372763
48.062527, 0.070092, 6.372763
48.065054, 0.067543, 6.141037
48.067694, 0.070092, 6.372763
48.070387, 0.070092, 6.372763
48.073743, 0.070092, 6.372763
48.076127, 0.070092, 6.372763
48.078425, 0.070092, 6.372763
48.080788, 0.070092, 6.372763
48.083276, 0.070092, 6.372763
48.085813, 0.070092, 6.372763
48.088601, 0.070092, 6.372763
48.091595, 0.070092, 6.372763
48.094334, 0.070092, 6.372763
48.097007, 0.070092, 6.372763
48.099773, 0.070092, 6.372763
48.102457, 0.067543, 6.141037
48.105093, 0.070092, 6.372763
48.107714, 0.070092, 6.372763
48.110412, 0.070092, 6.372763
48.113075, 0.070092, 6.372763
48.115724, 0.067543, 6.141037
48.118368, 0.070092, 6.372763
48.121037, 0.070092, 6.372763
48.123659, 0.070092, 6.372763
48.126228, 0.070092, 6.372763
48.128804, 0.070092, 6.372763
48.131487, 0.067543, 6.141037
48.134062, 0.070092, 6.372763
48.136633, 0.070092, 6.372763
48.139182, 0.070092, 6.372763
48.141918, 0.067543, 6.141037
48.144514, 0.067543, 6.141037
48.147082, 0.067543, 6.141037
48.149649, 0.067543, 6.141037
48.152382, 0.070092, 6.372763
48.154953, 0.070092, 6.372763
48.157560, 0.070092, 6.372763
48.160154, 0.070092, 6.372763
48.162748, 0.070092, 6.372763
48.165276, 0.070092, 6.372763
48.167901, 0.067543, 6.141037
48.170732, 0.070092, 6.372763
48.174387, 0.067543, 6.141037
48.176797, 0.067543, 6.141037
48.178941, 0.070092, 6.372763
48.182490, 0.067543, 6.141037
48.184667, 0.070092, 6.372763
48.186881, 0.067543, 6.141037
48.189244, 0.070092, 6.372763
48.193074, 0.067543, 6.141037
48.195617, 0.070092, 6.372763
48.198171, 0.070092, 6.372763
48.200617, 0.070092, 6.372763
48.203069, 0.070092, 6.372763
48.205548, 0.070092, 6.372763
48.208025, 0.067543, 6.141037
48.211497, 0.070092, 6.372763
48.213991, 0.070092, 6.372763
48.216049, 0.070092, 6.372763
48.218242, 0.070092, 6.372763
48.220771, 0.070092, 6.372763
48.223737, 0.070092, 6.372763
48.225808, 0.070092, 6.372763
48.228064, 0.070092, 6.372763
48.230653, 0.070092, 6.372763
48.233459, 0.070092, 6.372763
48.235524, 0.067543, 6.141037
48.237886, 0.067543, 6.141037
48.240446, 0.070092, 6.372763
48.243140, 0.070092, 6.372763
48.245793, 0.070092, 6.372763
48.248282, 0.070092, 6.372763
48.251387, 0.070092, 6.372763
48.254467, 0.070092, 6.372763
48.256949, 0.070092, 6.372763
48.259347, 0.070092, 6.372763
48.262696, 0.070092, 6.372763
48.264668, 0.070092, 6.372763
48.266844, 0.070092, 6.372763
48.269257, 0.070092, 6.372763
48.272322, 0.070092, 6.372763
48.275263, 0.070092, 6.372763
48.277511, 0.070092, 6.372763
48.279860, 0.070092, 6.372763
48.282567, 0.070092, 6.372763
48.285091, 0.067543, 6.141037
48.287688, 0.070092, 6.372763
48.290379, 0.070092, 6.372763
48.293808, 0.067543, 6.141037
48.295909, 0.070092, 6.372763
48.298145, 0.070092, 6.372763
48.300827, 0.067543, 6.141037
48.303984, 0.070092, 6.372763
48.307476, 0.070092, 6.372763
48.309739, 0.067543, 6.141037
48.312956, 0.070092, 6.372763
48.315050, 0.070092, 6.372763
48.317432, 0.067543, 6.141037
48.319904, 0.067543, 6.141037
48.323000, 0.067543, 6.141037
48.326181, 0.067543, 6.141037
48.328406, 0.070092, 6.372763
48.331633, 0.070092, 6.372763
48.334059, 0.070092, 6.372763
48.336249, 0.070092, 6.372763
48.338780, 0.070092, 6.372763
48.342286, 0.070092, 6.372763
48.344532, 0.070092, 6.372763
48.346986, 0.070092, 6.372763
48.349473, 0.070092, 6.372763
48.352033, 0.070092, 6.372763
48.354610, 0.070092, 6.372763
48.358078, 0.067543, 6.141037
48.360273, 0.067543, 6.141037
48.362604, 0.070092, 6.372763
48.364984, 0.070092, 6.372763
48.367459, 0.070092, 6.372763
48.370021, 0.070092, 6.372763
48.372776, 0.070092, 6.372763
48.375512, 0.067543, 6.141037
48.378359, 0.070092, 6.372763
48.380867, 0.070092, 6.372763
48.383484, 0.067543, 6.141037
48.386123, 0.070092, 6.372763
48.388629, 0.070092, 6.372763
48.391527, 0.070092, 6.372763
48.394145, 0.070092, 6.372763
48.396819, 0.067543, 6.141037
48.399366, 0.070092, 6.372763
48.401905, 0.067543, 6.141037
48.404538, 0.070092, 6.372763
48.407862, 0.070092, 6.372763
48.410232, 0.067543, 6.141037
48.412550, 0.070092, 6.372763
48.415102, 0.070092, 6.372763
48.417723, 0.070092, 6.372763
48.420257, 0.070092, 6.372763
48.422952, 0.070092, 6.372763
48.425669, 0.070092, 6.372763
48.428354, 0.070092, 6.372763
48.430961, 0.070092, 6.372763
48.434589, 0.067543, 6.141037
48.436768, 0.070092, 6.372763
48.439715, 0.070092, 6.372763
48.442340, 0.070092, 6.372763
48.444303, 0.070092, 6.372763
48.446416, 0.070092, 6.372763
48.448948, 0.070092, 6.372763
48.451629, 0.070092, 6.372763
48.454246, 0.070092, 6.372763
48.457439, 0.070092, 6.372763
48.460110, 0.070092, 6.372763
48.463038, 0.070092, 6.372763
48.465236, 0.070092, 6.372763
48.467513, 0.070092, 6.372763
48.470048, 0.070092, 6.372763
48.473071, 0.070092, 6.372763
48.475814, 0.070092, 6.372763
48.478515, 0.070092, 6.372763
48.481107, 0.067543, 6.141037
48.484740, 0.070092, 6.372763
48.486815, 0.070092, 6.372763
48.489642, 0.070092, 6.372763
48.491936, 0.070092, 6.372763
48.494466, 0.070092, 6.372763
48.497691, 0.070092, 6.372763
48.500713, 0.070092, 6.372763
48.503136, 0.067543, 6.141037
48.505557, 0.070092, 6.372763
48.509493, 0.070092, 6.372763
48.512673, 0.067543, 6.141037
48.516022, 0.067543, 6.141037
48.518528, 0.070092, 6.372763
48.521131, 0.070092, 6.372763
48.525031, 0.070092, 6.372763
48.527616, 0.070092, 6.372763
48.531069, 0.070092, 6.372763
48.533491, 0.070092, 6.372763
48.536184, 0.070092, 6.372763
48.538937, 0.070092, 6.372763
48.541751, 0.070092, 6.372763
48.544045, 0.070092, 6.372763
48.546086, 0.070092, 6.372763
48.548280, 0.070092, 6.372763
48.550833, 0.070092, 6.372763
48.553502, 0.070092, 6.372763
48.556174, 0.067543, 6.141037
48.558927, 0.067543, 6.141037
48.561667, 0.070092, 6.372763
48.564709, 0.070092, 6.372763
48.567381, 0.070092, 6.372763
48.570052, 0.070092, 6.372763
48.573313, 0.070092, 6.372763
48.576442, 0.070092, 6.372763
48.579630, 0.070092, 6.372763
48.582673, 0.070092, 6.372763
48.585581, 0.070092, 6.372763
48.588707, 0.070092, 6.372763
48.592412, 0.067543, 6.141037
48.594949, 0.070092, 6.372763
48.597473, 0.070092, 6.372763
48.600091, 0.067543, 6.141037
48.602812, 0.070092, 6.372763
48.606751, 0.070092, 6.372763
48.609262, 0.070092, 6.372763
48.611573, 0.067543, 6.141037
48.614159, 0.070092, 6.372763
48.616922, 0.067543, 6.141037
48.619896, 0.070092, 6.372763
48.623339, 0.067543, 6.141037
48.626160, 0.070092, 6.372763
48.628698, 0.070092, 6.372763
48.631217, 0.070092, 6.372763
48.633965, 0.070092, 6.372763
48.636762, 0.070092, 6.372763
48.639425, 0.070092, 6.372763
48.642384, 0.070092, 6.372763
48.645102, 0.070092, 6.372763
48.647359, 0.070092, 6.372763
48.649872, 0.070092, 6.372763
48.652577, 0.067543, 6.141037
48.655259, 0.067543, 6.141037
48.657718, 0.070092, 6.372763
48.659963, 0.070092, 6.372763
48.662730, 0.067543, 6.141037
48.665272, 0.070092, 6.372763
48.667926, 0.070092, 6.372763
48.670595, 0.070092, 6.372763
48.673532, 0.070092, 6.372763
48.676384, 0.070092, 6.372763
48.679127, 0.070092, 6.372763
48.681801, 0.067543, 6.141037
48.685215, 0.070092, 6.372763
48.687328, 0.070092, 6.372763
48.689871, 0.070092, 6.372763
48.694658, 0.070092, 6.372763
48.697374, 0.070092, 6.372763
48.699576, 0.070092, 6.372763
48.702118, 0.070092, 6.372763
48.704904, 0.067543, 6.141037
48.707145, 0.070092, 6.372763
48.709530, 0.070092, 6.372763
48.712444, 0.070092, 6.372763
48.714897, 0.070092, 6.372763
48.717216, 0.067543, 6.141037
48.719574, 0.067543, 6.141037
48.722651, 0.067543, 6.141037
48.725135, 0.070092, 6.372763
48.727323, 0.070092, 6.372763
48.729765, 0.070092, 6.372763
48.732627, 0.070092, 6.372763
48.734895, 0.070092, 6.372763
48.737137, 0.070092, 6.372763
48.739755, 0.070092, 6.372763
48.742069, 0.070092, 6.372763
48.744112, 0.070092, 6.372763
48.746204, 0.070092, 6.372763
48.748631, 0.070092, 6.372763
48.751501, 0.070092, 6.372763
48.753615, 0.067543, 6.141037
48.756433, 0.067543, 6.141037
48.759287, 0.070092, 6.372763
48.761822, 0.070092, 6.372763
48.764565, 0.070092, 6.372763
48.767821, 0.070092, 6.372763
48.770290, 0.070092, 6.372763
48.773244, 0.070092, 6.372763
48.775686, 0.070092, 6.372763
48.778041, 0.070092, 6.372763
48.780539, 0.067543, 6.141037
48.784083, 0.070092, 6.372763
48.786368, 0.070092, 6.372763
48.788866, 0.070092, 6.372763
48.792138, 0.067543, 6.141037
48.794440, 0.067543, 6.141037
48.796882, 0.070092, 6.372763
48.799446, 0.070092, 6.372763
48.802695, 0.070092, 6.372763
48.805255, 0.070092, 6.372763
48.808335, 0.070092, 6.372763
48.810527, 0.070092, 6.372763
48.813062, 0.067543, 6.141037
48.816283, 0.070092, 6.372763
48.821855, 0.067543, 6.141037
48.827821, 0.070092, 6.372763
48.836849, 0.072641, 6.604489
48.843268, 0.070092, 6.372763
48.847636, 0.070092, 6.372763
48.855690, 0.070092, 6.372763
48.859181, 0.067543, 6.141037
48.863461, 0.067543, 6.141037
48.867613, 0.070092, 6.372763
48.871790, 0.070092, 6.372763
48.875306, 0.070092, 6.372763
48.878607, 0.070092, 6.372763
48.881734, 0.070092, 6.372763
48.884958, 0.070092, 6.372763
48.887923, 0.070092, 6.372763
48.891045, 0.070092, 6.372763
48.894196, 0.070092, 6.372763
48.897206, 0.070092, 6.372763
48.900132, 0.070092, 6.372763
48.903118, 0.070092, 6.372763
48.906328, 0.070092, 6.372763
48.909722, 0.070092, 6.372763
48.913128, 0.067543, 6.141037
48.917847, 0.070092, 6.372763
48.921546, 0.070092, 6.372763
48.925890, 0.070092, 6.372763
48.929418, 0.070092, 6.372763
48.932667, 0.070092, 6.372763
48.936034, 0.070092, 6.372763
48.938734, 0.070092, 6.372763
48.941253, 0.070092, 6.372763
48.943826, 0.070092, 6.372763
48.946775, 0.067543, 6.141037
48.949980, 0.070092, 6.372763
48.955662, 0.070092, 6.372763
48.970537, 0.070092, 6.372763
48.975825, 0.070092, 6.372763
48.979136, 0.067543, 6.141037
48.981748, 0.070092, 6.372763
48.983868, 0.067543, 6.141037
48.986337, 0.070092, 6.372763
48.988608, 0.070092, 6.372763
48.991161, 0.070092, 6.372763
48.993847, 0.070092, 6.372763
48.997004, 0.070092, 6.372763
48.999257, 0.070092, 6.372763
49.001719, 0.070092, 6.372763
49.004377, 0.070092, 6.372763
49.007751, 0.070092, 6.372763
49.010112, 0.070092, 6.372763
49.012571, 0.070092, 6.372763
49.016041, 0.067543, 6.141037
49.018385, 0.070092, 6.372763
49.020832, 0.070092, 6.372763
49.024154, 0.070092, 6.372763
49.026787, 0.070092, 6.372763
49.029302, 0.070092, 6.372763
49.031860, 0.070092, 6.372763
49.034515, 0.070092, 6.372763
49.037879, 0.070092, 6.372763
49.041068, 0.070092, 6.372763
49.043355, 0.070092, 6.372763
49.045919, 0.070092, 6.372763
49.050095, 0.070092, 6.372763
49.053917, 0.070092, 6.372763
49.057606, 0.070092, 6.372763
49.060389, 0.067543, 6.141037
49.062661, 0.070092, 6.372763
49.065165, 0.070092, 6.372763
49.068891, 0.070092, 6.372763
49.071332, 0.070092, 6.372763
49.075721, 0.070092, 6.372763
49.079716, 0.070092, 6.372763
49.082565, 0.070092, 6.372763
49.084832, 0.070092, 6.372763
49.087308, 0.070092, 6.372763
49.091222, 0.070092, 6.372763
49.097881, 0.070092, 6.372763
49.102183, 0.070092, 6.372763
49.106929, 0.070092, 6.372763
49.110370, 0.070092, 6.372763
49.112921, 0.070092, 6.372763
49.115168, 0.067543, 6.141037
49.117661, 0.070092, 6.372763
49.120261, 0.070092, 6.372763
49.123947, 0.070092, 6.372763
49.128475, 0.070092, 6.372763
49.132515, 0.070092, 6.372763
49.135934, 0.070092, 6.372763
49.139298, 0.070092, 6.372763
49.142415, 0.070092, 6.372763
49.144674, 0.070092, 6.372763
49.146765, 0.070092, 6.372763
49.149353, 0.070092, 6.372763
49.152742, 0.070092, 6.372763
49.155686, 0.067543, 6.141037
49.158679, 0.070092, 6.372763
49.161581, 0.067543, 6.141037
49.164356, 0.070092, 6.372763
49.167055, 0.070092, 6.372763
49.170637, 0.067543, 6.141037
49.173721, 0.070092, 6.372763
49.176631, 0.070092, 6.372763
49.180598, 0.070092, 6.372763
49.183244, 0.070092, 6.372763
49.185595, 0.070092, 6.372763
49.187972, 0.070092, 6.372763
49.191123, 0.070092, 6.372763
49.193705, 0.070092, 6.372763
49.196806, 0.070092, 6.372763
49.199423, 0.070092, 6.372763
49.201996, 0.070092, 6.372763
49.204552, 0.070092, 6.372763
49.207194, 0.070092, 6.372763
49.210775, 0.067543, 6.141037
49.213446, 0.070092, 6.372763
49.215748, 0.067543, 6.141037
49.218167, 0.070092, 6.372763
49.220743, 0.070092, 6.372763
49.223390, 0.070092, 6.372763
49.226073, 0.070092, 6.372763
49.228800, 0.070092, 6.372763
49.232227, 0.070092, 6.372763
49.234387, 0.070092, 6.372763
49.236674, 0.070092, 6.372763
49.239479, 0.070092, 6.372763
49.242676, 0.070092, 6.372763
49.245005, 0.070092, 6.372763
49.247314, 0.070092, 6.372763
49.249867, 0.070092, 6.372763
49.252377, 0.070092, 6.372763
49.254928, 0.070092, 6.372763
49.257572, 0.070092, 6.372763
49.261974, 0.070092, 6.372763
49.264470, 0.070092, 6.372763
49.266655, 0.070092, 6.372763
49.269093, 0.070092, 6.372763
49.273441, 0.067543, 6.141037
49.275892, 0.070092, 6.372763
49.278164, 0.070092, 6.372763
49.281418, 0.070092, 6.372763
49.283832, 0.070092, 6.372763
49.286173, 0.070092, 6.372763
49.288577, 0.070092, 6.372763
49.291784, 0.070092, 6.372763
49.293997, 0.070092, 6.372763
49.296347, 0.070092, 6.372763
49.298765, 0.070092, 6.372763
49.301716, 0.070092, 6.372763
49.303993, 0.070092, 6.372763
49.307074, 0.070092, 6.372763
49.310579, 0.070092, 6.372763
49.313067, 0.070092, 6.372763
49.315249, 0.070092, 6.372763
49.317414, 0.070092, 6.372763
49.319767, 0.070092, 6.372763
49.322475, 0.070092, 6.372763
49.325693, 0.067543, 6.141037
49.327909, 0.070092, 6.372763
49.331646, 0.070092, 6.372763
49.335574, 0.070092, 6.372763
49.339326, 0.070092, 6.372763
49.342445, 0.070092, 6.372763
49.345008, 0.070092, 6.372763
49.347117, 0.070092, 6.372763
49.349248, 0.070092, 6.372763
49.353251, 0.067543, 6.141037
49.356556, 0.070092, 6.372763
49.359261, 0.067543, 6.141037
49.361549, 0.070092, 6.372763
49.363762, 0.070092, 6.372763
49.366109, 0.070092, 6.372763
49.368544, 0.070092, 6.372763
49.371981, 0.070092, 6.372763
49.375179, 0.070092, 6.372763
49.377237, 0.067543, 6.141037
49.379952, 0.070092, 6.372763
49.382687, 0.070092, 6.372763
49.385870, 0.070092, 6.372763
49.391843, 0.070092, 6.372763
49.398300, 0.070092, 6.372763
49.404464, 0.070092, 6.372763
49.409889, 0.070092, 6.372763
49.415501, 0.070092, 6.372763
49.420475, 0.070092, 6.372763
49.425030, 0.067543, 6.141037
49.428883, 0.067543, 6.141037
49.432398, 0.070092, 6.372763
49.435734, 0.070092, 6.372763
49.439346, 0.070092, 6.372763
49.442991, 0.070092, 6.372763
49.446396, 0.070092, 6.372763
49.449739, 0.070092, 6.372763
49.452953, 0.070092, 6.372763
49.456020, 0.070092, 6.372763
49.459101, 0.070092, 6.372763
49.462327, 0.070092, 6.372763
49.465697, 0.070092, 6.372763
49.469087, 0.070092, 6.372763
49.472302, 0.070092, 6.372763
49.475597, 0.067543, 6.141037
49.479011, 0.070092, 6.372763
49.482423, 0.070092, 6.372763
49.485856, 0.070092, 6.372763
49.489503, 0.070092, 6.372763
49.495085, 0.070092, 6.372763
49.498503, 0.070092, 6.372763
49.502300, 0.070092, 6.372763
49.504817, 0.067543, 6.141037
49.507825, 0.070092, 6.372763
49.510391, 0.072641, 6.604489
49.513840, 0.067543, 6.141037
49.517073, 0.070092, 6.372763
49.520203, 0.070092, 6.372763
49.523532, 0.070092, 6.372763
49.526905, 0.070092, 6.372763
49.530256, 0.070092, 6.372763
49.533628, 0.070092, 6.372763
49.536848, 0.070092, 6.372763
49.540170, 0.070092, 6.372763
49.544034, 0.070092, 6.372763
49.547112, 0.070092, 6.372763
49.550098, 0.070092, 6.372763
49.553135, 0.070092, 6.372763
49.556133, 0.070092, 6.372763
49.559154, 0.070092, 6.372763
49.562352, 0.070092, 6.372763
49.565374, 0.070092, 6.372763
49.568299, 0.070092, 6.372763
49.571408, 0.070092, 6.372763
49.574411, 0.070092, 6.372763
49.577354, 0.070092, 6.372763
49.580238, 0.067543, 6.141037
49.583186, 0.070092, 6.372763
49.586022, 0.070092, 6.372763
49.588881, 0.070092, 6.372763
49.591930, 0.070092, 6.372763
49.594845, 0.070092, 6.372763
49.597747, 0.070092, 6.372763
49.600737, 0.070092, 6.372763
49.603931, 0.070092, 6.372763
49.606999, 0.070092, 6.372763
49.610131, 0.070092, 6.372763
49.613295, 0.067543, 6.141037
49.616317, 0.070092, 6.372763
49.619301, 0.070092, 6.372763
49.622368, 0.067543, 6.141037
49.625507, 0.070092, 6.372763
49.628496, 0.070092, 6.372763
49.631845, 0.070092, 6.372763
49.634803, 0.070092, 6.372763
49.638082, 0.070092, 6.372763
49.642287, 0.070092, 6.372763
49.644924, 0.070092, 6.372763
49.647594, 0.070092, 6.372763
49.650465, 0.070092, 6.372763
49.653311, 0.070092, 6.372763
49.656683, 0.067543, 6.141037
49.660579, 0.070092, 6.372763
49.663621, 0.070092, 6.372763
49.666589, 0.070092, 6.372763
49.669566, 0.070092, 6.372763
49.672646, 0.070092, 6.372763
49.675680, 0.070092, 6.372763
49.678701, 0.070092, 6.372763
49.681601, 0.070092, 6.372763
49.684525, 0.070092, 6.372763
49.687417, 0.072641, 6.604489
49.690510, 0.070092, 6.372763
49.694918, 0.070092, 6.372763
49.701455, 0.070092, 6.372763
49.706034, 0.070092, 6.372763
49.709474, 0.070092, 6.372763
49.712355, 0.072641, 6.604489
49.714771, 0.070092, 6.372763
49.717229, 0.070092, 6.372763
49.719915, 0.070092, 6.372763
49.722870, 0.070092, 6.372763
49.726121, 0.067543, 6.141037
49.728938, 0.070092, 6.372763
49.731784, 0.070092, 6.372763
49.734700, 0.070092, 6.372763
49.737593, 0.070092, 6.372763
49.740915, 0.070092, 6.372763
49.743485, 0.070092, 6.372763
49.745998, 0.070092, 6.372763
49.748538, 0.067543, 6.141037
49.751987, 0.070092, 6.372763
49.754182, 0.070092, 6.372763
49.756679, 0.070092, 6.372763
49.760462, 0.070092, 6.372763
49.764318, 0.070092, 6.372763
49.767707, 0.070092, 6.372763
49.771021, 0.070092, 6.372763
49.773880, 0.070092, 6.372763
49.776355, 0.070092, 6.372763
49.778635, 0.067543, 6.141037
49.781008, 0.070092, 6.372763
49.783441, 0.070092, 6.372763
49.785892, 0.070092, 6.372763
49.788451, 0.070092, 6.372763
49.791526, 0.070092, 6.372763
49.793874, 0.067543, 6.141037
49.796362, 0.070092, 6.372763
49.798920, 0.070092, 6.372763
49.802681, 0.070092, 6.372763
49.804941, 0.070092, 6.372763
49.807286, 0.070092, 6.372763
49.809872, 0.070092, 6.372763
49.813128, 0.070092, 6.372763
49.815816, 0.070092, 6.372763
49.818560, 0.070092, 6.372763
49.821906, 0.070092, 6.372763
49.824276, 0.070092, 6.372763
49.826749, 0.070092, 6.372763
49.829470, 0.070092, 6.372763
49.832531, 0.070092, 6.372763
49.835412, 0.070092, 6.372763
49.838387, 0.070092, 6.372763
49.841430, 0.070092, 6.372763
49.844304, 0.070092, 6.372763
49.847163, 0.070092, 6.372763
49.850024, 0.070092, 6.372763
49.852545, 0.070092, 6.372763
49.855627, 0.067543, 6.141037
49.858778, 0.070092, 6.372763
49.861964, 0.070092, 6.372763
49.865212, 0.070092, 6.372763
49.868467, 0.070092, 6.372763
49.872039, 0.067543, 6.141037
49.876187, 0.070092, 6.372763
49.880016, 0.070092, 6.372763
49.887284, 0.070092, 6.372763
49.893083, 0.070092, 6.372763
49.896919, 0.070092, 6.372763
49.900580, 0.070092, 6.372763
49.904163, 0.070092, 6.372763
49.907624, 0.070092, 6.372763
49.910984, 0.067543, 6.141037
49.914167, 0.070092, 6.372763
49.917324, 0.070092, 6.372763
49.920373, 0.067543, 6.141037
49.923576, 0.070092, 6.372763
49.926650, 0.070092, 6.372763
49.929716, 0.070092, 6.372763
49.932966, 0.070092, 6.372763
49.936132, 0.070092, 6.372763
49.939356, 0.070092, 6.372763
49.942721, 0.070092, 6.372763
49.945888, 0.070092, 6.372763
49.949171, 0.067543, 6.141037
49.952513, 0.070092, 6.372763
49.955820, 0.070092, 6.372763
49.958964, 0.070092, 6.372763
49.962196, 0.070092, 6.372763
49.965206, 0.067543, 6.141037
49.968184, 0.070092, 6.372763
49.971111, 0.067543, 6.141037
49.974197, 0.067543, 6.141037
49.977096, 0.070092, 6.372763
49.979988, 0.070092, 6.372763
49.982953, 0.070092, 6.372763
49.985944, 0.070092, 6.372763
49.989116, 0.070092, 6.372763
49.992511, 0.070092, 6.372763
49.995969, 0.070092, 6.372763
49.999284, 0.070092, 6.372763
50.003542, 0.067543, 6.141037
50.006353, 0.070092, 6.372763
50.008839, 0.070092, 6.372763
50.011655, 0.070092, 6.372763
50.014622, 0.070092, 6.372763
50.017682, 0.070092, 6.372763
50.020892, 0.070092, 6.372763
50.024029, 0.070092, 6.372763
50.027255, 0.070092, 6.372763
50.030346, 0.070092, 6.372763
50.033463, 0.070092, 6.372763
50.036531, 0.070092, 6.372763
50.039548, 0.070092, 6.372763
50.042707, 0.070092, 6.372763
50.045765, 0.070092, 6.372763
50.048775, 0.070092, 6.372763
50.051889, 0.070092, 6.372763
50.054862, 0.070092, 6.372763
50.058002, 0.070092, 6.372763
50.061084, 0.070092, 6.372763
50.064252, 0.070092, 6.372763
50.067406, 0.070092, 6.372763
50.070465, 0.070092, 6.372763
50.073146, 0.070092, 6.372763
50.076074, 0.070092, 6.372763
50.078812, 0.070092, 6.372763
50.081711, 0.070092, 6.372763
50.084494, 0.070092, 6.372763
50.087365, 0.070092, 6.372763
50.090238, 0.070092, 6.372763
50.093317, 0.070092, 6.372763
50.096352, 0.070092, 6.372763
50.099366, 0.070092, 6.372763
50.102459, 0.070092, 6.372763
50.105483, 0.070092, 6.372763
50.108506, 0.070092, 6.372763
50.111605, 0.070092, 6.372763
50.114866, 0.070092, 6.372763
50.117931, 0.070092, 6.372763
50.120947, 0.070092, 6.372763
50.124136, 0.067543, 6.141037
50.127333, 0.070092, 6.372763
50.131048, 0.070092, 6.372763
50.133555, 0.070092, 6.372763
50.136827, 0.070092, 6.372763
50.140025, 0.070092, 6.372763
50.143230, 0.070092, 6.372763
50.146400, 0.070092, 6.372763
50.149577, 0.070092, 6.372763
50.152766, 0.070092, 6.372763
50.155886, 0.070092, 6.372763
50.159021, 0.070092, 6.372763
50.162501, 0.070092, 6.372763
50.167257, 0.070092, 6.372763
50.170359, 0.070092, 6.372763
50.174181, 0.070092, 6.372763
50.178266, 0.070092, 6.372763
50.182267, 0.070092, 6.372763
50.185958, 0.070092, 6.372763
50.189712, 0.070092, 6.372763
50.193377, 0.070092, 6.372763
50.197961, 0.070092, 6.372763
50.203701, 0.070092, 6.372763
50.208950, 0.067543, 6.141037
50.212915, 0.067543, 6.141037
50.216827, 0.070092, 6.372763
50.220367, 0.070092, 6.372763
50.223798, 0.070092, 6.372763
50.227229, 0.070092, 6.372763
50.230491, 0.070092, 6.372763
50.233673, 0.070092, 6.372763
50.236866, 0.070092, 6.372763
50.239992, 0.070092, 6.372763
50.243131, 0.070092, 6.372763
50.246314, 0.070092, 6.372763
50.249456, 0.070092, 6.372763
50.252687, 0.070092, 6.372763
50.256131, 0.070092, 6.372763
50.259538, 0.070092, 6.372763
50.262847, 0.070092, 6.372763
50.266214, 0.070092, 6.372763
50.269464, 0.070092, 6.372763
50.272707, 0.070092, 6.372763
50.276007, 0.067543, 6.141037
50.279365, 0.070092, 6.372763
50.282541, 0.070092, 6.372763
50.285755, 0.070092, 6.372763
50.288899, 0.070092, 6.372763
50.291933, 0.070092, 6.372763
50.295054, 0.070092, 6.372763
50.298811, 0.070092, 6.372763
50.302167, 0.070092, 6.372763
50.305310, 0.070092, 6.372763
50.309143, 0.070092, 6.372763
50.313581, 0.070092, 6.372763
50.317857, 0.070092, 6.372763
50.321427, 0.070092, 6.372763
50.325611, 0.070092, 6.372763
50.329791, 0.070092, 6.372763
50.333336, 0.072641, 6.604489
50.336613, 0.070092, 6.372763
50.339623, 0.070092, 6.372763
50.342653, 0.070092, 6.372763
50.347804, 0.070092, 6.372763
50.352998, 0.070092, 6.372763
50.357248, 0.070092, 6.372763
50.361487, 0.070092, 6.372763
50.365430, 0.070092, 6.372763
50.369708, 0.070092, 6.372763
50.374288, 0.070092, 6.372763
50.379300, 0.070092, 6.372763
50.383759, 0.067543, 6.141037
50.387732, 0.070092, 6.372763
50.392877, 0.070092, 6.372763
50.395951, 0.070092, 6.372763
50.400331, 0.070092, 6.372763
50.405207, 0.067543, 6.141037
50.409654, 0.070092, 6.372763
50.413513, 0.070092, 6.372763
50.417142, 0.070092, 6.372763
50.420762, 0.070092, 6.372763
50.424225, 0.070092, 6.372763
50.427649, 0.070092, 6.372763
50.431110, 0.070092, 6.372763
50.434353, 0.070092, 6.372763
50.437471, 0.070092, 6.372763
50.440791, 0.070092, 6.372763
50.443944, 0.070092, 6.372763
50.446935, 0.070092, 6.372763
50.449961, 0.070092, 6.372763
50.452874, 0.070092, 6.372763
50.455748, 0.070092, 6.372763
50.458554, 0.070092, 6.372763
50.461417, 0.070092, 6.372763
50.464219, 0.070092, 6.372763
50.466985, 0.070092, 6.372763
50.469893, 0.070092, 6.372763
50.472712, 0.070092, 6.372763
50.474852, 0.070092, 6.372763
50.476971, 0.070092, 6.372763
50.479378, 0.070092, 6.372763
50.482943, 0.067543, 6.141037
50.486867, 0.070092, 6.372763
50.490192, 0.070092, 6.372763
50.493320, 0.070092, 6.372763
50.496384, 0.070092, 6.372763
50.499434, 0.070092, 6.372763
50.502907, 0.070092, 6.372763
50.505319, 0.070092, 6.372763
50.507751, 0.070092, 6.372763
50.510447, 0.070092, 6.372763
50.513146, 0.070092, 6.372763
50.515902, 0.070092, 6.372763
50.518721, 0.070092, 6.372763
50.521613, 0.070092, 6.372763
50.524527, 0.070092, 6.372763
50.527402, 0.070092, 6.372763
50.530290, 0.070092, 6.372763
50.533184, 0.070092, 6.372763
50.536097, 0.070092, 6.372763
50.539031, 0.070092, 6.372763
50.542533, 0.070092, 6.372763
50.545403, 0.070092, 6.372763
50.548207, 0.070092, 6.372763
50.551035, 0.067543, 6.141037
50.554048, 0.070092, 6.372763
50.557078, 0.070092, 6.372763
50.559580, 0.070092, 6.372763
50.562466, 0.070092, 6.372763
50.565176, 0.070092, 6.372763
50.567861, 0.070092, 6.372763
50.570579, 0.070092, 6.372763
50.573412, 0.067543, 6.141037
50.576156, 0.070092, 6.372763
50.578985, 0.070092, 6.372763
50.581953, 0.070092, 6.372763
50.584877, 0.070092, 6.372763
50.587803, 0.070092, 6.372763
50.590866, 0.070092, 6.372763
50.594085, 0.070092, 6.372763
50.597119, 0.070092, 6.372763
50.600075, 0.070092, 6.372763
50.603236, 0.067543, 6.141037
50.606273, 0.067543, 6.141037
50.609205, 0.070092, 6.372763
50.612225, 0.070092, 6.372763
50.615145, 0.070092, 6.372763
50.617991, 0.070092, 6.372763
50.620872, 0.070092, 6.372763
50.624415, 0.070092, 6.372763
50.627603, 0.070092, 6.372763
50.630682, 0.070092, 6.372763
50.633779, 0.070092, 6.372763
50.636751, 0.070092, 6.372763
50.639817, 0.070092, 6.372763
50.642892, 0.070092, 6.372763
50.645783, 0.070092, 6.372763
50.648711, 0.070092, 6.372763
50.651665, 0.070092, 6.372763
50.654833, 0.070092, 6.372763
50.657761, 0.070092, 6.372763
50.660627, 0.070092, 6.372763
50.663744, 0.070092, 6.372763
50.666573, 0.070092, 6.372763
50.669341, 0.070092, 6.372763
50.672091, 0.070092, 6.372763
50.675406, 0.070092, 6.372763
50.677800, 0.070092, 6.372763
50.680312, 0.070092, 6.372763
50.682968, 0.067543, 6.141037
50.685691, 0.070092, 6.372763
50.688525, 0.070092, 6.372763
50.691383, 0.070092, 6.372763
50.695624, 0.070092, 6.372763
50.698693, 0.070092, 6.372763
50.701555, 0.070092, 6.372763
50.704384, 0.070092, 6.372763
50.708018, 0.070092, 6.372763
50.710588, 0.070092, 6.372763
50.713015, 0.070092, 6.372763
50.715716, 0.070092, 6.372763
50.718523, 0.070092, 6.372763
50.721426, 0.070092, 6.372763
50.725035, 0.070092, 6.372763
50.727507, 0.070092, 6.372763
50.730018, 0.070092, 6.372763
50.732643, 0.070092, 6.372763
50.735374, 0.070092, 6.372763
50.738201, 0.070092, 6.372763
50.740849, 0.070092, 6.372763
50.743124, 0.070092, 6.372763
50.745426, 0.070092, 6.372763
50.747960, 0.070092, 6.372763
50.750738, 0.070092, 6.372763
50.753597, 0.070092, 6.372763
50.756614, 0.070092, 6.372763
50.760069, 0.070092, 6.372763
50.763031, 0.070092, 6.372763
50.765501, 0.070092, 6.372763
50.768057, 0.070092, 6.372763
50.770928, 0.070092, 6.372763
50.773879, 0.070092, 6.372763
50.777397, 0.070092, 6.372763
50.780106, 0.070092, 6.372763
50.782148, 0.070092, 6.372763
50.786146, 0.070092, 6.372763
50.790149, 0.070092, 6.372763
50.793739, 0.070092, 6.372763
50.797077, 0.070092, 6.372763
50.800338, 0.070092, 6.372763
50.803520, 0.070092, 6.372763
50.806778, 0.070092, 6.372763
50.810158, 0.070092, 6.372763
50.813536, 0.070092, 6.372763
50.816809, 0.070092, 6.372763
50.820083, 0.070092, 6.372763
50.823218, 0.070092, 6.372763
50.826344, 0.070092, 6.372763
50.829561, 0.070092, 6.372763
50.832686, 0.070092, 6.372763
50.835773, 0.070092, 6.372763
50.838873, 0.070092, 6.372763
50.841941, 0.070092, 6.372763
50.845069, 0.070092, 6.372763
50.848169, 0.070092, 6.372763
50.851415, 0.070092, 6.372763
50.854629, 0.070092, 6.372763
50.857848, 0.070092, 6.372763
50.861228, 0.070092, 6.372763
50.864579, 0.070092, 6.372763
50.867871, 0.072641, 6.604489
50.871411, 0.070092, 6.372763
50.875010, 0.070092, 6.372763
50.878484, 0.070092, 6.372763
50.881967, 0.070092, 6.372763
50.885385, 0.070092, 6.372763
50.888887, 0.070092, 6.372763
50.892695, 0.070092, 6.372763
50.896086, 0.070092, 6.372763
50.899394, 0.070092, 6.372763
50.903034, 0.070092, 6.372763
50.906706, 0.070092, 6.372763
50.910299, 0.070092, 6.372763
50.913840, 0.070092, 6.372763
50.917390, 0.070092, 6.372763
50.921028, 0.070092, 6.372763
50.924702, 0.070092, 6.372763
50.928728, 0.070092, 6.372763
50.933244, 0.070092, 6.372763
50.937024, 0.070092, 6.372763
50.940078, 0.070092, 6.372763
50.943705, 0.070092, 6.372763
50.948587, 0.070092, 6.372763
50.953433, 0.070092, 6.372763
50.957690, 0.072641, 6.604489
50.961790, 0.070092, 6.372763
50.965604, 0.070092, 6.372763
50.969148, 0.070092, 6.372763
50.972772, 0.070092, 6.372763
50.976186, 0.072641, 6.604489
50.979719, 0.070092, 6.372763
50.983113, 0.070092, 6.372763
50.986500, 0.072641, 6.604489
50.989905, 0.070092, 6.372763
50.992573, 0.070092, 6.372763
50.995973, 0.070092, 6.372763
50.999484, 0.070092, 6.372763
51.003191, 0.070092, 6.372763
51.006679, 0.070092, 6.372763
51.010252, 0.070092, 6.372763
51.014112, 0.072641, 6.604489
51.017615, 0.070092, 6.372763
51.021089, 0.070092, 6.372763
51.024541, 0.070092, 6.372763
51.027840, 0.070092, 6.372763
51.031144, 0.070092, 6.372763
51.034351, 0.070092, 6.372763
51.037521, 0.070092, 6.372763
51.040923, 0.070092, 6.372763
51.044176, 0.070092, 6.372763
51.047214, 0.070092, 6.372763
51.050333, 0.070092, 6.372763
51.053314, 0.070092, 6.372763
51.056340, 0.072641, 6.604489
51.059407, 0.070092, 6.372763
51.062683, 0.070092, 6.372763
51.065846, 0.070092, 6.372763
51.068961, 0.070092, 6.372763
51.072268, 0.070092, 6.372763
51.075374, 0.070092, 6.372763
51.078425, 0.070092, 6.372763
51.081679, 0.070092, 6.372763
51.084718, 0.070092, 6.372763
51.087650, 0.070092, 6.372763
51.090680, 0.070092, 6.372763
51.093729, 0.070092, 6.372763
51.096681, 0.070092, 6.372763
51.099583, 0.070092, 6.372763
51.102634, 0.070092, 6.372763
51.105583, 0.072641, 6.604489
51.108617, 0.070092, 6.372763
51.111641, 0.070092, 6.372763
51.115032, 0.070092, 6.372763
51.117841, 0.070092, 6.372763
51.120665, 0.070092, 6.372763
51.124098, 0.070092, 6.372763
51.127403, 0.070092, 6.372763
51.130718, 0.070092, 6.372763
51.134039, 0.070092, 6.372763
51.137599, 0.070092, 6.372763
51.140987, 0.070092, 6.372763
51.144304, 0.070092, 6.372763
51.147510, 0.070092, 6.372763
51.150732, 0.070092, 6.372763
51.153958, 0.070092, 6.372763
51.157186, 0.070092, 6.372763
51.160501, 0.070092, 6.372763
51.163814, 0.070092, 6.372763
51.167064, 0.070092, 6.372763
51.170304, 0.070092, 6.372763
51.173694, 0.067543, 6.141037
51.177253, 0.070092, 6.372763
51.180644, 0.067543, 6.141037
51.184072, 0.070092, 6.372763
51.187455, 0.070092, 6.372763
51.190737, 0.072641, 6.604489
51.194147, 0.070092, 6.372763
51.197388, 0.070092, 6.372763
51.200579, 0.070092, 6.372763
51.203743, 0.070092, 6.372763
51.207285, 0.072641, 6.604489
51.210380, 0.070092, 6.372763
51.213377, 0.070092, 6.372763
51.216432, 0.070092, 6.372763
51.219413, 0.070092, 6.372763
51.222426, 0.070092, 6.372763
51.228157, 0.070092, 6.372763
51.232038, 0.070092, 6.372763
51.235685, 0.070092, 6.372763
51.239005, 0.070092, 6.372763
51.242752, 0.070092, 6.372763
51.246097, 0.070092, 6.372763
51.249405, 0.070092, 6.372763
51.252580, 0.070092, 6.372763
51.256039, 0.070092, 6.372763
51.259259, 0.070092, 6.372763
51.262332, 0.072641, 6.604489
51.265362, 0.070092, 6.372763
51.268362, 0.070092, 6.372763
51.271357, 0.070092, 6.372763
51.274749, 0.070092, 6.372763
51.277655, 0.070092, 6.372763
51.280568, 0.070092, 6.372763
51.283973, 0.070092, 6.372763
51.288300, 0.072641, 6.604489
51.291243, 0.070092, 6.372763
51.294779, 0.070092, 6.372763
51.298051, 0.070092, 6.372763
51.301274, 0.070092, 6.372763
51.304381, 0.070092, 6.372763
51.307192, 0.070092, 6.372763
51.310009, 0.070092, 6.372763
51.313485, 0.070092, 6.372763
51.316365, 0.070092, 6.372763
51.319296, 0.072641, 6.604489
51.322199, 0.070092, 6.372763
51.325092, 0.070092, 6.372763
51.327933, 0.070092, 6.372763
51.330771, 0.072641, 6.604489
51.334602, 0.070092, 6.372763
51.337092, 0.070092, 6.372763
51.339722, 0.070092, 6.372763
51.343567, 0.072641, 6.604489
51.346518, 0.070092, 6.372763
51.349029, 0.070092, 6.372763
51.351458, 0.070092, 6.372763
51.354003, 0.072641, 6.604489
51.356696, 0.070092, 6.372763
51.359467, 0.070092, 6.372763
51.362314, 0.070092, 6.372763
51.366084, 0.072641, 6.604489
51.368617, 0.070092, 6.372763
51.371163, 0.070092, 6.372763
51.374090, 0.070092, 6.372763
51.376967, 0.070092, 6.372763
51.379895, 0.070092, 6.372763
51.383513, 0.070092, 6.372763
51.385969, 0.072641, 6.604489
51.388381, 0.070092, 6.372763
51.391022, 0.070092, 6.372763
51.393862, 0.070092, 6.372763
51.396699, 0.070092, 6.372763
51.399536, 0.070092, 6.372763
51.402621, 0.070092, 6.372763
51.405567, 0.070092, 6.372763
51.408516, 0.070092, 6.372763
51.411399, 0.072641, 6.604489
51.414411, 0.070092, 6.372763
51.417200, 0.070092, 6.372763
51.419983, 0.072641, 6.604489
51.422877, 0.072641, 6.604489
51.425706, 0.070092, 6.372763
51.428938, 0.070092, 6.372763
51.431637, 0.070092, 6.372763
51.434475, 0.070092, 6.372763
51.437104, 0.072641, 6.604489
51.439758, 0.070092, 6.372763
51.442485, 0.070092, 6.372763
51.445157, 0.070092, 6.372763
51.447851, 0.072641, 6.604489
51.450530, 0.070092, 6.372763
51.453265, 0.070092, 6.372763
51.455959, 0.072641, 6.604489
51.459547, 0.070092, 6.372763
51.462066, 0.070092, 6.372763
51.464581, 0.072641, 6.604489
51.467197, 0.070092, 6.372763
51.469914, 0.070092, 6.372763
51.483170, 0.072641, 6.604489
51.485309, 0.070092, 6.372763
51.487366, 0.070092, 6.372763
51.489861, 0.070092, 6.372763
51.492514, 0.072641, 6.604489
51.495150, 0.070092, 6.372763
51.497769, 0.072641, 6.604489
51.500354, 0.070092, 6.372763
51.503843, 0.070092, 6.372763
51.507532, 0.070092, 6.372763
51.509890, 0.072641, 6.604489
51.512328, 0.070092, 6.372763
51.515026, 0.072641, 6.604489
51.519038, 0.072641, 6.604489
51.522683, 0.072641, 6.604489
51.526046, 0.070092, 6.372763
51.528731, 0.070092, 6.372763
51.531507, 0.070092, 6.372763
51.534742, 0.070092, 6.372763
51.538158, 0.070092, 6.372763
51.541813, 0.072641, 6.604489
51.545154, 0.070092, 6.372763
51.548392, 0.070092, 6.372763
51.551999, 0.070092, 6.372763
51.555327, 0.070092, 6.372763
51.558609, 0.070092, 6.372763
51.561927, 0.070092, 6.372763
51.565190, 0.072641, 6.604489
51.568339, 0.070092, 6.372763
51.571349, 0.070092, 6.372763
51.574538, 0.072641, 6.604489
51.577532, 0.072641, 6.604489
51.580713, 0.070092, 6.372763
51.583808, 0.072641, 6.604489
51.586932, 0.070092, 6.372763
51.590102, 0.072641, 6.604489
51.593382, 0.070092, 6.372763
51.596442, 0.072641, 6.604489
51.599474, 0.070092, 6.372763
51.602394, 0.070092, 6.372763
51.605318, 0.070092, 6.372763
51.608286, 0.070092, 6.372763
51.611424, 0.072641, 6.604489
51.614707, 0.070092, 6.372763
51.617820, 0.072641, 6.604489
51.620817, 0.072641, 6.604489
51.623882, 0.070092, 6.372763
51.626899, 0.072641, 6.604489
51.629810, 0.070092, 6.372763
51.632776, 0.070092, 6.372763
51.635664, 0.070092, 6.372763
51.638591, 0.072641, 6.604489
51.641438, 0.072641, 6.604489
51.644364, 0.072641, 6.604489
51.647156, 0.070092, 6.372763
51.649935, 0.072641, 6.604489
51.652742, 0.072641, 6.604489
51.655464, 0.070092, 6.372763
51.658225, 0.072641, 6.604489
51.660922, 0.070092, 6.372763
51.663810, 0.072641, 6.604489
51.666562, 0.072641, 6.604489
51.669329, 0.070092, 6.372763
51.672110, 0.070092, 6.372763
51.676276, 0.070092, 6.372763
51.679132, 0.072641, 6.604489
51.681641, 0.070092, 6.372763
51.684228, 0.072641, 6.604489
51.686817, 0.072641, 6.604489
51.689425, 0.070092, 6.372763
51.691992, 0.070092, 6.372763
51.694675, 0.072641, 6.604489
51.697219, 0.072641, 6.604489
51.699804, 0.070092, 6.372763
51.702504, 0.070092, 6.372763
51.705316, 0.070092, 6.372763
51.708046, 0.070092, 6.372763
51.710702, 0.070092, 6.372763
51.713701, 0.072641, 6.604489
51.716450, 0.070092, 6.372763
51.719116, 0.072641, 6.604489
51.721746, 0.070092, 6.372763
51.725300, 0.072641, 6.604489
51.728067, 0.070092, 6.372763
51.731321, 0.072641, 6.604489
51.734043, 0.070092, 6.372763
51.736763, 0.072641, 6.604489
51.739534, 0.072641, 6.604489
51.742433, 0.070092, 6.372763
51.745292, 0.070092, 6.372763
51.748156, 0.070092, 6.372763
51.751123, 0.072641, 6.604489
51.754855, 0.070092, 6.372763
51.758551, 0.070092, 6.372763
51.761846, 0.072641, 6.604489
51.764898, 0.070092, 6.372763
51.768055, 0.070092, 6.372763
51.771277, 0.070092, 6.372763
51.774706, 0.070092, 6.372763
51.778036, 0.072641, 6.604489
51.781339, 0.070092, 6.372763
51.784683, 0.072641, 6.604489
51.788043, 0.072641, 6.604489
51.791441, 0.072641, 6.604489
51.794801, 0.070092, 6.372763
51.798278, 0.070092, 6.372763
51.801955, 0.072641, 6.604489
51.805672, 0.070092, 6.372763
51.809629, 0.072641, 6.604489
51.813632, 0.072641, 6.604489
51.817402, 0.070092, 6.372763
51.820607, 0.070092, 6.372763
51.823743, 0.072641, 6.604489
51.833590, 0.072641, 6.604489
51.841849, 0.070092, 6.372763
51.845728, 0.070092, 6.372763
51.848666, 0.070092, 6.372763
51.851403, 0.072641, 6.604489
51.855724, 0.070092, 6.372763
51.859772, 0.070092, 6.372763
51.862706, 0.072641, 6.604489
51.865161, 0.072641, 6.604489
51.867853, 0.070092, 6.372763
51.871046, 0.072641, 6.604489
51.875070, 0.070092, 6.372763
51.878658, 0.070092, 6.372763
51.882426, 0.070092, 6.372763
51.885943, 0.072641, 6.604489
51.890271, 0.072641, 6.604489
51.896046, 0.072641, 6.604489
51.900686, 0.070092, 6.372763
51.904972, 0.072641, 6.604489
51.909824, 0.072641, 6.604489
51.914133, 0.070092, 6.372763
51.918305, 0.072641, 6.604489
51.922884, 0.072641, 6.604489
51.927413, 0.070092, 6.372763
51.931641, 0.070092, 6.372763
51.935882, 0.070092, 6.372763
51.940126, 0.072641, 6.604489
51.944303, 0.070092, 6.372763
51.948235, 0.072641, 6.604489
51.952491, 0.070092, 6.372763
51.960794, 0.070092, 6.372763
51.964694, 0.072641, 6.604489
51.968299, 0.072641, 6.604489
51.970820, 0.072641, 6.604489
51.976935, 0.070092, 6.372763
51.981164, 0.070092, 6.372763
51.985266, 0.072641, 6.604489
51.989126, 0.070092, 6.372763
51.993743, 0.072641, 6.604489
51.997690, 0.072641, 6.604489
52.001512, 0.070092, 6.372763
52.004989, 0.070092, 6.372763
52.008572, 0.072641, 6.604489
52.011987, 0.070092, 6.372763
52.015347, 0.072641, 6.604489
52.018628, 0.070092, 6.372763
52.022487, 0.072641, 6.604489
52.028403, 0.072641, 6.604489
52.035041, 0.070092, 6.372763
52.041004, 0.072641, 6.604489
52.046126, 0.070092, 6.372763
52.050459, 0.072641, 6.604489
52.054509, 0.072641, 6.604489
52.058248, 0.070092, 6.372763
52.061764, 0.072641, 6.604489
52.065233, 0.072641, 6.604489
52.068475, 0.072641, 6.604489
52.071631, 0.072641, 6.604489
52.077135, 0.072641, 6.604489
52.081448, 0.072641, 6.604489
52.087653, 0.070092, 6.372763
52.092785, 0.072641, 6.604489
52.097577, 0.072641, 6.604489
52.101908, 0.072641, 6.604489
52.105922, 0.072641, 6.604489
52.108948, 0.070092, 6.372763
52.113229, 0.072641, 6.604489
52.117686, 0.070092, 6.372763
52.122332, 0.070092, 6.372763
52.126520, 0.070092, 6.372763
52.130923, 0.070092, 6.372763
52.135810, 0.072641, 6.604489
52.141267, 0.070092, 6.372763
52.146710, 0.072641, 6.604489
52.149949, 0.072641, 6.604489
52.152690, 0.070092, 6.372763
52.155825, 0.072641, 6.604489
52.159069, 0.072641, 6.604489
52.164268, 0.072641, 6.604489
52.169156, 0.072641, 6.604489
52.173864, 0.072641, 6.604489
52.179142, 0.072641, 6.604489
52.182040, 0.072641, 6.604489
52.184451, 0.072641, 6.604489
52.186963, 0.072641, 6.604489
52.189638, 0.070092, 6.372763
52.192413, 0.070092, 6.372763
52.195422, 0.072641, 6.604489
52.198411, 0.072641, 6.604489
52.201429, 0.070092, 6.372763
52.204524, 0.070092, 6.372763
52.207865, 0.072641, 6.604489
52.211265, 0.072641, 6.604489
52.214751, 0.072641, 6.604489
52.218321, 0.070092, 6.372763
52.221897, 0.070092, 6.372763
52.225722, 0.070092, 6.372763
52.229103, 0.072641, 6.604489
52.233181, 0.070092, 6.372763
52.237101, 0.072641, 6.604489
52.240890, 0.070092, 6.372763
52.244467, 0.070092, 6.372763
52.248014, 0.070092, 6.372763
52.251414, 0.072641, 6.604489
52.254661, 0.072641, 6.604489
52.258218, 0.070092, 6.372763
52.261583, 0.070092, 6.372763
52.264867, 0.070092, 6.372763
52.268277, 0.072641, 6.604489
52.271576, 0.070092, 6.372763
52.274860, 0.070092, 6.372763
52.278528, 0.072641, 6.604489
52.282944, 0.072641, 6.604489
52.286045, 0.072641, 6.604489
52.288670, 0.070092, 6.372763
52.292057, 0.072641, 6.604489
52.295274, 0.070092, 6.372763
52.298562, 0.070092, 6.372763
52.301740, 0.070092, 6.372763
52.304863, 0.072641, 6.604489
52.308290, 0.072641, 6.604489
52.311669, 0.070092, 6.372763
52.315169, 0.070092, 6.372763
52.318713, 0.070092, 6.372763
52.322067, 0.072641, 6.604489
52.325378, 0.070092, 6.372763
52.328583, 0.072641, 6.604489
52.331723, 0.070092, 6.372763
52.334908, 0.070092, 6.372763
52.337982, 0.072641, 6.604489
52.341074, 0.072641, 6.604489
52.344365, 0.070092, 6.372763
52.347430, 0.070092, 6.372763
52.350291, 0.072641, 6.604489
52.353215, 0.070092, 6.372763
52.356105, 0.072641, 6.604489
52.359073, 0.072641, 6.604489
52.361953, 0.070092, 6.372763
52.364971, 0.072641, 6.604489
52.367858, 0.072641, 6.604489
52.370794, 0.070092, 6.372763
52.373751, 0.072641, 6.604489
52.376707, 0.070092, 6.372763
52.379570, 0.072641, 6.604489
52.382468, 0.072641, 6.604489
52.385281, 0.070092, 6.372763
52.388030, 0.072641, 6.604489
52.391850, 0.072641, 6.604489
52.394806, 0.070092, 6.372763
52.397528, 0.072641, 6.604489
52.400208, 0.070092, 6.372763
52.403092, 0.070092, 6.372763
52.406028, 0.070092, 6.372763
52.408922, 0.072641, 6.604489
52.411720, 0.070092, 6.372763
52.414672, 0.070092, 6.372763
52.417531, 0.070092, 6.372763
52.420425, 0.072641, 6.604489
52.424051, 0.072641, 6.604489
52.427209, 0.072641, 6.604489
52.429996, 0.072641, 6.604489
52.432792, 0.072641, 6.604489
52.435647, 0.070092, 6.372763
52.438380, 0.070092, 6.372763
52.441146, 0.072641, 6.604489
52.444676, 0.072641, 6.604489
52.447607, 0.072641, 6.604489
52.450480, 0.070092, 6.372763
52.453295, 0.072641, 6.604489
52.456150, 0.072641, 6.604489
52.459038, 0.070092, 6.372763
52.462343, 0.072641, 6.604489
52.465196, 0.070092, 6.372763
52.467923, 0.072641, 6.604489
52.470691, 0.072641, 6.604489
52.473494, 0.072641, 6.604489
52.476339, 0.072641, 6.604489
52.479164, 0.072641, 6.604489
52.481935, 0.072641, 6.604489
52.484909, 0.072641, 6.604489
52.487656, 0.072641, 6.604489
52.490451, 0.072641, 6.604489
52.493535, 0.072641, 6.604489
52.496271, 0.072641, 6.604489
52.499012, 0.070092, 6.372763
52.501728, 0.072641, 6.604489
52.504522, 0.070092, 6.372763
52.508187, 0.070092, 6.372763
52.510902, 0.072641, 6.604489
52.513566, 0.072641, 6.604489
52.516272, 0.070092, 6.372763
52.518883, 0.072641, 6.604489
52.521454, 0.072641, 6.604489
52.524223, 0.070092, 6.372763
52.526869, 0.072641, 6.604489
52.529434, 0.072641, 6.604489
52.532021, 0.070092, 6.372763
52.535611, 0.072641, 6.604489
52.538453, 0.072641, 6.604489
52.541555, 0.072641, 6.604489
52.544808, 0.072641, 6.604489
52.548229, 0.070092, 6.372763
52.551547, 0.072641, 6.604489
52.554977, 0.072641, 6.604489
52.558454, 0.072641, 6.604489
52.561999, 0.072641, 6.604489
52.566028, 0.072641, 6.604489
52.569631, 0.072641, 6.604489
52.572904, 0.070092, 6.372763
52.576397, 0.072641, 6.604489
52.579669, 0.072641, 6.604489
52.582869, 0.072641, 6.604489
52.586159, 0.072641, 6.604489
52.589254, 0.072641, 6.604489
52.592377, 0.072641, 6.604489
52.595529, 0.072641, 6.604489
52.598535, 0.072641, 6.604489
52.601707, 0.072641, 6.604489
52.604873, 0.072641, 6.604489
52.608008, 0.072641, 6.604489
52.610979, 0.072641, 6.604489
52.614046, 0.070092, 6.372763
52.617053, 0.072641, 6.604489
52.620233, 0.072641, 6.604489
52.623402, 0.072641, 6.604489
52.626729, 0.072641, 6.604489
52.629893, 0.072641, 6.604489
52.632939, 0.072641, 6.604489
52.636087, 0.072641, 6.604489
52.639100, 0.072641, 6.604489
52.642247, 0.070092, 6.372763
52.645305, 0.070092, 6.372763
52.648200, 0.072641, 6.604489
52.651068, 0.072641, 6.604489
52.654075, 0.072641, 6.604489
52.656989, 0.072641, 6.604489
52.659994, 0.072641, 6.604489
52.662858, 0.072641, 6.604489
52.665932, 0.072641, 6.604489
52.668819, 0.072641, 6.604489
52.671711, 0.072641, 6.604489
52.674574, 0.072641, 6.604489
52.677531, 0.072641, 6.604489
52.680390, 0.072641, 6.604489
52.683251, 0.072641, 6.604489
52.686307, 0.072641, 6.604489
52.689158, 0.072641, 6.604489
52.692090, 0.072641, 6.604489
52.695017, 0.072641, 6.604489
52.697817, 0.072641, 6.604489
52.700554, 0.072641, 6.604489
52.703220, 0.072641, 6.604489
52.706067, 0.072641, 6.604489
52.708803, 0.072641, 6.604489
52.711468, 0.072641, 6.604489
52.714376, 0.072641, 6.604489
52.717089, 0.072641, 6.604489
52.719403, 0.072641, 6.604489
52.721712, 0.072641, 6.604489
52.725233, 0.072641, 6.604489
52.729822, 0.072641, 6.604489
52.733893, 0.072641, 6.604489
52.737554, 0.070092, 6.372763
52.741085, 0.072641, 6.604489
52.744564, 0.072641, 6.604489
52.748034, 0.072641, 6.604489
52.751159, 0.072641, 6.604489
52.754159, 0.072641, 6.604489
52.757259, 0.072641, 6.604489
52.760278, 0.070092, 6.372763
52.763230, 0.072641, 6.604489
52.766813, 0.072641, 6.604489
52.769911, 0.072641, 6.604489
52.773266, 0.072641, 6.604489
52.777097, 0.072641, 6.604489
52.780930, 0.072641, 6.604489
52.784604, 0.072641, 6.604489
52.788246, 0.072641, 6.604489
52.791806, 0.072641, 6.604489
52.795315, 0.072641, 6.604489
52.799786, 0.072641, 6.604489
52.802984, 0.070092, 6.372763
52.806057, 0.072641, 6.604489
52.809236, 0.070092, 6.372763
52.812308, 0.072641, 6.604489
52.815399, 0.072641, 6.604489
52.818871, 0.072641, 6.604489
52.823453, 0.072641, 6.604489
52.828060, 0.072641, 6.604489
52.833036, 0.072641, 6.604489
52.837352, 0.072641, 6.604489
52.841932, 0.072641, 6.604489
52.844879, 0.072641, 6.604489
52.847301, 0.072641, 6.604489
52.849882, 0.072641, 6.604489
52.852798, 0.072641, 6.604489
52.855781, 0.072641, 6.604489
52.858783, 0.072641, 6.604489
52.861976, 0.072641, 6.604489
52.865632, 0.072641, 6.604489
52.869745, 0.072641, 6.604489
52.874355, 0.072641, 6.604489
52.877953, 0.072641, 6.604489
52.881282, 0.072641, 6.604489
52.884540, 0.072641, 6.604489
52.887820, 0.072641, 6.604489
52.890958, 0.072641, 6.604489
52.894136, 0.070092, 6.372763
52.897379, 0.072641, 6.604489
52.900865, 0.072641, 6.604489
52.904802, 0.070092, 6.372763
52.908152, 0.070092, 6.372763
52.911439, 0.072641, 6.604489
52.915213, 0.072641, 6.604489
52.919770, 0.072641, 6.604489
52.923274, 0.072641, 6.604489
52.926891, 0.072641, 6.604489
52.930282, 0.072641, 6.604489
52.933573, 0.072641, 6.604489
52.936902, 0.070092, 6.372763
52.940264, 0.072641, 6.604489
52.943640, 0.072641, 6.604489
52.946936, 0.072641, 6.604489
52.950333, 0.072641, 6.604489
52.953829, 0.072641, 6.604489
52.957325, 0.072641, 6.604489
52.960769, 0.072641, 6.604489
52.964220, 0.072641, 6.604489
52.967850, 0.072641, 6.604489
52.971376, 0.072641, 6.604489
52.974806, 0.072641, 6.604489
52.978225, 0.072641, 6.604489
52.981456, 0.072641, 6.604489
52.984672, 0.072641, 6.604489
52.987913, 0.070092, 6.372763
52.991156, 0.072641, 6.604489
52.994349, 0.072641, 6.604489
52.997610, 0.072641, 6.604489
53.001111, 0.072641, 6.604489
53.004605, 0.072641, 6.604489
53.008084, 0.072641, 6.604489
53.011672, 0.072641, 6.604489
53.015240, 0.072641, 6.604489
53.018767, 0.072641, 6.604489
53.022278, 0.072641, 6.604489
53.025699, 0.072641, 6.604489
53.029042, 0.072641, 6.604489
53.032278, 0.072641, 6.604489
53.035620, 0.072641, 6.604489
53.039198, 0.072641, 6.604489
53.043023, 0.072641, 6.604489
53.046954, 0.072641, 6.604489
53.051194, 0.072641, 6.604489
53.055357, 0.072641, 6.604489
53.059343, 0.072641, 6.604489
53.063223, 0.072641, 6.604489
53.066894, 0.072641, 6.604489
53.070412, 0.072641, 6.604489
53.073800, 0.072641, 6.604489
53.076976, 0.072641, 6.604489
53.080143, 0.072641, 6.604489
53.083322, 0.072641, 6.604489
53.086376, 0.072641, 6.604489
53.089437, 0.072641, 6.604489
53.092652, 0.072641, 6.604489
53.095816, 0.072641, 6.604489
53.098969, 0.072641, 6.604489
53.101988, 0.072641, 6.604489
53.105049, 0.072641, 6.604489
53.108261, 0.072641, 6.604489
53.111464, 0.072641, 6.604489
53.115103, 0.072641, 6.604489
53.118130, 0.072641, 6.604489
53.121129, 0.072641, 6.604489
53.124240, 0.072641, 6.604489
53.127277, 0.070092, 6.372763
53.130275, 0.070092, 6.372763
53.133242, 0.072641, 6.604489
53.136122, 0.072641, 6.604489
53.139038, 0.072641, 6.604489
53.142238, 0.072641, 6.604489
53.145264, 0.072641, 6.604489
53.148333, 0.072641, 6.604489
53.151415, 0.072641, 6.604489
53.154533, 0.072641, 6.604489
53.158335, 0.072641, 6.604489
53.161315, 0.072641, 6.604489
53.164626, 0.072641, 6.604489
53.167167, 0.072641, 6.604489
53.169655, 0.072641, 6.604489
53.172333, 0.072641, 6.604489
53.175464, 0.072641, 6.604489
53.178711, 0.072641, 6.604489
53.182063, 0.072641, 6.604489
53.185468, 0.070092, 6.372763
53.188890, 0.070092, 6.372763
53.192397, 0.072641, 6.604489
53.195798, 0.070092, 6.372763
53.199387, 0.070092, 6.372763
53.201871, 0.072641, 6.604489
53.205010, 0.072641, 6.604489
53.209152, 0.072641, 6.604489
53.213223, 0.072641, 6.604489
53.216846, 0.070092, 6.372763
53.220276, 0.072641, 6.604489
53.224384, 0.072641, 6.604489
53.227834, 0.072641, 6.604489
53.231146, 0.072641, 6.604489
53.235608, 0.072641, 6.604489
53.237902, 0.072641, 6.604489
53.240161, 0.072641, 6.604489
53.242951, 0.072641, 6.604489
53.245915, 0.072641, 6.604489
53.248944, 0.072641, 6.604489
53.252274, 0.072641, 6.604489
53.255489, 0.072641, 6.604489
53.258798, 0.072641, 6.604489
53.262231, 0.072641, 6.604489
53.265539, 0.072641, 6.604489
53.268808, 0.072641, 6.604489
53.272126, 0.072641, 6.604489
53.275497, 0.072641, 6.604489
53.278705, 0.072641, 6.604489
53.282715, 0.075190, 6.836216
53.285859, 0.072641, 6.604489
53.289992, 0.072641, 6.604489
53.293276, 0.072641, 6.604489
53.296500, 0.072641, 6.604489
53.299869, 0.072641, 6.604489
53.303261, 0.072641, 6.604489
53.306500, 0.072641, 6.604489
53.309392, 0.072641, 6.604489
53.312429, 0.072641, 6.604489
53.318112, 0.072641, 6.604489
53.323801, 0.072641, 6.604489
53.328564, 0.072641, 6.604489
53.332869, 0.072641, 6.604489
53.335611, 0.072641, 6.604489
53.338513, 0.072641, 6.604489
53.341755, 0.072641, 6.604489
53.345389, 0.072641, 6.604489
53.348789, 0.072641, 6.604489
53.352178, 0.072641, 6.604489
53.355410, 0.072641, 6.604489
53.359454, 0.072641, 6.604489
53.363453, 0.072641, 6.604489
53.367383, 0.072641, 6.604489
53.371366, 0.072641, 6.604489
53.374756, 0.072641, 6.604489
53.378490, 0.072641, 6.604489
53.384590, 0.072641, 6.604489
53.402029, 0.072641, 6.604489
53.407073, 0.072641, 6.604489
53.410166, 0.072641, 6.604489
53.412696, 0.072641, 6.604489
53.415164, 0.072641, 6.604489
53.417932, 0.075190, 6.836216
53.420856, 0.072641, 6.604489
53.423985, 0.072641, 6.604489
53.429586, 0.072641, 6.604489
53.433970, 0.070092, 6.372763
53.438158, 0.072641, 6.604489
53.442023, 0.072641, 6.604489
53.445524, 0.072641, 6.604489
53.448930, 0.072641, 6.604489
53.452143, 0.072641, 6.604489
53.455282, 0.072641, 6.604489
53.458625, 0.072641, 6.604489
53.461706, 0.072641, 6.604489
53.464720, 0.072641, 6.604489
53.467670, 0.072641, 6.604489
53.471089, 0.072641, 6.604489
53.474184, 0.072641, 6.604489
53.477323, 0.072641, 6.604489
53.480466, 0.072641, 6.604489
53.483590, 0.072641, 6.604489
53.486761, 0.072641, 6.604489
53.489882, 0.072641, 6.604489
53.493010, 0.072641, 6.604489
53.496126, 0.072641, 6.604489
53.499356, 0.072641, 6.604489
53.502389, 0.072641, 6.604489
53.505394, 0.072641, 6.604489
53.508661, 0.072641, 6.604489
53.511658, 0.072641, 6.604489
53.514570, 0.072641, 6.604489
53.517515, 0.072641, 6.604489
53.520686, 0.072641, 6.604489
53.523857, 0.072641, 6.604489
53.527713, 0.072641, 6.604489
53.531585, 0.072641, 6.604489
53.534014, 0.072641, 6.604489
53.536783, 0.072641, 6.604489
53.540096, 0.072641, 6.604489
53.543163, 0.072641, 6.604489
53.546297, 0.072641, 6.604489
53.550369, 0.072641, 6.604489
53.553409, 0.072641, 6.604489
53.556316, 0.072641, 6.604489
53.559272, 0.072641, 6.604489
53.562248, 0.072641, 6.604489
53.565222, 0.072641, 6.604489
53.568349, 0.072641, 6.604489
53.571446, 0.072641, 6.604489
53.574501, 0.072641, 6.604489
53.577599, 0.072641, 6.604489
53.580755, 0.072641, 6.604489
53.583842, 0.072641, 6.604489
53.587580, 0.072641, 6.604489
53.591152, 0.072641, 6.604489
53.594560, 0.072641, 6.604489
53.597819, 0.072641, 6.604489
53.601201, 0.072641, 6.604489
53.604319, 0.072641, 6.604489
53.607416, 0.072641, 6.604489
53.610422, 0.072641, 6.604489
53.613342, 0.072641, 6.604489
53.616253, 0.072641, 6.604489
53.619302, 0.072641, 6.604489
53.622248, 0.072641, 6.604489
53.625124, 0.072641, 6.604489
53.627945, 0.072641, 6.604489
53.630816, 0.072641, 6.604489
53.633575, 0.072641, 6.604489
53.636305, 0.072641, 6.604489
53.639106, 0.072641, 6.604489
53.641912, 0.070092, 6.372763
53.644621, 0.072641, 6.604489
53.647291, 0.072641, 6.604489
53.650157, 0.072641, 6.604489
53.652837, 0.072641, 6.604489
53.655489, 0.072641, 6.604489
53.658161, 0.072641, 6.604489
53.660975, 0.072641, 6.604489
53.663630, 0.072641, 6.604489
53.666275, 0.072641, 6.604489
53.669176, 0.072641, 6.604489
53.671648, 0.072641, 6.604489
53.674175, 0.072641, 6.604489
53.676678, 0.072641, 6.604489
53.679248, 0.072641, 6.604489
53.681800, 0.072641, 6.604489
53.684334, 0.072641, 6.604489
53.686885, 0.072641, 6.604489
53.689688, 0.072641, 6.604489
53.692442, 0.072641, 6.604489
53.694929, 0.072641, 6.604489
53.697397, 0.072641, 6.604489
53.699946, 0.072641, 6.604489
53.702498, 0.072641, 6.604489
53.705025, 0.072641, 6.604489
53.707581, 0.072641, 6.604489
53.711123, 0.072641, 6.604489
53.713592, 0.072641, 6.604489
53.716034, 0.072641, 6.604489
53.718556, 0.072641, 6.604489
53.721043, 0.072641, 6.604489
53.723548, 0.072641, 6.604489
53.726021, 0.075190, 6.836216
53.728639, 0.072641, 6.604489
53.731198, 0.072641, 6.604489
53.733747, 0.075190, 6.836216
53.736294, 0.072641, 6.604489
53.739369, 0.072641, 6.604489
53.742134, 0.072641, 6.604489
53.744777, 0.072641, 6.604489
53.747418, 0.072641, 6.604489
53.750193, 0.072641, 6.604489
53.752905, 0.072641, 6.604489
53.755873, 0.072641, 6.604489
53.758826, 0.072641, 6.604489
53.762132, 0.072641, 6.604489
53.764908, 0.075190, 6.836216
53.767920, 0.072641, 6.604489
53.770824, 0.072641, 6.604489
53.773797, 0.072641, 6.604489
53.776995, 0.072641, 6.604489
53.780150, 0.072641, 6.604489
53.783225, 0.072641, 6.604489
53.786133, 0.072641, 6.604489
53.789961, 0.072641, 6.604489
53.792878, 0.072641, 6.604489
53.795824, 0.072641, 6.604489
53.799395, 0.072641, 6.604489
53.801947, 0.072641, 6.604489
53.804107, 0.072641, 6.604489
53.806626, 0.072641, 6.604489
53.809422, 0.072641, 6.604489
53.812461, 0.072641, 6.604489
53.815281, 0.072641, 6.604489
53.818636, 0.072641, 6.604489
53.821379, 0.072641, 6.604489
53.823783, 0.072641, 6.604489
53.826195, 0.072641, 6.604489
53.828839, 0.072641, 6.604489
53.831522, 0.072641, 6.604489
53.834115, 0.072641, 6.604489
53.836736, 0.072641, 6.604489
53.840007, 0.072641, 6.604489
53.842452, 0.072641, 6.604489
53.844852, 0.072641, 6.604489
53.847346, 0.075190, 6.836216
53.850766, 0.072641, 6.604489
53.853005, 0.072641, 6.604489
53.855331, 0.072641, 6.604489
53.858409, 0.072641, 6.604489
53.861200, 0.072641, 6.604489
53.863621, 0.072641, 6.604489
53.866081, 0.072641, 6.604489
53.870266, 0.072641, 6.604489
53.873566, 0.072641, 6.604489
53.876058, 0.072641, 6.604489
53.878415, 0.072641, 6.604489
53.880989, 0.072641, 6.604489
53.883646, 0.072641, 6.604489
53.886404, 0.072641, 6.604489
53.889581, 0.072641, 6.604489
53.892389, 0.072641, 6.604489
53.895215, 0.072641, 6.604489
53.897874, 0.075190, 6.836216
53.901392, 0.072641, 6.604489
53.903579, 0.072641, 6.604489
53.906286, 0.072641, 6.604489
53.908726, 0.072641, 6.604489
53.911266, 0.072641, 6.604489
53.913835, 0.072641, 6.604489
53.917015, 0.072641, 6.604489
53.920358, 0.072641, 6.604489
53.923582, 0.072641, 6.604489
53.926329, 0.072641, 6.604489
53.928624, 0.072641, 6.604489
53.931316, 0.072641, 6.604489
53.934238, 0.072641, 6.604489
53.937100, 0.075190, 6.836216
53.940528, 0.072641, 6.604489
53.943386, 0.072641, 6.604489
53.946303, 0.072641, 6.604489
53.949156, 0.072641, 6.604489
53.951924, 0.072641, 6.604489
53.954727, 0.072641, 6.604489
53.958160, 0.072641, 6.604489
53.960481, 0.072641, 6.604489
53.962748, 0.072641, 6.604489
53.965155, 0.072641, 6.604489
53.968037, 0.072641, 6.604489
53.970731, 0.072641, 6.604489
53.973592, 0.072641, 6.604489
53.976311, 0.072641, 6.604489
53.979201, 0.072641, 6.604489
53.981978, 0.072641, 6.604489
53.984708, 0.072641, 6.604489
53.987656, 0.072641, 6.604489
53.991158, 0.072641, 6.604489
53.993421, 0.072641, 6.604489
53.995783, 0.072641, 6.604489
53.998386, 0.072641, 6.604489
54.001134, 0.072641, 6.604489
54.003915, 0.072641, 6.604489
54.007242, 0.072641, 6.604489
54.009765, 0.072641, 6.604489
54.012275, 0.072641, 6.604489
54.014795, 0.072641, 6.604489
54.017488, 0.072641, 6.604489
54.020338, 0.072641, 6.604489
54.023081, 0.072641, 6.604489
54.025748, 0.072641, 6.604489
54.029283, 0.072641, 6.604489
54.031740, 0.072641, 6.604489
54.034050, 0.072641, 6.604489
54.036551, 0.072641, 6.604489
54.039792, 0.072641, 6.604489
54.043303, 0.072641, 6.604489
54.046158, 0.072641, 6.604489
54.049540, 0.072641, 6.604489
54.052015, 0.072641, 6.604489
54.054319, 0.072641, 6.604489
54.056957, 0.072641, 6.604489
54.059638, 0.072641, 6.604489
54.062643, 0.072641, 6.604489
54.065460, 0.072641, 6.604489
54.068332, 0.072641, 6.604489
54.071086, 0.075190, 6.836216
54.073930, 0.072641, 6.604489
54.076841, 0.072641, 6.604489
54.080356, 0.072641, 6.604489
54.083278, 0.072641, 6.604489
54.086140, 0.072641, 6.604489
54.089332, 0.072641, 6.604489
54.092173, 0.072641, 6.604489
54.094807, 0.072641, 6.604489
54.098646, 0.072641, 6.604489
54.102114, 0.072641, 6.604489
54.104245, 0.072641, 6.604489
54.106696, 0.072641, 6.604489
54.109520, 0.072641, 6.604489
54.112557, 0.072641, 6.604489
54.115494, 0.072641, 6.604489
54.118348, 0.072641, 6.604489
54.121904, 0.072641, 6.604489
54.124393, 0.072641, 6.604489
54.126762, 0.072641, 6.604489
54.129353, 0.072641, 6.604489
54.132065, 0.072641, 6.604489
54.134967, 0.072641, 6.604489
54.137843, 0.072641, 6.604489
54.140769, 0.072641, 6.604489
54.143681, 0.075190, 6.836216
54.146616, 0.072641, 6.604489
54.149394, 0.072641, 6.604489
54.152248, 0.072641, 6.604489
54.155131, 0.072641, 6.604489
54.157981, 0.072641, 6.604489
54.160892, 0.072641, 6.604489
54.163642, 0.072641, 6.604489
54.166345, 0.072641, 6.604489
54.168994, 0.072641, 6.604489
54.171892, 0.072641, 6.604489
54.174942, 0.072641, 6.604489
54.177726, 0.072641, 6.604489
54.180572, 0.072641, 6.604489
54.183370, 0.072641, 6.604489
54.186166, 0.072641, 6.604489
54.188962, 0.072641, 6.604489
54.191934, 0.072641, 6.604489
54.194682, 0.072641, 6.604489
54.197477, 0.072641, 6.604489
54.200374, 0.072641, 6.604489
54.203218, 0.072641, 6.604489
54.206063, 0.072641, 6.604489
54.208807, 0.072641, 6.604489
54.211537, 0.072641, 6.604489
54.214267, 0.072641, 6.604489
54.216969, 0.072641, 6.604489
54.219686, 0.072641, 6.604489
54.222748, 0.072641, 6.604489
54.225510, 0.075190, 6.836216
54.228358, 0.072641, 6.604489
54.231245, 0.072641, 6.604489
54.233992, 0.072641, 6.604489
54.236860, 0.072641, 6.604489
54.239836, 0.075190, 6.836216
54.243008, 0.072641, 6.604489
54.246013, 0.075190, 6.836216
54.248897, 0.072641, 6.604489
54.251711, 0.072641, 6.604489
54.254619, 0.072641, 6.604489
54.257526, 0.072641, 6.604489
54.260554, 0.072641, 6.604489
54.263423, 0.075190, 6.836216
54.266354, 0.072641, 6.604489
54.269170, 0.072641, 6.604489
54.271820, 0.072641, 6.604489
54.274775, 0.072641, 6.604489
54.277648, 0.072641, 6.604489
54.280468, 0.072641, 6.604489
54.283099, 0.072641, 6.604489
54.285931, 0.072641, 6.604489
54.288834, 0.072641, 6.604489
54.291846, 0.072641, 6.604489
54.294769, 0.075190, 6.836216
54.297525, 0.075190, 6.836216
54.300196, 0.075190, 6.836216
54.303066, 0.072641, 6.604489
54.306030, 0.072641, 6.604489
54.308917, 0.072641, 6.604489
54.311737, 0.072641, 6.604489
54.314559, 0.072641, 6.604489
54.317306, 0.072641, 6.604489
54.320221, 0.075190, 6.836216
54.323193, 0.075190, 6.836216
54.327151, 0.072641, 6.604489
54.329934, 0.072641, 6.604489
54.332177, 0.072641, 6.604489
54.334722, 0.075190, 6.836216
54.338109, 0.072641, 6.604489
54.340815, 0.072641, 6.604489
54.343503, 0.072641, 6.604489
54.347111, 0.075190, 6.836216
54.349608, 0.072641, 6.604489
54.352003, 0.072641, 6.604489
54.354391, 0.072641, 6.604489
54.357837, 0.072641, 6.604489
54.360298, 0.072641, 6.604489
54.362781, 0.072641, 6.604489
54.365307, 0.072641, 6.604489
54.367979, 0.072641, 6.604489
54.370487, 0.072641, 6.604489
54.373126, 0.072641, 6.604489
54.375951, 0.072641, 6.604489
54.378698, 0.072641, 6.604489
54.381331, 0.072641, 6.604489
54.383888, 0.072641, 6.604489
54.387616, 0.072641, 6.604489
54.390449, 0.072641, 6.604489
54.392983, 0.072641, 6.604489
54.395339, 0.072641, 6.604489
54.398013, 0.072641, 6.604489
54.400648, 0.072641, 6.604489
54.403142, 0.072641, 6.604489
54.406430, 0.072641, 6.604489
54.411137, 0.072641, 6.604489
54.413334, 0.072641, 6.604489
54.415692, 0.075190, 6.836216
54.418202, 0.075190, 6.836216
54.420834, 0.072641, 6.604489
54.424242, 0.072641, 6.604489
54.427139, 0.072641, 6.604489
54.429915, 0.072641, 6.604489
54.432448, 0.075190, 6.836216
54.435035, 0.075190, 6.836216
54.437728, 0.072641, 6.604489
54.441356, 0.072641, 6.604489
54.443942, 0.072641, 6.604489
54.446461, 0.072641, 6.604489
54.448948, 0.075190, 6.836216
54.451399, 0.072641, 6.604489
54.453974, 0.075190, 6.836216
54.456617, 0.072641, 6.604489
54.459217, 0.072641, 6.604489
54.461872, 0.072641, 6.604489
54.464368, 0.072641, 6.604489
54.467024, 0.075190, 6.836216
54.469652, 0.072641, 6.604489
54.472308, 0.072641, 6.604489
54.476457, 0.072641, 6.604489
54.478643, 0.075190, 6.836216
54.480645, 0.072641, 6.604489
54.482904, 0.072641, 6.604489
54.485431, 0.075190, 6.836216
54.488128, 0.072641, 6.604489
54.490980, 0.072641, 6.604489
54.493831, 0.072641, 6.604489
54.496491, 0.072641, 6.604489
54.499430, 0.072641, 6.604489
54.502268, 0.072641, 6.604489
54.504976, 0.072641, 6.604489
54.507883, 0.072641, 6.604489
54.510619, 0.072641, 6.604489
54.513235, 0.072641, 6.604489
54.515767, 0.072641, 6.604489
54.518648, 0.072641, 6.604489
54.522688, 0.072641, 6.604489
54.525365, 0.072641, 6.604489
54.527634, 0.072641, 6.604489
54.529972, 0.072641, 6.604489
54.532793, 0.072641, 6.604489
54.535681, 0.075190, 6.836216
54.538561, 0.072641, 6.604489
54.541857, 0.072641, 6.604489
54.544813, 0.072641, 6.604489
54.547778, 0.072641, 6.604489
54.551766, 0.072641, 6.604489
54.554225, 0.072641, 6.604489
54.556725, 0.072641, 6.604489
54.559317, 0.072641, 6.604489
54.562004, 0.075190, 6.836216
54.564760, 0.075190, 6.836216
54.567681, 0.072641, 6.604489
54.570520, 0.072641, 6.604489
54.573387, 0.072641, 6.604489
54.576360, 0.072641, 6.604489
54.579311, 0.075190, 6.836216
54.582178, 0.072641, 6.604489
54.584939, 0.072641, 6.604489
54.587808, 0.072641, 6.604489
54.590792, 0.072641, 6.604489
54.593680, 0.072641, 6.604489
54.596490, 0.072641, 6.604489
54.599623, 0.072641, 6.604489
54.602045, 0.072641, 6.604489
54.604532, 0.072641, 6.604489
54.607857, 0.075190, 6.836216
54.610763, 0.075190, 6.836216
54.613723, 0.072641, 6.604489
54.616777, 0.072641, 6.604489
54.619833, 0.072641, 6.604489
54.622649, 0.072641, 6.604489
54.625462, 0.072641, 6.604489
54.628241, 0.075190, 6.836216
54.631039, 0.072641, 6.604489
54.633860, 0.072641, 6.604489
54.636705, 0.075190, 6.836216
54.639673, 0.075190, 6.836216
54.642730, 0.072641, 6.604489
54.645601, 0.072641, 6.604489
54.649148, 0.075190, 6.836216
54.652081, 0.075190, 6.836216
54.654538, 0.072641, 6.604489
54.657094, 0.072641, 6.604489
54.659774, 0.072641, 6.604489
54.662521, 0.072641, 6.604489
54.665467, 0.072641, 6.604489
54.668270, 0.072641, 6.604489
54.671175, 0.072641, 6.604489
54.674194, 0.072641, 6.604489
54.677074, 0.075190, 6.836216
54.679889, 0.072641, 6.604489
54.682604, 0.072641, 6.604489
54.685474, 0.072641, 6.604489
54.688223, 0.072641, 6.604489
54.691136, 0.072641, 6.604489
54.693429, 0.072641, 6.604489
54.695791, 0.072641, 6.604489
54.698231, 0.072641, 6.604489
54.700900, 0.072641, 6.604489
54.703602, 0.072641, 6.604489
54.706445, 0.072641, 6.604489
54.709376, 0.075190, 6.836216
54.713387, 0.075190, 6.836216
54.715615, 0.075190, 6.836216
54.717857, 0.072641, 6.604489
54.720341, 0.075190, 6.836216
54.723034, 0.075190, 6.836216
54.725777, 0.072641, 6.604489
54.728459, 0.072641, 6.604489
54.731222, 0.072641, 6.604489
54.733910, 0.075190, 6.836216
54.736674, 0.075190, 6.836216
54.739822, 0.075190, 6.836216
54.743229, 0.075190, 6.836216
54.745493, 0.072641, 6.604489
54.747806, 0.075190, 6.836216
54.750867, 0.075190, 6.836216
54.753530, 0.072641, 6.604489
54.756377, 0.072641, 6.604489
54.761167, 0.075190, 6.836216
54.765022, 0.072641, 6.604489
54.768403, 0.072641, 6.604489
54.771572, 0.072641, 6.604489
54.774834, 0.072641, 6.604489
54.777626, 0.072641, 6.604489
54.780267, 0.072641, 6.604489
54.782929, 0.072641, 6.604489
54.785572, 0.072641, 6.604489
54.788114, 0.072641, 6.604489
54.791453, 0.072641, 6.604489
54.793681, 0.072641, 6.604489
54.795979, 0.072641, 6.604489
54.798374, 0.072641, 6.604489
54.800922, 0.072641, 6.604489
54.803775, 0.072641, 6.604489
54.806941, 0.072641, 6.604489
54.809260, 0.072641, 6.604489
54.811505, 0.075190, 6.836216
54.814953, 0.075190, 6.836216
54.817140, 0.072641, 6.604489
54.819435, 0.072641, 6.604489
54.822004, 0.072641, 6.604489
54.826330, 0.072641, 6.604489
54.829589, 0.072641, 6.604489
54.832783, 0.072641, 6.604489
54.835479, 0.072641, 6.604489
54.837825, 0.075190, 6.836216
54.842773, 0.075190, 6.836216
54.848177, 0.072641, 6.604489
54.852105, 0.075190, 6.836216
54.854559, 0.072641, 6.604489
54.857165, 0.072641, 6.604489
54.859654, 0.072641, 6.604489
54.862382, 0.075190, 6.836216
54.865711, 0.075190, 6.836216
54.869333, 0.075190, 6.836216
54.872742, 0.072641, 6.604489
54.875495, 0.072641, 6.604489
54.877978, 0.072641, 6.604489
54.880701, 0.075190, 6.836216
54.883575, 0.072641, 6.604489
54.886334, 0.075190, 6.836216
54.889214, 0.072641, 6.604489
54.893485, 0.072641, 6.604489
54.895815, 0.072641, 6.604489
54.898775, 0.072641, 6.604489
54.901495, 0.072641, 6.604489
54.904263, 0.072641, 6.604489
54.907449, 0.075190, 6.836216
54.910448, 0.075190, 6.836216
54.913421, 0.075190, 6.836216
54.916218, 0.072641, 6.604489
54.918910, 0.072641, 6.604489
54.921670, 0.072641, 6.604489
54.925294, 0.075190, 6.836216
54.928305, 0.075190, 6.836216
54.931267, 0.075190, 6.836216
54.935176, 0.072641, 6.604489
54.939583, 0.072641, 6.604489
54.944970, 0.072641, 6.604489
54.950089, 0.072641, 6.604489
54.954711, 0.072641, 6.604489
54.958929, 0.075190, 6.836216
54.962699, 0.075190, 6.836216
54.966316, 0.072641, 6.604489
54.970009, 0.075190, 6.836216
54.974114, 0.072641, 6.604489
54.977346, 0.072641, 6.604489
54.980490, 0.072641, 6.604489
54.984224, 0.072641, 6.604489
54.986643, 0.072641, 6.604489
54.988931, 0.075190, 6.836216
54.994286, 0.072641, 6.604489
54.998563, 0.072641, 6.604489
55.002266, 0.072641, 6.604489
55.005670, 0.075190, 6.836216
55.008226, 0.072641, 6.604489
55.010698, 0.072641, 6.604489
55.012854, 0.072641, 6.604489
55.015213, 0.072641, 6.604489
55.017785, 0.072641, 6.604489
55.020412, 0.072641, 6.604489
55.023357, 0.072641, 6.604489
55.026134, 0.072641, 6.604489
55.028888, 0.072641, 6.604489
55.031697, 0.075190, 6.836216
55.034597, 0.072641, 6.604489
55.037427, 0.072641, 6.604489
55.041045, 0.072641, 6.604489
55.043570, 0.075190, 6.836216
55.046354, 0.072641, 6.604489
55.049253, 0.075190, 6.836216
55.052018, 0.075190, 6.836216
55.054874, 0.072641, 6.604489
55.058892, 0.075190, 6.836216
55.062844, 0.075190, 6.836216
55.066530, 0.072641, 6.604489
55.069224, 0.072641, 6.604489
55.071709, 0.072641, 6.604489
55.074262, 0.075190, 6.836216
55.077117, 0.075190, 6.836216
55.080048, 0.075190, 6.836216
55.083111, 0.075190, 6.836216
55.086258, 0.072641, 6.604489
55.089360, 0.072641, 6.604489
55.092459, 0.075190, 6.836216
55.095593, 0.072641, 6.604489
55.099077, 0.072641, 6.604489
55.102439, 0.072641, 6.604489
55.105685, 0.072641, 6.604489
55.109004, 0.075190, 6.836216
55.112179, 0.072641, 6.604489
55.115202, 0.075190, 6.836216
55.118170, 0.072641, 6.604489
55.121274, 0.075190, 6.836216
55.124118, 0.075190, 6.836216
55.128149, 0.072641, 6.604489
55.130657, 0.075190, 6.836216
55.133099, 0.072641, 6.604489
55.135689, 0.072641, 6.604489
55.138352, 0.075190, 6.836216
55.141327, 0.072641, 6.604489
55.144303, 0.072641, 6.604489
55.147234, 0.072641, 6.604489
55.150213, 0.075190, 6.836216
55.153107, 0.072641, 6.604489
55.156267, 0.072641, 6.604489
55.161040, 0.075190, 6.836216
55.166287, 0.072641, 6.604489
55.171066, 0.075190, 6.836216
55.175904, 0.075190, 6.836216
55.180083, 0.075190, 6.836216
55.183882, 0.075190, 6.836216
55.187237, 0.072641, 6.604489
55.190408, 0.072641, 6.604489
55.194002, 0.072641, 6.604489
55.196495, 0.075190, 6.836216
55.198677, 0.072641, 6.604489
55.200926, 0.072641, 6.604489
55.203473, 0.072641, 6.604489
55.206229, 0.075190, 6.836216
55.208978, 0.075190, 6.836216
55.211761, 0.075190, 6.836216
55.214543, 0.075190, 6.836216
55.217382, 0.075190, 6.836216
55.220795, 0.072641, 6.604489
55.223734, 0.072641, 6.604489
55.226726, 0.072641, 6.604489
55.229514, 0.075190, 6.836216
55.232289, 0.072641, 6.604489
55.235047, 0.075190, 6.836216
55.237776, 0.075190, 6.836216
55.240490, 0.072641, 6.604489
55.243378, 0.072641, 6.604489
55.246101, 0.072641, 6.604489
55.248926, 0.075190, 6.836216
55.251743, 0.075190, 6.836216
55.254631, 0.075190, 6.836216
55.257834, 0.072641, 6.604489
55.261357, 0.072641, 6.604489
55.265028, 0.072641, 6.604489
55.268715, 0.072641, 6.604489
55.272142, 0.075190, 6.836216
55.275473, 0.072641, 6.604489
55.278755, 0.072641, 6.604489
55.281945, 0.075190, 6.836216
55.284962, 0.072641, 6.604489
55.287971, 0.072641, 6.604489
55.290990, 0.075190, 6.836216
55.294168, 0.072641, 6.604489
55.297202, 0.072641, 6.604489
55.300002, 0.075190, 6.836216
55.302655, 0.075190, 6.836216
55.305474, 0.072641, 6.604489
55.308335, 0.072641, 6.604489
55.311276, 0.075190, 6.836216
55.314194, 0.072641, 6.604489
55.317467, 0.072641, 6.604489
55.319707, 0.075190, 6.836216
55.322116, 0.075190, 6.836216
55.325308, 0.072641, 6.604489
55.329407, 0.072641, 6.604489
55.332898, 0.072641, 6.604489
55.337855, 0.072641, 6.604489
55.341097, 0.072641, 6.604489
55.344142, 0.075190, 6.836216
55.346917, 0.075190, 6.836216
55.349599, 0.072641, 6.604489
55.352325, 0.072641, 6.604489
55.354839, 0.072641, 6.604489
55.358863, 0.072641, 6.604489
55.361522, 0.072641, 6.604489
55.364008, 0.072641, 6.604489
55.366850, 0.072641, 6.604489
55.369534, 0.072641, 6.604489
55.372149, 0.072641, 6.604489
55.374913, 0.075190, 6.836216
55.377928, 0.072641, 6.604489
55.380708, 0.072641, 6.604489
55.383505, 0.072641, 6.604489
55.386112, 0.072641, 6.604489
55.388771, 0.075190, 6.836216
55.391690, 0.072641, 6.604489
55.394350, 0.072641, 6.604489
55.397039, 0.075190, 6.836216
55.399794, 0.075190, 6.836216
55.402468, 0.072641, 6.604489
55.405032, 0.072641, 6.604489
55.407925, 0.072641, 6.604489
55.410670, 0.072641, 6.604489
55.413372, 0.072641, 6.604489
55.415925, 0.072641, 6.604489
55.418596, 0.075190, 6.836216
55.421276, 0.072641, 6.604489
55.424099, 0.072641, 6.604489
55.426991, 0.075190, 6.836216
55.429655, 0.072641, 6.604489
55.432339, 0.072641, 6.604489
55.435014, 0.075190, 6.836216
55.437640, 0.072641, 6.604489
55.440299, 0.072641, 6.604489
55.443035, 0.075190, 6.836216
55.445753, 0.075190, 6.836216
55.448362, 0.075190, 6.836216
55.451138, 0.075190, 6.836216
55.453770, 0.072641, 6.604489
55.456345, 0.072641, 6.604489
55.459186, 0.072641, 6.604489
55.462966, 0.075190, 6.836216
55.465561, 0.072641, 6.604489
55.467948, 0.075190, 6.836216
55.470397, 0.075190, 6.836216
55.473107, 0.072641, 6.604489
55.475907, 0.072641, 6.604489
55.478699, 0.072641, 6.604489
55.481394, 0.072641, 6.604489
55.484018, 0.072641, 6.604489
55.486562, 0.072641, 6.604489
55.489494, 0.072641, 6.604489
55.493152, 0.072641, 6.604489
55.495521, 0.075190, 6.836216
55.497746, 0.075190, 6.836216
55.500081, 0.072641, 6.604489
55.502496, 0.072641, 6.604489
55.505024, 0.075190, 6.836216
55.508542, 0.075190, 6.836216
55.511256, 0.072641, 6.604489
55.513712, 0.072641, 6.604489
55.516308, 0.075190, 6.836216
55.519229, 0.072641, 6.604489
55.521854, 0.072641, 6.604489
55.525436, 0.072641, 6.604489
55.528159, 0.075190, 6.836216
55.530687, 0.075190, 6.836216
55.533141, 0.072641, 6.604489
55.535695, 0.075190, 6.836216
55.538930, 0.072641, 6.604489
55.542583, 0.072641, 6.604489
55.545157, 0.075190, 6.836216
55.547708, 0.075190, 6.836216
55.550284, 0.072641, 6.604489
55.552830, 0.075190, 6.836216
55.555408, 0.072641, 6.604489
55.558463, 0.072641, 6.604489
55.561579, 0.075190, 6.836216
55.564163, 0.072641, 6.604489
55.566770, 0.072641, 6.604489
55.569463, 0.075190, 6.836216
55.572147, 0.075190, 6.836216
55.575000, 0.075190, 6.836216
55.577907, 0.072641, 6.604489
55.580982, 0.072641, 6.604489
55.583964, 0.072641, 6.604489
55.586915, 0.072641, 6.604489
55.589882, 0.072641, 6.604489
55.592832, 0.075190, 6.836216
55.595806, 0.075190, 6.836216
55.598778, 0.072641, 6.604489
55.602119, 0.072641, 6.604489
55.605124, 0.075190, 6.836216
55.608074, 0.072641, 6.604489
55.611212, 0.075190, 6.836216
55.614078, 0.075190, 6.836216
55.616939, 0.072641, 6.604489
55.619772, 0.072641, 6.604489
55.622861, 0.072641, 6.604489
55.626218, 0.072641, 6.604489
55.628453, 0.072641, 6.604489
55.630922, 0.072641, 6.604489
55.633649, 0.072641, 6.604489
55.636422, 0.075190, 6.836216
55.639287, 0.072641, 6.604489
55.642286, 0.075190, 6.836216
55.645140, 0.072641, 6.604489
55.648053, 0.072641, 6.604489
55.650902, 0.075190, 6.836216
55.653692, 0.075190, 6.836216
55.656497, 0.075190, 6.836216
55.659276, 0.072641, 6.604489
55.662420, 0.072641, 6.604489
55.665412, 0.075190, 6.836216
55.668343, 0.075190, 6.836216
55.671019, 0.075190, 6.836216
55.673853, 0.075190, 6.836216
55.676784, 0.072641, 6.604489
55.679739, 0.072641, 6.604489
55.682564, 0.072641, 6.604489
55.685486, 0.075190, 6.836216
55.688387, 0.075190, 6.836216
55.691102, 0.075190, 6.836216
55.694058, 0.075190, 6.836216
55.697004, 0.075190, 6.836216
55.699731, 0.075190, 6.836216
55.702475, 0.072641, 6.604489
55.705352, 0.075190, 6.836216
55.708400, 0.072641, 6.604489
55.711215, 0.072641, 6.604489
55.713995, 0.072641, 6.604489
55.716959, 0.072641, 6.604489
55.719847, 0.075190, 6.836216
55.722763, 0.075190, 6.836216
55.725966, 0.072641, 6.604489
55.728810, 0.075190, 6.836216
55.731584, 0.072641, 6.604489
55.735205, 0.075190, 6.836216
55.738660, 0.075190, 6.836216
55.743461, 0.075190, 6.836216
55.748055, 0.075190, 6.836216
55.752497, 0.072641, 6.604489
55.756705, 0.075190, 6.836216
55.760431, 0.072641, 6.604489
55.763939, 0.075190, 6.836216
55.767082, 0.072641, 6.604489
55.769970, 0.075190, 6.836216
55.772777, 0.075190, 6.836216
55.775618, 0.072641, 6.604489
55.778412, 0.072641, 6.604489
55.780980, 0.072641, 6.604489
55.783909, 0.075190, 6.836216
55.786526, 0.072641, 6.604489
55.789217, 0.075190, 6.836216
55.791855, 0.072641, 6.604489
55.794611, 0.072641, 6.604489
55.797236, 0.075190, 6.836216
55.799960, 0.072641, 6.604489
55.803052, 0.075190, 6.836216
55.806285, 0.072641, 6.604489
55.809450, 0.072641, 6.604489
55.811980, 0.075190, 6.836216
55.814916, 0.072641, 6.604489
55.817517, 0.075190, 6.836216
55.820148, 0.072641, 6.604489
55.822711, 0.075190, 6.836216
55.825459, 0.072641, 6.604489
55.828159, 0.075190, 6.836216
55.830965, 0.072641, 6.604489
55.833644, 0.075190, 6.836216
55.836566, 0.075190, 6.836216
55.839359, 0.072641, 6.604489
55.842058, 0.072641, 6.604489
55.845085, 0.075190, 6.836216
55.847700, 0.075190, 6.836216
55.850279, 0.072641, 6.604489
55.852959, 0.072641, 6.604489
55.855839, 0.075190, 6.836216
55.858754, 0.075190, 6.836216
55.861630, 0.072641, 6.604489
55.864309, 0.072641, 6.604489
55.867028, 0.075190, 6.836216
55.869726, 0.075190, 6.836216
55.872579, 0.072641, 6.604489
55.875616, 0.072641, 6.604489
55.878373, 0.072641, 6.604489
55.880962, 0.072641, 6.604489
55.883653, 0.072641, 6.604489
55.886538, 0.072641, 6.604489
55.889534, 0.075190, 6.836216
55.892811, 0.072641, 6.604489
55.895892, 0.075190, 6.836216
55.898812, 0.072641, 6.604489
55.901697, 0.075190, 6.836216
55.904511, 0.072641, 6.604489
55.907703, 0.072641, 6.604489
55.910748, 0.075190, 6.836216
55.913731, 0.075190, 6.836216
55.916553, 0.072641, 6.604489
55.919279, 0.072641, 6.604489
55.922106, 0.075190, 6.836216
55.924996, 0.075190, 6.836216
55.927986, 0.072641, 6.604489
55.930829, 0.072641, 6.604489
55.933589, 0.075190, 6.836216
55.936395, 0.072641, 6.604489
55.939456, 0.075190, 6.836216
55.942932, 0.072641, 6.604489
55.945436, 0.075190, 6.836216
55.949030, 0.072641, 6.604489
55.951402, 0.075190, 6.836216
55.953753, 0.075190, 6.836216
55.957335, 0.075190, 6.836216
55.960595, 0.072641, 6.604489
55.963073, 0.072641, 6.604489
55.965431, 0.072641, 6.604489
55.967945, 0.072641, 6.604489
55.970465, 0.075190, 6.836216
55.973882, 0.075190, 6.836216
55.976396, 0.075190, 6.836216
55.979806, 0.072641, 6.604489
55.981839, 0.075190, 6.836216
55.984018, 0.075190, 6.836216
55.986457, 0.072641, 6.604489
55.990859, 0.075190, 6.836216
55.993682, 0.072641, 6.604489
55.996394, 0.072641, 6.604489
55.998861, 0.072641, 6.604489
56.001325, 0.075190, 6.836216
56.003941, 0.075190, 6.836216
56.006833, 0.075190, 6.836216
56.009780, 0.075190, 6.836216
56.012437, 0.075190, 6.836216
56.014995, 0.075190, 6.836216
56.017516, 0.072641, 6.604489
56.020308, 0.072641, 6.604489
56.023085, 0.075190, 6.836216
56.025735, 0.075190, 6.836216
56.028473, 0.072641, 6.604489
56.030992, 0.072641, 6.604489
56.033673, 0.072641, 6.604489
56.036315, 0.075190, 6.836216
56.038980, 0.075190, 6.836216
56.041652, 0.075190, 6.836216
56.044381, 0.072641, 6.604489
56.047026, 0.075190, 6.836216
56.049667, 0.072641, 6.604489
56.052166, 0.072641, 6.604489
56.054955, 0.075190, 6.836216
56.057801, 0.072641, 6.604489
56.060284, 0.072641, 6.604489
56.062868, 0.075190, 6.836216
56.065609, 0.075190, 6.836216
56.068261, 0.075190, 6.836216
56.070771, 0.075190, 6.836216
56.073801, 0.072641, 6.604489
56.078415, 0.075190, 6.836216
56.080936, 0.072641, 6.604489
56.084122, 0.072641, 6.604489
56.088073, 0.075190, 6.836216
56.090443, 0.075190, 6.836216
56.092773, 0.072641, 6.604489
56.096302, 0.072641, 6.604489
56.098596, 0.075190, 6.836216
56.100855, 0.072641, 6.604489
56.103230, 0.072641, 6.604489
56.106560, 0.072641, 6.604489
56.109063, 0.075190, 6.836216
56.111547, 0.072641, 6.604489
56.114103, 0.072641, 6.604489
56.116983, 0.072641, 6.604489
56.119673, 0.072641, 6.604489
56.122340, 0.075190, 6.836216
56.125150, 0.075190, 6.836216
56.128015, 0.075190, 6.836216
56.130742, 0.075190, 6.836216
56.133283, 0.072641, 6.604489
56.135944, 0.075190, 6.836216
56.138680, 0.072641, 6.604489
56.141491, 0.072641, 6.604489
56.144103, 0.072641, 6.604489
56.146761, 0.075190, 6.836216
56.149393, 0.075190, 6.836216
56.152056, 0.072641, 6.604489
56.154604, 0.075190, 6.836216
56.158289, 0.072641, 6.604489
56.160751, 0.075190, 6.836216
56.163145, 0.072641, 6.604489
56.165534, 0.072641, 6.604489
56.168050, 0.072641, 6.604489
56.170460, 0.075190, 6.836216
56.174016, 0.072641, 6.604489
56.176577, 0.072641, 6.604489
56.179030, 0.075190, 6.836216
56.181562, 0.072641, 6.604489
56.184099, 0.072641, 6.604489
56.187086, 0.072641, 6.604489
56.190563, 0.075190, 6.836216
56.193053, 0.072641, 6.604489
56.195640, 0.072641, 6.604489
56.199082, 0.072641, 6.604489
56.201103, 0.072641, 6.604489
56.203215, 0.072641, 6.604489
56.205874, 0.072641, 6.604489
56.209080, 0.075190, 6.836216
56.211327, 0.072641, 6.604489
56.213725, 0.072641, 6.604489
56.216208, 0.075190, 6.836216
56.219624, 0.072641, 6.604489
56.221791, 0.075190, 6.836216
56.224655, 0.072641, 6.604489
56.226840, 0.072641, 6.604489
56.229661, 0.072641, 6.604489
56.232229, 0.072641, 6.604489
56.234812, 0.075190, 6.836216
56.237400, 0.072641, 6.604489
56.240319, 0.072641, 6.604489
56.243014, 0.072641, 6.604489
56.245718, 0.072641, 6.604489
56.248367, 0.075190, 6.836216
56.251076, 0.072641, 6.604489
56.253697, 0.072641, 6.604489
56.256376, 0.072641, 6.604489
56.259137, 0.072641, 6.604489
56.261700, 0.072641, 6.604489
56.264203, 0.072641, 6.604489
56.266714, 0.072641, 6.604489
56.270143, 0.072641, 6.604489
56.273205, 0.072641, 6.604489
56.275311, 0.072641, 6.604489
56.277571, 0.072641, 6.604489
56.280925, 0.072641, 6.604489
56.283094, 0.072641, 6.604489
56.285313, 0.072641, 6.604489
56.287723, 0.072641, 6.604489
56.291186, 0.075190, 6.836216
56.293478, 0.072641, 6.604489
56.295894, 0.072641, 6.604489
56.298378, 0.075190, 6.836216
56.301824, 0.072641, 6.604489
56.303966, 0.075190, 6.836216
56.306947, 0.072641, 6.604489
56.309093, 0.072641, 6.604489
56.312765, 0.072641, 6.604489
56.315712, 0.072641, 6.604489
56.318043, 0.072641, 6.604489
56.320408, 0.072641, 6.604489
56.323040, 0.075190, 6.836216
56.326520, 0.072641, 6.604489
56.329353, 0.075190, 6.836216
56.331884, 0.072641, 6.604489
56.334035, 0.075190, 6.836216
56.336292, 0.072641, 6.604489
56.338577, 0.072641, 6.604489
56.342134, 0.075190, 6.836216
56.347723, 0.072641, 6.604489
56.353338, 0.072641, 6.604489
56.357819, 0.075190, 6.836216
56.362028, 0.072641, 6.604489
56.365901, 0.075190, 6.836216
56.369585, 0.072641, 6.604489
56.373162, 0.072641, 6.604489
56.376877, 0.072641, 6.604489
56.379852, 0.072641, 6.604489
56.386225, 0.075190, 6.836216
56.390656, 0.072641, 6.604489
56.394169, 0.072641, 6.604489
56.397447, 0.072641, 6.604489
56.400313, 0.075190, 6.836216
56.403049, 0.072641, 6.604489
56.405997, 0.072641, 6.604489
56.409173, 0.072641, 6.604489
56.412193, 0.072641, 6.604489
56.415299, 0.075190, 6.836216
56.418354, 0.072641, 6.604489
56.421555, 0.072641, 6.604489
56.424785, 0.075190, 6.836216
56.428024, 0.072641, 6.604489
56.431573, 0.072641, 6.604489
56.433883, 0.075190, 6.836216
56.436326, 0.072641, 6.604489
56.439139, 0.075190, 6.836216
56.442255, 0.072641, 6.604489
56.444656, 0.072641, 6.604489
56.446896, 0.075190, 6.836216
56.449255, 0.072641, 6.604489
56.451996, 0.072641, 6.604489
56.454680, 0.072641, 6.604489
56.457519, 0.075190, 6.836216
56.460254, 0.072641, 6.604489
56.463112, 0.075190, 6.836216
56.465935, 0.075190, 6.836216
56.468781, 0.072641, 6.604489
56.471843, 0.072641, 6.604489
56.474728, 0.075190, 6.836216
56.477684, 0.072641, 6.604489
56.480693, 0.075190, 6.836216
56.483495, 0.075190, 6.836216
56.486382, 0.072641, 6.604489
56.489342, 0.072641, 6.604489
56.492143, 0.075190, 6.836216
56.494916, 0.075190, 6.836216
56.497816, 0.072641, 6.604489
56.500470, 0.072641, 6.604489
56.503904, 0.075190, 6.836216
56.506547, 0.075190, 6.836216
56.509112, 0.072641, 6.604489
56.511780, 0.072641, 6.604489
56.514765, 0.072641, 6.604489
56.517532, 0.075190, 6.836216
56.520249, 0.072641, 6.604489
56.523519, 0.075190, 6.836216
56.527352, 0.075190, 6.836216
56.530062, 0.075190, 6.836216
56.532690, 0.072641, 6.604489
56.535358, 0.072641, 6.604489
56.538062, 0.075190, 6.836216
56.541107, 0.075190, 6.836216
56.543936, 0.075190, 6.836216
56.546972, 0.075190, 6.836216
56.550154, 0.072641, 6.604489
56.553462, 0.072641, 6.604489
56.557002, 0.075190, 6.836216
56.560325, 0.072641, 6.604489
56.563560, 0.072641, 6.604489
56.566714, 0.072641, 6.604489
56.569767, 0.075190, 6.836216
56.572808, 0.072641, 6.604489
56.575820, 0.075190, 6.836216
56.578713, 0.072641, 6.604489
56.581493, 0.072641, 6.604489
56.585616, 0.072641, 6.604489
56.589632, 0.075190, 6.836216
56.591879, 0.072641, 6.604489
56.595377, 0.075190, 6.836216
56.597720, 0.072641, 6.604489
56.600079, 0.072641, 6.604489
56.602550, 0.072641, 6.604489
56.606068, 0.075190, 6.836216
56.608713, 0.075190, 6.836216
56.610834, 0.075190, 6.836216
56.613174, 0.072641, 6.604489
56.615735, 0.072641, 6.604489
56.618396, 0.075190, 6.836216
56.621189, 0.072641, 6.604489
56.624947, 0.075190, 6.836216
56.627839, 0.072641, 6.604489
56.630607, 0.072641, 6.604489
56.633215, 0.072641, 6.604489
56.636020, 0.072641, 6.604489
56.638762, 0.072641, 6.604489
56.641602, 0.075190, 6.836216
56.643927, 0.072641, 6.604489
56.647346, 0.072641, 6.604489
56.649616, 0.075190, 6.836216
56.651959, 0.072641, 6.604489
56.654413, 0.075190, 6.836216
56.658324, 0.072641, 6.604489
56.661434, 0.072641, 6.604489
56.663978, 0.075190, 6.836216
56.667647, 0.075190, 6.836216
56.669949, 0.072641, 6.604489
56.672755, 0.075190, 6.836216
56.676071, 0.072641, 6.604489
56.678935, 0.072641, 6.604489
56.681151, 0.072641, 6.604489
56.683521, 0.075190, 6.836216
56.686085, 0.075190, 6.836216
56.688729, 0.072641, 6.604489
56.691552, 0.072641, 6.604489
56.694474, 0.072641, 6.604489
56.697214, 0.072641, 6.604489
56.699853, 0.072641, 6.604489
56.702493, 0.075190, 6.836216
56.705030, 0.072641, 6.604489
56.707971, 0.072641, 6.604489
56.710758, 0.072641, 6.604489
56.713340, 0.075190, 6.836216
56.716013, 0.072641, 6.604489
56.718620, 0.072641, 6.604489
56.721221, 0.072641, 6.604489
56.723850, 0.072641, 6.604489
56.726493, 0.072641, 6.604489
56.729069, 0.075190, 6.836216
56.731648, 0.072641, 6.604489
56.734151, 0.075190, 6.836216
56.736658, 0.072641, 6.604489
56.739404, 0.075190, 6.836216
56.742085, 0.072641, 6.604489
56.744829, 0.075190, 6.836216
56.747634, 0.072641, 6.604489
56.750280, 0.075190, 6.836216
56.752919, 0.075190, 6.836216
56.755614, 0.075190, 6.836216
56.758526, 0.072641, 6.604489
56.761238, 0.075190, 6.836216
56.764236, 0.075190, 6.836216
56.767263, 0.075190, 6.836216
56.770490, 0.072641, 6.604489
56.773438, 0.072641, 6.604489
56.776393, 0.075190, 6.836216
56.779534, 0.072641, 6.604489
56.782356, 0.075190, 6.836216
56.785110, 0.072641, 6.604489
56.787960, 0.075190, 6.836216
56.791081, 0.075190, 6.836216
56.794029, 0.072641, 6.604489
56.796630, 0.075190, 6.836216
56.799310, 0.072641, 6.604489
56.802044, 0.075190, 6.836216
56.804774, 0.075190, 6.836216
56.807451, 0.075190, 6.836216
56.810189, 0.075190, 6.836216
56.812906, 0.072641, 6.604489
56.815418, 0.075190, 6.836216
56.818481, 0.072641, 6.604489
56.821330, 0.075190, 6.836216
56.823840, 0.072641, 6.604489
56.826415, 0.072641, 6.604489
56.829226, 0.072641, 6.604489
56.831771, 0.072641, 6.604489
56.834215, 0.075190, 6.836216
56.836841, 0.072641, 6.604489
56.840237, 0.072641, 6.604489
56.843148, 0.075190, 6.836216
56.845835, 0.072641, 6.604489
56.848377, 0.072641, 6.604489
56.851817, 0.072641, 6.604489
56.854557, 0.075190, 6.836216
56.857143, 0.072641, 6.604489
56.860281, 0.072641, 6.604489
56.863189, 0.072641, 6.604489
56.865672, 0.075190, 6.836216
56.867998, 0.075190, 6.836216
56.870964, 0.072641, 6.604489
56.874758, 0.075190, 6.836216
56.877194, 0.072641, 6.604489
56.879543, 0.072641, 6.604489
56.882907, 0.072641, 6.604489
56.885044, 0.072641, 6.604489
56.887230, 0.075190, 6.836216
56.890319, 0.072641, 6.604489
56.893504, 0.075190, 6.836216
56.895916, 0.072641, 6.604489
56.898234, 0.072641, 6.604489
56.901328, 0.075190, 6.836216
56.904139, 0.075190, 6.836216
56.906786, 0.072641, 6.604489
56.909366, 0.075190, 6.836216
56.912294, 0.072641, 6.604489
56.914964, 0.075190, 6.836216
56.917343, 0.072641, 6.604489
56.919737, 0.075190, 6.836216
56.922648, 0.075190, 6.836216
56.926582, 0.075190, 6.836216
56.928816, 0.075190, 6.836216
56.931023, 0.072641, 6.604489
56.933572, 0.072641, 6.604489
56.936717, 0.072641, 6.604489
56.939717, 0.072641, 6.604489
56.943754, 0.075190, 6.836216
56.947401, 0.072641, 6.604489
56.950025, 0.072641, 6.604489
56.952368, 0.075190, 6.836216
56.954775, 0.072641, 6.604489
56.957941, 0.072641, 6.604489
56.961108, 0.072641, 6.604489
56.963698, 0.075190, 6.836216
56.966115, 0.072641, 6.604489
56.968595, 0.075190, 6.836216
56.971119, 0.072641, 6.604489
56.974694, 0.072641, 6.604489
56.977089, 0.072641, 6.604489
56.979521, 0.075190, 6.836216
56.982040, 0.072641, 6.604489
56.984615, 0.075190, 6.836216
56.987215, 0.072641, 6.604489
56.990982, 0.072641, 6.604489
56.993427, 0.072641, 6.604489
56.995801, 0.072641, 6.604489
56.998534, 0.072641, 6.604489
57.002021, 0.072641, 6.604489
57.004227, 0.072641, 6.604489
57.007019, 0.075190, 6.836216
57.010047, 0.075190, 6.836216
57.012702, 0.072641, 6.604489
57.015289, 0.075190, 6.836216
57.017938, 0.072641, 6.604489
57.021617, 0.072641, 6.604489
57.023927, 0.072641, 6.604489
57.026205, 0.072641, 6.604489
57.028789, 0.072641, 6.604489
57.032595, 0.072641, 6.604489
57.034793, 0.075190, 6.836216
57.037307, 0.072641, 6.604489
57.041068, 0.072641, 6.604489
57.043895, 0.072641, 6.604489
57.046624, 0.072641, 6.604489
57.049346, 0.072641, 6.604489
57.053269, 0.072641, 6.604489
57.056670, 0.072641, 6.604489
57.059908, 0.072641, 6.604489
57.062176, 0.072641, 6.604489
57.064548, 0.072641, 6.604489
57.067345, 0.072641, 6.604489
57.070178, 0.072641, 6.604489
57.073472, 0.072641, 6.604489
57.076005, 0.072641, 6.604489
57.078315, 0.075190, 6.836216
57.081182, 0.072641, 6.604489
57.084073, 0.072641, 6.604489
57.086874, 0.072641, 6.604489
57.090566, 0.072641, 6.604489
57.092759, 0.072641, 6.604489
57.095205, 0.075190, 6.836216
57.098168, 0.072641, 6.604489
57.100833, 0.072641, 6.604489
57.103484, 0.072641, 6.604489
57.106537, 0.072641, 6.604489
57.109344, 0.072641, 6.604489
57.111617, 0.072641, 6.604489
57.113899, 0.072641, 6.604489
57.116308, 0.072641, 6.604489
57.119031, 0.072641, 6.604489
57.121796, 0.075190, 6.836216
57.124610, 0.075190, 6.836216
57.127353, 0.072641, 6.604489
57.130311, 0.072641, 6.604489
57.133081, 0.072641, 6.604489
57.135871, 0.075190, 6.836216
57.139518, 0.075190, 6.836216
57.142927, 0.072641, 6.604489
57.145150, 0.072641, 6.604489
57.147569, 0.075190, 6.836216
57.150153, 0.072641, 6.604489
57.152800, 0.075190, 6.836216
57.155465, 0.075190, 6.836216
57.158086, 0.075190, 6.836216
57.160954, 0.075190, 6.836216
57.163744, 0.072641, 6.604489
57.166567, 0.075190, 6.836216
57.169585, 0.072641, 6.604489
57.172496, 0.072641, 6.604489
57.175590, 0.075190, 6.836216
57.178625, 0.075190, 6.836216
57.181519, 0.075190, 6.836216
57.184371, 0.072641, 6.604489
57.187245, 0.072641, 6.604489
57.190236, 0.072641, 6.604489
57.193124, 0.072641, 6.604489
57.195999, 0.072641, 6.604489
57.198769, 0.072641, 6.604489
57.201405, 0.072641, 6.604489
57.204105, 0.072641, 6.604489
57.206896, 0.075190, 6.836216
57.209825, 0.075190, 6.836216
57.212789, 0.075190, 6.836216
57.215632, 0.075190, 6.836216
57.218933, 0.072641, 6.604489
57.221667, 0.075190, 6.836216
57.225259, 0.072641, 6.604489
57.227562, 0.075190, 6.836216
57.229906, 0.075190, 6.836216
57.232352, 0.075190, 6.836216
57.234878, 0.075190, 6.836216
57.237545, 0.075190, 6.836216
57.241342, 0.075190, 6.836216
57.243710, 0.075190, 6.836216
57.246057, 0.072641, 6.604489
57.249002, 0.072641, 6.604489
57.252072, 0.075190, 6.836216
57.254516, 0.075190, 6.836216
57.257227, 0.072641, 6.604489
57.260700, 0.075190, 6.836216
57.265118, 0.072641, 6.604489
57.269054, 0.072641, 6.604489
57.272345, 0.072641, 6.604489
57.275183, 0.072641, 6.604489
57.277673, 0.075190, 6.836216
57.281091, 0.075190, 6.836216
57.283311, 0.075190, 6.836216
57.285852, 0.075190, 6.836216
57.288524, 0.072641, 6.604489
57.291943, 0.072641, 6.604489
57.294141, 0.075190, 6.836216
57.296522, 0.075190, 6.836216
57.299356, 0.075190, 6.836216
57.302401, 0.072641, 6.604489
57.305541, 0.075190, 6.836216
57.308070, 0.075190, 6.836216
57.310646, 0.072641, 6.604489
57.313020, 0.075190, 6.836216
57.315512, 0.075190, 6.836216
57.318079, 0.075190, 6.836216
57.321501, 0.075190, 6.836216
57.325251, 0.075190, 6.836216
57.327269, 0.072641, 6.604489
57.329885, 0.072641, 6.604489
57.332636, 0.075190, 6.836216
57.335405, 0.072641, 6.604489
57.338087, 0.072641, 6.604489
57.341683, 0.072641, 6.604489
57.343857, 0.072641, 6.604489
57.346192, 0.072641, 6.604489
57.349198, 0.072641, 6.604489
57.352129, 0.072641, 6.604489
57.354342, 0.075190, 6.836216
57.357973, 0.075190, 6.836216
57.362362, 0.075190, 6.836216
57.364705, 0.072641, 6.604489
57.366849, 0.072641, 6.604489
57.369147, 0.072641, 6.604489
57.371924, 0.075190, 6.836216
57.374563, 0.072641, 6.604489
57.377160, 0.075190, 6.836216
57.379973, 0.075190, 6.836216
57.382591, 0.072641, 6.604489
57.385258, 0.072641, 6.604489
57.387928, 0.075190, 6.836216
57.390738, 0.075190, 6.836216
57.393381, 0.075190, 6.836216
57.395972, 0.072641, 6.604489
57.398567, 0.072641, 6.604489
57.401283, 0.072641, 6.604489
57.403890, 0.072641, 6.604489
57.406534, 0.075190, 6.836216
57.409205, 0.075190, 6.836216
57.412095, 0.072641, 6.604489
57.414838, 0.072641, 6.604489
57.417458, 0.072641, 6.604489
57.420220, 0.072641, 6.604489
57.422916, 0.072641, 6.604489
57.425749, 0.072641, 6.604489
57.428444, 0.072641, 6.604489
57.431182, 0.075190, 6.836216
57.433804, 0.075190, 6.836216
57.436372, 0.075190, 6.836216
57.438960, 0.072641, 6.604489
57.442260, 0.072641, 6.604489
57.445002, 0.072641, 6.604489
57.447705, 0.072641, 6.604489
57.450598, 0.075190, 6.836216
57.453469, 0.075190, 6.836216
57.456248, 0.072641, 6.604489
57.459054, 0.075190, 6.836216
57.461956, 0.075190, 6.836216
57.464692, 0.075190, 6.836216
57.467264, 0.072641, 6.604489
57.470071, 0.075190, 6.836216
57.473925, 0.072641, 6.604489
57.475993, 0.075190, 6.836216
57.478172, 0.072641, 6.604489
57.480767, 0.072641, 6.604489
57.483334, 0.075190, 6.836216
57.485987, 0.075190, 6.836216
57.488733, 0.072641, 6.604489
57.492595, 0.075190, 6.836216
57.494864, 0.075190, 6.836216
57.497548, 0.072641, 6.604489
57.500121, 0.075190, 6.836216
57.502719, 0.072641, 6.604489
57.505428, 0.075190, 6.836216
57.508256, 0.075190, 6.836216
57.511857, 0.072641, 6.604489
57.514074, 0.075190, 6.836216
57.516249, 0.075190, 6.836216
57.518609, 0.075190, 6.836216
57.522726, 0.072641, 6.604489
57.525526, 0.072641, 6.604489
57.527960, 0.072641, 6.604489
57.530422, 0.072641, 6.604489
57.532834, 0.072641, 6.604489
57.535242, 0.075190, 6.836216
57.537782, 0.072641, 6.604489
57.540908, 0.072641, 6.604489
57.543693, 0.072641, 6.604489
57.546391, 0.072641, 6.604489
57.549104, 0.075190, 6.836216
57.553171, 0.072641, 6.604489
57.556817, 0.072641, 6.604489
57.559790, 0.072641, 6.604489
57.562726, 0.072641, 6.604489
57.565794, 0.072641, 6.604489
57.568149, 0.072641, 6.604489
57.570428, 0.075190, 6.836216
57.573152, 0.075190, 6.836216
57.575747, 0.072641, 6.604489
57.578480, 0.072641, 6.604489
57.581521, 0.072641, 6.604489
57.584473, 0.075190, 6.836216
57.587337, 0.072641, 6.604489
57.591175, 0.072641, 6.604489
57.594566, 0.075190, 6.836216
57.597710, 0.072641, 6.604489
57.600726, 0.075190, 6.836216
57.603929, 0.075190, 6.836216
57.607715, 0.075190, 6.836216
57.610923, 0.072641, 6.604489
57.614109, 0.072641, 6.604489
57.617093, 0.072641, 6.604489
57.620090, 0.075190, 6.836216
57.623259, 0.072641, 6.604489
57.626281, 0.075190, 6.836216
57.629572, 0.072641, 6.604489
57.633313, 0.075190, 6.836216
57.637079, 0.075190, 6.836216
57.640808, 0.075190, 6.836216
57.644517, 0.075190, 6.836216
57.648151, 0.072641, 6.604489
57.651573, 0.075190, 6.836216
57.654916, 0.075190, 6.836216
57.657960, 0.072641, 6.604489
57.661269, 0.072641, 6.604489
57.664399, 0.075190, 6.836216
57.667167, 0.072641, 6.604489
57.670113, 0.075190, 6.836216
57.673061, 0.075190, 6.836216
57.675991, 0.072641, 6.604489
57.678966, 0.072641, 6.604489
57.681739, 0.075190, 6.836216
57.684437, 0.072641, 6.604489
57.687141, 0.075190, 6.836216
57.689908, 0.072641, 6.604489
57.692699, 0.072641, 6.604489
57.695382, 0.072641, 6.604489
57.698093, 0.072641, 6.604489
57.700916, 0.072641, 6.604489
57.703607, 0.072641, 6.604489
57.707372, 0.072641, 6.604489
57.710122, 0.072641, 6.604489
57.712448, 0.072641, 6.604489
57.715019, 0.075190, 6.836216
57.717759, 0.072641, 6.604489
57.721472, 0.075190, 6.836216
57.724230, 0.072641, 6.604489
57.726948, 0.075190, 6.836216
57.729968, 0.072641, 6.604489
57.732856, 0.072641, 6.604489
57.735362, 0.072641, 6.604489
57.737862, 0.072641, 6.604489
57.740523, 0.072641, 6.604489
57.743110, 0.072641, 6.604489
57.745815, 0.072641, 6.604489
57.748461, 0.072641, 6.604489
57.751267, 0.075190, 6.836216
57.754027, 0.075190, 6.836216
57.757549, 0.072641, 6.604489
57.761317, 0.072641, 6.604489
57.764207, 0.072641, 6.604489
57.766329, 0.072641, 6.604489
57.768548, 0.075190, 6.836216
57.771087, 0.075190, 6.836216
57.775062, 0.072641, 6.604489
57.777779, 0.072641, 6.604489
57.780261, 0.072641, 6.604489
57.783050, 0.072641, 6.604489
57.785160, 0.072641, 6.604489
57.787594, 0.072641, 6.604489
57.790788, 0.072641, 6.604489
57.793516, 0.072641, 6.604489
57.796220, 0.072641, 6.604489
57.798848, 0.072641, 6.604489
57.802568, 0.072641, 6.604489
57.805139, 0.072641, 6.604489
57.808907, 0.075190, 6.836216
57.812424, 0.072641, 6.604489
57.814642, 0.075190, 6.836216
57.816706, 0.072641, 6.604489
57.818967, 0.072641, 6.604489
57.821488, 0.072641, 6.604489
57.824897, 0.072641, 6.604489
57.827136, 0.072641, 6.604489
57.829897, 0.072641, 6.604489
57.833630, 0.075190, 6.836216
57.837297, 0.072641, 6.604489
57.842900, 0.075190, 6.836216
57.845678, 0.072641, 6.604489
57.849261, 0.075190, 6.836216
57.852859, 0.072641, 6.604489
57.857320, 0.075190, 6.836216
57.861744, 0.072641, 6.604489
57.864934, 0.072641, 6.604489
57.870252, 0.072641, 6.604489
57.874121, 0.072641, 6.604489
57.878378, 0.072641, 6.604489
57.881121, 0.072641, 6.604489
57.883896, 0.072641, 6.604489
57.887489, 0.072641, 6.604489
57.895094, 0.075190, 6.836216
57.903928, 0.072641, 6.604489
57.908237, 0.075190, 6.836216
57.911483, 0.072641, 6.604489
57.914443, 0.072641, 6.604489
57.917448, 0.075190, 6.836216
57.920471, 0.075190, 6.836216
57.926634, 0.075190, 6.836216
57.929166, 0.075190, 6.836216
57.931731, 0.072641, 6.604489
57.934299, 0.072641, 6.604489
57.936907, 0.072641, 6.604489
57.939667, 0.075190, 6.836216
57.942602, 0.072641, 6.604489
57.945229, 0.075190, 6.836216
57.947812, 0.072641, 6.604489
57.950390, 0.072641, 6.604489
57.954098, 0.072641, 6.604489
57.957552, 0.072641, 6.604489
57.961230, 0.075190, 6.836216
57.964098, 0.072641, 6.604489
57.966442, 0.072641, 6.604489
57.968819, 0.075190, 6.836216
57.971435, 0.072641, 6.604489
57.975700, 0.072641, 6.604489
57.978782, 0.072641, 6.604489
57.981189, 0.075190, 6.836216
57.985425, 0.072641, 6.604489
57.990357, 0.072641, 6.604489
57.993519, 0.072641, 6.604489
57.996580, 0.072641, 6.604489
57.999559, 0.072641, 6.604489
58.003478, 0.075190, 6.836216
58.007014, 0.075190, 6.836216
58.009502, 0.075190, 6.836216
58.011998, 0.075190, 6.836216
58.014662, 0.072641, 6.604489
58.017483, 0.075190, 6.836216
58.020327, 0.072641, 6.604489
58.024303, 0.072641, 6.604489
58.026973, 0.072641, 6.604489
58.029803, 0.075190, 6.836216
58.032821, 0.072641, 6.604489
58.035636, 0.072641, 6.604489
58.038611, 0.072641, 6.604489
58.041663, 0.072641, 6.604489
58.044682, 0.072641, 6.604489
58.047530, 0.075190, 6.836216
58.050317, 0.075190, 6.836216
58.053205, 0.072641, 6.604489
58.056162, 0.072641, 6.604489
58.059230, 0.072641, 6.604489
58.062097, 0.075190, 6.836216
58.064960, 0.075190, 6.836216
58.067885, 0.072641, 6.604489
58.070744, 0.072641, 6.604489
58.073561, 0.075190, 6.836216
58.076525, 0.072641, 6.604489
58.079387, 0.072641, 6.604489
58.081619, 0.072641, 6.604489
58.084113, 0.072641, 6.604489
58.086833, 0.072641, 6.604489
58.089760, 0.075190, 6.836216
58.092697, 0.075190, 6.836216
58.095993, 0.072641, 6.604489
58.098999, 0.072641, 6.604489
58.101691, 0.072641, 6.604489
58.104473, 0.072641, 6.604489
58.107302, 0.072641, 6.604489
58.110316, 0.075190, 6.836216
58.113646, 0.072641, 6.604489
58.117029, 0.075190, 6.836216
58.120130, 0.072641, 6.604489
58.123715, 0.075190, 6.836216
58.126903, 0.075190, 6.836216
58.129839, 0.075190, 6.836216
58.133653, 0.075190, 6.836216
58.136113, 0.075190, 6.836216
58.138678, 0.075190, 6.836216
58.141470, 0.072641, 6.604489
58.144099, 0.072641, 6.604489
58.147525, 0.072641, 6.604489
58.150397, 0.075190, 6.836216
58.153192, 0.075190, 6.836216
58.156500, 0.072641, 6.604489
58.159265, 0.075190, 6.836216
58.162563, 0.072641, 6.604489
58.165876, 0.075190, 6.836216
58.168920, 0.072641, 6.604489
58.171756, 0.075190, 6.836216
58.175083, 0.072641, 6.604489
58.178021, 0.075190, 6.836216
58.180925, 0.072641, 6.604489
58.183814, 0.072641, 6.604489
58.186501, 0.075190, 6.836216
58.189458, 0.072641, 6.604489
58.192646, 0.075190, 6.836216
58.195792, 0.072641, 6.604489
58.198661, 0.072641, 6.604489
58.201418, 0.072641, 6.604489
58.204122, 0.072641, 6.604489
58.206998, 0.072641, 6.604489
58.209692, 0.075190, 6.836216
58.212317, 0.072641, 6.604489
58.214919, 0.072641, 6.604489
58.218084, 0.075190, 6.836216
58.220564, 0.072641, 6.604489
58.223232, 0.072641, 6.604489
58.225863, 0.072641, 6.604489
58.228593, 0.075190, 6.836216
58.231225, 0.072641, 6.604489
58.233723, 0.072641, 6.604489
58.236559, 0.072641, 6.604489
58.239965, 0.075190, 6.836216
58.243054, 0.075190, 6.836216
58.246068, 0.072641, 6.604489
58.249015, 0.072641, 6.604489
58.251326, 0.075190, 6.836216
58.253753, 0.072641, 6.604489
58.257509, 0.072641, 6.604489
58.260378, 0.072641, 6.604489
58.262671, 0.072641, 6.604489
58.264920, 0.075190, 6.836216
58.268450, 0.072641, 6.604489
58.270862, 0.075190, 6.836216
58.273371, 0.072641, 6.604489
58.276014, 0.072641, 6.604489
58.278644, 0.072641, 6.604489
58.281134, 0.072641, 6.604489
58.283633, 0.072641, 6.604489
58.286963, 0.072641, 6.604489
58.289960, 0.072641, 6.604489
58.292249, 0.075190, 6.836216
58.294553, 0.072641, 6.604489
58.297135, 0.072641, 6.604489
58.300517, 0.075190, 6.836216
58.303296, 0.072641, 6.604489
58.305586, 0.075190, 6.836216
58.309896, 0.072641, 6.604489
58.313592, 0.072641, 6.604489
58.317487, 0.075190, 6.836216
58.320166, 0.072641, 6.604489
58.322346, 0.072641, 6.604489
58.324774, 0.072641, 6.604489
58.328166, 0.072641, 6.604489
58.331473, 0.072641, 6.604489
58.334094, 0.072641, 6.604489
58.336357, 0.075190, 6.836216
58.338585, 0.075190, 6.836216
58.341937, 0.075190, 6.836216
58.344229, 0.072641, 6.604489
58.347621, 0.072641, 6.604489
58.350190, 0.072641, 6.604489
58.352418, 0.072641, 6.604489
58.354898, 0.072641, 6.604489
58.358391, 0.075190, 6.836216
58.360520, 0.072641, 6.604489
58.362844, 0.072641, 6.604489
58.365409, 0.075190, 6.836216
58.369010, 0.075190, 6.836216
58.371396, 0.072641, 6.604489
58.374681, 0.075190, 6.836216
58.376930, 0.075190, 6.836216
58.379308, 0.072641, 6.604489
58.381841, 0.072641, 6.604489
58.384371, 0.075190, 6.836216
58.387041, 0.072641, 6.604489
58.389793, 0.072641, 6.604489
58.392554, 0.072641, 6.604489
58.395325, 0.072641, 6.604489
58.398392, 0.075190, 6.836216
58.401043, 0.072641, 6.604489
58.403563, 0.072641, 6.604489
58.406191, 0.075190, 6.836216
58.408881, 0.075190, 6.836216
58.411674, 0.075190, 6.836216
58.414194, 0.072641, 6.604489
58.416755, 0.072641, 6.604489
58.419487, 0.075190, 6.836216
58.422112, 0.072641, 6.604489
58.424808, 0.072641, 6.604489
58.427498, 0.072641, 6.604489
58.430042, 0.072641, 6.604489
58.432734, 0.072641, 6.604489
58.435256, 0.075190, 6.836216
58.437885, 0.072641, 6.604489
58.440571, 0.072641, 6.604489
58.443209, 0.075190, 6.836216
58.445887, 0.072641, 6.604489
58.448697, 0.072641, 6.604489
58.451310, 0.075190, 6.836216
58.453913, 0.075190, 6.836216
58.456478, 0.075190, 6.836216
58.459564, 0.075190, 6.836216
58.462444, 0.075190, 6.836216
58.465147, 0.072641, 6.604489
58.467779, 0.075190, 6.836216
58.470440, 0.072641, 6.604489
58.473206, 0.072641, 6.604489
58.475801, 0.072641, 6.604489
58.478605, 0.072641, 6.604489
58.481308, 0.072641, 6.604489
58.483981, 0.075190, 6.836216
58.486525, 0.072641, 6.604489
58.489517, 0.075190, 6.836216
58.492424, 0.075190, 6.836216
58.495133, 0.072641, 6.604489
58.497657, 0.072641, 6.604489
58.500281, 0.075190, 6.836216
58.503050, 0.075190, 6.836216
58.505541, 0.072641, 6.604489
58.510500, 0.075190, 6.836216
58.512670, 0.075190, 6.836216
58.514776, 0.072641, 6.604489
58.516981, 0.072641, 6.604489
58.519446, 0.072641, 6.604489
58.522179, 0.075190, 6.836216
58.524847, 0.072641, 6.604489
58.527488, 0.072641, 6.604489
58.530985, 0.075190, 6.836216
58.533776, 0.075190, 6.836216
58.536387, 0.075190, 6.836216
58.539681, 0.072641, 6.604489
58.542260, 0.075190, 6.836216
58.544815, 0.072641, 6.604489
58.547348, 0.075190, 6.836216
58.550225, 0.075190, 6.836216
58.552478, 0.075190, 6.836216
58.554766, 0.075190, 6.836216
58.557937, 0.072641, 6.604489
58.560756, 0.075190, 6.836216
58.562802, 0.072641, 6.604489
58.565221, 0.075190, 6.836216
58.567899, 0.075190, 6.836216
58.570680, 0.072641, 6.604489
58.573891, 0.072641, 6.604489
58.576439, 0.075190, 6.836216
58.578690, 0.075190, 6.836216
58.581473, 0.075190, 6.836216
58.583970, 0.072641, 6.604489
58.586502, 0.072641, 6.604489
58.589135, 0.072641, 6.604489
58.591748, 0.072641, 6.604489
58.594377, 0.075190, 6.836216
58.597026, 0.075190, 6.836216
58.600239, 0.072641, 6.604489
58.603424, 0.072641, 6.604489
58.606278, 0.072641, 6.604489
58.608532, 0.075190, 6.836216
58.612047, 0.075190, 6.836216
58.615227, 0.075190, 6.836216
58.617734, 0.075190, 6.836216
58.620813, 0.072641, 6.604489
58.623030, 0.075190, 6.836216
58.625330, 0.072641, 6.604489
58.627805, 0.072641, 6.604489
58.630976, 0.072641, 6.604489
58.633328, 0.072641, 6.604489
58.635780, 0.072641, 6.604489
58.638249, 0.075190, 6.836216
58.641879, 0.072641, 6.604489
58.645099, 0.075190, 6.836216
58.647925, 0.075190, 6.836216
58.650578, 0.072641, 6.604489
58.653253, 0.075190, 6.836216
58.655871, 0.075190, 6.836216
58.659415, 0.075190, 6.836216
58.662375, 0.075190, 6.836216
58.665119, 0.075190, 6.836216
58.667885, 0.072641, 6.604489
58.671091, 0.072641, 6.604489
58.674887, 0.072641, 6.604489
58.677385, 0.075190, 6.836216
58.679822, 0.075190, 6.836216
58.682313, 0.072641, 6.604489
58.684931, 0.072641, 6.604489
58.687605, 0.075190, 6.836216
58.691325, 0.075190, 6.836216
58.693576, 0.075190, 6.836216
58.695884, 0.075190, 6.836216
58.698285, 0.075190, 6.836216
58.701092, 0.072641, 6.604489
58.703811, 0.075190, 6.836216
58.707031, 0.075190, 6.836216
58.711255, 0.075190, 6.836216
58.713283, 0.072641, 6.604489
58.715402, 0.072641, 6.604489
58.717953, 0.072641, 6.604489
58.720793, 0.075190, 6.836216
58.723836, 0.072641, 6.604489
58.726618, 0.075190, 6.836216
58.729595, 0.072641, 6.604489
58.732661, 0.072641, 6.604489
58.734788, 0.072641, 6.604489
58.736999, 0.075190, 6.836216
58.741000, 0.075190, 6.836216
58.743359, 0.072641, 6.604489
58.745573, 0.072641, 6.604489
58.748134, 0.075190, 6.836216
58.751014, 0.072641, 6.604489
58.753894, 0.075190, 6.836216
58.757054, 0.072641, 6.604489
58.759342, 0.072641, 6.604489
58.761864, 0.075190, 6.836216
58.764324, 0.075190, 6.836216
58.766902, 0.075190, 6.836216
58.769529, 0.075190, 6.836216
58.774651, 0.072641, 6.604489
58.777131, 0.072641, 6.604489
58.779612, 0.072641, 6.604489
58.782224, 0.072641, 6.604489
58.784980, 0.072641, 6.604489
58.787913, 0.075190, 6.836216
58.791590, 0.075190, 6.836216
58.794115, 0.075190, 6.836216
58.796444, 0.072641, 6.604489
58.798900, 0.072641, 6.604489
58.801661, 0.075190, 6.836216
58.807002, 0.072641, 6.604489
58.809080, 0.072641, 6.604489
58.811414, 0.075190, 6.836216
58.813920, 0.075190, 6.836216
58.817217, 0.072641, 6.604489
58.819705, 0.075190, 6.836216
58.821956, 0.075190, 6.836216
58.825530, 0.075190, 6.836216
58.828762, 0.075190, 6.836216
58.831231, 0.072641, 6.604489
58.833491, 0.075190, 6.836216
58.835812, 0.075190, 6.836216
58.838394, 0.075190, 6.836216
58.840958, 0.075190, 6.836216
58.843608, 0.072641, 6.604489
58.846168, 0.075190, 6.836216
58.848946, 0.075190, 6.836216
58.851637, 0.075190, 6.836216
58.854362, 0.075190, 6.836216
58.857055, 0.075190, 6.836216
58.860067, 0.075190, 6.836216
58.862736, 0.072641, 6.604489
58.865268, 0.075190, 6.836216
58.867859, 0.072641, 6.604489
58.870683, 0.075190, 6.836216
58.874164, 0.075190, 6.836216
58.876508, 0.075190, 6.836216
58.878881, 0.075190, 6.836216
58.881383, 0.075190, 6.836216
58.883968, 0.075190, 6.836216
58.886523, 0.075190, 6.836216
58.889248, 0.075190, 6.836216
58.892162, 0.072641, 6.604489
58.894780, 0.072641, 6.604489
58.897463, 0.072641, 6.604489
58.901436, 0.075190, 6.836216
58.904520, 0.075190, 6.836216
58.907654, 0.075190, 6.836216
58.911170, 0.075190, 6.836216
58.913282, 0.075190, 6.836216
58.915521, 0.075190, 6.836216
58.918018, 0.072641, 6.604489
58.920661, 0.075190, 6.836216
58.923383, 0.072641, 6.604489
58.925875, 0.075190, 6.836216
58.928429, 0.072641, 6.604489
58.931084, 0.075190, 6.836216
58.933687, 0.075190, 6.836216
58.936269, 0.075190, 6.836216
58.938932, 0.072641, 6.604489
58.941800, 0.075190, 6.836216
58.944550, 0.075190, 6.836216
58.947659, 0.075190, 6.836216
58.950494, 0.075190, 6.836216
58.953242, 0.072641, 6.604489
58.956029, 0.075190, 6.836216
58.958625, 0.075190, 6.836216
58.961319, 0.072641, 6.604489
58.963968, 0.072641, 6.604489
58.966523, 0.075190, 6.836216
58.969038, 0.075190, 6.836216
58.972684, 0.072641, 6.604489
58.974818, 0.075190, 6.836216
58.977078, 0.075190, 6.836216
58.979521, 0.072641, 6.604489
58.982858, 0.075190, 6.836216
58.985007, 0.072641, 6.604489
58.987250, 0.075190, 6.836216
58.990914, 0.075190, 6.836216
58.993667, 0.072641, 6.604489
58.995789, 0.075190, 6.836216
58.998240, 0.075190, 6.836216
59.000852, 0.075190, 6.836216
59.003734, 0.075190, 6.836216
59.006632, 0.072641, 6.604489
59.009370, 0.072641, 6.604489
59.012232, 0.072641, 6.604489
59.014999, 0.075190, 6.836216
59.017765, 0.072641, 6.604489
59.020303, 0.075190, 6.836216
59.023072, 0.072641, 6.604489
59.025711, 0.075190, 6.836216
59.028403, 0.072641, 6.604489
59.030924, 0.075190, 6.836216
59.033520, 0.072641, 6.604489
59.036168, 0.075190, 6.836216
59.038681, 0.075190, 6.836216
59.041344, 0.075190, 6.836216
59.044125, 0.072641, 6.604489
59.046794, 0.075190, 6.836216
59.049306, 0.075190, 6.836216
59.052015, 0.075190, 6.836216
59.054766, 0.075190, 6.836216
59.057649, 0.075190, 6.836216
59.060235, 0.072641, 6.604489
59.062818, 0.072641, 6.604489
59.065469, 0.075190, 6.836216
59.068167, 0.075190, 6.836216
59.070668, 0.075190, 6.836216
59.074308, 0.075190, 6.836216
59.076800, 0.075190, 6.836216
59.079177, 0.075190, 6.836216
59.081635, 0.072641, 6.604489
59.085214, 0.072641, 6.604489
59.087613, 0.075190, 6.836216
59.091189, 0.075190, 6.836216
59.094631, 0.072641, 6.604489
59.096565, 0.075190, 6.836216
59.098638, 0.075190, 6.836216
59.101029, 0.072641, 6.604489
59.103568, 0.072641, 6.604489
59.106508, 0.072641, 6.604489
59.109078, 0.072641, 6.604489
59.113357, 0.075190, 6.836216
59.115888, 0.075190, 6.836216
59.118003, 0.072641, 6.604489
59.120310, 0.075190, 6.836216
59.122987, 0.075190, 6.836216
59.125709, 0.075190, 6.836216
59.128526, 0.072641, 6.604489
59.131188, 0.072641, 6.604489
59.134797, 0.072641, 6.604489
59.137327, 0.075190, 6.836216
59.139912, 0.075190, 6.836216
59.142795, 0.075190, 6.836216
59.145565, 0.075190, 6.836216
59.147951, 0.075190, 6.836216
59.150285, 0.072641, 6.604489
59.153897, 0.072641, 6.604489
59.157357, 0.075190, 6.836216
59.160000, 0.072641, 6.604489
59.162262, 0.075190, 6.836216
59.164525, 0.075190, 6.836216
59.166840, 0.072641, 6.604489
59.169190, 0.075190, 6.836216
59.172324, 0.072641, 6.604489
59.175923, 0.075190, 6.836216
59.178790, 0.075190, 6.836216
59.181438, 0.075190, 6.836216
59.184004, 0.075190, 6.836216
59.186656, 0.072641, 6.604489
59.189722, 0.072641, 6.604489
59.192784, 0.072641, 6.604489
59.195040, 0.072641, 6.604489
59.197522, 0.075190, 6.836216
59.200206, 0.075190, 6.836216
59.203125, 0.075190, 6.836216
59.207354, 0.075190, 6.836216
59.209626, 0.075190, 6.836216
59.213622, 0.075190, 6.836216
59.220087, 0.072641, 6.604489
59.224484, 0.075190, 6.836216
59.227891, 0.075190, 6.836216
59.230272, 0.075190, 6.836216
59.232451, 0.072641, 6.604489
59.234671, 0.072641, 6.604489
59.237079, 0.075190, 6.836216
59.239609, 0.075190, 6.836216
59.242258, 0.072641, 6.604489
59.244891, 0.075190, 6.836216
59.247729, 0.075190, 6.836216
59.250355, 0.075190, 6.836216
59.253157, 0.075190, 6.836216
59.255823, 0.075190, 6.836216
59.258658, 0.075190, 6.836216
59.261523, 0.072641, 6.604489
59.264399, 0.072641, 6.604489
59.267050, 0.075190, 6.836216
59.269686, 0.075190, 6.836216
59.272675, 0.075190, 6.836216
59.275428, 0.075190, 6.836216
59.278092, 0.072641, 6.604489
59.280617, 0.075190, 6.836216
59.283201, 0.072641, 6.604489
59.285788, 0.075190, 6.836216
59.288564, 0.075190, 6.836216
59.291314, 0.075190, 6.836216
59.294778, 0.075190, 6.836216
59.296842, 0.075190, 6.836216
59.298991, 0.075190, 6.836216
59.301404, 0.075190, 6.836216
59.304102, 0.075190, 6.836216
59.307452, 0.072641, 6.604489
59.309636, 0.075190, 6.836216
59.312140, 0.075190, 6.836216
59.316420, 0.075190, 6.836216
59.320274, 0.075190, 6.836216
59.323913, 0.075190, 6.836216
59.326972, 0.075190, 6.836216
59.329776, 0.075190, 6.836216
59.332554, 0.075190, 6.836216
59.335392, 0.072641, 6.604489
59.338362, 0.075190, 6.836216
59.343052, 0.075190, 6.836216
59.346469, 0.075190, 6.836216
59.348970, 0.075190, 6.836216
59.351257, 0.072641, 6.604489
59.353581, 0.075190, 6.836216
59.356326, 0.075190, 6.836216
59.358638, 0.075190, 6.836216
59.360908, 0.075190, 6.836216
59.364503, 0.075190, 6.836216
59.367751, 0.075190, 6.836216
59.371336, 0.075190, 6.836216
59.375572, 0.075190, 6.836216
59.378290, 0.075190, 6.836216
59.380828, 0.075190, 6.836216
59.383280, 0.075190, 6.836216
59.385731, 0.075190, 6.836216
59.388304, 0.075190, 6.836216
59.391064, 0.075190, 6.836216
59.393600, 0.072641, 6.604489
59.396134, 0.075190, 6.836216
59.399260, 0.075190, 6.836216
59.402330, 0.075190, 6.836216
59.405300, 0.075190, 6.836216
59.407771, 0.075190, 6.836216
59.410205, 0.075190, 6.836216
59.412556, 0.075190, 6.836216
59.415003, 0.075190, 6.836216
59.417708, 0.075190, 6.836216
59.420653, 0.075190, 6.836216
59.423269, 0.075190, 6.836216
59.427197, 0.075190, 6.836216
59.431128, 0.075190, 6.836216
59.434686, 0.075190, 6.836216
59.437931, 0.075190, 6.836216
59.441164, 0.075190, 6.836216
59.444328, 0.075190, 6.836216
59.447187, 0.075190, 6.836216
59.449867, 0.075190, 6.836216
59.453149, 0.075190, 6.836216
59.456131, 0.075190, 6.836216
59.458475, 0.072641, 6.604489
59.460937, 0.075190, 6.836216
59.463610, 0.075190, 6.836216
59.466339, 0.075190, 6.836216
59.469106, 0.075190, 6.836216
59.472176, 0.075190, 6.836216
59.476361, 0.075190, 6.836216
59.478292, 0.075190, 6.836216
59.480456, 0.075190, 6.836216
59.483033, 0.075190, 6.836216
59.485603, 0.075190, 6.836216
59.488095, 0.075190, 6.836216
59.490324, 0.075190, 6.836216
59.493748, 0.075190, 6.836216
59.495876, 0.075190, 6.836216
59.498331, 0.075190, 6.836216
59.500989, 0.075190, 6.836216
59.503794, 0.075190, 6.836216
59.506595, 0.075190, 6.836216
59.509323, 0.075190, 6.836216
59.512491, 0.075190, 6.836216
59.515980, 0.075190, 6.836216
59.518635, 0.075190, 6.836216
59.520913, 0.075190, 6.836216
59.523887, 0.072641, 6.604489
59.527068, 0.075190, 6.836216
59.529631, 0.075190, 6.836216
59.533279, 0.075190, 6.836216
59.536146, 0.075190, 6.836216
59.542285, 0.075190, 6.836216
59.546132, 0.075190, 6.836216
59.549127, 0.075190, 6.836216
59.551674, 0.075190, 6.836216
59.554034, 0.075190, 6.836216
59.556414, 0.075190, 6.836216
59.559698, 0.075190, 6.836216
59.562822, 0.075190, 6.836216
59.565253, 0.075190, 6.836216
59.567616, 0.075190, 6.836216
59.570116, 0.075190, 6.836216
59.572784, 0.075190, 6.836216
59.575483, 0.075190, 6.836216
59.578237, 0.075190, 6.836216
59.581013, 0.072641, 6.604489
59.583860, 0.075190, 6.836216
59.586625, 0.075190, 6.836216
59.589456, 0.075190, 6.836216
59.592709, 0.075190, 6.836216
59.595063, 0.075190, 6.836216
59.597734, 0.075190, 6.836216
59.600142, 0.075190, 6.836216
59.602832, 0.075190, 6.836216
59.605497, 0.075190, 6.836216
59.608705, 0.075190, 6.836216
59.611242, 0.075190, 6.836216
59.614685, 0.075190, 6.836216
59.616897, 0.075190, 6.836216
59.619323, 0.075190, 6.836216
59.622113, 0.075190, 6.836216
59.624882, 0.075190, 6.836216
59.627638, 0.075190, 6.836216
59.630361, 0.075190, 6.836216
59.633213, 0.072641, 6.604489
59.635928, 0.075190, 6.836216
59.638625, 0.075190, 6.836216
59.641336, 0.075190, 6.836216
59.644057, 0.075190, 6.836216
59.646756, 0.075190, 6.836216
59.649612, 0.075190, 6.836216
59.652309, 0.075190, 6.836216
59.654935, 0.075190, 6.836216
59.657543, 0.072641, 6.604489
59.660241, 0.075190, 6.836216
59.664091, 0.075190, 6.836216
59.666384, 0.075190, 6.836216
59.668698, 0.075190, 6.836216
59.671062, 0.075190, 6.836216
59.673751, 0.075190, 6.836216
59.676394, 0.075190, 6.836216
59.679098, 0.075190, 6.836216
59.682227, 0.075190, 6.836216
59.684633, 0.075190, 6.836216
59.686822, 0.075190, 6.836216
59.689052, 0.072641, 6.604489
59.691719, 0.075190, 6.836216
59.694338, 0.075190, 6.836216
59.696931, 0.075190, 6.836216
59.699538, 0.075190, 6.836216
59.702878, 0.072641, 6.604489
59.706987, 0.075190, 6.836216
59.709353, 0.075190, 6.836216
59.711804, 0.075190, 6.836216
59.714236, 0.075190, 6.836216
59.717270, 0.075190, 6.836216
59.720163, 0.075190, 6.836216
59.723462, 0.075190, 6.836216
59.725715, 0.075190, 6.836216
59.728114, 0.075190, 6.836216
59.730776, 0.075190, 6.836216
59.734386, 0.075190, 6.836216
59.736687, 0.075190, 6.836216
59.739579, 0.075190, 6.836216
59.742164, 0.075190, 6.836216
59.744544, 0.075190, 6.836216
59.747020, 0.075190, 6.836216
59.750912, 0.075190, 6.836216
59.754045, 0.072641, 6.604489
59.756777, 0.075190, 6.836216
59.759159, 0.075190, 6.836216
59.761586, 0.075190, 6.836216
59.764091, 0.075190, 6.836216
59.766733, 0.075190, 6.836216
59.770303, 0.075190, 6.836216
59.772693, 0.075190, 6.836216
59.774924, 0.075190, 6.836216
59.777385, 0.075190, 6.836216
59.780105, 0.075190, 6.836216
59.782812, 0.075190, 6.836216
59.785453, 0.075190, 6.836216
59.789138, 0.072641, 6.604489
59.791904, 0.075190, 6.836216
59.794601, 0.075190, 6.836216
59.797154, 0.075190, 6.836216
59.800708, 0.075190, 6.836216
59.802832, 0.075190, 6.836216
59.804972, 0.075190, 6.836216
59.807447, 0.075190, 6.836216
59.810087, 0.075190, 6.836216
59.812731, 0.075190, 6.836216
59.815327, 0.075190, 6.836216
59.817904, 0.075190, 6.836216
59.821036, 0.075190, 6.836216
59.824592, 0.075190, 6.836216
59.826786, 0.075190, 6.836216
59.828992, 0.075190, 6.836216
59.831475, 0.072641, 6.604489
59.834008, 0.075190, 6.836216
59.836576, 0.075190, 6.836216
59.840108, 0.075190, 6.836216
59.842392, 0.075190, 6.836216
59.844684, 0.075190, 6.836216
59.847083, 0.075190, 6.836216
59.850370, 0.075190, 6.836216
59.852444, 0.075190, 6.836216
59.854701, 0.075190, 6.836216
59.858073, 0.075190, 6.836216
59.860722, 0.075190, 6.836216
59.863315, 0.075190, 6.836216
59.865846, 0.075190, 6.836216
59.869756, 0.075190, 6.836216
59.872624, 0.075190, 6.836216
59.875925, 0.075190, 6.836216
59.879267, 0.075190, 6.836216
59.882368, 0.075190, 6.836216
59.885307, 0.075190, 6.836216
59.888512, 0.075190, 6.836216
59.891903, 0.075190, 6.836216
59.894424, 0.075190, 6.836216
59.896991, 0.072641, 6.604489
59.899887, 0.075190, 6.836216
59.902733, 0.075190, 6.836216
59.905473, 0.075190, 6.836216
59.908376, 0.075190, 6.836216
59.911353, 0.075190, 6.836216
59.914284, 0.075190, 6.836216
59.917097, 0.075190, 6.836216
59.919979, 0.075190, 6.836216
59.923256, 0.075190, 6.836216
59.926086, 0.075190, 6.836216
59.928914, 0.075190, 6.836216
59.931744, 0.075190, 6.836216
59.934516, 0.075190, 6.836216
59.937481, 0.075190, 6.836216
59.940456, 0.075190, 6.836216
59.943368, 0.075190, 6.836216
59.946171, 0.075190, 6.836216
59.949047, 0.075190, 6.836216
59.951735, 0.075190, 6.836216
59.954329, 0.075190, 6.836216
59.957205, 0.075190, 6.836216
59.960161, 0.075190, 6.836216
59.963024, 0.075190, 6.836216
59.965646, 0.072641, 6.604489
59.968339, 0.075190, 6.836216
59.971059, 0.075190, 6.836216
59.973868, 0.075190, 6.836216
59.976573, 0.075190, 6.836216
59.981174, 0.075190, 6.836216
59.983674, 0.075190, 6.836216
59.986317, 0.075190, 6.836216
59.989101, 0.075190, 6.836216
59.991996, 0.075190, 6.836216
59.994738, 0.075190, 6.836216
59.997803, 0.075190, 6.836216
60.000535, 0.075190, 6.836216
